#  3D Slicer output. SPACE=RAS

mtllib Lesion.mtl

v -5.982466697692871 -34.48717498779297 85.1654052734375
v -6.7833428382873535 -34.43191909790039 85.21485137939453
v -7.429116725921631 -34.370033264160156 85.37068176269531
v -5.734662055969238 -35.31172180175781 85.18190002441406
v -6.58488130569458 -35.31589889526367 85.10596466064453
v -7.519172191619873 -35.21285629272461 85.30178833007812
v -5.569097518920898 -36.26095199584961 85.26649475097656
v -6.413397789001465 -36.249332427978516 85.09756469726562
v -7.352878093719482 -36.229793548583984 85.18269348144531
v -8.333152770996094 -36.18178176879883 85.53522491455078
v -5.4793219566345215 -37.23456954956055 85.4030532836914
v -6.301069259643555 -37.210479736328125 85.16974639892578
v -7.228545188903809 -37.204811096191406 85.1563949584961
v -8.190729141235352 -37.181640625 85.37812042236328
v -9.00503921508789 -37.09889221191406 85.75558471679688
v -5.435695171356201 -38.22465896606445 85.56808471679688
v -6.237716197967529 -38.18510437011719 85.30040740966797
v -7.143243312835693 -38.174530029296875 85.21875762939453
v -8.107325553894043 -38.16719436645508 85.35255432128906
v -9.117431640625 -38.10688781738281 85.73873138427734
v -5.407071590423584 -39.229766845703125 85.74219512939453
v -6.200963973999023 -39.1727180480957 85.46578979492188
v -7.081131935119629 -39.14079284667969 85.34498596191406
v -8.002674102783203 -39.131526947021484 85.40438079833984
v -8.925491333007812 -39.1162109375 85.66650390625
v -9.754585266113281 -39.08028030395508 86.08597564697266
v -5.364394664764404 -40.238834381103516 85.91831970214844
v -6.161738395690918 -40.17049789428711 85.65071105957031
v -7.034005641937256 -40.11060333251953 85.52055358886719
v -7.9083428382873535 -40.05488204956055 85.52995300292969
v -8.77046012878418 -40.048248291015625 85.72798156738281
v -9.6100435256958 -39.991695404052734 86.12085723876953
v -5.285488128662109 -41.21818161010742 86.10370635986328
v -6.0858354568481445 -41.154850006103516 85.85295104980469
v -6.969758033752441 -41.08498764038086 85.73767852783203
v -7.859889507293701 -40.98395538330078 85.74309539794922
v -8.570892333984375 -40.80296325683594 85.82064056396484
v -9.383912086486816 -41.009952545166016 86.23214721679688
v -5.166379928588867 -42.110931396484375 86.31523895263672
v -5.947643756866455 -42.0745964050293 86.08258056640625
v -6.837396621704102 -42.02443313598633 85.98828887939453
v -7.768413066864014 -41.93712615966797 86.02791595458984
v -8.731301307678223 -41.743770599365234 86.18929290771484
v -5.024309158325195 -42.840538024902344 86.56730651855469
v -5.742054462432861 -42.860069274902344 86.36271667480469
v -6.615992069244385 -42.85869598388672 86.2791519165039
v -7.542119979858398 -42.816349029541016 86.3341064453125
v -8.465056419372559 -42.72053527832031 86.54244232177734
v -4.895707130432129 -43.2940673828125 86.83888244628906
v -5.471058368682861 -43.436405181884766 86.73112487792969
v -6.325196266174316 -43.52735900878906 86.64225769042969
v -7.240828037261963 -43.54113006591797 86.67534637451172
v -8.137149810791016 -43.495697021484375 86.86663055419922
v -5.9825544357299805 -32.30341720581055 85.76618194580078
v -6.703616619110107 -32.19569396972656 85.79733276367188
v -7.27581787109375 -32.18574142456055 85.91442108154297
v -5.676262378692627 -33.90984344482422 85.28157043457031
v -6.214229106903076 -33.725669860839844 85.30204772949219
v -7.185943126678467 -33.50858688354492 85.53510284423828
v -5.504830360412598 -33.18935012817383 85.57320404052734
v -6.417099475860596 -32.91211700439453 85.53634643554688
v -7.055844306945801 -32.66645431518555 85.6883544921875
v -5.248172760009766 -34.300113677978516 85.42328643798828
v -7.799650192260742 -34.03575897216797 85.62372589111328
v -4.755542755126953 -33.53983688354492 85.86627197265625
v -8.266995429992676 -34.258262634277344 85.85633087158203
v -4.997048854827881 -35.32392120361328 85.51641845703125
v -7.941170692443848 -34.65456008911133 85.5384521484375
v -8.35700798034668 -35.257957458496094 85.69214630126953
v -4.566917419433594 -34.437007904052734 85.91935729980469
v -8.314852714538574 -34.731773376464844 85.75019836425781
v -4.870050430297852 -36.3030891418457 85.65770721435547
v -8.777673721313477 -35.82112121582031 85.85807800292969
v -9.145216941833496 -36.33799362182617 86.03994750976562
v -4.424779891967773 -35.39350891113281 86.06061553955078
v -9.093598365783691 -35.82759475708008 86.13157653808594
v -4.808074474334717 -37.289188385009766 85.82465362548828
v -9.51293659210205 -37.009464263916016 86.13302612304688
v -4.348263263702393 -36.36629104614258 86.23086547851562
v -9.940116882324219 -37.272796630859375 86.47561645507812
v -4.775382041931152 -38.289405822753906 85.99728393554688
v -9.634961128234863 -37.616092681884766 86.08759307861328
v -10.019471168518066 -38.28898620605469 86.33084106445312
v -4.307859420776367 -37.35306930541992 86.40606689453125
v -10.03583812713623 -37.73571014404297 86.41967010498047
v -4.743651390075684 -39.301849365234375 86.16472625732422
v -10.314753532409668 -39.03292465209961 86.50496673583984
v -4.27584981918335 -38.3548583984375 86.57353973388672
v -10.697038650512695 -39.31250762939453 86.93963623046875
v -4.695138931274414 -40.31069564819336 86.3283462524414
v -10.277663230895996 -39.73284149169922 86.54691314697266
v -4.235406398773193 -39.36625289916992 86.73076629638672
v -10.73060417175293 -40.026798248291016 87.10552978515625
v -4.626895904541016 -41.278011322021484 86.5013656616211
v -10.274789810180664 -40.73929977416992 86.85519409179688
v -9.913422584533691 -41.56670379638672 86.7698745727539
v -4.185059547424316 -40.36735916137695 86.88648986816406
v -10.76421070098877 -40.53077697753906 87.31869506835938
v -4.5608038902282715 -42.150272369384766 86.69884490966797
v -9.481328010559082 -41.875091552734375 86.56214904785156
v -4.142722129821777 -41.32339096069336 87.05848693847656
v -9.863404273986816 -42.24775314331055 87.0738754272461
v -4.548274993896484 -42.86404037475586 86.91410064697266
v -9.269649505615234 -42.5512809753418 86.81226348876953
v -4.1561479568481445 -42.204505920410156 87.2627944946289
v -9.720338821411133 -42.94356155395508 87.43321990966797
v -4.646793365478516 -43.29648971557617 87.06427764892578
v -9.085482597351074 -43.44522476196289 87.3470687866211
v -5.0324506759643555 -43.73285675048828 87.29853820800781
v -5.9904937744140625 -44.0118522644043 87.1184310913086
v -6.913131237030029 -44.101890563964844 87.09691619873047
v -7.785662651062012 -44.08576965332031 87.20148468017578
v -8.48917007446289 -43.99730682373047 87.40148162841797
v -4.339946746826172 -43.05548858642578 87.50263214111328
v -9.656220436096191 -43.395530700683594 87.74940490722656
v -5.068648338317871 -44.218814849853516 87.93450164794922
v -5.725709438323975 -44.399147033691406 87.69812774658203
v -6.6106672286987305 -44.53989028930664 87.61581420898438
v -7.501234531402588 -44.55956268310547 87.65708923339844
v -8.29013729095459 -44.45753479003906 87.78327941894531
v -5.7993483543396 -31.827571868896484 86.01068115234375
v -6.323308944702148 -31.683652877807617 86.04808807373047
v -7.170290946960449 -31.57086944580078 86.20217895507812
v -5.687654972076416 -31.272214889526367 86.42644500732422
v -6.617204666137695 -31.104032516479492 86.41573333740234
v -7.129702568054199 -31.062673568725586 86.46885681152344
v -5.298933029174805 -32.16014099121094 86.04444885253906
v -7.6670074462890625 -31.990211486816406 86.16382598876953
v -4.91159725189209 -31.580812454223633 86.56986999511719
v -8.14854621887207 -32.14649963378906 86.4031753540039
v -4.871908187866211 -32.813438415527344 85.97262573242188
v -7.69541597366333 -32.62843704223633 85.97216033935547
v -4.473956108093262 -32.970699310302734 86.27547454833984
v -8.193663597106934 -33.38065719604492 86.09611511230469
v -4.629488945007324 -32.2974967956543 86.42095184326172
v -8.219100952148438 -32.65724563598633 86.28849029541016
v -4.273275375366211 -33.61274719238281 86.4219970703125
v -8.64081859588623 -34.00962448120117 86.26651763916016
v -9.098913192749023 -34.24360275268555 86.65921783447266
v -4.125321388244629 -34.50678634643555 86.58770751953125
v -8.68985366821289 -34.699913024902344 86.10133361816406
v -8.935806274414062 -35.3878173828125 86.12885284423828
v -9.179762840270996 -34.940673828125 86.53121948242188
v -4.04464864730835 -35.45265197753906 86.76702880859375
v -9.487763404846191 -35.68244934082031 86.62702941894531
v -9.73192024230957 -36.58437728881836 86.53402709960938
v -4.003436088562012 -36.41529846191406 86.94949340820312
v -10.155713081359863 -36.893585205078125 86.91889953613281
v -3.972736358642578 -37.39494323730469 87.12355041503906
v -10.418827056884766 -37.65595626831055 86.95242309570312
v -10.592147827148438 -38.584293365478516 86.88594818115234
v -3.9340927600860596 -38.39146041870117 87.28328704833984
v -10.949885368347168 -38.87177658081055 87.32075500488281
v -3.8848490715026855 -39.39455795288086 87.43405151367188
v -11.064748764038086 -39.471527099609375 87.50047302246094
v -3.8380911350250244 -40.3826789855957 87.59163665771484
v -11.073904037475586 -40.220401763916016 87.68768310546875
v -10.850432395935059 -41.04547119140625 87.73907470703125
v -3.824103355407715 -41.32733917236328 87.7794418334961
v -10.340360641479492 -41.72718048095703 87.36602783203125
v -3.885756492614746 -42.20851135253906 88.02579498291016
v -10.2169828414917 -42.52716064453125 87.72765350341797
v -4.025335788726807 -42.99357223510742 88.38772583007812
v -10.034501075744629 -43.19514465332031 88.04033660888672
v -4.523544788360596 -43.713844299316406 88.03750610351562
v -9.679732322692871 -43.81001281738281 88.2363052368164
v -4.816025257110596 -44.32861328125 88.57325744628906
v -8.987717628479004 -44.21003723144531 87.97930145263672
v -5.528322696685791 -44.71971130371094 88.33045196533203
v -6.362749099731445 -44.91799545288086 88.19596862792969
v -7.262417793273926 -44.980560302734375 88.18940734863281
v -8.10254955291748 -44.89899826049805 88.2622299194336
v -8.747515678405762 -44.69169616699219 88.34309387207031
v -5.384537696838379 -30.47209358215332 87.05224609375
v -6.258410930633545 -30.548442840576172 86.8229751586914
v -7.053077220916748 -30.673450469970703 86.74562072753906
v -5.055551052093506 -31.018423080444336 86.8042221069336
v -7.558320999145508 -31.033193588256836 86.62613677978516
v -4.656818866729736 -31.160877227783203 86.98753356933594
v -7.894338130950928 -31.551090240478516 86.49690246582031
v -4.805423259735107 -30.720294952392578 87.16468811035156
v -8.112252235412598 -31.09766387939453 86.85443115234375
v -4.395312786102295 -31.705280303955078 87.00419616699219
v -8.484560012817383 -31.655685424804688 86.83731842041016
v -4.159596920013428 -32.655845642089844 86.96146392822266
v -8.740941047668457 -32.5548095703125 86.75598907470703
v -8.913594245910645 -33.4725341796875 86.68700408935547
v -9.266240119934082 -33.03096008300781 87.11695098876953
v -3.9434030055999756 -33.61158752441406 87.20429229736328
v -9.471403121948242 -33.70957565307617 87.16931915283203
v -3.858342409133911 -34.54576110839844 87.39768981933594
v -9.66654109954834 -34.66569137573242 87.15211486816406
v -3.826616048812866 -35.47551345825195 87.58992004394531
v -10.05288314819336 -35.44706344604492 87.40316009521484
v -10.062520980834961 -36.20722961425781 87.12385559082031
v -10.37805461883545 -35.948184967041016 87.63160705566406
v -3.8074021339416504 -36.4179801940918 87.78022003173828
v -10.554975509643555 -36.70138931274414 87.52555847167969
v -3.7774133682250977 -37.38574981689453 87.95243072509766
v -10.935141563415527 -37.457340240478516 87.71821594238281
v -10.927667617797852 -38.2116813659668 87.45458984375
v -11.22948169708252 -37.967342376708984 87.94456481933594
v -3.7304189205169678 -38.37228012084961 88.10745239257812
v -11.31452751159668 -38.72169494628906 87.90188598632812
v -3.6757683753967285 -39.362693786621094 88.25808715820312
v -11.458703994750977 -39.61722946166992 88.1361083984375
v -3.6355860233306885 -40.33536911010742 88.42708587646484
v -11.450560569763184 -40.5792236328125 88.40264892578125
v -11.180574417114258 -41.39453125 88.4371337890625
v -3.6402482986450195 -41.2657470703125 88.64169311523438
v -10.748637199401855 -42.03172302246094 88.19178771972656
v -11.20009708404541 -41.94053649902344 88.77984619140625
v -3.709855556488037 -42.12992477416992 88.9292984008789
v -10.469167709350586 -42.80585861206055 88.3399429321289
v -3.843339443206787 -42.9057731628418 89.28721618652344
v -10.370534896850586 -43.47903823852539 88.76974487304688
v -4.23745584487915 -43.6927375793457 88.87312316894531
v -10.020880699157715 -44.11220169067383 88.92005157470703
v -4.565764427185059 -44.45519256591797 89.50540161132812
v -9.494680404663086 -44.585479736328125 88.83818817138672
v -5.329432487487793 -45.00767135620117 89.02286529541016
v -6.162968635559082 -45.29927444458008 88.79427337646484
v -7.067211627960205 -45.415706634521484 88.73799896240234
v -7.9785003662109375 -45.3737678527832 88.8008041381836
v -8.784693717956543 -45.12581253051758 88.87257385253906
v -10.036495208740234 -44.433128356933594 89.21240234375
v -5.199987888336182 -45.42156219482422 89.73894500732422
v -6.0034260749816895 -45.764373779296875 89.38078308105469
v -6.903740882873535 -45.924110412597656 89.24488830566406
v -7.83630895614624 -45.939308166503906 89.290283203125
v -8.818561553955078 -45.790958404541016 89.47615051269531
v -5.852794647216797 -46.40079879760742 89.94338989257812
v -6.777329921722412 -46.55104446411133 89.6845474243164
v -7.682452201843262 -46.59313201904297 89.673828125
v -8.57843017578125 -46.53477096557617 89.836669921875
v -9.385281562805176 -46.38980484008789 90.09860229492188
v -5.9859232902526855 -47.32127380371094 90.29483795166016
v -6.728008270263672 -47.32805633544922 90.03998565673828
v -7.566932201385498 -47.32371520996094 89.97224426269531
v -8.409289360046387 -47.303810119628906 90.1076431274414
v -9.255967140197754 -47.18329620361328 90.4001235961914
v -5.961001873016357 -48.06626510620117 90.5810546875
v -6.695958137512207 -48.19036865234375 90.33997344970703
v -7.525515079498291 -48.153587341308594 90.24641418457031
v -8.21233081817627 -47.98607635498047 90.27360534667969
v -9.030529022216797 -48.16019821166992 90.6252670288086
v -6.534083843231201 -49.07930374145508 90.68128967285156
v -7.456579208374023 -49.0713996887207 90.53899383544922
v -8.388903617858887 -48.9000244140625 90.6159896850586
v -6.634315490722656 -50.0427131652832 90.93253326416016
v -7.31544828414917 -49.96274948120117 90.82606506347656
v -8.162073135375977 -49.89889144897461 90.92831420898438
v -6.608715534210205 -50.57392120361328 91.16976928710938
v -7.127994537353516 -50.65594482421875 91.13578033447266
v -7.881929874420166 -50.68230438232422 91.21868896484375
v -5.164048671722412 -28.71145248413086 88.07377624511719
v -5.928305149078369 -28.670717239379883 87.89437103271484
v -6.846263408660889 -28.715862274169922 87.79769897460938
v -7.878697872161865 -28.863561630249023 87.80694580078125
v -8.950045585632324 -28.994840621948242 87.9623031616211
v -9.94090461730957 -29.036325454711914 88.24098205566406
v -10.604198455810547 -29.05622673034668 88.48539733886719
v -4.782434940338135 -30.17215919494629 87.55517578125
v -5.295205116271973 -29.83103370666504 87.4845199584961
v -5.9565629959106445 -29.898019790649414 87.28233337402344
v -6.826316833496094 -30.044212341308594 87.15872955322266
v -7.77480936050415 -30.44245719909668 87.0999755859375
v -4.883440017700195 -29.403776168823242 87.90956115722656
v -5.58846378326416 -29.293073654174805 87.69245147705078
v -6.423715114593506 -29.33785629272461 87.55168914794922
v -7.405851364135742 -29.53507423400879 87.50212097167969
v -8.602619171142578 -29.95670509338379 87.6135025024414
v -9.779614448547363 -29.96526336669922 88.00267791748047
v -10.786372184753418 -29.873096466064453 88.41686248779297
v -4.336134433746338 -30.868240356445312 87.56670379638672
v -8.656877517700195 -30.975881576538086 87.23706817626953
v -9.64035415649414 -31.09722328186035 87.72588348388672
v -10.690224647521973 -30.935293197631836 88.20155334472656
v -11.695545196533203 -30.868083953857422 88.68358612060547
v -3.9871459007263184 -31.74832534790039 87.73199462890625
v -9.148834228515625 -31.80231285095215 87.26971435546875
v -9.37347412109375 -32.50221252441406 87.29757690429688
v -9.867437362670898 -32.23793411254883 87.67572784423828
v -10.644163131713867 -32.01435089111328 88.0781478881836
v -11.57995319366455 -31.89512062072754 88.46097564697266
v -12.537627220153809 -31.88275718688965 88.89007568359375
v -3.8102245330810547 -32.69807434082031 87.92171478271484
v -9.777527809143066 -33.06027603149414 87.52994537353516
v -10.589213371276855 -33.17258834838867 88.01777648925781
v -11.509560585021973 -32.92595672607422 88.3927001953125
v -12.419819831848145 -32.82730484008789 88.71329498291016
v -13.200374603271484 -32.76402282714844 89.0403823852539
v -3.736943244934082 -33.654178619384766 88.09910583496094
v -10.091737747192383 -33.9238166809082 87.67790222167969
v -10.800016403198242 -34.3239631652832 88.14680480957031
v -11.50662612915039 -33.9827766418457 88.43524169921875
v -12.370615005493164 -33.81531524658203 88.70037841796875
v -13.314885139465332 -33.714263916015625 89.03577423095703
v -3.725353717803955 -34.55183792114258 88.26907348632812
v -10.309650421142578 -34.81485366821289 87.79017639160156
v -10.467194557189941 -35.46595001220703 87.86314392089844
v -10.883431434631348 -35.25838851928711 88.18896484375
v -11.540778160095215 -35.028560638427734 88.50531005859375
v -12.332563400268555 -34.82420349121094 88.75299835205078
v -13.16991138458252 -34.70136642456055 88.99500274658203
v -13.942928314208984 -34.6565055847168 89.30904388427734
v -3.7284140586853027 -35.428253173828125 88.49249267578125
v -10.804605484008789 -36.02124786376953 88.01991271972656
v -11.518635749816895 -36.13243103027344 88.4787826538086
v -12.335016250610352 -35.86574935913086 88.82208251953125
v -13.142520904541016 -35.674598693847656 89.05950164794922
v -13.88364028930664 -35.50532531738281 89.3096694946289
v -3.720851421356201 -36.35255432128906 88.6947021484375
v -11.128562927246094 -36.808265686035156 88.11560821533203
v -11.319219589233398 -37.476253509521484 88.16852569580078
v -11.704436302185059 -37.230220794677734 88.5163345336914
v -12.370745658874512 -36.959861755371094 88.87389373779297
v -13.1886625289917 -36.71834945678711 89.1656265258789
v -13.939193725585938 -36.444580078125 89.4137954711914
v -3.6883511543273926 -37.310211181640625 88.86656951904297
v -11.624388694763184 -38.0511360168457 88.35350799560547
v -12.341136932373047 -38.143157958984375 88.86967468261719
v -13.204568862915039 -37.81960678100586 89.25079345703125
v -14.135873794555664 -37.58051300048828 89.60962677001953
v -3.6361944675445557 -38.28657150268555 89.01980590820312
v -11.85949993133545 -38.92306900024414 88.53205108642578
v -12.488701820373535 -39.297672271728516 89.0552978515625
v -13.182718276977539 -38.90092468261719 89.34609985351562
v -13.99254035949707 -38.6749382019043 89.64581298828125
v -14.771162033081055 -38.574466705322266 89.99545288085938
v -3.582098960876465 -39.2645149230957 89.17532348632812
v -11.946619033813477 -39.85077667236328 88.74568176269531
v -12.490205764770508 -40.2321662902832 89.244384765625
v -13.150235176086426 -39.89516067504883 89.49679565429688
v -13.899425506591797 -39.6611328125 89.75958251953125
v -14.648979187011719 -39.46794509887695 90.05607604980469
v -3.5519049167633057 -40.224735260009766 89.3606948852539
v -11.97652530670166 -40.60919189453125 88.98579406738281
v -12.380558013916016 -41.12014389038086 89.42129516601562
v -13.05760383605957 -40.79609298706055 89.66578674316406
v -13.773926734924316 -40.59547424316406 89.91180419921875
v -14.542547225952148 -40.426448822021484 90.23174285888672
v -3.5703108310699463 -41.15028381347656 89.60208129882812
v -11.680269241333008 -41.407127380371094 89.00773620605469
v -11.501803398132324 -42.22399139404297 89.22450256347656
v -12.179116249084473 -42.14035415649414 89.64043426513672
v -12.975302696228027 -41.703224182128906 89.8818588256836
v -13.583687782287598 -41.3563117980957 90.03001403808594
v -14.325468063354492 -41.460453033447266 90.40103912353516
v -3.6485350131988525 -42.03458786010742 89.90723419189453
v -10.959761619567871 -42.70632553100586 88.92389678955078
v -11.583410263061523 -43.0238037109375 89.63202667236328
v -12.298744201660156 -43.008583068847656 90.02460479736328
v -12.925247192382812 -42.647216796875 90.16204833984375
v -13.733983039855957 -42.25852584838867 90.36205291748047
v -3.765944480895996 -42.827266693115234 90.1534423828125
v -10.928657531738281 -43.464656829833984 89.3564682006836
v -4.02182149887085 -43.570960998535156 89.7205581665039
v -3.886385679244995 -43.38222122192383 90.37427520751953
v -11.276812553405762 -43.9721565246582 89.8814697265625
v -12.041875839233398 -43.75345993041992 90.19353485107422
v -12.799909591674805 -43.54679870605469 90.43559265136719
v -13.549128532409668 -43.270957946777344 90.63691711425781
v -4.149752616882324 -44.03596115112305 90.32892608642578
v -10.51491928100586 -44.16667175292969 89.42858123779297
v -10.116302490234375 -44.8214111328125 89.55176544189453
v -10.89797592163086 -44.86042785644531 90.10396575927734
v -11.7490234375 -44.60121154785156 90.42896270751953
v -12.563875198364258 -44.407493591308594 90.69209289550781
v -13.373835563659668 -44.182159423828125 90.93716430664062
v -4.581210136413574 -45.02708053588867 90.50590515136719
v -9.514403343200684 -45.29404067993164 89.47512817382812
v -5.132712364196777 -45.86859130859375 90.2367935180664
v -9.595121383666992 -45.840087890625 89.90359497070312
v -10.233985900878906 -45.545867919921875 90.0971908569336
v -10.93492317199707 -45.6088752746582 90.54794311523438
v -11.465494155883789 -45.30115509033203 90.65361022949219
v -12.23904800415039 -45.30398178100586 91.00605010986328
v -13.111969947814941 -44.99904251098633 91.20930480957031
v -5.348930358886719 -46.57179260253906 90.44306945800781
v -9.968681335449219 -46.16188049316406 90.29521942138672
v -4.8846611976623535 -45.92522430419922 90.69096374511719
v -10.568744659423828 -46.212039947509766 90.6752700805664
v -11.484221458435059 -46.11043930053711 91.16127014160156
v -5.465442657470703 -47.329044342041016 90.68880462646484
v -10.000919342041016 -46.807823181152344 90.64747619628906
v -4.990693092346191 -46.57732009887695 91.00970458984375
v -10.735116958618164 -47.01232147216797 91.26553344726562
v -5.536700248718262 -47.868019104003906 90.82577514648438
v -9.99573040008545 -47.85183334350586 91.15154266357422
v -5.683143615722656 -48.49850082397461 90.99610137939453
v -9.579463958740234 -48.704673767089844 91.12478637695312
v -5.170610427856445 -47.51386642456055 91.24978637695312
v -10.59345817565918 -47.66593551635742 91.58199310302734
v -6.034653663635254 -49.46245574951172 91.0503158569336
v -9.137884140014648 -49.02676010131836 90.93628692626953
v -5.551096439361572 -49.0284538269043 91.37081909179688
v -9.536288261413574 -49.42514419555664 91.39766693115234
v -6.215792655944824 -50.19698715209961 91.2229995727539
v -8.944422721862793 -49.740047454833984 91.1497573852539
v -5.728872299194336 -49.70334243774414 91.53187561035156
v -9.408227920532227 -50.17592239379883 91.7163314819336
v -6.37912654876709 -50.6292610168457 91.3620376586914
v -8.776698112487793 -50.692176818847656 91.6380844116211
v -6.727274417877197 -51.046348571777344 91.60980224609375
v -7.54495096206665 -51.231285095214844 91.55806732177734
v -8.192028999328613 -51.2324333190918 91.68848419189453
v -6.030423164367676 -50.48250961303711 91.75922393798828
v -9.347600936889648 -50.66914749145508 92.02059173583984
v -6.698028564453125 -51.536827087402344 92.19544219970703
v -7.2693586349487305 -51.64898681640625 92.06312561035156
v -7.963128089904785 -51.67961120605469 92.09278869628906
v -6.242990493774414 -25.939672470092773 88.62137603759766
v -7.223402500152588 -25.85395050048828 88.55634307861328
v -8.16519832611084 -25.849132537841797 88.63443756103516
v -8.986238479614258 -25.93309211730957 88.80265045166016
v -5.372076988220215 -26.47519874572754 88.69678497314453
v -6.123485565185547 -26.685091018676758 88.40469360351562
v -6.89778995513916 -26.562843322753906 88.3388442993164
v -7.832577705383301 -26.54222297668457 88.3531494140625
v -8.74878215789795 -26.575740814208984 88.49944305419922
v -9.599408149719238 -26.5806827545166 88.84319305419922
v -4.9076972007751465 -28.23628807067871 88.33354949951172
v -5.415495872497559 -28.0665225982666 88.21440124511719
v -6.259851932525635 -27.993484497070312 88.06241607666016
v -7.211028575897217 -28.016027450561523 87.9933853149414
v -8.214670181274414 -28.086673736572266 88.03716278076172
v -9.216745376586914 -28.15574073791504 88.22174072265625
v -10.2481689453125 -28.20363426208496 88.61644744873047
v -4.763204574584961 -27.53704833984375 88.6496353149414
v -5.712346076965332 -27.32004737854004 88.34779357910156
v -6.595224380493164 -27.284082412719727 88.19296264648438
v -7.528679370880127 -27.27712631225586 88.15969848632812
v -8.491427421569824 -27.314605712890625 88.24632263183594
v -9.40428638458252 -27.349267959594727 88.48715209960938
v -10.07247257232666 -27.303224563598633 88.83626556396484
v -4.486231803894043 -28.65008544921875 88.45577239990234
v -10.877001762390137 -28.800546646118164 88.7247085571289
v -4.019415855407715 -27.958139419555664 89.04227447509766
v -11.337889671325684 -28.979204177856445 89.02915954589844
v -4.209351539611816 -29.81151580810547 88.27545166015625
v -11.127859115600586 -29.34598731994629 88.70625305175781
v -11.632771492004395 -29.918807983398438 88.92678833007812
v -3.834604024887085 -28.887121200561523 89.03044128417969
v -11.507046699523926 -29.392078399658203 88.9977798461914
v -3.847816228866577 -30.816221237182617 88.42521667480469
v -12.113714218139648 -30.513795852661133 89.05780792236328
v -12.538313865661621 -31.053037643432617 89.17402648925781
v -3.6523489952087402 -29.866880416870117 89.11893463134766
v -12.443071365356445 -30.57183837890625 89.32008361816406
v -3.6743717193603516 -31.758264541625977 88.64832305908203
v -12.976033210754395 -31.618959426879883 89.22827911376953
v -13.335833549499512 -32.12521743774414 89.30058288574219
v -3.531115770339966 -30.80730438232422 89.3152084350586
v -13.288787841796875 -31.69962501525879 89.44481658935547
v -3.6221632957458496 -32.74616241455078 88.97843933105469
v -13.69806957244873 -32.71574401855469 89.33951568603516
v -3.50622296333313 -31.681798934936523 89.57842254638672
v -14.120905876159668 -32.96409606933594 89.6441650390625
v -3.659695625305176 -33.740238189697266 88.8763427734375
v -13.814491271972656 -33.26048278808594 89.3065185546875
v -14.19210147857666 -33.91270446777344 89.53238677978516
v -14.212121963500977 -33.3830451965332 89.60357666015625
v -3.681917667388916 -34.4246826171875 89.19320678710938
v -14.48723316192627 -34.65593719482422 89.65773010253906
v -14.89708423614502 -34.99360275268555 90.03680419921875
v -3.7090516090393066 -35.29573440551758 89.45817565917969
v -14.480324745178223 -35.31303024291992 89.63302612304688
v -14.984217643737793 -35.748600006103516 90.091064453125
v -3.7072019577026367 -36.219112396240234 89.66680145263672
v -14.528499603271484 -36.121673583984375 89.69676208496094
v -15.074952125549316 -36.56267166137695 90.16310119628906
v -3.6739401817321777 -37.173038482666016 89.83612823486328
v -14.66639232635498 -36.96485900878906 89.83180236816406
v -15.058069229125977 -37.757469177246094 90.16085815429688
v -15.11544418334961 -37.13701629638672 90.18294525146484
v -3.624086380004883 -38.14210891723633 89.9891128540039
v -15.324654579162598 -38.55833053588867 90.35421752929688
v -15.70177936553955 -38.899566650390625 90.75080871582031
v -3.5798847675323486 -39.11288833618164 90.15174102783203
v -15.271952629089355 -39.242897033691406 90.38765716552734
v -15.717453956604004 -39.65142822265625 90.89280700683594
v -3.564999580383301 -40.071292877197266 90.35269165039062
v -15.221911430358887 -40.09971237182617 90.55597686767578
v -15.704136848449707 -40.45130157470703 91.11518859863281
v -3.599153518676758 -41.013797760009766 90.62522888183594
v -15.210614204406738 -41.17549133300781 90.92375946044922
v -14.839740753173828 -42.00342559814453 90.87449645996094
v -15.717728614807129 -40.9951286315918 91.34429931640625
v -3.6986093521118164 -42.02815628051758 91.03358459472656
v -14.418530464172363 -42.3145866394043 90.69436645507812
v -3.77829909324646 -42.9145393371582 90.7603759765625
v -14.808728218078613 -42.7217903137207 91.13150024414062
v -3.9325616359710693 -43.47957992553711 91.02063751220703
v -14.245304107666016 -43.020355224609375 90.87200164794922
v -3.7973875999450684 -42.7751579284668 91.3014144897461
v -14.697824478149414 -43.516639709472656 91.41725158691406
v -4.17442512512207 -44.22170639038086 90.98120880126953
v -14.101361274719238 -43.889427185058594 91.17422485351562
v -14.587691307067871 -44.3082160949707 91.7470474243164
v -4.306114673614502 -44.67133331298828 91.34638214111328
v -13.980156898498535 -44.84785079956055 91.61328887939453
v -12.891702651977539 -45.6546745300293 91.50849151611328
v -13.47617244720459 -45.44290542602539 91.6573486328125
v -14.53268051147461 -44.811737060546875 91.99693298339844
v -4.570630073547363 -45.565773010253906 91.39530944824219
v -12.315302848815918 -45.963436126708984 91.48028564453125
v -12.145024299621582 -46.5473747253418 91.95683288574219
v -12.746967315673828 -46.135311126708984 91.85973358154297
v -13.321858406066895 -45.941226959228516 92.00576782226562
v -4.732193470001221 -46.517730712890625 91.79185485839844
v -11.417384147644043 -46.88908386230469 91.73934936523438
v -4.840453624725342 -47.40962219238281 92.11579895019531
v -11.032510757446289 -47.51297378540039 91.92560577392578
v -5.203693866729736 -48.307472229003906 91.63676452636719
v -10.589543342590332 -48.26251220703125 92.00454711914062
v -5.279747009277344 -49.048213958740234 91.94730377197266
v -10.024280548095703 -48.89717102050781 91.67603302001953
v -5.458575248718262 -49.81876754760742 92.2330322265625
v -9.898845672607422 -49.74442672729492 92.01714324951172
v -5.676733016967773 -50.57742691040039 92.58348083496094
v -9.721054077148438 -50.460716247558594 92.33016967773438
v -6.2125959396362305 -51.1292724609375 92.2366714477539
v -9.34240436553955 -51.11415481567383 92.56388854980469
v -6.377040863037109 -51.63654327392578 92.70884704589844
v -8.634284019470215 -51.501461029052734 92.28263092041016
v -6.968040466308594 -51.93510818481445 92.67529296875
v -7.683856010437012 -52.04789733886719 92.65374755859375
v -8.32005500793457 -51.961090087890625 92.69925689697266
v -6.095454692840576 -25.388221740722656 88.88654327392578
v -6.700725078582764 -25.282052993774414 88.86161041259766
v -7.626718521118164 -25.215957641601562 88.87916564941406
v -8.60272216796875 -25.191865921020508 89.11199951171875
v -6.034843921661377 -24.900663375854492 89.3315658569336
v -7.149529933929443 -24.722936630249023 89.2547378540039
v -7.985840320587158 -24.712953567504883 89.260009765625
v -8.465203285217285 -24.70480728149414 89.3849105834961
v -5.564355373382568 -25.63723373413086 88.950439453125
v -9.244240760803223 -25.572063446044922 89.10369873046875
v -5.035158634185791 -25.960975646972656 89.01632690429688
v -9.528412818908691 -25.967130661010742 89.04204559326172
v -4.904419898986816 -25.4112491607666 89.43976593017578
v -9.670097351074219 -25.666961669921875 89.34796905517578
v -4.538476467132568 -26.439943313598633 89.14522552490234
v -10.103581428527832 -26.147205352783203 89.45130157470703
v -10.29941463470459 -26.8391056060791 89.22929382324219
v -4.149589538574219 -25.89964485168457 89.71382141113281
v -4.11998987197876 -27.20492935180664 89.1530532836914
v -10.764215469360352 -27.533910751342773 89.29202270507812
v -3.749364137649536 -27.387849807739258 89.48423767089844
v -11.033149719238281 -28.36708641052246 89.07646942138672
v -3.8922910690307617 -26.68936538696289 89.5906982421875
v -3.577176570892334 -28.031721115112305 89.63025665283203
v -11.537945747375488 -28.616470336914062 89.44398498535156
v -3.4458487033843994 -28.927804946899414 89.7908706665039
v -11.931026458740234 -29.271976470947266 89.54267120361328
v -12.283287048339844 -30.099578857421875 89.44800567626953
v -3.387805700302124 -29.862564086914062 89.98397827148438
v -12.860806465148926 -30.56121826171875 89.79045104980469
v -13.15637493133545 -31.274858474731445 89.60572814941406
v -3.4029271602630615 -30.76546859741211 90.20532989501953
v -13.653877258300781 -31.72101593017578 89.8448486328125
v -13.907421112060547 -32.38239669799805 89.69784545898438
v -3.471449613571167 -31.583040237426758 90.43550872802734
v -14.325364112854004 -32.6215705871582 90.07659912109375
v -3.538560152053833 -32.341346740722656 89.89781951904297
v -3.6250715255737305 -33.28315353393555 89.82546997070312
v -14.604109764099121 -33.309112548828125 90.15311431884766
v -14.777509689331055 -34.246822357177734 90.04690551757812
v -3.69986629486084 -34.20196533203125 90.2005386352539
v -15.165326118469238 -34.57600021362305 90.47637939453125
v -3.7410647869110107 -35.10346603393555 90.46888732910156
v -15.32363224029541 -35.22221755981445 90.59324645996094
v -3.7422378063201904 -36.03795623779297 90.66971588134766
v -15.452131271362305 -36.074764251708984 90.67762756347656
v -3.7151553630828857 -36.992828369140625 90.83367156982422
v -15.558463096618652 -37.1266975402832 90.72724914550781
v -15.630533218383789 -38.137725830078125 90.69257354736328
v -3.680161476135254 -37.96092224121094 90.98822021484375
v -15.966984748840332 -38.48601150512695 91.11689758300781
v -3.6552515029907227 -38.937294006347656 91.15314483642578
v -16.065881729125977 -39.11063003540039 91.2995834350586
v -3.6556055545806885 -39.901275634765625 91.35379791259766
v -16.093460083007812 -39.899169921875 91.5035629272461
v -3.69461989402771 -40.8052978515625 91.6279067993164
v -16.038204193115234 -40.698097229003906 91.71078491210938
v -15.788980484008789 -41.54078674316406 91.76828002929688
v -3.7619380950927734 -41.44913101196289 91.98440551757812
v -15.282829284667969 -42.211238861083984 91.40614318847656
v -3.831977605819702 -42.29314041137695 92.01972198486328
v -15.1956148147583 -43.07939910888672 91.72383880615234
v -3.8992881774902344 -43.090362548828125 91.70794677734375
v -4.078761577606201 -43.84123611450195 91.7701187133789
v -15.081751823425293 -43.87044906616211 92.02897644042969
v -4.285879611968994 -44.645469665527344 92.13809204101562
v -14.957164764404297 -44.67957305908203 92.41724395751953
v -14.483635902404785 -45.24842071533203 92.3157958984375
v -4.453482627868652 -45.527793884277344 92.42344665527344
v -13.92331600189209 -45.60768508911133 92.11701202392578
v -12.354642868041992 -46.96595764160156 92.65760803222656
v -12.978001594543457 -46.497947692871094 92.46321105957031
v -13.763230323791504 -46.164337158203125 92.6028060913086
v -14.327803611755371 -45.80091857910156 92.68919372558594
v -4.567927360534668 -46.44174575805664 92.7353286743164
v -11.693918228149414 -47.27421951293945 92.40103149414062
v -12.058480262756348 -47.338722229003906 92.90619659423828
v -4.649022102355957 -47.35538101196289 93.06534576416016
v -11.193949699401855 -47.995845794677734 92.55669403076172
v -4.9234700202941895 -48.253395080566406 92.44572448730469
v -10.86375904083252 -48.63837432861328 92.67832946777344
v -5.040300369262695 -49.08598709106445 92.77969360351562
v -10.421744346618652 -49.24207305908203 92.4763412475586
v -10.843539237976074 -49.13431930541992 93.05834197998047
v -5.215086936950684 -49.91353225708008 93.10449981689453
v -10.14206314086914 -50.042396545410156 92.64452362060547
v -5.439680099487305 -50.750064849853516 93.53793334960938
v -10.037195205688477 -50.73997497558594 93.17402648925781
v -5.917089462280273 -51.24192810058594 92.91602325439453
v -9.662264823913574 -51.43565368652344 93.40323638916016
v -6.130490779876709 -51.65171813964844 93.1143569946289
v -9.03503131866455 -51.903961181640625 93.32711029052734
v -6.490075588226318 -52.05009841918945 93.42561340332031
v -7.347093105316162 -52.32522964477539 93.33578491210938
v -8.180632591247559 -52.31270217895508 93.38642883300781
v -5.876522064208984 -51.535545349121094 93.57842254638672
v -9.623491287231445 -51.76137924194336 93.7940902709961
v -6.426458358764648 -52.374534606933594 94.14270782470703
v -6.9942240715026855 -52.557701110839844 94.05448150634766
v -7.814664840698242 -52.66543960571289 94.08916473388672
v -5.953746318817139 -24.234081268310547 90.06729125976562
v -6.888354301452637 -24.261886596679688 89.8582534790039
v -7.760333061218262 -24.324552536010742 89.71929168701172
v -8.328434944152832 -24.465152740478516 89.61756896972656
v -5.311040878295898 -24.681453704833984 89.77088165283203
v -8.932496070861816 -24.661113739013672 89.81687927246094
v -4.727104187011719 -24.7768497467041 89.99195098876953
v -9.401453018188477 -25.216562271118164 89.56340789794922
v -4.334515571594238 -25.246990203857422 89.9393310546875
v -10.044421195983887 -25.504201889038086 89.89552307128906
v -3.919792890548706 -25.49393653869629 90.28128814697266
v -3.733981132507324 -26.191356658935547 90.08519744873047
v -10.62700366973877 -25.88665771484375 90.19239807128906
v -10.924898147583008 -26.621234893798828 89.99217987060547
v -11.02070426940918 -26.091524124145508 90.4599838256836
v -3.5201995372772217 -27.003799438476562 90.14310455322266
v -11.334319114685059 -27.354490280151367 89.96707153320312
v -11.403229713439941 -28.00174331665039 89.65686798095703
v -11.762247085571289 -27.681072235107422 90.25629425048828
v -3.3303353786468506 -27.932270050048828 90.43489837646484
v -11.985556602478027 -28.394445419311523 90.11775970458984
v -3.2833445072174072 -28.87310791015625 90.66861724853516
v -12.444986343383789 -28.986783981323242 90.36758422851562
v -12.75699234008789 -29.667856216430664 90.29876708984375
v -12.734766960144043 -29.196517944335938 90.62020874023438
v -3.3302969932556152 -29.816055297851562 90.89187622070312
v -13.27319622039795 -30.242618560791016 90.50736236572266
v -13.601428985595703 -30.9055233001709 90.40411376953125
v -13.605456352233887 -30.321460723876953 90.85008239746094
v -3.4238791465759277 -30.728551864624023 91.06544494628906
v -14.022228240966797 -31.505390167236328 90.45844268798828
v -14.183213233947754 -32.05290985107422 90.25924682617188
v -14.393512725830078 -31.68848991394043 90.8188705444336
v -3.528811454772949 -31.530132293701172 91.20867919921875
v -14.690779685974121 -32.32691192626953 90.81049346923828
v -3.569838523864746 -32.34927749633789 90.63725280761719
v -3.6786084175109863 -33.11369323730469 90.92047119140625
v -15.15883731842041 -33.004417419433594 91.12406158447266
v -15.148380279541016 -33.86859130859375 90.70065307617188
v -15.498760223388672 -33.55339431762695 91.39115905761719
v -3.765486478805542 -33.954132080078125 91.25606536865234
v -15.56569766998291 -34.41876983642578 91.18415069580078
v -3.808689832687378 -34.88839340209961 91.49645233154297
v -15.763315200805664 -35.3626594543457 91.28604125976562
v -3.8166301250457764 -35.83623504638672 91.68104553222656
v -15.907699584960938 -36.26847839355469 91.37372589111328
v -3.8099496364593506 -36.79502487182617 91.84233093261719
v -16.081796646118164 -37.056976318359375 91.53284454345703
v -15.987678527832031 -37.808815002441406 91.24474334716797
v -16.274755477905273 -37.5905876159668 91.76777648925781
v -3.805464029312134 -37.77532196044922 92.00455474853516
v -16.304040908813477 -38.34058380126953 91.73008728027344
v -3.7997045516967773 -38.78791046142578 92.14503479003906
v -16.4185791015625 -39.22517776489258 91.97540283203125
v -3.8031156063079834 -39.76903533935547 92.30172729492188
v -16.42350959777832 -40.09835433959961 92.20582580566406
v -3.8343288898468018 -40.6381721496582 92.52299499511719
v -16.339813232421875 -41.059165954589844 92.48462677001953
v -16.085670471191406 -41.910518646240234 92.47852325439453
v -3.887681245803833 -41.4454460144043 92.723388671875
v -15.69912052154541 -42.575172424316406 92.19288635253906
v -16.095367431640625 -42.469295501708984 92.82027435302734
v -3.969822645187378 -42.185935974121094 92.93669891357422
v -15.476079940795898 -43.39385986328125 92.3012924194336
v -3.983633041381836 -42.994686126708984 92.42619323730469
v -4.148698329925537 -43.687068939208984 92.78234100341797
v -15.451852798461914 -44.043312072753906 92.6792221069336
v -4.30131196975708 -44.490482330322266 93.1417465209961
v -15.399624824523926 -44.712181091308594 93.06388092041016
v -4.40814733505249 -45.410125732421875 93.43162536621094
v -15.004304885864258 -45.529449462890625 93.2134780883789
v -12.879668235778809 -47.00944137573242 93.0938720703125
v -13.560361862182617 -46.714088439941406 93.16234588623047
v -14.3273344039917 -46.32510757446289 93.31427001953125
v -4.471846580505371 -46.347537994384766 93.7398452758789
v -12.416614532470703 -47.252113342285156 93.11076354980469
v -12.181049346923828 -47.578269958496094 93.27186584472656
v -12.682564735412598 -47.547393798828125 93.56842041015625
v -13.296018600463867 -47.22077941894531 93.59748840332031
v -14.041528701782227 -47.10732650756836 93.9670181274414
v -4.5034990310668945 -47.36203384399414 94.17528533935547
v -11.740568161010742 -47.79130554199219 93.02412414550781
v -4.734219551086426 -48.2672004699707 93.38079071044922
v -12.1107177734375 -48.16325759887695 93.66565704345703
v -12.665656089782715 -48.02263641357422 93.97110748291016
v -13.30027961730957 -47.84770202636719 94.20112609863281
v -4.838794231414795 -49.18928527832031 93.80921936035156
v -11.339412689208984 -48.58699035644531 93.24532318115234
v -11.09074592590332 -49.351722717285156 93.55865478515625
v -4.6027302742004395 -48.35032653808594 94.21453857421875
v -11.691169738769531 -49.18626022338867 94.05768585205078
v -12.608134269714355 -48.681644439697266 94.41777801513672
v -5.0510759353637695 -50.03541564941406 93.90106201171875
v -10.587471961975098 -49.88322067260742 93.26892852783203
v -11.099324226379395 -50.0270881652832 94.08204650878906
v -11.584526062011719 -49.87349319458008 94.48289489746094
v -12.138219833374023 -49.759708404541016 94.86277770996094
v -5.127846717834473 -50.526119232177734 94.34819793701172
v -10.545543670654297 -50.58451461791992 93.83504486083984
v -10.838537216186523 -50.7725830078125 94.38967895507812
v -11.476394653320312 -50.5555419921875 94.89260864257812
v -5.483633995056152 -51.35176467895508 94.55492401123047
v -10.209356307983398 -51.42519760131836 94.22122192382812
v -6.031471252441406 -52.006771087646484 94.13343048095703
v -9.547748565673828 -52.09196472167969 94.2608413696289
v -10.918127059936523 -51.2040901184082 94.8731460571289
v -6.208852767944336 -52.3479118347168 94.45421600341797
v -8.831452369689941 -52.56731033325195 94.44598388671875
v -6.597929000854492 -52.66937255859375 94.83168029785156
v -7.436805248260498 -52.907569885253906 94.73269653320312
v -8.14053726196289 -52.92816925048828 94.78453063964844
v -5.95863151550293 -52.16764831542969 94.84764099121094
v -9.523475646972656 -52.431549072265625 94.82962799072266
v -6.683066368103027 -52.933677673339844 95.64802551269531
v -7.245919227600098 -53.083839416503906 95.45263671875
v -7.956700801849365 -53.14596176147461 95.38436126708984
v -5.728725910186768 -23.762977600097656 90.84114074707031
v -6.782599449157715 -23.78690528869629 90.64570617675781
v -7.746677875518799 -23.934526443481445 90.4646224975586
v -8.487196922302246 -24.200342178344727 90.22029876708984
v -5.155291557312012 -24.29767417907715 90.25950622558594
v -9.327735900878906 -24.282846450805664 90.74945831298828
v -4.687164783477783 -24.45540428161621 90.33767700195312
v -9.887866020202637 -24.86073875427246 90.46231842041016
v -4.778639316558838 -24.11505889892578 90.80512237548828
v -4.293167591094971 -24.76730728149414 90.44575500488281
v -10.566158294677734 -25.32410430908203 90.64237976074219
v -3.8660988807678223 -25.058059692382812 90.83978271484375
v -11.115400314331055 -25.66461181640625 90.9192123413086
v -4.161860466003418 -24.410253524780273 91.14128112792969
v -10.953178405761719 -25.254175186157227 91.13032531738281
v -3.569594144821167 -25.880956649780273 90.82687377929688
v -11.433300018310547 -26.209230422973633 90.83383178710938
v -11.818552017211914 -26.90718650817871 90.78726959228516
v -11.866888999938965 -26.28817367553711 91.24603271484375
v -3.3245623111724854 -26.85565948486328 91.10968017578125
v -12.283456802368164 -27.71438980102539 90.849365234375
v -12.971514701843262 -27.816125869750977 91.56657409667969
v -3.248959541320801 -27.8140811920166 91.3774185180664
v -12.570834159851074 -28.409616470336914 90.83901977539062
v -12.751713752746582 -28.88804054260254 90.82611083984375
v -13.032658576965332 -28.598047256469727 91.28572845458984
v -13.494526863098145 -28.303226470947266 91.90616607666016
v -3.301297903060913 -28.779979705810547 91.6238784790039
v -13.032280921936035 -29.17499351501465 90.9740982055664
v -13.558547019958496 -29.673738479614258 91.23181915283203
v -13.412076950073242 -28.93172264099121 91.52164459228516
v -3.4300808906555176 -29.77799415588379 91.86471557617188
v -13.993462562561035 -30.401161193847656 91.25286102294922
v -14.223156929016113 -31.101791381835938 91.03590393066406
v -3.595097303390503 -30.1599063873291 92.47866821289062
v -14.499195098876953 -30.644245147705078 91.70958709716797
v -3.532386541366577 -30.793203353881836 91.8022689819336
v -14.784994125366211 -31.411409378051758 91.56502532958984
v -3.672287940979004 -31.009090423583984 92.38744354248047
v -3.6117663383483887 -31.466279983520508 91.80850982666016
v -15.2662992477417 -32.14191818237305 91.77891540527344
v -3.64208984375 -32.16317367553711 91.47151184082031
v -15.656532287597656 -32.784969329833984 91.99883270263672
v -3.707606792449951 -31.764881134033203 92.14427185058594
v -15.590021133422852 -32.23571014404297 92.19152069091797
v -3.776628255844116 -32.67728042602539 92.04476928710938
v -15.913043022155762 -33.66062927246094 92.01348876953125
v -16.387250900268555 -33.85374450683594 92.6718978881836
v -3.8649351596832275 -33.711700439453125 92.31476593017578
v -16.065345764160156 -34.595558166503906 91.96554565429688
v -16.536521911621094 -34.74811935424805 92.66249084472656
v -3.9083621501922607 -34.67945098876953 92.51771545410156
v -16.222620010375977 -35.51628112792969 92.02057647705078
v -16.74584197998047 -35.711936950683594 92.79521179199219
v -3.937016487121582 -35.63349151611328 92.68952178955078
v -16.3382568359375 -36.403045654296875 92.06321716308594
v -16.393051147460938 -37.08967590332031 92.05366516113281
v -16.703929901123047 -36.783111572265625 92.59595489501953
v -17.14553451538086 -36.39132308959961 93.285400390625
v -3.970972776412964 -36.595497131347656 92.86185455322266
v -16.57689094543457 -37.625946044921875 92.28775787353516
v -17.050575256347656 -37.512664794921875 93.06804656982422
v -4.018162250518799 -37.61310958862305 93.0763931274414
v -16.719850540161133 -38.44816207885742 92.49762725830078
v -4.209146499633789 -37.93198013305664 93.77637481689453
v -17.136014938354492 -38.602359771728516 93.23429870605469
v -3.9881153106689453 -38.770477294921875 93.04076385498047
v -16.778778076171875 -39.36906814575195 92.70638275146484
v -4.201552867889404 -38.860008239746094 93.83434295654297
v -17.14655113220215 -39.557804107666016 93.41769409179688
v -3.9893641471862793 -39.734153747558594 93.16487884521484
v -16.76068687438965 -40.257808685302734 92.93608093261719
v -4.198106288909912 -39.78924560546875 93.96907806396484
v -17.101228713989258 -40.45243453979492 93.61658477783203
v -4.009455680847168 -40.62506866455078 93.3355712890625
v -16.733320236206055 -40.99452209472656 93.19563293457031
v -4.197627544403076 -40.703304290771484 94.10246276855469
v -16.987009048461914 -41.35929489135742 93.77491760253906
v -4.044005870819092 -41.445640563964844 93.48876953125
v -16.479522705078125 -41.84687042236328 93.1515884399414
v -16.328022003173828 -42.70181655883789 93.3344955444336
v -4.19825553894043 -41.591407775878906 94.14823150634766
v -16.817724227905273 -42.42586135864258 93.94015502929688
v -4.085700035095215 -42.085426330566406 93.58525848388672
v -15.896812438964844 -43.277061462402344 92.92940521240234
v -4.090862274169922 -42.780208587646484 93.28166198730469
v -4.185832977294922 -42.36524963378906 93.95945739746094
v -16.392383575439453 -43.489593505859375 93.7935791015625
v -16.90997886657715 -43.239990234375 94.36746215820312
v -4.250378608703613 -43.26956558227539 93.8892822265625
v -15.84306812286377 -44.18781661987305 93.36922454833984
v -16.229286193847656 -44.528995513916016 94.07189178466797
v -16.77322769165039 -44.065284729003906 94.51258850097656
v -4.349471092224121 -44.29592514038086 94.18595886230469
v -15.687299728393555 -45.01778793334961 93.66986846923828
v -16.053359985351562 -45.37567901611328 94.32535552978516
v -16.63080596923828 -45.019187927246094 94.77523803710938
v -4.391737937927246 -45.25701904296875 94.44219207763672
v -15.553435325622559 -45.71144485473633 94.00125885009766
v -15.814702987670898 -46.010982513427734 94.49681091308594
v -16.361961364746094 -45.92845153808594 94.9933853149414
v -4.3926920890808105 -46.18349075317383 94.73605346679688
v -15.145506858825684 -46.58174133300781 94.35310363769531
v -14.554734230041504 -47.43016815185547 94.67889404296875
v -15.894399642944336 -46.425113677978516 94.88153839111328
v -4.360476970672607 -46.93745040893555 95.10445404052734
v -14.012639999389648 -47.71686935424805 94.54541778564453
v -13.75832748413086 -48.16857147216797 94.77864837646484
v -14.340300559997559 -48.119876861572266 95.17569732666016
v -4.407480716705322 -48.04640197753906 95.20228576660156
v -13.311203956604004 -48.546234130859375 94.79228973388672
v -4.616711616516113 -48.88859558105469 94.65330505371094
v -13.767303466796875 -48.70990753173828 95.25764465332031
v -14.254210472106934 -48.8079833984375 95.7896499633789
v -4.799264430999756 -49.810203552246094 94.8323974609375
v -13.086459159851074 -49.42304992675781 95.36216735839844
v -12.516342163085938 -50.18666458129883 95.50801086425781
v -4.525596618652344 -49.054874420166016 95.33080291748047
v -13.773113250732422 -49.24475860595703 95.77339172363281
v -5.045407295227051 -50.67298889160156 95.02149963378906
v -12.058244705200195 -50.45773696899414 95.32381439208984
v -11.844380378723145 -50.91191482543945 95.51567077636719
v -12.323931694030762 -50.81732177734375 95.87018585205078
v -5.172413349151611 -51.15378952026367 95.47669982910156
v -11.409782409667969 -51.37259292602539 95.57803344726562
v -10.685192108154297 -51.77838134765625 95.25239562988281
v -11.952095031738281 -51.24774169921875 95.93690490722656
v -12.260733604431152 -51.2760009765625 96.27593231201172
v -5.566073417663574 -51.86077880859375 95.68949127197266
v -10.017820358276367 -52.16154098510742 94.99101257324219
v -6.156428337097168 -52.54347610473633 95.60399627685547
v -9.66968059539795 -52.691810607910156 95.63800048828125
v -10.441272735595703 -52.27882766723633 95.72754669189453
v -6.50858736038208 -52.89894485473633 96.31315612792969
v -8.699105262756348 -53.01820755004883 95.4026107788086
v -7.146927356719971 -53.16893768310547 96.2107162475586
v -7.856484413146973 -53.27568435668945 96.1081314086914
v -8.458282470703125 -53.24419403076172 95.98368072509766
v -5.174204349517822 -23.584794998168945 91.33019256591797
v -5.769018650054932 -23.312833786010742 91.5439224243164
v -6.691425323486328 -23.288570404052734 91.54258728027344
v -7.769383430480957 -23.499401092529297 91.37957000732422
v -8.810441970825195 -23.814836502075195 91.24778747558594
v -5.204897403717041 -23.14962387084961 92.12083435058594
v -6.179081916809082 -22.958431243896484 92.0960693359375
v -6.915711879730225 -22.89177703857422 92.24575805664062
v -4.581416606903076 -23.776676177978516 91.53234100341797
v -9.675483703613281 -24.00099754333496 91.54051971435547
v -4.089414596557617 -24.089595794677734 91.7555160522461
v -10.144140243530273 -24.35364532470703 91.40957641601562
v -10.78535270690918 -24.847715377807617 91.41287231445312
v -4.38446044921875 -23.54668617248535 92.21651458740234
v -10.23967456817627 -24.007610321044922 92.0468978881836
v -3.7275521755218506 -24.841270446777344 91.60699462890625
v -11.363359451293945 -25.230649948120117 91.59747314453125
v -11.877995491027832 -25.72264289855957 91.68671417236328
v -11.799891471862793 -25.211849212646484 92.06293487548828
v -3.412229537963867 -25.776226043701172 91.83592224121094
v -12.347074508666992 -26.35613441467285 91.69766235351562
v -12.614192008972168 -27.060529708862305 91.55419921875
v -13.07618236541748 -26.49350929260254 92.32562255859375
v -13.580865859985352 -26.425220489501953 92.83982849121094
v -3.289825201034546 -26.718488693237305 92.10637664794922
v -13.170275688171387 -27.12968635559082 92.08419799804688
v -13.628320693969727 -27.492929458618164 92.38720703125
v -13.511209487915039 -26.841388702392578 92.55545043945312
v -3.32065486907959 -27.67875099182129 92.37594604492188
v -13.944951057434082 -28.099010467529297 92.45911407470703
v -14.37869930267334 -28.286598205566406 92.84921264648438
v -3.444395065307617 -28.656261444091797 92.61262512207031
v -13.959298133850098 -28.84650993347168 92.13658142089844
v -3.535773515701294 -29.428001403808594 92.61934661865234
v -14.459943771362305 -29.68536949157715 92.24848175048828
v -3.5822737216949463 -28.97307586669922 93.05628204345703
v -14.440791130065918 -28.877660751342773 92.65238952636719
v -3.6692557334899902 -29.544761657714844 93.10867309570312
v -15.00863265991211 -30.584611892700195 92.39128875732422
v -15.673028945922852 -30.65984344482422 93.19153594970703
v -3.7584264278411865 -30.349483489990234 93.10635375976562
v -15.35582447052002 -31.36288070678711 92.37356567382812
v -15.575236320495605 -31.877975463867188 92.3716812133789
v -15.799847602844238 -31.517637252807617 92.87625122070312
v -16.166101455688477 -31.203041076660156 93.51397705078125
v -3.830019474029541 -31.45039939880371 92.96935272216797
v -15.846701622009277 -32.16618347167969 92.59034729003906
v -16.278881072998047 -32.755733489990234 92.90916442871094
v -16.155109405517578 -31.871431350708008 93.15257263183594
v -3.92695689201355 -32.526004791259766 93.15328216552734
v -16.70048713684082 -33.340240478515625 93.26513671875
v -17.106794357299805 -33.40304946899414 93.7853012084961
v -3.992511034011841 -33.52489471435547 93.3490219116211
v -16.829744338989258 -34.04688262939453 93.23876953125
v -17.253406524658203 -34.16948318481445 93.7773208618164
v -4.048789978027344 -34.488529205322266 93.52344512939453
v -16.996732711791992 -34.792842864990234 93.30305480957031
v -17.318038940429688 -35.385093688964844 93.63919830322266
v -17.31485939025879 -34.71935272216797 93.74176025390625
v -4.120273590087891 -35.4340934753418 93.69615936279297
v -17.540502548217773 -36.08763122558594 93.85087585449219
v -17.902353286743164 -36.29536437988281 94.33219909667969
v -4.21181583404541 -36.375308990478516 93.8851089477539
v -17.524105072021484 -36.893638610839844 93.77722930908203
v -4.23805046081543 -37.14671325683594 93.8854751586914
v -4.375400543212891 -36.648555755615234 94.34393310546875
v -17.945045471191406 -37.20786666870117 94.3727798461914
v -4.418116092681885 -37.24506759643555 94.40699768066406
v -17.533967971801758 -37.87472152709961 93.79923248291016
v -17.959562301635742 -38.17677688598633 94.45501708984375
v -4.438971042633057 -38.05699157714844 94.48755645751953
v -17.54805564880371 -38.8610954284668 93.92609405517578
v -17.947145462036133 -39.145877838134766 94.58710479736328
v -4.434015274047852 -38.96541213989258 94.61483764648438
v -17.52165985107422 -39.8108024597168 94.09130859375
v -17.906152725219727 -40.10456085205078 94.74677276611328
v -4.40962553024292 -39.902408599853516 94.75052642822266
v -17.45519256591797 -40.74816131591797 94.26637268066406
v -17.849149703979492 -41.064510345458984 94.91836547851562
v -4.380277156829834 -40.87372589111328 94.84443664550781
v -17.36760711669922 -41.7110595703125 94.44676971435547
v -17.798336029052734 -42.029537200927734 95.10371398925781
v -4.348109722137451 -42.03574752807617 94.77880096435547
v -17.319913864135742 -42.65988540649414 94.67630767822266
v -17.761545181274414 -42.99259567260742 95.3106460571289
v -4.3879289627075195 -43.126102447509766 94.99327850341797
v -17.283485412597656 -43.5764274597168 94.92080688476562
v -17.720947265625 -43.95750045776367 95.55138397216797
v -4.398349761962891 -44.128875732421875 95.20966339111328
v -17.208446502685547 -44.53618621826172 95.18791198730469
v -17.664995193481445 -44.90165710449219 95.85256958007812
v -4.366668701171875 -45.095890045166016 95.4317626953125
v -17.124530792236328 -45.64028549194336 95.64380645751953
v -16.6691951751709 -46.384124755859375 95.63152313232422
v -17.6334171295166 -45.502750396728516 96.10420989990234
v -4.297561168670654 -46.04274368286133 95.67804718017578
v -16.25337791442871 -46.56725311279297 95.33465576171875
v -15.816858291625977 -46.99382019042969 95.32634735107422
v -16.436338424682617 -47.029441833496094 95.95535278320312
v -4.235316753387451 -47.012123107910156 95.88703918457031
v -15.150463104248047 -47.65821838378906 95.4449462890625
v -15.912980079650879 -47.624969482421875 96.11893463134766
v -16.408676147460938 -47.54073715209961 96.48603820800781
v -4.196751594543457 -47.83293533325195 96.17640686035156
v -14.774201393127441 -48.39650344848633 95.89069366455078
v -14.659048080444336 -48.94430160522461 96.44356536865234
v -4.31486701965332 -48.87843322753906 96.30823516845703
v -14.118772506713867 -49.40871810913086 96.35304260253906
v -4.573513984680176 -49.62228012084961 95.76502990722656
v -13.561563491821289 -49.84553146362305 96.22482299804688
v -4.826271057128906 -50.48944854736328 95.98008728027344
v -12.949463844299316 -50.42164993286133 96.17706298828125
v -4.513976097106934 -49.8214225769043 96.45040130615234
v -13.419617652893066 -50.42202377319336 96.77080535888672
v -5.155973434448242 -51.30855941772461 96.22402954101562
v -12.61711597442627 -51.029441833496094 96.43053436279297
v -11.876916885375977 -51.69087219238281 96.47201538085938
v -12.448909759521484 -51.39004135131836 96.70719146728516
v -5.454575538635254 -51.842750549316406 96.7974624633789
v -11.100889205932617 -52.01221466064453 96.08611297607422
v -5.946198463439941 -52.438026428222656 96.48323822021484
v -9.938401222229004 -52.97307205200195 96.80259704589844
v -10.692611694335938 -52.52092361450195 96.63453674316406
v -11.43553638458252 -52.167930603027344 96.80387115478516
v -6.410153865814209 -52.82929992675781 97.12535095214844
v -9.14992904663086 -53.136844635009766 96.2776107788086
v -7.0385894775390625 -53.131832122802734 96.99887084960938
v -7.801767349243164 -53.292869567871094 96.93277740478516
v -8.671774864196777 -53.302581787109375 96.83307647705078
v -9.445087432861328 -53.210880279541016 97.0388412475586
v -5.2119855880737305 -22.654212951660156 93.05420684814453
v -5.973917484283447 -22.622743606567383 92.7671127319336
v -6.636683464050293 -22.659780502319336 92.61993408203125
v -4.6699442863464355 -23.06815528869629 92.72306060791016
v -7.327157497406006 -22.631959915161133 92.83963012695312
v -4.191648483276367 -23.406938552856445 92.92996215820312
v -7.784556865692139 -23.01491355895996 92.33859252929688
v -8.811713218688965 -23.337106704711914 92.25466918945312
v -9.823453903198242 -23.66400146484375 92.3282241821289
v -3.898669719696045 -24.066137313842773 92.36734008789062
v -10.59127140045166 -23.85843276977539 92.64020538330078
v -10.919175148010254 -24.255016326904297 92.3331527709961
v -11.657209396362305 -24.778005599975586 92.39086151123047
v -11.13713264465332 -23.900346755981445 93.08023071289062
v -3.572538375854492 -24.80183219909668 92.55342102050781
v -12.286237716674805 -25.19781494140625 92.56078338623047
v -12.806032180786133 -25.7557373046875 92.58232116699219
v -13.39875316619873 -26.02992820739746 92.93228912353516
v -12.92591667175293 -25.184337615966797 93.19174194335938
v -3.400707960128784 -25.660490036010742 92.82222747802734
v -13.787437438964844 -26.131431579589844 93.25296020507812
v -3.3883349895477295 -26.573604583740234 93.10884094238281
v -14.006403923034668 -26.752798080444336 93.11825561523438
v -14.210273742675781 -27.553218841552734 92.97000885009766
v -14.478987693786621 -27.057016372680664 93.48719024658203
v -3.5047249794006348 -27.540210723876953 93.42305755615234
v -14.710552215576172 -27.662147521972656 93.501708984375
v -3.5794897079467773 -28.39982032775879 93.34217834472656
v -3.7046761512756348 -28.832151412963867 93.61376953125
v -14.941096305847168 -28.659814834594727 93.33625793457031
v -15.253809928894043 -29.723539352416992 93.18544006347656
v -15.502294540405273 -29.019895553588867 93.85704803466797
v -3.825719118118286 -29.502634048461914 93.79469299316406
v -15.928075790405273 -29.709102630615234 94.02974700927734
v -16.174673080444336 -30.525754928588867 93.8923110961914
v -3.9250011444091797 -30.383968353271484 93.8985824584961
v -16.500768661499023 -30.918148040771484 94.0785903930664
v -4.006756782531738 -31.37872886657715 94.01231384277344
v -16.649450302124023 -31.746492385864258 93.83878326416016
v -16.881704330444336 -32.66439437866211 93.7380599975586
v -17.124998092651367 -32.07553482055664 94.27445983886719
v -4.07875394821167 -32.375511169433594 94.18185424804688
v -17.37103271484375 -32.68366622924805 94.36256408691406
v -4.151725769042969 -33.35157012939453 94.35978698730469
v -17.5696964263916 -33.526153564453125 94.3643569946289
v -4.241918087005615 -34.313961029052734 94.50654602050781
v -17.689807891845703 -34.531681060791016 94.28312683105469
v -17.79817771911621 -35.47258377075195 94.2685317993164
v -18.074085235595703 -34.923160552978516 94.7253189086914
v -4.389494895935059 -35.227108001708984 94.7216796875
v -18.22805404663086 -35.5849609375 94.8606948852539
v -4.451634883880615 -36.03879928588867 94.669921875
v -4.590536117553711 -36.50815200805664 94.94036865234375
v -18.328819274902344 -36.49834442138672 94.94746398925781
v -4.675168037414551 -37.27524185180664 95.10017395019531
v -18.35993003845215 -37.48200225830078 95.00691986083984
v -4.700643539428711 -38.16506576538086 95.27183532714844
v -18.358972549438477 -38.4619026184082 95.10916900634766
v -4.662105560302734 -39.10811996459961 95.40833282470703
v -18.333250045776367 -39.43400192260742 95.24867248535156
v -4.601101398468018 -40.03526306152344 95.52538299560547
v -18.29216766357422 -40.402870178222656 95.40794372558594
v -4.551798343658447 -40.99306869506836 95.65522003173828
v -18.24921226501465 -41.375701904296875 95.57638549804688
v -4.515988826751709 -41.996742248535156 95.80663299560547
v -18.213871002197266 -42.35506057739258 95.75687408447266
v -4.484575271606445 -42.98579406738281 96.00301361083984
v -18.18223762512207 -43.338314056396484 95.96636199951172
v -4.423066139221191 -43.964439392089844 96.20240783691406
v -18.136566162109375 -44.31739044189453 96.23408508300781
v -4.312649726867676 -44.961273193359375 96.41971588134766
v -18.033618927001953 -45.31161880493164 96.59040069580078
v -17.60124969482422 -46.02634811401367 96.46688079833984
v -4.149591445922852 -46.03254318237305 96.66043090820312
v -17.073518753051758 -46.64729690551758 96.35490417480469
v -4.044017791748047 -45.74689483642578 97.40977478027344
v -17.548194885253906 -46.64080810546875 96.98446655273438
v -4.058579921722412 -47.12725830078125 96.69541931152344
v -16.77324104309082 -47.266502380371094 96.60267639160156
v -16.167509078979492 -47.98210906982422 96.90699768066406
v -16.64720344543457 -47.63547897338867 96.94913482666016
v -3.9573333263397217 -46.48482894897461 97.2783203125
v -4.040746688842773 -48.02135467529297 96.93678283691406
v -15.393994331359863 -48.414432525634766 96.7231216430664
v -14.885226249694824 -49.07107925415039 97.04798126220703
v -3.890122652053833 -47.30253601074219 97.4241943359375
v -15.907456398010254 -48.316280364990234 97.24490356445312
v -4.065806865692139 -48.780250549316406 97.42662048339844
v -14.453871726989746 -49.47195053100586 96.99678802490234
v -3.8707540035247803 -48.05652618408203 97.73685455322266
v -14.729098320007324 -49.40108108520508 97.5085678100586
v -4.355905055999756 -49.6745491027832 97.3396987915039
v -13.91743278503418 -50.033206939697266 97.03047943115234
v -4.6274800300598145 -50.32358932495117 96.92281341552734
v -13.551560401916504 -50.593631744384766 97.3146743774414
v -4.989678859710693 -51.066898345947266 97.25259399414062
v -13.002548217773438 -51.0430908203125 97.17118072509766
v -12.368278503417969 -51.673118591308594 97.2022933959961
v -4.615629196166992 -50.406982421875 97.64025115966797
v -13.452500343322754 -50.82365798950195 97.68536376953125
v -5.4565534591674805 -51.78276443481445 97.71912384033203
v -11.894943237304688 -52.024471282958984 97.16636657714844
v -5.932681560516357 -52.374732971191406 97.52877044677734
v -10.63687515258789 -52.8214111328125 97.69612884521484
v -11.505277633666992 -52.341941833496094 97.60533142089844
v -12.149176597595215 -51.98517608642578 97.68828582763672
v -6.437780380249023 -52.781795501708984 97.8139877319336
v -9.952672958374023 -53.11592102050781 97.48316192626953
v -6.9470696449279785 -53.02470016479492 97.77600860595703
v -7.702444553375244 -53.20513153076172 97.79750061035156
v -8.567694664001465 -53.2795524597168 97.7757568359375
v -9.475249290466309 -53.22430419921875 97.78562927246094
v -6.8142523765563965 -52.86465072631836 98.33978271484375
v -10.183478355407715 -53.06959533691406 98.0335464477539
v -5.145876407623291 -22.317523956298828 93.90203857421875
v -5.908041000366211 -22.213680267333984 93.60103607177734
v -6.847672939300537 -22.300012588500977 93.37250518798828
v -4.6014251708984375 -22.83666229248047 93.42760467529297
v -7.674566745758057 -22.36033058166504 93.48563385009766
v -4.129731178283691 -23.27023696899414 93.73049926757812
v -8.126692771911621 -22.6334228515625 93.20902252197266
v -8.850882530212402 -22.917404174804688 93.12129974365234
v -9.791479110717773 -23.20578956604004 93.22840118408203
v -10.770291328430176 -23.54210662841797 93.3851547241211
v -8.244548797607422 -22.33897590637207 93.81645202636719
v -3.806706428527832 -23.972095489501953 93.18634796142578
v -11.509442329406738 -23.761266708374023 93.6600570678711
v -11.805854797363281 -24.16685676574707 93.32720184326172
v -12.572958946228027 -24.685300827026367 93.40103912353516
v -12.032796859741211 -23.8210391998291 94.06240844726562
v -3.580329179763794 -24.70383644104004 93.47611999511719
v -13.222880363464355 -24.950267791748047 93.72630310058594
v -13.616189002990723 -25.486574172973633 93.63871002197266
v -13.557602882385254 -24.955543518066406 94.09832763671875
v -3.5088329315185547 -25.537633895874023 93.77971649169922
v -14.183175086975098 -26.102956771850586 93.72522735595703
v -14.46373176574707 -26.566184997558594 93.72430419921875
v -14.617175102233887 -26.20699119567871 94.17202758789062
v -3.561383008956909 -26.39702606201172 94.07091522216797
v -14.88345718383789 -26.816152572631836 94.13743591308594
v -3.6885130405426025 -27.11688995361328 94.390380859375
v -15.276843070983887 -27.629627227783203 94.23445129394531
v -3.694448947906494 -28.010852813720703 93.99705505371094
v -15.467464447021484 -28.371334075927734 94.12602233886719
v -15.696044921875 -27.928979873657227 94.61963653564453
v -3.853999376296997 -28.561607360839844 94.37803649902344
v -15.933854103088379 -28.630535125732422 94.58470153808594
v -3.987168788909912 -29.316680908203125 94.65892791748047
v -16.391733169555664 -29.26252555847168 94.83956909179688
v -16.5838623046875 -30.145666122436523 94.59661102294922
v -16.677949905395508 -29.562955856323242 95.03153991699219
v -4.087071895599365 -30.254724502563477 94.8415756225586
v -16.887887954711914 -30.97977638244629 94.5062255859375
v -17.112001419067383 -31.529891967773438 94.4970474243164
v -17.28101348876953 -31.09128189086914 94.91059112548828
v -4.167301654815674 -31.229095458984375 95.00820922851562
v -17.54009437561035 -31.761524200439453 94.92768859863281
v -4.24946403503418 -32.2010498046875 95.18653106689453
v -17.93382453918457 -32.67213439941406 95.10111999511719
v -18.382585525512695 -33.13338851928711 95.55704498291016
v -4.366904258728027 -33.17918395996094 95.39586639404297
v -18.019887924194336 -33.68583297729492 94.92005920410156
v -18.13397979736328 -34.3415412902832 94.91680145263672
v -4.597232341766357 -33.43585968017578 96.0316162109375
v -18.367107391357422 -33.88618850708008 95.34542846679688
v -4.466938018798828 -34.19394302368164 95.34662628173828
v -18.482839584350586 -34.64809036254883 95.36812591552734
v -4.712222576141357 -34.2048454284668 95.97053527832031
v -4.598340034484863 -34.77386474609375 95.4748764038086
v -18.72545623779297 -35.62491989135742 95.6185302734375
v -4.730587005615234 -35.47635269165039 95.51591491699219
v -4.761107444763184 -34.749916076660156 95.85579681396484
v -19.099124908447266 -36.04425811767578 96.20814514160156
v -4.902807235717773 -36.42961883544922 95.70140838623047
v -18.740564346313477 -36.74357223510742 95.5982666015625
v -5.261108875274658 -36.46055221557617 96.5041275024414
v -19.106361389160156 -36.9981575012207 96.2559585571289
v -4.980319976806641 -37.32887649536133 95.89987182617188
v -18.746042251586914 -37.7453727722168 95.66685485839844
v -5.305624008178711 -37.360347747802734 96.74517822265625
v -19.09568977355957 -37.97847366333008 96.3625717163086
v -4.984719753265381 -38.34517288208008 96.19857025146484
v -18.729480743408203 -38.72804260253906 95.78618621826172
v -5.290092945098877 -38.11450958251953 97.02592468261719
v -19.061809539794922 -38.96177291870117 96.5036392211914
v -4.824766635894775 -39.32191848754883 96.09876251220703
v -18.695161819458008 -39.704864501953125 95.93421173095703
v -19.012338638305664 -39.9432373046875 96.65997314453125
v -4.777220249176025 -40.08454513549805 96.3265609741211
v -18.653732299804688 -40.68254852294922 96.0946273803711
v -18.95864486694336 -40.9267692565918 96.82334899902344
v -4.702114582061768 -40.98237991333008 96.5210189819336
v -18.615123748779297 -41.66694259643555 96.26229095458984
v -18.90973663330078 -41.919097900390625 96.99649810791016
v -4.639094352722168 -41.88938522338867 96.75106048583984
v -18.582508087158203 -42.65864181518555 96.44715118408203
v -18.86736297607422 -42.91450881958008 97.19068145751953
v -4.558047771453857 -42.83309555053711 96.96964263916016
v -18.548566818237305 -43.64340591430664 96.67430877685547
v -18.824338912963867 -43.876895904541016 97.42780303955078
v -4.436999797821045 -43.804630279541016 97.18917846679688
v -18.500364303588867 -44.58626937866211 96.98011779785156
v -18.770402908325195 -44.730525970458984 97.72695922851562
v -4.241949558258057 -44.848548889160156 97.46525573730469
v -18.450740814208984 -45.395267486572266 97.42863464355469
v -4.0603837966918945 -45.37871170043945 98.02384185791016
v -18.69857406616211 -45.33498001098633 98.04910278320312
v -3.9284448623657227 -46.040061950683594 97.76232147216797
v -18.00551986694336 -46.16455078125 97.30458068847656
v -17.707509994506836 -46.82041931152344 97.53691864013672
v -3.8363234996795654 -46.64842224121094 97.90062713623047
v -17.175216674804688 -47.280887603759766 97.3722915649414
v -16.593276977539062 -47.89479064941406 97.45906066894531
v -17.62415885925293 -47.06625747680664 97.89763641357422
v -3.775357961654663 -47.37868118286133 98.15082550048828
v -16.19219970703125 -48.21622085571289 97.48233032226562
v -15.830254554748535 -48.53213119506836 97.91962432861328
v -16.391530990600586 -48.17355728149414 97.93331909179688
v -3.7823843955993652 -48.064048767089844 98.46277618408203
v -15.154167175292969 -49.01814651489258 97.65625
v -3.902268171310425 -48.60160446166992 98.11406707763672
v -14.774066925048828 -49.49840545654297 98.19783782958984
v -4.103213787078857 -49.21875 98.2095718383789
v -14.349475860595703 -49.8359375 97.7044448852539
v -4.463811874389648 -50.02393341064453 98.49073028564453
v -13.83837890625 -50.44662094116211 97.94486236572266
v -4.815576076507568 -50.74286651611328 98.23033905029297
v -13.306242942810059 -51.04221725463867 98.30880737304688
v -5.294848918914795 -51.360660552978516 98.59213256835938
v -12.662420272827148 -51.598472595214844 97.96974182128906
v -5.854642868041992 -52.06842803955078 98.49433135986328
v -6.363600254058838 -52.56208419799805 98.40911102294922
v -11.37834644317627 -52.48737716674805 98.70613098144531
v -12.149892807006836 -52.029117584228516 98.4181900024414
v -6.984130382537842 -52.70897674560547 99.0759506225586
v -10.64269733428955 -52.88114547729492 98.48480224609375
v -7.569962024688721 -53.00361633300781 98.71329498291016
v -8.485041618347168 -53.14937973022461 98.68482971191406
v -9.343708992004395 -53.152565002441406 98.6596450805664
v -10.106019020080566 -53.04673385620117 98.63220977783203
v -5.071691513061523 -22.081769943237305 94.63478088378906
v -5.76414680480957 -21.8028564453125 94.53594207763672
v -6.664896488189697 -21.830364227294922 94.2303237915039
v -7.8305583000183105 -21.932422637939453 94.37098693847656
v -6.505938529968262 -21.428810119628906 94.96025848388672
v -7.228669166564941 -21.510671615600586 94.82054138183594
v -7.728721618652344 -21.539400100708008 94.93821716308594
v -4.5546183586120605 -22.634157180786133 94.35192108154297
v -8.714242935180664 -22.22840118408203 94.33695983886719
v -4.118810653686523 -23.22845458984375 94.46520233154297
v -8.858429908752441 -22.549922943115234 93.82198333740234
v -9.683436393737793 -22.782461166381836 93.976318359375
v -10.727792739868164 -23.03734588623047 94.32959747314453
v -11.677690505981445 -23.458303451538086 94.37816619873047
v -9.48062515258789 -22.38993263244629 94.5797348022461
v -10.309805870056152 -22.60190200805664 94.81412506103516
v -10.993816375732422 -22.725244522094727 95.16002655029297
v -3.830204963684082 -23.87519645690918 94.03545379638672
v -12.360918045043945 -23.706926345825195 94.5984115600586
v -12.656027793884277 -24.114057540893555 94.27664947509766
v -13.276208877563477 -24.604198455810547 94.250732421875
v -3.9604389667510986 -23.7551212310791 94.89270782470703
v -12.84009838104248 -23.797134399414062 95.01551818847656
v -3.6966099739074707 -24.608348846435547 94.38072204589844
v -13.9694242477417 -24.916833877563477 94.74142456054688
v -14.410449981689453 -25.637418746948242 94.44872283935547
v -3.870927572250366 -24.546789169311523 95.26813507080078
v -3.682497501373291 -25.44314193725586 94.68345642089844
v -14.99267292022705 -26.04279327392578 94.84138488769531
v -3.873793363571167 -25.43375015258789 95.52018737792969
v -3.7474257946014404 -26.2618408203125 94.91234588623047
v -15.495604515075684 -26.676218032836914 95.03441619873047
v -15.709712982177734 -27.362035751342773 94.91190338134766
v -3.921577215194702 -26.336774826049805 95.60844421386719
v -15.969720840454102 -26.963058471679688 95.4408187866211
v -3.8281843662261963 -26.896034240722656 95.04782104492188
v -16.13014793395996 -27.701169967651367 95.2568130493164
v -3.842416763305664 -27.631563186645508 94.7861557006836
v -3.9455249309539795 -27.13968276977539 95.4361801147461
v -4.019089698791504 -28.06000328063965 95.38453674316406
v -16.49677848815918 -28.463314056396484 95.34527587890625
v -16.80270004272461 -29.09385108947754 95.39839935302734
v -16.790821075439453 -28.620140075683594 95.6148452758789
v -4.1496381759643555 -29.089353561401367 95.63933563232422
v -16.97333335876465 -29.768329620361328 95.24454498291016
v -17.134593963623047 -30.45518684387207 95.06391906738281
v -17.37706756591797 -30.022876739501953 95.54054260253906
v -4.248085021972656 -30.072269439697266 95.82545471191406
v -17.668384552001953 -30.736438751220703 95.51935577392578
v -4.3429460525512695 -31.040023803710938 95.99955749511719
v -18.193180084228516 -31.548736572265625 95.80242156982422
v -18.392791748046875 -32.35981369018555 95.78714752197266
v -18.657991409301758 -31.865009307861328 96.26902770996094
v -4.452692031860352 -31.98656463623047 96.17628479003906
v -18.757080078125 -32.59441375732422 96.19916534423828
v -4.530547618865967 -32.72475051879883 96.17450714111328
v -4.606793403625488 -32.228736877441406 96.61539459228516
v -4.724669456481934 -32.75954818725586 96.66854858398438
v -18.784435272216797 -33.599422454833984 96.00753784179688
v -4.889980792999268 -33.51202392578125 96.65560913085938
v -19.01349449157715 -34.53713607788086 96.18541717529297
v -19.118793487548828 -35.2696418762207 96.26821899414062
v -19.314956665039062 -34.770877838134766 96.6320571899414
v -5.042795181274414 -34.52819061279297 96.49740600585938
v -19.40262794494629 -35.36415481567383 96.75521850585938
v -5.149943828582764 -35.56964874267578 96.36974334716797
v -5.389300346374512 -34.923011779785156 96.99243927001953
v -5.532125473022461 -35.609981536865234 97.12986755371094
v -19.43988037109375 -36.22757339477539 96.84830474853516
v -5.623270511627197 -36.49958419799805 97.33023834228516
v -19.44073486328125 -37.18647384643555 96.96490478515625
v -5.6237335205078125 -37.46796798706055 97.65110778808594
v -19.405845642089844 -38.17250442504883 97.11214447021484
v -5.4146199226379395 -38.34423065185547 97.58978271484375
v -5.085882186889648 -39.1178092956543 97.0148696899414
v -19.34072494506836 -39.16146469116211 97.27037048339844
v -5.358190059661865 -38.900794982910156 97.90615844726562
v -4.904606819152832 -40.154666900634766 97.04871368408203
v -19.258560180664062 -40.14208984375 97.4287338256836
v -4.848677158355713 -40.875282287597656 97.38861846923828
v -19.174884796142578 -41.1214485168457 97.6016845703125
v -4.7556071281433105 -41.766334533691406 97.67330932617188
v -19.100622177124023 -42.11901092529297 97.78602600097656
v -4.641850471496582 -42.69219970703125 97.9183578491211
v -19.038738250732422 -43.116294860839844 97.9767837524414
v -4.4914960861206055 -43.6331787109375 98.17521667480469
v -18.97806739807129 -44.04799270629883 98.19341278076172
v -4.305838584899902 -44.499053955078125 98.50653076171875
v -18.88901710510254 -44.83993148803711 98.43639373779297
v -4.100672721862793 -45.2662353515625 98.79491424560547
v -18.70806121826172 -45.489627838134766 98.66416931152344
v -3.9041824340820312 -45.98838424682617 98.3326187133789
v -18.42112922668457 -45.915313720703125 98.08120727539062
v -3.7935240268707275 -46.688228607177734 98.58928680419922
v -17.98219108581543 -46.63722610473633 98.20389556884766
v -17.47071647644043 -47.265689849853516 98.51451873779297
v -3.747429609298706 -47.408931732177734 98.87091064453125
v -16.858121871948242 -47.81157302856445 98.17623138427734
v -15.847777366638184 -48.61703109741211 99.11442565917969
v -16.400829315185547 -48.20747375488281 98.66211700439453
v -3.788511276245117 -48.0622444152832 99.1583023071289
v -15.283255577087402 -49.06227493286133 98.6078872680664
v -3.900754928588867 -48.67734146118164 98.77030181884766
v -14.786345481872559 -49.548095703125 99.1435775756836
v -4.162296772003174 -49.27509307861328 99.14624786376953
v -14.318495750427246 -50.011600494384766 98.59780883789062
v -4.5449137687683105 -49.88602066040039 99.68739318847656
v -13.828203201293945 -50.55477523803711 98.97631072998047
v -4.8973212242126465 -50.64495086669922 99.20755767822266
v -13.362760543823242 -51.03193664550781 99.3974609375
v -5.412915229797363 -51.166202545166016 99.80158233642578
v -12.801240921020508 -51.53773880004883 98.95378875732422
v -5.8983378410339355 -51.77827072143555 99.49703979492188
v -6.4432783126831055 -52.31140899658203 99.29788970947266
v -11.522311210632324 -52.34012985229492 99.86625671386719
v -12.204483032226562 -51.95808410644531 99.46175384521484
v -7.142190933227539 -52.49064636230469 99.98702239990234
v -10.787837982177734 -52.751991271972656 99.24525451660156
v -7.76566743850708 -52.782657623291016 99.77751922607422
v -8.498138427734375 -52.96141052246094 99.61925506591797
v -9.30754566192627 -53.00330352783203 99.55846405029297
v -10.098876953125 -52.92401885986328 99.47620391845703
v -6.457947731018066 -21.116018295288086 95.72021484375
v -7.0881452560424805 -21.19548988342285 95.4408950805664
v -7.601869106292725 -21.336631774902344 95.27120971679688
v -5.948003768920898 -21.396488189697266 95.29467010498047
v -8.25804615020752 -21.48189926147461 95.46843719482422
v -5.3166399002075195 -21.707962036132812 95.40377044677734
v -9.123235702514648 -21.945514678955078 95.21144104003906
v -10.121106147766113 -22.245868682861328 95.38565063476562
v -10.74561882019043 -22.46415138244629 95.4594497680664
v -4.778566837310791 -22.229093551635742 95.10600280761719
v -11.349154472351074 -22.57009506225586 95.843017578125
v -11.718572616577148 -23.006502151489258 95.337158203125
v -12.418864250183105 -23.445751190185547 95.19942474365234
v -4.359813690185547 -22.86911392211914 95.27926635742188
v -13.109278678894043 -23.63837242126465 95.75902557373047
v -13.464801788330078 -24.189870834350586 95.19727325439453
v -4.132911682128906 -23.65438461303711 95.80961608886719
v -14.326204299926758 -24.509496688842773 95.9430160522461
v -14.885038375854492 -25.25303077697754 95.56858825683594
v -4.052033424377441 -24.542797088623047 96.15093231201172
v -15.517671585083008 -25.842985153198242 95.705078125
v -16.05807876586914 -26.255525588989258 96.00523376464844
v -15.885798454284668 -25.734771728515625 96.24073028564453
v -4.054834842681885 -25.53759002685547 96.32414245605469
v -16.47494125366211 -26.959779739379883 96.02465057373047
v -17.211483001708984 -27.11821174621582 96.67529296875
v -4.093038558959961 -26.755882263183594 96.26518249511719
v -16.72102165222168 -27.737558364868164 95.89413452148438
v -16.851806640625 -28.291542053222656 95.80562591552734
v -17.25674819946289 -28.044248580932617 96.27685546875
v -17.945905685424805 -27.769142150878906 97.00773620605469
v -4.204870700836182 -27.8780460357666 96.46382904052734
v -17.10956573486328 -28.687339782714844 95.88431549072266
v -17.298337936401367 -29.357994079589844 95.76492309570312
v -17.765060424804688 -28.81509017944336 96.41657257080078
v -18.476526260375977 -28.573123931884766 97.15873718261719
v -4.312076091766357 -28.897315979003906 96.6488265991211
v -17.811002731323242 -29.822919845581055 96.05596160888672
v -18.45464515686035 -29.578821182250977 96.78314208984375
v -4.424864768981934 -29.872207641601562 96.8240966796875
v -18.278949737548828 -30.482501983642578 96.27813720703125
v -18.801589965820312 -30.99582862854004 96.70952606201172
v -18.672428131103516 -30.267242431640625 96.77458190917969
v -4.558987617492676 -30.83940315246582 96.99589538574219
v -19.093887329101562 -31.86858367919922 96.8345947265625
v -4.621849536895752 -31.65213394165039 96.89104461669922
v -19.55936622619629 -32.09370040893555 97.41767883300781
v -4.7902421951293945 -32.00304412841797 97.18546295166016
v -19.185346603393555 -32.7861442565918 96.73931884765625
v -19.59375 -33.00678253173828 97.29653930664062
v -5.025387763977051 -32.631752014160156 97.37568664550781
v -19.259870529174805 -33.63813400268555 96.68986511230469
v -19.36676597595215 -34.22543716430664 96.77208709716797
v -19.571701049804688 -33.748695373535156 97.15966033935547
v -5.295514106750488 -33.4971923828125 97.4286117553711
v -19.63982582092285 -34.4854621887207 97.22128295898438
v -5.427235126495361 -34.28153991699219 97.28999328613281
v -5.615650653839111 -33.845008850097656 97.83214569091797
v -5.741191387176514 -34.63581848144531 97.77476501464844
v -19.74631118774414 -35.397926330566406 97.42394256591797
v -5.927050590515137 -35.59629440307617 97.96221160888672
v -19.770723342895508 -36.35406494140625 97.5755386352539
v -5.978446006774902 -36.531593322753906 98.16168975830078
v -19.740612030029297 -37.34002685546875 97.7411880493164
v -5.965525150299072 -37.28678512573242 98.46880340576172
v -19.661529541015625 -38.342708587646484 97.93120574951172
v -5.693219184875488 -38.184234619140625 98.39585876464844
v -19.539140701293945 -39.340389251708984 98.076416015625
v -5.472114562988281 -39.1199836730957 98.6213607788086
v -5.131036281585693 -39.8204345703125 97.89230346679688
v -19.405838012695312 -40.28923034667969 98.22883605957031
v -5.004347801208496 -40.78440856933594 98.28693389892578
v -19.278553009033203 -41.246883392333984 98.4490737915039
v -4.890625953674316 -41.68329620361328 98.5836181640625
v -19.167200088500977 -42.27511215209961 98.62740325927734
v -4.767890930175781 -42.59687805175781 98.84904479980469
v -19.084871292114258 -43.283443450927734 98.773681640625
v -4.620192050933838 -43.52118682861328 99.14171600341797
v -19.004056930541992 -44.18013000488281 98.94408416748047
v -4.42905330657959 -44.507266998291016 99.51190948486328
v -18.881494522094727 -44.91811752319336 99.13072967529297
v -4.148229598999023 -45.37954330444336 99.44337463378906
v -18.6673583984375 -45.461082458496094 99.40959167480469
v -3.933380365371704 -45.99299240112305 99.02999877929688
v -18.386096954345703 -46.07455825805664 98.9236068725586
v -4.054305553436279 -46.016197204589844 99.75267028808594
v -3.8400847911834717 -46.72230911254883 99.30725860595703
v -17.94791030883789 -46.67596435546875 99.2298355102539
v -17.486682891845703 -47.20596694946289 99.59392547607422
v -3.98142409324646 -46.798828125 100.03025817871094
v -3.8125951290130615 -47.44691848754883 99.5573959350586
v -16.969970703125 -47.73954772949219 99.14871978759766
v -15.828190803527832 -48.56968688964844 100.17511749267578
v -16.418075561523438 -48.13878631591797 99.70240020751953
v -3.971451997756958 -47.59490966796875 100.19718170166016
v -3.8550021648406982 -48.015419006347656 99.7240982055664
v -15.29794692993164 -49.06044387817383 99.64746856689453
v -3.948377847671509 -48.58417892456055 99.52523803710938
v -14.763306617736816 -49.534053802490234 100.19758605957031
v -4.01078987121582 -48.264404296875 100.11853790283203
v -4.260417938232422 -48.99080276489258 100.18449401855469
v -14.27575397491455 -50.067710876464844 99.61539459228516
v -4.639804363250732 -49.69413375854492 100.6279067993164
v -13.761303901672363 -50.601402282714844 99.94412231445312
v -5.0396904945373535 -50.443485260009766 100.46807861328125
v -13.399480819702148 -50.96587371826172 100.05323791503906
v -4.85873556137085 -49.99667739868164 100.97010040283203
v -13.462566375732422 -50.82896423339844 100.75460052490234
v -5.542736530303955 -51.05604934692383 100.61648559570312
v -12.93748950958252 -51.36316680908203 100.05714416503906
v -5.94459342956543 -51.51369094848633 100.4576416015625
v -6.599658966064453 -52.0502815246582 100.3829345703125
v -11.509744644165039 -52.255882263183594 100.84151458740234
v -12.272894859313965 -51.81596755981445 100.63178253173828
v -5.869415760040283 -51.24494934082031 101.09784698486328
v -12.91006851196289 -51.30390167236328 101.02769470214844
v -7.292451858520508 -52.3432731628418 100.74156951904297
v -10.84078598022461 -52.61526107788086 100.16328430175781
v -7.854815483093262 -52.57478713989258 100.68572998046875
v -8.630086898803711 -52.75449752807617 100.6120834350586
v -9.278401374816895 -52.853004455566406 100.36614227294922
v -10.127530097961426 -52.75529861450195 100.49085998535156
v -7.733271598815918 -52.38677978515625 101.31172943115234
v -10.889650344848633 -52.51333999633789 100.9218521118164
v -6.418832778930664 -20.875652313232422 96.5882568359375
v -7.080052375793457 -20.923030853271484 96.2361831665039
v -7.718868255615234 -21.11876678466797 95.92109680175781
v -5.837832450866699 -21.20842170715332 96.04846954345703
v -8.504481315612793 -21.146373748779297 96.52812194824219
v -5.275506019592285 -21.513561248779297 96.4508056640625
v -9.270384788513184 -21.52064323425293 96.29009246826172
v -10.115140914916992 -21.89691925048828 96.189208984375
v -10.846589088439941 -22.232255935668945 96.09357452392578
v -4.799538612365723 -22.1343936920166 95.91886138916016
v -11.569491386413574 -22.346574783325195 96.64253234863281
v -12.060102462768555 -22.736907958984375 96.34957885742188
v -12.592913627624512 -23.177291870117188 96.06305694580078
v -4.4608964920043945 -22.79413604736328 96.35916137695312
v -13.303716659545898 -23.40846061706543 96.70941925048828
v -13.817233085632324 -23.920501708984375 96.34107208251953
v -4.279006481170654 -23.617721557617188 96.76667022705078
v -14.531347274780273 -24.190778732299805 97.0433578491211
v -15.093018531799316 -24.735342025756836 96.73778533935547
v -15.685389518737793 -25.314367294311523 96.5474853515625
v -4.2115020751953125 -24.562946319580078 97.046875
v -16.223979949951172 -25.698379516601562 96.70555877685547
v -16.7879581451416 -26.190397262573242 96.91435241699219
v -16.55820083618164 -25.65340805053711 97.19280242919922
v -4.215684413909912 -25.610265731811523 97.19976043701172
v -17.407867431640625 -26.501981735229492 97.25090026855469
v -17.867591857910156 -26.897109985351562 97.43412780761719
v -17.68523406982422 -26.436614990234375 97.60823059082031
v -4.270094394683838 -26.69049072265625 97.32427978515625
v -18.313207626342773 -27.332225799560547 97.55280303955078
v -18.633935928344727 -27.82645606994629 97.64744567871094
v -18.578744888305664 -27.358749389648438 97.8363265991211
v -4.3603997230529785 -27.724048614501953 97.4879150390625
v -18.939348220825195 -28.451345443725586 97.68622589111328
v -19.295196533203125 -28.747098922729492 98.06970977783203
v -4.4777069091796875 -28.70737648010254 97.65933227539062
v -18.980539321899414 -29.1332950592041 97.49247741699219
v -19.424535751342773 -29.499164581298828 97.99944305419922
v -4.63170051574707 -29.662260055541992 97.84326171875
v -19.07916259765625 -30.062326431274414 97.32887268066406
v -19.505884170532227 -30.96164894104004 97.67290496826172
v -4.835651874542236 -29.995689392089844 98.40774536132812
v -19.497970581054688 -30.117738723754883 97.90396881103516
v -4.733872413635254 -30.473060607910156 97.77268981933594
v -19.889299392700195 -31.645580291748047 98.02600860595703
v -4.769171714782715 -31.20078468322754 97.50655364990234
v -4.8951263427734375 -30.724451065063477 98.14656829833984
v -20.199888229370117 -31.832202911376953 98.55828857421875
v -5.0599141120910645 -31.562660217285156 98.08428192138672
v -19.944107055664062 -32.427528381347656 97.95024108886719
v -20.274703979492188 -32.68260192871094 98.5826416015625
v -5.418181896209717 -32.49227523803711 98.26358795166016
v -19.940750122070312 -33.47540283203125 97.83843231201172
v -5.61502742767334 -33.24311065673828 98.1493148803711
v -5.740291118621826 -32.848655700683594 98.6772232055664
v -20.325714111328125 -33.64250183105469 98.66707611083984
v -5.918123722076416 -33.63175964355469 98.5802993774414
v -20.04400634765625 -34.503028869628906 98.02030944824219
v -20.359113693237305 -34.633304595947266 98.81867980957031
v -6.226338863372803 -34.63680648803711 98.77143859863281
v -20.08367347717285 -35.48940658569336 98.19109344482422
v -6.560089588165283 -35.04667663574219 99.40674591064453
v -20.345109939575195 -35.62685012817383 98.99256896972656
v -6.295745849609375 -35.71878433227539 98.77005004882812
v -20.063199996948242 -36.478702545166016 98.36898040771484
v -6.560522556304932 -35.923038482666016 99.50477600097656
v -20.27717399597168 -36.602684020996094 99.19198608398438
v -6.2775726318359375 -36.64479446411133 98.96546936035156
v -19.984874725341797 -37.47144317626953 98.58209228515625
v -6.495211601257324 -36.79697799682617 99.7475814819336
v -20.155981063842773 -37.522117614746094 99.43294525146484
v -6.1440043449401855 -37.609771728515625 99.28857421875
v -19.83843421936035 -38.520469665527344 98.88260650634766
v -6.409212112426758 -37.47631072998047 100.053466796875
v -20.01449203491211 -38.224369049072266 99.73085021972656
v -5.810921669006348 -38.60603332519531 99.30887603759766
v -19.61202621459961 -39.52886962890625 98.78730773925781
v -5.561744689941406 -39.35039138793945 99.31661224365234
v -5.291984558105469 -39.94978713989258 98.85147094726562
v -19.458786010742188 -40.289459228515625 99.10515594482422
v -5.461425304412842 -39.97998046875 99.68763732910156
v -5.1680989265441895 -40.782997131347656 99.17758178710938
v -19.25042152404785 -41.29895782470703 99.4332504272461
v -5.345749855041504 -40.8022346496582 100.04915618896484
v -19.196720123291016 -40.911277770996094 100.21652221679688
v -5.057895183563232 -41.66232681274414 99.47371673583984
v -19.112220764160156 -42.450233459472656 99.44853973388672
v -5.244184970855713 -41.70296859741211 100.34881591796875
v -19.085636138916016 -41.677024841308594 100.1607437133789
v -4.94697380065918 -42.57331466674805 99.75506591796875
v -19.021732330322266 -43.425079345703125 99.54632568359375
v -5.155290603637695 -42.618385314941406 100.63386535644531
v -18.977550506591797 -42.606239318847656 100.220458984375
v -4.82795524597168 -43.48992156982422 100.07843780517578
v -18.927202224731445 -44.280399322509766 99.64674377441406
v -5.066718578338623 -43.49696731567383 100.9564437866211
v -18.87594223022461 -43.541534423828125 100.28759765625
v -4.729245185852051 -44.34096908569336 100.52140808105469
v -18.81395149230957 -44.902976989746094 99.70621490478516
v -18.632837295532227 -45.141502380371094 100.05524444580078
v -4.97573709487915 -44.21990966796875 101.25555419921875
v -18.753955841064453 -44.4282341003418 100.27454376220703
v -4.369317531585693 -45.229835510253906 100.16150665283203
v -18.30414581298828 -45.85213088989258 99.96591186523438
v -4.265498161315918 -46.06022644042969 100.540771484375
v -17.813207626342773 -46.61559295654297 100.16984558105469
v -17.4837646484375 -47.07283401489258 100.23666381835938
v -17.483266830444336 -46.74351501464844 100.9271011352539
v -4.194721698760986 -46.95458221435547 100.77761840820312
v -17.03987693786621 -47.50104904174805 100.2551498413086
v -15.753899574279785 -48.527557373046875 101.07070922851562
v -16.355871200561523 -48.00358200073242 100.88996887207031
v -16.940532684326172 -47.28208541870117 101.3199234008789
v -4.24608039855957 -48.00070571899414 100.90567779541016
v -15.291078567504883 -48.993038177490234 100.6739273071289
v -14.783935546875 -49.43446731567383 101.3035659790039
v -4.531464576721191 -48.99482727050781 101.24604797363281
v -14.157170295715332 -50.11804962158203 100.8070297241211
v -4.755695819854736 -49.6660270690918 101.21585083007812
v -13.746665954589844 -50.48982238769531 101.69434356689453
v -4.771571636199951 -49.44352340698242 101.6717758178711
v -5.07385778427124 -50.073341369628906 101.57916259765625
v -13.252034187316895 -50.9742317199707 101.62648010253906
v -5.504836082458496 -50.783390045166016 101.2741470336914
v -12.88652229309082 -51.296871185302734 101.63843536376953
v -5.961400032043457 -51.13764190673828 101.77876281738281
v -12.578324317932129 -51.5526123046875 101.38086700439453
v -6.413912296295166 -51.63584518432617 101.37628173828125
v -7.14064884185791 -52.10749053955078 101.36561584472656
v -11.306806564331055 -52.29853439331055 101.68121337890625
v -12.125341415405273 -51.863582611083984 101.65325927734375
v -12.6431245803833 -51.49230194091797 101.88725280761719
v -7.77775764465332 -52.26827621459961 102.08538055419922
v -10.59091567993164 -52.55469512939453 101.3274154663086
v -8.571128845214844 -52.545040130615234 101.70800018310547
v -9.803467750549316 -52.64582824707031 101.50814819335938
v -10.758246421813965 -52.473846435546875 101.94966125488281
v -6.405840873718262 -20.68273162841797 97.54605102539062
v -7.081252098083496 -20.68788719177246 97.15629577636719
v -7.792905807495117 -20.85454750061035 96.82760620117188
v -5.803637981414795 -21.017549514770508 97.00131225585938
v -8.577838897705078 -20.880884170532227 97.52324676513672
v -5.288345813751221 -21.37122344970703 97.46402740478516
v -9.363340377807617 -21.205188751220703 97.3056411743164
v -10.174905776977539 -21.567903518676758 97.15386962890625
v -11.036182403564453 -21.961885452270508 97.0457534790039
v -4.842184543609619 -22.022550582885742 96.92227935791016
v -11.751513481140137 -22.19329261779785 97.32220458984375
v -12.200104713439941 -22.49983787536621 97.19097137451172
v -12.746016502380371 -22.92502212524414 97.00598907470703
v -12.147875785827637 -22.277151107788086 97.80045318603516
v -4.558750629425049 -22.72754669189453 97.3592529296875
v -13.397820472717285 -23.180057525634766 97.70467376708984
v -13.974913597106934 -23.684310913085938 97.37568664550781
v -4.405045032501221 -23.586755752563477 97.71570587158203
v -14.618165016174316 -23.96257781982422 98.06531524658203
v -15.198437690734863 -24.423168182373047 97.77400970458984
v -15.766085624694824 -24.887157440185547 97.52110290527344
v -16.270721435546875 -25.32669448852539 97.3355712890625
v -4.345505714416504 -24.552459716796875 97.96884155273438
v -16.86500358581543 -25.604663848876953 97.81558990478516
v -17.396177291870117 -26.119869232177734 97.69328308105469
v -4.349688529968262 -25.568933486938477 98.15168762207031
v -17.958608627319336 -26.437028884887695 98.11775970458984
v -18.38324546813965 -27.00151252746582 97.95670318603516
v -4.4024834632873535 -26.58246421813965 98.3199234008789
v -18.822872161865234 -27.421728134155273 98.28482055664062
v -19.107772827148438 -28.092065811157227 98.156494140625
v -4.501406192779541 -27.57258415222168 98.505615234375
v -19.414934158325195 -28.405576705932617 98.55134582519531
v -4.648049831390381 -28.536907196044922 98.67341613769531
v -19.60389518737793 -29.023849487304688 98.6216812133789
v -4.763551235198975 -29.284284591674805 98.61983489990234
v -4.789776802062988 -28.860158920288086 99.10148620605469
v -4.902980804443359 -29.475902557373047 99.11061096191406
v -19.81085968017578 -30.024248123168945 98.63615417480469
v -20.034982681274414 -31.05384635925293 98.54667663574219
v -5.077970504760742 -30.476980209350586 98.99402618408203
v -20.30913734436035 -31.354272842407227 99.06802368164062
v -5.4309892654418945 -31.529544830322266 99.14753723144531
v -20.43168830871582 -32.01640319824219 99.18821716308594
v -5.679075717926025 -32.2840461730957 99.00713348388672
v -5.7335638999938965 -31.984830856323242 99.5428466796875
v -5.958442211151123 -32.74302291870117 99.40028381347656
v -20.510793685913086 -32.87984848022461 99.30610656738281
v -6.327766418457031 -33.66009521484375 99.51029205322266
v -20.546445846557617 -33.82977294921875 99.44670104980469
v -6.535646438598633 -34.33662033081055 99.5047378540039
v -6.598691940307617 -33.99000930786133 99.91056060791016
v -6.6937432289123535 -34.53731918334961 99.94651794433594
v -20.538721084594727 -34.81396484375 99.61209869384766
v -6.7222676277160645 -35.27009582519531 100.02007293701172
v -20.481966018676758 -35.79353332519531 99.7974853515625
v -6.6868791580200195 -36.09566116333008 100.22370910644531
v -20.373037338256836 -36.726158142089844 100.00106811523438
v -6.5910491943359375 -36.96958541870117 100.53772735595703
v -20.211124420166016 -37.557281494140625 100.2197494506836
v -6.432828426361084 -37.68512725830078 100.55348205566406
v -19.972639083862305 -38.318416595458984 100.42737579345703
v -6.151391983032227 -38.2269287109375 100.17865753173828
v -19.723804473876953 -39.16587829589844 99.6861343383789
v -6.296880722045898 -38.100067138671875 100.8756332397461
v -5.77554178237915 -39.1573600769043 100.0430908203125
v -19.40354347229004 -40.15090560913086 100.09942626953125
v -19.215970993041992 -40.41952896118164 100.63954162597656
v -19.338106155395508 -39.845130920410156 100.85856628417969
v -5.632618427276611 -39.9355583190918 100.58038330078125
v -19.066204071044922 -40.97050476074219 100.78514099121094
v -5.496127128601074 -40.864017486572266 100.9416732788086
v -18.92595863342285 -41.75140380859375 100.90845489501953
v -5.410935878753662 -41.80297088623047 101.21947479248047
v -18.800949096679688 -42.66617202758789 101.00605010986328
v -5.344732284545898 -42.714927673339844 101.49113464355469
v -18.6600399017334 -43.649017333984375 101.03607177734375
v -5.257833003997803 -43.62236785888672 101.8425064086914
v -18.4340877532959 -44.78428268432617 100.8935546875
v -5.047394752502441 -44.4509391784668 101.7979507446289
v -4.691531181335449 -45.174747467041016 101.22938537597656
v -17.979856491088867 -45.78911590576172 101.05738067626953
v -17.666751861572266 -46.07415771484375 101.62239837646484
v -4.964190483093262 -44.96949005126953 102.1417007446289
v -17.868532180786133 -45.46416091918945 101.88404846191406
v -4.448986053466797 -46.22356414794922 101.2820816040039
v -17.30999755859375 -46.54345703125 101.86907196044922
v -16.87294578552246 -47.04395294189453 102.25149536132812
v -4.447116374969482 -47.01381301879883 101.66954040527344
v -16.50920867919922 -47.6421012878418 101.81368255615234
v -15.961068153381348 -48.197811126708984 101.97996520996094
v -4.545605182647705 -48.05583572387695 102.10266876220703
v -15.347397804260254 -48.83979034423828 101.6999282836914
v -4.680609226226807 -48.94270706176758 102.017333984375
v -14.890176773071289 -49.260501861572266 102.3577880859375
v -4.9096455574035645 -49.43179702758789 102.31947326660156
v -14.290603637695312 -49.915077209472656 102.1169204711914
v -13.845830917358398 -50.38514709472656 102.46247863769531
v -5.272336483001709 -50.02845001220703 102.6224594116211
v -13.45820140838623 -50.78366470336914 102.37506103515625
v -5.583332061767578 -50.62092971801758 102.11991882324219
v -13.662342071533203 -50.60896301269531 102.95417785644531
v -6.021220684051514 -51.02682876586914 102.56442260742188
v -13.009929656982422 -51.19692611694336 102.220703125
v -6.381033897399902 -51.420623779296875 102.2554931640625
v -7.010975360870361 -51.854400634765625 102.32968139648438
v -11.90379810333252 -52.02388381958008 102.5497817993164
v -12.571039199829102 -51.569618225097656 102.48629760742188
v -7.657912731170654 -52.1545295715332 102.8525161743164
v -11.263042449951172 -52.318214416503906 102.397216796875
v -8.513993263244629 -52.445899963378906 102.99758911132812
v -9.62585735321045 -52.580780029296875 102.78211212158203
v -10.744551658630371 -52.467105865478516 102.76303100585938
v -7.200835704803467 -51.900856018066406 103.18043518066406
v -11.508310317993164 -52.246883392333984 102.96492767333984
v -6.420535564422607 -20.558244705200195 98.51773834228516
v -7.074951648712158 -20.511886596679688 98.11682891845703
v -7.809051990509033 -20.63529396057129 97.79081726074219
v -5.8162078857421875 -20.876693725585938 97.99693298339844
v -8.572566032409668 -20.687698364257812 98.50543975830078
v -5.34172248840332 -21.285860061645508 98.46636199951172
v -9.378806114196777 -20.969999313354492 98.29651641845703
v -10.174866676330566 -21.296714782714844 98.1258773803711
v -10.952826499938965 -21.648019790649414 97.998046875
v -11.653552055358887 -21.98526382446289 97.919677734375
v -4.9054999351501465 -21.93330192565918 97.92463684082031
v -12.238791465759277 -22.17390251159668 98.53450012207031
v -12.744585990905762 -22.63153076171875 98.01810455322266
v -4.656474590301514 -22.67644500732422 98.33171081542969
v -13.444475173950195 -22.9829044342041 98.73617553710938
v -14.035560607910156 -23.488039016723633 98.38452911376953
v -4.5186285972595215 -23.557722091674805 98.66082000732422
v -14.63264274597168 -23.793439865112305 99.04013061523438
v -15.222148895263672 -24.22498321533203 98.74882507324219
v -15.81282901763916 -24.642444610595703 98.48348999023438
v -16.37388801574707 -25.07827377319336 98.20536041259766
v -4.459219455718994 -24.521221160888672 98.90764617919922
v -16.957801818847656 -25.348546981811523 98.85202026367188
v -17.502283096313477 -25.865093231201172 98.51243591308594
v -4.4578537940979 -25.502126693725586 99.10480499267578
v -18.089786529541016 -26.26361656188965 99.07441711425781
v -18.52198600769043 -26.812976837158203 98.64640808105469
v -4.5116801261901855 -26.468631744384766 99.31484985351562
v -18.958560943603516 -27.24478530883789 99.07872009277344
v -19.2388973236084 -27.852643966674805 98.81551361083984
v -4.631349086761475 -27.470867156982422 99.58881378173828
v -19.545616149902344 -28.422534942626953 99.1629638671875
v -4.74485969543457 -28.321924209594727 99.4403305053711
v -4.869178295135498 -28.815227508544922 99.69606018066406
v -19.79926872253418 -29.16761016845703 99.36087036132812
v -5.03999662399292 -29.594282150268555 99.8780517578125
v -20.02033042907715 -29.879642486572266 99.67940521240234
v -20.177515029907227 -30.669818878173828 99.33026885986328
v -5.316568851470947 -30.647050857543945 100.2051773071289
v -20.389020919799805 -31.351116180419922 99.71217346191406
v -5.6112565994262695 -31.489521026611328 99.92726135253906
v -5.8554768562316895 -32.085296630859375 100.20531463623047
v -20.523588180541992 -32.18698501586914 99.8890609741211
v -5.596224784851074 -31.39978790283203 100.50160217285156
v -6.227479457855225 -32.992122650146484 100.24798583984375
v -20.585094451904297 -33.092681884765625 100.04517364501953
v -6.507053375244141 -33.587589263916016 100.1404037475586
v -6.638818264007568 -34.0580940246582 100.41650390625
v -20.591228485107422 -34.050994873046875 100.21112823486328
v -6.470303058624268 -33.48567199707031 100.5451889038086
v -6.7322001457214355 -34.73530578613281 100.41108703613281
v -20.54973030090332 -35.02986145019531 100.39024353027344
v -6.7133469581604 -35.384647369384766 100.64957427978516
v -20.461429595947266 -35.98826217651367 100.5763168334961
v -6.654867172241211 -36.201683044433594 100.91277313232422
v -20.324853897094727 -36.876285552978516 100.7564697265625
v -6.570949077606201 -36.85294723510742 101.16243743896484
v -20.14268684387207 -37.632625579833984 100.9245834350586
v -19.908740997314453 -38.20172882080078 101.16557312011719
v -6.4592719078063965 -37.5252571105957 101.12177276611328
v -19.62857437133789 -39.07752990722656 100.78413391113281
v -6.246500015258789 -38.082763671875 101.3708724975586
v -19.334413528442383 -39.36072540283203 101.50066375732422
v -6.290529727935791 -37.6750602722168 101.65799713134766
v -5.964795112609863 -38.852718353271484 101.13008880615234
v -19.134981155395508 -40.194725036621094 101.2544174194336
v -5.68504524230957 -39.99064636230469 101.56839752197266
v -18.924165725708008 -40.83479309082031 101.55480194091797
v -5.572659492492676 -40.999210357666016 101.8627700805664
v -18.751708984375 -41.696861267089844 101.73812103271484
v -5.523359775543213 -41.94644546508789 102.0765380859375
v -18.599843978881836 -42.649349212646484 101.84803009033203
v -5.482090473175049 -42.780818939208984 102.30374908447266
v -18.41046714782715 -43.66779327392578 101.89020538330078
v -5.43079137802124 -43.403438568115234 102.6166763305664
v -18.124094009399414 -44.68495559692383 101.95008850097656
v -17.890949249267578 -44.98325729370117 102.4073715209961
v -18.0064697265625 -44.377723693847656 102.69939422607422
v -5.238219738006592 -44.206031799316406 102.58960723876953
v -17.611703872680664 -45.647159576416016 102.4211196899414
v -5.037656307220459 -45.044471740722656 102.946044921875
v -4.724775314331055 -45.89227294921875 102.1916732788086
v -17.21142578125 -46.263736724853516 102.76673126220703
v -16.827505111694336 -46.79620361328125 103.14069366455078
v -4.647724151611328 -46.878841400146484 102.75201416015625
v -16.39312171936035 -47.551509857177734 102.73009490966797
v -15.934906959533691 -48.08597183227539 102.89590454101562
v -4.67789363861084 -47.740325927734375 103.3731460571289
v -15.448344230651855 -48.63438034057617 102.88915252685547
v -4.748739719390869 -48.68765640258789 102.76876831054688
v -14.956681251525879 -49.16447830200195 103.13813018798828
v -15.776591300964355 -48.21228790283203 103.34268951416016
v -5.012353420257568 -49.30192184448242 103.28871154785156
v -14.5651216506958 -49.610782623291016 103.04393005371094
v -4.795285701751709 -48.537662506103516 103.55365753173828
v -14.778459548950195 -49.37013244628906 103.63867950439453
v -5.4309587478637695 -50.056427001953125 103.53765106201172
v -14.068819046020508 -50.18267822265625 103.15650177001953
v -5.697007656097412 -50.5799446105957 102.91889953613281
v -13.707334518432617 -50.61330795288086 103.48362731933594
v -6.0224127769470215 -50.93916320800781 103.0833511352539
v -13.201016426086426 -51.09563446044922 103.26112365722656
v -6.4989399909973145 -51.375484466552734 103.25495147705078
v -12.461697578430176 -51.723236083984375 103.26690673828125
v -5.9039459228515625 -50.7101936340332 103.61359405517578
v -13.59216594696045 -50.776329040527344 103.8580322265625
v -7.088797092437744 -51.812381744384766 103.79419708251953
v -11.956953048706055 -52.06075668334961 103.28617858886719
v -7.7864885330200195 -52.1969108581543 103.73464965820312
v -8.66612434387207 -52.54427719116211 104.089599609375
v -9.476093292236328 -52.64040756225586 103.8182601928711
v -10.543996810913086 -52.56980514526367 103.915283203125
v -11.550487518310547 -52.26042175292969 103.75745391845703
v -6.732219696044922 -51.52827835083008 104.20935821533203
v -12.22529125213623 -51.93756866455078 103.81533813476562
v -8.763748168945312 -52.634620666503906 104.7927474975586
v -9.342350959777832 -52.728790283203125 104.61211395263672
v -10.07803726196289 -52.7413330078125 104.57735443115234
v -6.482232570648193 -20.51975440979004 99.43988800048828
v -7.070358753204346 -20.4173526763916 99.04450988769531
v -7.785975456237793 -20.488384246826172 98.74423217773438
v -5.88476037979126 -20.817007064819336 99.00157165527344
v -8.506677627563477 -20.573163986206055 99.4547348022461
v -5.437808036804199 -21.29264259338379 99.44020080566406
v -9.343053817749023 -20.812705993652344 99.29032135009766
v -10.140127182006836 -21.100439071655273 99.07389068603516
v -10.894233703613281 -21.419649124145508 98.9323959350586
v -11.616440773010254 -21.780004501342773 98.7933349609375
v -4.9916582107543945 -21.893362045288086 98.89781188964844
v -12.248589515686035 -22.00057029724121 99.49991607666016
v -12.858304977416992 -22.469640731811523 99.14796447753906
v -4.7643513679504395 -22.663562774658203 99.27994537353516
v -13.485319137573242 -22.817720413208008 99.7806625366211
v -14.054497718811035 -23.324222564697266 99.37850189208984
v -4.6325836181640625 -23.563669204711914 99.61454010009766
v -14.618891716003418 -23.656349182128906 99.97405242919922
v -15.1851167678833 -24.083738327026367 99.65959930419922
v -15.774297714233398 -24.480545043945312 99.4178466796875
v -16.378610610961914 -24.890071868896484 99.17300415039062
v -4.559347152709961 -24.526308059692383 99.83909606933594
v -16.886072158813477 -25.186279296875 99.82914733886719
v -17.50940704345703 -25.701034545898438 99.53939056396484
v -4.54464864730835 -25.447853088378906 100.03326416015625
v -18.14394187927246 -26.260448455810547 100.2126693725586
v -18.632068634033203 -26.749704360961914 99.45419311523438
v -4.590710639953613 -26.32831573486328 100.31892395019531
v -18.966064453125 -27.13656234741211 99.6003646850586
v -19.255441665649414 -27.688148498535156 99.73860931396484
v -18.820556640625 -26.98574447631836 100.14836883544922
v -4.676524639129639 -27.155527114868164 100.71131134033203
v -19.62845230102539 -28.52903938293457 99.93082427978516
v -4.773799419403076 -28.0531005859375 100.1679458618164
v -19.415393829345703 -28.068023681640625 100.47982025146484
v -4.917473793029785 -28.764972686767578 100.50284576416016
v -19.859317779541016 -29.252214431762695 100.13877868652344
v -19.620113372802734 -28.703720092773438 100.69664764404297
v -5.078001499176025 -29.570159912109375 100.7710952758789
v -20.004146575927734 -29.784135818481445 100.26121520996094
v -20.13918113708496 -30.51588249206543 100.32218933105469
v -19.80699920654297 -29.576929092407227 100.87074279785156
v -5.181373119354248 -30.21085548400879 101.12692260742188
v -20.35990333557129 -31.534868240356445 100.43666076660156
v -20.11433219909668 -31.083101272583008 100.93931579589844
v -5.373448848724365 -31.152507781982422 101.27046966552734
v -20.450254440307617 -32.41317367553711 100.5938720703125
v -5.706248760223389 -31.802343368530273 100.85372924804688
v -20.180994033813477 -31.80328941345215 101.08436584472656
v -5.942495822906494 -32.4836311340332 100.88223266601562
v -20.47079849243164 -33.33352279663086 100.76477813720703
v -5.643941402435303 -32.05778121948242 101.34485626220703
v -20.197694778442383 -32.65519332885742 101.25545501708984
v -6.233602046966553 -33.224910736083984 100.94160461425781
v -20.4437255859375 -34.29733657836914 100.94754028320312
v -6.479507923126221 -33.80110549926758 100.87417602539062
v -5.807507038116455 -32.9493293762207 101.59276580810547
v -20.170650482177734 -33.580291748046875 101.44641876220703
v -6.562456130981445 -34.56126022338867 100.97750854492188
v -20.377727508544922 -35.27375411987305 101.13387298583984
v -5.810925006866455 -33.96540832519531 102.02583312988281
v -6.22560453414917 -33.85581970214844 101.37142181396484
v -20.115320205688477 -34.554466247558594 101.64893341064453
v -6.518701076507568 -35.484806060791016 101.30499267578125
v -20.273714065551758 -36.22030258178711 101.30386352539062
v -5.789788246154785 -34.90593719482422 102.3198013305664
v -6.218638896942139 -34.739559173583984 101.67986297607422
v -20.039949417114258 -35.54075622558594 101.8383560180664
v -6.44506311416626 -36.33457946777344 101.55069732666016
v -20.132509231567383 -37.08628463745117 101.42594146728516
v -5.713852882385254 -35.727317810058594 102.58142852783203
v -6.160937786102295 -35.64856719970703 101.96099853515625
v -19.93959617614746 -36.50554275512695 101.97517395019531
v -6.3773884773254395 -37.09257125854492 101.6452407836914
v -20.01161003112793 -37.69496536254883 101.4501724243164
v -6.123044490814209 -37.396018981933594 102.06893920898438
v -19.866596221923828 -37.976600646972656 101.6042709350586
v -6.033851146697998 -36.58268356323242 102.23318481445312
v -19.779550552368164 -37.5165901184082 102.0116958618164
v -5.9865946769714355 -38.12501907348633 102.02867126464844
v -19.61963653564453 -38.44923782348633 101.69133758544922
v -19.277402877807617 -38.849849700927734 102.17498779296875
v -19.397689819335938 -38.108055114746094 102.44823455810547
v -5.716244697570801 -39.10533905029297 102.34571838378906
v -19.011268615722656 -39.72618103027344 102.16883850097656
v -5.507252216339111 -38.81654739379883 103.11437225341797
v -5.609930992126465 -40.18012619018555 102.53665161132812
v -18.742713928222656 -40.662139892578125 102.4560317993164
v -5.503087043762207 -39.477169036865234 103.18019104003906
v -5.570409774780273 -41.20851516723633 102.86195373535156
v -18.56684684753418 -41.598228454589844 102.63493347167969
v -5.491529941558838 -40.296669006347656 103.42000579833984
v -5.567142486572266 -42.13317108154297 102.78824615478516
v -18.39796257019043 -42.571842193603516 102.75994110107422
v -5.5345139503479 -42.7763671875 103.09368133544922
v -18.182655334472656 -43.579193115234375 102.833984375
v -17.998130798339844 -43.946529388427734 103.20501708984375
v -18.06838607788086 -43.33442306518555 103.5748062133789
v -5.436295509338379 -43.52854537963867 103.31340026855469
v -17.795372009277344 -44.658355712890625 103.12544250488281
v -5.269079208374023 -44.27532196044922 103.53961181640625
v -17.465087890625 -45.375728607177734 103.36856842041016
v -5.073537349700928 -44.95313262939453 103.89189147949219
v -4.8478240966796875 -45.839080810546875 103.35233306884766
v -17.125408172607422 -46.01133346557617 103.66871643066406
v -16.79374122619629 -46.556800842285156 104.00611877441406
v -4.724385738372803 -46.622257232666016 103.84883117675781
v -16.519235610961914 -47.17158508300781 103.5522232055664
v -4.682690620422363 -47.22327423095703 104.29421997070312
v -16.104829788208008 -47.74110794067383 103.63534545898438
v -15.624733924865723 -48.3084831237793 104.01029968261719
v -4.750008583068848 -48.04077911376953 104.34778594970703
v -15.14013671875 -48.93619918823242 103.78720092773438
v -4.90588903427124 -48.81902313232422 104.0365219116211
v -14.813910484313965 -49.3178596496582 104.35370635986328
v -5.167783737182617 -49.41691207885742 104.23786163330078
v -14.436116218566895 -49.78538131713867 103.86360168457031
v -5.646171569824219 -50.18196487426758 104.58553314208984
v -13.95664119720459 -50.37266540527344 104.13814544677734
v -6.230570316314697 -51.00526809692383 104.34239959716797
v -13.429252624511719 -50.96262741088867 104.4928207397461
v -6.665231704711914 -51.3692741394043 105.05398559570312
v -12.770076751708984 -51.550437927246094 104.10851287841797
v -7.325558185577393 -51.923095703125 104.6593017578125
v -8.139175415039062 -52.383384704589844 104.67774963378906
v -11.417577743530273 -52.359230041503906 104.88964080810547
v -12.220305442810059 -51.948482513427734 104.57264709472656
v -8.548531532287598 -52.546600341796875 105.36931610107422
v -10.704994201660156 -52.659244537353516 104.80587768554688
v -9.192086219787598 -52.7323112487793 105.27777099609375
v -9.849467277526855 -52.7934455871582 105.19011688232422
v -10.4020357131958 -52.76139831542969 105.15430450439453
v -6.595571517944336 -20.521928787231445 100.09294128417969
v -7.070745944976807 -20.420255661010742 99.87013244628906
v -7.736722469329834 -20.433427810668945 99.62773132324219
v -6.0768351554870605 -20.877912521362305 100.12044525146484
v -8.354820251464844 -20.538393020629883 100.21844482421875
v -5.508455276489258 -21.4493350982666 100.25086212158203
v -9.2390718460083 -20.727373123168945 100.37525939941406
v -10.137252807617188 -20.98866081237793 100.0480728149414
v -10.775153160095215 -21.244503021240234 99.7291488647461
v -11.542421340942383 -21.566686630249023 99.83540344238281
v -6.5388994216918945 -20.641061782836914 100.46958923339844
v -6.996857643127441 -20.557220458984375 100.56775665283203
v -7.711371421813965 -20.506362915039062 100.47527313232422
v -5.103637218475342 -21.93088150024414 99.81416320800781
v -12.219725608825684 -21.836017608642578 100.34555053710938
v -12.874831199645996 -22.26934051513672 100.2987060546875
v -5.27846622467041 -22.027103424072266 100.67758178710938
v -11.827967643737793 -21.567333221435547 100.76951599121094
v -4.900116443634033 -22.707895278930664 100.21271514892578
v -13.55705738067627 -22.690523147583008 100.76286315917969
v -14.070147514343262 -23.17967987060547 100.33876037597656
v -5.07385778427124 -22.75959014892578 101.1004638671875
v -4.761377334594727 -23.664718627929688 100.65797424316406
v -14.601720809936523 -23.524938583374023 100.8619613647461
v -15.153888702392578 -23.985090255737305 100.52700805664062
v -15.645413398742676 -24.34246253967285 100.19246673583984
v -16.27107048034668 -24.751911163330078 100.17646789550781
v -4.956427097320557 -23.404813766479492 101.4990005493164
v -4.629430770874023 -24.6393985748291 100.62583923339844
v -16.7547664642334 -25.079423904418945 100.43903350830078
v -17.237064361572266 -25.484527587890625 100.73359680175781
v -16.51381492614746 -24.9410400390625 100.96902465820312
v -4.621034622192383 -25.360370635986328 100.94295501708984
v -17.876028060913086 -26.05156898498535 101.35907745361328
v -17.31968116760254 -25.608779907226562 101.6751480102539
v -4.6339898109436035 -26.1898193359375 101.29603576660156
v -18.588674545288086 -26.77678108215332 101.17486572265625
v -19.092979431152344 -27.470623016357422 100.71929168701172
v -4.677059650421143 -27.065887451171875 101.8027572631836
v -19.308393478393555 -28.063823699951172 101.30142974853516
v -4.785586833953857 -27.94432258605957 101.07886505126953
v -18.994829177856445 -27.385265350341797 101.47103118896484
v -4.896172523498535 -28.771446228027344 101.42793273925781
v -19.51304817199707 -28.8615779876709 101.42903900146484
v -4.758606910705566 -27.970073699951172 101.8481674194336
v -5.024556636810303 -29.581907272338867 101.47360229492188
v -19.462175369262695 -29.638626098632812 101.92506408691406
v -19.83024787902832 -30.437538146972656 101.27288055419922
v -5.0395050048828125 -30.20047950744629 101.89445495605469
v -19.847917556762695 -31.233783721923828 101.5107192993164
v -4.835340976715088 -29.7635498046875 102.50821685791016
v -19.468854904174805 -30.708913803100586 102.01069641113281
v -5.093390464782715 -31.03508949279785 102.11958312988281
v -19.843807220458984 -32.0166130065918 101.67524719238281
v -4.860198497772217 -30.449321746826172 102.6162338256836
v -19.088485717773438 -31.323036193847656 102.57735443115234
v -19.52593231201172 -31.469707489013672 102.00961303710938
v -5.301686763763428 -32.005714416503906 102.06159210205078
v -19.790132522583008 -32.86977767944336 101.87574005126953
v -4.899065017700195 -31.337114334106445 102.75292205810547
v -18.91997528076172 -32.27302551269531 102.81490325927734
v -19.399517059326172 -32.1539421081543 102.2413558959961
v -5.357039451599121 -33.145713806152344 102.40813446044922
v -19.72230339050293 -33.812164306640625 102.09815979003906
v -4.938928127288818 -32.337074279785156 102.91698455810547
v -18.799394607543945 -33.179344177246094 103.08124542236328
v -19.29182243347168 -33.045013427734375 102.47654724121094
v -5.365075588226318 -34.1617431640625 102.69300079345703
v -19.646343231201172 -34.81223678588867 102.336669921875
v -4.948638916015625 -33.36527633666992 103.14251708984375
v -18.693344116210938 -34.10267639160156 103.4043960571289
v -19.194833755493164 -34.00880813598633 102.74897766113281
v -5.367434024810791 -35.07210159301758 102.90502166748047
v -19.592926025390625 -35.828277587890625 102.5186996459961
v -4.958871364593506 -34.367313385009766 103.35135650634766
v -19.072282791137695 -35.082088470458984 103.09689331054688
v -5.386247158050537 -35.66748809814453 102.99889373779297
v -19.540185928344727 -36.770286560058594 102.60599517822266
v -5.450109958648682 -36.3261833190918 103.02320861816406
v -5.020584583282471 -35.42957305908203 103.4925537109375
v -19.157392501831055 -36.189640045166016 103.14746856689453
v -5.708069324493408 -37.36185836791992 102.72207641601562
v -19.43490219116211 -37.451080322265625 102.67546844482422
v -19.173938751220703 -37.75258255004883 103.00950622558594
v -5.281527996063232 -36.99711990356445 103.38172912597656
v -19.17258644104004 -37.05906295776367 103.14862060546875
v -5.61422061920166 -38.25551986694336 102.85465240478516
v -19.002416610717773 -38.58839797973633 102.96126556396484
v -5.352615833282471 -38.3586540222168 103.4764633178711
v -5.322025299072266 -37.71547317504883 103.44292449951172
v -5.300904750823975 -38.88793182373047 103.7276382446289
v -18.723934173583984 -39.59408187866211 103.18544006347656
v -5.3188018798828125 -39.597190856933594 103.95851135253906
v -18.537336349487305 -40.54335021972656 103.39167785644531
v -5.3478288650512695 -40.354652404785156 104.26362609863281
v -18.387493133544922 -41.48286437988281 103.56400299072266
v -5.494256973266602 -40.985660552978516 103.73468017578125
v -5.533907413482666 -41.89192199707031 103.65399169921875
v -18.207157135009766 -42.45741653442383 103.74909973144531
v -18.005420684814453 -42.9268913269043 104.26478576660156
v -5.498227119445801 -42.81173324584961 103.92671966552734
v -17.892173767089844 -43.790287017822266 103.80487060546875
v -5.396755695343018 -43.56309127807617 104.13043975830078
v -17.63875961303711 -44.43364715576172 104.02513885498047
v -5.238699436187744 -44.21077346801758 104.36297607421875
v -17.341506958007812 -45.13261795043945 104.28243255615234
v -5.072834014892578 -44.68865966796875 104.63262176513672
v -5.155473232269287 -44.152862548828125 104.96905517578125
v -4.86775541305542 -45.517112731933594 104.50857543945312
v -17.04113006591797 -45.78803634643555 104.5468521118164
v -16.732301712036133 -46.327491760253906 104.86624145507812
v -4.69713020324707 -46.41225051879883 104.85394287109375
v -16.435216903686523 -47.05813217163086 104.34835815429688
v -4.671456336975098 -47.20281219482422 105.1023178100586
v -16.020509719848633 -47.609493255615234 104.6795654296875
v -15.62995433807373 -48.12173080444336 105.07051086425781
v -4.767162799835205 -47.930545806884766 105.34966278076172
v -15.234560012817383 -48.73963928222656 104.70352935791016
v -4.935744762420654 -48.6964111328125 104.80611419677734
v -14.856673240661621 -49.166290283203125 105.26953125
v -5.238601207733154 -49.31428146362305 105.23280334472656
v -14.415848731994629 -49.79827880859375 104.80709838867188
v -5.649268627166748 -49.8988151550293 105.8062744140625
v -13.942501068115234 -50.372161865234375 105.20783996582031
v -6.122193813323975 -50.69252395629883 105.39965057373047
v -13.456182479858398 -50.91071701049805 105.60427856445312
v -6.629132270812988 -51.12843704223633 106.04175567626953
v -12.884060859680176 -51.45803451538086 105.12874603271484
v -7.218517303466797 -51.70833206176758 105.72924041748047
v -7.892465114593506 -52.19660949707031 105.49974060058594
v -11.484448432922363 -52.249176025390625 105.98013305664062
v -12.22204303741455 -51.87417984008789 105.614990234375
v -8.44813060760498 -52.39332962036133 106.07684326171875
v -10.895927429199219 -52.60294723510742 105.4717788696289
v -9.023632049560547 -52.634063720703125 105.90869140625
v -9.67198657989502 -52.73691940307617 105.81792449951172
v -10.320816040039062 -52.728450775146484 105.7088851928711
v -6.632872581481934 -20.92154884338379 101.09658813476562
v -7.600287914276123 -20.750080108642578 101.41795349121094
v -8.597393989562988 -20.670074462890625 101.1777572631836
v -9.496813774108887 -20.780471801757812 101.3622055053711
v -10.173206329345703 -20.93503189086914 101.07186889648438
v -11.03709602355957 -21.242443084716797 100.7136459350586
v -5.863336086273193 -21.517349243164062 101.12655639648438
v -11.733335494995117 -21.421764373779297 101.62317657470703
v -12.496613502502441 -21.85799789428711 101.27233123779297
v -13.1533784866333 -22.2895565032959 101.23412322998047
v -6.430080890655518 -21.431604385375977 101.8980712890625
v -7.110513687133789 -21.12235450744629 102.07183837890625
v -5.449167251586914 -22.210363388061523 101.45674133300781
v -13.63290786743164 -22.573549270629883 101.6400146484375
v -14.094670295715332 -23.03993034362793 101.24427795410156
v -5.285174369812012 -22.860008239746094 101.989501953125
v -14.608396530151367 -23.393247604370117 101.74385070800781
v -5.0183610916137695 -23.582406997680664 102.0744857788086
v -15.0779447555542 -23.850988388061523 101.29749298095703
v -15.777688980102539 -24.401063919067383 101.12095642089844
v -4.773166179656982 -24.346525192260742 101.5876693725586
v -16.252235412597656 -24.779844284057617 101.49138641357422
v -16.699079513549805 -25.143247604370117 101.79512786865234
v -4.943864345550537 -24.053972244262695 102.4573745727539
v -16.009552001953125 -24.588157653808594 102.05125427246094
v -4.671040058135986 -25.343875885009766 101.73736572265625
v -17.126541137695312 -25.495086669921875 102.25350189208984
v -17.62734031677246 -25.862537384033203 102.22640228271484
v -16.793148040771484 -25.26217269897461 102.54466247558594
v -4.657946586608887 -25.980222702026367 102.21726989746094
v -18.238815307617188 -26.389392852783203 102.1244888305664
v -4.635369777679443 -26.622652053833008 102.68396759033203
v -18.79536247253418 -27.05034065246582 102.19186401367188
v -19.105133056640625 -27.681564331054688 101.97167205810547
v -19.086490631103516 -27.594757080078125 102.5744400024414
v -4.654649257659912 -27.662546157836914 102.74320983886719
v -19.285980224609375 -28.4378719329834 102.33814239501953
v -4.7808918952941895 -28.447694778442383 102.16881561279297
v -4.8664350509643555 -29.224475860595703 102.13543701171875
v -19.220911026000977 -29.33527374267578 102.80583953857422
v -4.734516620635986 -29.182628631591797 102.78937530517578
v -4.721235275268555 -28.618755340576172 102.67327880859375
v -4.686107158660889 -29.701786041259766 103.11199951171875
v -19.091079711914062 -30.27914810180664 102.74882507324219
v -18.786495208740234 -30.913427352905273 103.0785140991211
v -18.78936195373535 -30.451818466186523 103.34532928466797
v -4.656047344207764 -30.554929733276367 103.33467102050781
v -18.65849494934082 -31.602554321289062 103.17598724365234
v -4.636693954467773 -31.50698471069336 103.50993347167969
v -18.524005889892578 -32.407196044921875 103.39375305175781
v -4.619321346282959 -32.49698257446289 103.68578338623047
v -18.410634994506836 -33.26080322265625 103.72183990478516
v -4.603443622589111 -33.489898681640625 103.87693786621094
v -18.302574157714844 -34.21291732788086 104.13245391845703
v -18.58924102783203 -34.8474006652832 103.70852661132812
v -4.5902581214904785 -34.48834991455078 104.09046936035156
v -18.6724853515625 -35.71834945678711 103.78033447265625
v -18.365501403808594 -35.07673645019531 104.16255950927734
v -4.537970066070557 -35.54310989379883 104.41929626464844
v -18.85289764404297 -36.611209869384766 103.62677764892578
v -4.96852445602417 -36.3468017578125 103.76832580566406
v -4.959894180297852 -37.15823745727539 103.99112701416016
v -18.812522888183594 -37.524696350097656 103.6673355102539
v -4.647668838500977 -36.51388168334961 104.41121673583984
v -5.001471042633057 -38.120933532714844 104.27011108398438
v -18.620384216308594 -38.55099868774414 103.90383911132812
v -4.610525608062744 -37.209991455078125 104.77273559570312
v -5.1069488525390625 -38.99269104003906 104.40005493164062
v -18.468027114868164 -39.51655578613281 104.1160888671875
v -5.120238304138184 -39.6326789855957 104.77535247802734
v -18.34934425354004 -40.44368362426758 104.29959869384766
v -5.168309688568115 -40.4852294921875 105.19696807861328
v -18.230632781982422 -41.32194900512695 104.47281646728516
v -5.400757789611816 -41.186073303222656 104.46929931640625
v -5.41793155670166 -42.0906982421875 104.694091796875
v -18.088640213012695 -42.031700134277344 104.70999908447266
v -17.89899444580078 -42.530296325683594 105.06687927246094
v -5.283217430114746 -41.339820861816406 105.20420837402344
v -5.416042327880859 -42.92927551269531 104.63072204589844
v -17.77161407470703 -43.4598503112793 104.63420867919922
v -5.286746978759766 -43.50552749633789 104.94766235351562
v -17.48455810546875 -44.14801025390625 104.95712280273438
v -5.116860866546631 -43.76995849609375 105.42942810058594
v -5.165656089782715 -43.20499038696289 105.59968566894531
v -4.939725399017334 -44.504817962646484 105.3899154663086
v -17.20004653930664 -44.939002990722656 105.16465759277344
v -4.712067604064941 -45.45037841796875 105.59529876708984
v -16.94371223449707 -45.6073112487793 105.3289794921875
v -16.69993019104004 -46.024723052978516 105.56765747070312
v -16.82097053527832 -45.505821228027344 105.89934539794922
v -4.618442535400391 -46.34368896484375 105.8245849609375
v -16.355518341064453 -46.74711990356445 105.40594482421875
v -4.659770965576172 -47.1602897644043 106.02458190917969
v -15.897517204284668 -47.495784759521484 105.610107421875
v -15.625438690185547 -47.95805740356445 105.68367767333984
v -15.598451614379883 -47.65725326538086 106.30353546142578
v -4.794506072998047 -47.84917449951172 106.1933822631836
v -15.299277305603027 -48.43507385253906 105.68028259277344
v -4.965075492858887 -48.53776168823242 105.70873260498047
v -14.890057563781738 -48.911476135253906 106.05401611328125
v -4.9725542068481445 -48.31889343261719 106.42726135253906
v -15.136478424072266 -48.28774642944336 106.5438232421875
v -5.272383213043213 -49.0204963684082 106.33272552490234
v -14.402194023132324 -49.62763595581055 105.90716552734375
v -5.686079978942871 -49.65250778198242 106.7340316772461
v -13.830056190490723 -50.35973358154297 106.15536499023438
v -6.184087753295898 -50.362789154052734 106.63722229003906
v -13.462471008300781 -50.8084602355957 106.24254608154297
v -5.93789005279541 -49.88488006591797 107.07901763916016
v -13.446694374084473 -50.53179931640625 106.85655975341797
v -6.739043712615967 -50.96035385131836 106.83255004882812
v -12.950626373291016 -51.2357292175293 106.22411346435547
v -7.180123329162598 -51.422142028808594 106.63582611083984
v -7.926762104034424 -51.936771392822266 106.4992904663086
v -11.209939956665039 -52.12058639526367 106.79969024658203
v -12.095913887023926 -51.67446517944336 106.72949981689453
v -7.137897491455078 -51.10525131225586 107.2643814086914
v -12.781654357910156 -51.027000427246094 107.16559600830078
v -8.60629940032959 -52.24153137207031 106.68212127685547
v -10.804189682006836 -52.509681701660156 106.20326232910156
v -8.925318717956543 -52.4835090637207 106.42487335205078
v -9.480918884277344 -52.5765266418457 106.41445922851562
v -10.148271560668945 -52.60808563232422 106.33187103271484
v -9.214658737182617 -52.29147720336914 106.91938018798828
v -9.961380958557129 -52.35598373413086 106.915283203125
v -10.567537307739258 -52.38059616088867 106.75386810302734
v -8.459434509277344 -20.832643508911133 102.27947998046875
v -9.310988426208496 -20.795621871948242 102.1339111328125
v -10.110611915588379 -20.891468048095703 102.04196166992188
v -10.921292304992676 -21.102691650390625 101.85311126708984
v -7.76548957824707 -20.960474014282227 102.28726959228516
v -11.610572814941406 -21.25054359436035 102.65383911132812
v -6.732300758361816 -21.664033889770508 102.86151885986328
v -7.537864685058594 -21.225547790527344 102.88671112060547
v -12.392794609069824 -21.622238159179688 102.4118881225586
v -13.153731346130371 -22.115535736083984 102.15304565429688
v -8.10629940032959 -21.00543212890625 102.80687713623047
v -5.889211177825928 -22.155685424804688 102.32208251953125
v -13.708134651184082 -22.48550796508789 102.31463623046875
v -14.100841522216797 -22.876028060913086 102.07469177246094
v -6.220921039581299 -22.225643157958984 103.22960662841797
v -14.013907432556152 -22.65985107421875 102.70565032958984
v -5.520716667175293 -22.77889060974121 102.61292266845703
v -14.53680419921875 -23.139907836914062 102.74181365966797
v -15.259833335876465 -23.904808044433594 102.19319152832031
v -5.243942737579346 -23.372940063476562 102.75997924804688
v -15.766824722290039 -24.305936813354492 103.06905364990234
v -5.015099048614502 -24.112457275390625 103.19905090332031
v -16.346590042114258 -24.89458656311035 102.6263427734375
v -4.7714524269104 -24.916879653930664 102.58589935302734
v -16.644418716430664 -25.135051727294922 103.03656768798828
v -17.229188919067383 -25.539396286010742 103.0392074584961
v -17.970863342285156 -26.089017868041992 102.9251708984375
v -16.279094696044922 -24.79360008239746 103.29263305664062
v -4.66877555847168 -25.775142669677734 103.13521575927734
v -18.518110275268555 -26.586477279663086 102.88967895507812
v -18.946346282958984 -27.096988677978516 103.17154693603516
v -18.702760696411133 -26.66729736328125 103.4061050415039
v -4.599136829376221 -26.613988876342773 103.47563171386719
v -19.23754119873047 -27.838130950927734 103.24404907226562
v -19.435352325439453 -27.98923110961914 104.03158569335938
v -4.555609226226807 -27.380821228027344 103.73530578613281
v -19.291015625 -28.692272186279297 103.5090560913086
v -19.471925735473633 -28.491016387939453 104.29398345947266
v -4.5853986740112305 -28.534774780273438 103.5202865600586
v -19.02005958557129 -29.75980567932129 103.5649185180664
v -18.722455978393555 -30.410524368286133 103.80366516113281
v -4.514710903167725 -29.59050178527832 103.93041229248047
v -18.562084197998047 -31.03973960876465 103.61868286132812
v -18.58349609375 -30.782222747802734 104.13886260986328
v -4.4613213539123535 -30.565711975097656 104.1480484008789
v -18.42086410522461 -31.779390335083008 103.67086029052734
v -4.4163923263549805 -31.5419864654541 104.31655883789062
v -18.29833984375 -32.42430877685547 104.0156478881836
v -4.376762866973877 -32.5175895690918 104.48194122314453
v -18.185943603515625 -33.262203216552734 104.42514038085938
v -4.335648536682129 -33.48426055908203 104.6698226928711
v -18.09934425354004 -33.988346099853516 104.77783203125
v -4.275461196899414 -34.42505645751953 104.91643524169922
v -18.12586784362793 -34.93218231201172 104.84107971191406
v -18.332029342651367 -35.632781982421875 104.38658905029297
v -4.182399272918701 -35.196739196777344 105.24711608886719
v -18.47516632080078 -36.51743698120117 104.29728698730469
v -18.19618797302246 -35.88235855102539 104.85001373291016
v -4.274879455566406 -36.2476921081543 105.24581146240234
v -18.418344497680664 -37.55994415283203 104.55400848388672
v -18.19147300720215 -36.6448974609375 105.12399291992188
v -4.282787322998047 -37.30143356323242 105.717529296875
v -18.334558486938477 -38.531890869140625 104.79386901855469
v -4.616262912750244 -37.89533233642578 105.14574432373047
v -18.164485931396484 -37.58349609375 105.4121322631836
v -4.80031681060791 -38.78093338012695 105.2897720336914
v -18.25639533996582 -39.469722747802734 104.99214935302734
v -4.4652557373046875 -38.08320236206055 105.75920104980469
v -18.123628616333008 -38.52534103393555 105.64797973632812
v -4.948001384735107 -39.67289352416992 105.51866912841797
v -18.176042556762695 -40.37150955200195 105.14850616455078
v -18.067832946777344 -39.45807647705078 105.81976318359375
v -4.932739734649658 -40.17040252685547 105.9758529663086
v -18.079858779907227 -41.19099044799805 105.27012634277344
v -17.98572540283203 -40.37815856933594 105.92135620117188
v -5.0348896980285645 -41.141334533691406 106.05818176269531
v -17.978132247924805 -41.808292388916016 105.35067749023438
v -5.258979797363281 -41.844810485839844 105.48490905761719
v -17.81008529663086 -42.04829406738281 105.71126556396484
v -17.882631301879883 -41.2703971862793 105.91649627685547
v -5.283835411071777 -42.619354248046875 105.35870361328125
v -17.597789764404297 -42.94315719604492 105.65280151367188
v -5.086679458618164 -42.68010711669922 105.99134063720703
v -5.1230549812316895 -42.06853103637695 105.96158599853516
v -4.91882848739624 -43.42362594604492 106.13179779052734
v -17.242355346679688 -43.944602966308594 105.95492553710938
v -17.05766487121582 -43.543296813964844 106.71749114990234
v -4.669589042663574 -44.418827056884766 106.39311981201172
v -17.0145320892334 -44.913787841796875 105.887939453125
v -16.791316986083984 -45.07176208496094 106.34921264648438
v -16.92901611328125 -44.321571350097656 106.54150390625
v -4.537768363952637 -45.402000427246094 106.61847686767578
v -16.510805130004883 -45.80342483520508 106.2853012084961
v -4.556767463684082 -46.3382453918457 106.82372283935547
v -16.033720016479492 -46.706668853759766 106.43458557128906
v -15.69105339050293 -47.00947570800781 106.93939971923828
v -15.85787582397461 -46.41115188598633 107.17456817626953
v -4.706533432006836 -47.21969985961914 106.9433364868164
v -15.335444450378418 -47.54574966430664 107.07514953613281
v -4.8669586181640625 -47.86450958251953 106.79784393310547
v -14.902055740356445 -48.14398956298828 107.24982452392578
v -4.879133701324463 -47.63419723510742 107.3199691772461
v -5.118490219116211 -48.2696647644043 107.18708801269531
v -14.64942455291748 -48.90303421020508 106.74417877197266
v -5.533533573150635 -49.02830123901367 107.34725189208984
v -14.059739112854004 -49.659481048583984 106.93399047851562
v -5.8134660720825195 -49.56972885131836 107.30625915527344
v -13.629414558410645 -49.93946838378906 107.44242095947266
v -5.87175989151001 -49.328697204589844 107.75727844238281
v -13.903852462768555 -49.38947677612305 107.62136840820312
v -6.265407085418701 -49.8463020324707 107.70634460449219
v -13.163505554199219 -50.3820686340332 107.60751342773438
v -6.85746431350708 -50.56919860839844 107.58917236328125
v -12.587254524230957 -50.759769439697266 107.86998748779297
v -7.42228889465332 -50.948272705078125 107.80419921875
v -12.235644340515137 -51.27093505859375 107.4931640625
v -7.77650785446167 -51.408531188964844 107.41348266601562
v -8.70663833618164 -51.832096099853516 107.35332489013672
v -9.737399101257324 -51.92580795288086 107.50244903564453
v -10.606267929077148 -52.00434494018555 107.32007598876953
v -11.506753921508789 -51.54350280761719 107.56697845458984
v -7.9026923179626465 -51.02191162109375 108.10518646240234
v -12.052101135253906 -51.081024169921875 107.93504333496094
v -9.219167709350586 -20.86155128479004 103.10316467285156
v -9.917702674865723 -20.859132766723633 102.83912658691406
v -10.760293006896973 -20.983388900756836 102.96536254882812
v -8.562018394470215 -20.948286056518555 103.05766296386719
v -11.502567291259766 -21.107833862304688 103.48824310302734
v -7.306716442108154 -21.551973342895508 103.76427459716797
v -8.140702247619629 -21.133087158203125 103.54608154296875
v -12.259416580200195 -21.38089370727539 103.52570343017578
v -13.005659103393555 -21.827205657958984 103.17483520507812
v -13.60229778289795 -22.27345848083496 102.941650390625
v -8.795448303222656 -20.958240509033203 103.5682144165039
v -11.04134750366211 -20.94964599609375 103.90199279785156
v -6.60250997543335 -22.043455123901367 103.84293365478516
v -14.091641426086426 -22.58528709411621 103.40010070800781
v -6.134284019470215 -22.474956512451172 103.75345611572266
v -6.9453229904174805 -21.830331802368164 104.21214294433594
v -5.717854022979736 -22.805631637573242 103.33193969726562
v -14.598409652709961 -22.99625587463379 103.72227478027344
v -15.08896255493164 -23.584692001342773 103.29573822021484
v -5.89797306060791 -22.760948181152344 104.02703857421875
v -14.983965873718262 -23.322092056274414 104.03404235839844
v -5.314141273498535 -23.496374130249023 103.5499267578125
v -15.439854621887207 -23.804553985595703 104.0087890625
v -5.10148286819458 -23.98168182373047 104.07524871826172
v -4.82155179977417 -24.834625244140625 103.66574096679688
v -16.077129364013672 -24.440738677978516 104.0551528930664
v -16.696258544921875 -25.063486099243164 103.73188781738281
v -17.272720336914062 -25.44818115234375 103.91515350341797
v -17.817975997924805 -25.855411529541016 103.74712371826172
v -18.389793395996094 -26.333419799804688 103.5644760131836
v -16.544395446777344 -24.787431716918945 104.4271240234375
v -4.656286239624023 -25.640621185302734 104.10994720458984
v -18.886402130126953 -26.73811912536621 104.03893280029297
v -19.261695861816406 -27.373779296875 103.93448638916016
v -4.5419816970825195 -26.524423599243164 104.39120483398438
v -19.50804901123047 -27.602975845336914 104.52590942382812
v -4.485504150390625 -27.483068466186523 104.52310943603516
v -19.623414993286133 -28.08281898498535 104.81448364257812
v -19.553686141967773 -28.626434326171875 104.82071685791016
v -4.440693378448486 -28.50675392150879 104.65738677978516
v -19.294078826904297 -29.17788314819336 104.41677856445312
v -19.501361846923828 -29.007431030273438 105.1707992553711
v -4.3835368156433105 -29.510190963745117 104.85880279541016
v -18.88520622253418 -30.164770126342773 104.4526596069336
v -18.605178833007812 -30.906248092651367 104.66613006591797
v -4.32927942276001 -30.49171257019043 105.02696228027344
v -18.397048950195312 -31.530351638793945 104.26209259033203
v -18.483604431152344 -31.54543113708496 105.11619567871094
v -4.278480052947998 -31.463329315185547 105.17884826660156
v -18.24648666381836 -32.397010803222656 104.76348114013672
v -18.341434478759766 -32.37822723388672 105.61707305908203
v -4.224743843078613 -32.4251594543457 105.33792114257812
v -18.12443733215332 -33.33028793334961 105.27338409423828
v -18.240814208984375 -33.08833312988281 106.03014373779297
v -4.1530914306640625 -33.374263763427734 105.53292083740234
v -18.039743423461914 -34.209598541259766 105.30747985839844
v -4.048205375671387 -34.313690185546875 105.79167938232422
v -18.01434898376465 -34.76841354370117 105.5960922241211
v -3.929795503616333 -35.35594177246094 106.09102630615234
v -18.039073944091797 -35.66392517089844 105.58306121826172
v -3.719223737716675 -35.09306716918945 106.80463409423828
v -3.931959390640259 -36.51801300048828 106.32425689697266
v -18.02777862548828 -36.653099060058594 105.9717788696289
v -3.6957848072052 -35.79133224487305 106.7933578491211
v -4.038391590118408 -37.2327766418457 106.4209976196289
v -18.00251579284668 -37.59453582763672 106.26619720458984
v -4.205731391906738 -37.89683151245117 106.53154754638672
v -17.956233978271484 -38.5360107421875 106.48213958740234
v -4.496692180633545 -38.56680679321289 106.16708374023438
v -4.688478946685791 -39.380184173583984 106.29615783691406
v -17.871997833251953 -39.49602508544922 106.61956787109375
v -4.765233516693115 -40.25758361816406 106.70172882080078
v -17.7354736328125 -40.514705657958984 106.6615982055664
v -4.767592906951904 -40.98468780517578 106.95640563964844
v -17.56822395324707 -41.72013473510742 106.49776458740234
v -4.821835994720459 -42.09363555908203 106.75311279296875
v -17.256038665771484 -42.77313232421875 106.66597747802734
v -16.982275009155273 -43.0146484375 107.1487045288086
v -17.032312393188477 -42.46062088012695 107.3123550415039
v -4.542779922485352 -43.254981994628906 107.22279357910156
v -16.78264617919922 -43.6830940246582 107.19007873535156
v -4.3194708824157715 -42.763431549072266 108.0140151977539
v -4.408512592315674 -44.39739990234375 107.38034057617188
v -16.54244041442871 -44.7481689453125 107.03508758544922
v -4.2583417892456055 -43.50807189941406 108.05397033691406
v -4.3805928230285645 -45.368255615234375 107.74494171142578
v -16.135107040405273 -45.69394302368164 107.17810821533203
v -15.798806190490723 -45.95219421386719 107.61489868164062
v -4.1997480392456055 -44.33587646484375 108.27618408203125
v -15.898173332214355 -45.40331268310547 107.793701171875
v -4.589165687561035 -46.45330810546875 107.87577819824219
v -15.48652172088623 -46.668983459472656 107.58089447021484
v -4.78070592880249 -47.1833610534668 107.68321990966797
v -5.0514960289001465 -47.61272048950195 108.0740737915039
v -15.03756332397461 -47.44615173339844 107.67579650878906
v -14.745797157287598 -47.969669342041016 107.69002532958984
v -4.803095817565918 -46.96549987792969 108.28986358642578
v -14.590510368347168 -47.628238677978516 108.1270523071289
v -5.466599464416504 -48.352901458740234 108.13233184814453
v -14.355520248413086 -48.65085983276367 107.61190032958984
v -5.7780609130859375 -48.90476608276367 108.11126708984375
v -13.916869163513184 -49.016902923583984 107.94152069091797
v -13.88719654083252 -48.397727966308594 108.39900970458984
v -6.176449775695801 -49.21752166748047 108.40020751953125
v -13.437212944030762 -49.56797409057617 108.05158996582031
v -13.052699089050293 -49.10877990722656 108.7402572631836
v -6.7185516357421875 -49.5789909362793 108.66697692871094
v -12.938340187072754 -50.22416687011719 108.07691955566406
v -6.92830228805542 -50.081687927246094 108.29904174804688
v -7.680878639221191 -50.4446907043457 108.55938720703125
v -12.209697723388672 -50.66563034057617 108.26636505126953
v -12.563034057617188 -50.34666061401367 108.3073959350586
v -7.320601940155029 -49.862213134765625 108.95214080810547
v -7.747646808624268 -49.99825668334961 109.13268280029297
v -12.152759552001953 -50.007503509521484 108.77188873291016
v -12.84453010559082 -49.88219451904297 108.4114761352539
v -8.332511901855469 -50.84897994995117 108.52989959716797
v -11.606517791748047 -50.9130744934082 108.28044128417969
v -8.501914978027344 -51.27499771118164 108.0732192993164
v -9.41976547241211 -51.39658737182617 108.1258773803711
v -10.570773124694824 -51.356597900390625 108.09998321533203
v -9.065549850463867 -50.89555740356445 108.6789321899414
v -10.02591609954834 -50.82798767089844 108.76544189453125
v -11.054112434387207 -50.55036163330078 108.8062744140625
v -10.112801551818848 -20.835830688476562 103.94363403320312
v -9.258146286010742 -20.8831844329834 103.90745544433594
v -10.9935302734375 -20.828767776489258 104.73419189453125
v -7.838054656982422 -21.262218475341797 104.51307678222656
v -8.68114948272705 -20.98365592956543 104.2306900024414
v -11.76896858215332 -21.071348190307617 104.36016082763672
v -12.463701248168945 -21.314861297607422 104.40642547607422
v -12.966165542602539 -21.62412452697754 104.11642456054688
v -13.573183059692383 -22.078445434570312 103.82454681396484
v -7.195343494415283 -21.64887237548828 104.46308898925781
v -14.179186820983887 -22.449241638183594 104.3970718383789
v -6.582496643066406 -21.993412017822266 104.74352264404297
v -14.704710960388184 -22.935243606567383 104.42868041992188
v -6.175899505615234 -22.47109603881836 104.28591918945312
v -15.121365547180176 -23.286439895629883 104.72074890136719
v -5.879829406738281 -22.78281593322754 104.39013671875
v -5.876992702484131 -22.622024536132812 104.87999725341797
v -5.540750980377197 -23.170560836791992 104.30316162109375
v -15.702638626098633 -23.825881958007812 104.92481231689453
v -5.165046215057373 -23.663454055786133 104.83198547363281
v -16.300128936767578 -24.368453979492188 105.03744506835938
v -5.400875091552734 -23.080036163330078 105.19180297851562
v -16.001731872558594 -23.977102279663086 105.37926483154297
v -4.844149112701416 -24.511079788208008 104.79093170166016
v -16.776525497436523 -24.822341918945312 104.94390106201172
v -17.01654815673828 -25.14897346496582 104.45973205566406
v -17.690031051635742 -25.574951171875 104.6594009399414
v -18.372690200805664 -26.149080276489258 104.43091583251953
v -17.253530502319336 -25.112625122070312 105.17183685302734
v -17.76390838623047 -25.40507698059082 105.48393249511719
v -4.604367733001709 -25.484952926635742 105.12352752685547
v -18.993196487426758 -26.56644630432129 105.14188385009766
v -19.3343563079834 -27.126558303833008 104.6993637084961
v -4.488070011138916 -26.431673049926758 105.33326721191406
v -19.622478485107422 -27.553483963012695 105.25157928466797
v -19.431900024414062 -27.050779342651367 105.3868179321289
v -4.4256110191345215 -27.40329933166504 105.48834228515625
v -19.723255157470703 -27.980072021484375 105.41007232666016
v -4.376626014709473 -28.389083862304688 105.6425552368164
v -19.68293571472168 -28.471731185913086 105.52899932861328
v -19.56105613708496 -29.184049606323242 105.92814636230469
v -4.328072547912598 -29.369152069091797 105.80048370361328
v -19.25416374206543 -29.669082641601562 105.25829315185547
v -4.2799153327941895 -30.34114646911621 105.94873046875
v -18.88936996459961 -30.636520385742188 105.45787811279297
v -4.227061748504639 -31.306499481201172 106.09307861328125
v -18.68581199645996 -31.54774284362793 106.03282928466797
v -4.155374526977539 -32.262474060058594 106.2537841796875
v -18.538244247436523 -32.44316482543945 106.5725326538086
v -18.31913185119629 -33.29344940185547 106.62528228759766
v -4.04511022567749 -33.212364196777344 106.46590423583984
v -18.10018539428711 -34.03700637817383 106.11930084228516
v -18.289087295532227 -33.8479118347168 107.00077056884766
v -3.867759943008423 -34.21025848388672 106.78337097167969
v -18.01188850402832 -35.001182556152344 106.1659164428711
v -3.663484811782837 -34.675785064697266 107.40419006347656
v -3.5912222862243652 -35.3465690612793 107.22782897949219
v -17.99693489074707 -35.763099670410156 106.51296997070312
v -3.531344175338745 -35.906105041503906 107.5550537109375
v -17.958635330200195 -36.685367584228516 106.85697174072266
v -3.681431770324707 -36.411895751953125 107.06095123291016
v -3.840104818344116 -37.181976318359375 107.209716796875
v -17.903087615966797 -37.6143684387207 107.12743377685547
v -3.5918049812316895 -36.567562103271484 107.61962127685547
v -4.077409267425537 -38.16851806640625 107.564697265625
v -17.809350967407227 -38.56572341918945 107.32168579101562
v -4.364404678344727 -38.73994445800781 106.95452880859375
v -4.49003791809082 -39.57784652709961 107.35926818847656
v -17.647451400756836 -39.56886291503906 107.44756317138672
v -4.258515357971191 -38.89643859863281 107.75161743164062
v -4.605607032775879 -40.39350891113281 107.39823150634766
v -17.37867546081543 -40.71408462524414 107.51972961425781
v -17.150794982910156 -40.44314193725586 108.3046646118164
v -4.542983055114746 -41.11111831665039 107.71663665771484
v -17.19464111328125 -41.84569549560547 107.29075622558594
v -16.968721389770508 -42.08150863647461 107.6258316040039
v -4.3650078773498535 -40.70116424560547 108.43814086914062
v -16.91777801513672 -41.43342590332031 108.10325622558594
v -4.46458101272583 -42.134422302246094 107.76661682128906
v -16.717309951782227 -42.67452621459961 107.7902603149414
v -4.270909309387207 -42.16377258300781 108.37970733642578
v -4.334189414978027 -41.4315071105957 108.4118423461914
v -16.45962142944336 -42.039329528808594 108.59443664550781
v -4.164515018463135 -42.72524642944336 108.61328125
v -16.37052345275879 -43.845279693603516 107.80858612060547
v -16.200359344482422 -43.01251220703125 108.50482940673828
v -4.089320182800293 -43.48765563964844 108.82441711425781
v -16.117298126220703 -44.810943603515625 107.75264739990234
v -15.84308910369873 -44.998836517333984 108.08761596679688
v -15.804981231689453 -44.23621368408203 108.50627899169922
v -4.07981538772583 -44.216182708740234 109.08073425292969
v -15.48503303527832 -45.603450775146484 108.23360443115234
v -4.204744338989258 -44.906105041503906 108.62117767333984
v -15.199707984924316 -44.822025299072266 109.04999542236328
v -4.3819804191589355 -45.60724639892578 108.71074676513672
v -15.014469146728516 -46.72563552856445 108.19029998779297
v -14.663399696350098 -46.93437576293945 108.49852752685547
v -14.697576522827148 -46.13260269165039 108.928466796875
v -4.714227676391602 -46.39576721191406 109.04808807373047
v -14.277844429016113 -47.296348571777344 108.70536804199219
v -5.014804840087891 -47.12866973876953 108.85420989990234
v -13.88012409210205 -47.711883544921875 108.87899780273438
v -13.848018646240234 -47.014503479003906 109.36890411376953
v -5.487340450286865 -47.70852279663086 109.17009735107422
v -13.443174362182617 -48.14306640625 109.03843688964844
v -6.025991916656494 -48.54557800292969 108.99871063232422
v -12.99196720123291 -48.586360931396484 109.17588806152344
v -12.903401374816895 -47.9964714050293 109.67176055908203
v -6.62569522857666 -49.03600311279297 109.21825408935547
v -12.505888938903809 -49.034271240234375 109.2584457397461
v -7.209198474884033 -49.35859680175781 109.42001342773438
v -7.81808614730835 -49.63074493408203 109.55133056640625
v -11.995804786682129 -49.46427536010742 109.31865692138672
v -7.117748737335205 -48.932395935058594 109.86865234375
v -11.846222877502441 -48.90594482421875 109.84593200683594
v -8.26449966430664 -49.99803161621094 109.37484741210938
v -11.418269157409668 -49.79571533203125 109.34840393066406
v -8.652124404907227 -50.442264556884766 109.05009460449219
v -9.55556583404541 -50.373756408691406 109.26297760009766
v -10.496671676635742 -50.17023468017578 109.34674072265625
v -9.110605239868164 -49.94133377075195 109.66792297363281
v -9.99433708190918 -49.79854965209961 109.81839752197266
v -10.881125450134277 -49.4937744140625 109.86485290527344
v -10.210234642028809 -20.607393264770508 105.40035247802734
v -9.367169380187988 -20.793359756469727 104.68753051757812
v -11.082229614257812 -20.703899383544922 105.49909973144531
v -7.655536651611328 -21.068923950195312 105.36126708984375
v -8.531462669372559 -20.847087860107422 105.14696502685547
v -11.671149253845215 -20.889217376708984 105.29910278320312
v -12.364444732666016 -21.161855697631836 105.13233947753906
v -12.892292022705078 -21.448654174804688 104.85275268554688
v -13.514820098876953 -21.83677101135254 104.84233856201172
v -9.273193359375 -20.607728958129883 105.48577117919922
v -11.52001953125 -20.72188377380371 105.94188690185547
v -7.177239418029785 -21.491605758666992 105.03897857666016
v -14.074580192565918 -22.1626033782959 105.2441177368164
v -5.96319055557251 -22.049938201904297 105.60591125488281
v -6.604752063751221 -21.571407318115234 105.51504516601562
v -14.640395164489746 -22.659385681152344 105.25736999511719
v -7.074002265930176 -21.245580673217773 105.57405090332031
v -13.741182327270508 -21.824331283569336 105.67102813720703
v -5.588407516479492 -22.604921340942383 105.51161193847656
v -15.311400413513184 -23.173503875732422 105.70433807373047
v -5.296737194061279 -22.80029296875 105.79566192626953
v -15.80886459350586 -23.67323112487793 105.68092346191406
v -5.478243827819824 -22.334020614624023 105.97618865966797
v -5.018738746643066 -23.46085548400879 105.69662475585938
v -16.28667640686035 -24.00733184814453 105.95681762695312
v -16.889495849609375 -24.628419876098633 105.71491241455078
v -17.468889236450195 -25.056665420532227 105.85034942626953
v -4.705689430236816 -24.379852294921875 105.91448974609375
v -18.040306091308594 -25.392641067504883 106.29814910888672
v -18.362594604492188 -25.890155792236328 105.47610473632812
v -4.544084072113037 -25.32199478149414 106.13308715820312
v -18.943721771240234 -26.304855346679688 106.02131652832031
v -18.59847640991211 -25.8891544342041 106.3176040649414
v -4.468669891357422 -26.27895736694336 106.3088607788086
v -19.333351135253906 -26.808324813842773 105.97762298583984
v -19.58548927307129 -27.276470184326172 105.9125747680664
v -4.4256110191345215 -27.247955322265625 106.4588851928711
v -19.72003936767578 -27.870882034301758 106.12138366699219
v -4.388442516326904 -28.21771240234375 106.60469818115234
v -19.74226951599121 -28.652957916259766 106.5710678100586
v -19.645248413085938 -29.42137908935547 106.8919906616211
v -4.350744724273682 -29.184284210205078 106.75374603271484
v -19.337095260620117 -29.97240447998047 106.22286987304688
v -4.308006286621094 -30.152935028076172 106.90095520019531
v -19.09418487548828 -30.80725860595703 106.54589080810547
v -4.247265815734863 -31.121185302734375 107.04698181152344
v -18.92222023010254 -31.58351707458496 106.93803405761719
v -4.150782108306885 -32.072689056396484 107.21484375
v -18.84874153137207 -32.20981979370117 107.37029266357422
v -4.005035877227783 -32.98418426513672 107.45186614990234
v -18.61012077331543 -33.08379364013672 107.4413070678711
v -18.456605911254883 -34.06410217285156 107.81108856201172
v -3.818399667739868 -33.75838088989258 107.81582641601562
v -18.133586883544922 -34.788570404052734 107.03031921386719
v -3.6300179958343506 -34.39924240112305 108.25130462646484
v -3.520625114440918 -35.173709869384766 107.8493881225586
v -18.04298210144043 -35.814369201660156 107.43539428710938
v -3.443248987197876 -35.61865234375 108.26000213623047
v -17.957805633544922 -36.71821594238281 107.76065063476562
v -3.4791386127471924 -36.29331970214844 108.37186431884766
v -17.84876251220703 -37.64055252075195 108.01376342773438
v -3.6245667934417725 -36.9436149597168 108.0506820678711
v -3.808668375015259 -37.61577224731445 108.27012634277344
v -17.676929473876953 -38.602725982666016 108.20506286621094
v -4.077731609344482 -38.66597366333008 108.65718078613281
v -17.411022186279297 -39.601016998291016 108.36405181884766
v -4.299937725067139 -39.35747528076172 108.13957214355469
v -17.161428451538086 -39.984500885009766 108.78685760498047
v -17.306072235107422 -39.450496673583984 109.09090423583984
v -4.4122395515441895 -40.111976623535156 108.10870361328125
v -16.913745880126953 -40.60985565185547 108.84303283691406
v -4.294876575469971 -40.14530944824219 108.81755065917969
v -4.256292819976807 -39.575035095214844 108.70692443847656
v -4.248624324798584 -40.752986907958984 109.02244567871094
v -16.590606689453125 -41.27696228027344 108.937744140625
v -16.305461883544922 -41.71270751953125 109.15587615966797
v -16.37784767150879 -41.318695068359375 109.44790649414062
v -4.17435359954834 -41.75535583496094 109.04658508300781
v -16.09479331970215 -42.32330322265625 109.14397430419922
v -4.066673755645752 -42.618804931640625 109.34703826904297
v -15.785585403442383 -43.128814697265625 109.1959228515625
v -4.019344806671143 -43.41645812988281 109.59308624267578
v -15.403888702392578 -43.8455810546875 109.3655776977539
v -15.060128211975098 -44.26863098144531 109.62666320800781
v -15.16352653503418 -43.71654510498047 109.887939453125
v -4.0608673095703125 -44.12502670288086 109.84862518310547
v -14.735980987548828 -44.9907112121582 109.63746643066406
v -4.185504913330078 -44.87342071533203 109.34953308105469
v -4.43966007232666 -45.49755096435547 109.702880859375
v -14.259628295898438 -45.804481506347656 109.72772216796875
v -13.842329978942871 -46.231319427490234 109.97765350341797
v -14.03110122680664 -45.62089920043945 110.22116088867188
v -4.835318565368652 -46.07576370239258 110.23306274414062
v -13.372847557067871 -46.849876403808594 110.09685516357422
v -5.163360118865967 -46.890621185302734 109.77198791503906
v -12.794966697692871 -47.333335876464844 110.39348602294922
v -5.722836494445801 -47.343013763427734 110.37334442138672
v -12.284740447998047 -48.01827621459961 110.28667449951172
v -6.184943675994873 -47.99397277832031 110.07354736328125
v -6.696076393127441 -48.54899215698242 109.94171905517578
v -11.52549934387207 -48.31660461425781 110.67817687988281
v -7.372879981994629 -48.6271858215332 110.50486755371094
v -11.10149097442627 -48.948341369628906 110.30933380126953
v -7.809950351715088 -49.07950210571289 110.18006134033203
v -8.666987419128418 -49.437442779541016 110.10226440429688
v -9.536223411560059 -49.48741149902344 110.1759262084961
v -10.327117919921875 -49.19239807128906 110.3834457397461
v -10.817575454711914 -48.724884033203125 110.71712493896484
v -9.414268493652344 -20.26131248474121 106.34918212890625
v -10.352283477783203 -20.353984832763672 106.38178253173828
v -10.96136474609375 -20.539777755737305 106.1358413696289
v -6.1851654052734375 -19.592029571533203 107.33492279052734
v -6.857304573059082 -19.568937301635742 107.20724487304688
v -8.74563980102539 -20.525779724121094 105.84095764160156
v -11.601404190063477 -20.603469848632812 106.66669464111328
v -7.215549468994141 -20.82483673095703 105.97518920898438
v -8.00684928894043 -20.62278938293457 105.88159942626953
v -12.236157417297363 -20.949941635131836 106.12734985351562
v -13.08431339263916 -21.420866012573242 105.71829986572266
v -5.935713291168213 -20.142776489257812 107.04183197021484
v -6.51742696762085 -19.99825096130371 106.90669250488281
v -7.43276834487915 -20.147001266479492 106.62554931640625
v -8.430597305297852 -20.272499084472656 106.34370422363281
v -6.689912796020508 -21.143808364868164 105.9357681274414
v -13.726553916931152 -21.665809631347656 106.49602508544922
v -5.559631824493408 -21.703575134277344 106.38221740722656
v -6.1421098709106445 -21.342803955078125 106.11940002441406
v -14.250088691711426 -22.1345157623291 106.0124282836914
v -14.832189559936523 -22.552085876464844 106.2855224609375
v -5.728547096252441 -20.861434936523438 106.77727508544922
v -6.481553077697754 -20.637670516967773 106.471923828125
v -5.121254920959473 -22.408327102661133 106.49266815185547
v -15.313791275024414 -22.871810913085938 106.60256958007812
v -15.834733009338379 -23.364377975463867 106.53131866455078
v -15.040101051330566 -22.49749183654785 107.06063842773438
v -4.785626411437988 -23.253398895263672 106.72515869140625
v -16.47273063659668 -23.758647918701172 106.95787048339844
v -16.83055877685547 -24.254121780395508 106.52774047851562
v -17.42586326599121 -24.735767364501953 106.63346862792969
v -4.610345363616943 -24.173906326293945 106.93973541259766
v -18.005985260009766 -25.07445526123047 107.21727752685547
v -17.633535385131836 -24.61524200439453 107.44198608398438
v -4.541256427764893 -25.132095336914062 107.1322021484375
v -18.585351943969727 -25.723421096801758 107.1318359375
v -18.927349090576172 -26.168699264526367 106.65425872802734
v -4.5159807205200195 -26.110069274902344 107.28520965576172
v -19.21297836303711 -26.560020446777344 106.55201721191406
v -19.51580810546875 -27.152273178100586 106.86647033691406
v -19.12097930908203 -26.392852783203125 107.23056030273438
v -4.494174480438232 -27.083648681640625 107.41051483154297
v -19.757585525512695 -28.06821060180664 107.3843994140625
v -19.630075454711914 -27.4498233795166 107.821533203125
v -4.4695515632629395 -28.040292739868164 107.54954528808594
v -19.799789428710938 -28.954195022583008 107.6168441772461
v -19.731809616088867 -29.616878509521484 107.72925567626953
v -4.441651344299316 -29.000516891479492 107.71180725097656
v -19.491573333740234 -30.223947525024414 107.2928695678711
v -19.704578399658203 -30.06745147705078 108.13188171386719
v -4.397180080413818 -29.982648849487305 107.87442779541016
v -19.2497501373291 -30.987455368041992 107.34334564208984
v -4.316667556762695 -30.967880249023438 108.02275848388672
v -19.17728042602539 -31.594633102416992 107.76531982421875
v -4.189554214477539 -31.905569076538086 108.19115447998047
v -19.054292678833008 -32.3963623046875 108.1378173828125
v -4.020141124725342 -32.75476837158203 108.44586944580078
v -18.909629821777344 -33.377342224121094 108.59061431884766
v -18.636219024658203 -34.282527923583984 108.640380859375
v -3.8242597579956055 -33.51904296875 108.80057525634766
v -18.300559997558594 -35.032432556152344 108.16653442382812
v -3.6344990730285645 -34.23333740234375 109.20272827148438
v -18.568422317504883 -34.80678176879883 108.9919662475586
v -3.4846179485321045 -35.006134033203125 108.66778564453125
v -18.108104705810547 -35.95024490356445 108.24421691894531
v -3.4210119247436523 -35.632869720458984 109.020263671875
v -18.040342330932617 -36.66743469238281 108.83810424804688
v -18.18314552307129 -36.475128173828125 109.69377136230469
v -3.4631218910217285 -36.2811164855957 109.3807144165039
v -17.808847427368164 -37.745670318603516 108.81112670898438
v -3.593064308166504 -36.972267150878906 108.85984802246094
v -3.8004696369171143 -37.69417953491211 109.27902221679688
v -17.594799041748047 -38.573402404785156 109.30870819091797
v -17.3369140625 -39.24102783203125 109.66484069824219
v -4.003427505493164 -38.3859748840332 109.7264633178711
v -17.067962646484375 -39.93553924560547 109.46514892578125
v -17.221086502075195 -39.50949478149414 110.10708618164062
v -4.202509880065918 -39.62581253051758 109.70797729492188
v -16.658390045166016 -40.751983642578125 109.61258697509766
v -16.33360481262207 -41.233211517333984 109.90570831298828
v -4.333078861236572 -39.73335647583008 110.6576156616211
v -4.183687210083008 -40.89209747314453 109.62132263183594
v -16.09842872619629 -41.78866958618164 109.7547378540039
v -16.14596939086914 -41.50300598144531 110.32496643066406
v -4.128824234008789 -41.69594955444336 109.87328338623047
v -15.820371627807617 -42.468997955322266 109.73899841308594
v -4.064275741577148 -42.571754455566406 110.11480712890625
v -15.462584495544434 -43.076080322265625 109.96038818359375
v -15.127900123596191 -43.43376922607422 110.31083679199219
v -15.301397323608398 -42.96611404418945 110.59552764892578
v -4.04945182800293 -43.36467361450195 110.3306655883789
v -14.83718204498291 -44.11904525756836 110.22872161865234
v -4.1183319091796875 -44.009761810302734 110.54651641845703
v -14.366560935974121 -44.95387649536133 110.3132095336914
v -4.2232208251953125 -44.709529876708984 110.17082977294922
v -14.015207290649414 -45.285789489746094 110.6187515258789
v -4.279993057250977 -44.42351150512695 110.8116455078125
v -14.181669235229492 -44.816322326660156 110.91674041748047
v -4.547375679016113 -45.13719940185547 110.74980926513672
v -13.653608322143555 -45.94106674194336 110.57806396484375
v -4.96534538269043 -45.78860855102539 111.15084075927734
v -13.10988712310791 -46.61154556274414 110.73771667480469
v -5.4067158699035645 -46.543540954589844 111.04093933105469
v -12.733434677124023 -47.02355194091797 110.81349182128906
v -5.22961950302124 -46.032588958740234 111.50921630859375
v -12.702278137207031 -46.671836853027344 111.33916473388672
v -5.956336975097656 -47.158145904541016 111.21475219726562
v -12.248208045959473 -47.46661376953125 110.92334747314453
v -6.347332000732422 -47.61271667480469 111.02763366699219
v -7.0226240158081055 -48.11875534057617 110.93719482421875
v -10.722877502441406 -48.300235748291016 111.26390838623047
v -11.498332977294922 -47.726722717285156 111.43030548095703
v -6.379123210906982 -47.31124496459961 111.66886901855469
v -12.051074981689453 -47.11113739013672 111.70323181152344
v -7.741847038269043 -48.37526321411133 111.13229370117188
v -10.296512603759766 -48.77043151855469 110.8879623413086
v -7.981616020202637 -48.68000793457031 110.82831573486328
v -8.615137100219727 -48.864498138427734 110.79546356201172
v -9.537832260131836 -48.99007034301758 110.73604583740234
v -8.43822956085205 -48.428375244140625 111.36460876464844
v -9.276541709899902 -48.52741241455078 111.34960174560547
v -9.978472709655762 -48.564476013183594 111.22883605957031
v -5.972495079040527 -19.218605041503906 107.88081359863281
v -6.591442584991455 -19.157567977905273 107.71589660644531
v -5.713801860809326 -19.6938419342041 107.50199890136719
v -7.145016193389893 -19.203916549682617 107.58592987060547
v -7.61299467086792 -19.498254776000977 107.2955551147461
v -8.544869422912598 -19.815479278564453 107.05577087402344
v -9.478988647460938 -19.871095657348633 107.22940063476562
v -10.176168441772461 -20.090478897094727 107.09207916259766
v -10.927978515625 -20.32280731201172 106.9562759399414
v -7.623854637145996 -19.12631607055664 107.74787139892578
v -5.44297456741333 -20.21674919128418 107.4295425415039
v -11.588213920593262 -20.401866912841797 107.5953140258789
v -12.307146072387695 -20.7726993560791 107.2704086303711
v -13.033553123474121 -21.20032501220703 106.86346435546875
v -5.171828269958496 -21.169912338256836 107.27699279785156
v -13.74990463256836 -21.4794979095459 107.58555603027344
v -14.44802188873291 -22.03948402404785 107.09818267822266
v -4.826388835906982 -22.080326080322266 107.50578308105469
v -15.036626815795898 -22.26808738708496 107.86129760742188
v -15.587597846984863 -22.80867576599121 107.47748565673828
v -16.147357940673828 -23.280271530151367 107.44462585449219
v -4.65546989440918 -22.99700164794922 107.73715209960938
v -16.662769317626953 -23.532752990722656 107.9176025390625
v -17.129913330078125 -24.142454147338867 107.4507064819336
v -4.6082024574279785 -23.96189308166504 107.95601654052734
v -17.638195037841797 -24.36966323852539 108.09429168701172
v -17.945430755615234 -24.787372589111328 107.83634185791016
v -4.627685546875 -24.974180221557617 108.15132141113281
v -18.344449996948242 -25.221343994140625 107.97532653808594
v -4.633820533752441 -26.00466537475586 108.2348861694336
v -18.89771270751953 -25.954389572143555 108.21490478515625
v -19.36736297607422 -26.81071662902832 107.94837188720703
v -4.617797374725342 -26.967041015625 108.302001953125
v -19.561473846435547 -27.32151222229004 108.63195037841797
v -19.73808479309082 -27.87357521057129 108.27276611328125
v -4.6080169677734375 -27.888111114501953 108.47201538085938
v -19.821365356445312 -28.52729606628418 108.42814636230469
v -4.587874889373779 -28.855113983154297 108.68408966064453
v -19.839860916137695 -29.479536056518555 108.67542266845703
v -19.76832389831543 -30.281463623046875 108.74813079833984
v -4.527674198150635 -29.890878677368164 108.8785171508789
v -19.529525756835938 -30.808448791503906 108.15531921386719
v -19.721168518066406 -30.951541900634766 109.11470031738281
v -4.4054083824157715 -30.917728424072266 108.98677062988281
v -19.43451690673828 -31.66044807434082 108.6234359741211
v -19.65957260131836 -31.779190063476562 109.49797821044922
v -4.248126983642578 -31.812013626098633 109.13887023925781
v -19.339750289916992 -32.4957389831543 109.02610778808594
v -19.57883644104004 -32.58562088012695 109.83992767333984
v -4.068086624145508 -32.61339569091797 109.4327621459961
v -19.27719497680664 -33.19185256958008 109.44243621826172
v -19.447351455688477 -33.34175491333008 110.1080322265625
v -3.8696703910827637 -33.39625930786133 109.81883239746094
v -18.995113372802734 -34.13826370239258 109.63275146484375
v -3.6838021278381348 -34.16569900512695 110.19874572753906
v -18.627029418945312 -35.02554702758789 109.51280975341797
v -19.345991134643555 -33.82012939453125 110.33029174804688
v -3.496447801589966 -34.92738723754883 109.59828186035156
v -18.327823638916016 -35.56795120239258 108.9871826171875
v -18.27978515625 -36.02022171020508 109.45360565185547
v -18.481348037719727 -35.51997756958008 109.66107177734375
v -3.444390058517456 -35.59962844848633 109.93220520019531
v -18.42649269104004 -35.89997482299805 110.0552978515625
v -18.266529083251953 -36.50925064086914 110.38492584228516
v -3.5100347995758057 -36.193603515625 110.27784729003906
v -17.956485748291016 -37.29597091674805 109.71446228027344
v -3.616882562637329 -36.912437438964844 109.81414794921875
v -3.865100383758545 -37.55039978027344 110.27938842773438
v -17.800979614257812 -37.93846893310547 110.26127624511719
v -4.147508144378662 -38.367156982421875 110.639404296875
v -17.528884887695312 -38.77534103393555 110.49797058105469
v -4.302112102508545 -39.12071228027344 110.7072982788086
v -17.25231170654297 -39.48470687866211 110.69499206542969
v -4.352809906005859 -38.634681701660156 111.17828369140625
v -4.48396110534668 -39.23638916015625 111.34385681152344
v -16.94190788269043 -40.119258880615234 110.36947631835938
v -4.438329696655273 -40.05317306518555 111.1136245727539
v -17.127866744995117 -39.818294525146484 111.13111877441406
v -4.26051139831543 -40.64153289794922 110.41600036621094
v -16.479400634765625 -40.93794250488281 110.52210235595703
v -16.1495418548584 -41.47490692138672 110.84400177001953
v -4.438811302185059 -40.82303237915039 111.25871276855469
v -4.213644027709961 -41.68661880493164 110.65949249267578
v -15.756266593933105 -42.1910400390625 110.71649169921875
v -15.294349670410156 -42.82390213012695 111.1175765991211
v -4.402429103851318 -41.79095458984375 111.41292572021484
v -16.050426483154297 -41.65450668334961 111.24699401855469
v -4.170324802398682 -42.592124938964844 110.84425354003906
v -14.96185302734375 -43.45442581176758 110.94793701171875
v -4.370181560516357 -42.727420806884766 111.49880981445312
v -15.085975646972656 -43.09260940551758 111.62661743164062
v -4.16912841796875 -43.36481857299805 110.97248840332031
v -14.524752616882324 -44.2348518371582 110.96659088134766
v -4.238585472106934 -43.91773986816406 111.06624603271484
v -14.184223175048828 -44.53020095825195 111.6024169921875
v -4.350052833557129 -43.48015213012695 111.44085693359375
v -4.511491298675537 -44.19287872314453 111.47278594970703
v -13.84076976776123 -45.229469299316406 111.18852233886719
v -4.8705315589904785 -45.02994155883789 111.7114028930664
v -13.310686111450195 -45.88490295410156 111.40654754638672
v -5.128306865692139 -45.66937255859375 111.72988891601562
v -12.908201217651367 -46.12287521362305 111.8958511352539
v -5.1882243156433105 -45.3248405456543 112.16886138916016
v -13.207830429077148 -45.66395950317383 112.1688003540039
v -5.562543869018555 -45.954349517822266 112.18309783935547
v -12.446330070495605 -46.50836944580078 112.13641357421875
v -6.106960773468018 -46.80757522583008 112.00772094726562
v -11.808039665222168 -46.89365005493164 112.51599884033203
v -6.641011714935303 -47.21000671386719 112.20979309082031
v -11.49948501586914 -47.36125564575195 112.02417755126953
v -7.021749496459961 -47.593109130859375 111.89559173583984
v -7.987574100494385 -47.97661209106445 111.87455749511719
v -9.080668449401855 -48.08601760864258 111.99044036865234
v -9.981820106506348 -48.16073989868164 111.77490234375
v -10.821195602416992 -47.71828079223633 112.05249786376953
v -7.115394115447998 -47.26967239379883 112.63265228271484
v -11.236892700195312 -47.29244613647461 112.48094940185547
v -5.853466510772705 -18.908313751220703 108.58656311035156
v -6.506024360656738 -18.788564682006836 108.38566589355469
v -7.277816295623779 -18.871410369873047 108.16220092773438
v -5.485715866088867 -19.51517105102539 108.01594543457031
v -7.972200393676758 -18.967071533203125 108.13506317138672
v -8.258520126342773 -19.290571212768555 107.72830200195312
v -9.21063232421875 -19.478490829467773 107.91984558105469
v -9.984545707702637 -19.783985137939453 107.7685546875
v -10.797316551208496 -20.025604248046875 107.8984375
v -8.639405250549316 -19.047794342041016 108.34978485107422
v -9.310776710510254 -19.169818878173828 108.64629364013672
v -5.129741191864014 -20.115949630737305 108.1137466430664
v -11.522686004638672 -20.212146759033203 108.38993835449219
v -12.274009704589844 -20.562076568603516 108.406494140625
v -13.036182403564453 -21.011327743530273 107.97044372558594
v -11.069025993347168 -19.935522079467773 108.7757568359375
v -4.855630874633789 -20.91872215270996 108.27518463134766
v -13.727532386779785 -21.275875091552734 108.68154907226562
v -14.482745170593262 -21.77534294128418 108.38095092773438
v -4.685248374938965 -21.80937385559082 108.51509857177734
v -15.098085403442383 -22.099557876586914 108.65097045898438
v -15.567277908325195 -22.467166900634766 108.50251770019531
v -16.206743240356445 -22.984729766845703 108.38665771484375
v -15.433738708496094 -22.194242477416992 109.17632293701172
v -4.6472930908203125 -22.770566940307617 108.76736450195312
v -16.764328002929688 -23.324974060058594 108.65774536132812
v -17.248647689819336 -23.78826904296875 108.63519287109375
v -16.988805770874023 -23.372806549072266 109.07130432128906
v -4.710793972015381 -23.798934936523438 109.0148696899414
v -17.76399040222168 -24.262134552001953 108.74517822265625
v -18.054885864257812 -24.70005226135254 108.45877838134766
v -18.065805435180664 -24.515087127685547 109.09424591064453
v -4.83076286315918 -24.945016860961914 109.2959976196289
v -18.476537704467773 -25.135028839111328 108.98860931396484
v -5.0283613204956055 -24.99658966064453 110.0528564453125
v -4.7653398513793945 -26.087600708007812 108.95413208007812
v -18.94294548034668 -25.852230072021484 109.29185485839844
v -19.262813568115234 -26.582429885864258 108.9150161743164
v -19.18568992614746 -26.364042282104492 109.64623260498047
v -4.786503791809082 -26.85597038269043 109.15001678466797
v -19.443742752075195 -27.207191467285156 109.73084259033203
v -19.71429443359375 -27.978553771972656 109.08075714111328
v -4.789490699768066 -27.767898559570312 109.38018798828125
v -19.819547653198242 -28.81214714050293 109.4888916015625
v -19.672622680664062 -28.111209869384766 109.86968231201172
v -4.789310455322266 -28.74370765686035 109.75106811523438
v -19.875286102294922 -29.482128143310547 109.55809783935547
v -4.932277679443359 -28.98546600341797 110.63167572021484
v -4.667043685913086 -30.003190994262695 109.95733642578125
v -19.863168716430664 -30.167888641357422 109.5830307006836
v -4.857883453369141 -29.765331268310547 110.8807144165039
v -4.464176654815674 -31.038108825683594 109.78825378417969
v -19.846725463867188 -31.083179473876953 109.98725128173828
v -4.330198287963867 -31.750333786010742 110.0746078491211
v -19.798669815063477 -31.92974853515625 110.32640838623047
v -4.145704746246338 -32.54621505737305 110.40972137451172
v -19.703487396240234 -32.752952575683594 110.59166717529297
v -3.9718410968780518 -33.37665939331055 110.926513671875
v -19.545795440673828 -33.49284744262695 110.77155303955078
v -3.7618064880371094 -34.19658279418945 111.02201843261719
v -19.2423095703125 -34.24342727661133 110.77943420410156
v -3.5676112174987793 -34.91462326049805 110.60884857177734
v -18.77231216430664 -35.092750549316406 110.25833892822266
v -3.7360289096832275 -34.62655258178711 111.38329315185547
v -3.507927894592285 -35.60564041137695 110.6634521484375
v -18.594249725341797 -35.76692581176758 110.8328628540039
v -18.3844051361084 -36.399967193603516 111.25347900390625
v -3.611057758331299 -36.00022506713867 111.03321838378906
v -18.07406997680664 -37.17796325683594 110.73306274414062
v -3.7077064514160156 -36.70741271972656 110.72381591796875
v -3.8019726276397705 -36.352237701416016 111.3973617553711
v -4.0661396980285645 -37.179264068603516 111.38846588134766
v -17.87811851501465 -37.84385299682617 111.117431640625
v -4.30380916595459 -38.037261962890625 111.41485595703125
v -4.522581100463867 -38.38910675048828 111.7813720703125
v -17.718597412109375 -38.39146041870117 111.50125885009766
v -4.718392372131348 -38.869171142578125 112.09075164794922
v -17.441720962524414 -39.14974594116211 111.51548767089844
v -17.163965225219727 -39.847572326660156 111.9414291381836
v -4.695994853973389 -39.84383773803711 111.91107940673828
v -16.82062530517578 -40.41019058227539 111.26566314697266
v -4.698642253875732 -40.936866760253906 112.04029846191406
v -16.38357162475586 -41.148292541503906 111.51882934570312
v -15.958976745605469 -41.834407806396484 111.98212432861328
v -4.667802333831787 -41.97745895385742 112.1231460571289
v -15.455278396606445 -42.545413970947266 111.77824401855469
v -15.117290496826172 -43.036949157714844 112.46281433105469
v -4.660425662994385 -43.11357498168945 112.10285186767578
v -14.675095558166504 -43.7247314453125 111.89490509033203
v -14.2210111618042 -44.28274917602539 112.59503936767578
v -4.902340412139893 -44.065162658691406 112.35513305664062
v -13.694063186645508 -45.07526779174805 112.16514587402344
v -5.091317176818848 -44.781246185302734 112.38912200927734
v -13.2709321975708 -45.3867301940918 112.92362976074219
v -5.185229778289795 -44.33015823364258 112.85195922851562
v -5.444982528686523 -44.994667053222656 112.9026870727539
v -12.824496269226074 -45.95104217529297 112.59276580810547
v -5.959258556365967 -45.618896484375 113.28265380859375
v -12.313365936279297 -46.32436752319336 112.94188690185547
v -6.2918620109558105 -46.31805419921875 112.97138977050781
v -6.751726150512695 -46.88251876831055 112.84408569335938
v -11.232975959777832 -47.01710891723633 113.0956039428711
v -11.790109634399414 -46.59107971191406 113.3360595703125
v -6.446898937225342 -45.98847198486328 113.680419921875
v -12.20555591583252 -46.24043273925781 113.53433990478516
v -7.4390106201171875 -47.035987854003906 113.3306884765625
v -10.760077476501465 -47.39640808105469 112.73410034179688
v -7.870967864990234 -47.45134353637695 112.83822631835938
v -8.866019248962402 -47.65477752685547 112.7609634399414
v -9.95262622833252 -47.66831970214844 112.618896484375
v -5.80339241027832 -18.62744140625 109.4466552734375
v -6.457866668701172 -18.467761993408203 109.20176696777344
v -7.233515739440918 -18.515708923339844 108.99169158935547
v -8.122183799743652 -18.720918655395508 108.81410217285156
v -8.904004096984863 -18.895313262939453 108.9324951171875
v -5.343254089355469 -19.274595260620117 108.79153442382812
v -9.510330200195312 -19.052122116088867 109.31343078613281
v -10.15753173828125 -19.543621063232422 108.72332000732422
v -4.977766513824463 -19.87946128845215 109.01599884033203
v -10.953795433044434 -19.77237319946289 109.57597351074219
v -11.77222728729248 -20.211275100708008 109.26946258544922
v -12.51134967803955 -20.560867309570312 109.33503723144531
v -13.052153587341309 -20.868682861328125 108.9979476928711
v -4.7547101974487305 -20.664649963378906 109.27249145507812
v -13.653227806091309 -21.119688034057617 109.66123962402344
v -14.32584285736084 -21.50154685974121 109.44344329833984
v -14.957941055297852 -21.874919891357422 109.30470275878906
v -4.677972316741943 -21.578781127929688 109.5549545288086
v -15.483678817749023 -22.08916473388672 109.92379760742188
v -16.029354095458984 -22.54984474182129 109.4385986328125
v -16.663532257080078 -23.058351516723633 109.25360870361328
v -4.736702919006348 -22.599821090698242 109.85938262939453
v -17.210617065429688 -23.431547164916992 109.69364929199219
v -17.72884178161621 -24.043628692626953 109.41004943847656
v -4.891395568847656 -23.670148849487305 110.10973358154297
v -18.189254760742188 -24.557666778564453 109.81853485107422
v -5.003805160522461 -24.428722381591797 110.12712860107422
v -5.053276062011719 -24.033246994018555 110.57862091064453
v -5.136589527130127 -24.63315773010254 110.66849517822266
v -18.673534393310547 -25.27679443359375 110.01478576660156
v -5.121091365814209 -25.30450439453125 110.43859100341797
v -19.00067138671875 -25.887380599975586 109.93830871582031
v -18.914154052734375 -25.706071853637695 110.37422180175781
v -4.961024761199951 -25.82267951965332 109.7770004272461
v -19.136499404907227 -26.347633361816406 110.32373809814453
v -5.136523246765137 -25.997135162353516 110.57554626464844
v -4.9764723777771 -26.796199798583984 109.97756958007812
v -19.27889060974121 -27.0481014251709 110.61222839355469
v -5.14137601852417 -26.866872787475586 110.75501251220703
v -4.9806437492370605 -27.641281127929688 110.2055892944336
v -19.47657012939453 -27.933027267456055 110.67656707763672
v -5.002655506134033 -28.213306427001953 110.51782989501953
v -19.71796989440918 -28.622295379638672 110.2806625366211
v -5.119268417358398 -27.59644317626953 110.8412094116211
v -5.126828193664551 -28.173641204833984 111.1784896850586
v -19.791316986083984 -29.496639251708984 110.39495849609375
v -19.6169376373291 -28.76409149169922 110.84344482421875
v -5.077613353729248 -29.07242202758789 111.55870819091797
v -19.868215560913086 -30.471044540405273 110.4454116821289
v -4.9140448570251465 -29.99608612060547 111.48835754394531
v -4.6429033279418945 -30.797481536865234 110.83555603027344
v -19.852779388427734 -31.243572235107422 110.8252182006836
v -4.843292236328125 -30.57098388671875 111.8062515258789
v -4.4020094871521 -31.799924850463867 110.89954376220703
v -19.80500602722168 -32.131351470947266 111.11103057861328
v -4.278405666351318 -32.44256591796875 111.32522583007812
v -19.6962947845459 -32.97191619873047 111.31002807617188
v -4.1873602867126465 -33.0412712097168 111.7476577758789
v -19.518003463745117 -33.71537399291992 111.43682098388672
v -19.28898811340332 -34.3203010559082 111.67308044433594
v -4.027590274810791 -33.95087814331055 111.8921127319336
v -18.961353302001953 -34.98844909667969 111.27045440673828
v -3.8708548545837402 -34.80686950683594 111.89543914794922
v -3.6583449840545654 -35.301292419433594 111.34225463867188
v -18.70162010192871 -35.628387451171875 111.71148681640625
v -3.758333206176758 -35.81025314331055 111.60083770751953
v -18.463350296020508 -36.20047378540039 112.12619018554688
v -3.878324508666992 -35.3546257019043 111.96379852294922
v -4.049105644226074 -36.03097152709961 112.0735855102539
v -18.173446655273438 -37.01161193847656 111.68547821044922
v -4.360822677612305 -36.742122650146484 112.35608673095703
v -17.96691131591797 -37.66828918457031 112.090576171875
v -4.445613384246826 -37.580284118652344 112.04961395263672
v -4.630171298980713 -37.142574310302734 112.67820739746094
v -4.799063205718994 -37.94072341918945 112.61731719970703
v -17.746442794799805 -38.41019821166992 112.36422729492188
v -5.039536952972412 -38.91609191894531 112.8346939086914
v -17.498258590698242 -39.16139602661133 112.6294937133789
v -17.2083683013916 -39.873294830322266 112.9641342163086
v -5.33009147644043 -39.32390213012695 113.45606994628906
v -5.021272659301758 -40.073341369628906 112.74288177490234
v -16.821805953979492 -40.52219772338867 112.26099395751953
v -5.299984455108643 -40.28993606567383 113.46914672851562
v -4.991004943847656 -41.12367630004883 112.7905502319336
v -16.439476013183594 -41.176048278808594 112.65179443359375
v -16.08448600769043 -41.74824523925781 113.21868133544922
v -5.265429496765137 -41.30204391479492 113.52900695800781
v -4.970740795135498 -42.16178894042969 112.8411865234375
v -15.599922180175781 -42.389381408691406 112.84683227539062
v -15.240599632263184 -42.933692932128906 113.536376953125
v -5.257009983062744 -42.321807861328125 113.56733703613281
v -5.021716594696045 -43.10679244995117 112.90355682373047
v -14.701098442077637 -43.627960205078125 113.15515899658203
v -5.149312496185303 -43.740509033203125 113.03997039794922
v -14.273945808410645 -44.161537170410156 113.40465545654297
v -5.270356178283691 -43.170692443847656 113.48919677734375
v -5.447986602783203 -43.94147872924805 113.60980987548828
v -13.81153678894043 -44.72248840332031 113.41387176513672
v -13.30164909362793 -45.240989685058594 113.655517578125
v -14.155745506286621 -44.306888580322266 113.8404541015625
v -5.859835147857666 -44.787109375 113.95503234863281
v -12.750770568847656 -45.77391815185547 113.63655853271484
v -6.30781364440918 -45.46004867553711 114.15237426757812
v -12.241097450256348 -46.123497009277344 113.94522094726562
v -6.14082670211792 -44.986610412597656 114.42752838134766
v -13.143706321716309 -45.36440658569336 114.0567626953125
v -6.700625419616699 -45.946449279785156 114.17323303222656
v -11.889488220214844 -46.38145446777344 113.83956146240234
v -7.097652435302734 -46.42173767089844 113.93701171875
v -11.236318588256836 -46.639774322509766 114.11079406738281
v -6.977019786834717 -46.032554626464844 114.46952056884766
v -11.930681228637695 -46.264244079589844 114.2497329711914
v -7.8644328117370605 -46.83319854736328 114.02963256835938
v -10.512595176696777 -47.19346618652344 113.37133026123047
v -8.081924438476562 -47.139095306396484 113.6339340209961
v -8.738286972045898 -47.278202056884766 113.57332611083984
v -9.626348495483398 -47.32148742675781 113.47476196289062
v -8.592620849609375 -46.922760009765625 114.26922607421875
v -9.466466903686523 -46.98857116699219 114.2622299194336
v -10.24077320098877 -46.979408264160156 114.06173706054688
v -5.799056053161621 -18.396608352661133 110.39435577392578
v -6.442279815673828 -18.22355079650879 110.09820556640625
v -7.1786956787109375 -18.249223709106445 109.84317779541016
v -7.9939398765563965 -18.43069076538086 109.6732177734375
v -8.814763069152832 -18.705459594726562 109.55335998535156
v -5.2926716804504395 -19.02049446105957 109.71739196777344
v -9.47307014465332 -18.899398803710938 110.12236022949219
v -10.184853553771973 -19.32521629333496 109.85630798339844
v -4.943454742431641 -19.63552474975586 110.00582122802734
v -10.784770011901855 -19.650657653808594 110.48632049560547
v -11.558926582336426 -20.084444046020508 110.27593231201172
v -12.339791297912598 -20.462512969970703 110.06950378417969
v -13.01364803314209 -20.783388137817383 109.88346862792969
v -4.762643814086914 -20.43492317199707 110.31001281738281
v -13.516839981079102 -21.042272567749023 110.49633026123047
v -14.193129539489746 -21.373577117919922 110.36912536621094
v -14.877177238464355 -21.719989776611328 110.16539001464844
v -4.7439284324646 -21.385540008544922 110.65150451660156
v -15.439920425415039 -21.989944458007812 110.78006744384766
v -16.076078414916992 -22.389751434326172 110.5217056274414
v -16.682031631469727 -22.8669490814209 110.17890167236328
v -4.879546642303467 -22.531837463378906 111.12857818603516
v -17.231182098388672 -23.253190994262695 110.76185607910156
v -5.009970664978027 -23.504812240600586 110.87446594238281
v -17.740646362304688 -23.900117874145508 110.37841033935547
v -5.137752056121826 -24.032087326049805 111.20294189453125
v -18.253902435302734 -24.68187713623047 110.9116439819336
v -18.704931259155273 -25.334552764892578 110.68087768554688
v -5.041659832000732 -23.327463150024414 111.44799041748047
v -5.212227821350098 -24.583749771118164 111.21983337402344
v -18.8822021484375 -25.83832550048828 110.85054016113281
v -18.596229553222656 -25.369340896606445 111.15272521972656
v -5.229499816894531 -25.211015701293945 111.1463623046875
v -19.022172927856445 -26.517337799072266 111.02983856201172
v -18.684511184692383 -25.95555877685547 111.43229675292969
v -5.263014793395996 -26.127561569213867 111.36190032958984
v -19.148208618164062 -27.28902816772461 111.21279907226562
v -18.787830352783203 -26.753337860107422 111.63387298583984
v -5.257101535797119 -27.149580001831055 111.56378173828125
v -19.23121452331543 -27.95404052734375 111.39199829101562
v -18.891761779785156 -27.584091186523438 111.7899169921875
v -5.2626142501831055 -28.039140701293945 112.01631927490234
v -19.409889221191406 -28.485639572143555 111.27371215820312
v -19.472412109375 -29.286163330078125 111.43170166015625
v -19.060420989990234 -28.487892150878906 111.85699462890625
v -5.243969440460205 -28.740989685058594 112.39340209960938
v -19.699140548706055 -30.394519805908203 111.28825378417969
v -19.371912002563477 -30.005220413208008 111.93550872802734
v -5.101478576660156 -29.760011672973633 112.44384765625
v -19.705368041992188 -31.454130172729492 111.62047576904297
v -4.912518501281738 -30.75010108947754 112.45747375488281
v -19.409751892089844 -30.802085876464844 112.10741424560547
v -4.620715141296387 -31.532114028930664 111.87128448486328
v -19.651214599609375 -32.38287353515625 111.8453140258789
v -4.853178977966309 -31.31135368347168 112.79452514648438
v -19.389833450317383 -31.728574752807617 112.3448486328125
v -4.4057464599609375 -32.440670013427734 112.05321502685547
v -19.540821075439453 -33.24502182006836 111.97892761230469
v -19.327709197998047 -32.67425537109375 112.52985382080078
v -4.349119186401367 -33.060359954833984 112.44271850585938
v -19.429641723632812 -33.86703872680664 111.99413299560547
v -19.285282135009766 -34.19243240356445 112.16090393066406
v -19.205127716064453 -33.71883773803711 112.6037826538086
v -4.335150241851807 -33.748958587646484 112.77330017089844
v -18.998655319213867 -34.749629974365234 112.27482604980469
v -18.857192993164062 -34.30404281616211 113.1407241821289
v -4.248157024383545 -34.830223083496094 112.7018051147461
v -18.69350814819336 -35.53073501586914 112.4156265258789
v -18.505062103271484 -35.842262268066406 112.82456970214844
v -4.672231197357178 -35.287506103515625 113.48514556884766
v -18.6823673248291 -35.12022018432617 113.03551483154297
v -4.4302849769592285 -35.922088623046875 112.85442352294922
v -18.23799705505371 -36.66057205200195 112.78169250488281
v -4.612568378448486 -36.5532341003418 112.94462585449219
v -4.739059925079346 -36.073204040527344 113.3622817993164
v -4.9310688972473145 -36.85411071777344 113.35200500488281
v -17.98318862915039 -37.55965042114258 113.11356353759766
v -5.236340522766113 -37.78536605834961 113.52974700927734
v -17.7703914642334 -38.37866973876953 113.38463592529297
v -5.35855770111084 -38.543113708496094 113.56255340576172
v -5.502864837646484 -38.03257751464844 113.98181915283203
v -5.567805767059326 -38.622745513916016 114.07135009765625
v -17.532819747924805 -39.14273452758789 113.67131805419922
v -17.2397403717041 -39.85112380981445 114.0086669921875
v -5.568367004394531 -39.472591400146484 114.13099670410156
v -16.863269805908203 -40.547908782958984 113.3256607055664
v -5.536303997039795 -40.43449020385742 114.21424865722656
v -16.50473403930664 -41.16043472290039 113.6763687133789
v -16.22216033935547 -41.61028289794922 114.04315948486328
v -16.490772247314453 -41.20222854614258 114.40992736816406
v -5.508477687835693 -41.47334671020508 114.30293273925781
v -15.771881103515625 -42.24620056152344 114.15493774414062
v -15.322983741760254 -42.9030647277832 114.41807556152344
v -5.535696983337402 -42.68800735473633 114.33439636230469
v -14.922579765319824 -43.4059944152832 114.19144439697266
v -15.112014770507812 -43.218597412109375 114.93385314941406
v -5.8258514404296875 -43.743534088134766 114.76782989501953
v -14.463627815246582 -43.949153900146484 114.02760314941406
v -6.064703941345215 -44.5745849609375 114.70520782470703
v -14.037263870239258 -44.437721252441406 114.49395751953125
v -6.431293964385986 -45.012428283691406 114.99960327148438
v -13.484408378601074 -45.01811981201172 114.24938201904297
v -6.78574275970459 -45.65938949584961 114.73058319091797
v -12.983781814575195 -45.44302749633789 114.65396118164062
v -7.408663272857666 -45.9633903503418 115.08500671386719
v -12.380562782287598 -45.9315071105957 114.44766998291016
v -8.203459739685059 -46.46174240112305 114.8863754272461
v -9.275590896606445 -46.6172981262207 115.03961181640625
v -10.352977752685547 -46.60980224609375 114.92607116699219
v -11.248159408569336 -46.34847640991211 115.1012954711914
v -11.85110855102539 -46.17471694946289 114.83317565917969
v -5.816043853759766 -18.232330322265625 111.37450408935547
v -6.437954425811768 -18.066770553588867 111.02070617675781
v -7.174509048461914 -18.10983657836914 110.71931457519531
v -7.841399669647217 -18.261354446411133 110.41622924804688
v -8.710338592529297 -18.5479793548584 110.43399047851562
v -5.299496173858643 -18.798261642456055 110.71207427978516
v -9.376442909240723 -18.813053131103516 110.65251922607422
v -9.997669219970703 -19.201919555664062 110.8219223022461
v -9.166070938110352 -18.775619506835938 111.14362335205078
v -4.9695725440979 -19.419607162475586 111.03424072265625
v -10.623882293701172 -19.601402282714844 111.02872467041016
v -11.191396713256836 -20.031490325927734 111.24638366699219
v -12.154409408569336 -20.47381591796875 110.91607666015625
v -12.895185470581055 -20.76757049560547 110.64960479736328
v -10.401772499084473 -19.587181091308594 111.47620391845703
v -4.816507339477539 -20.22337532043457 111.36746215820312
v -13.326040267944336 -21.007293701171875 110.98870849609375
v -13.915459632873535 -21.357301712036133 111.28118896484375
v -14.77501106262207 -21.673316955566406 111.00080108642578
v -11.235207557678223 -20.339242935180664 111.96803283691406
v -11.925875663757324 -20.62718391418457 111.73075866699219
v -12.912003517150879 -20.970197677612305 111.41763305664062
v -4.8141303062438965 -21.13239860534668 111.74307250976562
v -15.329846382141113 -21.98993492126465 111.43802642822266
v -15.95796012878418 -22.320791244506836 111.3750228881836
v -16.702943801879883 -22.776338577270508 111.1937255859375
v -14.19896125793457 -21.724435806274414 111.97455596923828
v -14.772862434387207 -21.837366104125977 111.72337341308594
v -4.884434700012207 -21.85881805419922 112.17557525634766
v -17.195310592651367 -23.152719497680664 111.3718032836914
v -17.58721160888672 -23.708927154541016 111.47140502929688
v -17.04500961303711 -23.112548828125 111.8128662109375
v -5.017806529998779 -22.88681983947754 112.28538513183594
v -17.936275482177734 -24.424972534179688 111.75835418701172
v -5.130722999572754 -23.70567512512207 111.83466339111328
v -17.6050968170166 -24.04615020751953 112.11442565917969
v -5.239126682281494 -24.509597778320312 111.9024429321289
v -18.226806640625 -25.24738311767578 111.75658416748047
v -5.159054756164551 -23.762393951416016 112.3905029296875
v -17.708431243896484 -24.692981719970703 112.28461456298828
v -5.308657646179199 -25.42662811279297 111.8906478881836
v -18.338619232177734 -26.197805404663086 112.02093505859375
v -17.711627960205078 -25.6837158203125 112.48636627197266
v -5.34923791885376 -26.169330596923828 112.2406234741211
v -18.43049430847168 -27.080703735351562 112.17170715332031
v -17.21944236755371 -26.655189514160156 112.97059631347656
v -17.955184936523438 -26.59888458251953 112.4818115234375
v -5.373538494110107 -27.076627731323242 112.58294677734375
v -18.510772705078125 -27.975208282470703 112.30877685546875
v -16.588552474975586 -27.547712326049805 113.49577331542969
v -17.36463737487793 -27.761220932006836 113.07376861572266
v -17.927648544311523 -27.429555892944336 112.65431213378906
v -5.372402667999268 -27.941131591796875 112.9062728881836
v -18.640342712402344 -28.758729934692383 112.4028091430664
v -19.03969383239746 -29.361324310302734 112.17127990722656
v -17.09389305114746 -28.642118453979492 113.41997528076172
v -17.9838809967041 -28.505615234375 112.83438873291016
v -5.330433368682861 -28.784597396850586 113.14964294433594
v -18.985164642333984 -30.161277770996094 112.48175811767578
v -17.133729934692383 -29.660404205322266 113.67090606689453
v -17.806045532226562 -29.492938995361328 113.19715881347656
v -18.496326446533203 -29.435504913330078 112.70726776123047
v -5.291547775268555 -29.502065658569336 113.42890930175781
v -18.94883155822754 -31.028738021850586 112.74958801269531
v -17.12984275817871 -30.41111946105957 113.94991302490234
v -17.72988510131836 -30.37392807006836 113.51737213134766
v -18.403118133544922 -30.28716468811035 113.01859283447266
v -5.1494832038879395 -30.52954864501953 113.42413330078125
v -18.900632858276367 -31.956846237182617 113.01920318603516
v -4.961118698120117 -31.538421630859375 113.41690826416016
v -17.593521118164062 -31.154348373413086 113.92921447753906
v -18.325016021728516 -31.170055389404297 113.34959411621094
v -4.66033935546875 -32.17531204223633 112.80548858642578
v -18.8839168548584 -32.905704498291016 113.20729064941406
v -4.92692756652832 -32.29878234863281 113.73381805419922
v -18.22860336303711 -32.14790725708008 113.77922058105469
v -4.603796005249023 -33.05866622924805 113.22379302978516
v -18.858749389648438 -33.62815856933594 113.3231430053711
v -18.630277633666992 -33.921077728271484 113.68939971923828
v -4.89995813369751 -33.21364212036133 113.98046875
v -18.480836868286133 -33.21397399902344 113.8283920288086
v -4.575335502624512 -33.8850212097168 113.4209213256836
v -18.514734268188477 -34.58606719970703 113.74263763427734
v -4.645503520965576 -34.521202087402344 113.59394836425781
v -4.858956813812256 -33.97443771362305 114.01287841796875
v -4.977365493774414 -34.65319061279297 114.14196014404297
v -18.343599319458008 -35.60607147216797 113.65680694580078
v -5.08579683303833 -35.73303985595703 114.03702545166016
v -18.1070499420166 -36.61302947998047 113.88645935058594
v -5.384242057800293 -36.712791442871094 114.19808959960938
v -17.928634643554688 -37.516849517822266 114.13168334960938
v -5.518344402313232 -37.45514678955078 114.18473815917969
v -5.653224945068359 -36.99610137939453 114.62164306640625
v -5.721948146820068 -37.72615051269531 114.60978698730469
v -17.746801376342773 -38.349761962890625 114.37804412841797
v -5.789430141448975 -38.61102294921875 114.76537322998047
v -17.525127410888672 -39.10036849975586 114.64924621582031
v -17.247060775756836 -39.7493782043457 114.98233032226562
v -5.780305862426758 -39.54484558105469 114.88360595703125
v -16.861295700073242 -40.556053161621094 114.43048858642578
v -16.5679874420166 -40.979923248291016 115.11604309082031
v -5.743821620941162 -40.53173828125 115.01580810546875
v -16.213184356689453 -41.602718353271484 114.75917053222656
v -5.731505393981934 -41.565086364746094 115.17621612548828
v -15.917926788330078 -42.02265548706055 115.16053009033203
v -5.820574760437012 -42.554344177246094 115.45320892333984
v -15.505270004272461 -42.65733337402344 115.23714447021484
v -15.06863784790039 -43.257232666015625 115.7030258178711
v -6.047800540924072 -43.323280334472656 115.90669250488281
v -14.629237174987793 -43.7831916809082 115.03713989257812
v -6.207496166229248 -44.21615219116211 115.4713134765625
v -14.05057430267334 -44.35268783569336 115.62145233154297
v -6.683746337890625 -44.642066955566406 116.01605987548828
v -13.533181190490723 -44.91460418701172 115.1465835571289
v -7.029056072235107 -45.3390007019043 115.59265899658203
v -13.015447616577148 -45.29215621948242 115.62313079833984
v -7.680771350860596 -45.57709503173828 116.08808898925781
v -12.436017990112305 -45.74116897583008 115.26583862304688
v -8.228259086608887 -45.986328125 115.8495864868164
v -9.047245979309082 -46.21354675292969 115.82569122314453
v -10.00830078125 -46.27137756347656 115.8296890258789
v -10.951431274414062 -46.17551803588867 115.79328155517578
v -11.775641441345215 -45.97734832763672 115.64389038085938
v -5.830589771270752 -18.13321876525879 112.34854888916016
v -6.464138507843018 -18.006040573120117 111.95682525634766
v -7.090780258178711 -18.049835205078125 111.51751708984375
v -8.09162712097168 -18.35599708557129 111.37637329101562
v -5.329742431640625 -18.623994827270508 111.72110748291016
v -8.948559761047363 -18.809406280517578 111.81439208984375
v -9.68053150177002 -19.18407440185547 111.6395263671875
v -8.36709976196289 -18.656557083129883 112.40280151367188
v -5.024166107177734 -19.23975372314453 112.05740356445312
v -10.087362289428711 -19.601757049560547 112.05276489257812
v -10.690305709838867 -19.977258682250977 111.96697235107422
v -8.627967834472656 -19.039276123046875 113.09381866455078
v -9.333147048950195 -19.257600784301758 112.42376708984375
v -4.8939738273620605 -20.03593635559082 112.40428924560547
v -10.907289505004883 -20.28622055053711 112.30276489257812
v -11.437100410461426 -20.790616989135742 112.5650405883789
v -12.583688735961914 -21.2266902923584 112.1988525390625
v -13.501119613647461 -21.490793228149414 111.99455261230469
v -9.285717010498047 -19.560888290405273 113.20223999023438
v -10.26263427734375 -20.031856536865234 112.70991516113281
v -4.8907270431518555 -20.928457260131836 112.76912689208984
v -14.0140962600708 -21.941801071166992 112.35580444335938
v -14.71423053741455 -22.171571731567383 112.29839324951172
v -15.566300392150879 -22.355562210083008 112.04105377197266
v -16.422847747802734 -22.720355987548828 111.93099975585938
v -11.555815696716309 -21.443410873413086 113.33740997314453
v -12.391270637512207 -21.683584213256836 112.85933685302734
v -13.333101272583008 -21.889257431030273 112.55973815917969
v -4.948558807373047 -21.859525680541992 112.99832916259766
v -16.783117294311523 -23.12165069580078 112.27935028076172
v -17.22928810119629 -23.551733016967773 112.2081298828125
v -12.261603355407715 -22.268264770507812 113.4723892211914
v -13.23756217956543 -22.521533966064453 113.08680725097656
v -14.273442268371582 -22.578140258789062 112.77001190185547
v -15.337274551391602 -22.805784225463867 112.62586975097656
v -16.18882179260254 -22.96261215209961 112.45789337158203
v -5.023014545440674 -22.580617904663086 113.2068099975586
v -17.238601684570312 -24.111759185791016 112.53719329833984
v -13.102618217468262 -23.335668563842773 113.65984344482422
v -14.116827964782715 -23.400985717773438 113.2458724975586
v -15.097917556762695 -23.448572158813477 113.02118682861328
v -16.003154754638672 -23.504533767700195 112.84197235107422
v -16.733081817626953 -23.533864974975586 112.6047592163086
v -5.136722564697266 -23.42735481262207 113.17469787597656
v -17.17254066467285 -24.88532829284668 112.75050354003906
v -5.236104488372803 -24.228811264038086 112.76797485351562
v -13.382044792175293 -24.344749450683594 114.00426483154297
v -14.062265396118164 -24.274839401245117 113.61495208740234
v -14.930208206176758 -24.236692428588867 113.33377838134766
v -15.80148696899414 -24.22887420654297 113.12353515625
v -16.608821868896484 -24.204681396484375 112.8827133178711
v -5.331666469573975 -25.115659713745117 112.79435729980469
v -17.057132720947266 -25.653270721435547 112.92789459228516
v -16.59681510925293 -25.97194480895996 113.19222259521484
v -14.034478187561035 -25.124034881591797 113.98455810546875
v -14.866830825805664 -25.100811004638672 113.63338470458984
v -15.576215744018555 -24.909574508666992 113.35076141357422
v -16.405046463012695 -25.096572875976562 113.12789154052734
v -5.413873672485352 -26.07114601135254 113.23820495605469
v -16.400617599487305 -26.591201782226562 113.39551544189453
v -15.77176570892334 -26.8940372467041 113.86053466796875
v -14.805800437927246 -26.105825424194336 114.13771057128906
v -15.785818099975586 -25.826234817504883 113.51586151123047
v -5.4588398933410645 -26.977983474731445 113.56626892089844
v -15.917675018310547 -27.86854362487793 114.08666229248047
v -16.4029541015625 -28.355287551879883 113.79544830322266
v -5.472346305847168 -27.866743087768555 113.8240966796875
v -16.48358154296875 -29.117475509643555 113.9710464477539
v -16.05929183959961 -28.567459106445312 114.15593719482422
v -5.461103916168213 -28.724328994750977 114.03533172607422
v -16.69438362121582 -29.87114906311035 114.07353210449219
v -5.428398609161377 -29.579877853393555 114.19900512695312
v -16.66917610168457 -30.453672409057617 114.41056823730469
v -17.095802307128906 -30.891225814819336 114.2060775756836
v -5.431250095367432 -30.323057174682617 114.43487548828125
v -17.248655319213867 -31.246295928955078 114.27455139160156
v -17.41391372680664 -31.759313583374023 114.45915985107422
v -16.942798614501953 -31.134729385375977 114.55101013183594
v -5.280693531036377 -31.339887619018555 114.2957763671875
v -17.818735122680664 -32.80384063720703 114.55377197265625
v -17.268047332763672 -32.20679473876953 114.96859741210938
v -5.258050918579102 -32.459556579589844 114.56166076660156
v -18.244874954223633 -33.82710647583008 114.2639389038086
v -5.289815902709961 -33.626129150390625 114.73552703857422
v -18.132184982299805 -34.69916915893555 114.4881362915039
v -5.706777572631836 -34.056514739990234 115.41914367675781
v -5.390745162963867 -34.80266189575195 114.7765121459961
v -18.037281036376953 -35.67628860473633 114.65044403076172
v -5.781693935394287 -35.028934478759766 115.40522766113281
v -5.524900436401367 -35.7526969909668 114.77093505859375
v -17.927106857299805 -36.62754440307617 114.85301971435547
v -5.666286468505859 -36.399085998535156 114.83641052246094
v -5.813563346862793 -35.859580993652344 115.27962493896484
v -5.9014129638671875 -36.68125915527344 115.27820587158203
v -17.802806854248047 -37.529563903808594 115.0617904663086
v -5.996039390563965 -37.66834259033203 115.41804504394531
v -17.644161224365234 -38.363487243652344 115.26879119873047
v -6.018448829650879 -38.63214874267578 115.54764556884766
v -17.449533462524414 -39.068504333496094 115.48182678222656
v -17.20729637145996 -39.58274841308594 115.76283264160156
v -5.992269039154053 -39.60801696777344 115.6872329711914
v -16.92182731628418 -40.259159088134766 115.43773651123047
v -16.543909072875977 -40.709373474121094 115.94409942626953
v -5.952662944793701 -40.59856033325195 115.8593521118164
v -16.203256607055664 -41.44169616699219 115.61277770996094
v -5.951046466827393 -41.5631217956543 116.09346771240234
v -15.783864974975586 -42.062225341796875 115.95401763916016
v -6.037510395050049 -42.415225982666016 116.41637420654297
v -15.380553245544434 -42.73674774169922 116.193115234375
v -14.998873710632324 -43.2218017578125 116.50456237792969
v -6.2506632804870605 -43.06524658203125 116.82239532470703
v -14.566323280334473 -43.751426696777344 116.12681579589844
v -6.413136005401611 -43.85581970214844 116.4426498413086
v -13.855854034423828 -44.231544494628906 116.65308380126953
v -6.896027565002441 -44.27373504638672 116.91110229492188
v -13.455663681030273 -44.84294128417969 116.04378509521484
v -7.348121166229248 -44.960758209228516 116.601318359375
v -13.024045944213867 -45.16435623168945 116.19522094726562
v -12.999347686767578 -44.892181396484375 116.72589111328125
v -7.955190181732178 -45.31535339355469 116.75144958496094
v -12.458159446716309 -45.472145080566406 116.16976928710938
v -8.245218276977539 -45.65080261230469 116.49041748046875
v -8.864741325378418 -45.79909896850586 116.53095245361328
v -9.723947525024414 -45.88525390625 116.55957794189453
v -10.656373023986816 -45.865055084228516 116.53372192382812
v -11.56718921661377 -45.72959899902344 116.41888427734375
v -8.572293281555176 -45.35757064819336 117.02729797363281
v -9.407820701599121 -45.42879104614258 117.14665985107422
v -10.328271865844727 -45.45518112182617 117.1617431640625
v -11.254912376403809 -45.392173767089844 117.09202575683594
v -12.13974380493164 -45.224220275878906 116.93592834472656
v -5.826755046844482 -18.094810485839844 113.25591278076172
v -6.4431304931640625 -18.004196166992188 112.91366577148438
v -7.325658321380615 -18.17784309387207 112.4238052368164
v -5.372077465057373 -18.50194549560547 112.69221496582031
v -7.837414741516113 -18.547531127929688 113.19328308105469
v -5.111558437347412 -19.10499382019043 113.03128814697266
v -8.185832977294922 -18.96338653564453 113.76644134521484
v -8.753405570983887 -19.319461822509766 113.54566955566406
v -5.016486644744873 -19.905410766601562 113.41154479980469
v -9.05514144897461 -19.61921501159668 113.7383804321289
v -9.674890518188477 -20.048959732055664 113.73834991455078
v -10.664267539978027 -20.702836990356445 113.46288299560547
v -8.62297534942627 -19.37190055847168 113.94774627685547
v -5.030252933502197 -20.93250274658203 113.8805923461914
v -11.011119842529297 -21.341527938842773 114.11038208007812
v -11.639293670654297 -21.875974655151367 113.7381820678711
v -5.162766933441162 -20.990812301635742 114.65231323242188
v -5.015231132507324 -21.97881507873535 113.68856048583984
v -11.883720397949219 -22.247644424438477 113.8155746459961
v -12.151388168334961 -22.760229110717773 114.07303619384766
v -11.564196586608887 -22.08034324645996 114.1879653930664
v -5.096548080444336 -22.683557510375977 113.88536071777344
v -12.633893013000488 -23.7091007232666 114.36820220947266
v -12.088162422180176 -23.127670288085938 114.63233184814453
v -5.204389572143555 -23.4642333984375 114.09251403808594
v -13.08381175994873 -24.569177627563477 114.5042953491211
v -5.270246982574463 -24.255842208862305 113.54701232910156
v -13.516166687011719 -24.92359733581543 114.1916275024414
v -5.3897223472595215 -25.047826766967773 113.91131591796875
v -13.731474876403809 -25.255918502807617 114.22420501708984
v -13.990864753723145 -25.671300888061523 114.42510986328125
v -13.475296020507812 -25.184093475341797 114.52781677246094
v -5.492730617523193 -25.911508560180664 114.29267883300781
v -14.343117713928223 -26.141353607177734 114.51776885986328
v -14.542301177978516 -26.56789779663086 114.78343200683594
v -14.069947242736816 -26.114137649536133 114.922607421875
v -5.56908655166626 -26.836063385009766 114.57465362548828
v -15.157737731933594 -27.329912185668945 114.70630645751953
v -14.65365219116211 -27.019872665405273 115.24421691894531
v -5.629217624664307 -27.75070571899414 114.80088806152344
v -15.64138126373291 -28.462669372558594 114.71392822265625
v -16.012178421020508 -29.00963592529297 114.39613342285156
v -5.653372287750244 -28.681922912597656 114.93199157714844
v -16.231164932250977 -29.683773040771484 114.50154113769531
v -15.834939956665039 -29.208290100097656 114.81824493408203
v -5.662783622741699 -29.574962615966797 115.04108428955078
v -16.274818420410156 -30.300804138183594 114.87571716308594
v -15.920968055725098 -29.81311798095703 115.17886352539062
v -5.71657133102417 -30.51253890991211 115.25713348388672
v -16.54652976989746 -30.837947845458984 114.8854751586914
v -16.809232711791992 -31.574472427368164 115.1577377319336
v -6.01231050491333 -31.048240661621094 115.90447235107422
v -16.17862892150879 -30.711896896362305 115.5142593383789
v -5.6268839836120605 -31.662572860717773 115.205810546875
v -17.03472137451172 -32.167240142822266 115.28966522216797
v -17.260940551757812 -32.732242584228516 115.34239196777344
v -5.955249786376953 -31.98816680908203 115.86186981201172
v -16.816478729248047 -32.1751823425293 115.65607452392578
v -5.614546775817871 -32.62031936645508 115.29480743408203
v -17.71044158935547 -33.73871612548828 115.10794067382812
v -5.701409339904785 -33.27473068237305 115.46959686279297
v -5.908987998962402 -32.736671447753906 115.82115936279297
v -17.242305755615234 -33.329551696777344 115.7325439453125
v -6.008363246917725 -33.36988830566406 115.97422790527344
v -17.761669158935547 -34.800819396972656 115.31231689453125
v -17.356271743774414 -34.06574630737305 115.85747528076172
v -6.0773115158081055 -34.28219223022461 116.03192138671875
v -17.74117660522461 -35.766117095947266 115.50331115722656
v -17.396013259887695 -34.972877502441406 116.04788970947266
v -6.156602382659912 -35.4591178894043 116.06227111816406
v -17.6779727935791 -36.71097946166992 115.68933868408203
v -6.499179840087891 -35.808589935302734 116.8287353515625
v -17.38260841369629 -35.919925689697266 116.22738647460938
v -6.229994773864746 -36.67820358276367 116.12151336669922
v -17.567991256713867 -37.630950927734375 115.85987854003906
v -6.5579962730407715 -36.78532409667969 116.92713928222656
v -17.3118953704834 -36.88029479980469 116.38411712646484
v -6.277787685394287 -37.701595306396484 116.2311019897461
v -17.414182662963867 -38.49455261230469 115.99505615234375
v -6.640447616577148 -37.79842758178711 117.0523910522461
v -17.17181396484375 -37.8574333190918 116.50926208496094
v -6.287073135375977 -38.7031135559082 116.35437774658203
v -17.29775047302246 -39.09988784790039 116.04009246826172
v -17.138107299804688 -39.38890075683594 116.19225311279297
v -6.6690521240234375 -38.860469818115234 117.13896942138672
v -16.95176887512207 -38.963932037353516 116.5599365234375
v -6.2533464431762695 -39.708492279052734 116.49296569824219
v -16.842525482177734 -39.901214599609375 116.23177337646484
v -16.467906951904297 -40.4336051940918 116.47509765625
v -6.615207195281982 -39.909210205078125 117.22457885742188
v -16.278053283691406 -39.91229248046875 116.95489501953125
v -6.208359241485596 -40.69098663330078 116.67523956298828
v -16.003402709960938 -41.14857482910156 116.58708190917969
v -6.554413795471191 -40.88148880004883 117.37826538085938
v -15.604043960571289 -40.633697509765625 117.35134887695312
v -6.201630115509033 -41.602115631103516 116.9117431640625
v -15.470871925354004 -42.2000617980957 116.73719787597656
v -6.531935214996338 -41.7591438293457 117.5589599609375
v -15.297133445739746 -41.59654235839844 117.3049087524414
v -6.266380786895752 -42.37041473388672 117.17540740966797
v -15.189647674560547 -42.813499450683594 116.78912353515625
v -14.953019142150879 -43.073028564453125 116.95069122314453
v -6.556468486785889 -42.49009704589844 117.68534851074219
v -11.455594062805176 -43.05256652832031 118.36774444580078
v -14.8644380569458 -42.61955642700195 117.30314636230469
v -6.4036641120910645 -42.87948226928711 117.39966583251953
v -14.517313957214355 -43.448089599609375 116.98375701904297
v -6.685294151306152 -43.46281051635742 117.37892150878906
v -13.189726829528809 -44.26213073730469 117.34435272216797
v -13.844071388244629 -43.76681137084961 117.34577178955078
v -6.588565826416016 -42.94523620605469 117.66586303710938
v -10.620100021362305 -43.6508674621582 118.28263854980469
v -11.649457931518555 -43.74991226196289 118.16426849365234
v -12.314180374145508 -43.37985610961914 118.16773223876953
v -13.232550621032715 -43.50505065917969 117.84154510498047
v -14.120575904846191 -43.13886260986328 117.6099624633789
v -7.138047695159912 -44.02723693847656 117.50443267822266
v -12.537903785705566 -44.72550964355469 117.32808685302734
v -7.380733489990234 -44.48694610595703 117.27489471435547
v -8.036809921264648 -44.81219482421875 117.3340072631836
v -8.999480247497559 -44.86847686767578 117.5934829711914
v -9.956418991088867 -44.932403564453125 117.65812683105469
v -10.882062911987305 -44.94735336303711 117.61978149414062
v -11.784981727600098 -44.84487533569336 117.5168685913086
v -7.680270195007324 -44.163909912109375 117.75334167480469
v -8.493315696716309 -44.23677062988281 117.94100189208984
v -9.575017929077148 -44.19182586669922 118.08324432373047
v -10.491847038269043 -44.449649810791016 117.97724914550781
v -11.327427864074707 -44.3397216796875 117.95108795166016
v -12.338319778442383 -44.15910720825195 117.8141860961914
v -5.807376384735107 -18.126480102539062 113.92295837402344
v -6.348521709442139 -18.05667495727539 113.84950256347656
v -7.047451019287109 -18.185293197631836 113.43681335449219
v -5.4436774253845215 -18.437685012817383 113.55548095703125
v -7.5093255043029785 -18.53554344177246 113.92347717285156
v -6.5786824226379395 -18.263025283813477 114.53479766845703
v -6.939421653747559 -18.272016525268555 114.12145233154297
v -5.263073921203613 -19.013315200805664 113.91319274902344
v -7.795262336730957 -18.825002670288086 114.20634460449219
v -7.331482410430908 -18.713394165039062 114.66392517089844
v -5.213686466217041 -19.750694274902344 114.3650894165039
v -8.191964149475098 -19.197324752807617 114.3968734741211
v -5.185330390930176 -20.40835189819336 114.62406158447266
v -8.943107604980469 -19.716476440429688 114.30818176269531
v -9.444001197814941 -20.095584869384766 114.4014892578125
v -10.055108070373535 -20.540985107421875 114.44955444335938
v -5.34670877456665 -19.971755981445312 114.93885040283203
v -8.520333290100098 -19.570587158203125 114.81216430664062
v -10.139274597167969 -20.646806716918945 114.96271514892578
v -5.376059055328369 -20.5836124420166 115.16898345947266
v -10.517189979553223 -21.027565002441406 114.89749145507812
v -5.282043933868408 -21.3178768157959 115.04893493652344
v -5.128818511962891 -21.813560485839844 114.44245910644531
v -11.097860336303711 -21.750158309936523 114.95853424072266
v -11.677265167236328 -22.519018173217773 114.73126220703125
v -5.3340959548950195 -22.054582595825195 115.1888656616211
v -5.21104621887207 -22.745317459106445 114.63111877441406
v -11.843883514404297 -23.06708335876465 115.30774688720703
v -12.236729621887207 -23.556724548339844 114.92900085449219
v -5.380684852600098 -22.964054107666016 115.27644348144531
v -5.282132148742676 -23.425186157226562 114.74275970458984
v -12.573948860168457 -24.176008224487305 115.12264251708984
v -5.327084064483643 -24.123912811279297 114.43720245361328
v -5.398306846618652 -23.74908447265625 115.11150360107422
v -12.154038429260254 -23.66600227355957 115.43334197998047
v -5.4974751472473145 -24.677671432495117 115.04106140136719
v -13.085444450378418 -24.946699142456055 115.11804962158203
v -13.58703899383545 -25.577817916870117 115.027099609375
v -5.636952877044678 -25.71312141418457 115.34706115722656
v -13.759449005126953 -26.02205467224121 115.60984802246094
v -14.24495792388916 -26.567646026611328 115.42658996582031
v -5.769034385681152 -26.63627815246582 115.61658477783203
v -14.460579872131348 -27.100799560546875 115.96556091308594
v -14.842123985290527 -27.462507247924805 115.49222564697266
v -5.9381818771362305 -27.6048583984375 115.8879165649414
v -15.136516571044922 -28.1532039642334 115.60884094238281
v -6.254437446594238 -28.04400634765625 116.47921752929688
v -14.770258903503418 -27.670896530151367 116.04871368408203
v -5.918448448181152 -28.730316162109375 115.72289276123047
v -15.538958549499512 -29.08064079284668 115.45773315429688
v -6.204465389251709 -28.8929500579834 116.29087829589844
v -5.95345401763916 -29.53659439086914 115.77445983886719
v -15.649407386779785 -29.91338348388672 116.03285217285156
v -6.168850898742676 -30.061138153076172 116.15979766845703
v -6.183611869812012 -29.431747436523438 116.22462463378906
v -6.345526218414307 -30.657718658447266 116.46155548095703
v -15.82014274597168 -30.963092803955078 116.56889343261719
v -16.379804611206055 -31.606924057006836 115.95556640625
v -6.672915935516357 -30.7802791595459 116.96267700195312
v -6.323310375213623 -31.426708221435547 116.45185852050781
v -16.550899505615234 -32.25418472290039 116.15923309326172
v -16.889814376831055 -32.76802444458008 115.96389770507812
v -6.693666458129883 -31.681760787963867 117.05208587646484
v -16.161182403564453 -32.010215759277344 116.6324234008789
v -6.280774116516113 -32.46513748168945 116.42484283447266
v -16.924407958984375 -33.43422317504883 116.25696563720703
v -6.704641819000244 -32.66858673095703 117.14818572998047
v -16.064743041992188 -32.75556945800781 117.10231018066406
v -16.520122528076172 -32.776763916015625 116.51168823242188
v -6.369696140289307 -33.45661163330078 116.58944702148438
v -16.956157684326172 -34.25034713745117 116.48348236083984
v -6.710936069488525 -33.64411926269531 117.23068237304688
v -15.967696189880371 -33.670326232910156 117.38774108886719
v -16.496232986450195 -33.53816604614258 116.82408142089844
v -6.418727397918701 -34.370826721191406 116.6689682006836
v -16.956750869750977 -35.172611236572266 116.6688461303711
v -6.501794338226318 -35.01308059692383 116.84442901611328
v -6.679999351501465 -34.42048645019531 117.2168960571289
v -15.758246421813965 -34.73516845703125 117.58106231689453
v -16.449913024902344 -34.44925308227539 117.0464096069336
v -6.762757778167725 -35.04240417480469 117.42485809326172
v -16.91343879699707 -36.13343811035156 116.8143310546875
v -14.096511840820312 -36.070919036865234 118.13910675048828
v -15.079582214355469 -35.61301803588867 117.86502075195312
v -15.863883018493652 -35.73292922973633 117.51068878173828
v -16.41204261779785 -35.42239761352539 117.17427062988281
v -6.832890033721924 -35.913543701171875 117.58181762695312
v -16.79694366455078 -37.10770034790039 116.93624877929688
v -13.387202262878418 -36.775489807128906 118.24920654296875
v -14.132302284240723 -36.960445404052734 118.01221466064453
v -14.817180633544922 -36.70718765258789 117.8502426147461
v -15.618931770324707 -36.539276123046875 117.596923828125
v -16.327884674072266 -36.373802185058594 117.2605209350586
v -6.974887847900391 -36.86096954345703 117.75000762939453
v -16.597379684448242 -38.099178314208984 117.04110717773438
v -12.883598327636719 -37.76548767089844 118.30439758300781
v -13.827786445617676 -37.674808502197266 118.05903625488281
v -14.605464935302734 -37.58251953125 117.87191009521484
v -15.366127967834473 -37.46909713745117 117.66455841064453
v -16.129806518554688 -37.33176803588867 117.36005401611328
v -7.25044059753418 -37.95702362060547 117.91224670410156
v -16.365646362304688 -38.937442779541016 117.1368179321289
v -15.896156311035156 -39.28022003173828 117.40731811523438
v -8.062291145324707 -38.66902160644531 118.33495330810547
v -9.089263916015625 -38.745601654052734 118.57975006103516
v -10.027650833129883 -38.77637481689453 118.61334991455078
v -10.959688186645508 -38.69138717651367 118.56969451904297
v -12.016053199768066 -38.47632598876953 118.44366455078125
v -12.94061279296875 -38.74006271362305 118.24211883544922
v -13.632384300231934 -38.53377914428711 118.10155487060547
v -14.417328834533691 -38.41071319580078 117.92414855957031
v -15.083285331726074 -38.225914001464844 117.7530288696289
v -15.831866264343262 -38.378089904785156 117.47918701171875
v -7.205129623413086 -39.21335220336914 117.77394104003906
v -15.659523010253906 -39.86724853515625 117.484619140625
v -15.175518989562988 -40.1724739074707 117.70762634277344
v -7.830636024475098 -39.790367126464844 118.16414642333984
v -8.723694801330566 -39.56938934326172 118.40526580810547
v -9.692367553710938 -39.551551818847656 118.49359130859375
v -10.686348915100098 -39.56083297729492 118.48221588134766
v -11.701226234436035 -39.51571273803711 118.40923309326172
v -12.68084716796875 -39.484535217285156 118.28651428222656
v -13.55152702331543 -39.396854400634766 118.13567352294922
v -14.228838920593262 -39.14467239379883 117.98932647705078
v -15.113075256347656 -39.21501159667969 117.74727630615234
v -7.096813678741455 -40.26123046875 117.80085754394531
v -14.909515380859375 -40.93098831176758 117.74311065673828
v -7.679666519165039 -40.752540588378906 118.19429016113281
v -8.490530014038086 -40.46454620361328 118.37779235839844
v -9.39444351196289 -40.35526657104492 118.46031188964844
v -10.385952949523926 -40.41725158691406 118.46543884277344
v -11.44474983215332 -40.464569091796875 118.41551971435547
v -12.469877243041992 -40.401729583740234 118.32292175292969
v -13.422499656677246 -40.299747467041016 118.18522644042969
v -14.385285377502441 -40.06359100341797 117.9688949584961
v -7.014919281005859 -41.20595169067383 117.91321563720703
v -14.6076021194458 -41.820255279541016 117.76927185058594
v -10.993617057800293 -42.3929443359375 118.47303771972656
v -7.587789535522461 -41.647193908691406 118.27003479003906
v -8.329628944396973 -41.323097229003906 118.42755889892578
v -9.184680938720703 -41.17728042602539 118.49109649658203
v -10.01677131652832 -41.099830627441406 118.49079895019531
v -11.132471084594727 -41.549320220947266 118.45565032958984
v -12.27779769897461 -41.3319091796875 118.35978698730469
v -13.229924201965332 -41.21677780151367 118.23506927490234
v -14.109461784362793 -41.081886291503906 118.03892517089844
v -6.975591659545898 -42.07126998901367 118.00567626953125
v -10.63984489440918 -42.83534240722656 118.45958709716797
v -11.612798690795898 -42.410362243652344 118.42830657958984
v -14.274567604064941 -42.49187088012695 117.81303405761719
v -10.01457405090332 -42.95132064819336 118.4740982055664
v -12.120198249816895 -42.79292678833008 118.34249114990234
v -12.804244995117188 -42.80741500854492 118.20718383789062
v -13.613765716552734 -42.70231628417969 118.0178451538086
v -7.541767120361328 -42.474308013916016 118.28578186035156
v -8.258380889892578 -42.15742111206055 118.45909881591797
v -8.965665817260742 -41.877052307128906 118.52193450927734
v -10.012420654296875 -42.07210159301758 118.51498413085938
v -12.20138168334961 -42.182090759277344 118.36848449707031
v -13.042414665222168 -42.063941955566406 118.24796295166016
v -13.863509178161621 -41.937965393066406 118.06993103027344
v -6.968345642089844 -42.88998794555664 117.94629669189453
v -9.631823539733887 -43.43053436279297 118.38671112060547
v -7.28336238861084 -43.57569885253906 117.89797973632812
v -7.967296123504639 -43.62565612792969 118.16022491455078
v -8.814369201660156 -43.54731750488281 118.31085968017578
v -7.545013904571533 -43.12046813964844 118.2136459350586
v -8.179290771484375 -42.95099639892578 118.39288330078125
v -9.117241859436035 -42.71710205078125 118.49384307861328
v -6.049705982208252 -18.191715240478516 114.43496704101562
v -5.612587928771973 -18.440248489379883 114.26615142822266
v -6.294389724731445 -18.37528419494629 114.86739349365234
v -6.692724227905273 -18.526643753051758 114.96726989746094
v -5.912069320678711 -18.557878494262695 114.83431243896484
v -5.5058722496032715 -18.973421096801758 114.63291931152344
v -6.976471424102783 -18.853408813476562 115.2308120727539
v -5.476639270782471 -19.477642059326172 114.95140075683594
v -7.462723255157471 -19.127336502075195 115.2790298461914
v -7.980106830596924 -19.28565216064453 115.00335693359375
v -10.000414848327637 -20.55828285217285 115.18704986572266
v -5.844759941101074 -19.142122268676758 115.19287109375
v -6.41363000869751 -18.836332321166992 115.27696990966797
v -5.686066150665283 -19.910005569458008 115.42362213134766
v -8.397841453552246 -19.61907958984375 115.15422821044922
v -9.826537132263184 -20.439735412597656 115.0308837890625
v -10.173090934753418 -20.758567810058594 115.35167694091797
v -9.078861236572266 -20.05617904663086 115.16108703613281
v -6.302258014678955 -19.590017318725586 115.73580932617188
v -7.079401969909668 -19.38467025756836 115.72825622558594
v -8.005270004272461 -19.618127822875977 115.57981872558594
v -9.746699333190918 -20.477863311767578 115.46231079101562
v -5.642577171325684 -20.51287269592285 115.61896514892578
v -10.521852493286133 -21.229326248168945 115.70796966552734
v -9.303929328918457 -20.440433502197266 116.0904541015625
v -9.943227767944336 -20.771240234375 115.97744750976562
v -5.581290245056152 -21.227724075317383 115.66487121582031
v -10.96612548828125 -21.809593200683594 115.80948638916016
v -11.381338119506836 -22.34946060180664 115.50328063964844
v -5.611030578613281 -22.2903995513916 115.88581085205078
v -11.539182662963867 -22.793128967285156 116.01465606689453
v -5.6192522048950195 -23.490875244140625 115.87767028808594
v -11.898130416870117 -23.478195190429688 116.14563751220703
v -12.299100875854492 -24.03722381591797 115.80960083007812
v -5.739582538604736 -24.594812393188477 116.10071563720703
v -12.684778213500977 -24.669702529907227 115.94641876220703
v -13.237051010131836 -25.402719497680664 115.79930877685547
v -5.875795841217041 -25.516082763671875 116.3473129272461
v -13.469223976135254 -25.898761749267578 116.41229248046875
v -13.967341423034668 -26.489784240722656 116.19668579101562
v -6.1174845695495605 -26.293344497680664 116.70918273925781
v -14.155749320983887 -26.92528533935547 116.67134857177734
v -6.423086643218994 -27.02042007446289 116.98934173583984
v -6.408638000488281 -26.313188552856445 117.25428771972656
v -6.641737937927246 -27.65071678161621 117.12350463867188
v -14.491837501525879 -27.52937889099121 116.74893188476562
v -14.84666633605957 -28.103374481201172 116.46121215820312
v -7.008163928985596 -27.895605087280273 117.49288177490234
v -6.570306301116943 -28.39093017578125 116.89653778076172
v -15.154956817626953 -28.957839965820312 116.49977111816406
v -6.952293395996094 -28.70578384399414 117.32465362548828
v -6.490625858306885 -29.25941276550293 116.69805908203125
v -15.345085144042969 -30.002044677734375 116.98905181884766
v -6.587902545928955 -30.022891998291016 116.81481170654297
v -6.88055419921875 -29.42131996154785 117.20597076416016
v -7.0212297439575195 -30.059310913085938 117.3987045288086
v -15.411739349365234 -30.79140281677246 117.3810043334961
v -7.089604377746582 -30.936975479125977 117.56690979003906
v -15.625421524047852 -31.779399871826172 117.39478302001953
v -7.0989766120910645 -31.909975051879883 117.70710754394531
v -15.549775123596191 -32.84083557128906 117.73322296142578
v -7.079427242279053 -32.93890380859375 117.82449340820312
v -15.376955032348633 -33.77113723754883 117.91654968261719
v -7.025239944458008 -34.076927185058594 117.88069152832031
v -15.01318073272705 -34.53650665283203 118.07095336914062
v -13.60242748260498 -35.464378356933594 118.47323608398438
v -14.325065612792969 -34.9884033203125 118.32404327392578
v -14.601224899291992 -34.301910400390625 118.38552856445312
v -7.109715938568115 -35.06477355957031 118.15371704101562
v -13.40716552734375 -36.03970718383789 118.36093139648438
v -12.95716381072998 -36.21265411376953 118.51233673095703
v -13.090178489685059 -35.744319915771484 118.59146118164062
v -7.231714725494385 -35.95355987548828 118.35933685302734
v -12.560036659240723 -36.76041793823242 118.56624603271484
v -7.543816566467285 -36.8004035949707 118.61541748046875
v -11.958401679992676 -37.404239654541016 118.63072204589844
v -7.963075160980225 -37.59666061401367 118.6609115600586
v -8.686409950256348 -37.94702911376953 118.80203247070312
v -9.555373191833496 -38.05335998535156 118.84945678710938
v -10.33895206451416 -38.11976623535156 118.78019714355469
v -11.104653358459473 -37.72435760498047 118.78705596923828
v -8.029216766357422 -36.96186065673828 119.06257629394531
v -11.443825721740723 -37.079837799072266 118.89837646484375
v -6.898119926452637 -20.157869338989258 116.42523956298828
v -7.620294094085693 -19.90425682067871 116.23480224609375
v -8.442717552185059 -20.174352645874023 116.28858947753906
v -6.061322212219238 -20.506492614746094 116.06304168701172
v -8.93218994140625 -20.53563117980957 116.76036834716797
v -9.576172828674316 -20.844791412353516 116.7799301147461
v -10.174397468566895 -21.103261947631836 116.44100952148438
v -6.540329933166504 -20.96292495727539 116.82203674316406
v -8.423385620117188 -20.524782180786133 117.0223388671875
v -5.992724895477295 -21.529497146606445 116.41799926757812
v -10.605247497558594 -21.607892990112305 116.58892822265625
v -11.12969970703125 -22.250720977783203 116.3561782836914
v -6.4087815284729 -21.8381290435791 117.14005279541016
v -5.955764293670654 -22.5656681060791 116.63526153564453
v -11.40873908996582 -22.903303146362305 116.81900787353516
v -6.3549346923828125 -22.779802322387695 117.38189697265625
v -5.9679412841796875 -23.603958129882812 116.8027114868164
v -11.800851821899414 -23.759639739990234 117.19905853271484
v -12.254940032958984 -24.189470291137695 116.47850036621094
v -6.342139720916748 -23.720781326293945 117.55351257324219
v -6.034524440765381 -24.540817260742188 116.98152160644531
v -12.53757095336914 -24.663970947265625 116.5932388305664
v -12.896258354187012 -25.2462158203125 116.76167297363281
v -6.367349147796631 -24.55437469482422 117.65487670898438
v -12.332465171813965 -24.574525833129883 117.12698364257812
v -6.171756744384766 -25.273324966430664 117.18983459472656
v -13.28331470489502 -25.825227737426758 116.95624542236328
v -6.500417232513428 -25.657690048217773 117.58555603027344
v -13.652596473693848 -26.396543502807617 117.09781646728516
v -6.403728485107422 -25.074913024902344 117.67390441894531
v -13.085416793823242 -25.78547477722168 117.4371109008789
v -6.751599311828613 -26.290176391601562 117.67399597167969
v -14.100156784057617 -27.11979103088379 117.27146911621094
v -7.081873893737793 -26.981218338012695 117.7646713256836
v -7.125093936920166 -26.266510009765625 118.04945373535156
v -13.737166404724121 -26.84808921813965 117.71322631835938
v -7.464547634124756 -27.557464599609375 117.9769058227539
v -14.340404510498047 -27.582908630371094 117.3428726196289
v -14.590582847595215 -28.231449127197266 117.36687469482422
v -8.023241996765137 -27.796262741088867 118.37921905517578
v -14.046420097351074 -27.490379333496094 117.84446716308594
v -7.44599723815918 -28.24847412109375 117.87139129638672
v -14.912589073181152 -29.27516746520996 117.52496337890625
v -7.894186496734619 -28.570199966430664 118.25101470947266
v -8.524054527282715 -28.45184326171875 118.69982147216797
v -14.530752182006836 -28.81264305114746 118.03377532958984
v -7.399046421051025 -29.186479568481445 117.7971420288086
v -15.050878524780273 -30.175485610961914 117.80726623535156
v -8.127939224243164 -29.385839462280273 118.48863220214844
v -14.632333755493164 -29.53804588317871 118.25151062011719
v -7.536302089691162 -30.170034408569336 118.02501678466797
v -15.131134986877441 -31.091083526611328 118.01014709472656
v -8.093493461608887 -30.494890213012695 118.64382934570312
v -14.689945220947266 -30.413013458251953 118.46586608886719
v -7.549490451812744 -31.173736572265625 118.205078125
v -15.130105018615723 -32.06950759887695 118.16477966308594
v -8.043669700622559 -31.529687881469727 118.82838439941406
v -14.684820175170898 -31.352245330810547 118.62702178955078
v -7.520557403564453 -32.198272705078125 118.37071990966797
v -15.002960205078125 -33.03780746459961 118.30052185058594
v -7.985141277313232 -32.55887985229492 119.01303100585938
v -14.582907676696777 -32.326114654541016 118.73509216308594
v -7.477577209472656 -33.247379302978516 118.52005004882812
v -14.837489128112793 -33.82897186279297 118.34265899658203
v -14.524863243103027 -33.93684005737305 118.54510498046875
v -7.935511112213135 -33.57176208496094 119.18541717529297
v -14.343793869018555 -33.3855094909668 118.77962493896484
v -7.4628119468688965 -34.26467514038086 118.6893310546875
v -14.203129768371582 -34.22049331665039 118.64407348632812
v -13.110321998596191 -35.26357650756836 118.79711151123047
v -13.626115798950195 -34.74534225463867 118.75798034667969
v -7.910758018493652 -34.52315139770508 119.33309173583984
v -12.78133773803711 -34.59245681762695 119.27510070800781
v -13.649025917053223 -33.958194732666016 119.05035400390625
v -7.507505416870117 -35.17515182495117 118.8731460571289
v -12.4382963180542 -35.80801773071289 118.93975830078125
v -7.920077323913574 -35.342403411865234 119.4288330078125
v -11.84757137298584 -35.15259552001953 119.55035400390625
v -7.649517059326172 -35.915260314941406 119.0511245727539
v -11.844802856445312 -36.64450454711914 118.90446472167969
v -8.024006843566895 -36.34307861328125 119.33643341064453
v -11.392212867736816 -36.699554443359375 119.07807922363281
v -7.942690849304199 -35.83869171142578 119.44540405273438
v -11.32441520690918 -36.13656997680664 119.3676986694336
v -8.362648010253906 -36.758113861083984 119.3962631225586
v -10.970916748046875 -36.93314743041992 119.13591766357422
v -8.481618881225586 -37.254539489746094 119.13475036621094
v -9.204208374023438 -37.380245208740234 119.18875885009766
v -10.160219192504883 -37.37079620361328 119.12733459472656
v -8.885854721069336 -36.8167839050293 119.5179672241211
v -9.626435279846191 -36.77675247192383 119.55481719970703
v -10.435253143310547 -36.56052017211914 119.50975036621094
v -7.7316365242004395 -20.42051887512207 116.92369842529297
v -7.1132426261901855 -20.72014617919922 117.0946044921875
v -8.154855728149414 -20.821746826171875 117.46112823486328
v -8.876298904418945 -20.931737899780273 117.42542266845703
v -9.574779510498047 -21.190120697021484 117.46460723876953
v -10.086085319519043 -21.29105567932129 117.07901000976562
v -7.573860168457031 -21.01076889038086 117.55146789550781
v -6.953457355499268 -21.3229923248291 117.44780731201172
v -10.399175643920898 -21.6468563079834 117.24000549316406
v -10.76103401184082 -22.22207260131836 117.39623260498047
v -7.4043049812316895 -21.60905647277832 117.9110107421875
v -8.2318115234375 -21.50655174255371 118.07301330566406
v -9.223359107971191 -21.496713638305664 118.0324935913086
v -10.024871826171875 -21.675891876220703 117.75843048095703
v -6.877120018005371 -22.109479904174805 117.77731323242188
v -11.22337532043457 -23.079687118530273 117.70943450927734
v -7.541240692138672 -22.35545539855957 118.34706115722656
v -10.772624015808105 -22.705135345458984 118.14688110351562
v -6.830165386199951 -23.012371063232422 118.02831268310547
v -11.467523574829102 -23.7653865814209 118.01839447021484
v -7.348993301391602 -23.355575561523438 118.56413269042969
v -10.982266426086426 -23.343887329101562 118.41209411621094
v -6.7721266746521 -23.93423843383789 118.14408874511719
v -11.94025993347168 -24.47894859313965 117.89070129394531
v -12.539063453674316 -25.194955825805664 117.6566162109375
v -7.2476806640625 -24.234905242919922 118.58918762207031
v -11.28152847290039 -24.32529640197754 118.6197738647461
v -6.766130447387695 -24.82630729675293 118.11241912841797
v -12.789246559143066 -25.790010452270508 118.02112579345703
v -7.181777477264404 -25.552574157714844 118.28785705566406
v -13.28094482421875 -26.33603286743164 117.8755111694336
v -7.198431968688965 -24.8294677734375 118.51544189453125
v -11.236249923706055 -25.467309951782227 119.05025482177734
v -12.128942489624023 -25.396793365478516 118.42657470703125
v -7.600700855255127 -26.297637939453125 118.37892150878906
v -13.464176177978516 -26.95840072631836 118.23558044433594
v -7.832619667053223 -27.029096603393555 118.35221099853516
v -8.481688499450684 -26.47410774230957 118.836669921875
v -9.50916576385498 -26.37321662902832 119.20299530029297
v -10.563100814819336 -26.202899932861328 119.30015563964844
v -11.503536224365234 -26.495044708251953 119.20777130126953
v -12.168415069580078 -26.348363876342773 118.9041519165039
v -12.829944610595703 -26.327932357788086 118.43318176269531
v -8.425905227661133 -27.247732162475586 118.68887329101562
v -13.69832992553711 -27.594032287597656 118.42386627197266
v -8.642875671386719 -27.752798080444336 118.76766967773438
v -14.151398658752441 -28.18448257446289 118.21815490722656
v -9.193466186523438 -27.3614444732666 119.03319549560547
v -10.279291152954102 -27.306161880493164 119.3034896850586
v -11.302507400512695 -27.27292251586914 119.34392547607422
v -12.188032150268555 -27.26831817626953 119.17684173583984
v -13.015790939331055 -27.24305534362793 118.7814712524414
v -9.09051513671875 -28.110506057739258 118.98268127441406
v -14.168891906738281 -28.888452529907227 118.57300567626953
v -9.166893005371094 -28.70155906677246 119.05243682861328
v -9.974254608154297 -28.485637664794922 119.29827880859375
v -11.1337890625 -28.26827621459961 119.43890380859375
v -12.093802452087402 -28.1845703125 119.37657165527344
v -12.932610511779785 -28.138486862182617 119.13468933105469
v -13.63426399230957 -28.159801483154297 118.75237274169922
v -8.799419403076172 -29.159290313720703 118.92298126220703
v -14.192008972167969 -29.714736938476562 118.81607818603516
v -9.512539863586426 -29.51065444946289 119.29706573486328
v -10.373350143432617 -29.559175491333008 119.53406524658203
v -11.09626293182373 -29.293548583984375 119.5680160522461
v -12.0167236328125 -29.150184631347656 119.53445434570312
v -12.87548542022705 -29.050884246826172 119.35997009277344
v -13.606403350830078 -28.967105865478516 119.03636932373047
v -8.747777938842773 -29.97530174255371 119.02006530761719
v -14.182887077331543 -30.625886917114258 118.99816131591797
v -9.407487869262695 -30.582014083862305 119.46781158447266
v -10.232147216796875 -30.36890411376953 119.65033721923828
v -11.086770057678223 -30.249988555908203 119.72502899169922
v -11.958052635192871 -30.119243621826172 119.68431091308594
v -12.819734573364258 -29.996976852416992 119.5309066772461
v -13.581131935119629 -29.865116119384766 119.244140625
v -8.671696662902832 -30.98301124572754 119.19515991210938
v -14.109384536743164 -31.570741653442383 119.12467956542969
v -9.303921699523926 -31.571012496948242 119.65624237060547
v -10.105325698852539 -31.299753189086914 119.81681823730469
v -10.96690559387207 -31.155010223388672 119.87385559082031
v -11.857437133789062 -31.061389923095703 119.82559204101562
v -12.732019424438477 -30.949317932128906 119.66963958740234
v -13.524149894714355 -30.80428695678711 119.39765930175781
v -8.591872215270996 -31.9934024810791 119.39019775390625
v -13.943568229675293 -32.498565673828125 119.19874572753906
v -9.209010124206543 -32.54039764404297 119.83980560302734
v -9.983205795288086 -32.22597122192383 119.984130859375
v -10.805915832519531 -32.035465240478516 120.01969146728516
v -11.672286033630371 -31.967241287231445 119.9500732421875
v -12.569908142089844 -31.895858764648438 119.77584075927734
v -13.403157234191895 -31.74533462524414 119.50363159179688
v -8.520209312438965 -32.99361801147461 119.57417297363281
v -13.686473846435547 -33.22132873535156 119.24839782714844
v -12.340856552124023 -33.84110641479492 119.72026062011719
v -13.036046981811523 -33.542842864990234 119.4866714477539
v -9.130305290222168 -33.49287796020508 119.98558044433594
v -9.870559692382812 -33.126007080078125 120.1199951171875
v -10.668935775756836 -32.90455627441406 120.12791442871094
v -11.39416217803955 -32.70939254760742 120.05168914794922
v -12.276430130004883 -32.914222717285156 119.846923828125
v -13.2064847946167 -32.65321731567383 119.55571746826172
v -8.46085262298584 -33.96355056762695 119.71851348876953
v -11.991608619689941 -34.39329147338867 119.74293518066406
v -11.402070045471191 -34.629756927490234 119.91877746582031
v -9.053247451782227 -34.412593841552734 120.06356048583984
v -9.797520637512207 -34.016029357910156 120.18903350830078
v -10.480640411376953 -33.655757904052734 120.19049835205078
v -11.421976089477539 -33.70531463623047 120.02696990966797
v -8.409618377685547 -34.86796951293945 119.79252624511719
v -11.018521308898926 -35.31439208984375 119.85804748535156
v -8.960836410522461 -35.24827194213867 120.05012512207031
v -9.682833671569824 -34.89381408691406 120.17710876464844
v -10.591778755187988 -34.53000259399414 120.13245391845703
v -8.356849670410156 -35.704654693603516 119.74148559570312
v -10.598642349243164 -35.930789947509766 119.78654479980469
v -8.593001365661621 -36.318443298339844 119.696533203125
v -9.220903396606445 -36.28681945800781 119.84637451171875
v -9.93220043182373 -36.129493713378906 119.86884307861328
v -8.900938987731934 -35.86650466918945 119.95948028564453
v -9.481431007385254 -35.66334533691406 120.0737075805664
v -10.227995872497559 -35.428382873535156 120.05632019042969
v -8.92896556854248 -22.021833419799805 118.61029815673828
v -9.664294242858887 -22.01666831970215 118.46566772460938
v -10.301262855529785 -22.269577026367188 118.26168060302734
v -8.28102970123291 -22.252458572387695 118.664794921875
v -10.447840690612793 -22.84965705871582 118.66493225097656
v -8.756526947021484 -22.683177947998047 119.00274658203125
v -9.439435958862305 -22.514659881591797 118.93453979492188
v -9.981158256530762 -22.477724075317383 118.75267791748047
v -8.042640686035156 -22.946571350097656 118.87175750732422
v -10.538613319396973 -23.585880279541016 118.93517303466797
v -8.593765258789062 -23.447683334350586 119.18724060058594
v -9.307113647460938 -23.19249725341797 119.21686553955078
v -9.952193260192871 -23.016115188598633 119.04395294189453
v -7.881005764007568 -23.809724807739258 118.9573974609375
v -10.536321640014648 -24.458187103271484 119.16061401367188
v -8.468093872070312 -24.270204544067383 119.21199798583984
v -9.187376976013184 -23.978281021118164 119.34403991699219
v -9.898499488830566 -23.765024185180664 119.259033203125
v -7.748044013977051 -24.739688873291016 118.85198211669922
v -10.375465393066406 -25.205583572387695 119.30618286132812
v -8.029627799987793 -25.590795516967773 118.82330322265625
v -8.859198570251465 -25.588838577270508 119.16434478759766
v -9.696856498718262 -25.43560218811035 119.33690643310547
v -8.41981315612793 -24.98008155822754 119.14007568359375
v -9.066971778869629 -24.785873413085938 119.33050537109375
v -9.79957103729248 -24.578975677490234 119.36299896240234
vn 0.11033502966165543 0.09380128234624863 -0.9894582033157349
vn -0.15092778205871582 0.15847164392471313 -0.9757599830627441
vn -0.315839558839798 0.19028136134147644 -0.9295367002487183
vn 0.2548111379146576 0.010688978247344494 -0.9669317603111267
vn -0.06022834777832031 0.04928196594119072 -0.9969673156738281
vn -0.31119903922080994 0.09121758490800858 -0.9459569454193115
vn 0.34316176176071167 -0.061139486730098724 -0.9372844099998474
vn 0.05255907028913498 -0.024225329980254173 -0.9983239769935608
vn -0.21272458136081696 0.040766291320323944 -0.9762614369392395
vn -0.4450226128101349 0.11527829617261887 -0.8880685567855835
vn 0.39832884073257446 -0.11251123994588852 -0.9103160500526428
vn 0.1422015279531479 -0.08958122879266739 -0.9857758283615112
vn -0.10872947424650192 -0.03227071464061737 -0.9935474395751953
vn -0.3290170431137085 0.04070918634533882 -0.943446159362793
vn -0.5044078826904297 0.13251754641532898 -0.8532361388206482
vn 0.42194899916648865 -0.13726912438869476 -0.896167516708374
vn 0.198686882853508 -0.13563445210456848 -0.9706321954727173
vn -0.02530958130955696 -0.09886053949594498 -0.9947794079780579
vn -0.24924682080745697 -0.03780457749962807 -0.9677018523216248
vn -0.4591576159000397 0.02665739879012108 -0.887954831123352
vn 0.4213863015174866 -0.14161354303359985 -0.8957562446594238
vn 0.22196678817272186 -0.16166411340236664 -0.9615588784217834
vn 0.032123398035764694 -0.1517089158296585 -0.9879031181335449
vn -0.17362867295742035 -0.11481287330389023 -0.9780956506729126
vn -0.3743897080421448 -0.07512743771076202 -0.9242230653762817
vn -0.5405485033988953 -0.035216957330703735 -0.8405754566192627
vn 0.40796738862991333 -0.1404106616973877 -0.9021349549293518
vn 0.21652668714523315 -0.17691847681999207 -0.9601125121116638
vn 0.05254356563091278 -0.19679410755634308 -0.9790358543395996
vn -0.12031277269124985 -0.18472416698932648 -0.9753983020782471
vn -0.32983219623565674 -0.16330057382583618 -0.9298084378242493
vn -0.5133756995201111 -0.16840596497058868 -0.8414777517318726
vn 0.3954200744628906 -0.15271617472171783 -0.9057155847549438
vn 0.19635988771915436 -0.19782879948616028 -0.9603679180145264
vn 0.035754937678575516 -0.23694263398647308 -0.9708654880523682
vn -0.11016271263360977 -0.2664479911327362 -0.9575331211090088
vn -0.27022552490234375 -0.24822084605693817 -0.9302497506141663
vn -0.48056337237358093 -0.2329377830028534 -0.8454577922821045
vn 0.3954862356185913 -0.20022593438625336 -0.8963817358016968
vn 0.18081548810005188 -0.25015705823898315 -0.9511715173721313
vn 0.011748142540454865 -0.2904279828071594 -0.956824779510498
vn -0.1441706418991089 -0.3279098570346832 -0.9336434006690979
vn -0.30133476853370667 -0.3459925651550293 -0.8885305523872375
vn 0.4115554392337799 -0.3151172995567322 -0.8551743626594543
vn 0.18632082641124725 -0.3705187737941742 -0.9099452495574951
vn 0.01481710933148861 -0.39370056986808777 -0.9191193580627441
vn -0.15155257284641266 -0.41192111372947693 -0.8985281586647034
vn -0.3112529516220093 -0.4440603256225586 -0.8401976823806763
vn 0.4559490978717804 -0.5293073058128357 -0.7155027985572815
vn 0.243310809135437 -0.5828754901885986 -0.7752780318260193
vn 0.0690784901380539 -0.5601186156272888 -0.8255273103713989
vn -0.1049104630947113 -0.5425354838371277 -0.8334561586380005
vn -0.2944476008415222 -0.5236235857009888 -0.7994491457939148
vn 0.13341651856899261 0.3665471374988556 -0.920784056186676
vn -0.08724489063024521 0.39486151933670044 -0.9145888090133667
vn -0.29472124576568604 0.3551771342754364 -0.8871237635612488
vn 0.2375738024711609 0.2009248435497284 -0.950361967086792
vn -0.02623283490538597 0.2511814534664154 -0.967584490776062
vn -0.2954082787036896 0.24409805238246918 -0.9236612915992737
vn 0.29775384068489075 0.28611186146736145 -0.9107593894004822
vn -0.029826732352375984 0.2785651385784149 -0.9599540829658508
vn -0.24424313008785248 0.2658253312110901 -0.9325675368309021
vn 0.4586681127548218 0.10221773386001587 -0.8827089667320251
vn -0.4500608742237091 0.26802343130111694 -0.8518266677856445
vn 0.6150169968605042 0.1553124338388443 -0.7730666995048523
vn -0.5857021808624268 0.2397543042898178 -0.7742550373077393
vn 0.5533714294433594 -0.000028604328690562397 -0.8329346179962158
vn -0.45976823568344116 0.16683530807495117 -0.8722265958786011
vn -0.5437002778053284 0.14905157685279846 -0.8259380459785461
vn 0.7267688512802124 0.05875186622142792 -0.6843648552894592
vn -0.5912022590637207 0.18433502316474915 -0.7851754426956177
vn 0.6143471002578735 -0.0665946826338768 -0.7862205505371094
vn -0.5929562449455261 0.17746077477931976 -0.7854365706443787
vn -0.6325262188911438 0.203312486410141 -0.7473785281181335
vn 0.7923988699913025 -0.011127008125185966 -0.6099019050598145
vn -0.6875400543212891 0.21742932498455048 -0.6928298473358154
vn 0.6417027711868286 -0.10068747401237488 -0.760315477848053
vn -0.6420058012008667 0.22310476005077362 -0.7335208058357239
vn 0.8242769837379456 -0.05255402252078056 -0.563742458820343
vn -0.7251662015914917 0.23926666378974915 -0.6456666588783264
vn 0.6455691456794739 -0.10781321674585342 -0.7560535073280334
vn -0.6078881025314331 0.12969116866588593 -0.7833595871925354
vn -0.6655449867248535 0.08871612697839737 -0.7410663366317749
vn 0.8342524766921997 -0.06562207639217377 -0.5474637150764465
vn -0.7282140254974365 0.15781934559345245 -0.6669313311576843
vn 0.6368136405944824 -0.10026729851961136 -0.7644703388214111
vn -0.6881599426269531 0.016580304130911827 -0.7253696322441101
vn 0.8313187956809998 -0.05975643917918205 -0.5525742173194885
vn -0.7838571071624756 -0.02714897133409977 -0.6203474402427673
vn 0.6281619668006897 -0.09474401921033859 -0.7722927927970886
vn -0.6573048233985901 -0.14225028455257416 -0.7400778532028198
vn 0.824567437171936 -0.049825478345155716 -0.5635653734207153
vn -0.7767875790596008 -0.1589673012495041 -0.6093689203262329
vn 0.6340305805206299 -0.10953161120414734 -0.7655116319656372
vn -0.6852399706840515 -0.2466678023338318 -0.6852745413780212
vn -0.6514843106269836 -0.277042418718338 -0.706268846988678
vn 0.8251011371612549 -0.05306883156299591 -0.5624871850013733
vn -0.7780554890632629 -0.25788331031799316 -0.5728226900100708
vn 0.6670833230018616 -0.16411927342414856 -0.7266805768013
vn -0.4898802638053894 -0.35320040583610535 -0.7970362305641174
vn 0.8432273268699646 -0.0907009169459343 -0.5298501253128052
vn -0.6473531126976013 -0.4021030366420746 -0.6474929451942444
vn 0.7243486046791077 -0.29304009675979614 -0.6240565776824951
vn -0.44759508967399597 -0.4660710096359253 -0.7631753087043762
vn 0.8750906586647034 -0.19552402198314667 -0.44270381331443787
vn -0.6122313737869263 -0.4857412278652191 -0.6238815784454346
vn 0.6957237124443054 -0.5536056756973267 -0.4577000141143799
vn -0.4679258465766907 -0.5557719469070435 -0.6871411204338074
vn 0.49760717153549194 -0.7038638591766357 -0.5069149732589722
vn 0.19234488904476166 -0.7132034301757812 -0.6740506887435913
vn -0.010310948826372623 -0.6932879090309143 -0.7205869555473328
vn -0.1950036883354187 -0.6611557006835938 -0.7244630455970764
vn -0.37786969542503357 -0.6176244616508484 -0.6897495985031128
vn 0.8406530618667603 -0.4275038242340088 -0.33247998356819153
vn -0.5896931290626526 -0.5619789361953735 -0.5800359845161438
vn 0.5370503067970276 -0.7154167890548706 -0.44694051146507263
vn 0.2935887575149536 -0.7711787819862366 -0.5648795962333679
vn 0.08111037313938141 -0.783057451248169 -0.6166377663612366
vn -0.10776983201503754 -0.7655757069587708 -0.6342551112174988
vn -0.30358457565307617 -0.7180460095405579 -0.6262957453727722
vn 0.2118767648935318 0.47435542941093445 -0.8544560670852661
vn 0.019195308908820152 0.5050056576728821 -0.8629025816917419
vn -0.2078910917043686 0.46505481004714966 -0.8605262041091919
vn 0.2281535118818283 0.5319041609764099 -0.8154900670051575
vn 0.003986797761172056 0.54644775390625 -0.8374837636947632
vn -0.15347179770469666 0.5317054986953735 -0.8329079747200012
vn 0.38682690262794495 0.40313637256622314 -0.8293648362159729
vn -0.41314324736595154 0.3614005148410797 -0.835884153842926
vn 0.503814160823822 0.40742385387420654 -0.7616935968399048
vn -0.5445889830589294 0.28477105498313904 -0.7888778448104858
vn 0.5256524085998535 0.29470983147621155 -0.7980198264122009
vn -0.4532696008682251 0.23460686206817627 -0.85994553565979
vn 0.7549540996551514 0.21489974856376648 -0.6195662617683411
vn -0.5622914433479309 0.2314295768737793 -0.7938947081565857
vn 0.664770245552063 0.3367486894130707 -0.6668439507484436
vn -0.5716074705123901 0.2226725071668625 -0.7897353172302246
vn 0.8493619561195374 0.1008400022983551 -0.5180884003639221
vn -0.66208815574646 0.22611021995544434 -0.714502215385437
vn -0.7024750113487244 0.19417302310466766 -0.6847084760665894
vn 0.9007537364959717 0.03169465810060501 -0.43317219614982605
vn -0.6716289520263672 0.2026675045490265 -0.7126293182373047
vn -0.6703475713729858 0.2248419225215912 -0.7071635127067566
vn -0.7126036882400513 0.21207883954048157 -0.6687440276145935
vn 0.9288502931594849 -0.013089698739349842 -0.3702239394187927
vn -0.7325373291969299 0.22650884091854095 -0.6419367790222168
vn -0.7212492823600769 0.2719319462776184 -0.6370655298233032
vn 0.9411194324493408 -0.029394952580332756 -0.33679401874542236
vn -0.7615000009536743 0.2641029953956604 -0.591918408870697
vn 0.9434046745300293 -0.02415851131081581 -0.3307627737522125
vn -0.7775359153747559 0.1996411830186844 -0.5963063836097717
vn -0.7705153226852417 0.12987473607063293 -0.6240501999855042
vn 0.9404395818710327 -0.011513208039104939 -0.3397659957408905
vn -0.8231923580169678 0.07021506875753403 -0.5634042024612427
vn 0.9379346370697021 -0.0069822524674236774 -0.34674176573753357
vn -0.838022768497467 -0.05747402831912041 -0.5425997972488403
vn 0.9416000843048096 -0.026950713247060776 -0.33565303683280945
vn -0.8288542628288269 -0.18060773611068726 -0.5295106768608093
vn -0.7877252697944641 -0.294149249792099 -0.5412625670433044
vn 0.9505544304847717 -0.09032681584358215 -0.29713186621665955
vn -0.7622771263122559 -0.3139513432979584 -0.5660108327865601
vn 0.9452453255653381 -0.20941683650016785 -0.2503115236759186
vn -0.7433555126190186 -0.4045824706554413 -0.53266841173172
vn 0.9104544520378113 -0.3480743169784546 -0.2234210968017578
vn -0.7013516426086426 -0.48409703373908997 -0.5232169032096863
vn 0.7533536553382874 -0.5581931471824646 -0.3476760983467102
vn -0.6002751588821411 -0.5717612504959106 -0.5592484474182129
vn 0.6669862270355225 -0.666606605052948 -0.3328137695789337
vn -0.4847046732902527 -0.6304938793182373 -0.6062498092651367
vn 0.40858182311058044 -0.7781275510787964 -0.4770517647266388
vn 0.16599003970623016 -0.8010776042938232 -0.5750843286514282
vn -0.03796908259391785 -0.7930827140808105 -0.6079294085502625
vn -0.22815442085266113 -0.7616742253303528 -0.6064634919166565
vn -0.3989171087741852 -0.6992226839065552 -0.5932560563087463
vn 0.2848205864429474 0.5312440395355225 -0.7979078888893127
vn 0.07438810169696808 0.5588287115097046 -0.8259400129318237
vn -0.11878947913646698 0.5823242664337158 -0.8042309880256653
vn 0.3990193009376526 0.48857855796813965 -0.775934636592865
vn -0.30568087100982666 0.4998329281806946 -0.8103864789009094
vn 0.6166600584983826 0.40279942750930786 -0.6763749122619629
vn -0.43076375126838684 0.3994697630405426 -0.8092382550239563
vn 0.5219576358795166 0.491804838180542 -0.6969133615493774
vn -0.438192754983902 0.43252333998680115 -0.7879788279533386
vn 0.765653133392334 0.29097315669059753 -0.5736809968948364
vn -0.5444667935371399 0.307468056678772 -0.7803968787193298
vn 0.8801466822624207 0.18109260499477386 -0.4388020932674408
vn -0.6266362071037292 0.1957237422466278 -0.7543336749076843
vn -0.6666539907455444 0.19027389585971832 -0.7206721901893616
vn -0.6480881571769714 0.145158052444458 -0.7476034164428711
vn 0.9475545883178711 0.06911129504442215 -0.31203198432922363
vn -0.6704564690589905 0.1478191316127777 -0.7270746827125549
vn 0.9720034599304199 0.00885035004466772 -0.23479989171028137
vn -0.7165640592575073 0.1608671396970749 -0.6787176728248596
vn 0.9826223254203796 -0.013941948302090168 -0.18509191274642944
vn -0.7475795149803162 0.17736291885375977 -0.6400525569915771
vn -0.757054328918457 0.25889846682548523 -0.599867045879364
vn -0.723823070526123 0.2280300408601761 -0.6512161493301392
vn 0.9863319993019104 -0.007920069620013237 -0.1645798534154892
vn -0.7408525943756104 0.2414533644914627 -0.626767635345459
vn 0.9861260056495667 0.010131457820534706 -0.16568924486637115
vn -0.764508843421936 0.1907016932964325 -0.6157589554786682
vn -0.8022363781929016 0.16464248299598694 -0.5738551020622253
vn -0.7638952136039734 0.15311717987060547 -0.6269124150276184
vn 0.984539270401001 0.02387484721839428 -0.17352961003780365
vn -0.8005021214485168 0.058618322014808655 -0.5964564085006714
vn 0.98445725440979 0.020329933613538742 -0.174443781375885
vn -0.7978337407112122 -0.09960564225912094 -0.5945923328399658
vn 0.9871044158935547 -0.012212732806801796 -0.1596112847328186
vn -0.7642422318458557 -0.23027284443378448 -0.6024186611175537
vn -0.7576090693473816 -0.3122638463973999 -0.5731666088104248
vn 0.9879207611083984 -0.0795372873544693 -0.13299021124839783
vn -0.7761482000350952 -0.3438797891139984 -0.5285269021987915
vn -0.7187866568565369 -0.3368212580680847 -0.608191728591919
vn 0.9789777398109436 -0.17070786654949188 -0.11163114011287689
vn -0.7465471625328064 -0.41446590423583984 -0.5204664468765259
vn 0.9550868272781372 -0.27409932017326355 -0.11259985715150833
vn -0.67618328332901 -0.4647485017776489 -0.5716511607170105
vn 0.8522090315818787 -0.476394385099411 -0.21630564332008362
vn -0.6058836579322815 -0.5260463953018188 -0.5968084335327148
vn 0.7915822267532349 -0.5469197630882263 -0.27253687381744385
vn -0.5303339958190918 -0.5839828848838806 -0.6145811676979065
vn 0.5465500354766846 -0.6961162686347961 -0.465516060590744
vn 0.2665855288505554 -0.749908447265625 -0.6054498553276062
vn 0.024850109592080116 -0.7444995641708374 -0.6671602725982666
vn -0.17937885224819183 -0.7179732322692871 -0.6725605726242065
vn -0.36569204926490784 -0.6667748689651489 -0.649369478225708
vn -0.5780529975891113 -0.500910758972168 -0.6441609263420105
vn 0.6648806929588318 -0.5502486228942871 -0.5051338076591492
vn 0.3718668222427368 -0.627373218536377 -0.6841915249824524
vn 0.09400381147861481 -0.6296929717063904 -0.7711355686187744
vn -0.13302694261074066 -0.6006060838699341 -0.7884010076522827
vn -0.3301602303981781 -0.5561940670013428 -0.7626548409461975
vn 0.47062718868255615 -0.4547196924686432 -0.7561349272727966
vn 0.1629619300365448 -0.481962651014328 -0.8609038591384888
vn -0.08378756791353226 -0.46101871132850647 -0.8834259510040283
vn -0.276748925447464 -0.4415845274925232 -0.8534712195396423
vn -0.4063381850719452 -0.4273749887943268 -0.807613730430603
vn 0.4545539319515228 -0.33302485942840576 -0.8261205554008484
vn 0.1948695182800293 -0.3534765839576721 -0.9149208664894104
vn -0.04257666692137718 -0.3493896722793579 -0.9360096454620361
vn -0.2548522651195526 -0.3365897238254547 -0.9065085649490356
vn -0.41731026768684387 -0.3546908497810364 -0.8366878628730774
vn 0.49697810411453247 -0.31442657113075256 -0.8087946176528931
vn 0.22232408821582794 -0.3126741945743561 -0.923475444316864
vn -0.017706945538520813 -0.3159151077270508 -0.9486222267150879
vn -0.2089478075504303 -0.3028099238872528 -0.9298639893531799
vn -0.41738396883010864 -0.27530109882354736 -0.8660253882408142
vn 0.3165036141872406 -0.2942066788673401 -0.9018136858940125
vn -0.0050574555061757565 -0.3141867220401764 -0.9493477940559387
vn -0.24319666624069214 -0.31830498576164246 -0.916262686252594
vn 0.2843018174171448 -0.3341367542743683 -0.8986240029335022
vn 0.000051200604502810165 -0.34740230441093445 -0.9377161860466003
vn -0.24185094237327576 -0.3859870731830597 -0.8902370929718018
vn 0.3301360309123993 -0.5257751941680908 -0.7839455604553223
vn 0.07085596024990082 -0.5307938456535339 -0.8445338606834412
vn -0.20253609120845795 -0.4837508201599121 -0.8514483571052551
vn 0.33512502908706665 0.3274676501750946 -0.8834342956542969
vn 0.15963758528232574 0.34987354278564453 -0.9230949878692627
vn 0.015805378556251526 0.3289327025413513 -0.9442210793495178
vn -0.11598100513219833 0.2790836691856384 -0.953236997127533
vn -0.23084811866283417 0.22553512454032898 -0.9464898705482483
vn -0.3251807689666748 0.21331918239593506 -0.9212775826454163
vn -0.418515682220459 0.23687618970870972 -0.8767749667167664
vn 0.5191307663917542 0.44103842973709106 -0.7321122288703918
vn 0.3129929006099701 0.4755909740924835 -0.8221001625061035
vn 0.13014326989650726 0.5080630779266357 -0.8514310121536255
vn -0.05471762642264366 0.524535596370697 -0.8496283888816833
vn -0.2782951593399048 0.4902750253677368 -0.8259432315826416
vn 0.44915342330932617 0.38448214530944824 -0.8064953088760376
vn 0.22629062831401825 0.43163007497787476 -0.8732056021690369
vn 0.04880325868725777 0.43870168924331665 -0.8973065614700317
vn -0.1197236180305481 0.4115571081638336 -0.9034860134124756
vn -0.290969580411911 0.3073130249977112 -0.9060328006744385
vn -0.3335333466529846 0.1849479377269745 -0.9244186282157898
vn -0.4274194836616516 0.16844891011714935 -0.8882215619087219
vn 0.7521446943283081 0.3349691331386566 -0.5675156712532043
vn -0.45659592747688293 0.3462306261062622 -0.8195391893386841
vn -0.42851874232292175 0.18533331155776978 -0.8843207955360413
vn -0.3927818834781647 0.1327415406703949 -0.9100011587142944
vn -0.47765856981277466 0.2069810926914215 -0.8538156747817993
vn 0.8990823030471802 0.17428888380527496 -0.40158990025520325
vn -0.5560170412063599 0.207458958029747 -0.8048638701438904
vn -0.6065082550048828 0.1326484978199005 -0.7839338183403015
vn -0.5159881114959717 0.10257953405380249 -0.850431501865387
vn -0.39949938654899597 0.06567736715078354 -0.914377748966217
vn -0.3834327757358551 0.09726657718420029 -0.9184326529502869
vn -0.4566856026649475 0.20446738600730896 -0.8658125400543213
vn 0.9627439975738525 0.06942728906869888 -0.26134997606277466
vn -0.589405357837677 0.09870152175426483 -0.8017851710319519
vn -0.45862770080566406 0.018673870712518692 -0.8884322643280029
vn -0.3488776981830597 0.004193862900137901 -0.9371588826179504
vn -0.3603091239929199 0.05451212823390961 -0.9312388300895691
vn -0.44761723279953003 0.1448475867509842 -0.8824160099029541
vn 0.9866922497749329 0.011723975650966167 -0.1621757447719574
vn -0.613211989402771 0.07168026268482208 -0.7866593599319458
vn -0.48914921283721924 -0.004052219446748495 -0.8721907138824463
vn -0.3484436273574829 -0.045357052236795425 -0.9362316727638245
vn -0.31557220220565796 -0.029998334124684334 -0.9484273195266724
vn -0.4100855588912964 0.02079843543469906 -0.9118098616600037
vn 0.994910478591919 -0.019309213384985924 -0.09889575093984604
vn -0.6549987196922302 0.0715927854180336 -0.7522308230400085
vn -0.6692027449607849 0.13514244556427002 -0.7306874990463257
vn -0.5299331545829773 0.054828595370054245 -0.8462651968002319
vn -0.3787934184074402 -0.023095935583114624 -0.9251930117607117
vn -0.29900601506233215 -0.06186874210834503 -0.9522435069084167
vn -0.3330388367176056 -0.04310038685798645 -0.9419275522232056
vn -0.47237274050712585 0.017987877130508423 -0.8812153339385986
vn 0.9977808594703674 -0.01525387167930603 -0.06481275707483292
vn -0.6281258463859558 0.17724695801734924 -0.7576552033424377
vn -0.4847889840602875 0.05342792347073555 -0.8729978203773499
vn -0.3389352262020111 -0.042944975197315216 -0.9398290514945984
vn -0.3150426149368286 -0.07559879869222641 -0.9460618495941162
vn -0.4146575629711151 -0.054792217910289764 -0.9083265066146851
vn 0.998358964920044 0.00849981140345335 -0.0566323958337307
vn -0.6666839122772217 0.14960342645645142 -0.7301722168922424
vn -0.7015281319618225 0.13968713581562042 -0.6988174319267273
vn -0.56721431016922 0.07067833840847015 -0.8205319046974182
vn -0.4061620831489563 -0.01660321094095707 -0.9136502146720886
vn -0.3425747752189636 -0.07190218567848206 -0.9367350935935974
vn -0.4011203348636627 -0.07952216267585754 -0.9125670790672302
vn 0.9976250529289246 0.03274162858724594 -0.06059930846095085
vn -0.6754938960075378 0.09223026782274246 -0.7315747141838074
vn -0.5084141492843628 -0.02114569954574108 -0.8608530163764954
vn -0.38453763723373413 -0.0661943256855011 -0.9207329154014587
vn -0.42611226439476013 -0.07525582611560822 -0.9015347957611084
vn 0.9970241189002991 0.043951693922281265 -0.06333399564027786
vn -0.6840768456459045 -0.039790913462638855 -0.7283238172531128
vn -0.5241848826408386 -0.12541837990283966 -0.8423184752464294
vn -0.4046432077884674 -0.11798565834760666 -0.9068314433097839
vn -0.39254266023635864 -0.10924213379621506 -0.913223147392273
vn -0.4910739064216614 -0.07347262650728226 -0.8680139183998108
vn 0.9978572130203247 0.033539846539497375 -0.05617950111627579
vn -0.66770339012146 -0.16097581386566162 -0.7268142700195312
vn -0.5076974630355835 -0.2054603099822998 -0.8366775512695312
vn -0.4071606695652008 -0.1822974681854248 -0.8949792385101318
vn -0.3903768062591553 -0.17359356582164764 -0.9041411280632019
vn -0.4574461281299591 -0.16688485443592072 -0.8734371662139893
vn 0.9992837905883789 -0.0027890363708138466 -0.03773748129606247
vn -0.6287738680839539 -0.23095592856407166 -0.7424976825714111
vn -0.4964328706264496 -0.24735699594020844 -0.8320870995521545
vn -0.4002596139907837 -0.2284701019525528 -0.8874647617340088
vn -0.39344215393066406 -0.21832877397537231 -0.8930485844612122
vn -0.4693295657634735 -0.23009425401687622 -0.8525176644325256
vn 0.9980545043945312 -0.06030478700995445 -0.0158294215798378
vn -0.6406763792037964 -0.2969737648963928 -0.7080539464950562
vn -0.609683096408844 -0.32484862208366394 -0.723021388053894
vn -0.47106367349624634 -0.3050713837146759 -0.8276656866073608
vn -0.39079150557518005 -0.26511186361312866 -0.8814747333526611
vn -0.3827199935913086 -0.24829047918319702 -0.8898748755455017
vn -0.4652016758918762 -0.23660631477832794 -0.8529975414276123
vn 0.9920998811721802 -0.12527205049991608 -0.006693691480904818
vn -0.6893079876899719 -0.37301957607269287 -0.6210562586784363
vn -0.5269805192947388 -0.3503340780735016 -0.7743110656738281
vn -0.4088076055049896 -0.3243131637573242 -0.8530518412590027
vn -0.37408557534217834 -0.30538952350616455 -0.8756695985794067
vn -0.384955495595932 -0.2843989431858063 -0.8780242204666138
vn 0.9802994132041931 -0.1942194402217865 -0.03594261780381203
vn -0.6036406755447388 -0.4069077670574188 -0.6855975389480591
vn 0.9164432883262634 -0.37794116139411926 -0.13150012493133545
vn 0.9550675749778748 -0.29417717456817627 -0.03613504022359848
vn -0.49360331892967224 -0.38591498136520386 -0.7793750166893005
vn -0.4067525565624237 -0.3547024428844452 -0.8418660759925842
vn -0.36460843682289124 -0.3375777304172516 -0.8678145408630371
vn -0.38520577549934387 -0.33338823914527893 -0.8605049848556519
vn 0.9123526811599731 -0.395762175321579 -0.10480892658233643
vn -0.5710911154747009 -0.4576641619205475 -0.6814678311347961
vn -0.5254904627799988 -0.4828678071498871 -0.7004987597465515
vn -0.4686172902584076 -0.43384647369384766 -0.7695291042327881
vn -0.40209776163101196 -0.4004476070404053 -0.8233827352523804
vn -0.36182352900505066 -0.38621002435684204 -0.8484842777252197
vn -0.39640703797340393 -0.3823741674423218 -0.8346564769744873
vn 0.8753836154937744 -0.40284281969070435 -0.26724743843078613
vn -0.44764500856399536 -0.548155665397644 -0.7064980268478394
vn 0.7275695204734802 -0.4164150357246399 -0.5451982021331787
vn -0.4256165325641632 -0.4742039740085602 -0.7707017660140991
vn -0.4615171551704407 -0.4602617621421814 -0.7583937048912048
vn -0.44401106238365173 -0.4480932652950287 -0.7759295105934143
vn -0.40320414304733276 -0.45217081904411316 -0.7955929040908813
vn -0.35874682664871216 -0.46788379549980164 -0.8077038526535034
vn -0.38791710138320923 -0.4385053217411041 -0.8106993436813354
vn 0.6956033706665039 -0.3592031002044678 -0.6221809387207031
vn -0.44541460275650024 -0.43010348081588745 -0.7852495312690735
vn 0.8479291200637817 -0.35468360781669617 -0.3939743638038635
vn -0.4650823473930359 -0.4402516484260559 -0.7680344581604004
vn -0.4357680380344391 -0.5163259506225586 -0.7372338175773621
vn 0.7033949494361877 -0.28743118047714233 -0.6500914096832275
vn -0.476092129945755 -0.4007140100002289 -0.7827928066253662
vn 0.8684307336807251 -0.29529762268066406 -0.39828047156333923
vn -0.5508621335029602 -0.4632834494113922 -0.6942040920257568
vn 0.7165634036064148 -0.2961769700050354 -0.6315188407897949
vn -0.5872818827629089 -0.35479000210762024 -0.7274779081344604
vn 0.6904963254928589 -0.2936256527900696 -0.6610588431358337
vn -0.5991876721382141 -0.2790296971797943 -0.7504109144210815
vn 0.8680880665779114 -0.2599589228630066 -0.42290008068084717
vn -0.6262952089309692 -0.4494817554950714 -0.6369619965553284
vn 0.5895485877990723 -0.2952936291694641 -0.7518205642700195
vn -0.454588383436203 -0.3135991096496582 -0.8336696028709412
vn 0.7952433824539185 -0.2827111482620239 -0.536341667175293
vn -0.6247566342353821 -0.3552183210849762 -0.6953409910202026
vn 0.6201931834220886 -0.38958853483200073 -0.6808680891990662
vn -0.41772276163101196 -0.40613889694213867 -0.8127477169036865
vn 0.791003406047821 -0.3672669231891632 -0.48931455612182617
vn -0.609286367893219 -0.4380629062652588 -0.6609622240066528
vn 0.5862829089164734 -0.5857046842575073 -0.5596627593040466
vn -0.4428139626979828 -0.5342882871627808 -0.7200360894203186
vn 0.3851989805698395 -0.6904603838920593 -0.6122795343399048
vn 0.00587012292817235 -0.6740966439247131 -0.7386198043823242
vn -0.3091675639152527 -0.6260624527931213 -0.7158640027046204
vn 0.7422105073928833 -0.5086720585823059 -0.43632131814956665
vn -0.5867183208465576 -0.5598811507225037 -0.5850595831871033
vn 0.4346206486225128 -0.7303155660629272 -0.5270143151283264
vn 0.15795113146305084 -0.7922996878623962 -0.5893324613571167
vn -0.16717591881752014 -0.7842104434967041 -0.5975501537322998
vn 0.17946772277355194 0.34927406907081604 -0.9196733236312866
vn 0.007575871888548136 0.3741777837276459 -0.9273260235786438
vn -0.15845061838626862 0.3970279395580292 -0.9040255546569824
vn -0.3142383396625519 0.39029935002326965 -0.865402102470398
vn 0.34339281916618347 0.2895299196243286 -0.8934505581855774
vn 0.19608600437641144 0.2641507089138031 -0.9443382024765015
vn 0.05976787582039833 0.2713952660560608 -0.9606104493141174
vn -0.08553524315357208 0.2796826958656311 -0.9562747478485107
vn -0.2541998326778412 0.2937729060649872 -0.9214553236961365
vn -0.4690506160259247 0.32829609513282776 -0.8198860883712769
vn 0.4023708403110504 0.2863636016845703 -0.8695363998413086
vn 0.26851120591163635 0.30333590507507324 -0.914269745349884
vn 0.13013456761837006 0.2704645097255707 -0.9538941383361816
vn 0.0005505396984517574 0.2416420429944992 -0.9703653454780579
vn -0.12707236409187317 0.22102083265781403 -0.9669552445411682
vn -0.271426796913147 0.22839246690273285 -0.9349676370620728
vn -0.44875943660736084 0.3093782961368561 -0.8383913636207581
vn 0.448931485414505 0.2723504900932312 -0.8510497808456421
vn 0.2549126148223877 0.25210845470428467 -0.9335206747055054
vn 0.10242154449224472 0.2275150865316391 -0.9683732390403748
vn -0.0308732520788908 0.22342821955680847 -0.9742313027381897
vn -0.17648644745349884 0.23156888782978058 -0.9566757082939148
vn -0.34823378920555115 0.2664741277694702 -0.8987351059913635
vn -0.5205943584442139 0.31686893105506897 -0.7928276062011719
vn 0.5636515617370605 0.25997912883758545 -0.7840330004692078
vn -0.5364168882369995 0.33045464754104614 -0.7765672206878662
vn 0.6900479197502136 0.17764905095100403 -0.7016229033470154
vn -0.649409294128418 0.33540183305740356 -0.6824758648872375
vn 0.7237913012504578 0.2697056233882904 -0.6351261138916016
vn -0.5512080192565918 0.23686212301254272 -0.8000413775444031
vn -0.6022405624389648 0.26626792550086975 -0.7526006102561951
vn 0.8056825399398804 0.14489498734474182 -0.5743527412414551
vn -0.665821373462677 0.28783681988716125 -0.6883544921875
vn 0.893890380859375 0.15593527257442474 -0.4202905297279358
vn -0.5888485312461853 0.3185281455516815 -0.7428305745124817
vn -0.5878821015357971 0.33199915289878845 -0.7376796007156372
vn 0.9071696996688843 0.094139464199543 -0.4100986123085022
vn -0.6562361121177673 0.36524641513824463 -0.6602644920349121
vn 0.9667701125144958 0.044127002358436584 -0.25181013345718384
vn -0.5574802160263062 0.3406040668487549 -0.757102906703949
vn -0.5852956771850586 0.2963802218437195 -0.7547103762626648
vn 0.9710943102836609 0.019507303833961487 -0.23789791762828827
vn -0.64557284116745 0.37365004420280457 -0.666049063205719
vn 0.9937177300453186 -0.02824435755610466 -0.1082930788397789
vn -0.5903646349906921 0.24869367480278015 -0.7678678631782532
vn 0.9936110377311707 -0.046743206679821014 -0.10272370278835297
vn -0.7088288068771362 0.2519165277481079 -0.6588625907897949
vn 0.9979416131973267 -0.03203299269080162 -0.055555541068315506
vn -0.5551040768623352 0.11261679977178574 -0.82412189245224
vn -0.6327362656593323 0.09290175884962082 -0.7687743902206421
vn -0.7147839069366455 0.14302676916122437 -0.6845635771751404
vn 0.9991880655288696 -0.038980867713689804 -0.01018323004245758
vn -0.6437314748764038 0.08169454336166382 -0.7608783841133118
vn -0.7523580193519592 0.07513119280338287 -0.6544560194015503
vn 0.9998806118965149 -0.013802789151668549 0.006953930947929621
vn -0.5949141383171082 -0.0035345391370356083 -0.8037814497947693
vn -0.7352914214134216 0.026321588084101677 -0.6772397756576538
vn 0.9997923374176025 0.01925104483962059 0.0066876788623631
vn -0.5645774006843567 -0.03503791615366936 -0.8246361017227173
vn -0.7140746116638184 0.020199447870254517 -0.699778139591217
vn 0.9990453720092773 0.04333816468715668 0.005498709622770548
vn -0.5496457815170288 -0.04754955694079399 -0.8340435028076172
vn -0.6265089511871338 -0.011915729381144047 -0.7793232202529907
vn -0.699553370475769 -0.007031987886875868 -0.7145457863807678
vn 0.9986880421638489 0.04959283769130707 0.012755591422319412
vn -0.6452571749687195 -0.02293965220451355 -0.7636209726333618
vn -0.7612890601158142 -0.04828203469514847 -0.6466125845909119
vn 0.9989280104637146 0.0353691503405571 0.0298637505620718
vn -0.6032313704490662 -0.132916659116745 -0.78641277551651
vn -0.7498629689216614 -0.1487397402524948 -0.6446565389633179
vn 0.9986899495124817 0.002205531345680356 0.051122840493917465
vn -0.5890074372291565 -0.22236347198486328 -0.7769328951835632
vn -0.743012011051178 -0.21992173790931702 -0.6321136951446533
vn 0.9967230558395386 -0.04325328394770622 0.06835448741912842
vn -0.6342119574546814 -0.27111437916755676 -0.724066436290741
vn -0.6011356711387634 -0.2537812292575836 -0.7577803134918213
vn -0.7490818500518799 -0.29284748435020447 -0.5942362546920776
vn 0.9936100244522095 -0.08594765514135361 0.07315831631422043
vn -0.4829517900943756 -0.2863709330558777 -0.8274957537651062
vn 0.9832929968833923 -0.17833265662193298 0.03650227561593056
vn -0.6197137236595154 -0.31580647826194763 -0.7184853553771973
vn 0.9611547589302063 -0.27322670817375183 0.039098046720027924
vn -0.4705214500427246 -0.3368005156517029 -0.8155826330184937
vn 0.983121931552887 -0.1557614654302597 0.09596716612577438
vn -0.6162837743759155 -0.3558129370212555 -0.7025607228279114
vn 0.9404087662696838 -0.33707553148269653 -0.044849466532468796
vn -0.4785744249820709 -0.38191139698028564 -0.7906391024589539
vn -0.6187413930892944 -0.3931434154510498 -0.6801450848579407
vn 0.9523521065711975 -0.29717937111854553 -0.06862884014844894
vn -0.4962905943393707 -0.4543389081954956 -0.7397782802581787
vn -0.36742162704467773 -0.558504045009613 -0.7436898350715637
vn -0.4411799907684326 -0.526955246925354 -0.7264147400856018
vn -0.6140992045402527 -0.4585854411125183 -0.6423251628875732
vn 0.9467035531997681 -0.27373626828193665 -0.1697673499584198
vn -0.3570074439048767 -0.5935134887695312 -0.7213095426559448
vn -0.42351049184799194 -0.6631024479866028 -0.6171985268592834
vn -0.37475845217704773 -0.6652184128761292 -0.6457867622375488
vn -0.41779106855392456 -0.6535606384277344 -0.6311173439025879
vn 0.9508269429206848 -0.2194371372461319 -0.21857605874538422
vn -0.5318095684051514 -0.5648095011711121 -0.6310061812400818
vn 0.9498889446258545 -0.18970312178134918 -0.24844267964363098
vn -0.6269611716270447 -0.4983714818954468 -0.5987867116928101
vn 0.8836070895195007 -0.23022659122943878 -0.4077184796333313
vn -0.6985629200935364 -0.4175470769405365 -0.5810889005661011
vn 0.8932338953018188 -0.2855874001979828 -0.3472362756729126
vn -0.7239983081817627 -0.3291734457015991 -0.606194257736206
vn 0.8669164180755615 -0.3665446639060974 -0.3377884328365326
vn -0.7476581931114197 -0.3773531913757324 -0.5464538335800171
vn 0.8288019299507141 -0.4397967457771301 -0.3459281921386719
vn -0.7284107804298401 -0.4746602773666382 -0.4940803349018097
vn 0.6675328612327576 -0.5767714381217957 -0.470887154340744
vn -0.6020697951316833 -0.61915522813797 -0.504141628742218
vn 0.5674495100975037 -0.7063262462615967 -0.4232073128223419
vn -0.4694109261035919 -0.6827569603919983 -0.5599074363708496
vn 0.29607588052749634 -0.850019097328186 -0.43566805124282837
vn -0.003973105922341347 -0.8869550228118896 -0.4618387520313263
vn -0.3067861795425415 -0.8301843404769897 -0.4654849171638489
vn 0.22805672883987427 0.5144121050834656 -0.8266621232032776
vn 0.09214618802070618 0.5320916771888733 -0.8416575789451599
vn -0.06844288110733032 0.5138989686965942 -0.8551160097122192
vn -0.30676791071891785 0.5445845723152161 -0.7805902361869812
vn 0.22724802792072296 0.6583375930786133 -0.7176002264022827
vn 0.06628667563199997 0.6954800486564636 -0.7154813408851624
vn -0.1065690889954567 0.6605300307273865 -0.7431978583335876
vn -0.34182438254356384 0.6460098624229431 -0.6825154423713684
vn 0.33423465490341187 0.45947185158729553 -0.8229051232337952
vn -0.417303204536438 0.5337905883789062 -0.7354764938354492
vn 0.4421120584011078 0.3753255605697632 -0.814657986164093
vn -0.5102753639221191 0.38876357674598694 -0.7671258449554443
vn 0.44790399074554443 0.4882853925228119 -0.7489722967147827
vn -0.5718505382537842 0.5144222378730774 -0.6390279531478882
vn 0.5382571220397949 0.32372817397117615 -0.778125524520874
vn -0.6267316937446594 0.4128187298774719 -0.6608994603157043
vn -0.602565586566925 0.3738214075565338 -0.705104410648346
vn 0.6541987657546997 0.3721833825111389 -0.658409833908081
vn 0.6204943656921387 0.24813608825206757 -0.7439188361167908
vn -0.6199524998664856 0.362164169549942 -0.6960574984550476
vn 0.8060504198074341 0.18508316576480865 -0.5621626973152161
vn -0.6064364314079285 0.37961143255233765 -0.698663055896759
vn 0.7458708882331848 0.2803742587566376 -0.6042077541351318
vn 0.8903278708457947 0.10594011843204498 -0.4428238868713379
vn -0.6938949823379517 0.3576653301715851 -0.6249681711196899
vn 0.9487974047660828 0.047856058925390244 -0.31223928928375244
vn -0.7125540375709534 0.339833527803421 -0.6138241291046143
vn -0.6651637554168701 0.3844653069972992 -0.6401121616363525
vn 0.9849454760551453 -0.01044278871268034 -0.17254970967769623
vn -0.680235743522644 0.4079813063144684 -0.6089586019515991
vn -0.644204318523407 0.4331771433353424 -0.6303637623786926
vn 0.9967631101608276 -0.06041524559259415 -0.05304117500782013
vn -0.689543604850769 0.4035065472126007 -0.6014251708984375
vn -0.6867083311080933 0.3567749857902527 -0.6333587169647217
vn 0.9950693249702454 -0.09515830129384995 0.027964742854237556
vn -0.7665221691131592 0.31634023785591125 -0.558903157711029
vn 0.9960418939590454 -0.08806753903627396 -0.012030797079205513
vn 0.9973182678222656 -0.07148521393537521 0.015688447281718254
vn -0.7877020835876465 0.22166578471660614 -0.5747954845428467
vn -0.7544966340065002 0.17368488013744354 -0.6329047083854675
vn 0.997667133808136 -0.04677438735961914 0.04972459375858307
vn -0.8178561925888062 0.1454918384552002 -0.5567255616188049
vn 0.9986604452133179 -0.010046861134469509 0.05075853317975998
vn -0.8275167346000671 0.08656138926744461 -0.5547280311584473
vn 0.9985066056251526 0.02294733002781868 0.049578260630369186
vn -0.8186593651771545 0.06070118770003319 -0.5710623264312744
vn 0.9974315762519836 0.04087583348155022 0.058816783130168915
vn -0.7974572777748108 0.053332407027482986 -0.6010137796401978
vn -0.7624953985214233 0.05720409005880356 -0.6444598436355591
vn 0.9959191679954529 0.042015597224235535 0.07987337559461594
vn -0.837893009185791 0.028673509135842323 -0.5450809597969055
vn 0.9941744804382324 0.030574146658182144 0.10335584729909897
vn -0.852550208568573 -0.0580076165497303 -0.5194163918495178
vn 0.9927263259887695 0.008015631698071957 0.1201256513595581
vn -0.8490097522735596 -0.14475861191749573 -0.5081608295440674
vn 0.9916173219680786 -0.02121494710445404 0.12745608389377594
vn -0.8423340916633606 -0.22464826703071594 -0.4899045526981354
vn -0.7948241233825684 -0.2883822023868561 -0.5339385271072388
vn 0.9888766407966614 -0.04844553768634796 0.1406271755695343
vn -0.7345765829086304 -0.27610868215560913 -0.6198074221611023
vn 0.9850947856903076 -0.09992118179798126 0.14001460373401642
vn -0.7405694723129272 -0.3121364712715149 -0.5950863361358643
vn 0.9756764769554138 -0.18696174025535583 0.11445847898721695
vn 0.9687748551368713 -0.2394304871559143 0.06440725922584534
vn -0.7308332324028015 -0.35634496808052063 -0.5821520686149597
vn 0.9758538603782654 -0.2182796448469162 0.007952883839607239
vn -0.7194522619247437 -0.4163861572742462 -0.5558876991271973
vn -0.6101466417312622 -0.5185661911964417 -0.5990076661109924
vn 0.9829802513122559 -0.17251010239124298 -0.06316694617271423
vn -0.5156729221343994 -0.5770840644836426 -0.6332893967628479
vn -0.4433625638484955 -0.7245095372200012 -0.5277457237243652
vn -0.39224085211753845 -0.7282897233963013 -0.561908483505249
vn -0.4608495235443115 -0.6854142546653748 -0.5637596845626831
vn -0.5720816850662231 -0.6043688654899597 -0.5544915199279785
vn 0.9830271005630493 -0.1419931799173355 -0.11617125570774078
vn -0.575695276260376 -0.6116739511489868 -0.5426139831542969
vn -0.5418896079063416 -0.647925078868866 -0.5353025197982788
vn 0.9787499308586121 -0.13710497319698334 -0.15248216688632965
vn -0.671572744846344 -0.4997735023498535 -0.5470069050788879
vn 0.9477839469909668 -0.2031874805688858 -0.2458057999610901
vn -0.7289507389068604 -0.43300408124923706 -0.5302247405052185
vn 0.9343985915184021 -0.260240763425827 -0.24325712025165558
vn -0.775709331035614 -0.3803553879261017 -0.5035919547080994
vn -0.74025958776474 -0.4231709837913513 -0.5224387049674988
vn 0.9076549410820007 -0.33083805441856384 -0.25828030705451965
vn -0.7825460433959961 -0.41283226013183594 -0.4660377502441406
vn 0.8689227104187012 -0.4231567978858948 -0.2567325830459595
vn -0.7378445863723755 -0.4963756203651428 -0.45738017559051514
vn 0.7741054892539978 -0.525755763053894 -0.3526211678981781
vn -0.6413884162902832 -0.6052622199058533 -0.47146421670913696
vn 0.6763691902160645 -0.6631755828857422 -0.3205040991306305
vn -0.4849371612071991 -0.7531206607818604 -0.4445731043815613
vn 0.49261000752449036 -0.7909361720085144 -0.3629812002182007
vn 0.13839730620384216 -0.9075522422790527 -0.3964783847332001
vn -0.20014594495296478 -0.8962005972862244 -0.3959370255470276
vn 0.7710254192352295 -0.5781638026237488 -0.2669202983379364
vn -0.6010321378707886 -0.6697918772697449 -0.4360497295856476
vn 0.4847125709056854 -0.8032295107841492 -0.3462311923503876
vn 0.2503080368041992 -0.8964942097663879 -0.36557358503341675
vn -0.04664239287376404 -0.9187827706336975 -0.3919983506202698
vn 0.15104106068611145 0.783524215221405 -0.6027241349220276
vn 0.0674283355474472 0.8144044876098633 -0.5763669013977051
vn -0.055936332792043686 0.8374581933021545 -0.5436312556266785
vn -0.2452520728111267 0.8008469939231873 -0.5463474988937378
vn 0.2917289137840271 0.6468417048454285 -0.7046204805374146
vn -0.45265284180641174 0.7024093866348267 -0.5492963194847107
vn 0.4621291756629944 0.5888910889625549 -0.663056492805481
vn -0.48567289113998413 0.634821891784668 -0.6009352207183838
vn 0.6139383316040039 0.4725395739078522 -0.6322864294052124
vn -0.6035165190696716 0.5542468428611755 -0.5732174515724182
vn 0.7889379858970642 0.4002407491207123 -0.46624478697776794
vn 0.8433430194854736 0.2902379631996155 -0.452254980802536
vn -0.6403546929359436 0.48174571990966797 -0.5982198119163513
vn -0.6621307730674744 0.40757498145103455 -0.6288604736328125
vn -0.6587867140769958 0.4535812735557556 -0.6002200245857239
vn 0.924612283706665 0.1748550981283188 -0.3384048044681549
vn -0.6756182909011841 0.38165247440338135 -0.6307783126831055
vn -0.6826474070549011 0.3683067262172699 -0.6311439275741577
vn -0.7068482637405396 0.35725751519203186 -0.6105183362960815
vn 0.9778496623039246 0.0666126012802124 -0.19842572510242462
vn -0.7278549075126648 0.3377431333065033 -0.596788763999939
vn 0.9967771172523499 -0.01701953075826168 -0.07839484512805939
vn -0.7431122064590454 0.34759628772735596 -0.5718052387237549
vn -0.7036252617835999 0.40723660588264465 -0.582297146320343
vn -0.7187372446060181 0.386698454618454 -0.5778244733810425
vn 0.9972538352012634 -0.07024584710597992 0.023458614945411682
vn -0.6950380206108093 0.416951447725296 -0.5857248902320862
vn -0.6932673454284668 0.4338153898715973 -0.5754865407943726
vn -0.696466326713562 0.4172351658344269 -0.5838232040405273
vn 0.991586446762085 -0.09702017903327942 0.0856936052441597
vn -0.7140398621559143 0.4243921637535095 -0.5568109154701233
vn -0.7362829446792603 0.387455016374588 -0.5547666549682617
vn -0.7459529042243958 0.39325106143951416 -0.5375015139579773
vn 0.9864435791969299 -0.11396101117134094 0.11807627230882645
vn -0.7814922332763672 0.3305467665195465 -0.5291585326194763
vn 0.9910145998001099 -0.11058449000120163 0.07524067163467407
vn 0.9920300841331482 -0.08639687299728394 0.09171655029058456
vn -0.8011749386787415 0.274783730506897 -0.531613290309906
vn -0.8147516846656799 0.21402040123939514 -0.5388644933700562
vn -0.8255545496940613 0.2213558405637741 -0.5190965533256531
vn 0.9951092600822449 -0.04353579506278038 0.08866926282644272
vn -0.8442535400390625 0.15503770112991333 -0.5130295157432556
vn 0.996467649936676 -0.007261438295245171 0.08366350084543228
vn -0.8495475649833679 0.10087086260318756 -0.5177779793739319
vn 0.9955754280090332 0.015867043286561966 0.09261640906333923
vn -0.8464936017990112 0.07889620959758759 -0.5265206098556519
vn 0.9926345348358154 0.024027876555919647 0.11874065548181534
vn -0.8483596444129944 0.08553917706012726 -0.5224643349647522
vn -0.842143177986145 0.08009909093379974 -0.5332719683647156
vn -0.86184161901474 0.0741792842745781 -0.5017235279083252
vn 0.9881467819213867 0.02514778822660446 0.15143853425979614
vn -0.874575138092041 0.02595367841422558 -0.4841950237751007
vn 0.9847557544708252 0.025826020166277885 0.17201504111289978
vn -0.8842924237251282 -0.06647851318120956 -0.46217694878578186
vn 0.9834152460098267 0.016945265233516693 0.1805752068758011
vn -0.8797276020050049 -0.15822604298591614 -0.44837918877601624
vn 0.9827221035957336 -0.0019483689684420824 0.18507716059684753
vn -0.8580319881439209 -0.23058786988258362 -0.4589230418205261
vn -0.8382608890533447 -0.26376843452453613 -0.4772263169288635
vn 0.9822234511375427 -0.03829600661993027 0.18376751244068146
vn -0.8116275072097778 -0.2815786302089691 -0.5118342638015747
vn -0.8335524797439575 -0.2684469521045685 -0.48283183574676514
vn 0.9817495346069336 -0.07880774140357971 0.1730814278125763
vn -0.7948731184005737 -0.31047746539115906 -0.5213257074356079
vn 0.9781008362770081 -0.15330979228019714 0.1407652646303177
vn 0.980202853679657 -0.16271094977855682 0.11281686276197433
vn -0.7824105620384216 -0.34157267212867737 -0.520732045173645
vn 0.9903997182846069 -0.12786240875720978 0.05253235250711441
vn -0.7489916086196899 -0.391554594039917 -0.5345059633255005
vn 0.9954049587249756 -0.09440197795629501 -0.016038648784160614
vn -0.664222240447998 -0.5032231211662292 -0.5527886152267456
vn -0.3749087154865265 -0.7231130003929138 -0.5801302194595337
vn -0.4120798408985138 -0.7105611562728882 -0.5703446865081787
vn -0.524850070476532 -0.6435315012931824 -0.5571353435516357
vn 0.994284987449646 -0.07600004225969315 -0.07497627288103104
vn -0.42168375849723816 -0.6903550028800964 -0.5878714323043823
vn -0.5146845579147339 -0.5771358013153076 -0.6340459585189819
vn -0.4155632257461548 -0.6227307915687561 -0.6629582047462463
vn -0.3910432457923889 -0.67527836561203 -0.6253674030303955
vn -0.4564201831817627 -0.6430934071540833 -0.6149076819419861
vn 0.9878336787223816 -0.0820111483335495 -0.1321316808462143
vn -0.6244598627090454 -0.53013676404953 -0.5735895037651062
vn 0.9694875478744507 -0.16819997131824493 -0.17833322286605835
vn -0.5467309951782227 -0.5111560821533203 -0.6631777286529541
vn -0.4610777199268341 -0.5546726584434509 -0.6926367878913879
vn -0.4275359809398651 -0.5963541269302368 -0.67939293384552
vn 0.9533834457397461 -0.22838611900806427 -0.1972302794456482
vn -0.6624951362609863 -0.4704999625682831 -0.5828636884689331
vn -0.6932477951049805 -0.4390837848186493 -0.5715005397796631
vn 0.9751400351524353 -0.1451895385980606 -0.16739758849143982
vn -0.5966854095458984 -0.4838961958885193 -0.640164852142334
vn -0.49807828664779663 -0.5270711183547974 -0.6885594129562378
vn 0.9246137738227844 -0.3120233416557312 -0.2184741199016571
vn -0.7573553919792175 -0.42133089900016785 -0.4988918900489807
vn -0.6757558584213257 -0.4607745409011841 -0.5753616094589233
vn -0.6032910346984863 -0.48201462626457214 -0.6353753805160522
vn -0.5516289472579956 -0.5048856139183044 -0.6639246940612793
vn 0.9065675139427185 -0.3688414394855499 -0.20516197383403778
vn -0.718589186668396 -0.477838933467865 -0.5052717328071594
vn -0.6639251112937927 -0.4960126578807831 -0.5596203207969666
vn -0.5955511331558228 -0.5118308663368225 -0.6191510558128357
vn 0.8466057181358337 -0.4898846745491028 -0.2080187201499939
vn -0.6615710854530334 -0.5809488892555237 -0.4741540551185608
vn 0.7227286696434021 -0.6237064003944397 -0.29774758219718933
vn -0.5310363173484802 -0.7334199547767639 -0.4243766665458679
vn -0.6309981346130371 -0.5483008623123169 -0.548823893070221
vn 0.6301934719085693 -0.7437636852264404 -0.22287170588970184
vn -0.3347565829753876 -0.8557276129722595 -0.3945482075214386
vn 0.44497382640838623 -0.8646183609962463 -0.23330986499786377
vn 0.13467206060886383 -0.9356022477149963 -0.32636159658432007
vn -0.1370316743850708 -0.9214481711387634 -0.36353209614753723
vn 0.7382991909980774 -0.6540277600288391 -0.16480900347232819
vn -0.462319016456604 -0.7953054904937744 -0.39211004972457886
vn 0.44283628463745117 -0.8829665184020996 -0.15577588975429535
vn 0.21909435093402863 -0.9514384269714355 -0.21624667942523956
vn -0.02332782931625843 -0.9649654030799866 -0.2613379955291748
vn 0.16047820448875427 0.8323666453361511 -0.5304833054542542
vn 0.008674662560224533 0.868125855922699 -0.4962683320045471
vn -0.10887210816144943 0.88686603307724 -0.4490162134170532
vn -0.27455711364746094 0.853191077709198 -0.4434901177883148
vn 0.292170912027359 0.7567433714866638 -0.5847868323326111
vn -0.412250280380249 0.77909916639328 -0.4722861051559448
vn 0.4893634021282196 0.6849626898765564 -0.5397680997848511
vn -0.5279812812805176 0.6646648049354553 -0.5286365747451782
vn 0.44940900802612305 0.7519887089729309 -0.4822288155555725
vn 0.662542998790741 0.5712336897850037 -0.48448824882507324
vn -0.5978518724441528 0.5745950937271118 -0.5589397549629211
vn 0.826069712638855 0.4394210875034332 -0.3528711795806885
vn -0.6335113048553467 0.5117952227592468 -0.5802837610244751
vn 0.697939395904541 0.592536985874176 -0.4022194743156433
vn -0.5985875129699707 0.5766090154647827 -0.5560712218284607
vn 0.9289301037788391 0.265880823135376 -0.2576746642589569
vn -0.6627974510192871 0.4409145414829254 -0.605222225189209
vn -0.6807404160499573 0.38798755407333374 -0.6213357448577881
vn -0.6542880535125732 0.43689846992492676 -0.61727374792099
vn 0.9834837317466736 0.12280508875846863 -0.13296101987361908
vn -0.7111501693725586 0.33191192150115967 -0.6197579503059387
vn -0.6980839371681213 0.2989574372768402 -0.6506175994873047
vn 0.9999225735664368 0.00875488668680191 -0.008843381889164448
vn -0.7330036163330078 0.30288031697273254 -0.6090724468231201
vn -0.7246348857879639 0.3300347328186035 -0.6049638986587524
vn -0.7023345828056335 0.3105347752571106 -0.640542209148407
vn -0.6891157627105713 0.2961185872554779 -0.6613873839378357
vn 0.9936828017234802 -0.06786907464265823 0.08937756717205048
vn -0.6871343851089478 0.3829413950443268 -0.6174157857894897
vn -0.6897318959236145 0.39085644483566284 -0.6095090508460999
vn -0.6809022426605225 0.34588363766670227 -0.6455513834953308
vn 0.9827826619148254 -0.10306653380393982 0.1533481478691101
vn -0.7026838064193726 0.4028836488723755 -0.5864471197128296
vn -0.7216440439224243 0.4116429090499878 -0.5565788745880127
vn 0.9715601801872253 -0.11299043148756027 0.20809604227542877
vn -0.7245475649833679 0.37785056233406067 -0.5764198899269104
vn 0.9799333214759827 -0.10995246469974518 0.1662561595439911
vn -0.749914824962616 0.36805132031440735 -0.5496963858604431
vn 0.9750856161117554 -0.10546580702066422 0.19515368342399597
vn 0.9790849089622498 -0.11430530250072479 0.16830648481845856
vn -0.7793713212013245 0.3172657787799835 -0.5402987599372864
vn 0.9842951893806458 -0.11202219873666763 0.1364332139492035
vn -0.7990692853927612 0.2668866217136383 -0.5387578010559082
vn 0.9792599081993103 -0.10385766625404358 0.17396439611911774
vn -0.7803105115890503 0.29818055033683777 -0.5497307181358337
vn 0.987695574760437 -0.07516804337501526 0.1371394246816635
vn -0.8259705901145935 0.19525273144245148 -0.5288184285163879
vn -0.8117774128913879 0.16951468586921692 -0.5588221549987793
vn 0.9925320744514465 -0.03443536534905434 0.11702278256416321
vn -0.8403590321540833 0.13643750548362732 -0.5245774984359741
vn -0.8218361139297485 0.12197647243738174 -0.5565133690834045
vn 0.9925694465637207 -0.012636914849281311 0.12102150917053223
vn -0.8442240953445435 0.09807903319597244 -0.5269404053688049
vn -0.8240904211997986 0.08485890179872513 -0.5600661039352417
vn 0.988751232624054 -0.006041698157787323 0.14944753050804138
vn -0.8482229709625244 0.07829174399375916 -0.5238207578659058
vn -0.8553141951560974 0.07596809417009354 -0.5125099420547485
vn -0.8404642343521118 0.06304048746824265 -0.5381875038146973
vn -0.8149046301841736 0.054554782807826996 -0.5770218372344971
vn 0.9814416170120239 -0.004607873503118753 0.1917058676481247
vn -0.8608138561248779 0.0522443912923336 -0.5062312483787537
vn -0.8407744765281677 0.018441814929246902 -0.541071355342865
vn 0.9723958373069763 0.004702848382294178 0.23329006135463715
vn -0.8738901615142822 -0.013437301851809025 -0.48593777418136597
vn 0.9569268822669983 0.01051709707826376 0.2901384234428406
vn -0.8555145859718323 -0.0526711605489254 -0.5150927901268005
vn 0.9714145660400391 0.02464195154607296 0.23610708117485046
vn -0.8786261081695557 -0.09578071534633636 -0.4678057134151459
vn 0.959679126739502 0.03603942692279816 0.27877795696258545
vn -0.855857253074646 -0.12340764701366425 -0.5022737383842468
vn 0.9720074534416199 0.027015680447220802 0.23339171707630157
vn -0.8682706952095032 -0.17118725180625916 -0.4656188488006592
vn 0.9640206694602966 0.041986193507909775 0.26249074935913086
vn -0.8434933423995972 -0.1765427142381668 -0.5072983503341675
vn 0.9741038084030151 0.011367736384272575 0.22581523656845093
vn -0.8521324992179871 -0.20896627008914948 -0.47979509830474854
vn 0.9692267775535583 0.025861848145723343 0.24480746686458588
vn -0.8248515129089355 -0.20267902314662933 -0.5277700424194336
vn 0.977111279964447 -0.017821958288550377 0.21198107302188873
vn -0.8366332650184631 -0.2424631118774414 -0.49117860198020935
vn -0.8173028230667114 -0.25365903973579407 -0.5173714756965637
vn 0.9734702110290527 -0.011563160456717014 0.228521466255188
vn -0.7957815527915955 -0.22380661964416504 -0.5627098083496094
vn 0.9774875640869141 -0.05774920433759689 0.2029360979795456
vn -0.8153638243675232 -0.28335335850715637 -0.5048689842224121
vn 0.9789388179779053 -0.11166888475418091 0.17090585827827454
vn 0.9754886627197266 -0.06769994646310806 0.20937664806842804
vn -0.7827085852622986 -0.25768330693244934 -0.5665392279624939
vn -0.7596772313117981 -0.2231214940547943 -0.6108251214027405
vn 0.9858700633049011 -0.08385169506072998 0.1450144201517105
vn -0.7784972190856934 -0.3197951912879944 -0.5400676727294922
vn -0.7391485571861267 -0.3077467083930969 -0.5991255044937134
vn -0.7365022301673889 -0.2576199173927307 -0.6254570484161377
vn 0.9970071911811829 -0.051408324390649796 0.0577402301132679
vn -0.7222299575805664 -0.3827500641345978 -0.576095700263977
vn -0.6894111633300781 -0.37934526801109314 -0.6170975565910339
vn -0.705898106098175 -0.3206630349159241 -0.6315719485282898
vn 0.9995571970939636 -0.025601426139473915 -0.015165342018008232
vn -0.6548126935958862 -0.4614556133747101 -0.5985641479492188
vn -0.6215338706970215 -0.4636172652244568 -0.631470263004303
vn -0.659001350402832 -0.41159313917160034 -0.6295301914215088
vn 0.9962065815925598 -0.013674928806722164 -0.08593914657831192
vn -0.5523790717124939 -0.5716997385025024 -0.6066603064537048
vn -0.5066004395484924 -0.6025377511978149 -0.6166881322860718
vn -0.5887779593467712 -0.5049662590026855 -0.631149411201477
vn 0.990277111530304 -0.02238457091152668 -0.13729603588581085
vn -0.46124327182769775 -0.6103772521018982 -0.6439676880836487
vn -0.4691524803638458 -0.5835385322570801 -0.6628565192222595
vn -0.5208166241645813 -0.5975615382194519 -0.6096476316452026
vn 0.9808694124221802 -0.09926742315292358 -0.1674550175666809
vn -0.4709709584712982 -0.5678397417068481 -0.6750885248184204
vn 0.9680841565132141 -0.1822381615638733 -0.1720532327890396
vn -0.5086135864257812 -0.5804824233055115 -0.635887086391449
vn -0.5740140676498413 -0.6050298810005188 -0.5517668724060059
vn 0.9462987780570984 -0.2704133689403534 -0.177186980843544
vn -0.5302706360816956 -0.5625064373016357 -0.6343497633934021
vn -0.576275646686554 -0.5284400582313538 -0.6234239935874939
vn 0.9661386609077454 -0.18672288954257965 -0.1780748963356018
vn -0.5530240535736084 -0.6046761274337769 -0.573176383972168
vn 0.9125510454177856 -0.36862999200820923 -0.1770947426557541
vn -0.565409243106842 -0.5192359089851379 -0.6408638954162598
vn -0.5481903553009033 -0.5604695081710815 -0.6207747459411621
vn -0.5913023352622986 -0.5549050569534302 -0.5851854085922241
vn 0.8821893930435181 -0.44673413038253784 -0.14889757335186005
vn -0.557092547416687 -0.6191174387931824 -0.55348140001297
vn -0.5816469192504883 -0.6518116593360901 -0.4866502285003662
vn -0.5343930721282959 -0.6317609548568726 -0.5615177154541016
vn -0.5787843465805054 -0.6429201364517212 -0.501659631729126
vn 0.808808445930481 -0.5753612518310547 -0.12160718441009521
vn -0.5516114234924316 -0.7175901532173157 -0.425193190574646
vn 0.6586011648178101 -0.7398719787597656 -0.13723692297935486
vn -0.42631465196609497 -0.8389432430267334 -0.3382751941680908
vn -0.5132293105125427 -0.7590138912200928 -0.40061649680137634
vn 0.5186033844947815 -0.8541667461395264 -0.038074593991041183
vn -0.2699933648109436 -0.9097453355789185 -0.3153839707374573
vn 0.2708565592765808 -0.9607623815536499 -0.059768978506326675
vn 0.0644666999578476 -0.9924069046974182 -0.10475032031536102
vn -0.13619990646839142 -0.9730780124664307 -0.1859269142150879
vn 0.3023567497730255 0.8137637376785278 -0.4963558316230774
vn 0.13037750124931335 0.8569556474685669 -0.4986269474029541
vn -0.04071986675262451 0.8636249899864197 -0.5024875998497009
vn -0.15451392531394958 0.8840881586074829 -0.44103696942329407
vn -0.27618667483329773 0.8642706871032715 -0.4204249382019043
vn 0.30617547035217285 0.838827908039093 -0.4501381516456604
vn 0.06553294509649277 0.8708108067512512 -0.48723092675209045
vn -0.10190623253583908 0.8604141473770142 -0.4993022382259369
vn 0.5139201283454895 0.7393426299095154 -0.43503859639167786
vn -0.3861719071865082 0.8064038753509521 -0.4478661119937897
vn 0.7353196144104004 0.5841227769851685 -0.34366509318351746
vn -0.481077641248703 0.7249888777732849 -0.4929051399230957
vn -0.5532687902450562 0.6415414214134216 -0.53133624792099
vn 0.6070207357406616 0.7054064273834229 -0.36596113443374634
vn -0.4307605028152466 0.7789720892906189 -0.455684095621109
vn 0.8908191919326782 0.3853347599506378 -0.24074530601501465
vn -0.594743013381958 0.5721283555030823 -0.5647566318511963
vn -0.6240032315254211 0.49802258610725403 -0.6021573543548584
vn -0.5836445093154907 0.5701160430908203 -0.5782101154327393
vn 0.9750893712043762 0.19577571749687195 -0.1042720377445221
vn -0.6460221409797668 0.4252777695655823 -0.633872389793396
vn -0.6766659021377563 0.3484739065170288 -0.6486055850982666
vn -0.6349990367889404 0.3967418670654297 -0.6628515124320984
vn -0.6544151902198792 0.3891006410121918 -0.6483375430107117
vn 0.9982001781463623 0.05498145893216133 0.023946817964315414
vn -0.6698166728019714 0.3221513032913208 -0.66900235414505
vn -0.6888097524642944 0.29111310839653015 -0.663923442363739
vn -0.6683778166770935 0.326315313577652 -0.668423056602478
vn 0.9907436966896057 -0.04626515135169029 0.12761877477169037
vn -0.6956079602241516 0.2855616509914398 -0.6592299342155457
vn -0.7174390554428101 0.2797461152076721 -0.6379837989807129
vn 0.9764496684074402 -0.10044264793395996 0.1909380704164505
vn -0.69385826587677 0.3210354149341583 -0.6445905566215515
vn 0.9697852730751038 -0.11815661191940308 0.21343766152858734
vn -0.7139574289321899 0.3455811142921448 -0.6089650988578796
vn 0.9652754664421082 -0.12048336863517761 0.23179104924201965
vn -0.7116076946258545 0.30874380469322205 -0.6311035752296448
vn 0.9659717082977295 -0.11697130650281906 0.23068682849407196
vn -0.7363499402999878 0.3501928150653839 -0.5789246559143066
vn -0.7420492172241211 0.3266749680042267 -0.5853601098060608
vn 0.9725134968757629 -0.09840083122253418 0.2110329121351242
vn -0.7559763789176941 0.3341638445854187 -0.5628803372383118
vn -0.7706173658370972 0.3145146667957306 -0.5542829036712646
vn -0.756284236907959 0.31412437558174133 -0.5738990306854248
vn -0.7428375482559204 0.31455954909324646 -0.5909692645072937
vn 0.9806594252586365 -0.08015579730272293 0.17855580151081085
vn -0.7753755450248718 0.29284366965293884 -0.5594956278800964
vn -0.785467803478241 0.23835457861423492 -0.5711632370948792
vn -0.7587099075317383 0.29097479581832886 -0.5828317999839783
vn 0.9878150224685669 -0.04868759959936142 0.14782115817070007
vn -0.7875244617462158 0.18882466852664948 -0.5866433382034302
vn -0.7854918837547302 0.1773328334093094 -0.5929211974143982
vn 0.9888030290603638 -0.032901205122470856 0.14555475115776062
vn -0.7984969019889832 0.14846637845039368 -0.5834041833877563
vn -0.7931974530220032 0.13967575132846832 -0.5927296876907349
vn 0.9844963550567627 -0.033920273184776306 0.17209409177303314
vn -0.8017010688781738 0.11362476646900177 -0.5868260860443115
vn -0.8020988702774048 0.08621911704540253 -0.5909345746040344
vn -0.7970900535583496 0.11109606176614761 -0.5935530662536621
vn 0.9739128351211548 -0.043280765414237976 0.22275695204734802
vn -0.804642379283905 0.05544067174196243 -0.5911657810211182
vn -0.8168612122535706 0.036207012832164764 -0.5756968259811401
vn 0.9588496685028076 -0.04139120876789093 0.28088104724884033
vn -0.8164975643157959 0.020405123010277748 -0.5769882202148438
vn 0.9532634019851685 -0.021962985396385193 0.30134111642837524
vn 0.9430648684501648 -0.04325099289417267 0.3297848105430603
vn -0.8260121941566467 -0.00915768463164568 -0.5635778903961182
vn 0.943040668964386 -0.014919796958565712 0.3323427736759186
vn -0.8306676745414734 -0.029981067404150963 -0.5559608340263367
vn -0.8327850103378296 -0.05948331952095032 -0.5503916144371033
vn 0.9479423761367798 0.02915976569056511 0.3171039819717407
vn -0.8378629088401794 -0.08772358298301697 -0.538785994052887
vn -0.8332675695419312 -0.10645446181297302 -0.5425242781639099
vn 0.9547499418258667 0.058876149356365204 0.2915237843990326
vn -0.8328267335891724 -0.13934925198554993 -0.5357065200805664
vn -0.8248436450958252 -0.13879744708538055 -0.5480586290359497
vn 0.9629218578338623 0.06198618933558464 0.26256296038627625
vn -0.8170486688613892 -0.17043976485729218 -0.5508010387420654
vn -0.8096030354499817 -0.1526002287864685 -0.5667945742607117
vn 0.9713717699050903 0.03776880353689194 0.2345430552959442
vn -0.7943708896636963 -0.1824379563331604 -0.5793887376785278
vn -0.7915832996368408 -0.1575874239206314 -0.5903914570808411
vn 0.9817220568656921 -0.0071640657261013985 0.1901853084564209
vn -0.7679266929626465 -0.19183558225631714 -0.6111363768577576
vn -0.7739835381507874 -0.17318831384181976 -0.6090610027313232
vn 0.994147002696991 -0.0024491508956998587 0.10800811648368835
vn -0.7416714429855347 -0.21501082181930542 -0.635369062423706
vn -0.7581769227981567 -0.214498370885849 -0.6157582402229309
vn 0.9992937445640564 0.01810390129685402 0.03292810916900635
vn -0.7162490487098694 -0.2729726731777191 -0.6422407627105713
vn -0.7441660761833191 -0.2778852880001068 -0.6074509620666504
vn 0.9980974793434143 0.04187460243701935 -0.0452546589076519
vn -0.6864365935325623 -0.38121339678764343 -0.6192585229873657
vn -0.6661933660507202 -0.462196409702301 -0.5852869749069214
vn -0.7340043783187866 -0.35823455452919006 -0.5769796967506409
vn 0.991672158241272 0.04544368013739586 -0.12050408869981766
vn -0.607667863368988 -0.5083074569702148 -0.6102157831192017
vn -0.5418646335601807 -0.593793511390686 -0.5948041677474976
vn -0.6006818413734436 -0.5685961246490479 -0.5620319843292236
vn 0.9831993579864502 0.0037293608766049147 -0.1824967861175537
vn -0.5383679866790771 -0.6276313066482544 -0.5623512268066406
vn -0.5135544538497925 -0.672753095626831 -0.5326021909713745
vn -0.5628822445869446 -0.6603975892066956 -0.49702978134155273
vn 0.9750394821166992 -0.0732245221734047 -0.20960959792137146
vn -0.5939508080482483 -0.6127261519432068 -0.5213339328765869
vn -0.6265077590942383 -0.6427591443061829 -0.44084998965263367
vn 0.965138852596283 -0.1900983601808548 -0.1799156218767166
vn -0.6164372563362122 -0.6360277533531189 -0.46419158577919006
vn 0.9513543844223022 -0.25798285007476807 -0.1684330552816391
vn -0.603220522403717 -0.6111786365509033 -0.5124313235282898
vn 0.9227046966552734 -0.3632892072200775 -0.12898458540439606
vn -0.6223270297050476 -0.583650529384613 -0.521594762802124
vn 0.9479454159736633 -0.2851807773113251 -0.14167356491088867
vn -0.6427479386329651 -0.6377944946289062 -0.4243741035461426
vn 0.8787755966186523 -0.4710853099822998 -0.07636832445859909
vn -0.6638458371162415 -0.5900892615318298 -0.45945990085601807
vn -0.5324841141700745 -0.7265106439590454 -0.43433046340942383
vn -0.6220126152038574 -0.6858462691307068 -0.37777674198150635
vn 0.8138308525085449 -0.5810245275497437 -0.009484648704528809
vn -0.5257771611213684 -0.7308031320571899 -0.435298889875412
vn 0.7139595150947571 -0.6995254755020142 -0.030431170016527176
vn -0.4020218551158905 -0.8836522102355957 -0.23986923694610596
vn -0.46788710355758667 -0.8331307172775269 -0.29491499066352844
vn -0.4869707524776459 -0.810125470161438 -0.32642942667007446
vn 0.5445707440376282 -0.8373595476150513 0.047664038836956024
vn -0.28513625264167786 -0.9309808015823364 -0.22797392308712006
vn 0.315223753452301 -0.9477701187133789 0.04863935336470604
vn 0.11093392223119736 -0.9934835433959961 0.02615749090909958
vn -0.07983867824077606 -0.9956066012382507 -0.04892125353217125
vn -0.23578698933124542 -0.963631272315979 -0.12577448785305023
vn 0.32737088203430176 0.8557859063148499 -0.40057313442230225
vn 0.11912567168474197 0.8835955262184143 -0.45284441113471985
vn -0.030354289337992668 0.8857617974281311 -0.4631465673446655
vn 0.5062828660011292 0.7778440117835999 -0.3723390996456146
vn -0.15949542820453644 0.8706351518630981 -0.46535542607307434
vn 0.7453014850616455 0.6237265467643738 -0.23556506633758545
vn -0.20214740931987762 0.8597254753112793 -0.46905070543289185
vn -0.26863908767700195 0.8642736077308655 -0.42528125643730164
vn -0.3500809073448181 0.8355955481529236 -0.42334792017936707
vn 0.842182993888855 0.49159422516822815 -0.221501424908638
vn -0.42053475975990295 0.7861949801445007 -0.4528222382068634
vn -0.4905638098716736 0.7167248129844666 -0.49563372135162354
vn -0.545214056968689 0.638248085975647 -0.5434896945953369
vn -0.44296321272850037 0.7641247510910034 -0.46893173456192017
vn 0.9552640914916992 0.28128781914711 -0.09136588126420975
vn -0.5752630829811096 0.572902500629425 -0.5838280320167542
vn -0.6088200807571411 0.4950430393218994 -0.6198955178260803
vn -0.6146116852760315 0.4765855371952057 -0.6285846829414368
vn -0.580535888671875 0.565606415271759 -0.585719645023346
vn 0.9922448992729187 0.11858386546373367 0.03725619614124298
vn -0.6600945591926575 0.44622722268104553 -0.6042817234992981
vn 0.9900853633880615 -0.0054014259949326515 0.14036323130130768
vn -0.6914476156234741 0.33895251154899597 -0.6379745602607727
vn -0.7078580260276794 0.28083279728889465 -0.6481280326843262
vn -0.7309558987617493 0.294820636510849 -0.6154545545578003
vn 0.9746957421302795 -0.08442077785730362 0.20698152482509613
vn -0.7427975535392761 0.27539926767349243 -0.6102516055107117
vn 0.9660826325416565 -0.11529474705457687 0.23106613755226135
vn 0.9642614722251892 -0.1202472597360611 0.23609402775764465
vn -0.7366591095924377 0.29180601239204407 -0.6100677251815796
vn -0.7368217706680298 0.31894391775131226 -0.5961279273033142
vn -0.7434180378913879 0.29891645908355713 -0.5983130931854248
vn 0.971468985080719 -0.10047607868909836 0.2148316502571106
vn -0.7380949854850769 0.31565773487091064 -0.5963020324707031
vn -0.7353049516677856 0.3228090703487396 -0.595920205116272
vn 0.9792062640190125 -0.07542938739061356 0.18832293152809143
vn -0.7316570281982422 0.3183307349681854 -0.6027798652648926
vn 0.9844629764556885 -0.05370943248271942 0.16717660427093506
vn -0.7448131442070007 0.28512081503868103 -0.6032905578613281
vn -0.7703914642333984 0.22380459308624268 -0.5969995856285095
vn -0.7561445236206055 0.24760645627975464 -0.6057528257369995
vn 0.9855680465698242 -0.04338662698864937 0.16362550854682922
vn -0.7760991454124451 0.2061031609773636 -0.595979630947113
vn 0.980872631072998 -0.05088551342487335 0.18788175284862518
vn -0.788444995880127 0.16357657313346863 -0.5929564237594604
vn 0.9684385061264038 -0.07464282959699631 0.23781384527683258
vn -0.795434296131134 0.1202998161315918 -0.5939800143241882
vn -0.8043985962867737 0.07680927962064743 -0.5891037583351135
vn -0.8101532459259033 0.09289326518774033 -0.5788113474845886
vn 0.9445875287055969 -0.10021863877773285 0.31258711218833923
vn -0.8254748582839966 0.058920521289110184 -0.5613551735877991
vn 0.9363376498222351 -0.07565619051456451 0.34285277128219604
vn 0.9308701157569885 -0.05317562073469162 0.3614599406719208
vn -0.8361205458641052 0.016699492931365967 -0.5482914447784424
vn 0.9359370470046997 0.00534641370177269 0.35212671756744385
vn -0.8435025215148926 -0.0316852405667305 -0.5361897945404053
vn 0.9461463689804077 0.06297951191663742 0.31755420565605164
vn -0.8478512167930603 -0.07781978696584702 -0.524492621421814
vn 0.9566440582275391 0.09182685613632202 0.2764054536819458
vn -0.8469794988632202 -0.11137337982654572 -0.5198284983634949
vn 0.9677440524101257 0.08831264078617096 0.2359497845172882
vn -0.8412880897521973 -0.12767744064331055 -0.5252931714057922
vn 0.9792576432228088 0.06884142756462097 0.19056598842144012
vn -0.8332571983337402 -0.13155467808246613 -0.5370063781738281
vn 0.9891947507858276 0.053221315145492554 0.13660629093647003
vn -0.8253144025802612 -0.1379009336233139 -0.5475759506225586
vn 0.9955083727836609 0.059249766170978546 0.07384141534566879
vn -0.8183695077896118 -0.1653003990650177 -0.5504063963890076
vn 0.9964364171028137 0.08428347855806351 0.003282461315393448
vn -0.8120898604393005 -0.22607377171516418 -0.5379598736763
vn 0.9909040927886963 0.11197002977132797 -0.07464471459388733
vn -0.8068180680274963 -0.32945704460144043 -0.490410715341568
vn -0.731661856174469 -0.4420166313648224 -0.5189337730407715
vn 0.9773790836334229 0.11430705338716507 -0.17794378101825714
vn -0.6816596388816833 -0.5151153206825256 -0.5196117758750916
vn 0.9663816094398499 0.19608904421329498 -0.1662999391555786
vn -0.7120368480682373 -0.5435615181922913 -0.44445985555648804
vn 0.975029706954956 0.01280895248055458 -0.22170479595661163
vn -0.6722800135612488 -0.5781127214431763 -0.46241244673728943
vn -0.5398935079574585 -0.7434403896331787 -0.39472952485084534
vn -0.6302172541618347 -0.6803863048553467 -0.37403300404548645
vn 0.97541743516922 0.09543406218290329 -0.19862835109233856
vn 0.9708371162414551 -0.10207433253526688 -0.2169242650270462
vn -0.5781754851341248 -0.7152606248855591 -0.3925754427909851
vn -0.6721556782722473 -0.67423415184021 -0.30596572160720825
vn 0.9813373684883118 -0.004397566430270672 -0.19224373996257782
vn -0.4910637438297272 -0.8215846419334412 -0.28957751393318176
vn 0.9557703137397766 -0.23751987516880035 -0.17345724999904633
vn -0.6635730862617493 -0.6731608510017395 -0.32638198137283325
vn 0.9795715808868408 -0.11021498590707779 -0.1682029366493225
vn -0.6883331537246704 -0.6933279037475586 -0.21329304575920105
vn 0.9421416521072388 -0.32126811146736145 -0.09568651765584946
vn -0.6878713369369507 -0.6439341902732849 -0.3349354565143585
vn 0.9156475067138672 -0.39040902256965637 -0.09576213359832764
vn -0.7025998830795288 -0.6535477042198181 -0.28147631883621216
vn 0.8684957027435303 -0.4956326186656952 -0.007972866296768188
vn -0.6629562377929688 -0.6863040328025818 -0.29912513494491577
vn -0.6220566034317017 -0.7355918288230896 -0.2682356536388397
vn 0.9062686562538147 -0.42236077785491943 -0.016985110938549042
vn -0.67698734998703 -0.7156360149383545 -0.17191047966480255
vn 0.8011593222618103 -0.5909410715103149 0.09451144188642502
vn -0.5313355326652527 -0.8005152940750122 -0.27723243832588196
vn 0.7106652855873108 -0.6966264247894287 0.09831812977790833
vn -0.4553780257701874 -0.8801940083503723 -0.13375118374824524
vn -0.47542446851730347 -0.8674811720848083 -0.14645150303840637
vn -0.5725505352020264 -0.8081698417663574 -0.1380123645067215
vn 0.5427139401435852 -0.8267529010772705 0.14812619984149933
vn -0.32807764410972595 -0.9386342167854309 -0.10644641518592834
vn 0.3352501392364502 -0.9326423406600952 0.13336262106895447
vn 0.16383792459964752 -0.9779276251792908 0.12967155873775482
vn 0.008807499893009663 -0.9962929487228394 0.08557317405939102
vn -0.1430315226316452 -0.9891757965087891 0.03275933116674423
vn 0.40414518117904663 -0.8848670125007629 0.23168312013149261
vn -0.3183504343032837 -0.9479376077651978 -0.008201959542930126
vn 0.4391193389892578 0.8345502614974976 -0.3327164053916931
vn 0.15626260638237 0.88777756690979 -0.43293535709381104
vn -0.05529545992612839 0.8907542824745178 -0.4511089026927948
vn 0.6015646457672119 0.7561700940132141 -0.257539838552475
vn -0.18845924735069275 0.8689906597137451 -0.457535058259964
vn 0.8266529440879822 0.5531978607177734 -0.10303986072540283
vn -0.25241732597351074 0.8489980697631836 -0.4642066955566406
vn -0.2875925600528717 0.8490728139877319 -0.4431318938732147
vn -0.3301623463630676 0.842839777469635 -0.4249870181083679
vn -0.3853774070739746 0.8152812719345093 -0.43220460414886475
vn -0.2653801143169403 0.8522450923919678 -0.4508344531059265
vn 0.9112755060195923 0.4029616713523865 -0.08484607934951782
vn -0.4329908788204193 0.7761037349700928 -0.45845597982406616
vn -0.4941084682941437 0.7112178802490234 -0.5000259280204773
vn -0.5324409604072571 0.657437801361084 -0.5331811904907227
vn -0.4646476209163666 0.7551073431968689 -0.46250995993614197
vn 0.9770954251289368 0.20798470079898834 0.0450216569006443
vn -0.5747734904289246 0.6132410168647766 -0.5418218374252319
vn -0.6354785561561584 0.5324131846427917 -0.5591988563537598
vn -0.6298577785491943 0.599332332611084 -0.4940445125102997
vn 0.9875954985618591 0.06307916343212128 0.1437922716140747
vn -0.6738455295562744 0.45925626158714294 -0.578805685043335
vn -0.7164691686630249 0.36480674147605896 -0.5946326851844788
vn -0.7205944657325745 0.43299922347068787 -0.5415306091308594
vn 0.9785969853401184 -0.036100856959819794 0.20259502530097961
vn -0.7558687925338745 0.3304785490036011 -0.5651959180831909
vn 0.9689911007881165 -0.09033211320638657 0.22999213635921478
vn -0.7500894665718079 0.29298925399780273 -0.5928938388824463
vn 0.9653398990631104 -0.11408937722444534 0.23473934829235077
vn -0.7477936148643494 0.28433194756507874 -0.5999667048454285
vn -0.745924174785614 0.28589287400245667 -0.6015499830245972
vn 0.969635009765625 -0.10745781660079956 0.2196834832429886
vn -0.7430510520935059 0.29060888290405273 -0.6028445959091187
vn 0.9780067801475525 -0.08276273310184479 0.19144997000694275
vn -0.7341151833534241 0.30507543683052063 -0.6066332459449768
vn -0.7223164439201355 0.3292125165462494 -0.608176052570343
vn -0.7129550576210022 0.3235262334346771 -0.6221140623092651
vn 0.982797384262085 -0.06168537959456444 0.17408105731010437
vn -0.7226888537406921 0.31517770886421204 -0.6151291131973267
vn -0.7401475310325623 0.28386783599853516 -0.6095905900001526
vn -0.7280279397964478 0.2957910895347595 -0.6184520721435547
vn 0.9832808375358582 -0.051730625331401825 0.17459306120872498
vn -0.7547073364257812 0.2470121681690216 -0.6077843308448792
vn 0.9786952137947083 -0.05944383144378662 0.19652514159679413
vn -0.7769697308540344 0.18991197645664215 -0.6002095341682434
vn -0.7936285138130188 0.15546631813049316 -0.588204026222229
vn 0.9631798267364502 -0.09500110149383545 0.25151440501213074
vn -0.791706383228302 0.15296459197998047 -0.5914413332939148
vn -0.8055208325386047 0.1209973618388176 -0.5800825953483582
vn 0.9236413836479187 -0.15810953080654144 0.34912464022636414
vn -0.8093082308769226 0.12982210516929626 -0.5728580951690674
vn 0.9403886795043945 -0.12311608344316483 0.3170356750488281
vn -0.8261927366256714 0.08953296393156052 -0.5562278032302856
vn 0.9016264081001282 -0.1665174663066864 0.39917635917663574
vn 0.9180218577384949 -0.14620907604694366 0.368590384721756
vn -0.8422680497169495 0.042133964598178864 -0.5374097228050232
vn 0.9109613299369812 -0.11902378499507904 0.3949466943740845
vn 0.8921173214912415 -0.16400036215782166 0.4209875464439392
vn -0.8669873476028442 0.0015008687041699886 -0.4983278810977936
vn 0.917679488658905 -0.03913668170571327 0.39538925886154175
vn -0.8571260571479797 -0.006885850336402655 -0.5150606632232666
vn 0.9144352078437805 0.004070773720741272 0.4047118127346039
vn -0.8835177421569824 -0.039037346839904785 -0.46676817536354065
vn 0.9320964813232422 0.048484332859516144 0.35895049571990967
vn -0.8679303526878357 -0.05366229638457298 -0.49377867579460144
vn 0.9299259781837463 0.1016760990023613 0.353411465883255
vn -0.8966190218925476 -0.07744864374399185 -0.43597716093063354
vn 0.9465075731277466 0.12233499437570572 0.29859277606010437
vn -0.8743643164634705 -0.09018402546644211 -0.4768165051937103
vn 0.9369080662727356 0.17217007279396057 0.30423811078071594
vn -0.906979501247406 -0.10330662876367569 -0.4083086848258972
vn 0.9613680243492126 0.12329176813364029 0.24611108005046844
vn -0.877540647983551 -0.11054375022649765 -0.46658602356910706
vn -0.9164828062057495 -0.11388251185417175 -0.3835233449935913
vn 0.9708714485168457 0.12567944824695587 0.20399363338947296
vn -0.8794825077056885 -0.11602827161550522 -0.46157127618789673
vn -0.9266688823699951 -0.11282771080732346 -0.35854536294937134
vn 0.9816455245018005 0.10863053053617477 0.15675294399261475
vn -0.8815359473228455 -0.11566182225942612 -0.4577299952507019
vn -0.9363183379173279 -0.10737988352775574 -0.3343313932418823
vn 0.9885703921318054 0.10134127736091614 0.11161763966083527
vn -0.8831613659858704 -0.12464266270399094 -0.45220595598220825
vn -0.9422988295555115 -0.1117016151547432 -0.31558793783187866
vn 0.9916298389434814 0.11419330537319183 0.06025087088346481
vn -0.8818788528442383 -0.15922807157039642 -0.44377484917640686
vn -0.9425395131111145 -0.141566202044487 -0.3026190996170044
vn 0.9890226125717163 0.14772412180900574 0.0034445805940777063
vn -0.873911440372467 -0.2313850224018097 -0.42748066782951355
vn -0.9365586638450623 -0.20996098220348358 -0.28066757321357727
vn 0.9762560129165649 0.20360951125621796 -0.07394150644540787
vn -0.8600149154663086 -0.3522973954677582 -0.36913537979125977
vn 0.9676241874694824 0.2474687546491623 -0.04962458088994026
vn -0.919049859046936 -0.33400312066078186 -0.20925897359848022
vn 0.9780866503715515 0.17146509885787964 -0.11809448152780533
vn -0.8132781386375427 -0.455837607383728 -0.3616500496864319
vn -0.7662572860717773 -0.5673602819442749 -0.30158281326293945
vn 0.9899998903274536 0.0882517397403717 -0.11005374789237976
vn -0.6796981692314148 -0.6679213643074036 -0.30313605070114136
vn -0.634713351726532 -0.7333174347877502 -0.2436896115541458
vn -0.7141409516334534 -0.6813667416572571 -0.16044394671916962
vn 0.9954691529273987 0.0013394113630056381 -0.09507595002651215
vn -0.5520288944244385 -0.7961588501930237 -0.24778048694133759
vn -0.555932879447937 -0.8172181248664856 -0.1519641876220703
vn -0.5944754481315613 -0.7950693368911743 -0.12026574462652206
vn 0.9923248291015625 -0.11376398801803589 -0.04846913367509842
vn -0.6740020513534546 -0.711273193359375 -0.19952870905399323
vn 0.9668827056884766 -0.23413807153701782 -0.1015738770365715
vn -0.7012321352958679 -0.7052789330482483 -0.10418768227100372
vn 0.932815432548523 -0.35750719904899597 -0.045209988951683044
vn -0.702430248260498 -0.686859130859375 -0.18659138679504395
vn 0.9004340767860413 -0.4317966103553772 0.052633389830589294
vn -0.7331134080886841 -0.6662113666534424 -0.13677409291267395
vn 0.8533259034156799 -0.5165385603904724 0.07087293267250061
vn -0.6825594305992126 -0.7260873913764954 -0.08312460780143738
vn 0.7902126312255859 -0.5962868332862854 0.14144253730773926
vn -0.6595290899276733 -0.7426468729972839 -0.11617665737867355
vn 0.7048501968383789 -0.6806360483169556 0.19980186223983765
vn 0.5879713892936707 -0.7731536030769348 0.237746000289917
vn -0.48568448424339294 -0.8741331100463867 0.0014048836892470717
vn -0.5568655133247375 -0.830259382724762 -0.023878272622823715
vn 0.406187504529953 -0.8719075322151184 0.27347588539123535
vn -0.4047771990299225 -0.9141978025436401 0.019945530220866203
vn 0.22827932238578796 -0.9492453336715698 0.21638359129428864
vn 0.06892911344766617 -0.9827805757522583 0.1714385747909546
vn -0.07653671503067017 -0.9878658056259155 0.1351420283317566
vn -0.23230090737342834 -0.967024028301239 0.10440690815448761
vn 0.5479897856712341 0.796430766582489 -0.2557445466518402
vn 0.28767356276512146 0.8744898438453674 -0.3905271589756012
vn 0.0028215558268129826 0.8726404309272766 -0.4883550703525543
vn -0.2292046993970871 0.8499060273170471 -0.47447332739830017
vn 0.09337835013866425 0.893451452255249 -0.4393461048603058
vn -0.10008339583873749 0.8646222949028015 -0.4923531413078308
vn -0.2609679102897644 0.8403940796852112 -0.4750089645385742
vn 0.7303414344787598 0.6682919263839722 -0.1413763165473938
vn -0.29428088665008545 0.854168713092804 -0.4287128150463104
vn 0.8829516768455505 0.46903786063194275 0.019997885450720787
vn -0.3032177984714508 0.8421043753623962 -0.44600367546081543
vn -0.3302026093006134 0.8375179171562195 -0.4353504180908203
vn -0.3725275993347168 0.8244394063949585 -0.42605501413345337
vn -0.411518394947052 0.8100691437721252 -0.41766080260276794
vn -0.32429617643356323 0.8443552851676941 -0.42649295926094055
vn -0.34889793395996094 0.8351292014122009 -0.4252404570579529
vn -0.391415536403656 0.8207234740257263 -0.41618141531944275
vn 0.9434173703193665 0.3291976749897003 0.039906810969114304
vn -0.47322529554367065 0.7718372941017151 -0.42464691400527954
vn -0.5269894003868103 0.7105307579040527 -0.466292142868042
vn -0.5630369186401367 0.6851485967636108 -0.46212640404701233
vn 0.9500955939292908 0.282581627368927 0.13215932250022888
vn -0.5305225849151611 0.7485705614089966 -0.39772844314575195
vn 0.9768266677856445 0.15685774385929108 0.1456204652786255
vn -0.6343937516212463 0.6284657120704651 -0.4500839114189148
vn -0.6672447323799133 0.5425472259521484 -0.5103204846382141
vn 0.9737473726272583 0.12370017170906067 0.19108721613883972
vn 0.978579580783844 0.033090464770793915 0.20319226384162903
vn -0.7122818231582642 0.46693193912506104 -0.524050772190094
vn 0.9751921892166138 0.012765233404934406 0.22099150717258453
vn 0.9723408222198486 -0.046329546719789505 0.22892557084560394
vn -0.7250350117683411 0.3746263384819031 -0.5779095888137817
vn -0.7358970642089844 0.3123168349266052 -0.6007609367370605
vn 0.9721510410308838 -0.054620128124952316 0.22790133953094482
vn -0.7198950052261353 0.3446084260940552 -0.6024917960166931
vn 0.9680455327033997 -0.08653271943330765 0.2353721410036087
vn -0.727874219417572 0.29728075861930847 -0.6179184913635254
vn 0.9678543210029602 -0.10410279780626297 0.22895565629005432
vn 0.9709046483039856 -0.08692142367362976 0.22313420474529266
vn 0.976020097732544 -0.08635140210390091 0.1998206377029419
vn -0.72525554895401 0.2793373167514801 -0.6292654871940613
vn -0.693490207195282 0.31102511286735535 -0.6498728394508362
vn -0.689048707485199 0.2899456322193146 -0.6641862392425537
vn 0.9817070364952087 -0.0720750167965889 0.17622877657413483
vn -0.6889568567276001 0.3276337683200836 -0.646524965763092
vn -0.7073296308517456 0.32099297642707825 -0.6298002004623413
vn -0.6819818019866943 0.30942949652671814 -0.6626871228218079
vn 0.981675386428833 -0.0647052675485611 0.17923909425735474
vn -0.7118145823478699 0.280204176902771 -0.6440540552139282
vn 0.9765217900276184 -0.06863562017679214 0.20419199764728546
vn -0.7493905425071716 0.2175620049238205 -0.625364363193512
vn -0.775675892829895 0.17975226044654846 -0.604992687702179
vn -0.7724088430404663 0.17858700454235077 -0.6095008254051208
vn 0.9639695882797241 -0.09063303470611572 0.2500965893268585
vn -0.7920955419540405 0.1502741575241089 -0.5916099548339844
vn 0.9424738883972168 -0.135361909866333 0.3056471049785614
vn 0.9356217980384827 -0.13837319612503052 0.32475337386131287
vn 0.9058237671852112 -0.1844797283411026 0.38137978315353394
vn -0.8140543103218079 0.11614455282688141 -0.5690571069717407
vn 0.8818312287330627 -0.2023070603609085 0.42596435546875
vn -0.8342648148536682 0.0729539766907692 -0.5465161800384521
vn -0.8528486490249634 0.036027807742357254 -0.5209137797355652
vn -0.8571195006370544 0.043001431971788406 -0.513319730758667
vn 0.8720964789390564 -0.17909781634807587 0.4553808867931366
vn -0.8770909905433655 0.0076293651945889 -0.4802636504173279
vn 0.8930779695510864 -0.09405764192342758 0.43996015191078186
vn 0.8785598278045654 -0.13386811316013336 0.458488792181015
vn 0.9004613757133484 -0.05486547574400902 0.43146151304244995
vn -0.8938890099525452 -0.031208481639623642 -0.4472007155418396
vn 0.9172422289848328 0.05667228624224663 0.39427778124809265
vn -0.9101737141609192 -0.07203041762113571 -0.40791600942611694
vn 0.9270277619361877 0.17241141200065613 0.3330073058605194
vn -0.9254618883132935 -0.10615723580121994 -0.3636632561683655
vn 0.937919020652771 0.2145383208990097 0.27254581451416016
vn 0.9539130926132202 0.18141339719295502 0.2390376329421997
vn -0.9394871592521667 -0.12466313689947128 -0.3190971612930298
vn 0.940234899520874 0.24293948709964752 0.23861858248710632
vn 0.971004843711853 0.1567368358373642 0.1805080622434616
vn -0.953428328037262 -0.13035963475704193 -0.27199414372444153
vn 0.9772546887397766 0.14932683110237122 0.15058162808418274
vn -0.9674813747406006 -0.12193561345338821 -0.2216111719608307
vn 0.9828298687934875 0.1432133913040161 0.1163419634103775
vn -0.9779846668243408 -0.10331782698631287 -0.18130484223365784
vn 0.9835917949676514 0.15826982259750366 0.08659002929925919
vn -0.982912003993988 -0.09609870612621307 -0.15700018405914307
vn 0.9785139560699463 0.19728046655654907 0.05992455407977104
vn -0.9830805063247681 -0.12218970060348511 -0.1364639699459076
vn 0.9653528928756714 0.2559639811515808 0.05075661838054657
vn -0.9734558463096619 -0.20911815762519836 -0.09302365034818649
vn 0.9608249664306641 0.26801958680152893 0.07057566940784454
vn -0.9219707250595093 -0.3863140046596527 -0.027046332135796547
vn 0.9811288118362427 0.19298726320266724 -0.01192192267626524
vn -0.8571828007698059 -0.4797220826148987 -0.18736152350902557
vn 0.993804931640625 0.11099517345428467 0.005646623205393553
vn -0.8178093433380127 -0.565573513507843 -0.10637009143829346
vn -0.7116627097129822 -0.7013232707977295 -0.04101027548313141
vn 0.9993340373039246 0.017166372388601303 0.03220024332404137
vn -0.6700024008750916 -0.7357074618339539 -0.09915318340063095
vn -0.6207338571548462 -0.7840211391448975 -0.0006046236376278102
vn -0.6005650758743286 -0.7994316816329956 -0.015186784788966179
vn 0.9893383383750916 -0.1244087815284729 0.07571061700582504
vn -0.6604369878768921 -0.7482841610908508 -0.062400031834840775
vn 0.9601099491119385 -0.2781427204608917 0.02873160131275654
vn -0.7015604376792908 -0.7125374674797058 -0.010164921171963215
vn 0.9124497771263123 -0.3937672972679138 0.11127784103155136
vn -0.7233191132545471 -0.6881017684936523 -0.05766655132174492
vn 0.8780444264411926 -0.45146888494491577 0.15878872573375702
vn -0.7225708365440369 -0.6909433603286743 -0.022105950862169266
vn 0.8342830538749695 -0.5309687852859497 0.14847218990325928
vn -0.688093364238739 -0.7255327105522156 0.011393235065042973
vn 0.7515128254890442 -0.6307076811790466 0.19348500669002533
vn -0.6370510458946228 -0.7708215713500977 -0.00023920366948004812
vn 0.6755367517471313 -0.7015606164932251 0.22685453295707703
vn 0.5635753870010376 -0.7816517353057861 0.2672140896320343
vn -0.469373494386673 -0.8797828555107117 0.07530377805233002
vn -0.5572481751441956 -0.8289589285850525 0.047974858433008194
vn 0.41482675075531006 -0.8709993362426758 0.26320895552635193
vn -0.36838769912719727 -0.9242941737174988 0.09985381364822388
vn 0.25901174545288086 -0.9347173571586609 0.24334417283535004
vn 0.1097666397690773 -0.9719801545143127 0.20786039531230927
vn -0.04073182865977287 -0.9834967851638794 0.17628106474876404
vn -0.19929315149784088 -0.9686282873153687 0.14846403896808624
vn 0.14936234056949615 0.9359976053237915 -0.31874653697013855
vn -0.052457816898822784 0.925036609172821 -0.37623852491378784
vn -0.2053476870059967 0.8928410410881042 -0.4008331596851349
vn 0.32069775462150574 0.883881688117981 -0.34044983983039856
vn -0.32647186517715454 0.8572210073471069 -0.39823147654533386
vn 0.5654814839363098 0.7972185611724854 -0.21136045455932617
vn -0.3192138969898224 0.8556961417198181 -0.4072917699813843
vn -0.3373492956161499 0.8554110527038574 -0.39302343130111694
vn -0.366672545671463 0.8426964282989502 -0.3942257761955261
vn 0.7403464317321777 0.664556086063385 -0.10125447064638138
vn -0.41538774967193604 0.8297688364982605 -0.37274226546287537
vn -0.4309900999069214 0.8137524127960205 -0.3899416923522949
vn -0.46606680750846863 0.8029454946517944 -0.3715646266937256
vn 0.8871777057647705 0.4599204361438751 0.03726799041032791
vn -0.5414466857910156 0.7705518007278442 -0.33628183603286743
vn -0.5799770355224609 0.7126277685165405 -0.39470022916793823
vn 0.9600043892860413 0.2422395646572113 0.1403978019952774
vn -0.5976939797401428 0.7101022601127625 -0.37217825651168823
vn -0.6355511546134949 0.6205527186393738 -0.4593356251716614
vn 0.9781408309936523 0.09154490381479263 0.18670856952667236
vn -0.6581356525421143 0.5257290005683899 -0.5389494299888611
vn -0.688561201095581 0.4409020245075226 -0.5757507085800171
vn -0.6358768939971924 0.5619808435440063 -0.5289974212646484
vn 0.9796539545059204 -0.004118562210351229 0.20065179467201233
vn -0.6883953809738159 0.3687516748905182 -0.6246070861816406
vn -0.6363176107406616 0.3834265470504761 -0.6693907380104065
vn 0.9796792268753052 -0.05843958631157875 0.19186829030513763
vn -0.6862130165100098 0.2971620559692383 -0.6639325022697449
vn -0.6791368126869202 0.27013638615608215 -0.6824950575828552
vn -0.6446077823638916 0.29855796694755554 -0.7038067579269409
vn -0.6356833577156067 0.33007460832595825 -0.6978233456611633
vn 0.9828853607177734 -0.07013468444347382 0.17034542560577393
vn -0.6484972238540649 0.30037587881088257 -0.6994466781616211
vn -0.6617975831031799 0.30513647198677063 -0.6847742199897766
vn -0.6479136347770691 0.2838957607746124 -0.7068317532539368
vn -0.6759271025657654 0.2686808705329895 -0.6862456798553467
vn 0.9817146062850952 -0.0766400396823883 0.17424894869327545
vn -0.6744531393051147 0.28151023387908936 -0.6825430989265442
vn -0.6989558935165405 0.24050065875053406 -0.6735132932662964
vn 0.9752287268638611 -0.08792995661497116 0.20297114551067352
vn -0.713857114315033 0.23462191224098206 -0.6598185896873474
vn -0.7648866772651672 0.1860649734735489 -0.6167075634002686
vn -0.7337464094161987 0.21316742897033691 -0.645116925239563
vn 0.9590438008308411 -0.11107923835515976 0.2605695426464081
vn -0.7923281192779541 0.1614234745502472 -0.5883524417877197
vn 0.9416985511779785 -0.12714368104934692 0.31150975823402405
vn -0.8181971907615662 0.13200032711029053 -0.5595795512199402
vn 0.9126364588737488 -0.17818261682987213 0.3678934872150421
vn -0.8101707696914673 0.12140654027462006 -0.5734838843345642
vn -0.8411316871643066 0.08414606750011444 -0.5342443585395813
vn 0.8790459632873535 -0.22832579910755157 0.41850394010543823
vn -0.8290255665779114 0.08826685696840286 -0.5522006750106812
vn -0.8492774963378906 0.05905510112643242 -0.5246334075927734
vn -0.855911910533905 0.05906512960791588 -0.5137375593185425
vn 0.8539443612098694 -0.23971879482269287 0.4618593156337738
vn -0.8780956864356995 0.023686308413743973 -0.4778984785079956
vn 0.864108145236969 -0.19050484895706177 0.46585947275161743
vn 0.8718348145484924 -0.20776067674160004 0.44355344772338867
vn 0.8899282813072205 -0.13839197158813477 0.43459799885749817
vn -0.9010730981826782 -0.020481416955590248 -0.43318337202072144
vn 0.9073351621627808 -0.02679346315562725 0.41955333948135376
vn -0.918706476688385 -0.06631921976804733 -0.38933295011520386
vn 0.9188483953475952 0.10340861976146698 0.38082048296928406
vn -0.9349880814552307 -0.11200170964002609 -0.3365306258201599
vn 0.9212179183959961 0.21089930832386017 0.32692357897758484
vn -0.9513590335845947 -0.1464822143316269 -0.27103325724601746
vn 0.9253461956977844 0.26077067852020264 0.2751964032649994
vn -0.9650665521621704 -0.16003833711147308 -0.20744730532169342
vn 0.9370554089546204 0.2700069844722748 0.22141245007514954
vn 0.9583785533905029 0.20778828859329224 0.19579236209392548
vn -0.977207601070404 -0.1630370318889618 -0.1359570175409317
vn 0.9694012999534607 0.18386901915073395 0.16264483332633972
vn -0.9880607724189758 -0.13887937366962433 -0.06669675558805466
vn 0.9734027981758118 0.1717735379934311 0.15159448981285095
vn -0.9947511553764343 -0.09893789142370224 -0.02610640414059162
vn 0.9715467691421509 0.18524087965488434 0.14758962392807007
vn -0.9963562488555908 -0.08522462099790573 -0.0033121169544756413
vn 0.9627248048782349 0.22276347875595093 0.15341898798942566
vn -0.9926745891571045 -0.11877893656492233 0.022107718512415886
vn 0.9458850622177124 0.2697605788707733 0.1803625524044037
vn -0.9703530073165894 -0.23399056494235992 0.060526780784130096
vn 0.9490130543708801 0.2628583610057831 0.17401060461997986
vn -0.9010640978813171 -0.4058270752429962 0.15293127298355103
vn 0.9733898639678955 0.20550750195980072 0.10138468444347382
vn -0.8512240052223206 -0.5223642587661743 0.05053035169839859
vn 0.9535566568374634 0.2079680860042572 0.21789665520191193
vn 0.9822768568992615 0.12903504073619843 0.1359490007162094
vn -0.8085244297981262 -0.5821378827095032 0.08604489266872406
vn -0.7419167757034302 -0.6630740165710449 0.0994601622223854
vn 0.959509551525116 0.12407844513654709 0.25287553668022156
vn 0.9852074384689331 0.030329234898090363 0.16866084933280945
vn -0.6606598496437073 -0.7493568658828735 0.044641248881816864
vn -0.6500901579856873 -0.756199836730957 0.0744624137878418
vn -0.6346691846847534 -0.7684856057167053 0.08139332383871078
vn 0.9550912380218506 -0.00845287088304758 0.2961913049221039
vn 0.9713555574417114 -0.11527980864048004 0.2077953815460205
vn -0.6653680205345154 -0.746035099029541 0.026779672130942345
vn 0.9443802833557129 -0.2836993634700775 0.16631489992141724
vn -0.7031240463256836 -0.7099003791809082 0.04072020947933197
vn 0.934674859046936 -0.19833649694919586 0.295034795999527
vn 0.9161263704299927 -0.32461604475975037 0.2352380007505417
vn -0.7245827913284302 -0.6889315247535706 0.01879613846540451
vn 0.8936209082603455 -0.40926939249038696 0.1842288225889206
vn -0.720943808555603 -0.6917930841445923 0.040771953761577606
vn 0.8147434592247009 -0.5486189126968384 0.18764425814151764
vn -0.6843313574790955 -0.7269010543823242 0.05749396234750748
vn 0.8545960187911987 -0.4815591871738434 0.1943359375
vn -0.6888766288757324 -0.7225120067596436 0.058527685701847076
vn 0.7367690801620483 -0.6429348587989807 0.20929935574531555
vn -0.6324119567871094 -0.7723973393440247 0.05880015343427658
vn 0.6602441072463989 -0.7186830639839172 0.21811088919639587
vn 0.5431758761405945 -0.8037431240081787 0.24281060695648193
vn -0.44672733545303345 -0.8920367360115051 0.06859427690505981
vn -0.5636162161827087 -0.8241903781890869 0.05519939213991165
vn 0.6865602731704712 -0.6946460604667664 0.21471326053142548
vn -0.6388477683067322 -0.7681390047073364 0.0428483784198761
vn 0.41240519285202026 -0.8808879256248474 0.23228944838047028
vn -0.3324030339717865 -0.9361924529075623 0.11424492299556732
vn 0.2898559272289276 -0.9309960007667542 0.22187837958335876
vn 0.1298058182001114 -0.9696540832519531 0.20717468857765198
vn -0.001012160093523562 -0.9826839566230774 0.18528689444065094
vn -0.17128661274909973 -0.9749889373779297 0.14162445068359375
vn 0.34063994884490967 -0.9189692139625549 0.1986454278230667
vn -0.31322386860847473 -0.9451686143875122 0.0924510657787323
vn 0.20276783406734467 0.9518356323242188 -0.22998715937137604
vn -0.03819524869322777 0.9581045508384705 -0.2838606536388397
vn -0.2143906056880951 0.9214123487472534 -0.3240925073623657
vn 0.4199327826499939 0.8779342770576477 -0.22997353971004486
vn -0.2985127568244934 0.9040159583091736 -0.3060152232646942
vn 0.6791869401931763 0.7238669395446777 -0.12133339792490005
vn -0.33914467692375183 0.8759045004844666 -0.34317970275878906
vn -0.34733590483665466 0.8703416585922241 -0.3490890860557556
vn -0.36929333209991455 0.8606908917427063 -0.3504762649536133
vn 0.8046265244483948 0.5921055674552917 -0.04457696154713631
vn -0.4277782142162323 0.8435038924217224 -0.3248184323310852
vn -0.4766617715358734 0.8124327659606934 -0.3357775807380676
vn -0.49779465794563293 0.8031490445137024 -0.3273409903049469
vn 0.928541362285614 0.36580902338027954 0.0632043182849884
vn -0.5533837080001831 0.787054181098938 -0.27260273694992065
vn -0.5754417181015015 0.7568637132644653 -0.3098776936531067
vn 0.9734120965003967 0.18820127844810486 0.13057288527488708
vn -0.5689114928245544 0.7747173309326172 -0.27595794200897217
vn -0.5742198824882507 0.7399605512619019 -0.350328266620636
vn -0.5862282514572144 0.6780097484588623 -0.4434402287006378
vn 0.9852001070976257 0.06604734063148499 0.15817266702651978
vn -0.6327822804450989 0.5914797782897949 -0.4997381865978241
vn -0.6473676562309265 0.5270325541496277 -0.5505923628807068
vn -0.6519590020179749 0.6217543482780457 -0.4340174198150635
vn 0.9873644113540649 -0.007155114319175482 0.1583046317100525
vn -0.6034971475601196 0.5238627195358276 -0.6011314988136292
vn -0.6558741927146912 0.47294068336486816 -0.5883503556251526
vn -0.6628100872039795 0.5749083757400513 -0.47975319623947144
vn 0.9873183369636536 -0.047811079770326614 0.15138259530067444
vn -0.6535394787788391 0.42216888070106506 -0.6282194256782532
vn -0.7350383996963501 0.32721078395843506 -0.5938447713851929
vn -0.7557629346847534 0.42803898453712463 -0.49558547139167786
vn 0.9850303530693054 -0.07469792664051056 0.15535587072372437
vn -0.7540253400802612 0.2767944037914276 -0.595676600933075
vn -0.8441677093505859 0.23803076148033142 -0.4803355932235718
vn 0.9780213236808777 -0.10193084180355072 0.1818912774324417
vn -0.7569411396980286 0.20848290622234344 -0.6193343997001648
vn -0.8538607358932495 0.18419449031352997 -0.4868205189704895
vn 0.9621386528015137 -0.13634857535362244 0.23600484430789948
vn -0.7761603593826294 0.1872871369123459 -0.6020786166191101
vn -0.8273928165435791 0.17507559061050415 -0.5336381793022156
vn 0.9536814093589783 -0.16929978132247925 0.2486550211906433
vn -0.8576394319534302 0.15945112705230713 -0.48890697956085205
vn 0.9467487335205078 -0.1543692946434021 0.2825544476509094
vn -0.8503832817077637 0.1568973958492279 -0.5022265315055847
vn 0.9336804151535034 -0.15869107842445374 0.32102668285369873
vn 0.9399999976158142 -0.18301500380039215 0.2879333198070526
vn -0.9098779559135437 0.122196726500988 -0.39647215604782104
vn 0.9105736017227173 -0.22839456796646118 0.3445165157318115
vn -0.8672152757644653 0.08063306659460068 -0.4913613796234131
vn -0.9264175891876221 0.04453500360250473 -0.37385448813438416
vn 0.864982008934021 -0.2918115258216858 0.4082305431365967
vn -0.8862290382385254 0.03435077890753746 -0.46197202801704407
vn 0.8624147772789001 -0.25950828194618225 0.4346219599246979
vn 0.8871193528175354 -0.2786594033241272 0.36792415380477905
vn -0.9388774037361145 0.0021755225025117397 -0.3442448377609253
vn 0.8917939066886902 -0.22722859680652618 0.39124274253845215
vn -0.9112830758094788 -0.009152917191386223 -0.4116787314414978
vn -0.953018844127655 -0.038731567561626434 -0.30042463541030884
vn 0.8939785361289978 -0.13593003153800964 0.4269958436489105
vn -0.9298714399337769 -0.05528692528605461 -0.3637065589427948
vn 0.9405333995819092 -0.027876803651452065 0.3385554552078247
vn -0.963622510433197 -0.08686699718236923 -0.25275635719299316
vn 0.9208025932312012 0.024945678189396858 0.3892304003238678
vn -0.9443209171295166 -0.10694076865911484 -0.3111618757247925
vn 0.9565157890319824 0.08893545717000961 0.277791291475296
vn -0.9691530466079712 -0.14206115901470184 -0.20139770209789276
vn 0.9306573867797852 0.16022078692913055 0.3289470076560974
vn -0.9553074240684509 -0.16178610920906067 -0.24741266667842865
vn 0.9548218846321106 0.1854860484600067 0.23218558728694916
vn -0.9693859219551086 -0.20375418663024902 -0.1370224952697754
vn 0.9214668869972229 0.27596575021743774 0.2733893096446991
vn -0.9659297466278076 -0.21307998895645142 -0.14689001441001892
vn 0.9405257701873779 0.2717576324939728 0.20386071503162384
vn -0.9612737894058228 -0.2708202600479126 -0.05108021944761276
vn 0.9228965640068054 0.31139254570007324 0.22648760676383972
vn -0.9755679965019226 -0.20257392525672913 -0.08503454923629761
vn 0.9361481666564941 0.28535303473472595 0.20542722940444946
vn 0.9515610933303833 0.23776084184646606 0.19493912160396576
vn -0.9788374900817871 -0.2045624852180481 0.005600616801530123
vn 0.9499414563179016 0.24706803262233734 0.19122926890850067
vn 0.9612695574760437 0.2008037269115448 0.18878208100795746
vn -0.983256459236145 -0.15699276328086853 0.09252084046602249
vn 0.9619831442832947 0.19646711647510529 0.18970787525177002
vn -0.9624658226966858 -0.1946539580821991 0.18912799656391144
vn 0.9639944434165955 0.181264728307724 0.19457094371318817
vn -0.989890456199646 -0.09582855552434921 0.10456470400094986
vn 0.9640185832977295 0.16678772866725922 0.207002654671669
vn -0.976049542427063 -0.12875771522521973 0.17535333335399628
vn 0.959019660949707 0.18999004364013672 0.21020258963108063
vn -0.9885682463645935 -0.08638372272253036 0.1235746517777443
vn 0.9570540189743042 0.17338290810585022 0.2323487102985382
vn -0.9781917929649353 -0.09596569836139679 0.1842050403356552
vn 0.9467710256576538 0.22172407805919647 0.2333734780550003
vn -0.9788140058517456 -0.1307663470506668 0.15755431354045868
vn 0.9462516903877258 0.20726634562015533 0.24829116463661194
vn -0.9691178798675537 -0.1121208518743515 0.21963489055633545
vn 0.9325353503227234 0.2546866238117218 0.25595420598983765
vn -0.9473645091056824 -0.24920673668384552 0.20098881423473358
vn -0.8888552784919739 -0.34619641304016113 0.3001405596733093
vn 0.9377903938293457 0.24326954782009125 0.24772799015045166
vn -0.9396328330039978 -0.1927224099636078 0.282751202583313
vn 0.9328017234802246 0.2606494128704071 0.24888326227664948
vn -0.8516771197319031 -0.46334099769592285 0.24486973881721497
vn 0.9408562779426575 0.19830647110939026 0.27470725774765015
vn -0.8251339793205261 -0.5251378417015076 0.20828871428966522
vn -0.7481960654258728 -0.6278135776519775 0.21459917724132538
vn -0.7906765341758728 -0.5538865923881531 0.2608455419540405
vn 0.9518106579780579 0.08285660296678543 0.29528170824050903
vn -0.6864601969718933 -0.705362856388092 0.17673616111278534
vn -0.676252543926239 -0.7308009266853333 0.0928034707903862
vn -0.685621440410614 -0.7155898809432983 0.13362064957618713
vn -0.7545537948608398 -0.6234930157661438 0.20470722019672394
vn 0.9506452083587646 -0.10906383395195007 0.29048022627830505
vn -0.6795521974563599 -0.730766773223877 0.06472054123878479
vn -0.7127841711044312 -0.6997738480567932 0.04749000817537308
vn 0.9407542943954468 -0.2637811303138733 0.21307477355003357
vn -0.7182756066322327 -0.6943807005882263 0.04376782476902008
vn 0.8940837383270264 -0.39251628518104553 0.21574367582798004
vn -0.7110320925712585 -0.7029091119766235 0.018766403198242188
vn 0.9065856337547302 -0.36739614605903625 0.20765960216522217
vn 0.8353444337844849 -0.5086829662322998 0.20842581987380981
vn -0.6767730712890625 -0.7360202670097351 0.015888189896941185
vn 0.7594394087791443 -0.6176015734672546 0.20449966192245483
vn -0.6412544250488281 -0.7672086358070374 0.013556845486164093
vn 0.6972706913948059 -0.6948501467704773 0.17605960369110107
vn -0.606505811214447 -0.7945876121520996 0.027952859178185463
vn 0.5997641086578369 -0.7761802673339844 0.19449251890182495
vn 0.4615649878978729 -0.865170419216156 0.19605596363544464
vn -0.3800874352455139 -0.9244316220283508 0.03097979538142681
vn -0.5381346940994263 -0.842764139175415 0.012636128813028336
vn -0.6137324571609497 -0.7895048260688782 -0.003821952035650611
vn 0.3657330572605133 -0.9232217073440552 0.117902472615242
vn -0.22955025732517242 -0.9684498310089111 0.09701386839151382
vn 0.18425214290618896 -0.974014937877655 0.13170479238033295
vn -0.05750488117337227 -0.992038905620575 0.11203579604625702
vn -0.2435067594051361 -0.9694650173187256 0.02901831641793251
vn 0.2472415417432785 0.9563189744949341 -0.1559668928384781
vn -0.00930787529796362 0.9769691824913025 -0.21317733824253082
vn -0.18946261703968048 0.9479093551635742 -0.2560700476169586
vn 0.48711004853248596 0.8602336049079895 -0.1507382094860077
vn -0.27333173155784607 0.9353147149085999 -0.22466908395290375
vn 0.7339366674423218 0.6772463321685791 -0.05171447992324829
vn -0.3311627507209778 0.9060860276222229 -0.263323575258255
vn -0.3580363988876343 0.8889964818954468 -0.28547385334968567
vn -0.3791384696960449 0.8787149786949158 -0.29002416133880615
vn 0.8601153492927551 0.5100637674331665 -0.006045896094292402
vn -0.4403798580169678 0.8562214970588684 -0.2700931131839752
vn -0.5101897120475769 0.8136730790138245 -0.2786441147327423
vn -0.5373923182487488 0.7996753454208374 -0.26782238483428955
vn -0.5055250525474548 0.8346493244171143 -0.21864336729049683
vn 0.949061393737793 0.30609002709388733 0.07477517426013947
vn -0.5703514218330383 0.7946935296058655 -0.20775370299816132
vn -0.5694125890731812 0.7897586226463318 -0.22814635932445526
vn 0.9809727668762207 0.15443937480449677 0.11764732748270035
vn -0.5554922819137573 0.8102089762687683 -0.18705545365810394
vn -0.5433942079544067 0.8061832189559937 -0.23407545685768127
vn -0.5474041104316711 0.7816070914268494 -0.29906371235847473
vn -0.578928530216217 0.7277403473854065 -0.3677441477775574
vn 0.9899935126304626 0.05596771091222763 0.1295396238565445
vn -0.6218815445899963 0.7075374126434326 -0.33563992381095886
vn -0.6015810966491699 0.6798256635665894 -0.4194489121437073
vn 0.9919270277023315 -0.005580217577517033 0.12668754160404205
vn -0.6846649646759033 0.6480565071105957 -0.3335516154766083
vn -0.7006420493125916 0.5703369975090027 -0.42873814702033997
vn 0.9905195832252502 -0.05084322765469551 0.1276165246963501
vn -0.8123171329498291 0.4690325856208801 -0.34662580490112305
vn -0.8190845847129822 0.3698783814907074 -0.43850937485694885
vn 0.9852860569953918 -0.09438301622867584 0.14248968660831451
vn -0.8964436650276184 0.3219326138496399 -0.3045458495616913
vn 0.971717894077301 -0.14925488829612732 0.18299537897109985
vn -0.9273104667663574 0.22317370772361755 -0.30048099160194397
vn 0.9611139297485352 -0.16663900017738342 0.22020801901817322
vn 0.9691829681396484 -0.17545096576213837 0.17291994392871857
vn 0.9671003818511963 -0.1786923110485077 0.18106886744499207
vn -0.9217085242271423 0.20139074325561523 -0.3315044343471527
vn -0.889384388923645 0.22319991886615753 -0.3989701569080353
vn 0.9513645172119141 -0.2165556699037552 0.21911025047302246
vn -0.9478830099105835 0.19915838539600372 -0.24870435893535614
vn 0.9014557003974915 -0.3330020308494568 0.2765633463859558
vn -0.9718292951583862 0.10248524695634842 -0.21223731338977814
vn 0.885133683681488 -0.3255363702774048 0.3325124979019165
vn 0.9174439907073975 -0.3396938741207123 0.20713448524475098
vn 0.9154353141784668 -0.31180843710899353 0.2544676661491394
vn -0.9800570607185364 0.036552563309669495 -0.19532550871372223
vn 0.8842629194259644 -0.3181062638759613 0.3418881297111511
vn -0.9859594106674194 -0.009927591308951378 -0.16669000685214996
vn 0.9133960604667664 -0.17111849784851074 0.36935916543006897
vn 0.9466672539710999 -0.2439289093017578 0.2105228751897812
vn 0.9817015528678894 -0.09588975459337234 0.16452129185199738
vn -0.9901688098907471 -0.05392742529511452 -0.1290641725063324
vn 0.9914785623550415 0.02370004914700985 0.12809614837169647
vn -0.9905509948730469 -0.10276787728071213 -0.09081599861383438
vn 0.992104709148407 0.09707193821668625 0.07940605282783508
vn -0.9855771064758301 -0.16164648532867432 -0.050082016736269
vn 0.9850978255271912 0.16693218052387238 0.041424088180065155
vn -0.9714506268501282 -0.23721455037593842 0.003599124262109399
vn 0.9527469873428345 0.29329824447631836 0.07905276119709015
vn -0.9436658620834351 -0.32119220495224 0.07956309616565704
vn 0.9163921475410461 0.3640420734882355 0.1664295196533203
vn -0.9610351324081421 -0.27551591396331787 0.02241571806371212
vn 0.9325928688049316 0.3609028160572052 -0.004440960939973593
vn 0.9396507740020752 0.3047424852848053 0.15552645921707153
vn -0.9547480940818787 -0.25433796644210815 0.154169961810112
vn -0.9484508037567139 -0.2396756112575531 0.20735648274421692
vn -0.9283838868141174 -0.2993537485599518 0.22020608186721802
vn 0.9648822546005249 0.2314954251050949 0.12414562702178955
vn -0.9628526568412781 -0.17833173274993896 0.20276248455047607
vn 0.9777879118919373 0.15906500816345215 0.1364886462688446
vn -0.970674991607666 -0.1258392184972763 0.20482808351516724
vn 0.9770366549491882 0.12700939178466797 0.17107896506786346
vn -0.9671198129653931 -0.11642715334892273 0.22610622644424438
vn 0.9691674113273621 0.14573906362056732 0.19868242740631104
vn -0.9474331736564636 -0.16788190603256226 0.27237123250961304
vn 0.9602128267288208 0.20228008925914764 0.19254633784294128
vn -0.9015364646911621 -0.2982398271560669 0.3135044276714325
vn 0.9463168382644653 0.25617456436157227 0.19712726771831512
vn 0.9347677230834961 0.2568186819553375 0.24546584486961365
vn -0.8715736269950867 -0.4081142246723175 0.2716658115386963
vn -0.8506689071655273 -0.450682669878006 0.27064284682273865
vn 0.9498888850212097 0.26685231924057007 0.16279135644435883
vn -0.8907070159912109 -0.3644392192363739 0.2717079520225525
vn 0.9508861303329468 0.173871710896492 0.2560940980911255
vn -0.8221349120140076 -0.5101068019866943 0.25275567173957825
vn -0.805232584476471 -0.5579708814620972 0.2006712257862091
vn 0.9704634547233582 0.06817959249019623 0.23141369223594666
vn -0.7455413937568665 -0.6461561918258667 0.1632489413022995
vn -0.7213981747627258 -0.6836013793945312 0.11078804731369019
vn 0.9795266389846802 -0.09488685429096222 0.1775503158569336
vn -0.7023835182189941 -0.7086285352706909 0.06710552424192429
vn 0.9489709734916687 -0.2531251609325409 0.18810047209262848
vn -0.7309438586235046 -0.6817533373832703 0.030552424490451813
vn 0.9086546897888184 -0.37738221883773804 0.17868779599666595
vn -0.7289801836013794 -0.6844464540481567 0.01100328378379345
vn -0.7225773334503174 -0.6909617185592651 -0.021305272355675697
vn 0.8487299084663391 -0.5056683421134949 0.15478116273880005
vn -0.7029146552085876 -0.710838794708252 -0.02488713525235653
vn 0.7757701873779297 -0.6091039776802063 0.16484269499778748
vn -0.7215155363082886 -0.6905035972595215 -0.05118752643465996
vn 0.7183189988136292 -0.6832310557365417 0.1311986893415451
vn -0.6545287370681763 -0.7557321190834045 -0.021474439650774002
vn 0.634580135345459 -0.7600164413452148 0.1402965486049652
vn 0.5178188681602478 -0.8477237820625305 0.11501336097717285
vn -0.4890502989292145 -0.8706762194633484 -0.05246653035283089
vn -0.6052771210670471 -0.7949283719062805 -0.041575852781534195
vn 0.4095826745033264 -0.9111317992210388 0.04561751335859299
vn -0.34304386377334595 -0.9392250180244446 -0.01331847533583641
vn 0.24415846168994904 -0.9697189331054688 0.005646323785185814
vn 0.007425434421747923 -0.9999679923057556 -0.0029836357571184635
vn -0.21638143062591553 -0.9762848019599915 -0.00685843313112855
vn 0.5206974744796753 -0.8526784181594849 0.042588431388139725
vn -0.3662799894809723 -0.9294900298118591 -0.04344247654080391
vn 0.29423367977142334 0.9534143805503845 -0.06654003262519836
vn 0.022271640598773956 0.9899266362190247 -0.13981863856315613
vn -0.16308751702308655 0.969318687915802 -0.18391253054141998
vn 0.5355845093727112 0.8419516086578369 -0.06532080471515656
vn -0.24855560064315796 0.9580837488174438 -0.14246295392513275
vn 0.761411726474762 0.6475513577461243 0.030487060546875
vn -0.31155237555503845 0.9327921867370605 -0.18120108544826508
vn -0.35362550616264343 0.9107925891876221 -0.21308670938014984
vn -0.388031929731369 0.8937498331069946 -0.22503873705863953
vn -0.43045562505722046 0.8768385052680969 -0.2141546905040741
vn 0.8872910737991333 0.45974382758140564 0.03674439713358879
vn -0.512536346912384 0.8412566781044006 -0.17202825844287872
vn -0.5621105432510376 0.8021252751350403 -0.2015613168478012
vn 0.9577618837356567 0.27234724164009094 0.09229909628629684
vn -0.5858927965164185 0.7941759824752808 -0.16128908097743988
vn -0.5755735039710999 0.8008370399475098 -0.16545453667640686
vn 0.9832609295845032 0.1413777768611908 0.11493640393018723
vn -0.5631705522537231 0.8162599205970764 -0.128681018948555
vn -0.5357199907302856 0.8323488235473633 -0.14212538301944733
vn -0.5333260893821716 0.827327311038971 -0.17633183300495148
vn -0.5676496624946594 0.7907670736312866 -0.2290445864200592
vn 0.9918645620346069 0.05778773874044418 0.1134253516793251
vn -0.6001608967781067 0.7840425372123718 -0.15838003158569336
vn -0.6357311606407166 0.7395060658454895 -0.2213067263364792
vn 0.9944350719451904 -0.002767146797850728 0.10531511157751083
vn -0.6813008189201355 0.720104992389679 -0.13144631683826447
vn -0.7429239153862 0.6266539692878723 -0.23530590534210205
vn 0.9928975105285645 -0.057524457573890686 0.10414201766252518
vn -0.8300131559371948 0.5317676663398743 -0.16823004186153412
vn -0.8750958442687988 0.4347435534000397 -0.21261529624462128
vn 0.9868554472923279 -0.12045809626579285 0.10773181170225143
vn -0.9307718873023987 0.34207412600517273 -0.12903113663196564
vn 0.9754384160041809 -0.17184694111347198 0.13779917359352112
vn 0.9770326614379883 -0.18025103211402893 0.11365199834108353
vn -0.9573861956596375 0.25788527727127075 -0.13002654910087585
vn 0.9747284054756165 -0.1981823444366455 0.103093720972538
vn -0.9686664938926697 0.23381082713603973 -0.08377211540937424
vn -0.9538449645042419 0.255697101354599 -0.15747666358947754
vn 0.9575662016868591 -0.2843811511993408 0.046843040734529495
vn -0.9785265326499939 0.20418843626976013 -0.02815954200923443
vn 0.9224380850791931 -0.3643544614315033 0.1278824508190155
vn 0.9382326006889343 -0.344680517911911 0.030248267576098442
vn -0.9938039779663086 0.1105877235531807 0.011136825196444988
vn 0.9308537244796753 -0.3605237603187561 -0.05944819003343582
vn 0.9088491797447205 -0.4148200452327728 0.04378935694694519
vn -0.9983136653900146 0.042334068566560745 0.03971949219703674
vn 0.9243029952049255 -0.35905736684799194 0.1293899416923523
vn 0.9775306582450867 -0.19246257841587067 -0.08597706258296967
vn -0.9975929260253906 -0.005041107535362244 0.06915957480669022
vn 0.92139732837677 -0.3649006485939026 -0.13369551301002502
vn 0.9937537908554077 -0.06954673677682877 -0.0872732624411583
vn -0.9943493008613586 -0.04730398952960968 0.09503553807735443
vn 0.9884279370307922 -0.004475653171539307 -0.1516251116991043
vn -0.9886109232902527 -0.09605138748884201 0.11585600674152374
vn 0.9839102625846863 0.03963561728596687 -0.1742115616798401
vn -0.9777578711509705 -0.16072341799736023 0.13474982976913452
vn 0.9711137413978577 0.09930749237537384 -0.21697039902210236
vn -0.9564818739891052 -0.24996931850910187 0.1505250781774521
vn -0.9097418785095215 -0.35381489992141724 0.2172205001115799
vn 0.9641352295875549 0.22320352494716644 -0.14360858500003815
vn -0.9202998280525208 -0.3408951461315155 0.1919342279434204
vn 0.9156630039215088 0.3383074998855591 -0.21704696118831635
vn -0.9110874533653259 -0.3120618164539337 0.2693272531032562
vn 0.9131734371185303 0.20828339457511902 -0.35033172369003296
vn 0.9477494359016418 0.31493234634399414 -0.050878964364528656
vn -0.9406700730323792 -0.24991483986377716 0.22952643036842346
vn 0.9877849221229553 0.15558861196041107 -0.008553816005587578
vn -0.9596371650695801 -0.17599789798259735 0.21936564147472382
vn 0.9947836399078369 0.08866221457719803 0.0504436194896698
vn -0.9667978882789612 -0.13351190090179443 0.21789082884788513
vn 0.992251455783844 0.06990010291337967 0.10271812975406647
vn -0.9615603685379028 -0.14335818588733673 0.23420099914073944
vn 0.9858050346374512 0.1152002140879631 0.12213681638240814
vn -0.9434794187545776 -0.20537473261356354 0.2601304352283478
vn 0.9799520373344421 0.17569157481193542 0.09394939243793488
vn -0.9188413619995117 -0.2916315793991089 0.26586005091667175
vn -0.9032101631164551 -0.33136647939682007 0.2727777361869812
vn -0.9267132878303528 -0.2779627740383148 0.25286200642585754
vn 0.9642151594161987 0.24418962001800537 0.10325008630752563
vn -0.8752536773681641 -0.4009314477443695 0.27052730321884155
vn 0.9625359177589417 0.2633894979953766 0.06442544609308243
vn 0.964920163154602 0.20624952018260956 0.16245077550411224
vn -0.862664520740509 -0.4547683894634247 0.2213495373725891
vn -0.8462008237838745 -0.5034762620925903 0.17451617121696472
vn 0.9908071160316467 0.08424190431833267 0.10585151612758636
vn -0.7863165736198425 -0.6012744903564453 0.14203950762748718
vn -0.7633040547370911 -0.6383302211761475 0.09950623661279678
vn 0.9962427020072937 -0.0587906576693058 0.06359376758337021
vn -0.7406628131866455 -0.6691960096359253 0.05996156483888626
vn 0.9639328122138977 -0.22861826419830322 0.13626155257225037
vn -0.7492228746414185 -0.6621639728546143 0.01428268663585186
vn -0.7668884992599487 -0.6358287930488586 0.08719974756240845
vn 0.9200276136398315 -0.37496820092201233 0.113789401948452
vn -0.7523301839828491 -0.658770740032196 -0.004520494490861893
vn 0.972899854183197 -0.21918180584907532 0.07365656644105911
vn -0.7653201818466187 -0.6436482667922974 0.001433639321476221
vn 0.8472524881362915 -0.5179923176765442 0.11767426133155823
vn -0.744350016117096 -0.6669062972068787 -0.03433695808053017
vn 0.786973237991333 -0.6038175225257874 0.12679770588874817
vn -0.7316009402275085 -0.6788320541381836 -0.06282692402601242
vn 0.7288666367530823 -0.6737829446792603 0.12153174728155136
vn -0.6766054630279541 -0.7340630888938904 -0.05793456360697746
vn 0.6570476293563843 -0.7496005892753601 0.07992081344127655
vn -0.5919718742370605 -0.8024933338165283 -0.07465758919715881
vn 0.7692574858665466 -0.6295809745788574 0.10895299166440964
vn -0.7213974595069885 -0.6909261345863342 -0.04697638750076294
vn 0.5512485504150391 -0.8338598012924194 0.028334930539131165
vn -0.4753534495830536 -0.8778643012046814 -0.05825361981987953
vn 0.4227491021156311 -0.9062459468841553 0.0011974424123764038
vn 0.26069214940071106 -0.9622881412506104 -0.07772507518529892
vn 0.05140909180045128 -0.9929184913635254 -0.10709848999977112
vn -0.20200088620185852 -0.974307119846344 -0.09960620850324631
vn -0.36925172805786133 -0.9288938641548157 -0.028450585901737213
vn 0.6450241208076477 -0.7615335583686829 0.06332948058843613
vn -0.5213135480880737 -0.8526928424835205 -0.03387060761451721
vn 0.27533766627311707 -0.9607745409011841 -0.03318839892745018
vn 0.11123619228601456 -0.9900773167610168 -0.08586885035037994
vn -0.07421473413705826 -0.9897418022155762 -0.12207966297864914
vn 0.35139912366867065 0.9353479146957397 0.04053366184234619
vn 0.05690440535545349 0.9972645044326782 -0.04717491939663887
vn -0.13597404956817627 0.9855144619941711 -0.10135243833065033
vn 0.5729445219039917 0.8177152276039124 0.05546489730477333
vn -0.21530672907829285 0.9751276969909668 -0.052621666342020035
vn 0.7604935765266418 0.6349586248397827 0.13593097031116486
vn -0.2824820280075073 0.9543132185935974 -0.09741757810115814
vn -0.3328609764575958 0.932090699672699 -0.14286525547504425
vn -0.386655330657959 0.9067585468292236 -0.16818617284297943
vn -0.44206708669662476 0.8804870843887329 -0.1712285876274109
vn 0.894765317440033 0.4364498555660248 0.09437450766563416
vn -0.5071923732757568 0.8484441637992859 -0.1513221710920334
vn -0.5680214762687683 0.8077943325042725 -0.1575435847043991
vn 0.956792414188385 0.26173385977745056 0.1266639530658722
vn -0.5985262393951416 0.7880992889404297 -0.14375631511211395
vn -0.5927923917770386 0.7942473888397217 -0.13329754769802094
vn 0.9807080030441284 0.1480197161436081 0.1276794672012329
vn -0.5886077284812927 0.8015134334564209 -0.10543851554393768
vn -0.5507774353027344 0.829890787601471 -0.08902532607316971
vn -0.5354929566383362 0.8398682475090027 -0.08870531618595123
vn -0.5536791682243347 0.8256393671035767 -0.10843873023986816
vn 0.991753339767456 0.07164187729358673 0.10626766085624695
vn -0.6011525988578796 0.7981032729148865 -0.040579359978437424
vn -0.6448075771331787 0.7620583176612854 -0.05908023938536644
vn 0.9961175918579102 0.005435669329017401 0.08786435425281525
vn -0.6942468881607056 0.7196873426437378 0.008455460891127586
vn -0.7407470941543579 0.667982816696167 -0.07136406749486923
vn 0.9963696002960205 -0.0486525259912014 0.06986103951931
vn -0.8312202095985413 0.555035412311554 -0.03176039829850197
vn -0.8932629227638245 0.4491214454174042 -0.019270731136202812
vn -0.8001686930656433 0.5979428887367249 0.046844545751810074
vn 0.9939532279968262 -0.1020389124751091 0.040560293942689896
vn -0.9387354254722595 0.3445841372013092 0.006125861778855324
vn 0.9844503402709961 -0.16125750541687012 0.06966729462146759
vn -0.9149771928787231 0.3963914215564728 0.07543598115444183
vn 0.9834609031677246 -0.17879323661327362 0.028942260891199112
vn -0.956956684589386 0.28399357199668884 0.05984639748930931
vn -0.9455970525741577 0.2925698459148407 0.1422996073961258
vn 0.9803670644760132 -0.19580432772636414 -0.023261141031980515
vn -0.9659179449081421 0.2359163761138916 0.10651788115501404
vn -0.9647196531295776 0.2192392349243164 0.14577417075634003
vn -0.9462376832962036 0.20789316296577454 0.24781979620456696
vn 0.9754515886306763 -0.19287759065628052 -0.10626598447561264
vn -0.9627609848976135 0.17768622934818268 0.20376183092594147
vn -0.9151475429534912 0.19536526501178741 0.3526151180267334
vn 0.938412606716156 -0.26635563373565674 -0.22008304297924042
vn -0.960550844669342 0.10263969749212265 0.25847089290618896
vn 0.9279598593711853 -0.3316248059272766 -0.1700456738471985
vn -0.8960915803909302 0.13388311862945557 0.4231964349746704
vn 0.9132444858551025 -0.34161943197250366 -0.2219923883676529
vn -0.9536311030387878 0.05142984539270401 0.29655149579048157
vn 0.8952797651290894 -0.2896827757358551 -0.3384643793106079
vn -0.8740234971046448 0.09119044989347458 0.4772496521472931
vn 0.8741589188575745 -0.36778417229652405 -0.3171449601650238
vn -0.9478155374526978 0.015857813879847527 0.3184247612953186
vn 0.9099294543266296 -0.23810872435569763 -0.3396066129207611
vn 0.8527228236198425 -0.2631992995738983 -0.4512093663215637
vn -0.8610859513282776 0.06733917444944382 0.5039806962013245
vn 0.9281092286109924 -0.11986822634935379 -0.3524838984012604
vn -0.9447451233863831 -0.021126575767993927 0.3271244466304779
vn 0.8074798583984375 -0.18978364765644073 -0.5585324168205261
vn 0.8441199660301208 -0.221370130777359 -0.48832038044929504
vn -0.8595028519630432 0.04621197283267975 0.5090376138687134
vn 0.9175292253494263 -0.0633876770734787 -0.39258384704589844
vn -0.9417481422424316 -0.07360140234231949 0.32816651463508606
vn 0.7962426543235779 -0.13824337720870972 -0.5889707207679749
vn 0.8412790298461914 -0.1419641673564911 -0.5216280221939087
vn -0.8666168451309204 0.009436600841581821 0.49888497591018677
vn 0.907118022441864 -0.009711280465126038 -0.42076432704925537
vn -0.9338487386703491 -0.1446470320224762 0.3271142542362213
vn 0.7979039549827576 -0.09714078903198242 -0.5949058532714844
vn 0.8340782523155212 -0.08430246263742447 -0.545166552066803
vn -0.8753835558891296 -0.06213568523526192 0.4794193208217621
vn 0.913144052028656 0.08291703462600708 -0.3991148769855499
vn -0.9212983846664429 -0.239140585064888 0.30662867426872253
vn 0.858302652835846 0.10403649508953094 -0.5024867653846741
vn -0.8691248297691345 -0.318073034286499 0.3787499964237213
vn 0.835324764251709 -0.02308226004242897 -0.5492720007896423
vn -0.8693685531616211 -0.19039078056812286 0.45601511001586914
vn 0.9007967710494995 0.2154538333415985 -0.3770211637020111
vn -0.8721066117286682 -0.34003275632858276 0.3518632650375366
vn -0.8847387433052063 -0.2937375009059906 0.36187800765037537
vn -0.8676297068595886 -0.2473745197057724 0.4313057065010071
vn 0.970445454120636 0.10018868744373322 -0.21954023838043213
vn -0.9288926124572754 -0.23366494476795197 0.2873312532901764
vn 0.9491161108016968 -0.011728922836482525 -0.3147079348564148
vn 0.9939904808998108 0.04152751341462135 -0.10128359496593475
vn -0.9588721394538879 -0.1578480303287506 0.23589882254600525
vn 0.9710323810577393 -0.02918245457112789 -0.23715917766094208
vn 0.999345600605011 0.0028489152900874615 -0.03606022149324417
vn -0.9673475623130798 -0.1342758983373642 0.21496208012104034
vn 0.9864178895950317 -0.05269642546772957 -0.15557248890399933
vn 0.9990124106407166 0.03738480061292648 0.024013247340917587
vn -0.9623613953590393 -0.16086633503437042 0.2190493494272232
vn 0.996374249458313 0.08485947549343109 0.006101506296545267
vn -0.9471748471260071 -0.22255131602287292 0.23093445599079132
vn -0.9348646402359009 -0.26416629552841187 0.2371589094400406
vn -0.9490960240364075 -0.22504886984825134 0.22038541734218597
vn 0.9844871759414673 0.17544709146022797 0.001823096303269267
vn -0.9148954153060913 -0.31589558720588684 0.25134915113449097
vn 0.9705818295478821 0.2406817227602005 -0.006579770240932703
vn -0.9034895896911621 -0.36346712708473206 0.22715242207050323
vn 0.9634429812431335 0.26367345452308655 -0.04747599735856056
vn 0.9778580665588379 0.2078566700220108 0.024275347590446472
vn -0.8923972249031067 -0.4080136716365814 0.19274888932704926
vn -0.870614767074585 -0.46003666520118713 0.17434504628181458
vn 0.995151698589325 0.0980217307806015 -0.008057010360062122
vn -0.8297286033630371 -0.5368848443031311 0.15266023576259613
vn 0.9999415874481201 -0.007912329398095608 -0.007363245356827974
vn -0.7995647192001343 -0.5869511961936951 0.1272190660238266
vn -0.7912746071815491 -0.6052475571632385 0.08694787323474884
vn 0.9861305356025696 -0.160179004073143 0.04346691817045212
vn -0.7716858983039856 -0.6350817084312439 0.034237995743751526
vn 0.9511252045631409 -0.29744184017181396 0.08300107717514038
vn -0.7824245691299438 -0.6218515038490295 0.033354274928569794
vn 0.8982194662094116 -0.42691847681999207 0.10460608452558517
vn -0.7684473395347595 -0.6398582458496094 -0.008373716846108437
vn 0.8324218392372131 -0.5426509976387024 0.11226718127727509
vn -0.7599367499351501 -0.6498228311538696 -0.015049286186695099
vn 0.7496633529663086 -0.6561959385871887 0.08609247952699661
vn -0.7071619629859924 -0.7069936394691467 -0.009053777903318405
vn 0.6772429943084717 -0.726781964302063 0.11458604037761688
vn -0.6282224059104919 -0.7773873805999756 -0.03170904517173767
vn 0.5463466644287109 -0.8351282477378845 0.06376639008522034
vn 0.42272454500198364 -0.9062581062316895 0.0004351033712737262
vn -0.4236348271369934 -0.9057366847991943 -0.01321481354534626
vn -0.5163550972938538 -0.8562611937522888 0.013937699608504772
vn 0.3617718815803528 -0.928938090801239 0.07870947569608688
vn -0.2924925684928894 -0.9516022801399231 -0.09434609115123749
vn 0.17255015671253204 -0.9842183589935303 0.0392511710524559
vn 0.009369326755404472 -0.9999242424964905 0.007982488721609116
vn -0.17179930210113525 -0.985091507434845 -0.008931780233979225
vn 0.3390043377876282 0.9280869960784912 0.15404759347438812
vn 0.07724428921937943 0.9935139417648315 0.08344718813896179
vn -0.09616048634052277 0.9953166842460632 0.00989390816539526
vn 0.6033213138580322 0.7638508081436157 0.22920623421669006
vn -0.15203817188739777 0.9868624210357666 0.054652612656354904
vn 0.7522589564323425 0.6078882813453674 0.25412264466285706
vn -0.21875116229057312 0.9757421612739563 -0.008674603886902332
vn -0.30017077922821045 0.9505838751792908 -0.0792955756187439
vn -0.36315417289733887 0.9241513013839722 -0.11858932673931122
vn -0.42649373412132263 0.8941189050674438 -0.13658177852630615
vn 0.42791175842285156 0.8442475199699402 0.3227037191390991
vn 0.16404591500759125 0.9438470602035522 0.28677812218666077
vn -0.02164645865559578 0.9865193367004395 0.1622067540884018
vn 0.8862177133560181 0.4300338625907898 0.17230524122714996
vn -0.49356910586357117 0.8584557175636292 -0.139439657330513
vn -0.562599778175354 0.8134945034980774 -0.1473371386528015
vn 0.8435854315757751 0.46636003255844116 0.2662178874015808
vn -0.430784672498703 0.894741415977478 -0.11773863434791565
vn 0.9432268738746643 0.280536025762558 0.1778278350830078
vn -0.6093415021896362 0.7785974144935608 -0.14996328949928284
vn -0.6149256229400635 0.7778792381286621 -0.1295004040002823
vn 0.9143689274787903 0.33779671788215637 0.22321030497550964
vn 0.9732310771942139 0.18121619522571564 0.1413576453924179
vn -0.6203486323356628 0.7765714526176453 -0.11002006381750107
vn -0.5860093832015991 0.8070010542869568 -0.07309199869632721
vn -0.5522118210792542 0.8322305679321289 -0.049542151391506195
vn -0.5578484535217285 0.829566478729248 -0.02499319612979889
vn 0.9443180561065674 0.2708819806575775 0.18677890300750732
vn 0.9913002848625183 0.08195488154888153 0.10299122333526611
vn -0.5943710207939148 0.8038910627365112 0.021961303427815437
vn -0.6326950788497925 0.7736921906471252 0.03312765061855316
vn -0.5954697132110596 0.8019899725914001 0.047200869768857956
vn 0.9964191913604736 0.03578765317797661 0.07660340517759323
vn -0.6678206324577332 0.7440996170043945 0.018205193802714348
vn -0.6136046051979065 0.788676381111145 0.03845725208520889
vn 0.9991908669471741 -0.01760268583893776 0.03616343066096306
vn -0.7760340571403503 0.6302991509437561 0.022228531539440155
vn -0.8689522743225098 0.4908643364906311 0.06304123252630234
vn 0.9979919791221619 -0.059222377836704254 -0.022465214133262634
vn -0.9313621520996094 0.34622424840927124 0.1126646101474762
vn 0.9905680418014526 -0.136942520737648 -0.004660047125071287
vn -0.8803433775901794 0.4728349447250366 0.03771786019206047
vn 0.986113965511322 -0.1483512967824936 -0.07464024424552917
vn -0.9579082131385803 0.1989092379808426 0.2069951295852661
vn 0.9915295839309692 -0.11006142944097519 -0.06896115839481354
vn 0.9786756634712219 -0.16055072844028473 -0.12813086807727814
vn -0.9428200125694275 0.05400862917304039 0.3288973867893219
vn -0.9106549620628357 0.1603448987007141 0.38078486919403076
vn 0.963659942150116 -0.1383051574230194 -0.2285415232181549
vn -0.8512021899223328 0.12906181812286377 0.5087218284606934
vn 0.9692572951316833 -0.0783250629901886 -0.23324984312057495
vn -0.8610506057739258 0.04730076715350151 0.5063145756721497
vn 0.9389072060585022 -0.14603151381015778 -0.3116539418697357
vn -0.8120769262313843 0.09908656775951385 0.5750764608383179
vn 0.9564898610115051 -0.08385240286588669 -0.27945655584335327
vn -0.8142401576042175 -0.015837593004107475 0.5803120732307434
vn -0.8017199039459229 0.07237797230482101 0.5933014750480652
vn 0.8923873901367188 -0.20107199251651764 -0.4039984941482544
vn -0.7879279255867004 0.08917181193828583 0.6092765927314758
vn 0.932316243648529 -0.09917908906936646 -0.3477785289287567
vn -0.7906403541564941 0.04501450061798096 0.6106238961219788
vn -0.7707059979438782 0.06829360872507095 0.6335204839706421
vn 0.8412538766860962 -0.17256778478622437 -0.5123595595359802
vn -0.7829908728599548 0.08912089467048645 0.6156157851219177
vn 0.9013846516609192 -0.10784969478845596 -0.41937366127967834
vn -0.8037216067314148 0.09229983389377594 0.5878030061721802
vn -0.7571470737457275 0.09301330149173737 0.6465886235237122
vn 0.8126556873321533 -0.1467808187007904 -0.5639557242393494
vn -0.7950385212898254 0.07713910192251205 0.6016339063644409
vn 0.8731330633163452 -0.11009914427995682 -0.47488611936569214
vn -0.8274628520011902 0.10558294504880905 0.5515047311782837
vn -0.7682894468307495 0.10943198204040527 0.6306789517402649
vn 0.8054511547088623 -0.12469984591007233 -0.5793949365615845
vn -0.8183416724205017 0.035973988473415375 0.5736051797866821
vn 0.8573520183563232 -0.1123882532119751 -0.5023110508918762
vn -0.7943345904350281 0.10317135602235794 0.5986553430557251
vn 0.8065474033355713 -0.10824378579854965 -0.5811752676963806
vn -0.8475540280342102 -0.043208539485931396 0.5289472341537476
vn 0.8229958415031433 -0.07950135320425034 -0.5624565482139587
vn 0.8492606282234192 -0.10835587978363037 -0.516735315322876
vn -0.8194963335990906 0.04681874066591263 0.5711687803268433
vn 0.8602284789085388 0.010901158675551414 -0.5097922086715698
vn -0.8553401231765747 -0.1396169513463974 0.49889928102493286
vn -0.8466406464576721 -0.1651812344789505 0.5058801770210266
vn 0.8568803668022156 -0.08977311104536057 -0.5076385140419006
vn -0.8376492857933044 -0.04433823749423027 0.544405996799469
vn 0.9209010601043701 0.028357375413179398 -0.3887636959552765
vn -0.8906989097595215 -0.20246483385562897 0.4070177674293518
vn 0.9249901175498962 -0.05697516351938248 -0.37569552659988403
vn 0.8927446007728577 -0.07467871904373169 -0.4443311393260956
vn 0.9459902048110962 -0.09342122077941895 -0.31044337153434753
vn -0.9454960227012634 -0.15085768699645996 0.2885814607143402
vn 0.9645323753356934 -0.11353140324354172 -0.23830226063728333
vn -0.966581404209137 -0.12030096352100372 0.22638057172298431
vn 0.9746099710464478 -0.11565031111240387 -0.19173023104667664
vn -0.9716055989265442 -0.12577471137046814 0.2004079669713974
vn 0.9906972050666809 -0.058125365525484085 -0.12304697930812836
vn 0.9966394901275635 -0.007013649679720402 -0.0816127359867096
vn -0.9650959968566895 -0.16923363506793976 0.19987420737743378
vn -0.9494447112083435 -0.220282644033432 0.2236744910478592
vn 0.9950982928276062 0.06528149545192719 -0.07428187131881714
vn -0.9343317151069641 -0.2668333649635315 0.2362714260816574
vn 0.9826462268829346 0.16409939527511597 -0.0864744558930397
vn -0.9243553280830383 -0.29980286955833435 0.2359776347875595
vn 0.9674220085144043 0.2281094193458557 -0.10982166230678558
vn -0.9206079840660095 -0.32642415165901184 0.2143087089061737
vn 0.9502057433128357 0.2662685215473175 -0.1618955135345459
vn 0.9499325752258301 0.23072242736816406 -0.2107018381357193
vn 0.9724034070968628 0.20590879023075104 -0.10969594866037369
vn -0.9089521765708923 -0.3698608875274658 0.19237685203552246
vn -0.8743849992752075 -0.44003117084503174 0.2045077681541443
vn 0.9945694804191589 0.07568692415952682 -0.07143626362085342
vn -0.8388127088546753 -0.5142607092857361 0.17868737876415253
vn 0.9981266856193542 -0.05912867188453674 -0.015715457499027252
vn -0.8336293697357178 -0.5303142666816711 0.15436594188213348
vn -0.8268566131591797 -0.5468577146530151 0.13135747611522675
vn 0.9780258536338806 -0.20417293906211853 0.04217618703842163
vn -0.7988840937614441 -0.5953109264373779 0.08595987409353256
vn 0.9463955760002136 -0.3123776614665985 0.08219321817159653
vn -0.7986041903495789 -0.591719388961792 0.10999774187803268
vn 0.8920921087265015 -0.435749351978302 0.11955869197845459
vn -0.7842768430709839 -0.6184405088424683 0.04940955340862274
vn 0.8374693393707275 -0.5236775875091553 0.15622690320014954
vn -0.7756257653236389 -0.6286665797233582 0.05641940236091614
vn 0.7798527479171753 -0.6088889241218567 0.1452031135559082
vn -0.7119355201721191 -0.6980985999107361 0.07619830965995789
vn 0.6999797224998474 -0.6862701177597046 0.19764041900634766
vn -0.6234661340713501 -0.7800477743148804 0.05306106060743332
vn 0.5816152095794678 -0.7945061922073364 0.17459581792354584
vn 0.5026457905769348 -0.8537324070930481 0.13597114384174347
vn -0.45988762378692627 -0.8703338503837585 0.1761317253112793
vn -0.5297893285751343 -0.839552640914917 0.12031059712171555
vn 0.4190004765987396 -0.8786748647689819 0.22884313762187958
vn -0.3518897294998169 -0.9332555532455444 0.07216441631317139
vn 0.22679676115512848 -0.9586952328681946 0.1716586798429489
vn 0.04758007079362869 -0.9858951568603516 0.16045863926410675
vn -0.14230838418006897 -0.9794018268585205 0.14324942231178284
vn 0.44050002098083496 0.8134909272193909 0.3797265589237213
vn 0.16503764688968658 0.9475305676460266 0.27376726269721985
vn -0.06255102902650833 0.9914193749427795 0.11478237807750702
vn -0.15723709762096405 0.9874199032783508 0.016687242314219475
vn -0.258664608001709 0.9649235606193542 -0.04489025101065636
vn -0.3513728976249695 0.9315485954284668 -0.09356459975242615
vn 0.6641823053359985 0.665724515914917 0.3401069641113281
vn -0.3945838212966919 0.9123296737670898 -0.10935334861278534
vn -0.4991970658302307 0.8561431169509888 -0.13349638879299164
vn -0.5726765990257263 0.8053189516067505 -0.15330667793750763
vn 0.551068127155304 0.7511003017425537 0.36355504393577576
vn 0.3816583454608917 0.8643869161605835 0.32737162709236145
vn 0.804002046585083 0.5070492029190063 0.31061527132987976
vn -0.6137005686759949 0.7733322978019714 -0.15915006399154663
vn -0.6355043053627014 0.7589701414108276 -0.14176973700523376
vn 0.8660057187080383 0.43135273456573486 0.2529206871986389
vn -0.6515018939971924 0.7481909990310669 -0.1255209594964981
vn 0.9383732080459595 0.29677614569664 0.17714302241802216
vn -0.620880126953125 0.7790170907974243 -0.08740874379873276
vn -0.602864146232605 0.7975850105285645 -0.020321235060691833
vn 0.9804633259773254 0.16006973385810852 0.11432154476642609
vn -0.6139281392097473 0.7888004183769226 0.029770134016871452
vn -0.6167435050010681 0.7859517931938171 0.043672945350408554
vn 0.9543222784996033 0.2675672769546509 0.13295400142669678
vn -0.655163049697876 0.7554436326026917 -0.00814211554825306
vn 0.996019721031189 0.06924525648355484 0.05612356215715408
vn -0.5898107290267944 0.8073869347572327 0.015799326822161674
vn -0.6174561977386475 0.7865428924560547 -0.009908061474561691
vn -0.6011720895767212 0.7991113066673279 0.0036558557767421007
vn 0.9991778135299683 0.03873714804649353 0.011969117447733879
vn -0.70399010181427 0.7092162370681763 -0.037555839866399765
vn 0.9993283748626709 0.012084796093404293 -0.03459499776363373
vn -0.84381502866745 0.534662663936615 -0.045957598835229874
vn -0.9311051368713379 0.36298224329948425 0.03587811812758446
vn -0.9369116425514221 0.34188398718833923 -0.07288328558206558
vn 0.9948197603225708 -0.042433444410562515 -0.09237474203109741
vn -0.986689031124115 0.14633065462112427 0.070937380194664
vn 0.9885743856430054 -0.09619516879320145 -0.11604853719472885
vn 0.9794186949729919 -0.10774003714323044 -0.1706782430410385
vn -0.9793547987937927 -0.11268861591815948 0.16782575845718384
vn 0.9800857901573181 -0.0541478656232357 -0.19104959070682526
vn 0.9852535128593445 -0.06718437373638153 -0.15735889971256256
vn 0.974304735660553 -0.036480098962783813 -0.22226010262966156
vn -0.9077047109603882 -0.1523512601852417 0.3909747898578644
vn -0.8837230801582336 -0.1451965719461441 0.44491738080978394
vn -0.9143477082252502 -0.29534560441970825 0.27701854705810547
vn 0.9645977020263672 -0.0345941036939621 -0.26144707202911377
vn -0.8738718628883362 -0.060832321643829346 0.4823353588581085
vn 0.9510270953178406 -0.040827881544828415 -0.30639946460723877
vn -0.8851121068000793 0.023108649998903275 0.4648038148880005
vn 0.9366370439529419 -0.05024654045701027 -0.34667903184890747
vn -0.907323956489563 0.056373998522758484 0.4166357219219208
vn 0.9239107370376587 -0.062486208975315094 -0.37747111916542053
vn -0.9235255718231201 0.06327854096889496 0.3782808184623718
vn -0.8455542325973511 0.10595981776714325 0.5232691168785095
vn 0.9123772978782654 -0.07563728094100952 -0.4023018479347229
vn -0.8473821878433228 0.10397011041641235 0.5207049250602722
vn -0.9044500589370728 0.09871576726436615 0.41500037908554077
vn 0.907709538936615 -0.083638995885849 -0.41117873787879944
vn -0.846113920211792 0.02946796827018261 0.5321868658065796
vn 0.8619654178619385 -0.10447346419095993 -0.49608561396598816
vn 0.8832951784133911 -0.13679251074790955 -0.4484165906906128
vn -0.8803247213363647 -0.06337262690067291 0.47011953592300415
vn 0.8997098803520203 -0.12467852979898453 -0.4183030128479004
vn 0.9198634624481201 -0.15441159904003143 -0.3605665862560272
vn -0.9362829923629761 -0.08566798269748688 0.3406393826007843
vn 0.9136918783187866 -0.16904249787330627 -0.36958321928977966
vn 0.9473854899406433 -0.15589368343353271 -0.2795673906803131
vn -0.9631394147872925 -0.08221521973609924 0.2561310827732086
vn 0.9561206102371216 -0.17009364068508148 -0.23854036629199982
vn -0.9739803075790405 -0.08562188595533371 0.20983627438545227
vn 0.9651603698730469 -0.14236986637115479 -0.21953655779361725
vn -0.974373459815979 -0.11259917169809341 0.19472487270832062
vn 0.9836644530296326 -0.08105963468551636 -0.16072827577590942
vn 0.9878902435302734 -0.018463777378201485 -0.15405188500881195
vn -0.9639888405799866 -0.1633533388376236 0.20985998213291168
vn -0.937383770942688 -0.2260488122701645 0.2649785280227661
vn 0.9734370112419128 -0.09506929665803909 -0.2082839459180832
vn 0.9855689406394958 0.07497517019510269 -0.15176506340503693
vn -0.9307394027709961 -0.2602786123752594 0.2568642497062683
vn 0.9688228368759155 0.15206074714660645 -0.19560116529464722
vn -0.9283397197723389 -0.26969408988952637 0.25583288073539734
vn 0.9334268569946289 0.20127181708812714 -0.2969914972782135
vn 0.9454158544540405 0.1314219981431961 -0.2981897294521332
vn 0.939673662185669 0.22469685971736908 -0.2579239308834076
vn -0.9295721650123596 -0.28613153100013733 0.23243167996406555
vn 0.978370189666748 0.12251155078411102 -0.16668164730072021
vn -0.910773515701294 -0.34488645195961 0.22703513503074646
vn -0.8595275282859802 -0.4247782230377197 0.2842109501361847
vn -0.8811033368110657 -0.3478913903236389 0.3203567862510681
vn 0.9969018697738647 -0.000669322966132313 -0.07865270972251892
vn -0.8482983708381653 -0.4658954441547394 0.2516571581363678
vn 0.9915316700935364 -0.12960407137870789 0.008236759342253208
vn -0.8562263250350952 -0.4690755605697632 0.21643617749214172
vn -0.8317571878433228 -0.5128130316734314 0.21260984241962433
vn -0.830344021320343 -0.4714851379394531 0.2970365285873413
vn 0.9642828702926636 -0.2533610165119171 0.07724551111459732
vn -0.8119046092033386 -0.5513086318969727 0.192015141248703
vn 0.9345908761024475 -0.34109386801719666 0.1009698361158371
vn -0.7999715805053711 -0.557548999786377 0.22177603840827942
vn 0.9210364818572998 -0.36032670736312866 0.1478394865989685
vn -0.8084362745285034 -0.5020450353622437 0.307216078042984
vn 0.8856092095375061 -0.43048790097236633 0.17428861558437347
vn -0.7943357825279236 -0.5810810923576355 0.17713157832622528
vn 0.8358817100524902 -0.5065084099769592 0.21154464781284332
vn -0.7862105369567871 -0.5895066261291504 0.18535082042217255
vn 0.7502321004867554 -0.6045628786087036 0.26768583059310913
vn -0.7024928331375122 -0.6800055503845215 0.20999149978160858
vn 0.7466092109680176 -0.5893757939338684 0.3085628151893616
vn -0.7049458622932434 -0.6297006607055664 0.32638704776763916
vn 0.6878438591957092 -0.6483734846115112 0.3263169825077057
vn -0.6046751737594604 -0.7685454487800598 0.20905934274196625
vn 0.5619128942489624 -0.7724398970603943 0.29595693945884705
vn 0.47759613394737244 -0.8114153146743774 0.3369083106517792
vn -0.3699394464492798 -0.8403869867324829 0.39609917998313904
vn -0.4891286790370941 -0.8183648586273193 0.3017151951789856
vn 0.5700339674949646 -0.7065733075141907 0.4193035066127777
vn -0.6036771535873413 -0.716610848903656 0.3493463099002838
vn 0.37229016423225403 -0.8188888430595398 0.4368307292461395
vn -0.3040516674518585 -0.9194515347480774 0.24932199716567993
vn 0.25730276107788086 -0.9045925736427307 0.339864045381546
vn 0.08415497094392776 -0.9373878836631775 0.3379673659801483
vn -0.08409901708364487 -0.9489244222640991 0.3040885031223297
vn 0.16269551217556 -0.8393463492393494 0.5186789631843567
vn -0.017532259225845337 -0.8643819093704224 0.5025300979614258
vn -0.20296934247016907 -0.8797077536582947 0.4300205409526825
vn 0.11460791528224945 0.9797423481941223 0.16422559320926666
vn -0.05462675541639328 0.9966640472412109 0.06063592806458473
vn -0.18058401346206665 0.9834322929382324 -0.0158217865973711
vn -0.2907902002334595 0.9539550542831421 -0.07355804741382599
vn 0.2590743601322174 0.9297495484352112 0.2616223096847534
vn -0.333088755607605 0.9360538125038147 -0.11338089406490326
vn 0.5509913563728333 0.7854408025741577 0.2819419801235199
vn 0.38182878494262695 0.889130175113678 0.25229814648628235
vn -0.449196457862854 0.882594108581543 -0.13874484598636627
vn -0.5503800511360168 0.8200597167015076 -0.1567927449941635
vn 0.2513485848903656 0.9467127919197083 0.20139239728450775
vn 0.7105506062507629 0.6300690770149231 0.3132583498954773
vn -0.6150187253952026 0.7708727121353149 -0.1658530831336975
vn -0.6511695384979248 0.7426841855049133 -0.15619993209838867
vn 0.6754725575447083 0.6976102590560913 0.23890750110149384
vn -0.6496660113334656 0.7440404295921326 -0.15600650012493134
vn 0.8204656839370728 0.5172468423843384 0.243499293923378
vn -0.6780942678451538 0.7214412689208984 -0.14039455354213715
vn -0.666740894317627 0.7409661412239075 -0.08016061037778854
vn 0.8923192620277405 0.40945109724998474 0.19004268944263458
vn -0.7004023790359497 0.7086840867996216 -0.08487331122159958
vn 0.9437215328216553 0.32138511538505554 0.078111432492733
vn -0.6629565954208374 0.748625636100769 -0.006952725350856781
vn 0.9848552942276001 0.16288314759731293 0.05940670147538185
vn -0.6137304306030273 0.7864649891853333 -0.06933794170618057
vn -0.5755224227905273 0.8143126964569092 -0.07529155164957047
vn -0.6281729936599731 0.7729736566543579 -0.08894079178571701
vn -0.6730778813362122 0.7325456142425537 -0.10170112550258636
vn 0.9947561621665955 0.10137277096509933 -0.013555837795138359
vn -0.7327257990837097 0.6689124703407288 -0.12517587840557098
vn -0.8627426028251648 0.48119449615478516 -0.15532897412776947
vn -0.7536695003509521 0.6379054188728333 -0.1583002209663391
vn 0.9971476793289185 0.04619172215461731 -0.05968993157148361
vn -0.966299831867218 0.20933397114276886 -0.1498129963874817
vn -0.9683672785758972 0.07409444451332092 -0.23827463388442993
vn 0.9959654211997986 0.017197348177433014 -0.0880746841430664
vn -0.9882795810699463 -0.12138340622186661 -0.09257189929485321
vn -0.9668387770652771 -0.15619470179080963 -0.20205461978912354
vn 0.9898257255554199 -0.014952990226447582 -0.14149720966815948
vn -0.9441284537315369 -0.31956568360328674 0.08061767369508743
vn -0.9330835342407227 -0.3548755645751953 0.058467280119657516
vn 0.9845426678657532 0.006188034545630217 -0.175035759806633
vn -0.9532201290130615 -0.20734286308288574 0.21995528042316437
vn -0.949805498123169 -0.31170207262039185 -0.026671668514609337
vn 0.9806438088417053 0.008002039045095444 -0.19563670456409454
vn -0.9561194181442261 -0.10012949258089066 0.27533572912216187
vn 0.9765427112579346 0.0029207326006144285 -0.21530410647392273
vn -0.9767417907714844 -0.055846262723207474 0.20701853930950165
vn 0.971601128578186 -0.0045037721283733845 -0.23658202588558197
vn -0.9820629954338074 -0.03492836654186249 0.1852896362543106
vn 0.9641214609146118 -0.010737419128417969 -0.2652442157268524
vn -0.9854188561439514 -0.014063057489693165 0.16956408321857452
vn 0.9536880850791931 -0.015344101004302502 -0.3004057705402374
vn -0.9716726541519165 0.05441794916987419 0.22998040914535522
vn -0.9174727201461792 0.09870429337024689 0.38535869121551514
vn 0.9481598734855652 -0.03560757264494896 -0.31579264998435974
vn -0.909380316734314 0.06936298310756683 0.4101417362689972
vn -0.957342267036438 0.08882119506597519 0.2749665677547455
vn 0.9325740337371826 -0.11245808005332947 -0.34301432967185974
vn -0.9417495727539062 0.00711479689925909 0.33623966574668884
vn -0.9652074575424194 0.060368042439222336 0.25442153215408325
vn 0.9285204410552979 -0.20466819405555725 -0.30977529287338257
vn -0.9628896117210388 -0.024174731224775314 0.2688106894493103
vn 0.91924649477005 -0.2215321660041809 -0.3254372477531433
vn -0.9732545614242554 0.02188430167734623 0.22868473827838898
vn 0.9352735877037048 -0.22459129989147186 -0.27353623509407043
vn -0.9729121923446655 -0.042555179446935654 0.22722448408603668
vn 0.9292125105857849 -0.24995416402816772 -0.27218934893608093
vn -0.9768773317337036 -0.008525179699063301 0.21363061666488647
vn 0.9530933499336243 -0.19400791823863983 -0.2323230504989624
vn -0.9734986424446106 -0.06910596042871475 0.21800170838832855
vn -0.973402202129364 -0.043406158685684204 0.22495342791080475
vn 0.9579314589500427 -0.16140730679035187 -0.23730790615081787
vn -0.9659301042556763 -0.109093576669693 0.23468630015850067
vn -0.9601684808731079 -0.08951950818300247 0.2646937072277069
vn 0.9577829241752625 -0.0843416377902031 -0.27484235167503357
vn -0.9490666389465332 -0.16753451526165009 0.2668420970439911
vn 0.9697069525718689 -0.03926332667469978 -0.24109509587287903
vn -0.9206415414810181 -0.20882461965084076 0.3298659026622772
vn -0.9377816915512085 -0.14533737301826477 0.3153451681137085
vn 0.9694144129753113 0.049419086426496506 -0.24040281772613525
vn -0.9177090525627136 -0.23886606097221375 0.3174162209033966
vn 0.9350375533103943 0.08371654152870178 -0.3445233702659607
vn 0.9490786194801331 -0.003446296090260148 -0.31502050161361694
vn 0.9236052632331848 0.1550789177417755 -0.3505765199661255
vn -0.9217656850814819 -0.2349812537431717 0.30843445658683777
vn -0.8928766250610352 -0.22398997843265533 0.3906402587890625
vn 0.9576671719551086 0.12020133435726166 -0.26158231496810913
vn -0.9171098470687866 -0.2682432234287262 0.2948814034461975
vn -0.8649712204933167 -0.30525970458984375 0.3982981741428375
vn -0.8860248327255249 -0.2487112134695053 0.39128339290618896
vn 0.9875481128692627 0.019258277490735054 -0.1561342179775238
vn -0.8405871987342834 -0.3856230080127716 0.38040509819984436
vn 0.9932482242584229 -0.11120780557394028 -0.033026617020368576
vn -0.8570672273635864 -0.40189704298973083 0.3223579525947571
vn -0.8216375708580017 -0.4154668152332306 0.39025506377220154
vn -0.8308030366897583 -0.3634330630302429 0.421524316072464
vn 0.969512403011322 -0.23163563013076782 0.07994218915700912
vn -0.8007299304008484 -0.43970945477485657 0.40680110454559326
vn 0.9360584616661072 -0.31886836886405945 0.1487196385860443
vn -0.7763708233833313 -0.4733552038669586 0.4161529242992401
vn 0.9237139225006104 -0.34082475304603577 0.1749030351638794
vn 0.8852569460868835 -0.40671613812446594 0.22561493515968323
vn -0.778529703617096 -0.5334497690200806 0.33064004778862
vn 0.8473948240280151 -0.44690755009651184 0.2866978347301483
vn -0.7823046445846558 -0.5320334434509277 0.32394418120384216
vn 0.7872942686080933 -0.5174056887626648 0.3353492319583893
vn -0.7219205498695374 -0.5412927269935608 0.4310835897922516
vn 0.7586471438407898 -0.520405650138855 0.3919598162174225
vn -0.7390254735946655 -0.4896668791770935 0.4626745879650116
vn 0.6720088720321655 -0.6071648597717285 0.42397528886795044
vn -0.66624516248703 -0.5909515619277954 0.4548555910587311
vn 0.6399165391921997 -0.610469400882721 0.4667268693447113
vn -0.5473745465278625 -0.6518508791923523 0.5248538255691528
vn 0.5170745253562927 -0.6716166138648987 0.5306270718574524
vn -0.46403613686561584 -0.7758440375328064 0.4274768829345703
vn 0.40598544478416443 -0.7931110858917236 0.45403820276260376
vn 0.26960521936416626 -0.7940930724143982 0.5447285771369934
vn 0.037529654800891876 -0.7852092385292053 0.6180922389030457
vn -0.16930390894412994 -0.7989586591720581 0.5770626068115234
vn -0.294778436422348 -0.7929386496543884 0.5332484841346741
vn 0.37773001194000244 -0.7275371551513672 0.5727213621139526
vn -0.36294278502464294 -0.7216066718101501 0.589539110660553
vn 0.07715724408626556 0.9951485395431519 0.06104201078414917
vn -0.08611453324556351 0.996281623840332 -0.0026970745529979467
vn -0.20357757806777954 0.9765118360519409 -0.07057532668113708
vn 0.19396887719631195 0.9700542688369751 0.14618757367134094
vn -0.28152015805244446 0.9518280625343323 -0.12153102457523346
vn 0.5091257691383362 0.8539290428161621 0.10768554359674454
vn 0.3188082277774811 0.9421293139457703 0.10370007902383804
vn -0.394481897354126 0.9069584012031555 -0.14768359065055847
vn -0.5086038112640381 0.8464811444282532 -0.15745432674884796
vn -0.5952150821685791 0.7882089614868164 -0.15635104477405548
vn 0.2016344517469406 0.9781149625778198 0.05132933333516121
vn -0.18861015141010284 0.9758361577987671 -0.11031785607337952
vn 0.6286253333091736 0.7721510529518127 0.09280597418546677
vn -0.6517513990402222 0.7428064942359924 -0.15316203236579895
vn 0.7080934643745422 0.6939612030982971 0.1304665058851242
vn 0.5431859493255615 0.8393372893333435 -0.02149558812379837
vn 0.7741228342056274 0.6059924364089966 0.18304957449436188
vn -0.6927051544189453 0.7044411301612854 -0.1546681821346283
vn -0.7041890025138855 0.6986462473869324 -0.1265355795621872
vn 0.7250216603279114 0.6855043768882751 0.06653819978237152
vn -0.7094141244888306 0.6860061883926392 -0.1616387963294983
vn 0.8828977942466736 0.4617237150669098 0.08545594662427902
vn -0.7065016627311707 0.6899237632751465 -0.1576724797487259
vn 0.9167454242706299 0.39870795607566833 -0.024693859741091728
vn 0.9716342091560364 0.23638930916786194 -0.006865604780614376
vn -0.6860576868057251 0.7080646753311157 -0.16724012792110443
vn -0.6115449666976929 0.7776753306388855 -0.14571836590766907
vn -0.5700912475585938 0.8081344962120056 -0.14803574979305267
vn -0.5890685319900513 0.7963330149650574 -0.1373026967048645
vn -0.6619464755058289 0.737420916557312 -0.13430331647396088
vn -0.6407604813575745 0.7417610883712769 -0.19803167879581451
vn 0.9882074594497681 0.1437932848930359 -0.0526265911757946
vn -0.7645213007926941 0.621835470199585 -0.16978760063648224
vn -0.8976977467536926 0.3753649592399597 -0.23073799908161163
vn 0.9947424530982971 0.07521168887615204 -0.069503553211689
vn -0.9433188438415527 0.25148287415504456 -0.21657797694206238
vn 0.9960475564002991 0.03400236740708351 -0.08205560594797134
vn -0.9824956655502319 -0.004227695055305958 -0.18623760342597961
vn -0.9606541991233826 -0.21708765625953674 -0.17325259745121002
vn 0.9944885969161987 0.031410738825798035 -0.1000291034579277
vn -0.934647262096405 -0.3203791677951813 -0.1542454957962036
vn -0.9404059052467346 -0.30314773321151733 -0.15407198667526245
vn 0.9937942028045654 0.03415841609239578 -0.10585996508598328
vn -0.9104400873184204 -0.3954174518585205 -0.1214248314499855
vn -0.9344106316566467 -0.3241443932056427 -0.14767275750637054
vn 0.9935871362686157 0.03366578742861748 -0.1079411432147026
vn -0.979189395904541 -0.2027973234653473 0.007839713245630264
vn -0.9481319785118103 -0.27674099802970886 -0.15639735758304596
vn 0.9928959608078003 0.03307562693953514 -0.11429616063833237
vn -0.9868008494377136 -0.16107989847660065 -0.01665573939681053
vn -0.9587636590003967 -0.2382240891456604 -0.1549888551235199
vn 0.9903373122215271 0.037837933748960495 -0.13341787457466125
vn -0.9913564920425415 -0.12950877845287323 -0.020973365753889084
vn -0.965705156326294 -0.20445868372917175 -0.16003192961215973
vn 0.9842551350593567 0.049216948449611664 -0.1697629988193512
vn -0.9981158971786499 -0.04063207656145096 0.04597439989447594
vn 0.9750044941902161 0.05359163507819176 -0.2156251221895218
vn -0.9989965558052063 -0.01767224818468094 0.04115287959575653
vn 0.955064594745636 0.007227648049592972 -0.2963096499443054
vn -0.9924308657646179 0.037353239953517914 0.11698605865240097
vn 0.959744930267334 0.10768844187259674 -0.25940871238708496
vn 0.9413723349571228 -0.1439528614282608 -0.30511581897735596
vn -0.9915570020675659 0.01957234926521778 0.12818609178066254
vn 0.9600921869277954 -0.03393758833408356 -0.27761709690093994
vn 0.9380424618721008 -0.22692930698394775 -0.26187676191329956
vn -0.9892604351043701 -0.003046439727768302 0.14613179862499237
vn 0.933944046497345 -0.2725363075733185 -0.2312411069869995
vn -0.982857346534729 -0.03734978660941124 0.18054504692554474
vn 0.9329462051391602 -0.2693139314651489 -0.23891715705394745
vn 0.9467486143112183 -0.22229212522506714 -0.23292335867881775
vn -0.9667034149169922 -0.0885968953371048 0.24007315933704376
vn 0.9604417085647583 -0.13856707513332367 -0.2415594458580017
vn -0.9372904896736145 -0.14849507808685303 0.31533434987068176
vn 0.9608995914459229 -0.04376134276390076 -0.273417204618454
vn -0.9088209867477417 -0.2016320675611496 0.3652244806289673
vn 0.940617024898529 0.04534455016255379 -0.33642756938934326
vn -0.9019302129745483 -0.21090823411941528 0.37688136100769043
vn -0.8729655146598816 -0.21545690298080444 0.4376180171966553
vn -0.8729968070983887 -0.2173139899969101 0.4366362988948822
vn 0.9452469944953918 0.08934198319911957 -0.31388866901397705
vn -0.8529344797134399 -0.24285604059696198 0.46208634972572327
vn 0.9547728300094604 0.07960215210914612 -0.2864828109741211
vn 0.9717440009117126 0.024574367329478264 -0.23475462198257446
vn -0.8438494801521301 -0.28417709469795227 0.45514994859695435
vn 0.9663360118865967 0.04221324622631073 -0.2537967264652252
vn 0.9866079092025757 -0.12353397160768509 -0.10650903731584549
vn -0.8467415571212769 -0.31783661246299744 0.42662468552589417
vn -0.7931137084960938 -0.33383750915527344 0.5094342231750488
vn 0.9824322462081909 -0.04343276098370552 -0.18149510025978088
vn -0.8034529089927673 -0.2967913746833801 0.5161184668540955
vn 0.9655266404151917 -0.2520167827606201 0.06516095250844955
vn -0.7740312814712524 -0.3767174780368805 0.5088807940483093
vn 0.9326246976852417 -0.3278927206993103 0.15065740048885345
vn 0.8717958331108093 -0.4274030923843384 0.23937134444713593
vn -0.7623828053474426 -0.4004039168357849 0.5083789825439453
vn -0.7355333566665649 -0.438690721988678 0.5162761807441711
vn 0.9150439500808716 -0.36504364013671875 0.17157447338104248
vn -0.7049770951271057 -0.40797704458236694 0.580139696598053
vn 0.8204964399337769 -0.46910417079925537 0.3266907036304474
vn -0.7427101731300354 -0.46484339237213135 0.4819773733615875
vn 0.7781174778938293 -0.4933062493801117 0.3888215124607086
vn -0.7047303318977356 -0.4389638304710388 0.557374119758606
vn -0.6729428768157959 -0.4244542717933655 0.6057941317558289
vn 0.6819428205490112 -0.572142481803894 0.4556392431259155
vn -0.6597191095352173 -0.47431936860084534 0.5829166769981384
vn -0.5897933840751648 -0.4642516076564789 0.6607679128646851
vn 0.5949530601501465 -0.6211642622947693 0.5100841522216797
vn -0.6160333156585693 -0.5315051078796387 0.5813822150230408
vn 0.57197505235672 -0.641958475112915 0.5106210708618164
vn 0.43371647596359253 -0.6697648167610168 0.6027479767799377
vn -0.38178426027297974 -0.614374577999115 0.6904959678649902
vn -0.4993656575679779 -0.5422578454017639 0.6757147908210754
vn 0.49614217877388 -0.6508549451828003 0.574657142162323
vn 0.38082000613212585 -0.6852923631668091 0.6207660436630249
vn -0.4153232276439667 -0.5496777892112732 0.7248178720474243
vn -0.5556183457374573 -0.4598264992237091 0.6927105188369751
vn 0.276783287525177 -0.7033905982971191 0.6547004580497742
vn -0.2444833368062973 -0.6752504706382751 0.6958913207054138
vn 0.23089416325092316 -0.7827974557876587 0.5778546929359436
vn 0.06045233830809593 -0.7751645445823669 0.6288605332374573
vn -0.1309008002281189 -0.7436695694923401 0.6556070446968079
vn 0.10525725036859512 -0.7394558191299438 0.6649255752563477
vn -0.07367884367704391 -0.7299994826316833 0.6794646382331848
vn -0.2397300899028778 -0.6719334721565247 0.7007389068603516
vn -0.039486948400735855 0.995732843875885 -0.08340822905302048
vn 0.13540656864643097 0.9905201196670532 -0.023129882290959358
vn -0.18037879467010498 0.9708439707756042 -0.15787827968597412
vn 0.4259401559829712 0.8939541578292847 -0.1393590122461319
vn 0.24603967368602753 0.9667639136314392 -0.06951271742582321
vn -0.29179662466049194 0.9459756016731262 -0.14136779308319092
vn -0.3967081606388092 0.9051046371459961 -0.15299761295318604
vn -0.4904855489730835 0.8561822772026062 -0.16240650415420532
vn -0.5827699303627014 0.7973670959472656 -0.15679632127285004
vn 0.5398343801498413 0.8351486921310425 -0.10538286715745926
vn -0.6447651386260986 0.7456515431404114 -0.16817201673984528
vn 0.5929121375083923 0.7714213728904724 -0.23100702464580536
vn -0.6935308575630188 0.6992304921150208 -0.17346949875354767
vn 0.7212192416191101 0.6906861066818237 -0.052873026579618454
vn -0.7007455229759216 0.6876276731491089 -0.19006319344043732
vn 0.7369099855422974 0.6673094630241394 -0.10798978805541992
vn 0.7217798233032227 0.6349524259567261 -0.27544382214546204
vn 0.8081123232841492 0.5857649445533752 -0.06191861629486084
vn -0.6925495862960815 0.689970076084137 -0.21051475405693054
vn 0.8820825815200806 0.4360675513744354 -0.17825686931610107
vn -0.6559393405914307 0.7151094675064087 -0.24158239364624023
vn 0.8040691614151001 0.5213304162025452 -0.2858102321624756
vn -0.6668810248374939 0.701147735118866 -0.2523125112056732
vn 0.9541086554527283 0.27681875228881836 -0.11422815173864365
vn -0.6122408509254456 0.7503584623336792 -0.24924540519714355
vn -0.5849664807319641 0.7860009074211121 -0.2000419944524765
vn -0.583209216594696 0.7891038656234741 -0.19282656908035278
vn -0.6447475552558899 0.7466706037521362 -0.16365692019462585
vn -0.5887290835380554 0.7707130908966064 -0.24372023344039917
vn -0.6034260988235474 0.7654546499252319 -0.2235088050365448
vn 0.9855993986129761 0.14532767236232758 -0.08645099401473999
vn -0.7341277599334717 0.6591675281524658 -0.1629563421010971
vn -0.8498907089233398 0.49046868085861206 -0.1926819086074829
vn 0.9956694841384888 0.07467853277921677 -0.055365949869155884
vn -0.9545071125030518 0.27105802297592163 -0.12427312880754471
vn -0.8556892275810242 0.5013546943664551 -0.1282164603471756
vn 0.9980902075767517 0.046439237892627716 -0.04073523357510567
vn -0.9950124621391296 0.04679568484425545 -0.08809361606836319
vn 0.9985005259513855 0.043015703558921814 -0.03385796397924423
vn -0.9841824173927307 -0.14744238555431366 -0.09821274131536484
vn -0.9502899646759033 -0.2765354812145233 -0.14309833943843842
vn 0.9986708760261536 0.04439214989542961 -0.026188017800450325
vn -0.9128679633140564 -0.36723628640174866 -0.17835257947444916
vn 0.998633623123169 0.0473814494907856 -0.022044425830245018
vn -0.9101243615150452 -0.3594549000263214 -0.20607240498065948
vn 0.9978652596473694 0.057958345860242844 -0.030095554888248444
vn -0.9225588440895081 -0.3132004737854004 -0.22536791861057281
vn 0.9950529932975769 0.08100838214159012 -0.0575077161192894
vn -0.9301908612251282 -0.2748105525970459 -0.24336005747318268
vn -0.9509844183921814 -0.21581913530826569 -0.22147411108016968
vn 0.988243579864502 0.1125459298491478 -0.10347981005907059
vn -0.9856375455856323 -0.12690500915050507 -0.1114172488451004
vn -0.9547020196914673 -0.19619126617908478 -0.2237255871295929
vn 0.9725722074508667 0.1484088897705078 -0.17910388112068176
vn -0.9980032444000244 -0.04717015475034714 -0.0420067124068737
vn 0.9716705083847046 0.18189875781536102 -0.15089517831802368
vn 0.9788728952407837 0.07072780281305313 -0.19184733927249908
vn -0.9990720152854919 -0.04184452444314957 -0.010209087282419205
vn 0.9867942929267883 -0.04213225841522217 -0.1564030945301056
vn -0.9984477758407593 -0.042948685586452484 0.03546125441789627
vn 0.9574874639511108 -0.15513095259666443 -0.24321207404136658
vn 0.9443323612213135 -0.2608215808868408 -0.2005206197500229
vn -0.9945207834243774 -0.05989638343453407 0.08567875623703003
vn 0.971642255783081 -0.18013332784175873 -0.15317748486995697
vn 0.9461109042167664 -0.2814995050430298 -0.16010044515132904
vn -0.9824081063270569 -0.10378903895616531 0.15524865686893463
vn 0.9442222714424133 -0.26187723875045776 -0.19966116547584534
vn 0.960628092288971 -0.18840238451957703 -0.20420151948928833
vn -0.9555894136428833 -0.16707777976989746 0.24276310205459595
vn 0.9574090242385864 -0.2423112690448761 -0.15701356530189514
vn 0.96467524766922 -0.09093021601438522 -0.24725177884101868
vn -0.9084324836730957 -0.23040254414081573 0.3488052785396576
vn -0.8999569416046143 -0.29803845286369324 0.3181990087032318
vn 0.9623748064041138 0.00811039563268423 -0.2716042995452881
vn -0.8845357298851013 -0.2216813713312149 0.4104313850402832
vn -0.8682780861854553 -0.235181525349617 0.4367868900299072
vn 0.978367030620575 0.010445880703628063 -0.20661289989948273
vn -0.8730745911598206 -0.2770107388496399 0.4012552499771118
vn 0.9485580325126648 0.08326657116413116 -0.30545774102211
vn -0.8486207723617554 -0.24107174575328827 0.47087913751602173
vn 0.9638465046882629 0.09379243105649948 -0.24940524995326996
vn 0.9689266681671143 0.0692029818892479 -0.2374701201915741
vn -0.8502868413925171 -0.2933071553707123 0.43701624870300293
vn 0.9770520925521851 0.06872498989105225 -0.20160864293575287
vn -0.8303676247596741 -0.2492336481809616 0.49836963415145874
vn -0.8397052884101868 -0.26764827966690063 0.4725033640861511
vn 0.9886953234672546 0.013648401945829391 -0.1493162363767624
vn -0.8278231024742126 -0.26272886991500854 0.4956636428833008
vn -0.7831050157546997 -0.28014445304870605 0.5552167296409607
vn -0.8013802170753479 -0.2820095717906952 0.5275038480758667
vn 0.993657112121582 -0.08971159160137177 -0.06780369579792023
vn -0.7527364492416382 -0.32263121008872986 0.5738440155982971
vn 0.9823993444442749 -0.17101290822029114 -0.07514110207557678
vn -0.7782723307609558 -0.33098462224006653 0.5336115956306458
vn 0.9572181105613708 -0.28781989216804504 0.029887299984693527
vn -0.7391418218612671 -0.35876959562301636 0.57004714012146
vn -0.7083215117454529 -0.3733706474304199 0.5990617871284485
vn -0.7297887206077576 -0.3611834645271301 0.5804781913757324
vn 0.904262125492096 -0.39054661989212036 0.17257852852344513
vn -0.6890104413032532 -0.3920001983642578 0.6095904111862183
vn 0.8551093935966492 -0.4572255611419678 0.244402676820755
vn -0.6679900288581848 -0.4145665168762207 0.6179999113082886
vn -0.6906561851501465 -0.41805630922317505 0.5901042222976685
vn 0.7774563431739807 -0.5407120585441589 0.32123520970344543
vn -0.6403945684432983 -0.4352179169654846 0.6328350305557251
vn 0.7059811949729919 -0.5663795471191406 0.42521142959594727
vn -0.5972092151641846 -0.4666817784309387 0.652341365814209
vn -0.6164452433586121 -0.489946186542511 0.6163992285728455
vn 0.5952831506729126 -0.6277589797973633 0.5015542507171631
vn -0.5393262505531311 -0.5028128623962402 0.6755045652389526
vn 0.48674634099006653 -0.6649139523506165 0.566540002822876
vn 0.362691193819046 -0.6804294586181641 0.6367658972740173
vn -0.4483618140220642 -0.5568751096725464 0.6991865038871765
vn 0.48104128241539 -0.6957695484161377 0.5333892107009888
vn -0.4728570580482483 -0.5820174813270569 0.6615601778030396
vn 0.2617693245410919 -0.7081940174102783 0.6556966304779053
vn -0.33373138308525085 -0.6241384148597717 0.7064521312713623
vn 0.21132370829582214 -0.6986367702484131 0.683556079864502
vn 0.009145724587142467 -0.7159860134124756 0.6980547308921814
vn -0.17968875169754028 -0.6895143389701843 0.7016280889511108
vn 0.09759551286697388 -0.7167154550552368 0.6905028223991394
vn -0.09626598656177521 -0.712947428226471 0.694578230381012
vn -0.2924047112464905 -0.6684461832046509 0.6838707327842712
vn -0.0672626793384552 0.9705528020858765 -0.23130707442760468
vn 0.12226657569408417 0.9788218140602112 -0.16419106721878052
vn -0.1948501467704773 0.9612531065940857 -0.19500236213207245
vn 0.37681785225868225 0.8169212341308594 -0.4366326332092285
vn 0.23096205294132233 0.9230799078941345 -0.30753856897354126
vn -0.28235185146331787 0.9445603489875793 -0.16758066415786743
vn -0.37845030426979065 0.9149006605148315 -0.14047130942344666
vn -0.46685299277305603 0.8728101849555969 -0.1423051953315735
vn -0.5555053353309631 0.8159427642822266 -0.1601601541042328
vn 0.09334632754325867 0.9434130787849426 -0.31821101903915405
vn -0.2805364429950714 0.9417480230331421 -0.1854993999004364
vn 0.48445767164230347 0.8025322556495667 -0.3481992483139038
vn -0.6151231527328491 0.7688543200492859 -0.17460386455059052
vn 0.6473367214202881 0.5854671001434326 -0.4880405366420746
vn 0.48457852005958557 0.70704585313797 -0.5150435566902161
vn -0.6671156287193298 0.7208836674690247 -0.18783912062644958
vn 0.41792237758636475 0.7313750982284546 -0.5389168858528137
vn -0.5561834573745728 0.8160856366157532 -0.157048299908638
vn 0.739424467086792 0.5356761813163757 -0.407802015542984
vn -0.6733184456825256 0.7021427154541016 -0.23159849643707275
vn 0.7848204374313354 0.46217575669288635 -0.4128565788269043
vn -0.6732965707778931 0.6919445395469666 -0.2605464458465576
vn 0.7358473539352417 0.4703425168991089 -0.4871412515640259
vn 0.8907410502433777 0.3588552176952362 -0.2789325416088104
vn -0.6394985914230347 0.7143181562423706 -0.2842378616333008
vn -0.6213520169258118 0.7336251139640808 -0.2751651704311371
vn -0.613838791847229 0.747953474521637 -0.25252240896224976
vn 0.9692095518112183 0.19743981957435608 -0.14714087545871735
vn -0.6508573293685913 0.7299461960792542 -0.20871810615062714
vn -0.6454283595085144 0.7393054366111755 -0.1919630914926529
vn 0.9931138753890991 0.10220865905284882 -0.05725596472620964
vn -0.7392151355743408 0.6584387421607971 -0.1414899379014969
vn -0.6869910359382629 0.7099451422691345 -0.15498818457126617
vn 0.9984472990036011 0.055704209953546524 -0.0003456809208728373
vn -0.8342077732086182 0.5467922687530518 -0.07152380049228668
vn -0.9332727789878845 0.35793939232826233 -0.029687702655792236
vn 0.9987019896507263 0.04335242882370949 0.02673768438398838
vn -0.9923157691955566 0.12320930510759354 -0.01135325338691473
vn 0.9981975555419922 0.044339198619127274 0.04044325649738312
vn -0.9933032989501953 -0.0869104415178299 -0.07612628489732742
vn -0.9635540843009949 -0.22301998734474182 -0.14773523807525635
vn 0.9976098537445068 0.048477016389369965 0.04924013465642929
vn -0.9206881523132324 -0.33664456009864807 -0.19749392569065094
vn 0.9970518350601196 0.05963392183184624 0.04828491434454918
vn -0.9120687246322632 -0.33517298102378845 -0.2361985743045807
vn 0.995920717716217 0.08513425290584564 0.029901426285505295
vn -0.9125980734825134 -0.31073108315467834 -0.26572728157043457
vn 0.9920476675033569 0.12567031383514404 -0.006960555445402861
vn -0.9129586815834045 -0.28588172793388367 -0.29116687178611755
vn 0.9835171699523926 0.17255190014839172 -0.054036155343055725
vn -0.9225215911865234 -0.2597286105155945 -0.2854732573032379
vn -0.936594545841217 -0.23889824748039246 -0.25635576248168945
vn 0.9720184803009033 0.21850235760211945 -0.08623690158128738
vn -0.977912425994873 -0.14191105961799622 -0.15345525741577148
vn 0.974567174911499 0.2133089005947113 -0.0686892494559288
vn 0.9869062900543213 0.11748085916042328 -0.11051829904317856
vn -0.9882633090019226 -0.12759368121623993 -0.0839967206120491
vn 0.9971172213554382 0.022483311593532562 -0.07246886193752289
vn -0.9932149648666382 -0.11212103813886642 -0.030870897695422173
vn 0.9909417629241943 -0.12195669859647751 -0.056222185492515564
vn -0.9890419244766235 -0.14228610694408417 0.03938031196594238
vn 0.9638475775718689 -0.2474193125963211 -0.0989019051194191
vn 0.9543907642364502 -0.2849319577217102 -0.08917415887117386
vn -0.975192129611969 -0.18770919740200043 0.11732674390077591
vn 0.9691184759140015 -0.23240028321743011 -0.08245880156755447
vn -0.9310232400894165 -0.2846842408180237 0.22836501896381378
vn 0.9705339670181274 -0.18212072551250458 -0.15778419375419617
vn -0.9164668321609497 -0.3376116454601288 0.2147253304719925
vn -0.924271821975708 -0.3532278537750244 0.14474739134311676
vn 0.9778042435646057 -0.08672256022691727 -0.1907305121421814
vn -0.8959715366363525 -0.3543974757194519 0.26765167713165283
vn 0.9895011186599731 -0.02941194921731949 -0.14150094985961914
vn 0.9832070469856262 -0.14275957643985748 -0.11368201673030853
vn 0.9874143004417419 0.042022015899419785 -0.15247008204460144
vn -0.8550531268119812 -0.385965496301651 0.3462871015071869
vn -0.8745132684707642 -0.3445713520050049 0.34131675958633423
vn -0.8678659200668335 -0.43146780133247375 0.2462606281042099
vn 0.987170398235321 0.07981208711862564 -0.1382918655872345
vn -0.8744510412216187 -0.3125743269920349 0.37098878622055054
vn 0.9949817657470703 0.06567133218050003 -0.07548900693655014
vn -0.8480554819107056 -0.3197236955165863 0.42258569598197937
vn 0.9997860789299011 -0.0014974361984059215 -0.02062901481986046
vn -0.8051765561103821 -0.35361939668655396 0.47607147693634033
vn -0.8149989247322083 -0.3530596196651459 0.4594842493534088
vn -0.8250357508659363 -0.3938348889350891 0.4052284359931946
vn 0.990223228931427 -0.12891651690006256 0.053277742117643356
vn -0.7895402908325195 -0.37520545721054077 0.4856407940387726
vn 0.9693207740783691 -0.2422427237033844 0.04166141897439957
vn 0.9162700772285461 -0.3679875433444977 0.1582225114107132
vn -0.7465298175811768 -0.41371139883995056 0.5210912823677063
vn -0.7461040616035461 -0.4350402355194092 0.5040522813796997
vn -0.7697849869728088 -0.44258713722229004 0.4599432647228241
vn 0.8582373261451721 -0.4510980248451233 0.24482515454292297
vn -0.7087851762771606 -0.4818144142627716 0.5152459740638733
vn 0.8206998705863953 -0.5013627409934998 0.27402037382125854
vn -0.6589343547821045 -0.5380463004112244 0.525653600692749
vn 0.7193711400032043 -0.6103537082672119 0.3316226005554199
vn -0.5835087895393372 -0.5747064352035522 0.5737857222557068
vn 0.6383423209190369 -0.6569984555244446 0.4010886549949646
vn 0.5656712651252747 -0.668770968914032 0.48245367407798767
vn -0.47556015849113464 -0.6485558748245239 0.5943213105201721
vn 0.4190230965614319 -0.7412546873092651 0.5243673920631409
vn -0.3660876154899597 -0.6784090399742126 0.636978030204773
vn 0.33199429512023926 -0.743385374546051 0.5806530714035034
vn 0.17759081721305847 -0.7321071028709412 0.6576326489448547
vn 0.0021074898540973663 -0.7305570244789124 0.6828483939170837
vn -0.19028571248054504 -0.7284627556800842 0.6581286787986755
vn -0.33347469568252563 -0.7092486023902893 0.621096670627594
vn -0.04957924783229828 0.9179904460906982 -0.39349135756492615
vn -0.1631745547056198 0.9467185139656067 -0.27766546607017517
vn -0.21320053935050964 0.9504933953285217 -0.22607050836086273
vn 0.27240893244743347 0.6634324789047241 -0.696886420249939
vn 0.08487217128276825 0.7021040916442871 -0.7069982886314392
vn 0.10082220286130905 0.9020742774009705 -0.41963905096054077
vn -0.32043221592903137 0.9272827506065369 -0.19357135891914368
vn 0.32127365469932556 0.7129886746406555 -0.6232418417930603
vn 0.20014512538909912 0.8279604315757751 -0.5238544344902039
vn -0.37935253977775574 0.9111814498901367 -0.1607486456632614
vn -0.4741131663322449 0.8687344789505005 -0.14323808252811432
vn 0.44799575209617615 0.4903678596019745 -0.7475554943084717
vn 0.21788373589515686 0.5917777419090271 -0.776096522808075
vn 0.10592328011989594 0.7233151197433472 -0.6823455691337585
vn 0.0513061098754406 0.8506444692611694 -0.5232319831848145
vn 0.3981754183769226 0.6504088044166565 -0.6468576192855835
vn -0.5334888696670532 0.8317068815231323 -0.15379613637924194
vn 0.6919147372245789 0.4436570107936859 -0.5695809721946716
vn 0.5094681978225708 0.5669852495193481 -0.6472787857055664
vn -0.6086063385009766 0.7745258212089539 -0.17236030101776123
vn -0.6345204710960388 0.743877649307251 -0.20983295142650604
vn 0.5941901206970215 0.4310055077075958 -0.6790968179702759
vn 0.34522485733032227 0.5748546719551086 -0.7418638467788696
vn 0.8375856280326843 0.3562479317188263 -0.4141711890697479
vn -0.6377308368682861 0.7310822606086731 -0.2425243854522705
vn -0.6437246799468994 0.7154955267906189 -0.2714495360851288
vn -0.606234073638916 0.7630718946456909 -0.22405724227428436
vn 0.9521291255950928 0.21038967370986938 -0.22178013622760773
vn -0.6338490843772888 0.716044008731842 -0.29243171215057373
vn -0.6330152153968811 0.717558741569519 -0.29051879048347473
vn -0.6424131393432617 0.717341423034668 -0.2696787714958191
vn 0.991594135761261 0.10533565282821655 -0.07513681054115295
vn -0.7018014192581177 0.6751684546470642 -0.2272057831287384
vn -0.6749134659767151 0.6886903047561646 -0.2649480104446411
vn 0.9985604882240295 0.04681846499443054 0.026172474026679993
vn -0.7442851066589355 0.6555306911468506 -0.1277463585138321
vn -0.762856662273407 0.6409111618995667 -0.08533818274736404
vn 0.9964121580123901 0.032269369810819626 0.07824045419692993
vn -0.8351633548736572 0.5477022528648376 -0.05024518072605133
vn -0.9279818534851074 0.3726232349872589 -0.0012861909344792366
vn -0.8389034271240234 0.5433312058448792 -0.03212836757302284
vn 0.9943984746932983 0.03730035573244095 0.09889617562294006
vn -0.9908477067947388 0.1324303299188614 -0.02613714523613453
vn -0.9542525410652161 0.2989968955516815 -0.001714070443995297
vn 0.993048906326294 0.04415789246559143 0.10910551995038986
vn -0.9956745505332947 -0.05431758612394333 -0.07537760585546494
vn -0.974973738193512 -0.176243856549263 -0.1355152130126953
vn 0.9922188520431519 0.05503183975815773 0.11168348789215088
vn -0.9361546039581299 -0.2819301187992096 -0.21007132530212402
vn -0.968761146068573 -0.18833592534065247 -0.16134271025657654
vn 0.9919919371604919 0.07820948958396912 0.09917300939559937
vn -0.9160091876983643 -0.30743294954299927 -0.25770556926727295
vn 0.9905624389648438 0.11853932589292526 0.06880787014961243
vn -0.9136332869529724 -0.28715676069259644 -0.28777652978897095
vn 0.9850055575370789 0.17031002044677734 0.027542637661099434
vn -0.9094761610031128 -0.27533158659935 -0.3115215599536896
vn 0.9755591750144958 0.21959584951400757 -0.00787821039557457
vn -0.9079041481018066 -0.2867390513420105 -0.3057626485824585
vn -0.9208536744117737 -0.2827206552028656 -0.2685098350048065
vn 0.9689809083938599 0.24650900065898895 -0.017587995156645775
vn -0.952709436416626 -0.23227812349796295 -0.1959376484155655
vn 0.9736512899398804 0.2280413657426834 0.0005335960886441171
vn -0.9221791625022888 -0.3020402193069458 -0.2415725439786911
vn 0.9884329438209534 0.14770032465457916 -0.034423403441905975
vn -0.9742765426635742 -0.18767081201076508 -0.12475976347923279
vn 0.999865710735321 0.01607411727309227 -0.0031976548489183187
vn -0.973649799823761 -0.2120741307735443 -0.08384890854358673
vn -0.9516477584838867 -0.2800261676311493 -0.12630079686641693
vn 0.9911772608757019 -0.12961427867412567 0.027708815410733223
vn -0.9771878719329834 -0.21219037473201752 0.00889371708035469
vn 0.9719139933586121 -0.2351333200931549 -0.009777402505278587
vn 0.9631701707839966 -0.26709046959877014 0.031080227345228195
vn -0.9551718831062317 -0.29257869720458984 0.04521534591913223
vn -0.9298273324966431 -0.3663279414176941 0.03500114753842354
vn 0.9731466174125671 -0.21670567989349365 0.07761649042367935
vn -0.9171941876411438 -0.3849577307701111 0.10277383029460907
vn -0.9204837083816528 -0.39077645540237427 0.0018562809564173222
vn 0.9967209100723267 -0.07345800846815109 0.03393200784921646
vn -0.8720130920410156 -0.4642736315727234 0.15505871176719666
vn -0.872158408164978 -0.47542834281921387 0.11535898596048355
vn 0.9800914525985718 -0.01626979000866413 0.1978788822889328
vn 0.9986675977706909 0.04827653989195824 -0.018231669440865517
vn -0.8990339636802673 -0.38491588830947876 0.20875298976898193
vn -0.8778035640716553 -0.47347041964530945 0.07271014153957367
vn 0.9964044690132141 0.08084364235401154 0.025346316397190094
vn -0.8841486573219299 -0.3757982850074768 0.27759113907814026
vn 0.9953427314758301 0.06594665348529816 0.07031325995922089
vn -0.8351132869720459 -0.4334215819835663 0.33872050046920776
vn -0.8544577360153198 -0.4346258342266083 0.2846090793609619
vn -0.8413935899734497 -0.4937036335468292 0.21980349719524384
vn 0.9933382272720337 -0.006970759481191635 0.1150241419672966
vn -0.8468860387802124 -0.4067707061767578 0.342522531747818
vn 0.9729660749435425 -0.1438060998916626 0.1807122528553009
vn -0.793766438961029 -0.45296624302864075 0.4059019982814789
vn 0.943108856678009 -0.2903664708137512 0.16196635365486145
vn -0.8033527731895447 -0.47573161125183105 0.3581951856613159
vn 0.9079906344413757 -0.2889673411846161 0.30339908599853516
vn -0.8125833868980408 -0.5063499808311462 0.28864872455596924
vn 0.885007381439209 -0.3639165163040161 0.2903907895088196
vn -0.7770626544952393 -0.48192891478538513 0.40486809611320496
vn 0.853504478931427 -0.4301123023033142 0.2941659688949585
vn -0.7159834504127502 -0.5397940278053284 0.44270792603492737
vn 0.7686868906021118 -0.5478566288948059 0.33011168241500854
vn -0.6725842356681824 -0.5715068578720093 0.47011736035346985
vn 0.7814504504203796 -0.5117221474647522 0.35703736543655396
vn -0.6887844800949097 -0.6092603802680969 0.39290931820869446
vn 0.6872581839561462 -0.6292775869369507 0.3628857433795929
vn -0.6099634170532227 -0.6166589856147766 0.4976709187030792
vn 0.577917218208313 -0.7235864996910095 0.3774046301841736
vn 0.46471554040908813 -0.7493935227394104 0.471644788980484
vn -0.323698490858078 -0.74367755651474 0.5849469900131226
vn -0.4965859055519104 -0.7138951420783997 0.49371668696403503
vn 0.5831502676010132 -0.7099676728248596 0.3948185443878174
vn -0.6037126779556274 -0.6874262690544128 0.4037030339241028
vn 0.3307989835739136 -0.7748088240623474 0.5387423634529114
vn -0.19455863535404205 -0.7536306977272034 0.6278436779975891
vn 0.2743551731109619 -0.7866417765617371 0.5531039237976074
vn 0.14959821105003357 -0.7952107191085815 0.5875885486602783
vn -0.019888773560523987 -0.777031421661377 0.6291475296020508
vn 0.16863711178302765 -0.8088122010231018 0.5633687376976013
vn 0.008303793147206306 -0.8098762631416321 0.5865419507026672
vn -0.14351008832454681 -0.7812493443489075 0.6074985265731812
vn 0.3746311664581299 0.771415650844574 -0.5143632292747498
vn 0.13172020018100739 0.8098155856132507 -0.5717066526412964
vn 0.5414934158325195 0.5727781057357788 -0.6153942942619324
vn -0.0004606579605024308 0.7989306449890137 -0.6014230251312256
vn -0.08082786947488785 0.7481397986412048 -0.6585997939109802
vn -0.09620419889688492 0.8370091915130615 -0.5386653542518616
vn -0.1908804029226303 0.8947990536689758 -0.40360790491104126
vn -0.219797283411026 0.919630765914917 -0.3255280554294586
vn -0.2669578194618225 0.9322568774223328 -0.24419383704662323
vn -0.12075185030698776 0.8251824975013733 -0.5518087148666382
vn 0.7292044758796692 0.3891036808490753 -0.5629024505615234
vn -0.3673096001148224 0.910056471824646 -0.19204393029212952
vn -0.4070083796977997 0.8986700773239136 -0.16351217031478882
vn -0.4611436724662781 0.8740198016166687 -0.15308798849582672
vn 0.8307510018348694 0.3103809356689453 -0.4620785415172577
vn -0.5087190866470337 0.8465485572814941 -0.15671774744987488
vn -0.572815477848053 0.7981135845184326 -0.18680790066719055
vn 0.9446685314178467 0.19982470571994781 -0.2601374387741089
vn -0.5697577595710754 0.7928460836410522 -0.21626660227775574
vn -0.6075672507286072 0.7534366846084595 -0.2513866424560547
vn -0.6183384656906128 0.73450767993927 -0.2795640528202057
vn 0.9915404915809631 0.0926700085401535 -0.09088344126939774
vn -0.6294400095939636 0.722578763961792 -0.28580620884895325
vn -0.6467864513397217 0.708614706993103 -0.28201502561569214
vn 0.9990133047103882 0.01998002640902996 0.03966463729739189
vn -0.6902778148651123 0.6780887246131897 -0.252412885427475
vn -0.721804141998291 0.6520445942878723 -0.23202712833881378
vn 0.9924876093864441 -0.0021147148218005896 0.12232710421085358
vn -0.7753384113311768 0.6069570183753967 -0.1745094209909439
vn 0.9881739616394043 0.01788223162293434 0.152290940284729
vn -0.8462896943092346 0.5266008377075195 -0.08053158968687057
vn -0.9033453464508057 0.428890585899353 -0.00447770906612277
vn 0.9861836433410645 0.03396229445934296 0.1621372252702713
vn -0.9459841847419739 0.32109931111335754 0.04482344537973404
vn -0.978082001209259 0.20696473121643066 0.02283058501780033
vn 0.9850753545761108 0.04873916879296303 0.1650790572166443
vn -0.9968457221984863 0.07933978736400604 0.0019457358866930008
vn 0.9851065278053284 0.06984619796276093 0.15711992979049683
vn -0.9967461228370667 -0.04580177366733551 -0.0663282498717308
vn -0.9780766367912292 -0.148065984249115 -0.1464328020811081
vn 0.9856342673301697 0.10763049125671387 0.13015688955783844
vn -0.9404726028442383 -0.24863989651203156 -0.2317100167274475
vn -0.9687992930412292 -0.1615161895751953 -0.18799090385437012
vn 0.98306804895401 0.15871839225292206 0.0915730819106102
vn -0.9286172986030579 -0.24369777739048004 -0.2797881066799164
vn -0.9551907181739807 -0.18508975207805634 -0.23098155856132507
vn 0.9762163162231445 0.20932117104530334 0.05644829198718071
vn -0.9166631698608398 -0.25600531697273254 -0.30690374970436096
vn -0.942241370677948 -0.22347746789455414 -0.24947740137577057
vn 0.9678044319152832 0.2488936334848404 0.03750438988208771
vn -0.9055869579315186 -0.29199743270874023 -0.30765220522880554
vn -0.9248952269554138 -0.28450292348861694 -0.25224366784095764
vn 0.9643329977989197 0.2605196237564087 0.04681329429149628
vn -0.9002344608306885 -0.34400519728660583 -0.26690518856048584
vn 0.9703684449195862 0.2314659059047699 0.06934434175491333
vn -0.9190405607223511 -0.3297286033630371 -0.21597108244895935
vn -0.9056369066238403 -0.3632102608680725 -0.21886081993579865
vn 0.9882066249847412 0.14976109564304352 0.03192755579948425
vn -0.9447345733642578 -0.27038511633872986 -0.18538738787174225
vn -0.9484311938285828 -0.278006374835968 -0.1522851139307022
vn -0.9271101355552673 -0.32213571667671204 -0.1915603131055832
vn 0.9981217980384827 0.01782015897333622 0.058611996471881866
vn -0.9326288104057312 -0.3239607810974121 -0.15891152620315552
vn -0.9424339532852173 -0.31657499074935913 -0.10769662261009216
vn 0.9819329977035522 -0.14784105122089386 0.11811289936304092
vn -0.9607827663421631 -0.2681882977485657 -0.07050899416208267
vn 0.9658634662628174 -0.2419479638338089 0.09256858378648758
vn 0.9497933983802795 -0.2621442377567291 0.17080116271972656
vn -0.9531418085098267 -0.299576073884964 -0.042129866778850555
vn 0.9525681138038635 -0.20329222083091736 0.22646492719650269
vn -0.936463475227356 -0.34934771060943604 -0.03150124102830887
vn 0.9671825766563416 -0.12462593615055084 0.22141869366168976
vn -0.9160482287406921 -0.3984673023223877 -0.045602306723594666
vn 0.942546010017395 -0.16498103737831116 0.2904965281486511
vn 0.9532836675643921 -0.0792471393942833 0.29149651527404785
vn -0.8942320942878723 -0.447601854801178 -0.0012436647666618228
vn 0.9665052890777588 0.013283594511449337 0.2563028037548065
vn -0.901221752166748 -0.43051043152809143 -0.049599748104810715
vn 0.986523449420929 0.051492322236299515 0.1553063988685608
vn -0.8572146892547607 -0.5147745013237 0.013790378347039223
vn -0.8595097064971924 -0.5111015439033508 -0.004293845035135746
vn 0.9599599838256836 0.06509391218423843 0.2724696099758148
vn 0.9794617891311646 0.08663244545459747 0.18206995725631714
vn -0.8645686507225037 -0.4917513430118561 0.10344892740249634
vn -0.8440833687782288 -0.5276141166687012 0.09563854336738586
vn 0.9475960731506348 0.07410503923892975 0.3107573390007019
vn -0.860757052898407 -0.5087530016899109 -0.016362497583031654
vn 0.9728460311889648 0.06296490132808685 0.2227240800857544
vn -0.8657016754150391 -0.4702952206134796 0.1714148223400116
vn 0.930374801158905 0.027385437861084938 0.3655856251716614
vn -0.8442344665527344 -0.533380925655365 0.05265870690345764
vn 0.962742269039154 -0.01720319129526615 0.2698730528354645
vn -0.8348699808120728 -0.4952037036418915 0.24034437537193298
vn 0.925270140171051 -0.16026316583156586 0.34378907084465027
vn -0.8204522728919983 -0.5450294613838196 0.17262931168079376
vn 0.9032524824142456 -0.08385089039802551 0.42083725333213806
vn 0.8754055500030518 -0.23414568603038788 0.4228958785533905
vn -0.8130083680152893 -0.5178844332695007 0.266107439994812
vn 0.8798266053199768 -0.30266210436820984 0.3664707839488983
vn -0.7507541179656982 -0.579487144947052 0.31711673736572266
vn 0.8271973133087158 -0.4094732999801636 0.38480687141418457
vn -0.7189286351203918 -0.6321556568145752 0.2889998257160187
vn 0.8214678168296814 -0.3750360608100891 0.4295796751976013
vn -0.7357964515686035 -0.6363146901130676 0.23174816370010376
vn 0.7499851584434509 -0.504646897315979 0.4276140332221985
vn -0.6628568768501282 -0.6812812089920044 0.3106071949005127
vn 0.6861737966537476 -0.5973581075668335 0.4151250422000885
vn -0.5601884722709656 -0.755871057510376 0.3388921320438385
vn 0.5490401983261108 -0.7191361784934998 0.42590847611427307
vn -0.5008002519607544 -0.7613130211830139 0.41182729601860046
vn 0.41567230224609375 -0.8100707530975342 0.41352379322052
vn 0.24656206369400024 -0.8341561555862427 0.4933464229106903
vn 0.03209631145000458 -0.8466540575027466 0.5311748385429382
vn -0.1572778820991516 -0.8177286386489868 0.5536999106407166
vn -0.3530408442020416 -0.8106645345687866 0.46710294485092163
vn 0.42251449823379517 -0.7923641800880432 0.4400459825992584
vn -0.4523687958717346 -0.8031192421913147 0.3877652883529663
vn 0.4609670639038086 0.8113225102424622 -0.35953468084335327
vn 0.14852336049079895 0.8925874829292297 -0.4257092773914337
vn -0.039698727428913116 0.8961628079414368 -0.44194597005844116
vn 0.7016360759735107 0.5799834132194519 -0.4139155149459839
vn -0.18138132989406586 0.8786725997924805 -0.44162794947624207
vn -0.21507711708545685 0.8153392672538757 -0.5375535488128662
vn -0.283182293176651 0.8605258464813232 -0.42344188690185547
vn -0.2847972810268402 0.9012292623519897 -0.32661354541778564
vn -0.33577343821525574 0.9094822406768799 -0.24514953792095184
vn -0.2775022089481354 0.8668110370635986 -0.4142838716506958
vn -0.373969167470932 0.8596677780151367 -0.3480208218097687
vn 0.8733837008476257 0.35414958000183105 -0.3343336582183838
vn -0.40301764011383057 0.9003453254699707 -0.16418008506298065
vn -0.42729848623275757 0.8936172723770142 -0.13734684884548187
vn -0.4595972001552582 0.876445472240448 -0.1435750126838684
vn -0.4082886576652527 0.8988557457923889 -0.15924429893493652
vn 0.9484685659408569 0.21452443301677704 -0.23320940136909485
vn -0.4840940535068512 0.8653193712234497 -0.12990528345108032
vn -0.5172979235649109 0.8383021950721741 -0.17219850420951843
vn 0.9912628531455994 0.09624217450618744 -0.09019628167152405
vn -0.5363038182258606 0.8200413584709167 -0.19977575540542603
vn -0.5742241144180298 0.7870693206787109 -0.22536318004131317
vn -0.5928462147712708 0.7640755772590637 -0.2544051706790924
vn -0.5443012118339539 0.8190577626228333 -0.1813303530216217
vn 0.9992746710777283 0.0011889305897057056 0.038062602281570435
vn -0.6211031079292297 0.7365491390228271 -0.267817884683609
vn -0.6776509284973145 0.6934333443641663 -0.2448255866765976
vn -0.6581383347511292 0.7207610607147217 -0.21761764585971832
vn 0.9896700978279114 -0.0500328466296196 0.13434965908527374
vn -0.7190831899642944 0.6620123386383057 -0.21132688224315643
vn -0.7594394683837891 0.6183028817176819 -0.20236918330192566
vn -0.7815147638320923 0.6055052876472473 -0.1503269076347351
vn 0.9756910800933838 -0.0424811877310276 0.21499383449554443
vn -0.8260336518287659 0.5501718521118164 -0.12239012122154236
vn 0.9725879430770874 -0.03883261978626251 0.22926996648311615
vn 0.9791264533996582 0.013686834834516048 0.20279060304164886
vn -0.8859400749206543 0.4590527415275574 -0.06618740409612656
vn -0.9195877313613892 0.39283615350723267 -0.006181981880217791
vn -0.9381215572357178 0.3461744487285614 0.009550211951136589
vn 0.9778602123260498 0.03740286827087402 0.20588944852352142
vn -0.9560040235519409 0.27782142162323 0.09418884664773941
vn -0.9759423136711121 0.2076367884874344 0.06651037186384201
vn 0.9777148365974426 0.0602746345102787 0.20109860599040985
vn -0.9926349520683289 0.10818704217672348 0.05451122671365738
vn -0.9686521887779236 0.215718075633049 0.123201884329319
vn 0.9776374697685242 0.09723927080631256 0.18646572530269623
vn -0.9989364147186279 0.034766409546136856 0.03028772957623005
vn 0.9759278893470764 0.12888118624687195 0.17593854665756226
vn 0.9777240753173828 0.1520216464996338 0.1447240263223648
vn -0.9983532428741455 -0.040599703788757324 -0.04052877426147461
vn 0.9727677702903748 0.1685488075017929 0.15910425782203674
vn 0.9754678606987 0.19505317509174347 0.10206238925457001
vn -0.9925144910812378 -0.08014999330043793 -0.09214669466018677
vn 0.9672619104385376 0.23906968533992767 0.08514717221260071
vn -0.9860630631446838 -0.12364736944437027 -0.11131500452756882
vn 0.9614759683609009 0.2608908712863922 0.08660203218460083
vn -0.9735060334205627 -0.1925128847360611 -0.12338907271623611
vn 0.9587541222572327 0.25260257720947266 0.1303166300058365
vn -0.9483432173728943 -0.29305028915405273 -0.12151864171028137
vn 0.9604638814926147 0.23065638542175293 0.15590617060661316
vn -0.9080689549446106 -0.39518553018569946 -0.13870525360107422
vn 0.9832631349563599 0.13997837901115417 0.11661761999130249
vn -0.9151703715324402 -0.3615199327468872 -0.1782316267490387
vn 0.9609293341636658 0.15836302936077118 0.22701527178287506
vn 0.9889721274375916 -0.0027124604675918818 0.14807726442813873
vn -0.9273567199707031 -0.36022964119911194 -0.10121339559555054
vn -0.9360864162445068 -0.3488670289516449 -0.045100096613168716
vn 0.9617688059806824 -0.1405027061700821 0.2350739687681198
vn -0.9471582174301147 -0.31474030017852783 -0.06188550218939781
vn 0.9409904479980469 -0.2600722014904022 0.21656294167041779
vn 0.9052295684814453 -0.24776338040828705 0.34521403908729553
vn 0.9068333506584167 -0.2577352821826935 0.33350539207458496
vn -0.9491268396377563 -0.3117348551750183 -0.04449309781193733
vn 0.9203574657440186 -0.21677163243293762 0.32550305128097534
vn 0.9171922206878662 -0.17199765145778656 0.3594095706939697
vn -0.9463708400726318 -0.32029521465301514 -0.04234644025564194
vn 0.9250309467315674 -0.10086892545223236 0.36625581979751587
vn -0.9276578426361084 -0.37011921405792236 -0.04962634667754173
vn -0.8992562890052795 -0.4342329204082489 -0.05272546410560608
vn 0.9406060576438904 -0.00077483628410846 0.3394990861415863
vn -0.8698933124542236 -0.49113643169403076 -0.04550515115261078
vn 0.9333319067955017 0.05370035395026207 0.3549758493900299
vn -0.8448219895362854 -0.5334665179252625 -0.04110228642821312
vn -0.8325347304344177 -0.5534541606903076 -0.02396613545715809
vn 0.9215043783187866 0.035612959414720535 0.38673165440559387
vn -0.8185750246047974 -0.5742814540863037 0.011656098999083042
vn -0.8198999166488647 -0.5724254846572876 -0.00965442880988121
vn 0.9020150899887085 -0.06372007727622986 0.4269760549068451
vn -0.834835946559906 -0.5442021489143372 0.08302397280931473
vn -0.7989329695701599 -0.5971664786338806 0.07140324264764786
vn 0.8991304636001587 -0.17439289391040802 0.40143686532974243
vn -0.7804853320121765 -0.601361870765686 0.17089924216270447
vn 0.8683278560638428 -0.274998277425766 0.41277438402175903
vn -0.7245814204216003 -0.6740633249282837 0.14359819889068604
vn 0.8751598000526428 -0.23558703064918518 0.4226040542125702
vn 0.8289905786514282 -0.3527754843235016 0.4339633584022522
vn -0.7023276090621948 -0.6787198185920715 0.21465171873569489
vn 0.7750203013420105 -0.4805741608142853 0.4103560745716095
vn -0.6216885447502136 -0.7457690834999084 0.23944096267223358
vn 0.682152509689331 -0.588539719581604 0.4339228868484497
vn 0.5715386271476746 -0.6800578236579895 0.45920053124427795
vn -0.43341055512428284 -0.831450879573822 0.34762731194496155
vn -0.5285272598266602 -0.8055198788642883 0.2679489552974701
vn 0.6859963536262512 -0.6018718481063843 0.40885114669799805
vn -0.5829141139984131 -0.7873228192329407 0.2008330076932907
vn 0.40952762961387634 -0.7893255949020386 0.45744097232818604
vn -0.3259789049625397 -0.8541879057884216 0.4050936698913574
vn 0.2512070834636688 -0.8712964653968811 0.42158934473991394
vn 0.05658862739801407 -0.8968955874443054 0.4386069178581238
vn -0.15407738089561462 -0.8802311420440674 0.4488356411457062
vn 0.5016919374465942 0.8281064629554749 -0.2500898241996765
vn 0.17672549188137054 0.9329895973205566 -0.3135260045528412
vn -0.06090054288506508 0.9385659098625183 -0.3396838903427124
vn -0.20154047012329102 0.9228827357292175 -0.3281294107437134
vn -0.3202480375766754 0.9000654220581055 -0.29550543427467346
vn 0.7642126083374023 0.5880240797996521 -0.2649659514427185
vn -0.4234515428543091 0.8817756175994873 -0.20775121450424194
vn -0.3963966369628906 0.8848354816436768 -0.24481812119483948
vn 0.9211678504943848 0.34713494777679443 -0.17591796815395355
vn -0.45534640550613403 0.8865334987640381 -0.08196401596069336
vn -0.43693098425865173 0.8962742686271667 -0.07605119049549103
vn -0.43779608607292175 0.8966066837310791 -0.06656622886657715
vn -0.45663169026374817 0.8839001655578613 -0.10103479772806168
vn 0.9834803938865662 0.16403624415397644 -0.07654117047786713
vn -0.46226054430007935 0.8848781585693359 -0.05749630555510521
vn -0.47579091787338257 0.8733378648757935 -0.1044226735830307
vn -0.5010513663291931 0.8528686761856079 -0.14684195816516876
vn 0.9992883801460266 0.02707432024180889 0.026262739673256874
vn -0.5217980146408081 0.8448345065116882 -0.1182432472705841
vn -0.5694178342819214 0.8014068603515625 -0.18305851519107819
vn -0.6050161719322205 0.7699640989303589 -0.20275788009166718
vn 0.9919761419296265 -0.06586921215057373 0.10791028290987015
vn -0.6935744881629944 0.703118622303009 -0.15677571296691895
vn -0.7378785014152527 0.6587589979171753 -0.14687372744083405
vn 0.9725254774093628 -0.13074497878551483 0.19261355698108673
vn -0.8141712546348572 0.5774795413017273 -0.06035362929105759
vn 0.9667328596115112 -0.10440879315137863 0.23350901901721954
vn 0.9742981195449829 -0.14007040858268738 0.17641863226890564
vn 0.9825059175491333 -0.07717297971248627 0.16948893666267395
vn -0.8544222712516785 0.5185617208480835 -0.03250138461589813
vn 0.9813895225524902 -0.009139380417764187 0.19181008636951447
vn -0.9161254167556763 0.400867223739624 -0.004433440510183573
vn -0.9147756695747375 0.397868275642395 0.06990241259336472
vn 0.9732165336608887 0.013179630041122437 0.22951237857341766
vn -0.9476060271263123 0.2928137481212616 0.12768308818340302
vn 0.982071578502655 0.021151157096028328 0.18731792271137238
vn 0.9752281308174133 0.04278504475951195 0.21702426671981812
vn -0.945966899394989 0.2417803704738617 0.21607628464698792
vn 0.9818856120109558 0.04293327406048775 0.18454639613628387
vn 0.9749415516853333 0.06623953580856323 0.21237069368362427
vn -0.9423512816429138 0.2273733913898468 0.24551059305667877
vn 0.9763502478599548 0.09590637683868408 0.1937580704689026
vn -0.9739906787872314 0.160317525267601 0.16012641787528992
vn 0.9813727736473083 0.0683092325925827 0.17955873906612396
vn 0.982435941696167 0.09745252877473831 0.15913106501102448
vn -0.9838391542434692 0.08361858129501343 0.1583305150270462
vn -0.9504826664924622 0.14609594643115997 0.27429670095443726
vn 0.9788004159927368 0.13682977855205536 0.1524052768945694
vn -0.9964359998703003 0.03825951740145683 0.07517719268798828
vn 0.9711938500404358 0.18353484570980072 0.1519785225391388
vn 0.9673839807510376 0.2128431499004364 0.1373538225889206
vn -0.9962227940559387 -0.0005985276657156646 0.0868321880698204
vn 0.9656792283058167 0.21079237759113312 0.1517573744058609
vn 0.9595416188240051 0.2550742030143738 0.11923506110906601
vn -0.9945292472839355 -0.06911282986402512 0.0783262848854065
vn 0.9549731612205505 0.26181909441947937 0.13956016302108765
vn -0.9841803312301636 -0.1655668318271637 0.06306108832359314
vn 0.955157995223999 0.228437602519989 0.18838654458522797
vn -0.9578220248222351 -0.28687331080436707 0.01675492338836193
vn -0.9162155985832214 -0.39930108189582825 0.03328162431716919
vn 0.9444368481636047 0.18336018919944763 0.2727969288825989
vn -0.9141286611557007 -0.4030637741088867 -0.04368645325303078
vn 0.9290990829467773 0.10033027827739716 0.3559616804122925
vn 0.9656296968460083 0.030947821214795113 0.25807270407676697
vn -0.9311624765396118 -0.3644522428512573 0.010537873953580856
vn 0.9229207038879395 -0.12782971560955048 0.36314868927001953
vn -0.9336817264556885 -0.3530968725681305 0.05967522785067558
vn 0.9072475433349609 -0.04439765214920044 0.41824719309806824
vn 0.8733784556388855 -0.187669038772583 0.44943347573280334
vn -0.9455497860908508 -0.3254498541355133 -0.00423782505095005
vn 0.8801190257072449 -0.22208163142204285 0.4196072220802307
vn -0.9567922353744507 -0.29070228338241577 -0.00638934038579464
vn 0.8921973705291748 -0.22542953491210938 0.39136359095573425
vn 0.864393949508667 -0.22968611121177673 0.4472889304161072
vn 0.8886209726333618 -0.17834189534187317 0.4225482642650604
vn -0.9523313641548157 -0.3041830360889435 -0.023186935111880302
vn 0.909712553024292 -0.06987979263067245 0.4093163311481476
vn -0.9339249134063721 -0.35568326711654663 -0.035689566284418106
vn -0.9019173383712769 -0.4305470585823059 -0.034268882125616074
vn 0.9271401166915894 0.00530652841553092 0.37467727065086365
vn 0.9262443780899048 0.021789297461509705 0.3762933313846588
vn -0.8649948239326477 -0.49910423159599304 -0.05175849422812462
vn 0.9382069706916809 0.04564902186393738 0.34305086731910706
vn 0.9274182319641113 0.04504778981208801 0.3713032603263855
vn -0.8396444320678711 -0.5409703850746155 -0.048458926379680634
vn -0.8193327784538269 -0.5717273354530334 -0.042680468410253525
vn 0.9413897395133972 0.038713615387678146 0.3350919485092163
vn 0.9245641827583313 0.007514848839491606 0.38095223903656006
vn -0.8108500242233276 -0.5841742753982544 -0.03553403913974762
vn -0.8042457699775696 -0.592655599117279 -0.04413723945617676
vn 0.9377506375312805 -0.015420524403452873 0.34696683287620544
vn 0.9188060164451599 -0.07116428762674332 0.38824108242988586
vn -0.7944133877754211 -0.6073637008666992 -0.004102717153728008
vn 0.905585527420044 -0.14337779581546783 0.39919623732566833
vn -0.773993730545044 -0.633112370967865 0.010120855644345284
vn 0.9210159778594971 -0.09839490801095963 0.3768925666809082
vn 0.89740389585495 -0.20882534980773926 0.3886621296405792
vn -0.752446711063385 -0.6563464403152466 0.0550764799118042
vn -0.7071065902709961 -0.7034155130386353 0.07215972244739532
vn -0.7634580135345459 -0.6458571553230286 0.0007162274559959769
vn 0.8582180738449097 -0.36519908905029297 0.36068195104599
vn -0.6552406549453735 -0.7431705594062805 0.13548891246318817
vn 0.7629953622817993 -0.5186975002288818 0.38573428988456726
vn -0.5736409425735474 -0.8023678064346313 0.1647486537694931
vn 0.8235977292060852 -0.44310715794563293 0.3540380299091339
vn -0.687530517578125 -0.722811758518219 0.06960660964250565
vn 0.6647789478302002 -0.6318948864936829 0.39846938848495483
vn -0.508880078792572 -0.8343086242675781 0.2120617926120758
vn 0.5337243676185608 -0.7199057340621948 0.4437050521373749
vn -0.3702723979949951 -0.8839249014854431 0.28561362624168396
vn 0.5908852219581604 -0.6823743581771851 0.43037182092666626
vn -0.496564120054245 -0.8470795154571533 0.1894211620092392
vn 0.3576389253139496 -0.7990511655807495 0.48333385586738586
vn -0.2644790709018707 -0.8859739899635315 0.3809211552143097
vn 0.25056278705596924 -0.8629494309425354 0.4387899935245514
vn 0.08733521401882172 -0.9066700339317322 0.412700891494751
vn -0.0849396213889122 -0.9130809307098389 0.39883384108543396
vn 0.1666582077741623 -0.8716437220573425 0.4609363377094269
vn -0.024618206545710564 -0.9099836945533752 0.4139125347137451
vn -0.19426901638507843 -0.9065649509429932 0.37469932436943054
vn 0.5109059810638428 0.8432537913322449 -0.16702720522880554
vn 0.182185098528862 0.9612295627593994 -0.20699350535869598
vn -0.06366018205881119 0.9720999598503113 -0.2257632315158844
vn -0.22861051559448242 0.9480839371681213 -0.22107501327991486
vn -0.32759159803390503 0.9250016808509827 -0.19249847531318665
vn 0.786442756652832 0.5951073169708252 -0.16539379954338074
vn -0.4483349919319153 0.8892259001731873 -0.09095646440982819
vn -0.484401673078537 0.8699890971183777 -0.09205471724271774
vn 0.938782811164856 0.33587169647216797 -0.07666254788637161
vn -0.5145934224128723 0.8563758134841919 0.04259180650115013
vn -0.46855252981185913 0.8818111419677734 0.05355025827884674
vn -0.43072107434272766 0.9018939733505249 0.03265916928648949
vn -0.44239500164985657 0.8967542052268982 -0.010892466641962528
vn 0.991728663444519 0.1281762272119522 0.006717062555253506
vn -0.4434734880924225 0.8941936492919922 0.061228636652231216
vn -0.4403609037399292 0.8976670503616333 0.01661662384867668
vn -0.4654232859611511 0.8831630349159241 -0.05834611505270004
vn 0.9974300861358643 -0.014850910753011703 0.07009077072143555
vn -0.48292669653892517 0.8756579160690308 0.0022435644641518593
vn -0.5467007756233215 0.8341260552406311 -0.07315731793642044
vn -0.6123451590538025 0.7795292735099792 -0.1317865401506424
vn 0.987570583820343 -0.12103434652090073 0.10027500987052917
vn -0.716238260269165 0.6932644844055176 -0.07992026209831238
vn 0.9748784899711609 -0.16967959702014923 0.1442939043045044
vn -0.7867048382759094 0.6153064966201782 -0.049935679882764816
vn 0.9848731756210327 -0.1415279656648636 0.0999733954668045
vn -0.8469793200492859 0.5139216184616089 0.13605432212352753
vn -0.8741322755813599 0.4681887924671173 0.12919765710830688
vn 0.9826880693435669 -0.1664823740720749 0.08128836750984192
vn 0.9918440580368042 -0.08420312404632568 0.09568285197019577
vn -0.9139547348022461 0.3209529519081116 0.24834641814231873
vn -0.8494347333908081 0.41212472319602966 0.3295661211013794
vn 0.9925210475921631 -0.026633352041244507 0.11913295835256577
vn -0.9119207859039307 0.2505389153957367 0.3250087797641754
vn -0.8472151756286621 0.27390140295028687 0.45519721508026123
vn 0.9915537238121033 0.011673533357679844 0.12917055189609528
vn -0.8945664167404175 0.22284552454948425 0.38741549849510193
vn -0.8208973407745361 0.21846197545528412 0.5276380181312561
vn 0.9901735782623291 0.04521017521619797 0.13233423233032227
vn -0.8749804496765137 0.2093810886144638 0.4365418553352356
vn -0.7905485033988953 0.1994263231754303 0.5790183544158936
vn 0.9883082509040833 0.07887600362300873 0.13048146665096283
vn -0.8966640830039978 0.18776576220989227 0.40092089772224426
vn -0.9020503163337708 0.15343362092971802 0.4034395217895508
vn -0.7932676076889038 0.1864107996225357 0.5796356797218323
vn 0.985238790512085 0.11313550919294357 0.12847138941287994
vn -0.9518011808395386 0.11211804300546646 0.2854892611503601
vn -0.849335253238678 0.17182539403438568 0.4991048574447632
vn 0.9755975604057312 0.15876972675323486 0.15166281163692474
vn -0.9510086178779602 0.055377233773469925 0.3041643500328064
vn 0.961958110332489 0.20715011656284332 0.1781163364648819
vn -0.8510408401489258 0.1353074461221695 0.5073671340942383
vn 0.9550386071205139 0.24223700165748596 0.17094597220420837
vn -0.9513381123542786 -0.028466084972023964 0.3068314790725708
vn 0.9559611678123474 0.207290381193161 0.20777158439159393
vn -0.8500587940216064 0.0847439244389534 0.5198254585266113
vn 0.9465413689613342 0.25016406178474426 0.20365993678569794
vn -0.952233612537384 -0.12804672122001648 0.2772276699542999
vn -0.8669599890708923 -0.00013289085472933948 0.4983777701854706
vn 0.9432632327079773 0.19943569600582123 0.265480637550354
vn -0.9461374878883362 -0.248322993516922 0.20774869620800018
vn -0.9001580476760864 -0.3353722393512726 0.27792254090309143
vn -0.8931078314781189 -0.14817893505096436 0.4247369170188904
vn 0.938039243221283 0.11041642725467682 0.3284671902656555
vn -0.9148241281509399 -0.35001134872436523 0.20146672427654266
vn -0.9035694599151611 -0.1869456022977829 0.3855043649673462
vn 0.9076999425888062 -0.00853719376027584 0.41953301429748535
vn -0.9308773875236511 -0.33788159489631653 0.13893654942512512
vn -0.9270861744880676 -0.3192395269870758 0.19646203517913818
vn 0.8690038323402405 -0.11983836442232132 0.48007407784461975
vn -0.9209513068199158 -0.2626008987426758 0.28790536522865295
vn 0.8781983852386475 -0.14992861449718475 0.4541904926300049
vn -0.9535960555076599 -0.2824304699897766 0.10434383898973465
vn 0.8589507937431335 -0.2111547291278839 0.466494619846344
vn 0.8477713465690613 -0.18113036453723907 0.49847322702407837
vn 0.848487377166748 -0.20681993663311005 0.4871291220188141
vn -0.9696594476699829 -0.24060705304145813 0.043231140822172165
vn 0.8767962455749512 -0.15017113089561462 0.456811785697937
vn -0.9635167717933655 -0.26740214228630066 0.011468050070106983
vn 0.9077735543251038 -0.06647007912397385 0.41416049003601074
vn 0.9116476774215698 -0.09176965057849884 0.4005957543849945
vn 0.9397183656692505 -0.01469525694847107 0.34163349866867065
vn -0.9415638446807861 -0.33683353662490845 0.0008210939704440534
vn -0.9062690138816833 -0.4225878119468689 0.009804359637200832
vn 0.9507959485054016 0.03939787298440933 0.3073027431964874
vn -0.8687520623207092 -0.4945407509803772 -0.02644422836601734
vn 0.9562711119651794 0.055852167308330536 0.2870994508266449
vn -0.8470202088356018 -0.5308537483215332 -0.027408409863710403
vn -0.8260626196861267 -0.5634257197380066 -0.013116098940372467
vn -0.8509815335273743 -0.5246053338050842 0.02489372529089451
vn 0.9584887623786926 0.023649081587791443 0.2841479480266571
vn -0.8182971477508545 -0.5744116306304932 -0.021001974120736122
vn -0.8090752363204956 -0.586571455001831 -0.036485470831394196
vn 0.9500340223312378 -0.07454497367143631 0.30311450362205505
vn -0.779693067073822 -0.6250876784324646 -0.03666306659579277
vn -0.7902861833572388 -0.612612783908844 -0.012388842180371284
vn 0.9266223907470703 -0.22755669057369232 0.29931408166885376
vn -0.7624194025993347 -0.6469258069992065 -0.014274275861680508
vn 0.8637504577636719 -0.3652409613132477 0.34718048572540283
vn -0.734537661075592 -0.6781530380249023 0.02372441627085209
vn 0.7718473672866821 -0.5041965246200562 0.38734689354896545
vn -0.7008534073829651 -0.7114912271499634 0.050841834396123886
vn 0.6658269762992859 -0.6123652458190918 0.4262431859970093
vn -0.6340747475624084 -0.7669101357460022 0.09898612648248672
vn 0.4988446831703186 -0.7489978671073914 0.4360690414905548
vn -0.5632578134536743 -0.8118940591812134 0.15352113544940948
vn 0.30675622820854187 -0.8362749218940735 0.4544721841812134
vn 0.06789500266313553 -0.899233341217041 0.4321686029434204
vn -0.1478460729122162 -0.9211816787719727 0.3599525988101959
vn -0.2902998924255371 -0.9118752479553223 0.29018890857696533
vn -0.4445038437843323 -0.8683598637580872 0.2199261486530304
vn 0.4880789518356323 0.8670713901519775 -0.0998309776186943
vn 0.1525764763355255 0.9817795157432556 -0.11326673626899719
vn -0.11322915554046631 0.9891017079353333 -0.09411182254552841
vn -0.2395942360162735 0.9667849540710449 -0.08900268375873566
vn -0.34559082984924316 0.9371491074562073 -0.048151060938835144
vn 0.7939617037773132 0.5996457934379578 -0.10024842619895935
vn -0.44619670510292053 0.8945285081863403 0.026966959238052368
vn -0.5074642896652222 0.8568856120109558 0.0907033383846283
vn -0.4338929057121277 0.8902057409286499 0.13881871104240417
vn 0.9462612867355347 0.3225683867931366 -0.02322182059288025
vn -0.5264502763748169 0.8359102010726929 0.15525545179843903
vn -0.5105298161506653 0.8282961249351501 0.23083513975143433
vn -0.43547433614730835 0.8804709315299988 0.1874382346868515
vn -0.4058590233325958 0.905279278755188 0.12549057602882385
vn -0.5172936320304871 0.815765917301178 0.2587146461009979
vn 0.9931108951568604 0.10999056696891785 0.04040829464793205
vn -0.3992638885974884 0.8977540135383606 0.18608087301254272
vn -0.3865906596183777 0.8910442590713501 0.23788189888000488
vn -0.41099825501441956 0.9062398672103882 0.09904400259256363
vn -0.4984091520309448 0.7855439782142639 0.3667546510696411
vn -0.443144828081131 0.8200234770774841 0.36219358444213867
vn -0.38077834248542786 0.8662599325180054 0.32342174649238586
vn 0.997494101524353 -0.01803777739405632 0.0684121623635292
vn -0.4339980185031891 0.8766879439353943 0.2075188159942627
vn -0.4946928918361664 0.857720673084259 0.13997924327850342
vn -0.5791176557540894 0.814932644367218 0.022529738023877144
vn -0.31674307584762573 0.8244491219520569 0.46899622678756714
vn -0.36638376116752625 0.8612949252128601 0.35204264521598816
vn 0.9941160082817078 -0.07944142073392868 0.07363758981227875
vn -0.7136262059211731 0.6987082362174988 0.05044281482696533
vn -0.81676185131073 0.5591580271720886 0.14227628707885742
vn -0.6609867811203003 0.7090057730674744 0.24577896296977997
vn 0.9885834455490112 -0.14013749361038208 0.055356115102767944
vn -0.8629567623138428 0.37789613008499146 0.3354104459285736
vn 0.9875373840332031 -0.14857763051986694 0.05190972238779068
vn -0.7835440039634705 0.4068572521209717 0.4696020483970642
vn 0.9935742616653442 -0.1018683910369873 0.049326200038194656
vn -0.8138628602027893 0.30587896704673767 0.4940296411514282
vn 0.9891945123672485 -0.14212320744991302 0.03598879650235176
vn -0.7341023683547974 0.21650907397270203 0.6435973048210144
vn 0.9963282942771912 -0.04205285757780075 0.07457571476697922
vn -0.7337011694908142 0.21985606849193573 0.6429198384284973
vn -0.637245774269104 0.1585705578327179 0.7541705369949341
vn 0.9967254996299744 -0.00995082501322031 0.08024556189775467
vn -0.6959565281867981 0.1783374845981598 0.6955862641334534
vn -0.5057615637779236 0.1431155800819397 0.8507192134857178
vn -0.6130474209785461 0.1604182869195938 0.7735882997512817
vn 0.995167076587677 0.02057749219238758 0.09601633995771408
vn -0.6681931018829346 0.18006213009357452 0.7218695282936096
vn -0.5298348665237427 0.1850256770849228 0.8276718258857727
vn -0.5183901786804199 0.1606978178024292 0.8399094343185425
vn -0.5772993564605713 0.15701694786548615 0.8012934327125549
vn 0.9926573634147644 0.057066600769758224 0.10665230453014374
vn -0.6633596420288086 0.20255152881145477 0.7203658223152161
vn -0.7568330764770508 0.20321425795555115 0.621214747428894
vn -0.5273829102516174 0.20402443408966064 0.8247674107551575
vn -0.559647798538208 0.18856708705425262 0.8069924712181091
vn 0.9868527054786682 0.09597204625606537 0.13004262745380402
vn -0.7169426679611206 0.19024024903774261 0.6706727147102356
vn -0.5486301183700562 0.2560674846172333 0.7958860397338867
vn -0.5362594127655029 0.22661694884300232 0.8130624890327454
vn -0.6159244775772095 0.21006034314632416 0.7592836618423462
vn 0.9800447821617126 0.11258861422538757 0.16381701827049255
vn -0.7176895141601562 0.1720508486032486 0.6747742295265198
vn -0.5925022959709167 0.3204262852668762 0.7390995025634766
vn -0.5531084537506104 0.27310964465141296 0.7870718836784363
vn -0.6001189947128296 0.22371797263622284 0.7679892182350159
vn 0.9639154672622681 0.15074822306632996 0.21941283345222473
vn -0.7504212260246277 0.1384679228067398 0.6462929844856262
vn 0.9447750449180603 0.17949099838733673 0.2741954028606415
vn -0.6015947461128235 0.3437923491001129 0.7210343480110168
vn -0.6295019388198853 0.23888544738292694 0.7393653392791748
vn 0.9429222345352173 0.21434731781482697 0.25485873222351074
vn -0.82029128074646 0.0784342885017395 0.566542387008667
vn 0.9272505044937134 0.15112029016017914 0.34259188175201416
vn -0.7128453850746155 0.24639198184013367 0.6566144227981567
vn 0.9271287322044373 0.15708623826503754 0.34022966027259827
vn -0.8694326281547546 -0.01672813482582569 0.49376821517944336
vn -0.8539959788322449 -0.04173688963055611 0.5186029672622681
vn 0.8988718390464783 0.09478707611560822 0.4278375208377838
vn -0.8019466996192932 0.12696567177772522 0.5837475657463074
vn 0.9150171279907227 0.06487929821014404 0.39816370606422424
vn -0.8856703042984009 -0.13767987489700317 0.4434325098991394
vn 0.8888157606124878 -0.043869178742170334 0.4561600685119629
vn 0.8769931793212891 0.010549847036600113 0.48038700222969055
vn 0.850412905216217 -0.0876663476228714 0.5187605619430542
vn -0.9363646507263184 -0.19932514429092407 0.2889476418495178
vn 0.844675600528717 -0.15873636305332184 0.511200487613678
vn -0.9735444784164429 -0.16431495547294617 0.1587820053100586
vn 0.8658340573310852 -0.1666116863489151 0.4717753529548645
vn -0.9798866510391235 -0.17336511611938477 0.09882700443267822
vn 0.8965734839439392 -0.13333451747894287 0.42234811186790466
vn 0.9005271196365356 -0.12475831061601639 0.41651690006256104
vn 0.9348578453063965 -0.06021527200937271 0.3498784303665161
vn -0.9717237949371338 -0.22507540881633759 0.0713716670870781
vn 0.9554263353347778 0.015136881731450558 0.29484131932258606
vn -0.9483143091201782 -0.3109916150569916 0.06312005966901779
vn -0.9068915843963623 -0.41216087341308594 0.08758457750082016
vn 0.961618959903717 0.0580965019762516 0.26816749572753906
vn -0.8749076128005981 -0.48284873366355896 0.03733301907777786
vn -0.8564133644104004 -0.502832293510437 0.11711477488279343
vn 0.9656382203102112 0.061604131013154984 0.2524831295013428
vn -0.8357951641082764 -0.5462907552719116 0.054889071732759476
vn 0.9699410200119019 0.01713591441512108 0.24273626506328583
vn -0.8432208895683289 -0.5330920219421387 0.06922123581171036
vn 0.9670513272285461 -0.08284373581409454 0.24072527885437012
vn -0.834649920463562 -0.5497028827667236 0.03444414213299751
vn -0.7819522619247437 -0.6207294464111328 0.056970398873090744
vn 0.9346252083778381 -0.23068955540657043 0.270662397146225
vn -0.7452429533004761 -0.6665878295898438 0.01654265820980072
vn 0.8653199672698975 -0.37758973240852356 0.3296169340610504
vn -0.7031811475753784 -0.7016641497612 0.1149074137210846
vn 0.7475740909576416 -0.5365892648696899 0.3914140462875366
vn -0.6800921559333801 -0.7290096879005432 0.07758632302284241
vn 0.6419820785522461 -0.639736533164978 0.42260661721229553
vn -0.5778807997703552 -0.8019058704376221 0.15166009962558746
vn 0.4953995645046234 -0.7425856590270996 0.450717031955719
vn -0.5123187303543091 -0.837117612361908 0.1917383372783661
vn 0.32279258966445923 -0.839766263961792 0.43657487630844116
vn 0.1433897465467453 -0.8835211992263794 0.4459032118320465
vn -0.030408049002289772 -0.9047606587409973 0.42483362555503845
vn -0.19509483873844147 -0.9042949080467224 0.3797219395637512
vn -0.3642648160457611 -0.8800607919692993 0.3046377897262573
vn 0.4427286386489868 0.8950559496879578 -0.053537193685770035
vn 0.06444738805294037 0.9977290630340576 -0.01957574114203453
vn -0.15750518441200256 0.9875102639198303 -0.003960412461310625
vn -0.3407130837440491 0.9371469020843506 0.0753016248345375
vn 0.7941316366195679 0.6050845384597778 -0.05681220069527626
vn -0.4544336497783661 0.8625742197036743 0.22238659858703613
vn -0.5040234923362732 0.82880699634552 0.24297995865345
vn -0.463402658700943 0.8607773780822754 0.210523784160614
vn 0.9508978724479675 0.309019535779953 0.017326319590210915
vn -0.5248966217041016 0.7854352593421936 0.3279865086078644
vn -0.5278421640396118 0.778892993927002 0.3386862576007843
vn -0.5453640222549438 0.787199854850769 0.2879142463207245
vn -0.5196042656898499 0.7959135174751282 0.3106977939605713
vn 0.9913419485092163 0.10732056945562363 0.0756533145904541
vn -0.5255237817764282 0.762509822845459 0.37736397981643677
vn -0.5080416202545166 0.7362157106399536 0.4470795691013336
vn -0.3897727429866791 0.7635685205459595 0.5148208141326904
vn -0.31565508246421814 0.8112537264823914 0.49216794967651367
vn -0.5469107627868652 0.7717644572257996 0.32445064187049866
vn -0.5400130748748779 0.7628018856048584 0.3556952476501465
vn 0.9951010346412659 0.0008428808068856597 0.09885960817337036
vn -0.27028289437294006 0.7028461694717407 0.6579928398132324
vn -0.3078179657459259 0.7140034437179565 0.6288459300994873
vn -0.3769001066684723 0.7950995564460754 0.47514528036117554
vn -0.4735536277294159 0.8175451159477234 0.32766902446746826
vn -0.6014474630355835 0.6298143863677979 0.4915229082107544
vn -0.43601614236831665 0.6411430835723877 0.6315262913703918
vn -0.30635249614715576 0.6635379791259766 0.6825433969497681
vn 0.9947121739387512 -0.06143753230571747 0.08229875564575195
vn -0.5175359845161438 0.6575493812561035 0.5475265383720398
vn -0.6928703188896179 0.5171916484832764 0.5024375915527344
vn -0.5355462431907654 0.562163770198822 0.6302079558372498
vn -0.35431599617004395 0.5322923064231873 0.7688465714454651
vn -0.2507752478122711 0.539374053478241 0.8038578629493713
vn -0.2537052035331726 0.5754263401031494 0.7775077819824219
vn -0.3269370496273041 0.6410712003707886 0.6943629384040833
vn 0.991902232170105 -0.10601730644702911 0.06993139535188675
vn -0.5809254050254822 0.29239583015441895 0.7596251368522644
vn -0.49341991543769836 0.4591120779514313 0.7387508749961853
vn -0.29015639424324036 0.40379026532173157 0.867618978023529
vn -0.2143978327512741 0.3859761357307434 0.8972491025924683
vn -0.2542802095413208 0.39374998211860657 0.8833473324775696
vn -0.42808520793914795 0.4255084693431854 0.7972989678382874
vn 0.9891819953918457 -0.1362670511007309 0.05431681498885155
vn -0.50987309217453 0.15633967518806458 0.8459239602088928
vn 0.9915176033973694 -0.12491250783205032 0.035913027822971344
vn -0.5694753527641296 0.39079514145851135 0.7231714725494385
vn -0.35900068283081055 0.35140201449394226 0.8646589517593384
vn -0.2521565854549408 0.3049262464046478 0.918388307094574
vn -0.24834780395030975 0.2598447799682617 0.9331688284873962
vn -0.3559231460094452 0.2395615577697754 0.9032878875732422
vn 0.9955683946609497 -0.08011080324649811 0.04925362393260002
vn -0.4751514792442322 0.12919579446315765 0.8703674674034119
vn -0.418710857629776 0.14591485261917114 0.8963203430175781
vn -0.42070314288139343 0.42406541109085083 0.8019834160804749
vn -0.3315347731113434 0.33166778087615967 0.8832221031188965
vn -0.2828907072544098 0.24403558671474457 0.9275879859924316
vn -0.3546278774738312 0.17976351082324982 0.9175642728805542
vn 0.9965076446533203 -0.03911737725138664 0.07377257198095322
vn -0.46747756004333496 0.18968702852725983 0.8634138703346252
vn -0.5603756904602051 0.2893006503582001 0.7760697603225708
vn -0.5007542371749878 0.46204328536987305 0.731957197189331
vn -0.39491862058639526 0.24617613852024078 0.8851195573806763
vn 0.9953451156616211 -0.003588868537917733 0.0963081568479538
vn -0.6820186972618103 0.23611368238925934 0.6921710968017578
vn -0.5925699472427368 0.20389947295188904 0.7792854905128479
vn 0.9912083148956299 0.030695829540491104 0.12870076298713684
vn -0.6258296966552734 0.26829177141189575 0.7323638796806335
vn -0.7152411937713623 0.2357960343360901 0.657898485660553
vn 0.9833171367645264 0.05982794612646103 0.1717793494462967
vn -0.6448920965194702 0.307189404964447 0.6998206377029419
vn 0.9707788228988647 0.0772278755903244 0.2272099256515503
vn -0.7136915326118469 0.3713795244693756 0.5939037203788757
vn -0.6476094722747803 0.37566426396369934 0.6629316210746765
vn 0.954255223274231 0.07613521069288254 0.28913751244544983
vn -0.6390792727470398 0.4186851680278778 0.6451979279518127
vn -0.7028348445892334 0.3934035897254944 0.5926693081855774
vn -0.7167114019393921 0.42979952692985535 0.5491786003112793
vn 0.9347497224807739 0.11710618436336517 0.335453599691391
vn -0.7802059054374695 0.26195600628852844 0.5680297613143921
vn -0.767903745174408 0.3693288266658783 0.5233737230300903
vn 0.9023862481117249 0.08267280459403992 0.42292341589927673
vn -0.8380875587463379 0.058856409043073654 0.542351484298706
vn 0.8688324689865112 -0.0033114319667220116 0.49509507417678833
vn -0.904768705368042 -0.01603732444345951 0.4256012439727783
vn 0.86229407787323 -0.05246646702289581 0.5036826729774475
vn 0.8553718328475952 -0.0946507602930069 0.5092940330505371
vn -0.951343834400177 -0.04912598803639412 0.3041899800300598
vn 0.8724915385246277 -0.08759219944477081 0.48071423172950745
vn 0.8647735118865967 -0.13637743890285492 0.4832886755466461
vn -0.9702306389808655 -0.07356512546539307 0.23073962330818176
vn 0.8877571821212769 -0.131558358669281 0.44111180305480957
vn 0.8872392773628235 -0.10877235233783722 0.4483024477958679
vn 0.9191505312919617 -0.07611052691936493 0.38648349046707153
vn -0.9731705188751221 -0.11483054608106613 0.19938193261623383
vn 0.9458439350128174 -0.011599470861256123 0.32441434264183044
vn -0.9656886458396912 -0.1783248484134674 0.18880069255828857
vn 0.9535510540008545 0.04123297333717346 0.2983960807323456
vn -0.9462331533432007 -0.26909488439559937 0.17952919006347656
vn -0.8837657570838928 -0.4013923108577728 0.24050435423851013
vn 0.9550672769546509 0.07570696622133255 0.28655728697776794
vn -0.8650607466697693 -0.46805456280708313 0.18054036796092987
vn -0.837513267993927 -0.4701787829399109 0.27839455008506775
vn 0.9582025408744812 0.07637587934732437 0.27570754289627075
vn -0.8470078110694885 -0.4963599741458893 0.19027495384216309
vn 0.9639719724655151 0.03246799111366272 0.2640151083469391
vn -0.8639323711395264 -0.46481263637542725 0.19383029639720917
vn 0.9616805911064148 -0.06824121624231339 0.26554402709007263
vn -0.8539031744003296 -0.49624720215797424 0.1568058282136917
vn -0.745668888092041 -0.6323871612548828 0.20991522073745728
vn 0.9135437607765198 -0.25471651554107666 0.31710776686668396
vn -0.6947644352912903 -0.6994858384132385 0.1673976182937622
vn 0.8431471586227417 -0.40063536167144775 0.35860031843185425
vn -0.6159991025924683 -0.7009662389755249 0.35943230986595154
vn 0.70979243516922 -0.5422378182411194 0.4496363401412964
vn -0.6528433561325073 -0.7241007089614868 0.22242680191993713
vn 0.5743505954742432 -0.657423734664917 0.48776575922966003
vn -0.5423473715782166 -0.7875771522521973 0.2925432622432709
vn -0.5039591193199158 -0.7340162396430969 0.4552420675754547
vn 0.4286775290966034 -0.7035447359085083 0.5667983889579773
vn -0.42444533109664917 -0.8419194221496582 0.3331933617591858
vn 0.3288193345069885 -0.7946588397026062 0.5102894306182861
vn 0.17494501173496246 -0.8325930237770081 0.5255314111709595
vn 0.03786320611834526 -0.8492004871368408 0.5267114043235779
vn -0.10834834724664688 -0.8593034148216248 0.4998582899570465
vn -0.269883930683136 -0.8569305539131165 0.43912720680236816
vn 0.2388707995414734 -0.7248085141181946 0.6462146639823914
vn 0.09591135382652283 -0.7431687712669373 0.6621942520141602
vn -0.031406618654727936 -0.7609476447105408 0.6480527520179749
vn -0.17519433796405792 -0.7745193839073181 0.6078047752380371
vn -0.3290935456752777 -0.7803288102149963 0.5317746996879578
vn 0.41429466009140015 0.9101318717002869 0.0044679236598312855
vn -0.02686615288257599 0.9993374943733215 0.024552978575229645
vn -0.3084862530231476 0.9463618993759155 0.09610097855329514
vn 0.7988122701644897 0.6015259027481079 -0.008105640299618244
vn -0.49234429001808167 0.8462067246437073 0.20379215478897095
vn 0.9533880352973938 0.2899142801761627 0.08367171138525009
vn -0.5719379186630249 0.774651050567627 0.26981988549232483
vn -0.5726597309112549 0.7611870169639587 0.3043931722640991
vn 0.9832308888435364 0.11484596878290176 0.1416597068309784
vn -0.5591183304786682 0.7790908813476562 0.2835562527179718
vn -0.5585798621177673 0.7808468341827393 0.27976202964782715
vn -0.6029581427574158 0.7182973027229309 0.3471176326274872
vn -0.5793635845184326 0.7697492241859436 0.2680000066757202
vn 0.9889436960220337 0.026313146576285362 0.14593841135501862
vn -0.7093398571014404 0.6415237784385681 0.29203471541404724
vn -0.6780285835266113 0.5642257332801819 0.4710908532142639
vn 0.9655401110649109 0.026929764077067375 0.2588573098182678
vn 0.9917839765548706 -0.05043024197220802 0.11756442487239838
vn -0.661702036857605 0.5646060705184937 0.4933258593082428
vn -0.6863574981689453 0.5474122166633606 0.4788040220737457
vn -0.75363689661026 0.5731818079948425 0.3217049241065979
vn 0.9886192083358765 -0.09445635974407196 0.1170903742313385
vn -0.7161606550216675 0.4896096885204315 0.4973895847797394
vn -0.7936013340950012 0.501006543636322 0.34523817896842957
vn 0.988182544708252 -0.11452430486679077 0.10187943279743195
vn -0.7599719762802124 0.4725516140460968 0.44624844193458557
vn 0.9902105331420898 -0.12532784044742584 0.0614498145878315
vn -0.6341552734375 0.42999953031539917 0.6426099538803101
vn 0.991095781326294 -0.09825760126113892 0.08985859155654907
vn -0.5631799697875977 0.5358898043632507 0.6290074586868286
vn -0.6015906929969788 0.5888174176216125 0.5397987365722656
vn -0.7310393452644348 0.5611745119094849 0.3881554901599884
vn 0.9917365312576294 -0.05693354830145836 0.11496646702289581
vn -0.5979365706443787 0.5867023468017578 0.5461247563362122
vn -0.6785895228385925 0.5752267241477966 0.456760972738266
vn -0.7191993594169617 0.6011090278625488 0.3484540283679962
vn 0.9876369833946228 -0.03200211375951767 0.15345729887485504
vn -0.7411738038063049 0.43138861656188965 0.514359176158905
vn -0.7682357430458069 0.5470439791679382 0.3325009346008301
vn 0.9771885275840759 -0.010288944467902184 0.212124302983284
vn -0.8310176134109497 0.28741657733917236 0.4762367308139801
vn -0.7610189914703369 0.293057918548584 0.578763484954834
vn 0.9639384150505066 0.01935512013733387 0.2654206156730652
vn -0.7619917988777161 0.33879759907722473 0.5518919229507446
vn -0.8454433083534241 0.32320621609687805 0.42516273260116577
vn 0.9467112421989441 0.028299404308199883 0.3208380937576294
vn -0.8067753911018372 0.3806990385055542 0.45186474919319153
vn -0.856225848197937 0.3553764820098877 0.3749465346336365
vn 0.9179614186286926 0.03611287102103233 0.39502236247062683
vn -0.7793067097663879 0.42194226384162903 0.4632987976074219
vn -0.7746450901031494 0.41601815819740295 0.47629183530807495
vn 0.8776970505714417 0.027406373992562294 0.4784315824508667
vn -0.8384187817573547 0.38821035623550415 0.3825528919696808
vn 0.9003841280937195 0.05949025973677635 0.43100976943969727
vn -0.7798165678977966 0.3824206292629242 0.49562156200408936
vn -0.8021513223648071 0.32072603702545166 0.5036745667457581
vn 0.8690852522850037 0.03177850320935249 0.4936405122280121
vn -0.7976187467575073 0.3694060146808624 0.4768056571483612
vn 0.8813306093215942 0.03423517942428589 0.4712582528591156
vn -0.8534215688705444 0.17304706573486328 0.4916567802429199
vn 0.8646836876869202 -0.011530496180057526 0.5021843910217285
vn 0.8607150912284851 0.010443365201354027 0.508979856967926
vn -0.8234869837760925 0.25704747438430786 0.5057625770568848
vn 0.8582431674003601 -0.018936406821012497 0.5128938555717468
vn -0.9006251096725464 0.08179538697004318 0.4268302023410797
vn -0.8379135131835938 0.17414692044258118 0.5172753930091858
vn 0.8728495836257935 -0.0401884987950325 0.4863317012786865
vn -0.9224373698234558 0.02861628122627735 0.3850848972797394
vn -0.8441015481948853 0.11005623638629913 0.5247668027877808
vn 0.9042088389396667 -0.047361135482788086 0.4244564473628998
vn -0.9282485246658325 -0.020087072625756264 0.37141793966293335
vn 0.9168708324432373 -0.013226914219558239 0.3989649713039398
vn -0.8381262421607971 0.05425142124295235 0.5427717566490173
vn 0.9300906658172607 -0.023751813918352127 0.3665613532066345
vn -0.9200783967971802 -0.07726438343524933 0.3840390145778656
vn 0.9121145606040955 -0.021951740607619286 0.40934720635414124
vn -0.8176450729370117 -0.007029877044260502 0.5756797790527344
vn 0.9328051805496216 0.00957134086638689 0.36025387048721313
vn -0.9025346040725708 -0.13470469415187836 0.4090060889720917
vn 0.8795357346534729 -0.01446196623146534 0.475612998008728
vn -0.7843040227890015 -0.07728896290063858 0.6155434250831604
vn 0.924902617931366 0.053822729736566544 0.37637513875961304
vn -0.8939457535743713 -0.21718527376651764 0.3920351266860962
vn -0.812420666217804 -0.3202440142631531 0.48725396394729614
vn 0.8384381532669067 0.04417578503489494 0.5432034730911255
vn -0.7451310753822327 -0.1783590316772461 0.642625629901886
vn 0.9167810678482056 0.09535375237464905 0.3878403902053833
vn -0.8013412356376648 -0.3881295919418335 0.4552006721496582
vn -0.7828103303909302 -0.38242998719215393 0.49087199568748474
vn 0.8096805214881897 0.1138354241847992 0.5757247805595398
vn -0.6882280707359314 -0.2476912885904312 0.6819027066230774
vn 0.9160656332969666 0.10754255205392838 0.38633984327316284
vn -0.7961925268173218 -0.38894936442375183 0.4634607434272766
vn 0.797458827495575 0.14042368531227112 0.5868054628372192
vn -0.6250662803649902 -0.2251318395137787 0.74740070104599
vn 0.9205839037895203 0.07548481971025467 0.3831805884838104
vn -0.8301605582237244 -0.36155903339385986 0.42439204454421997
vn 0.7840216159820557 0.10821089893579483 0.6112287044525146
vn -0.6778072714805603 -0.2603873908519745 0.6875868439674377
vn 0.9192522168159485 -0.018455468118190765 0.3932363986968994
vn -0.819896399974823 -0.4246775209903717 0.38395172357559204
vn -0.6861041188240051 -0.5352054238319397 0.4927639663219452
vn 0.7461174726486206 -0.011506516486406326 0.6657149195671082
vn -0.0912681296467781 -0.183187335729599 0.9788322448730469
vn -0.6435768604278564 -0.35086920857429504 0.6802202463150024
vn 0.8732125759124756 -0.21315792202949524 0.43825051188468933
vn -0.6082731485366821 -0.6271125078201294 0.4865528643131256
vn 0.7332560420036316 -0.4216916263103485 0.5333964824676514
vn -0.45142263174057007 -0.6134048700332642 0.6480371356010437
vn -0.5038278698921204 -0.5929057002067566 0.6281881332397461
vn 0.6967387795448303 -0.27371859550476074 0.6630483865737915
vn -0.05326170101761818 -0.29749560356140137 0.9532364010810852
vn -0.14068016409873962 -0.3412722051143646 0.9293774366378784
vn -0.20184487104415894 -0.30223506689071655 0.9316182732582092
vn -0.33531510829925537 -0.4217223823070526 0.8424452543258667
vn -0.48990726470947266 -0.43907105922698975 0.7531318068504333
vn 0.594235360622406 -0.5078389644622803 0.6236857771873474
vn -0.3655524253845215 -0.6571575403213501 0.6591778993606567
vn 0.5072900652885437 -0.6399201154708862 0.5771993398666382
vn 0.3367787003517151 -0.6549608111381531 0.676466166973114
vn 0.1523362547159195 -0.6132103204727173 0.7750914692878723
vn 0.03692351281642914 -0.613247275352478 0.7890275120735168
vn -0.09323750436306 -0.6309598684310913 0.7701924443244934
vn -0.22334083914756775 -0.6381839513778687 0.7367768883705139
vn 0.3552223742008209 -0.5496299266815186 0.7561243176460266
vn 0.17016685009002686 -0.5231323838233948 0.8350902795791626
vn 0.04848039895296097 -0.4464256167411804 0.8935065269470215
vn -0.032108694314956665 -0.4709511697292328 0.8815747499465942
vn -0.1343204826116562 -0.46567296981811523 0.8747037649154663
vn -0.27041345834732056 -0.48322513699531555 0.8326884508132935
vn 0.46222370862960815 0.8715806603431702 0.16339072585105896
vn -0.07002577185630798 0.9876624345779419 0.14006897807121277
vn -0.3516010344028473 0.926115870475769 0.13669702410697937
vn 0.815892219543457 0.5699313879013062 0.09745822846889496
vn -0.5059356093406677 0.8260859251022339 0.24821609258651733
vn -0.24655210971832275 0.9053163528442383 0.34585312008857727
vn -0.385057657957077 0.8894814848899841 0.24607574939727783
vn 0.9335836172103882 0.29290124773979187 0.20647156238555908
vn -0.5470544099807739 0.7813219428062439 0.3004455268383026
vn -0.47207239270210266 0.7970454096794128 0.3766513764858246
vn 0.9546694755554199 0.17427043616771698 0.24132139980793
vn -0.5605462789535522 0.7765820622444153 0.2875903248786926
vn 0.9619898796081543 0.08744961768388748 0.25870469212532043
vn -0.5613036751747131 0.7914577126502991 0.24193571507930756
vn -0.5584944486618042 0.794374406337738 0.23885829746723175
vn -0.6020989418029785 0.7822632193565369 0.15981584787368774
vn 0.89583420753479 0.1701400727033615 0.4105282723903656
vn -0.5378978848457336 0.7963539361953735 0.27656179666519165
vn -0.6500207781791687 0.7556423544883728 0.08048448711633682
vn 0.8970902562141418 0.10636475682258606 0.4288538992404938
vn -0.7246346473693848 0.6753954887390137 0.13691461086273193
vn 0.937716007232666 0.01645473577082157 0.34701284766197205
vn 0.978865385055542 -0.031818415969610214 0.2020152509212494
vn -0.7867786288261414 0.585662841796875 0.19488053023815155
vn -0.8056796789169312 0.5254582762718201 0.2734483480453491
vn 0.9455991983413696 -0.0029996843077242374 0.3253202438354492
vn 0.9796109795570374 -0.06033693253993988 0.19162945449352264
vn -0.8449881672859192 0.4894050657749176 0.215586856007576
vn -0.8034695386886597 0.5100644826889038 0.30703577399253845
vn 0.9552348256111145 -0.04469677060842514 0.2924528121948242
vn 0.9787428379058838 -0.09591548889875412 0.18128074705600739
vn -0.8027543425559998 0.5260639786720276 0.28078845143318176
vn 0.9829902648925781 -0.12956087291240692 0.13016954064369202
vn 0.9641947150230408 -0.10843464732170105 0.24201349914073944
vn -0.8355712890625 0.5068341493606567 0.21198995411396027
vn 0.9766066074371338 -0.09556443244218826 0.19263188540935516
vn -0.7931331396102905 0.5515475273132324 0.2583315670490265
vn -0.7472327947616577 0.5991270542144775 0.2875588536262512
vn 0.9768436551094055 -0.06916730105876923 0.20246580243110657
vn -0.7687844038009644 0.599592387676239 0.2223948985338211
vn -0.7606766223907471 0.5871294140815735 0.2768576741218567
vn 0.9613007307052612 -0.07653429359197617 0.26465722918510437
vn -0.8123721480369568 0.52714604139328 0.24933622777462006
vn -0.8181509375572205 0.47391247749328613 0.3256319463253021
vn 0.9284369349479675 -0.06794539839029312 0.3652237355709076
vn -0.8699976205825806 0.3731110394001007 0.3223233222961426
vn 0.8609039187431335 -0.08051897585391998 0.502355694770813
vn -0.8558893203735352 0.44348108768463135 0.2660415470600128
vn 0.9206930994987488 -0.020277779549360275 0.38976022601127625
vn -0.8872377872467041 0.3214699327945709 0.33085671067237854
vn 0.8640671968460083 -0.03947868570685387 0.5018259882926941
vn 0.9039635062217712 -0.012022405862808228 0.4274406135082245
vn -0.8868994116783142 0.33015739917755127 0.32311850786209106
vn 0.8658030033111572 -0.00856472086161375 0.5003116726875305
vn 0.861353874206543 -0.030518248677253723 0.5070880055427551
vn 0.8475633859634399 0.01515447162091732 0.5304778218269348
vn -0.8664429783821106 0.29775235056877136 0.4007743299007416
vn -0.8169593811035156 0.36444029211997986 0.4469459652900696
vn 0.8255457282066345 0.02925652451813221 0.5635764002799988
vn 0.8514232635498047 0.02353828027844429 0.5239508748054504
vn -0.8002203702926636 0.3369637429714203 0.49608758091926575
vn -0.7979119420051575 0.3130646347999573 0.515099048614502
vn 0.8412917852401733 0.04102370887994766 0.5390224456787109
vn -0.8127630949020386 0.2910335659980774 0.5046936273574829
vn 0.8560507893562317 0.016505759209394455 0.516628086566925
vn -0.7888434529304504 0.23210544884204865 0.5690809488296509
vn 0.8615413308143616 0.039228834211826324 0.5061695575714111
vn -0.7686449885368347 0.1862296760082245 0.6119668483734131
vn -0.7820631265640259 0.2676948308944702 0.5627759695053101
vn 0.8721656203269958 0.00034238494117744267 0.4892106354236603
vn -0.7674827575683594 0.15608413517475128 0.6217780709266663
vn 0.8844278454780579 0.03089096024632454 0.4656534194946289
vn -0.6877545714378357 0.07481422275304794 0.7220779061317444
vn -0.7388278841972351 0.1758759468793869 0.6505390405654907
vn 0.894833505153656 -0.0063722399063408375 0.4463546872138977
vn -0.7338687777519226 0.09700549393892288 0.6723291873931885
vn 0.9107871055603027 -0.000028009349989588372 0.41287630796432495
vn 0.9004472494125366 0.02076258324086666 0.4344695210456848
vn -0.552735447883606 -0.017975689843297005 0.8331629037857056
vn -0.6664237976074219 0.0978333130478859 0.7391265034675598
vn 0.9062274694442749 0.014681910164654255 0.4225355088710785
vn -0.6918933987617493 0.03988329693675041 0.7208972573280334
vn -0.304597944021225 -0.1748541295528412 0.9362938404083252
vn -0.3937903940677643 -0.1043439507484436 0.9132587313652039
vn -0.4581648111343384 -0.01102756429463625 0.8887988328933716
vn -0.5919163227081299 0.04798506945371628 0.8045697808265686
vn 0.901242733001709 -0.022388076409697533 0.4327358603477478
vn -0.6440675258636475 -0.016792885959148407 0.7647843360900879
vn -0.31269803643226624 -0.1223234161734581 0.9419431686401367
vn -0.26293545961380005 -0.07672461867332458 0.9617578983306885
vn -0.28493279218673706 -0.06485803425312042 0.9563507437705994
vn -0.37863221764564514 -0.032352566719055176 0.9249816536903381
vn -0.5207939743995667 0.004272409714758396 0.8536717891693115
vn 0.859736979007721 -0.08528905361890793 0.5035653710365295
vn -0.6116067171096802 -0.0654611885547638 0.7884491682052612
vn -0.26115748286247253 -0.08964581042528152 0.96112459897995
vn -0.24863597750663757 -0.029825938865542412 0.9681376814842224
vn -0.24842779338359833 -0.01415373757481575 0.968546986579895
vn -0.3203226327896118 -0.015150961466133595 0.9471873641014099
vn -0.4625306725502014 -0.020190684124827385 0.8863733410835266
vn 0.7262433171272278 -0.13184185326099396 0.6746765375137329
vn -0.6041451692581177 -0.11612769216299057 0.7883672714233398
vn -0.5121809840202332 -0.09501783549785614 0.8536054491996765
vn 0.3968711197376251 -0.18176965415477753 0.8996961712837219
vn 0.12446681410074234 -0.23912721872329712 0.9629777669906616
vn -0.01912805065512657 -0.21713101863861084 0.975955069065094
vn -0.10234860330820084 -0.17808005213737488 0.978678822517395
vn -0.19212397933006287 -0.10824786871671677 0.975382387638092
vn -0.19707803428173065 -0.01911891996860504 0.9802013635635376
vn -0.2166634351015091 0.0017002621898427606 0.9762449264526367
vn -0.2384951114654541 0.010323683731257915 0.9710888266563416
vn -0.2886560559272766 0.0019344687461853027 0.9574309587478638
vn -0.42768850922584534 -0.025478482246398926 0.9035670161247253
vn 0.6388258934020996 0.020975491032004356 0.7690653800964355
vn -0.5237772464752197 -0.11423835158348083 0.8441604971885681
vn -0.41905224323272705 -0.08527026325464249 0.9039492011070251
vn 0.3818865120410919 0.02883888967335224 0.9237592220306396
vn 0.1695500612258911 -0.05718304216861725 0.9838612079620361
vn 0.03402099013328552 -0.0889168456196785 0.9954578876495361
vn -0.04552926495671272 -0.0785127505660057 0.9958729147911072
vn -0.10396191477775574 -0.04801095649600029 0.9934217929840088
vn -0.15681195259094238 -0.006493205204606056 0.9876071214675903
vn -0.1927114725112915 0.017665959894657135 0.9810964465141296
vn -0.23155681788921356 0.021115286275744438 0.9725922346115112
vn -0.3319520950317383 -0.00806107185781002 0.9432618021965027
vn 0.6058276295661926 0.1199020966887474 0.7865090370178223
vn -0.452670156955719 -0.1224636510014534 0.8832283616065979
vn 0.36377450823783875 0.10906942188739777 0.9250794649124146
vn 0.17440374195575714 0.05716707557439804 0.983013391494751
vn 0.04881852865219116 0.014326493255794048 0.9987049102783203
vn -0.02211933769285679 -0.0032331841066479683 0.9997501373291016
vn -0.0710984319448471 -0.0014365367824211717 0.9974682927131653
vn -0.11917908489704132 0.009613056667149067 0.9928262829780579
vn -0.18313981592655182 0.016651548445224762 0.9829458594322205
vn -0.26795104146003723 -0.006318799685686827 0.963411808013916
vn 0.5813339948654175 0.1339254379272461 0.8025676012039185
vn -0.49227190017700195 -0.16600215435028076 0.8544657230377197
vn -0.05991320684552193 -0.04773881286382675 0.9970613718032837
vn 0.346592515707016 0.07935970276594162 0.9346527457237244
vn 0.16979855298995972 0.0766177549958229 0.982495903968811
vn 0.043663665652275085 0.05164172872900963 0.9977107048034668
vn -0.01432715728878975 0.028584955260157585 0.9994887113571167
vn -0.06299281120300293 0.01532116811722517 0.9978963732719421
vn -0.10912393778562546 0.005604868289083242 0.9940123558044434
vn -0.17608051002025604 -0.005144000519067049 0.9843623638153076
vn -0.2931634485721588 -0.036092113703489304 0.9553808569908142
vn 0.5490742921829224 0.043088968843221664 0.8346620798110962
vn -0.05184289813041687 -0.12477196753025055 0.99083012342453
vn -0.08804168552160263 -0.0507286936044693 0.9948242902755737
vn -0.46065911650657654 -0.25973427295684814 0.8487233519554138
vn -0.027364106848835945 -0.13834887742996216 0.9900054931640625
vn -0.14326758682727814 -0.14174163341522217 0.9794813990592957
vn -0.21982723474502563 -0.19292734563350677 0.9562714099884033
vn -0.30588582158088684 -0.2502995431423187 0.9185771346092224
vn 0.34437277913093567 -0.043236248195171356 0.9378369450569153
vn 0.15966582298278809 -0.007578754797577858 0.987142026424408
vn 0.04980834200978279 0.015562609769403934 0.9986375570297241
vn -0.021065963432192802 -0.009407813660800457 0.9997338652610779
vn -0.1317807286977768 -0.03487696871161461 0.9906651377677917
vn -0.18680666387081146 -0.07094042003154755 0.9798319935798645
vn -0.2987512946128845 -0.09841738641262054 0.9492427110671997
vn 0.5381231904029846 -0.2060270607471466 0.817298173904419
vn 0.009937671013176441 -0.26441121101379395 0.9643588662147522
vn 0.49958962202072144 -0.39196330308914185 0.7725121974945068
vn 0.23550985753536224 -0.38680610060691833 0.8915807008743286
vn 0.08658284693956375 -0.3182108998298645 0.9440578818321228
vn 0.3530724346637726 -0.2324158400297165 0.9062685966491699
vn 0.1570955216884613 -0.16518904268741608 0.9736701846122742
vn 0.0414663627743721 -0.10758380591869354 0.9933308959007263
vn 0.2628493905067444 0.8882059454917908 0.3768295645713806
vn 0.7478412985801697 0.5732718706130981 0.33480265736579895
vn 0.08470477908849716 0.794957160949707 0.6007230877876282
vn -0.25280341506004333 0.7775292992591858 0.575793981552124
vn 0.5372734665870667 0.5870870351791382 0.6055295467376709
vn 0.8305864334106445 0.3654680550098419 0.4201895594596863
vn -0.27143898606300354 0.7352999448776245 0.6210111975669861
vn 0.8330318331718445 0.286096453666687 0.47350478172302246
vn -0.39038708806037903 0.7550109028816223 0.5268363952636719
vn -0.4983446002006531 0.7866401076316833 0.36448609828948975
vn -0.5744711756706238 0.8027448654174805 0.15994852781295776
vn 0.5924671292304993 0.4293997585773468 0.6816146969795227
vn 0.1494973748922348 0.6109355092048645 0.7774370312690735
vn 0.7289031744003296 0.27928078174591064 0.6250619292259216
vn -0.4978017508983612 0.7852916717529297 0.36811742186546326
vn -0.5021379590034485 0.8601881265640259 0.08907238394021988
vn -0.6628367900848389 0.7193554639816284 0.20778612792491913
vn -0.48851221799850464 0.8351061344146729 0.2528904378414154
vn 0.39724233746528625 0.491902232170105 0.7747455835342407
vn -0.09076260030269623 0.6994293332099915 0.7089152336120605
vn -0.38755330443382263 0.788102388381958 0.4782228469848633
vn -0.5007059574127197 0.8329762816429138 0.23546594381332397
vn 0.7938902378082275 0.17436333000659943 0.5825254321098328
vn -0.7257698774337769 0.6607053875923157 0.1916416734457016
vn -0.41399702429771423 0.8601468205451965 0.2979160249233246
vn -0.5677223205566406 0.7799581289291382 0.2633565366268158
vn 0.8612970113754272 0.09374057501554489 0.4993797540664673
vn -0.7963718175888062 0.5758301615715027 0.18496370315551758
vn -0.8327357172966003 0.5216066241264343 0.1856822967529297
vn 0.9090194702148438 0.038538817316293716 0.41496792435646057
vn -0.8464479446411133 0.497358113527298 0.19016024470329285
vn 0.9420016407966614 -0.03897922858595848 0.3333369791507721
vn -0.8484275341033936 0.49397552013397217 0.19015520811080933
vn -0.8288578987121582 0.5260523557662964 0.19042988121509552
vn 0.9582863450050354 -0.048979368060827255 0.2815817594528198
vn -0.8131622672080994 0.5486083030700684 0.19441212713718414
vn -0.7874683141708374 0.5829194784164429 0.20024622976779938
vn 0.9466015100479126 -0.08783342689275742 0.3102109730243683
vn -0.7863572239875793 0.5865336060523987 0.19396042823791504
vn -0.7862868309020996 0.5803866982460022 0.21190644800662994
vn 0.8961761593818665 -0.14362643659114838 0.4198091924190521
vn -0.8111619353294373 0.53780597448349 0.22974134981632233
vn 0.8143946528434753 -0.17668351531028748 0.5527607202529907
vn 0.8158220648765564 -0.19121377170085907 0.5457761883735657
vn 0.7764091491699219 -0.12639175355434418 0.617425262928009
vn -0.85797518491745 0.44483068585395813 0.25691312551498413
vn -0.8816344141960144 0.3762584328651428 0.28486907482147217
vn 0.7194778919219971 -0.11626794189214706 0.6847140789031982
vn 0.797744631767273 -0.08244318515062332 0.5973329544067383
vn -0.8966151475906372 0.3253677487373352 0.300361692905426
vn 0.7534149289131165 -0.05425402894616127 0.6553032994270325
vn 0.8158019185066223 -0.03554324805736542 0.5772382020950317
vn -0.8939329981803894 0.2849484980106354 0.3459599018096924
vn 0.8205080628395081 0.00540409330278635 0.5716094374656677
vn 0.7797527313232422 -0.006357348989695311 0.6260553002357483
vn 0.78604656457901 0.03506212681531906 0.617172122001648
vn -0.8786590695381165 0.22020649909973145 0.42363595962524414
vn 0.804330050945282 0.06594416499137878 0.5905120968818665
vn -0.8316622376441956 0.181951642036438 0.5246252417564392
vn 0.8298311829566956 0.0767916738986969 0.5527054071426392
vn -0.7422946095466614 0.07047103345394135 0.6663577556610107
vn 0.8552220463752747 0.07188341021537781 0.5132524371147156
vn -0.6409829258918762 -0.04712160676717758 0.7661073207855225
vn 0.8805902600288391 0.05514522269368172 0.4706590175628662
vn -0.5202740430831909 -0.15976518392562866 0.8389219641685486
vn -0.3680223822593689 -0.3124561905860901 0.8757458329200745
vn -0.4193146824836731 -0.25485044717788696 0.871336042881012
vn -0.5136449933052063 -0.24208414554595947 0.8231428265571594
vn 0.8861626982688904 0.022896377369761467 0.462808221578598
vn -0.342770516872406 -0.2274760901927948 0.9114620089530945
vn -0.415103018283844 -0.2240602672100067 0.8817519545555115
vn -0.4210711121559143 -0.315295934677124 0.8504632115364075
vn 0.8647011518478394 -0.0682080090045929 0.49763399362564087
vn -0.36867326498031616 -0.21413351595401764 0.9045589566230774
vn 0.7558553218841553 -0.22348253428936005 0.6154171824455261
vn -0.2902354598045349 -0.22047832608222961 0.9312103390693665
vn 0.5208387970924377 -0.36299046874046326 0.7726349830627441
vn 0.21821247041225433 -0.40895313024520874 0.8860816359519958
vn 0.012054827995598316 -0.37622737884521484 0.9264489412307739
vn -0.09552574157714844 -0.31546545028686523 0.9441167712211609
vn -0.2163117527961731 -0.28875628113746643 0.9326462745666504
vn 0.5686047673225403 -0.3884558081626892 0.7251142859458923
vn -0.322710245847702 -0.32903242111206055 0.8874659538269043
vn 0.3017113208770752 0.6440055966377258 0.7030129432678223
vn -0.12080764770507812 0.7931743860244751 0.5968918800354004
vn -0.2791514992713928 0.8658334016799927 0.41521918773651123
vn 0.6626483798027039 0.3255614936351776 0.6744678020477295
vn -0.32633069157600403 0.846591055393219 0.42046624422073364
vn -0.4354148507118225 0.8199385404586792 0.37163788080215454
vn -0.6225096583366394 0.7362189888954163 0.2654492259025574
vn 0.6351674199104309 0.4317379891872406 0.6404410004615784
vn -0.15712733566761017 0.8424631357192993 0.5153318047523499
vn 0.8171758055686951 0.19748766720294952 0.5415001511573792
vn -0.7429782152175903 0.6220192909240723 0.24713443219661713
vn -0.8157360553741455 0.5341501832008362 0.2219420224428177
vn 0.7625182271003723 0.25543710589408875 0.5944054126739502
vn 0.8826630115509033 0.09246006608009338 0.46082234382629395
vn -0.8288945555686951 0.5060954093933105 0.23833021521568298
vn 0.817147970199585 0.14800193905830383 0.5571038126945496
vn 0.9142904877662659 0.032415520399808884 0.40376001596450806
vn -0.8261407017707825 0.49147510528564453 0.275579035282135
vn -0.82745760679245 0.5260541439056396 0.19642072916030884
vn 0.8432173728942871 0.07406901568174362 0.5324455499649048
vn 0.9213876128196716 -0.021651914343237877 0.38804128766059875
vn -0.8135651350021362 0.5459314584732056 0.20017647743225098
vn -0.7895412445068359 0.5718345046043396 0.22277775406837463
vn 0.8402575850486755 -0.010132760740816593 0.5420927405357361
vn -0.8050151467323303 0.5281133055686951 0.27027204632759094
vn 0.8928231000900269 -0.11609761416912079 0.4351876974105835
vn -0.7809737324714661 0.5804545283317566 0.2305484563112259
vn 0.7744860649108887 -0.1946992725133896 0.6018833518028259
vn -0.7826254963874817 0.5645260810852051 0.2623123526573181
vn 0.8066917657852173 -0.1289369761943817 0.5767353177070618
vn -0.759029746055603 0.5694006681442261 0.31568455696105957
vn 0.7160080075263977 -0.21948207914829254 0.6626917123794556
vn -0.8100562691688538 0.5032021403312683 0.3009923994541168
vn 0.6728354692459106 -0.19415178894996643 0.7138609886169434
vn 0.6267874240875244 -0.22872641682624817 0.7448635697364807
vn -0.7646545171737671 0.5102854371070862 0.39358893036842346
vn 0.6388276815414429 -0.12177520245313644 0.7596513032913208
vn -0.8476239442825317 0.4128040373325348 0.3333563506603241
vn -0.8691939115524292 0.3504651188850403 0.34882113337516785
vn 0.5769022107124329 -0.06715720146894455 0.8140477538108826
vn -0.7908486723899841 0.41646432876586914 0.4484594464302063
vn 0.6753075122833252 -0.05916520208120346 0.7351593375205994
vn -0.8835667371749878 0.28829941153526306 0.3690437078475952
vn 0.6331019401550293 -0.00014219402510207146 0.7740684151649475
vn 0.5162016153335571 0.03160110116004944 0.8558838963508606
vn -0.829357922077179 0.3086564540863037 0.46572163701057434
vn 0.7193160653114319 0.01179682556539774 0.6945828199386597
vn -0.8643773794174194 0.22309499979019165 0.4506443440914154
vn 0.6235323548316956 0.08431894332170486 0.7772372961044312
vn -0.8085054755210876 0.23346003890037537 0.540199339389801
vn 0.7368671298027039 0.08576467633247375 0.6705753207206726
vn -0.8272987008094788 0.14132939279079437 0.5436937212944031
vn 0.6540512442588806 0.1455249786376953 0.7423202991485596
vn -0.7664281129837036 0.15602034330368042 0.6230935454368591
vn 0.7643252611160278 0.11516226083040237 0.6344639658927917
vn -0.7670314311981201 0.05252418667078018 0.6394559741020203
vn 0.681861162185669 0.16302521526813507 0.7130835652351379
vn -0.7167713642120361 0.06430409103631973 0.6943369507789612
vn 0.7931427359580994 0.11846093088388443 0.5974040627479553
vn -0.67218416929245 -0.04597154259681702 0.7389553785324097
vn 0.7075914740562439 0.15612177550792694 0.689159095287323
vn -0.6539987921714783 -0.03882444649934769 0.7554987072944641
vn 0.8194170594215393 0.10754485428333282 0.5630184412002563
vn -0.591887891292572 -0.14667674899101257 0.7925620675086975
vn -0.526549756526947 -0.2138066589832306 0.8228195905685425
vn 0.7237930297851562 0.135359525680542 0.6766102313995361
vn -0.5579922795295715 -0.15983253717422485 0.8143084645271301
vn 0.8348854780197144 0.08597362041473389 0.5436679124832153
vn -0.47097247838974 -0.263437956571579 0.8418939113616943
vn -0.43461814522743225 -0.3625324070453644 0.8244255185127258
vn -0.431901216506958 -0.3332293629646301 0.838104784488678
vn 0.7253986597061157 0.09524383395910263 0.6817077398300171
vn -0.43952396512031555 -0.31265756487846375 0.842059314250946
vn -0.4676346480846405 -0.2739357650279999 0.8404029011726379
vn 0.8357418179512024 0.02315862476825714 0.5486340522766113
vn -0.44469282031059265 -0.32898542284965515 0.8330767750740051
vn 0.7095624208450317 0.017498720437288284 0.7044252753257751
vn -0.4102283716201782 -0.33041203022003174 0.8500238656997681
vn 0.8043904900550842 -0.11716117709875107 0.5824339985847473
vn -0.3683338463306427 -0.32154977321624756 0.8723164200782776
vn 0.6148306131362915 -0.27721962332725525 0.7383309602737427
vn -0.3512676954269409 -0.3776530921459198 0.856731653213501
vn 0.6740718483924866 -0.13479548692703247 0.7262625694274902
vn -0.3757949769496918 -0.38448935747146606 0.8431762456893921
vn 0.4041731655597687 -0.42197951674461365 0.8115277886390686
vn -0.29538494348526 -0.3914497196674347 0.8715015053749084
vn 0.30332499742507935 -0.49883750081062317 0.8118836879730225
vn 0.05124311521649361 -0.5028359889984131 0.8628616333007812
vn -0.13886815309524536 -0.4417475759983063 0.8863265514373779
vn 0.146965891122818 -0.49853482842445374 0.8543208241462708
vn -0.07655990868806839 -0.5029749274253845 0.8609035015106201
vn -0.2532244324684143 -0.456972599029541 0.8526743054389954
vn 0.03779752179980278 0.7976955771446228 0.6018747091293335
vn 0.3703306019306183 0.6291700601577759 0.6833742260932922
vn -0.018617412075400352 0.7389945387840271 0.6734541654586792
vn -0.21621525287628174 0.7826414704322815 0.5837150812149048
vn -0.3762192130088806 0.7800387740135193 0.49999871850013733
vn -0.5685564875602722 0.7383409738540649 0.3627617657184601
vn 0.2422117441892624 0.6370674967765808 0.7317639589309692
vn 0.5475491285324097 0.4498209059238434 0.7055856585502625
vn -0.6741207838058472 0.635995626449585 0.37559401988983154
vn -0.7473432421684265 0.5704128742218018 0.34074509143829346
vn 0.3902669847011566 0.46326109766960144 0.7956637740135193
vn 0.11624950170516968 0.6331030130386353 0.7652885913848877
vn -0.19414855539798737 0.7443118095397949 0.6389884352684021
vn -0.5141082406044006 0.6905152201652527 0.5088039636611938
vn 0.6434582471847534 0.28997865319252014 0.7084305882453918
vn -0.7990375757217407 0.48911595344543457 0.34972065687179565
vn 0.47060108184814453 0.3701817989349365 0.8009369969367981
vn -0.7172494530677795 0.5251486301422119 0.4580088257789612
vn 0.6964657306671143 0.18830253183841705 0.6924432516098022
vn -0.7826062440872192 0.42751142382621765 0.4525057375431061
vn 0.5799540877342224 0.17539328336715698 0.7955441474914551
vn -0.7175921201705933 0.4019731283187866 0.5687522888183594
vn 0.7278282642364502 0.06132375821471214 0.683012068271637
vn -0.764059841632843 0.46915432810783386 0.44283944368362427
vn -0.7487891912460327 0.5416765213012695 0.38197028636932373
vn 0.5982152819633484 0.005791409406810999 0.8013145327568054
vn -0.6419084072113037 0.33201169967651367 0.6911742687225342
vn 0.7084360718727112 -0.10833855718374252 0.6974102854728699
vn -0.6969649791717529 0.5331829190254211 0.47953712940216064
vn 0.6076722741127014 -0.20907405018806458 0.7661738991737366
vn -0.7298740148544312 0.5276222825050354 0.43462470173835754
vn 0.5906033515930176 -0.14190684258937836 0.794386625289917
vn -0.39228880405426025 0.22569003701210022 0.8917250037193298
vn -0.6232933402061462 0.4439462721347809 0.64375239610672
vn 0.5395752191543579 -0.22307530045509338 0.8118472695350647
vn -0.6825201511383057 0.45225805044174194 0.5741332769393921
vn 0.5625783801078796 -0.14640095829963684 0.8136783242225647
vn 0.42034244537353516 -0.16202713549137115 0.8927819132804871
vn 0.2058994024991989 -0.09417396783828735 0.9740312099456787
vn -0.06209519878029823 0.042167648673057556 0.9971790313720703
vn -0.23890604078769684 0.19203153252601624 0.9518654346466064
vn -0.44835546612739563 0.33096808195114136 0.8303237557411194
vn -0.6150795817375183 0.44611287117004395 0.6501234769821167
vn 0.4815794825553894 -0.09854161739349365 0.870844841003418
vn -0.6731083989143372 0.38470420241355896 0.6316072940826416
vn 0.4697960317134857 -0.026851076632738113 0.8823665380477905
vn -0.7674029469490051 0.348233699798584 0.5383549332618713
vn 0.34785428643226624 -0.040492940694093704 0.9366737604141235
vn 0.1314246505498886 0.023327909409999847 0.9910516738891602
vn -0.08008837699890137 0.1092391088604927 0.9907838702201843
vn -0.30037230253219604 0.2247140109539032 0.9269736409187317
vn -0.5118510723114014 0.34848523139953613 0.7852174639701843
vn 0.39961907267570496 0.017316259443759918 0.9165177345275879
vn -0.6990497708320618 0.2721770703792572 0.6612480878829956
vn 0.3957722783088684 0.09156206250190735 0.9137728214263916
vn 0.23312802612781525 0.08865734934806824 0.9683961868286133
vn 0.0312923938035965 0.1047164648771286 0.9940096735954285
vn -0.1661885529756546 0.16317269206047058 0.9724999070167542
vn -0.3745820224285126 0.24555253982543945 0.8940873742103577
vn -0.5833818912506104 0.3060697913169861 0.7523210048675537
vn 0.4827007055282593 0.10205423831939697 0.8698189854621887
vn -0.6446320414543152 0.18937279284000397 0.740666925907135
vn 0.3379093408584595 0.1465853601694107 0.9296935200691223
vn 0.1670568287372589 0.15871597826480865 0.9730885028839111
vn 0.05141987279057503 0.1509118676185608 0.9872090220451355
vn -0.0990196168422699 0.14790914952754974 0.9840314984321594
vn -0.28443068265914917 0.17964176833629608 0.9417154788970947
vn -0.4945445954799652 0.22541743516921997 0.8394120931625366
vn 0.5026535987854004 0.15855541825294495 0.8498232364654541
vn -0.5973690748214722 0.10950271040201187 0.794455349445343
vn 0.34754443168640137 0.1957346647977829 0.9170064330101013
vn 0.18112513422966003 0.18130411207675934 0.9666035771369934
vn 0.04016321152448654 0.16073156893253326 0.9861806631088257
vn -0.08797047287225723 0.14361952245235443 0.9857153296470642
vn -0.24213354289531708 0.1383236199617386 0.9603322148323059
vn -0.43597498536109924 0.1555318385362625 0.8864173293113708
vn 0.523735523223877 0.1920916736125946 0.829940915107727
vn -0.557599663734436 0.021458538249135017 0.8298326134681702
vn 0.3534838855266571 0.20768630504608154 0.9120940566062927
vn 0.17668479681015015 0.19595791399478912 0.9645636081695557
vn 0.02618444338440895 0.16371393203735352 0.9861603379249573
vn -0.10133670270442963 0.12370558828115463 0.9871311187744141
vn -0.23371168971061707 0.09559614211320877 0.967595100402832
vn -0.40312400460243225 0.08983112871646881 0.9107257723808289
vn 0.5428121089935303 0.19363601505756378 0.8172270655632019
vn -0.5215121507644653 -0.07412634789943695 0.8500178456306458
vn 0.35591599345207214 0.18745742738246918 0.9155236482620239
vn 0.16389240324497223 0.17784978449344635 0.9703137278556824
vn 0.00705792335793376 0.14621472358703613 0.9892277121543884
vn -0.1315123438835144 0.0909992903470993 0.9871290326118469
vn -0.24315305054187775 0.035795677453279495 0.9693272709846497
vn -0.3867015540599823 0.01488533429801464 0.9220848083496094
vn 0.5543782711029053 0.1701813042163849 0.8146798014640808
vn -0.47546544671058655 -0.17797163128852844 0.8615443706512451
vn -0.3632129728794098 -0.17688323557376862 0.9147615432739258
vn -0.395956426858902 -0.19925083220005035 0.8963914513587952
vn 0.3427301347255707 0.1347716897726059 0.9297164082527161
vn 0.1441616714000702 0.12801235914230347 0.9812391400337219
vn -0.03273244947195053 0.08564484119415283 0.9957879185676575
vn -0.14325203001499176 0.04537045210599899 0.9886457324028015
vn -0.2779391407966614 -0.04693213477730751 0.9594515562057495
vn -0.3754485547542572 -0.07720114290714264 0.9236224293708801
vn 0.5504947900772095 0.1260235607624054 0.8252717852592468
vn -0.37734097242355347 -0.22183237969875336 0.8991129994392395
vn -0.31253963708877563 -0.2075774073600769 0.9269469380378723
vn 0.3110183775424957 0.05946352705359459 0.9485418796539307
vn 0.09536376595497131 0.033708978444337845 0.9948716163635254
vn -0.05886019766330719 0.02114769071340561 0.9980422258377075
vn -0.23030591011047363 -0.06719737499952316 0.9707954525947571
vn 0.5307253003120422 0.04523466154932976 0.8463358879089355
vn -0.32110893726348877 -0.28584471344947815 0.902874231338501
vn 0.28427934646606445 -0.053725820034742355 0.9572349786758423
vn 0.04111010581254959 -0.06440035253763199 0.9970770478248596
vn -0.15577295422554016 -0.11013615131378174 0.9816337823867798
vn 0.49564504623413086 -0.12626099586486816 0.8592986464500427
vn -0.29286783933639526 -0.3782641887664795 0.8781484365463257
vn 0.34898146986961365 -0.34581756591796875 0.870989203453064
vn 0.058901138603687286 -0.4161760210990906 0.9073743224143982
vn -0.14652690291404724 -0.4024214446544647 0.9036519527435303
vn 0.25073662400245667 -0.23473109304904938 0.9391658306121826
vn 0.01866578869521618 -0.22854767739772797 0.9733538031578064
vn -0.1737477034330368 -0.2334490716457367 0.9567200541496277
vn 0.002366680419072509 0.629497766494751 0.7769986987113953
vn -0.2965339124202728 0.6900127530097961 0.6602651476860046
vn -0.5797717571258545 0.6284175515174866 0.5186097621917725
vn 0.27694013714790344 0.4955923855304718 0.8232207298278809
vn -0.5877048969268799 0.44751599431037903 0.6740418672561646
vn 0.14584536850452423 0.39425456523895264 0.9073546528816223
vn -0.12126830965280533 0.501805305480957 0.856437623500824
vn -0.3986364006996155 0.5520527958869934 0.732343316078186
vn 0.39646685123443604 0.2763928174972534 0.8754547834396362
vn -0.5198967456817627 0.28510475158691406 0.8052469491958618
vn 0.24052570760250092 0.17075371742248535 0.9555054306983948
vn -0.0284440815448761 0.2664397358894348 0.9634317755699158
vn -0.3272283673286438 0.34573301672935486 0.879426121711731
vn 0.4460039734840393 0.07257899641990662 0.8920834064483643
vn -0.383820503950119 0.17909392714500427 0.905873715877533
vn 0.30683109164237976 -0.005607809405773878 0.951747477054596
vn 0.0632820576429367 0.08407306671142578 0.994448184967041
vn -0.2300204336643219 0.181171715259552 0.9561733603477478
vn 0.47124412655830383 -0.11929761618375778 0.8738976120948792
vn -0.1933993399143219 0.05373365432024002 0.9796476364135742
vn 0.45602211356163025 -0.20380325615406036 0.8663187026977539
vn 0.27617713809013367 -0.17007026076316833 0.9459399580955505
vn 0.060301609337329865 -0.07514551281929016 0.9953476190567017
vn 0.3466742932796478 -0.13804271817207336 0.9277721047401428
vn 0.15692798793315887 -0.06680789589881897 0.9853478074073792
vn -0.09328989684581757 0.04548299312591553 0.9945995807647705

g grp1
usemtl mtl1
f 1//1 57//57 63//63 
f 1//1 2//2 58//58 
f 57//57 1//1 58//58 
f 2//2 3//3 59//59 
f 58//58 2//2 59//59 
f 59//59 3//3 64//64 
f 4//4 1//1 63//63 
f 67//67 4//4 63//63 
f 2//2 1//1 5//5 
f 5//5 1//1 4//4 
f 3//3 2//2 6//6 
f 6//6 2//2 5//5 
f 68//68 64//64 3//3 
f 6//6 68//68 3//3 
f 7//7 4//4 67//67 
f 72//72 7//7 67//67 
f 5//5 4//4 8//8 
f 8//8 4//4 7//7 
f 6//6 5//5 9//9 
f 9//9 5//5 8//8 
f 69//69 68//68 6//6 
f 69//69 6//6 10//10 
f 10//10 6//6 9//9 
f 69//69 10//10 73//73 
f 11//11 7//7 72//72 
f 77//77 11//11 72//72 
f 8//8 7//7 12//12 
f 12//12 7//7 11//11 
f 9//9 8//8 13//13 
f 13//13 8//8 12//12 
f 10//10 9//9 14//14 
f 14//14 9//9 13//13 
f 74//74 73//73 10//10 
f 74//74 10//10 15//15 
f 15//15 10//10 14//14 
f 74//74 15//15 78//78 
f 16//16 11//11 77//77 
f 81//81 16//16 77//77 
f 12//12 11//11 17//17 
f 17//17 11//11 16//16 
f 13//13 12//12 18//18 
f 18//18 12//12 17//17 
f 14//14 13//13 19//19 
f 19//19 13//13 18//18 
f 15//15 14//14 20//20 
f 20//20 14//14 19//19 
f 82//82 78//78 15//15 
f 20//20 82//82 15//15 
f 21//21 16//16 81//81 
f 86//86 21//21 81//81 
f 17//17 16//16 22//22 
f 22//22 16//16 21//21 
f 18//18 17//17 23//23 
f 23//23 17//17 22//22 
f 19//19 18//18 24//24 
f 24//24 18//18 23//23 
f 20//20 19//19 25//25 
f 25//25 19//19 24//24 
f 83//83 82//82 20//20 
f 83//83 20//20 26//26 
f 26//26 20//20 25//25 
f 83//83 26//26 87//87 
f 27//27 21//21 86//86 
f 90//90 27//27 86//86 
f 22//22 21//21 28//28 
f 28//28 21//21 27//27 
f 23//23 22//22 29//29 
f 29//29 22//22 28//28 
f 24//24 23//23 30//30 
f 30//30 23//23 29//29 
f 25//25 24//24 31//31 
f 31//31 24//24 30//30 
f 26//26 25//25 32//32 
f 32//32 25//25 31//31 
f 91//91 87//87 26//26 
f 32//32 91//91 26//26 
f 33//33 27//27 90//90 
f 94//94 33//33 90//90 
f 28//28 27//27 34//34 
f 34//34 27//27 33//33 
f 29//29 28//28 35//35 
f 35//35 28//28 34//34 
f 30//30 29//29 36//36 
f 36//36 29//29 35//35 
f 31//31 30//30 37//37 
f 37//37 30//30 36//36 
f 32//32 31//31 38//38 
f 38//38 31//31 37//37 
f 95//95 91//91 32//32 
f 38//38 95//95 32//32 
f 39//39 33//33 94//94 
f 99//99 39//39 94//94 
f 34//34 33//33 40//40 
f 40//40 33//33 39//39 
f 35//35 34//34 41//41 
f 41//41 34//34 40//40 
f 36//36 35//35 42//42 
f 42//42 35//35 41//41 
f 37//37 36//36 43//43 
f 43//43 36//36 42//42 
f 100//100 96//96 38//38 
f 100//100 38//38 43//43 
f 43//43 38//38 37//37 
f 95//95 38//38 96//96 
f 44//44 39//39 99//99 
f 103//103 44//44 99//99 
f 40//40 39//39 45//45 
f 45//45 39//39 44//44 
f 41//41 40//40 46//46 
f 46//46 40//40 45//45 
f 42//42 41//41 47//47 
f 47//47 41//41 46//46 
f 43//43 42//42 48//48 
f 48//48 42//42 47//47 
f 104//104 100//100 43//43 
f 48//48 104//104 43//43 
f 49//49 44//44 103//103 
f 107//107 49//49 103//103 
f 45//45 44//44 50//50 
f 50//50 44//44 49//49 
f 46//46 45//45 51//51 
f 51//51 45//45 50//50 
f 47//47 46//46 52//52 
f 52//52 46//46 51//51 
f 48//48 47//47 53//53 
f 53//53 47//47 52//52 
f 108//108 104//104 48//48 
f 53//53 108//108 48//48 
f 49//49 107//107 109//109 
f 50//50 49//49 109//109 
f 110//110 50//50 109//109 
f 51//51 50//50 110//110 
f 111//111 51//51 110//110 
f 52//52 51//51 111//111 
f 112//112 52//52 111//111 
f 53//53 52//52 112//112 
f 113//113 53//53 112//112 
f 108//108 53//53 113//113 
f 54//54 121//121 127//127 
f 54//54 55//55 122//122 
f 121//121 54//54 122//122 
f 55//55 56//56 123//123 
f 122//122 55//55 123//123 
f 123//123 56//56 128//128 
f 60//60 54//54 127//127 
f 131//131 60//60 127//127 
f 55//55 54//54 61//61 
f 61//61 54//54 60//60 
f 56//56 55//55 62//62 
f 62//62 55//55 61//61 
f 132//132 128//128 56//56 
f 62//62 132//132 56//56 
f 65//65 133//133 137//137 
f 131//131 133//133 65//65 
f 60//60 131//131 65//65 
f 60//60 65//65 63//63 
f 60//60 63//63 57//57 
f 58//58 60//60 57//57 
f 61//61 60//60 58//58 
f 59//59 61//61 58//58 
f 62//62 61//61 59//59 
f 64//64 66//66 134//134 
f 59//59 64//64 134//134 
f 59//59 134//134 132//132 
f 59//59 132//132 62//62 
f 134//134 66//66 138//138 
f 70//70 65//65 137//137 
f 140//140 70//70 137//137 
f 63//63 70//70 67//67 
f 65//65 70//70 63//63 
f 66//66 68//68 71//71 
f 64//64 68//68 66//66 
f 141//141 138//138 66//66 
f 71//71 141//141 66//66 
f 75//75 70//70 140//140 
f 144//144 75//75 140//140 
f 67//67 75//75 72//72 
f 70//70 75//75 67//67 
f 68//68 69//69 71//71 
f 73//73 76//76 142//142 
f 69//69 73//73 142//142 
f 69//69 142//142 141//141 
f 69//69 141//141 71//71 
f 142//142 76//76 145//145 
f 79//79 75//75 144//144 
f 147//147 79//79 144//144 
f 72//72 79//79 77//77 
f 75//75 79//79 72//72 
f 73//73 74//74 76//76 
f 78//78 80//80 146//146 
f 74//74 78//78 146//146 
f 74//74 146//146 145//145 
f 74//74 145//145 76//76 
f 146//146 80//80 148//148 
f 84//84 79//79 147//147 
f 149//149 84//84 147//147 
f 77//77 84//84 81//81 
f 79//79 84//84 77//77 
f 80//80 82//82 85//85 
f 78//78 82//82 80//80 
f 150//150 148//148 80//80 
f 85//85 150//150 80//80 
f 88//88 84//84 149//149 
f 152//152 88//88 149//149 
f 81//81 88//88 86//86 
f 84//84 88//88 81//81 
f 82//82 83//83 85//85 
f 87//87 89//89 151//151 
f 83//83 87//87 151//151 
f 83//83 151//151 150//150 
f 83//83 150//150 85//85 
f 151//151 89//89 153//153 
f 92//92 88//88 152//152 
f 154//154 92//92 152//152 
f 86//86 92//92 90//90 
f 88//88 92//92 86//86 
f 89//89 91//91 93//93 
f 87//87 91//91 89//89 
f 155//155 153//153 89//89 
f 93//93 155//155 89//89 
f 97//97 92//92 154//154 
f 156//156 97//97 154//154 
f 90//90 97//97 94//94 
f 92//92 97//97 90//90 
f 93//93 95//95 98//98 
f 91//91 95//95 93//93 
f 157//157 155//155 93//93 
f 98//98 157//157 93//93 
f 101//101 97//97 156//156 
f 159//159 101//101 156//156 
f 94//94 101//101 99//99 
f 97//97 101//101 94//94 
f 96//96 100//100 102//102 
f 96//96 102//102 160//160 
f 95//95 96//96 160//160 
f 95//95 160//160 158//158 
f 95//95 158//158 98//98 
f 157//157 98//98 158//158 
f 105//105 101//101 159//159 
f 161//161 105//105 159//159 
f 99//99 105//105 103//103 
f 101//101 105//105 99//99 
f 102//102 104//104 106//106 
f 100//100 104//104 102//102 
f 162//162 160//160 102//102 
f 106//106 162//162 102//102 
f 114//114 105//105 161//161 
f 163//163 114//114 161//161 
f 103//103 114//114 107//107 
f 105//105 114//114 103//103 
f 106//106 108//108 115//115 
f 104//104 108//108 106//106 
f 164//164 162//162 106//106 
f 115//115 164//164 106//106 
f 114//114 163//163 165//165 
f 116//116 165//165 167//167 
f 109//109 165//165 116//116 
f 109//109 114//114 165//165 
f 109//109 107//107 114//114 
f 109//109 117//117 110//110 
f 116//116 117//117 109//109 
f 110//110 118//118 111//111 
f 117//117 118//118 110//110 
f 111//111 119//119 112//112 
f 118//118 119//119 111//111 
f 112//112 120//120 113//113 
f 119//119 120//120 112//112 
f 113//113 120//120 168//168 
f 108//108 113//113 168//168 
f 108//108 168//168 166//166 
f 108//108 166//166 115//115 
f 164//164 115//115 166//166 
f 116//116 167//167 169//169 
f 117//117 116//116 169//169 
f 170//170 117//117 169//169 
f 118//118 117//117 170//170 
f 171//171 118//118 170//170 
f 119//119 118//118 171//171 
f 172//172 119//119 171//171 
f 120//120 119//119 172//172 
f 173//173 120//120 172//172 
f 168//168 120//120 173//173 
f 124//124 174//174 177//177 
f 124//124 125//125 175//175 
f 174//174 124//124 175//175 
f 125//125 126//126 176//176 
f 175//175 125//125 176//176 
f 176//176 126//126 178//178 
f 129//129 179//179 183//183 
f 177//177 179//179 129//129 
f 124//124 177//177 129//129 
f 124//124 129//129 127//127 
f 124//124 127//127 121//121 
f 122//122 124//124 121//121 
f 125//125 124//124 122//122 
f 123//123 125//125 122//122 
f 126//126 125//125 123//123 
f 128//128 130//130 180//180 
f 123//123 128//128 180//180 
f 123//123 180//180 178//178 
f 123//123 178//178 126//126 
f 180//180 130//130 184//184 
f 135//135 129//129 183//183 
f 185//185 135//135 183//183 
f 127//127 135//135 131//131 
f 129//129 135//135 127//127 
f 130//130 132//132 136//136 
f 128//128 132//132 130//130 
f 186//186 184//184 130//130 
f 136//136 186//186 130//130 
f 133//133 135//135 185//185 
f 133//133 185//185 137//137 
f 137//137 185//185 189//189 
f 131//131 135//135 133//133 
f 132//132 134//134 136//136 
f 138//138 139//139 187//187 
f 134//134 138//138 187//187 
f 134//134 187//187 186//186 
f 134//134 186//186 136//136 
f 187//187 139//139 190//190 
f 137//137 189//189 140//140 
f 189//189 191//191 140//140 
f 139//139 141//141 143//143 
f 138//138 141//141 139//139 
f 192//192 190//190 139//139 
f 143//143 192//192 139//139 
f 140//140 191//191 144//144 
f 191//191 193//193 144//144 
f 141//141 142//142 143//143 
f 143//143 142//142 145//145 
f 143//143 145//145 192//192 
f 192//192 145//145 194//194 
f 144//144 193//193 147//147 
f 193//193 197//197 147//147 
f 145//145 195//195 194//194 
f 146//146 195//195 145//145 
f 195//195 146//146 148//148 
f 198//198 195//195 148//148 
f 147//147 197//197 149//149 
f 197//197 199//199 149//149 
f 148//148 150//150 198//198 
f 198//198 150//150 200//200 
f 149//149 199//199 152//152 
f 199//199 203//203 152//152 
f 150//150 201//201 200//200 
f 151//151 201//201 150//150 
f 201//201 151//151 153//153 
f 204//204 201//201 153//153 
f 152//152 203//203 154//154 
f 203//203 205//205 154//154 
f 153//153 155//155 204//204 
f 204//204 155//155 206//206 
f 154//154 205//205 156//156 
f 205//205 207//207 156//156 
f 155//155 157//157 206//206 
f 206//206 157//157 208//208 
f 156//156 207//207 159//159 
f 207//207 210//210 159//159 
f 158//158 211//211 209//209 
f 160//160 211//211 158//158 
f 208//208 157//157 158//158 
f 209//209 208//208 158//158 
f 159//159 210//210 161//161 
f 210//210 213//213 161//161 
f 160//160 162//162 211//211 
f 211//211 162//162 214//214 
f 161//161 213//213 163//163 
f 213//213 215//215 163//163 
f 162//162 164//164 214//214 
f 214//214 164//164 216//216 
f 163//163 215//215 217//217 
f 165//165 163//163 217//217 
f 217//217 167//167 165//165 
f 219//219 167//167 217//217 
f 166//166 220//220 218//218 
f 168//168 220//220 166//166 
f 216//216 164//164 166//166 
f 218//218 216//216 166//166 
f 167//167 219//219 221//221 
f 169//169 167//167 221//221 
f 170//170 169//169 222//222 
f 169//169 221//221 222//222 
f 171//171 170//170 223//223 
f 170//170 222//222 223//223 
f 172//172 171//171 224//224 
f 171//171 223//223 224//224 
f 173//173 172//172 225//225 
f 172//172 224//224 225//225 
f 220//220 168//168 173//173 
f 225//225 220//220 173//173 
f 181//181 263//263 275//275 
f 181//181 177//177 174//174 
f 181//181 174//174 263//263 
f 263//263 174//174 264//264 
f 175//175 265//265 174//174 
f 174//174 265//265 264//264 
f 176//176 266//266 175//175 
f 175//175 266//266 265//265 
f 178//178 182//182 267//267 
f 178//178 267//267 176//176 
f 176//176 267//267 266//266 
f 267//267 182//182 276//276 
f 179//179 181//181 275//275 
f 179//179 275//275 183//183 
f 183//183 275//275 280//280 
f 177//177 181//181 179//179 
f 178//178 180//180 182//182 
f 182//182 180//180 184//184 
f 182//182 184//184 276//276 
f 276//276 184//184 281//281 
f 183//183 280//280 185//185 
f 280//280 287//287 185//185 
f 282//282 186//186 188//188 
f 282//282 281//281 186//186 
f 281//281 184//184 186//186 
f 282//282 188//188 288//288 
f 185//185 287//287 189//189 
f 287//287 293//293 189//189 
f 186//186 187//187 188//188 
f 188//188 187//187 190//190 
f 188//188 190//190 288//288 
f 288//288 190//190 294//294 
f 189//189 293//293 191//191 
f 293//293 299//299 191//191 
f 190//190 192//192 294//294 
f 294//294 192//192 300//300 
f 191//191 299//299 193//193 
f 299//299 307//307 193//193 
f 301//301 194//194 196//196 
f 301//301 300//300 194//194 
f 300//300 192//192 194//194 
f 301//301 196//196 308//308 
f 193//193 307//307 197//197 
f 307//307 313//313 197//197 
f 194//194 195//195 196//196 
f 196//196 195//195 198//198 
f 196//196 198//198 308//308 
f 308//308 198//198 314//314 
f 197//197 313//313 199//199 
f 313//313 320//320 199//199 
f 315//315 200//200 202//202 
f 315//315 314//314 200//200 
f 314//314 198//198 200//200 
f 315//315 202//202 321//321 
f 199//199 320//320 203//203 
f 320//320 325//325 203//203 
f 200//200 201//201 202//202 
f 202//202 201//201 204//204 
f 202//202 204//204 321//321 
f 321//321 204//204 326//326 
f 203//203 325//325 205//205 
f 325//325 331//331 205//205 
f 204//204 206//206 326//326 
f 326//326 206//206 332//332 
f 205//205 331//331 207//207 
f 331//331 337//337 207//207 
f 206//206 208//208 332//332 
f 332//332 208//208 338//338 
f 207//207 337//337 210//210 
f 337//337 343//343 210//210 
f 209//209 211//211 212//212 
f 209//209 212//212 344//344 
f 209//209 344//344 208//208 
f 208//208 344//344 338//338 
f 210//210 343//343 213//213 
f 343//343 350//350 213//213 
f 212//212 351//351 345//345 
f 212//212 211//211 351//351 
f 211//211 214//214 351//351 
f 344//344 212//212 345//345 
f 213//213 350//350 215//215 
f 350//350 356//356 215//215 
f 214//214 216//216 351//351 
f 351//351 216//216 357//357 
f 215//215 356//356 358//358 
f 217//217 215//215 358//358 
f 358//358 219//219 217//217 
f 364//364 219//219 358//358 
f 218//218 220//220 226//226 
f 218//218 226//226 365//365 
f 218//218 365//365 216//216 
f 216//216 365//365 357//357 
f 227//227 221//221 219//219 
f 227//227 219//219 371//371 
f 371//371 219//219 364//364 
f 221//221 228//228 222//222 
f 227//227 228//228 221//221 
f 222//222 229//229 223//223 
f 228//228 229//229 222//222 
f 223//223 230//230 224//224 
f 229//229 230//230 223//223 
f 224//224 231//231 225//225 
f 230//230 231//231 224//224 
f 225//225 231//231 372//372 
f 220//220 225//225 372//372 
f 220//220 372//372 366//366 
f 220//220 366//366 226//226 
f 365//365 226//226 366//366 
f 227//227 371//371 373//373 
f 373//373 380//380 232//232 
f 373//373 232//232 227//227 
f 227//227 232//232 228//228 
f 229//229 228//228 233//233 
f 233//233 228//228 232//232 
f 230//230 229//229 234//234 
f 234//234 229//229 233//233 
f 231//231 230//230 235//235 
f 235//235 230//230 234//234 
f 374//374 372//372 231//231 
f 374//374 231//231 236//236 
f 236//236 231//231 235//235 
f 374//374 236//236 381//381 
f 237//237 232//232 380//380 
f 385//385 237//237 380//380 
f 233//233 232//232 238//238 
f 238//238 232//232 237//237 
f 234//234 233//233 239//239 
f 239//239 233//233 238//238 
f 235//235 234//234 240//240 
f 240//240 234//234 239//239 
f 236//236 235//235 241//241 
f 241//241 235//235 240//240 
f 386//386 381//381 236//236 
f 241//241 386//386 236//236 
f 242//242 237//237 385//385 
f 389//389 242//242 385//385 
f 238//238 237//237 243//243 
f 243//243 237//237 242//242 
f 239//239 238//238 244//244 
f 244//244 238//238 243//243 
f 240//240 239//239 245//245 
f 245//245 239//239 244//244 
f 241//241 240//240 246//246 
f 246//246 240//240 245//245 
f 390//390 386//386 241//241 
f 246//246 390//390 241//241 
f 242//242 389//389 391//391 
f 391//391 395//395 247//247 
f 391//391 247//247 242//242 
f 242//242 247//247 243//243 
f 244//244 243//243 248//248 
f 248//248 243//243 247//247 
f 245//245 244//244 249//249 
f 249//249 244//244 248//248 
f 396//396 392//392 246//246 
f 396//396 246//246 249//249 
f 249//249 246//246 245//245 
f 390//390 246//246 392//392 
f 250//250 247//247 395//395 
f 399//399 250//250 395//395 
f 248//248 247//247 251//251 
f 251//251 247//247 250//250 
f 249//249 248//248 252//252 
f 252//252 248//248 251//251 
f 400//400 396//396 249//249 
f 252//252 400//400 249//249 
f 253//253 250//250 399//399 
f 403//403 253//253 399//399 
f 251//251 250//250 254//254 
f 254//254 250//250 253//253 
f 252//252 251//251 255//255 
f 255//255 251//251 254//254 
f 404//404 400//400 252//252 
f 255//255 404//404 252//252 
f 253//253 403//403 405//405 
f 254//254 253//253 405//405 
f 406//406 254//254 405//405 
f 255//255 254//254 406//406 
f 407//407 255//255 406//406 
f 404//404 255//255 407//407 
f 256//256 423//423 437//437 
f 256//256 257//257 424//424 
f 423//423 256//256 424//424 
f 257//257 258//258 425//425 
f 424//424 257//257 425//425 
f 258//258 259//259 426//426 
f 425//425 258//258 426//426 
f 259//259 260//260 427//427 
f 426//426 259//259 427//427 
f 260//260 261//261 428//428 
f 427//427 260//260 428//428 
f 261//261 262//262 429//429 
f 428//428 261//261 429//429 
f 429//429 262//262 438//438 
f 268//268 256//256 437//437 
f 441//441 268//268 437//437 
f 257//257 256//256 269//269 
f 269//269 256//256 268//268 
f 258//258 257//257 270//270 
f 270//270 257//257 269//269 
f 259//259 258//258 271//271 
f 271//271 258//258 270//270 
f 260//260 259//259 272//272 
f 272//272 259//259 271//271 
f 261//261 260//260 273//273 
f 273//273 260//260 272//272 
f 262//262 261//261 274//274 
f 274//274 261//261 273//273 
f 442//442 438//438 262//262 
f 274//274 442//442 262//262 
f 263//263 268//268 441//441 
f 263//263 441//441 275//275 
f 275//275 441//441 446//446 
f 264//264 268//268 263//263 
f 269//269 268//268 264//264 
f 265//265 269//269 264//264 
f 270//270 269//269 265//265 
f 266//266 270//270 265//265 
f 271//271 270//270 266//266 
f 267//267 271//271 266//266 
f 272//272 271//271 267//267 
f 276//276 272//272 267//267 
f 276//276 277//277 272//272 
f 277//277 273//273 272//272 
f 274//274 273//273 278//278 
f 278//278 273//273 277//277 
f 443//443 442//442 274//274 
f 443//443 274//274 279//279 
f 279//279 274//274 278//278 
f 443//443 279//279 447//447 
f 275//275 446//446 280//280 
f 446//446 451//451 280//280 
f 277//277 281//281 283//283 
f 276//276 281//281 277//277 
f 278//278 277//277 284//284 
f 284//284 277//277 283//283 
f 279//279 278//278 285//285 
f 285//285 278//278 284//284 
f 448//448 447//447 279//279 
f 448//448 279//279 286//286 
f 286//286 279//279 285//285 
f 448//448 286//286 452//452 
f 280//280 451//451 287//287 
f 451//451 456//456 287//287 
f 281//281 282//282 283//283 
f 288//288 283//283 282//282 
f 288//288 289//289 283//283 
f 289//289 284//284 283//283 
f 285//285 284//284 290//290 
f 290//290 284//284 289//289 
f 286//286 285//285 291//291 
f 291//291 285//285 290//290 
f 453//453 452//452 286//286 
f 453//453 286//286 292//292 
f 292//292 286//286 291//291 
f 453//453 292//292 457//457 
f 287//287 456//456 293//293 
f 456//456 460//460 293//293 
f 289//289 294//294 295//295 
f 288//288 294//294 289//289 
f 290//290 289//289 296//296 
f 296//296 289//289 295//295 
f 291//291 290//290 297//297 
f 297//297 290//290 296//296 
f 292//292 291//291 298//298 
f 298//298 291//291 297//297 
f 461//461 457//457 292//292 
f 298//298 461//461 292//292 
f 293//293 460//460 299//299 
f 460//460 464//464 299//299 
f 295//295 300//300 302//302 
f 294//294 300//300 295//295 
f 296//296 295//295 303//303 
f 303//303 295//295 302//302 
f 297//297 296//296 304//304 
f 304//304 296//296 303//303 
f 298//298 297//297 305//305 
f 305//305 297//297 304//304 
f 462//462 461//461 298//298 
f 462//462 298//298 306//306 
f 306//306 298//298 305//305 
f 462//462 306//306 465//465 
f 299//299 464//464 307//307 
f 464//464 467//467 307//307 
f 300//300 301//301 302//302 
f 308//308 302//302 301//301 
f 308//308 309//309 302//302 
f 309//309 303//303 302//302 
f 304//304 303//303 310//310 
f 310//310 303//303 309//309 
f 305//305 304//304 311//311 
f 311//311 304//304 310//310 
f 306//306 305//305 312//312 
f 312//312 305//305 311//311 
f 468//468 465//465 306//306 
f 312//312 468//468 306//306 
f 307//307 467//467 313//313 
f 467//467 470//470 313//313 
f 309//309 314//314 316//316 
f 308//308 314//314 309//309 
f 310//310 309//309 317//317 
f 317//317 309//309 316//316 
f 311//311 310//310 318//318 
f 318//318 310//310 317//317 
f 312//312 311//311 319//319 
f 319//319 311//311 318//318 
f 471//471 468//468 312//312 
f 319//319 471//471 312//312 
f 313//313 470//470 320//320 
f 470//470 473//473 320//320 
f 314//314 315//315 316//316 
f 321//321 316//316 315//315 
f 321//321 322//322 316//316 
f 322//322 317//317 316//316 
f 318//318 317//317 323//323 
f 323//323 317//317 322//322 
f 319//319 318//318 324//324 
f 324//324 318//318 323//323 
f 474//474 471//471 319//319 
f 324//324 474//474 319//319 
f 320//320 473//473 325//325 
f 473//473 477//477 325//325 
f 322//322 326//326 327//327 
f 321//321 326//326 322//322 
f 323//323 322//322 328//328 
f 328//328 322//322 327//327 
f 324//324 323//323 329//329 
f 329//329 323//323 328//328 
f 475//475 474//474 324//324 
f 475//475 324//324 330//330 
f 330//330 324//324 329//329 
f 475//475 330//330 478//478 
f 325//325 477//477 331//331 
f 477//477 480//480 331//331 
f 327//327 332//332 333//333 
f 326//326 332//332 327//327 
f 328//328 327//327 334//334 
f 334//334 327//327 333//333 
f 329//329 328//328 335//335 
f 335//335 328//328 334//334 
f 330//330 329//329 336//336 
f 336//336 329//329 335//335 
f 481//481 478//478 330//330 
f 336//336 481//481 330//330 
f 331//331 480//480 337//337 
f 480//480 483//483 337//337 
f 333//333 338//338 339//339 
f 332//332 338//338 333//333 
f 334//334 333//333 340//340 
f 340//340 333//333 339//339 
f 335//335 334//334 341//341 
f 341//341 334//334 340//340 
f 336//336 335//335 342//342 
f 342//342 335//335 341//341 
f 484//484 481//481 336//336 
f 342//342 484//484 336//336 
f 337//337 483//483 343//343 
f 483//483 486//486 343//343 
f 339//339 344//344 346//346 
f 338//338 344//344 339//339 
f 340//340 339//339 347//347 
f 347//347 339//339 346//346 
f 341//341 340//340 348//348 
f 348//348 340//340 347//347 
f 342//342 341//341 349//349 
f 349//349 341//341 348//348 
f 487//487 484//484 342//342 
f 349//349 487//487 342//342 
f 343//343 486//486 350//350 
f 486//486 490//490 350//350 
f 345//345 351//351 352//352 
f 345//345 346//346 344//344 
f 345//345 352//352 346//346 
f 352//352 353//353 346//346 
f 347//347 346//346 354//354 
f 354//354 346//346 353//353 
f 348//348 347//347 355//355 
f 355//355 347//347 354//354 
f 491//491 488//488 349//349 
f 491//491 349//349 355//355 
f 355//355 349//349 348//348 
f 487//487 349//349 488//488 
f 492//492 359//359 356//356 
f 492//492 356//356 490//490 
f 490//490 356//356 350//350 
f 492//492 494//494 359//359 
f 352//352 357//357 360//360 
f 351//351 357//357 352//352 
f 353//353 352//352 361//361 
f 361//361 352//352 360//360 
f 354//354 353//353 362//362 
f 362//362 353//353 361//361 
f 355//355 354//354 363//363 
f 363//363 354//354 362//362 
f 495//495 491//491 355//355 
f 363//363 495//495 355//355 
f 356//356 359//359 358//358 
f 359//359 364//364 358//358 
f 359//359 494//494 364//364 
f 494//494 498//498 364//364 
f 360//360 365//365 367//367 
f 357//357 365//365 360//360 
f 361//361 360//360 368//368 
f 368//368 360//360 367//367 
f 362//362 361//361 369//369 
f 369//369 361//361 368//368 
f 363//363 362//362 370//370 
f 370//370 362//362 369//369 
f 499//499 495//495 363//363 
f 370//370 499//499 363//363 
f 364//364 498//498 371//371 
f 498//498 501//501 371//371 
f 366//366 372//372 375//375 
f 366//366 367//367 365//365 
f 366//366 375//375 367//367 
f 375//375 376//376 367//367 
f 368//368 367//367 377//377 
f 377//377 367//367 376//376 
f 369//369 368//368 378//378 
f 378//378 368//368 377//377 
f 370//370 369//369 379//379 
f 379//379 369//369 378//378 
f 502//502 499//499 370//370 
f 379//379 502//502 370//370 
f 382//382 373//373 371//371 
f 382//382 371//371 506//506 
f 506//506 371//371 501//501 
f 373//373 382//382 380//380 
f 372//372 374//374 375//375 
f 381//381 375//375 374//374 
f 381//381 383//383 375//375 
f 383//383 376//376 375//375 
f 377//377 376//376 384//384 
f 384//384 376//376 383//383 
f 507//507 503//503 378//378 
f 507//507 378//378 384//384 
f 384//384 378//378 377//377 
f 379//379 378//378 503//503 
f 504//504 379//379 503//503 
f 502//502 379//379 504//504 
f 387//387 382//382 506//506 
f 511//511 387//387 506//506 
f 380//380 387//387 385//385 
f 382//382 387//387 380//380 
f 383//383 386//386 388//388 
f 381//381 386//386 383//383 
f 512//512 508//508 384//384 
f 512//512 384//384 388//388 
f 388//388 384//384 383//383 
f 507//507 384//384 508//508 
f 393//393 387//387 511//511 
f 513//513 393//393 511//511 
f 385//385 393//393 389//389 
f 387//387 393//393 385//385 
f 388//388 390//390 394//394 
f 386//386 390//390 388//388 
f 514//514 512//512 388//388 
f 394//394 514//514 388//388 
f 393//393 513//513 515//515 
f 397//397 515//515 517//517 
f 391//391 515//515 397//397 
f 391//391 393//393 515//515 
f 391//391 389//389 393//393 
f 391//391 397//397 395//395 
f 392//392 396//396 398//398 
f 392//392 398//398 518//518 
f 390//390 392//392 518//518 
f 390//390 518//518 516//516 
f 390//390 516//516 394//394 
f 514//514 394//394 516//516 
f 401//401 397//397 517//517 
f 519//519 401//401 517//517 
f 395//395 401//401 399//399 
f 397//397 401//401 395//395 
f 398//398 400//400 402//402 
f 396//396 400//400 398//398 
f 520//520 518//518 398//398 
f 402//402 520//520 398//398 
f 408//408 401//401 519//519 
f 521//521 408//408 519//519 
f 399//399 408//408 403//403 
f 401//401 408//408 399//399 
f 402//402 404//404 409//409 
f 400//400 404//404 402//402 
f 522//522 520//520 402//402 
f 409//409 522//522 402//402 
f 408//408 521//521 523//523 
f 410//410 523//523 525//525 
f 405//405 523//523 410//410 
f 405//405 408//408 523//523 
f 405//405 403//403 408//408 
f 405//405 411//411 406//406 
f 410//410 411//411 405//405 
f 406//406 412//412 407//407 
f 411//411 412//412 406//406 
f 407//407 412//412 526//526 
f 404//404 407//407 526//526 
f 404//404 526//526 524//524 
f 404//404 524//524 409//409 
f 522//522 409//409 524//524 
f 410//410 525//525 527//527 
f 411//411 410//410 527//527 
f 528//528 411//411 527//527 
f 412//412 411//411 528//528 
f 529//529 412//412 528//528 
f 526//526 412//412 529//529 
f 413//413 530//530 538//538 
f 413//413 414//414 531//531 
f 530//530 413//413 531//531 
f 414//414 415//415 532//532 
f 531//531 414//414 532//532 
f 415//415 416//416 533//533 
f 532//532 415//415 533//533 
f 533//533 416//416 539//539 
f 417//417 540//540 544//544 
f 538//538 540//540 417//417 
f 538//538 417//417 413//413 
f 413//413 417//417 418//418 
f 414//414 413//413 419//419 
f 419//419 413//413 418//418 
f 415//415 414//414 420//420 
f 420//420 414//414 419//419 
f 416//416 415//415 421//421 
f 421//421 415//415 420//420 
f 541//541 539//539 416//416 
f 541//541 416//416 422//422 
f 422//422 416//416 421//421 
f 541//541 422//422 545//545 
f 430//430 417//417 544//544 
f 548//548 430//430 544//544 
f 418//418 417//417 431//431 
f 431//431 417//417 430//430 
f 419//419 418//418 432//432 
f 432//432 418//418 431//431 
f 420//420 419//419 433//433 
f 433//433 419//419 432//432 
f 421//421 420//420 434//434 
f 434//434 420//420 433//433 
f 422//422 421//421 435//435 
f 435//435 421//421 434//434 
f 546//546 545//545 422//422 
f 546//546 422//422 436//436 
f 436//436 422//422 435//435 
f 546//546 436//436 549//549 
f 439//439 550//550 553//553 
f 548//548 550//550 439//439 
f 430//430 548//548 439//439 
f 430//430 439//439 437//437 
f 430//430 437//437 423//423 
f 424//424 430//430 423//423 
f 431//431 430//430 424//424 
f 425//425 431//431 424//424 
f 432//432 431//431 425//425 
f 426//426 432//432 425//425 
f 433//433 432//432 426//426 
f 427//427 433//433 426//426 
f 434//434 433//433 427//427 
f 428//428 434//434 427//427 
f 435//435 434//434 428//428 
f 429//429 435//435 428//428 
f 436//436 435//435 429//429 
f 438//438 440//440 551//551 
f 429//429 438//438 551//551 
f 429//429 551//551 549//549 
f 429//429 549//549 436//436 
f 551//551 440//440 554//554 
f 444//444 439//439 553//553 
f 555//555 444//444 553//553 
f 437//437 444//444 441//441 
f 439//439 444//444 437//437 
f 440//440 442//442 445//445 
f 438//438 442//442 440//440 
f 556//556 554//554 440//440 
f 445//445 556//556 440//440 
f 449//449 444//444 555//555 
f 558//558 449//449 555//555 
f 441//441 449//449 446//446 
f 444//444 449//449 441//441 
f 442//442 443//443 445//445 
f 447//447 450//450 557//557 
f 443//443 447//447 557//557 
f 443//443 557//557 556//556 
f 443//443 556//556 445//445 
f 557//557 450//450 559//559 
f 454//454 449//449 558//558 
f 561//561 454//454 558//558 
f 446//446 454//454 451//451 
f 449//449 454//454 446//446 
f 447//447 448//448 450//450 
f 452//452 455//455 560//560 
f 448//448 452//452 560//560 
f 448//448 560//560 559//559 
f 448//448 559//559 450//450 
f 560//560 455//455 562//562 
f 458//458 454//454 561//561 
f 564//564 458//458 561//561 
f 451//451 458//458 456//456 
f 454//454 458//458 451//451 
f 452//452 453//453 455//455 
f 457//457 459//459 563//563 
f 453//453 457//457 563//563 
f 453//453 563//563 562//562 
f 453//453 562//562 455//455 
f 563//563 459//459 565//565 
f 458//458 564//564 566//566 
f 566//566 456//456 458//458 
f 566//566 567//567 456//456 
f 567//567 460//460 456//456 
f 459//459 461//461 463//463 
f 457//457 461//461 459//459 
f 568//568 565//565 459//459 
f 463//463 568//568 459//459 
f 460//460 567//567 464//464 
f 567//567 570//570 464//464 
f 461//461 462//462 463//463 
f 465//465 466//466 569//569 
f 462//462 465//465 569//569 
f 462//462 569//569 568//568 
f 462//462 568//568 463//463 
f 569//569 466//466 571//571 
f 464//464 570//570 467//467 
f 570//570 572//572 467//467 
f 466//466 468//468 469//469 
f 465//465 468//468 466//466 
f 573//573 571//571 466//466 
f 469//469 573//573 466//466 
f 467//467 572//572 470//470 
f 572//572 574//574 470//470 
f 469//469 471//471 472//472 
f 468//468 471//471 469//469 
f 575//575 573//573 469//469 
f 472//472 575//575 469//469 
f 470//470 574//574 473//473 
f 574//574 576//576 473//473 
f 472//472 474//474 476//476 
f 471//471 474//474 472//472 
f 577//577 575//575 472//472 
f 476//476 577//577 472//472 
f 473//473 576//576 477//477 
f 576//576 579//579 477//477 
f 474//474 475//475 476//476 
f 478//478 479//479 578//578 
f 475//475 478//478 578//578 
f 475//475 578//578 577//577 
f 475//475 577//577 476//476 
f 578//578 479//479 580//580 
f 477//477 579//579 480//480 
f 579//579 581//581 480//480 
f 479//479 481//481 482//482 
f 478//478 481//481 479//479 
f 582//582 580//580 479//479 
f 482//482 582//582 479//479 
f 480//480 581//581 483//483 
f 581//581 583//583 483//483 
f 482//482 484//484 485//485 
f 481//481 484//484 482//482 
f 584//584 582//582 482//482 
f 485//485 584//584 482//482 
f 483//483 583//583 486//486 
f 583//583 585//585 486//486 
f 485//485 487//487 489//489 
f 484//484 487//487 485//485 
f 586//586 584//584 485//485 
f 489//489 586//586 485//485 
f 486//486 585//585 490//490 
f 585//585 588//588 490//490 
f 488//488 491//491 493//493 
f 488//488 493//493 589//589 
f 487//487 488//488 589//589 
f 487//487 589//589 587//587 
f 487//487 587//587 489//489 
f 586//586 489//489 587//587 
f 496//496 492//492 490//490 
f 496//496 490//490 590//590 
f 590//590 490//490 588//588 
f 492//492 496//496 494//494 
f 493//493 495//495 497//497 
f 491//491 495//495 493//493 
f 591//591 589//589 493//493 
f 497//497 591//591 493//493 
f 496//496 590//590 592//592 
f 592//592 494//494 496//496 
f 592//592 593//593 494//494 
f 593//593 498//498 494//494 
f 497//497 499//499 500//500 
f 495//495 499//499 497//497 
f 594//594 591//591 497//497 
f 500//500 594//594 497//497 
f 498//498 593//593 501//501 
f 593//593 595//595 501//501 
f 500//500 502//502 505//505 
f 499//499 502//502 500//500 
f 596//596 594//594 500//500 
f 505//505 596//596 500//500 
f 501//501 595//595 506//506 
f 595//595 598//598 506//506 
f 503//503 507//507 509//509 
f 503//503 510//510 504//504 
f 509//509 510//510 503//503 
f 504//504 510//510 599//599 
f 502//502 504//504 599//599 
f 502//502 599//599 597//597 
f 502//502 597//597 505//505 
f 596//596 505//505 597//597 
f 506//506 598//598 511//511 
f 598//598 604//604 511//511 
f 508//508 605//605 600//600 
f 512//512 605//605 508//508 
f 509//509 507//507 508//508 
f 509//509 508//508 601//601 
f 601//601 508//508 600//600 
f 510//510 509//509 601//601 
f 602//602 510//510 601//601 
f 599//599 510//510 602//602 
f 511//511 604//604 513//513 
f 604//604 607//607 513//513 
f 512//512 514//514 605//605 
f 605//605 514//514 608//608 
f 513//513 607//607 609//609 
f 515//515 513//513 609//609 
f 609//609 517//517 515//515 
f 611//611 517//517 609//609 
f 516//516 612//612 610//610 
f 518//518 612//612 516//516 
f 608//608 514//514 516//516 
f 610//610 608//608 516//516 
f 517//517 611//611 519//519 
f 611//611 614//614 519//519 
f 518//518 520//520 612//612 
f 612//612 520//520 615//615 
f 519//519 614//614 521//521 
f 614//614 616//616 521//521 
f 520//520 522//522 615//615 
f 615//615 522//522 617//617 
f 521//521 616//616 618//618 
f 523//523 521//521 618//618 
f 618//618 525//525 523//523 
f 620//620 525//525 618//618 
f 524//524 621//621 619//619 
f 526//526 621//621 524//524 
f 617//617 522//522 524//524 
f 619//619 617//617 524//524 
f 525//525 620//620 622//622 
f 527//527 525//525 622//622 
f 528//528 527//527 623//623 
f 527//527 622//622 623//623 
f 529//529 528//528 624//624 
f 528//528 623//623 624//624 
f 621//621 526//526 529//529 
f 624//624 621//621 529//529 
f 534//534 630//630 634//634 
f 534//534 535//535 631//631 
f 630//630 534//534 631//631 
f 535//535 536//536 632//632 
f 631//631 535//535 632//632 
f 536//536 537//537 633//633 
f 632//632 536//536 633//633 
f 633//633 537//537 635//635 
f 542//542 636//636 638//638 
f 634//634 636//636 542//542 
f 534//534 634//634 542//542 
f 534//534 542//542 538//538 
f 534//534 538//538 530//530 
f 531//531 534//534 530//530 
f 535//535 534//534 531//531 
f 532//532 535//535 531//531 
f 536//536 535//535 532//532 
f 533//533 536//536 532//532 
f 537//537 536//536 533//533 
f 539//539 543//543 637//637 
f 533//533 539//539 637//637 
f 533//533 637//637 635//635 
f 533//533 635//635 537//537 
f 637//637 543//543 639//639 
f 547//547 640//640 641//641 
f 638//638 640//640 547//547 
f 542//542 638//638 547//547 
f 542//542 547//547 544//544 
f 542//542 544//544 540//540 
f 538//538 542//542 540//540 
f 539//539 541//541 543//543 
f 543//543 541//541 545//545 
f 543//543 545//545 639//639 
f 639//639 545//545 642//642 
f 552//552 547//547 641//641 
f 645//645 552//552 641//641 
f 544//544 552//552 548//548 
f 547//547 552//552 544//544 
f 545//545 643//643 642//642 
f 546//546 643//643 545//545 
f 643//643 546//546 549//549 
f 646//646 643//643 549//549 
f 550//550 552//552 645//645 
f 550//550 645//645 553//553 
f 553//553 645//645 649//649 
f 548//548 552//552 550//550 
f 549//549 647//647 646//646 
f 551//551 647//647 549//549 
f 647//647 551//551 554//554 
f 650//650 647//647 554//554 
f 553//553 649//649 555//555 
f 649//649 651//651 555//555 
f 554//554 556//556 650//650 
f 650//650 556//556 652//652 
f 555//555 651//651 558//558 
f 651//651 655//655 558//558 
f 556//556 653//653 652//652 
f 557//557 653//653 556//556 
f 653//653 557//557 559//559 
f 656//656 653//653 559//559 
f 558//558 655//655 561//561 
f 655//655 659//659 561//561 
f 559//559 657//657 656//656 
f 560//560 657//657 559//559 
f 657//657 560//560 562//562 
f 660//660 657//657 562//562 
f 561//561 659//659 564//564 
f 659//659 663//663 564//564 
f 562//562 661//661 660//660 
f 563//563 661//661 562//562 
f 661//661 563//563 565//565 
f 664//664 661//661 565//565 
f 564//564 663//663 665//665 
f 566//566 564//564 665//665 
f 665//665 567//567 566//566 
f 666//666 567//567 665//665 
f 565//565 568//568 664//664 
f 664//664 568//568 667//667 
f 567//567 666//666 570//570 
f 666//666 670//670 570//570 
f 568//568 668//668 667//667 
f 569//569 668//668 568//568 
f 668//668 569//569 571//571 
f 671//671 668//668 571//571 
f 570//570 670//670 572//572 
f 670//670 672//672 572//572 
f 571//571 573//573 671//671 
f 671//671 573//573 673//673 
f 572//572 672//672 574//574 
f 672//672 674//674 574//574 
f 573//573 575//575 673//673 
f 673//673 575//575 675//675 
f 574//574 674//674 576//576 
f 674//674 676//676 576//576 
f 575//575 577//577 675//675 
f 675//675 577//577 677//677 
f 576//576 676//676 579//579 
f 676//676 680//680 579//579 
f 577//577 678//678 677//677 
f 578//578 678//678 577//577 
f 678//678 578//578 580//580 
f 681//681 678//678 580//580 
f 579//579 680//680 581//581 
f 680//680 682//682 581//581 
f 580//580 582//582 681//681 
f 681//681 582//582 683//683 
f 581//581 682//682 583//583 
f 682//682 684//684 583//583 
f 582//582 584//584 683//683 
f 683//683 584//584 685//685 
f 583//583 684//684 585//585 
f 684//684 686//686 585//585 
f 584//584 586//586 685//685 
f 685//685 586//586 687//687 
f 585//585 686//686 588//588 
f 686//686 689//689 588//588 
f 587//587 690//690 688//688 
f 589//589 690//690 587//587 
f 687//687 586//586 587//587 
f 688//688 687//687 587//587 
f 588//588 689//689 590//590 
f 689//689 692//692 590//590 
f 589//589 591//591 690//690 
f 690//690 591//591 693//693 
f 590//590 692//692 694//694 
f 592//592 590//590 694//694 
f 694//694 593//593 592//592 
f 695//695 593//593 694//694 
f 591//591 594//594 693//693 
f 693//693 594//594 696//696 
f 593//593 695//695 595//595 
f 695//695 697//697 595//595 
f 594//594 596//596 696//696 
f 696//696 596//596 698//698 
f 595//595 697//697 598//598 
f 697//697 699//699 598//598 
f 597//597 599//599 603//603 
f 597//597 603//603 700//700 
f 597//597 700//700 596//596 
f 596//596 700//700 698//698 
f 598//598 699//699 604//604 
f 699//699 704//704 604//604 
f 600//600 605//605 606//606 
f 705//705 600//600 606//606 
f 705//705 701//701 600//600 
f 701//701 601//601 600//600 
f 602//602 601//601 702//702 
f 601//601 701//701 702//702 
f 603//603 599//599 602//602 
f 603//603 602//602 703//703 
f 703//703 602//602 702//702 
f 700//700 603//603 703//703 
f 604//604 704//704 607//607 
f 704//704 710//710 607//607 
f 606//606 711//711 706//706 
f 606//606 605//605 711//711 
f 605//605 608//608 711//711 
f 705//705 606//606 706//706 
f 607//607 710//710 712//712 
f 609//609 607//607 712//712 
f 712//712 611//611 609//609 
f 716//716 611//611 712//712 
f 610//610 612//612 613//613 
f 610//610 613//613 717//717 
f 610//610 717//717 608//608 
f 608//608 717//717 711//711 
f 611//611 716//716 614//614 
f 716//716 722//722 614//614 
f 613//613 723//723 718//718 
f 613//613 612//612 723//723 
f 612//612 615//615 723//723 
f 717//717 613//613 718//718 
f 614//614 722//722 616//616 
f 722//722 727//727 616//616 
f 615//615 617//617 723//723 
f 723//723 617//617 728//728 
f 625//625 618//618 616//616 
f 625//625 616//616 731//731 
f 731//731 616//616 727//727 
f 618//618 625//625 620//620 
f 619//619 621//621 626//626 
f 619//619 626//626 732//732 
f 619//619 732//732 617//617 
f 617//617 732//732 728//728 
f 625//625 731//731 733//733 
f 627//627 733//733 736//736 
f 622//622 733//733 627//627 
f 622//622 625//625 733//733 
f 622//622 620//620 625//625 
f 622//622 628//628 623//623 
f 627//627 628//628 622//622 
f 623//623 629//629 624//624 
f 628//628 629//629 623//623 
f 624//624 629//629 737//737 
f 621//621 624//624 737//737 
f 621//621 737//737 734//734 
f 621//621 734//734 626//626 
f 732//732 626//626 734//734 
f 627//627 736//736 738//738 
f 628//628 627//627 738//738 
f 739//739 628//628 738//738 
f 629//629 628//628 739//739 
f 740//740 629//629 739//739 
f 737//737 629//629 740//740 
f 630//630 746//746 750//750 
f 634//634 630//630 750//750 
f 631//631 747//747 630//630 
f 630//630 747//747 746//746 
f 632//632 748//748 631//631 
f 631//631 748//748 747//747 
f 633//633 749//749 632//632 
f 632//632 749//749 748//748 
f 749//749 633//633 635//635 
f 751//751 749//749 635//635 
f 636//636 752//752 755//755 
f 638//638 636//636 755//755 
f 750//750 636//636 634//634 
f 752//752 636//636 750//750 
f 635//635 753//753 751//751 
f 637//637 753//753 635//635 
f 753//753 637//637 639//639 
f 756//756 753//753 639//639 
f 640//640 757//757 761//761 
f 641//641 640//640 761//761 
f 755//755 640//640 638//638 
f 757//757 640//640 755//755 
f 758//758 642//642 644//644 
f 758//758 756//756 642//642 
f 756//756 639//639 642//642 
f 758//758 644//644 762//762 
f 641//641 761//761 645//645 
f 761//761 765//765 645//645 
f 642//642 643//643 644//644 
f 646//646 648//648 763//763 
f 643//643 646//646 763//763 
f 643//643 763//763 762//762 
f 643//643 762//762 644//644 
f 763//763 648//648 766//766 
f 645//645 765//765 649//649 
f 765//765 768//768 649//649 
f 646//646 647//647 648//648 
f 648//648 647//647 650//650 
f 648//648 650//650 766//766 
f 766//766 650//650 769//769 
f 649//649 768//768 651//651 
f 768//768 773//773 651//651 
f 770//770 652//652 654//654 
f 770//770 769//769 652//652 
f 769//769 650//650 652//652 
f 770//770 654//654 774//774 
f 651//651 773//773 655//655 
f 773//773 777//777 655//655 
f 652//652 653//653 654//654 
f 656//656 658//658 775//775 
f 653//653 656//656 775//775 
f 653//653 775//775 774//774 
f 653//653 774//774 654//654 
f 775//775 658//658 778//778 
f 655//655 777//777 659//659 
f 777//777 782//782 659//659 
f 656//656 657//657 658//658 
f 660//660 662//662 779//779 
f 657//657 660//660 779//779 
f 657//657 779//779 778//778 
f 657//657 778//778 658//658 
f 779//779 662//662 783//783 
f 659//659 782//782 663//663 
f 782//782 785//785 663//663 
f 660//660 661//661 662//662 
f 662//662 661//661 664//664 
f 662//662 664//664 783//783 
f 783//783 664//664 786//786 
f 663//663 785//785 787//787 
f 665//665 663//663 787//787 
f 787//787 666//666 665//665 
f 791//791 666//666 787//787 
f 788//788 667//667 669//669 
f 788//788 786//786 667//667 
f 786//786 664//664 667//667 
f 788//788 669//669 792//792 
f 666//666 791//791 670//670 
f 791//791 794//794 670//670 
f 667//667 668//668 669//669 
f 669//669 668//668 671//671 
f 669//669 671//671 792//792 
f 792//792 671//671 795//795 
f 670//670 794//794 672//672 
f 794//794 797//797 672//672 
f 671//671 673//673 795//795 
f 795//795 673//673 798//798 
f 672//672 797//797 674//674 
f 797//797 800//800 674//674 
f 673//673 675//675 798//798 
f 798//798 675//675 801//801 
f 674//674 800//800 676//676 
f 800//800 805//805 676//676 
f 802//802 677//677 679//679 
f 802//802 801//801 677//677 
f 801//801 675//675 677//677 
f 802//802 679//679 806//806 
f 676//676 805//805 680//680 
f 805//805 808//808 680//680 
f 677//677 678//678 679//679 
f 679//679 678//678 681//681 
f 679//679 681//681 806//806 
f 806//806 681//681 809//809 
f 680//680 808//808 682//682 
f 808//808 812//812 682//682 
f 681//681 683//683 809//809 
f 809//809 683//683 813//813 
f 682//682 812//812 684//684 
f 812//812 816//816 684//684 
f 683//683 685//685 813//813 
f 813//813 685//685 817//817 
f 684//684 816//816 686//686 
f 816//816 820//820 686//686 
f 685//685 687//687 817//817 
f 817//817 687//687 821//821 
f 686//686 820//820 689//689 
f 820//820 824//824 689//689 
f 688//688 690//690 691//691 
f 688//688 691//691 825//825 
f 688//688 825//825 687//687 
f 687//687 825//825 821//821 
f 689//689 824//824 692//692 
f 824//824 829//829 692//692 
f 691//691 830//830 826//826 
f 691//691 690//690 830//830 
f 690//690 693//693 830//830 
f 825//825 691//691 826//826 
f 692//692 829//829 831//831 
f 694//694 692//692 831//831 
f 831//831 695//695 694//694 
f 835//835 695//695 831//831 
f 693//693 696//696 830//830 
f 830//830 696//696 836//836 
f 695//695 835//835 697//697 
f 835//835 839//839 697//697 
f 696//696 698//698 836//836 
f 836//836 698//698 840//840 
f 697//697 839//839 699//699 
f 839//839 843//843 699//699 
f 698//698 700//700 840//840 
f 840//840 700//700 844//844 
f 699//699 843//843 704//704 
f 843//843 847//847 704//704 
f 701//701 705//705 707//707 
f 701//701 708//708 702//702 
f 707//707 708//708 701//701 
f 702//702 709//709 703//703 
f 708//708 709//709 702//702 
f 703//703 709//709 848//848 
f 703//703 848//848 700//700 
f 700//700 848//848 844//844 
f 704//704 847//847 710//710 
f 847//847 851//851 710//710 
f 706//706 711//711 713//713 
f 706//706 707//707 705//705 
f 706//706 713//713 707//707 
f 713//713 714//714 707//707 
f 708//708 707//707 715//715 
f 715//715 707//707 714//714 
f 852//852 849//849 709//709 
f 852//852 709//709 715//715 
f 715//715 709//709 708//708 
f 848//848 709//709 849//849 
f 719//719 712//712 710//710 
f 719//719 710//710 855//855 
f 855//855 710//710 851//851 
f 712//712 719//719 716//716 
f 713//713 717//717 720//720 
f 711//711 717//717 713//713 
f 714//714 713//713 721//721 
f 721//721 713//713 720//720 
f 856//856 853//853 715//715 
f 856//856 715//715 721//721 
f 721//721 715//715 714//714 
f 852//852 715//715 853//853 
f 719//719 855//855 857//857 
f 857//857 716//716 719//719 
f 857//857 860//860 716//716 
f 860//860 722//722 716//716 
f 718//718 723//723 724//724 
f 718//718 720//720 717//717 
f 718//718 724//724 720//720 
f 724//724 725//725 720//720 
f 721//721 720//720 726//726 
f 726//726 720//720 725//725 
f 861//861 856//856 721//721 
f 726//726 861//861 721//721 
f 722//722 860//860 727//727 
f 860//860 865//865 727//727 
f 724//724 728//728 729//729 
f 723//723 728//728 724//724 
f 725//725 724//724 730//730 
f 730//730 724//724 729//729 
f 866//866 862//862 726//726 
f 866//866 726//726 730//730 
f 730//730 726//726 725//725 
f 861//861 726//726 862//862 
f 727//727 865//865 731//731 
f 865//865 869//869 731//731 
f 729//729 732//732 735//735 
f 728//728 732//732 729//729 
f 870//870 867//867 730//730 
f 870//870 730//730 735//735 
f 735//735 730//730 729//729 
f 866//866 730//730 867//867 
f 741//741 733//733 731//731 
f 741//741 731//731 874//874 
f 874//874 731//731 869//869 
f 733//733 741//741 736//736 
f 734//734 737//737 742//742 
f 734//734 742//742 875//875 
f 732//732 734//734 875//875 
f 732//732 875//875 871//871 
f 732//732 871//871 735//735 
f 870//870 735//735 871//871 
f 741//741 874//874 876//876 
f 743//743 876//876 879//879 
f 738//738 876//876 743//743 
f 738//738 741//741 876//876 
f 738//738 736//736 741//741 
f 738//738 744//744 739//739 
f 743//743 744//744 738//738 
f 739//739 745//745 740//740 
f 744//744 745//745 739//739 
f 740//740 745//745 880//880 
f 737//737 740//740 880//880 
f 737//737 880//880 877//877 
f 737//737 877//877 742//742 
f 875//875 742//742 877//877 
f 743//743 879//879 881//881 
f 744//744 743//743 881//881 
f 882//882 744//744 881//881 
f 745//745 744//744 882//882 
f 883//883 745//745 882//882 
f 880//880 745//745 883//883 
f 754//754 884//884 892//892 
f 754//754 750//750 746//746 
f 754//754 746//746 884//884 
f 884//884 746//746 885//885 
f 747//747 886//886 746//746 
f 746//746 886//886 885//885 
f 748//748 887//887 747//747 
f 747//747 887//887 886//886 
f 749//749 888//888 748//748 
f 748//748 888//888 887//887 
f 888//888 749//749 751//751 
f 893//893 888//888 751//751 
f 759//759 894//894 899//899 
f 892//892 894//894 759//759 
f 754//754 892//892 759//759 
f 754//754 759//759 755//755 
f 754//754 755//755 752//752 
f 750//750 754//754 752//752 
f 751//751 895//895 893//893 
f 753//753 895//895 751//751 
f 756//756 760//760 896//896 
f 756//756 896//896 753//753 
f 753//753 896//896 895//895 
f 896//896 760//760 900//900 
f 757//757 759//759 899//899 
f 757//757 899//899 761//761 
f 761//761 899//899 903//903 
f 755//755 759//759 757//757 
f 756//756 758//758 760//760 
f 762//762 764//764 901//901 
f 758//758 762//762 901//901 
f 758//758 901//901 900//900 
f 758//758 900//900 760//760 
f 901//901 764//764 904//904 
f 761//761 903//903 765//765 
f 903//903 908//908 765//765 
f 762//762 763//763 764//764 
f 766//766 767//767 905//905 
f 763//763 766//766 905//905 
f 763//763 905//905 904//904 
f 763//763 904//904 764//764 
f 905//905 767//767 909//909 
f 765//765 908//908 768//768 
f 908//908 912//912 768//768 
f 767//767 769//769 771//771 
f 766//766 769//769 767//767 
f 910//910 909//909 767//767 
f 910//910 767//767 772//772 
f 772//772 767//767 771//771 
f 910//910 772//772 913//913 
f 768//768 912//912 773//773 
f 912//912 915//915 773//773 
f 769//769 770//770 771//771 
f 774//774 771//771 770//770 
f 774//774 776//776 771//771 
f 776//776 772//772 771//771 
f 916//916 913//913 772//772 
f 776//776 916//916 772//772 
f 917//917 780//780 777//777 
f 917//917 777//777 915//915 
f 915//915 777//777 773//773 
f 917//917 921//921 780//780 
f 774//774 775//775 776//776 
f 778//778 781//781 918//918 
f 775//775 778//778 918//918 
f 775//775 918//918 916//916 
f 775//775 916//916 776//776 
f 918//918 781//781 922//922 
f 780//780 784//784 782//782 
f 777//777 780//780 782//782 
f 924//924 780//780 921//921 
f 784//784 780//780 924//924 
f 778//778 779//779 781//781 
f 781//781 779//779 783//783 
f 781//781 783//783 922//922 
f 922//922 783//783 925//925 
f 784//784 789//789 785//785 
f 782//782 784//784 785//785 
f 929//929 784//784 924//924 
f 789//789 784//784 929//929 
f 926//926 786//786 790//790 
f 926//926 925//925 786//786 
f 925//925 783//783 786//786 
f 926//926 790//790 930//930 
f 785//785 789//789 787//787 
f 789//789 791//791 787//787 
f 789//789 929//929 791//791 
f 929//929 933//933 791//791 
f 786//786 788//788 790//790 
f 792//792 793//793 931//931 
f 788//788 792//792 931//931 
f 788//788 931//931 930//930 
f 788//788 930//930 790//790 
f 931//931 793//793 934//934 
f 791//791 933//933 794//794 
f 933//933 936//936 794//794 
f 793//793 795//795 796//796 
f 792//792 795//795 793//793 
f 937//937 934//934 793//793 
f 796//796 937//937 793//793 
f 794//794 936//936 797//797 
f 936//936 939//939 797//797 
f 796//796 798//798 799//799 
f 795//795 798//798 796//796 
f 940//940 937//937 796//796 
f 799//799 940//940 796//796 
f 797//797 939//939 800//800 
f 939//939 943//943 800//800 
f 799//799 801//801 803//803 
f 798//798 801//801 799//799 
f 941//941 940//940 799//799 
f 941//941 799//799 804//804 
f 804//804 799//799 803//803 
f 941//941 804//804 944//944 
f 800//800 943//943 805//805 
f 943//943 946//946 805//805 
f 801//801 802//802 803//803 
f 806//806 803//803 802//802 
f 806//806 807//807 803//803 
f 807//807 804//804 803//803 
f 947//947 944//944 804//804 
f 807//807 947//947 804//804 
f 948//948 810//810 808//808 
f 948//948 808//808 946//946 
f 946//946 808//808 805//805 
f 948//948 951//951 810//810 
f 807//807 809//809 811//811 
f 806//806 809//809 807//807 
f 952//952 947//947 807//807 
f 811//811 952//952 807//807 
f 810//810 814//814 812//812 
f 808//808 810//810 812//812 
f 954//954 810//810 951//951 
f 814//814 810//810 954//954 
f 811//811 813//813 815//815 
f 809//809 813//813 811//811 
f 955//955 952//952 811//811 
f 815//815 955//955 811//811 
f 814//814 818//818 816//816 
f 812//812 814//814 816//816 
f 957//957 814//814 954//954 
f 818//818 814//814 957//957 
f 815//815 817//817 819//819 
f 813//813 817//817 815//815 
f 958//958 955//955 815//815 
f 819//819 958//958 815//815 
f 818//818 822//822 820//820 
f 816//816 818//818 820//820 
f 960//960 818//818 957//957 
f 822//822 818//818 960//960 
f 819//819 821//821 823//823 
f 817//817 821//821 819//819 
f 961//961 958//958 819//819 
f 823//823 961//961 819//819 
f 822//822 827//827 824//824 
f 820//820 822//822 824//824 
f 963//963 822//822 960//960 
f 827//827 822//822 963//963 
f 823//823 825//825 828//828 
f 821//821 825//825 823//823 
f 964//964 961//961 823//823 
f 828//828 964//964 823//823 
f 827//827 832//832 829//829 
f 824//824 827//827 829//829 
f 966//966 827//827 963//963 
f 832//832 827//827 966//966 
f 826//826 830//830 833//833 
f 826//826 828//828 825//825 
f 826//826 833//833 828//828 
f 833//833 834//834 828//828 
f 967//967 964//964 828//828 
f 834//834 967//967 828//828 
f 829//829 832//832 831//831 
f 832//832 835//835 831//831 
f 832//832 966//966 835//835 
f 966//966 969//969 835//835 
f 833//833 836//836 837//837 
f 830//830 836//836 833//833 
f 834//834 833//833 838//838 
f 838//838 833//833 837//837 
f 970//970 967//967 834//834 
f 838//838 970//970 834//834 
f 835//835 969//969 839//839 
f 969//969 972//972 839//839 
f 837//837 840//840 841//841 
f 836//836 840//840 837//837 
f 838//838 837//837 842//842 
f 842//842 837//837 841//841 
f 973//973 970//970 838//838 
f 842//842 973//973 838//838 
f 839//839 972//972 843//843 
f 972//972 975//975 843//843 
f 841//841 844//844 845//845 
f 840//840 844//844 841//841 
f 842//842 841//841 846//846 
f 846//846 841//841 845//845 
f 976//976 973//973 842//842 
f 846//846 976//976 842//842 
f 843//843 975//975 847//847 
f 975//975 979//979 847//847 
f 845//845 848//848 850//850 
f 844//844 848//848 845//845 
f 980//980 977//977 846//846 
f 980//980 846//846 850//850 
f 850//850 846//846 845//845 
f 976//976 846//846 977//977 
f 847//847 979//979 851//851 
f 979//979 983//983 851//851 
f 849//849 852//852 854//854 
f 849//849 854//854 984//984 
f 848//848 849//849 984//984 
f 848//848 984//984 981//981 
f 848//848 981//981 850//850 
f 980//980 850//850 981//981 
f 851//851 983//983 855//855 
f 983//983 987//987 855//855 
f 853//853 856//856 858//858 
f 853//853 854//854 852//852 
f 853//853 858//858 854//854 
f 858//858 859//859 854//854 
f 988//988 984//984 854//854 
f 859//859 988//988 854//854 
f 863//863 857//857 855//855 
f 863//863 855//855 990//990 
f 990//990 855//855 987//987 
f 857//857 863//863 860//860 
f 858//858 861//861 864//864 
f 856//856 861//861 858//858 
f 991//991 989//989 859//859 
f 991//991 859//859 864//864 
f 864//864 859//859 858//858 
f 988//988 859//859 989//989 
f 863//863 990//990 992//992 
f 992//992 860//860 863//863 
f 992//992 994//994 860//860 
f 994//994 865//865 860//860 
f 862//862 866//866 868//868 
f 862//862 868//868 995//995 
f 861//861 862//862 995//995 
f 861//861 995//995 993//993 
f 861//861 993//993 864//864 
f 991//991 864//864 993//993 
f 865//865 994//994 869//869 
f 994//994 998//998 869//869 
f 867//867 870//870 872//872 
f 867//867 868//868 866//866 
f 867//867 872//872 868//868 
f 872//872 873//873 868//868 
f 999//999 995//995 868//868 
f 873//873 999//999 868//868 
f 869//869 998//998 874//874 
f 998//998 1002//1002 874//874 
f 871//871 875//875 878//878 
f 871//871 878//878 1003//1003 
f 870//870 871//871 1003//1003 
f 870//870 1003//1003 1000//1000 
f 870//870 1000//1000 872//872 
f 873//873 872//872 1000//1000 
f 1001//1001 873//873 1000//1000 
f 999//999 873//873 1001//1001 
f 874//874 1002//1002 1004//1004 
f 876//876 874//874 1004//1004 
f 1004//1004 879//879 876//876 
f 1008//1008 879//879 1004//1004 
f 877//877 1009//1009 1005//1005 
f 880//880 1009//1009 877//877 
f 878//878 875//875 877//877 
f 878//878 877//877 1006//1006 
f 1006//1006 877//877 1005//1005 
f 1003//1003 878//878 1006//1006 
f 879//879 1008//1008 1010//1010 
f 881//881 879//879 1010//1010 
f 882//882 881//881 1011//1011 
f 881//881 1010//1010 1011//1011 
f 883//883 882//882 1012//1012 
f 882//882 1011//1011 1012//1012 
f 1009//1009 880//880 883//883 
f 1012//1012 1009//1009 883//883 
f 889//889 1014//1014 1017//1017 
f 889//889 890//890 1015//1015 
f 1014//1014 889//889 1015//1015 
f 890//890 891//891 1016//1016 
f 1015//1015 890//890 1016//1016 
f 1016//1016 891//891 1018//1018 
f 897//897 1019//1019 1023//1023 
f 1017//1017 1019//1019 897//897 
f 889//889 1017//1017 897//897 
f 889//889 897//897 892//892 
f 889//889 892//892 884//884 
f 885//885 889//889 884//884 
f 890//890 889//889 885//885 
f 886//886 890//890 885//885 
f 891//891 890//890 886//886 
f 891//891 1020//1020 1018//1018 
f 891//891 886//886 1020//1020 
f 886//886 887//887 1020//1020 
f 888//888 1021//1021 887//887 
f 887//887 1021//1021 1020//1020 
f 893//893 898//898 1022//1022 
f 893//893 1022//1022 888//888 
f 888//888 1022//1022 1021//1021 
f 1022//1022 898//898 1024//1024 
f 894//894 897//897 1023//1023 
f 894//894 1023//1023 899//899 
f 899//899 1023//1023 1028//1028 
f 892//892 897//897 894//894 
f 893//893 895//895 898//898 
f 898//898 1025//1025 1024//1024 
f 898//898 895//895 1025//1025 
f 895//895 896//896 1025//1025 
f 900//900 902//902 1026//1026 
f 900//900 1026//1026 896//896 
f 896//896 1026//1026 1025//1025 
f 1026//1026 902//902 1029//1029 
f 899//899 1028//1028 903//903 
f 1028//1028 1033//1033 903//903 
f 900//900 901//901 902//902 
f 904//904 906//906 1030//1030 
f 901//901 904//904 1030//1030 
f 901//901 1030//1030 1029//1029 
f 901//901 1029//1029 902//902 
f 906//906 907//907 1031//1031 
f 1030//1030 906//906 1031//1031 
f 1031//1031 907//907 1034//1034 
f 903//903 1033//1033 908//908 
f 1033//1033 1035//1035 908//908 
f 904//904 905//905 906//906 
f 909//909 906//906 905//905 
f 909//909 911//911 906//906 
f 911//911 907//907 906//906 
f 1036//1036 1034//1034 907//907 
f 911//911 1036//1036 907//907 
f 908//908 1035//1035 912//912 
f 1035//1035 1039//1039 912//912 
f 909//909 910//910 911//911 
f 913//913 914//914 1037//1037 
f 910//910 913//913 1037//1037 
f 910//910 1037//1037 1036//1036 
f 910//910 1036//1036 911//911 
f 1037//1037 914//914 1040//1040 
f 1041//1041 919//919 915//915 
f 1041//1041 915//915 1039//1039 
f 1039//1039 915//915 912//912 
f 1041//1041 1042//1042 919//919 
f 914//914 916//916 920//920 
f 913//913 916//916 914//914 
f 1043//1043 1040//1040 914//914 
f 920//920 1043//1043 914//914 
f 915//915 919//919 917//917 
f 919//919 921//921 917//917 
f 919//919 1042//1042 921//921 
f 1042//1042 1046//1046 921//921 
f 916//916 918//918 920//920 
f 922//922 923//923 1044//1044 
f 918//918 922//922 1044//1044 
f 918//918 1044//1044 1043//1043 
f 918//918 1043//1043 920//920 
f 1044//1044 923//923 1047//1047 
f 921//921 1046//1046 924//924 
f 1046//1046 1049//1049 924//924 
f 923//923 925//925 927//927 
f 922//922 925//925 923//923 
f 1048//1048 1047//1047 923//923 
f 1048//1048 923//923 928//928 
f 928//928 923//923 927//927 
f 1048//1048 928//928 1050//1050 
f 924//924 1049//1049 929//929 
f 1049//1049 1051//1051 929//929 
f 925//925 926//926 927//927 
f 930//930 927//927 926//926 
f 930//930 932//932 927//927 
f 932//932 928//928 927//927 
f 1052//1052 1050//1050 928//928 
f 932//932 1052//1052 928//928 
f 929//929 1051//1051 933//933 
f 1051//1051 1055//1055 933//933 
f 930//930 931//931 932//932 
f 934//934 935//935 1053//1053 
f 931//931 934//934 1053//1053 
f 931//931 1053//1053 1052//1052 
f 931//931 1052//1052 932//932 
f 1053//1053 935//935 1056//1056 
f 933//933 1055//1055 936//936 
f 1055//1055 1057//1057 936//936 
f 935//935 937//937 938//938 
f 934//934 937//937 935//935 
f 1058//1058 1056//1056 935//935 
f 938//938 1058//1058 935//935 
f 936//936 1057//1057 939//939 
f 1057//1057 1059//1059 939//939 
f 938//938 940//940 942//942 
f 937//937 940//940 938//938 
f 1060//1060 1058//1058 938//938 
f 942//942 1060//1060 938//938 
f 939//939 1059//1059 943//943 
f 1059//1059 1063//1063 943//943 
f 940//940 941//941 942//942 
f 944//944 945//945 1061//1061 
f 941//941 944//944 1061//1061 
f 941//941 1061//1061 1060//1060 
f 941//941 1060//1060 942//942 
f 1061//1061 945//945 1064//1064 
f 1065//1065 949//949 946//946 
f 1065//1065 946//946 1063//1063 
f 1063//1063 946//946 943//943 
f 1065//1065 1066//1066 949//949 
f 945//945 947//947 950//950 
f 944//944 947//947 945//945 
f 1067//1067 1064//1064 945//945 
f 950//950 1067//1067 945//945 
f 946//946 949//949 948//948 
f 949//949 951//951 948//948 
f 949//949 1066//1066 951//951 
f 1066//1066 1068//1068 951//951 
f 950//950 952//952 953//953 
f 947//947 952//952 950//950 
f 1069//1069 1067//1067 950//950 
f 953//953 1069//1069 950//950 
f 951//951 1068//1068 954//954 
f 1068//1068 1070//1070 954//954 
f 953//953 955//955 956//956 
f 952//952 955//955 953//953 
f 1071//1071 1069//1069 953//953 
f 956//956 1071//1071 953//953 
f 954//954 1070//1070 957//957 
f 1070//1070 1072//1072 957//957 
f 956//956 958//958 959//959 
f 955//955 958//958 956//956 
f 1073//1073 1071//1071 956//956 
f 959//959 1073//1073 956//956 
f 957//957 1072//1072 960//960 
f 1072//1072 1074//1074 960//960 
f 959//959 961//961 962//962 
f 958//958 961//961 959//959 
f 1075//1075 1073//1073 959//959 
f 962//962 1075//1075 959//959 
f 960//960 1074//1074 963//963 
f 1074//1074 1076//1076 963//963 
f 962//962 964//964 965//965 
f 961//961 964//964 962//962 
f 1077//1077 1075//1075 962//962 
f 965//965 1077//1077 962//962 
f 963//963 1076//1076 966//966 
f 1076//1076 1078//1078 966//966 
f 965//965 967//967 968//968 
f 964//964 967//967 965//965 
f 1079//1079 1077//1077 965//965 
f 968//968 1079//1079 965//965 
f 966//966 1078//1078 969//969 
f 1078//1078 1080//1080 969//969 
f 968//968 970//970 971//971 
f 967//967 970//970 968//968 
f 1081//1081 1079//1079 968//968 
f 971//971 1081//1081 968//968 
f 969//969 1080//1080 972//972 
f 1080//1080 1082//1082 972//972 
f 971//971 973//973 974//974 
f 970//970 973//973 971//971 
f 1083//1083 1081//1081 971//971 
f 974//974 1083//1083 971//971 
f 972//972 1082//1082 975//975 
f 1082//1082 1084//1084 975//975 
f 974//974 976//976 978//978 
f 973//973 976//976 974//974 
f 1085//1085 1083//1083 974//974 
f 978//978 1085//1085 974//974 
f 975//975 1084//1084 979//979 
f 1084//1084 1087//1087 979//979 
f 977//977 980//980 982//982 
f 977//977 982//982 1088//1088 
f 976//976 977//977 1088//1088 
f 976//976 1088//1088 1086//1086 
f 976//976 1086//1086 978//978 
f 1085//1085 978//978 1086//1086 
f 979//979 1087//1087 983//983 
f 1087//1087 1091//1091 983//983 
f 981//981 984//984 985//985 
f 981//981 982//982 980//980 
f 981//981 985//985 982//982 
f 985//985 986//986 982//982 
f 1092//1092 1088//1088 982//982 
f 986//986 1092//1092 982//982 
f 983//983 1091//1091 987//987 
f 1091//1091 1096//1096 987//987 
f 985//985 1097//1097 1093//1093 
f 985//985 984//984 1097//1097 
f 984//984 988//988 1097//1097 
f 986//986 985//985 1093//1093 
f 1094//1094 986//986 1093//1093 
f 1092//1092 986//986 1094//1094 
f 987//987 1096//1096 990//990 
f 1096//1096 1101//1101 990//990 
f 989//989 1102//1102 1098//1098 
f 991//991 1102//1102 989//989 
f 1097//1097 988//988 989//989 
f 1098//1098 1097//1097 989//989 
f 996//996 992//992 990//990 
f 996//996 990//990 1105//1105 
f 1105//1105 990//990 1101//1101 
f 992//992 996//996 994//994 
f 993//993 995//995 997//997 
f 993//993 997//997 1106//1106 
f 993//993 1106//1106 991//991 
f 991//991 1106//1106 1102//1102 
f 996//996 1105//1105 1107//1107 
f 1107//1107 994//994 996//996 
f 1107//1107 1109//1109 994//994 
f 1109//1109 998//998 994//994 
f 997//997 1110//1110 1108//1108 
f 997//997 995//995 1110//1110 
f 995//995 999//999 1110//1110 
f 1106//1106 997//997 1108//1108 
f 998//998 1109//1109 1002//1002 
f 1109//1109 1114//1114 1002//1002 
f 1000//1000 1003//1003 1007//1007 
f 1115//1115 1000//1000 1007//1007 
f 1115//1115 1111//1111 1000//1000 
f 1111//1111 1001//1001 1000//1000 
f 1110//1110 999//999 1001//1001 
f 1111//1111 1110//1110 1001//1001 
f 1002//1002 1114//1114 1116//1116 
f 1004//1004 1002//1002 1116//1116 
f 1116//1116 1008//1008 1004//1004 
f 1120//1120 1008//1008 1116//1116 
f 1005//1005 1009//1009 1013//1013 
f 1121//1121 1005//1005 1013//1013 
f 1121//1121 1117//1117 1005//1005 
f 1117//1117 1006//1006 1005//1005 
f 1007//1007 1003//1003 1006//1006 
f 1007//1007 1006//1006 1118//1118 
f 1118//1118 1006//1006 1117//1117 
f 1115//1115 1007//1007 1118//1118 
f 1008//1008 1120//1120 1122//1122 
f 1010//1010 1008//1008 1122//1122 
f 1011//1011 1010//1010 1123//1123 
f 1010//1010 1122//1122 1123//1123 
f 1012//1012 1011//1011 1124//1124 
f 1011//1011 1123//1123 1124//1124 
f 1013//1013 1009//1009 1012//1012 
f 1013//1013 1012//1012 1125//1125 
f 1125//1125 1012//1012 1124//1124 
f 1121//1121 1013//1013 1125//1125 
f 1014//1014 1128//1128 1131//1131 
f 1017//1017 1014//1014 1131//1131 
f 1015//1015 1129//1129 1014//1014 
f 1014//1014 1129//1129 1128//1128 
f 1016//1016 1130//1130 1015//1015 
f 1015//1015 1130//1130 1129//1129 
f 1130//1130 1016//1016 1018//1018 
f 1132//1132 1130//1130 1018//1018 
f 1019//1019 1133//1133 1139//1139 
f 1023//1023 1019//1019 1139//1139 
f 1131//1131 1019//1019 1017//1017 
f 1133//1133 1019//1019 1131//1131 
f 1018//1018 1134//1134 1132//1132 
f 1020//1020 1134//1134 1018//1018 
f 1021//1021 1135//1135 1020//1020 
f 1020//1020 1135//1135 1134//1134 
f 1022//1022 1136//1136 1021//1021 
f 1021//1021 1136//1136 1135//1135 
f 1024//1024 1027//1027 1137//1137 
f 1024//1024 1137//1137 1022//1022 
f 1022//1022 1137//1137 1136//1136 
f 1137//1137 1027//1027 1140//1140 
f 1023//1023 1139//1139 1028//1028 
f 1139//1139 1144//1144 1028//1028 
f 1024//1024 1025//1025 1027//1027 
f 1027//1027 1141//1141 1140//1140 
f 1027//1027 1025//1025 1141//1141 
f 1025//1025 1026//1026 1141//1141 
f 1029//1029 1032//1032 1142//1142 
f 1029//1029 1142//1142 1026//1026 
f 1026//1026 1142//1142 1141//1141 
f 1142//1142 1032//1032 1145//1145 
f 1028//1028 1144//1144 1033//1033 
f 1144//1144 1148//1148 1033//1033 
f 1029//1029 1030//1030 1032//1032 
f 1032//1032 1146//1146 1145//1145 
f 1032//1032 1030//1030 1146//1146 
f 1030//1030 1031//1031 1146//1146 
f 1146//1146 1031//1031 1034//1034 
f 1149//1149 1146//1146 1034//1034 
f 1033//1033 1148//1148 1035//1035 
f 1148//1148 1152//1152 1035//1035 
f 1150//1150 1036//1036 1038//1038 
f 1150//1150 1149//1149 1036//1036 
f 1149//1149 1034//1034 1036//1036 
f 1150//1150 1038//1038 1153//1153 
f 1035//1035 1152//1152 1039//1039 
f 1152//1152 1154//1154 1039//1039 
f 1036//1036 1037//1037 1038//1038 
f 1038//1038 1037//1037 1040//1040 
f 1038//1038 1040//1040 1153//1153 
f 1153//1153 1040//1040 1155//1155 
f 1039//1039 1154//1154 1156//1156 
f 1041//1041 1039//1039 1156//1156 
f 1156//1156 1042//1042 1041//1041 
f 1159//1159 1042//1042 1156//1156 
f 1157//1157 1043//1043 1045//1045 
f 1157//1157 1155//1155 1043//1043 
f 1155//1155 1040//1040 1043//1043 
f 1157//1157 1045//1045 1160//1160 
f 1042//1042 1159//1159 1046//1046 
f 1159//1159 1161//1161 1046//1046 
f 1043//1043 1044//1044 1045//1045 
f 1045//1045 1044//1044 1047//1047 
f 1045//1045 1047//1047 1160//1160 
f 1160//1160 1047//1047 1162//1162 
f 1046//1046 1161//1161 1049//1049 
f 1161//1161 1165//1165 1049//1049 
f 1047//1047 1163//1163 1162//1162 
f 1048//1048 1163//1163 1047//1047 
f 1163//1163 1048//1048 1050//1050 
f 1166//1166 1163//1163 1050//1050 
f 1049//1049 1165//1165 1051//1051 
f 1165//1165 1169//1169 1051//1051 
f 1167//1167 1052//1052 1054//1054 
f 1167//1167 1166//1166 1052//1052 
f 1166//1166 1050//1050 1052//1052 
f 1167//1167 1054//1054 1170//1170 
f 1051//1051 1169//1169 1055//1055 
f 1169//1169 1171//1171 1055//1055 
f 1052//1052 1053//1053 1054//1054 
f 1054//1054 1053//1053 1056//1056 
f 1054//1054 1056//1056 1170//1170 
f 1170//1170 1056//1056 1172//1172 
f 1055//1055 1171//1171 1057//1057 
f 1171//1171 1174//1174 1057//1057 
f 1056//1056 1058//1058 1172//1172 
f 1172//1172 1058//1058 1175//1175 
f 1057//1057 1174//1174 1059//1059 
f 1174//1174 1179//1179 1059//1059 
f 1176//1176 1060//1060 1062//1062 
f 1176//1176 1175//1175 1060//1060 
f 1175//1175 1058//1058 1060//1060 
f 1176//1176 1062//1062 1180//1180 
f 1059//1059 1179//1179 1063//1063 
f 1179//1179 1182//1182 1063//1063 
f 1060//1060 1061//1061 1062//1062 
f 1062//1062 1061//1061 1064//1064 
f 1062//1062 1064//1064 1180//1180 
f 1180//1180 1064//1064 1183//1183 
f 1063//1063 1182//1182 1184//1184 
f 1065//1065 1063//1063 1184//1184 
f 1184//1184 1066//1066 1065//1065 
f 1187//1187 1066//1066 1184//1184 
f 1064//1064 1067//1067 1183//1183 
f 1183//1183 1067//1067 1188//1188 
f 1066//1066 1187//1187 1068//1068 
f 1187//1187 1191//1191 1068//1068 
f 1067//1067 1069//1069 1188//1188 
f 1188//1188 1069//1069 1192//1192 
f 1068//1068 1191//1191 1070//1070 
f 1191//1191 1195//1195 1070//1070 
f 1069//1069 1071//1071 1192//1192 
f 1192//1192 1071//1071 1196//1196 
f 1070//1070 1195//1195 1072//1072 
f 1195//1195 1199//1199 1072//1072 
f 1071//1071 1073//1073 1196//1196 
f 1196//1196 1073//1073 1200//1200 
f 1072//1072 1199//1199 1074//1074 
f 1199//1199 1202//1202 1074//1074 
f 1073//1073 1075//1075 1200//1200 
f 1200//1200 1075//1075 1203//1203 
f 1074//1074 1202//1202 1076//1076 
f 1202//1202 1205//1205 1076//1076 
f 1075//1075 1077//1077 1203//1203 
f 1203//1203 1077//1077 1206//1206 
f 1076//1076 1205//1205 1078//1078 
f 1205//1205 1208//1208 1078//1078 
f 1077//1077 1079//1079 1206//1206 
f 1206//1206 1079//1079 1209//1209 
f 1078//1078 1208//1208 1080//1080 
f 1208//1208 1211//1211 1080//1080 
f 1079//1079 1081//1081 1209//1209 
f 1209//1209 1081//1081 1212//1212 
f 1080//1080 1211//1211 1082//1082 
f 1211//1211 1214//1214 1082//1082 
f 1081//1081 1083//1083 1212//1212 
f 1212//1212 1083//1083 1215//1215 
f 1082//1082 1214//1214 1084//1084 
f 1214//1214 1217//1217 1084//1084 
f 1083//1083 1085//1085 1215//1215 
f 1215//1215 1085//1085 1218//1218 
f 1089//1089 1219//1219 1221//1221 
f 1089//1089 1217//1217 1219//1219 
f 1089//1089 1087//1087 1217//1217 
f 1087//1087 1084//1084 1217//1217 
f 1086//1086 1088//1088 1090//1090 
f 1086//1086 1090//1090 1222//1222 
f 1086//1086 1222//1222 1085//1085 
f 1085//1085 1222//1222 1218//1218 
f 1095//1095 1089//1089 1221//1221 
f 1224//1224 1095//1095 1221//1221 
f 1087//1087 1095//1095 1091//1091 
f 1089//1089 1095//1095 1087//1087 
f 1090//1090 1225//1225 1223//1223 
f 1090//1090 1088//1088 1225//1225 
f 1088//1088 1092//1092 1225//1225 
f 1222//1222 1090//1090 1223//1223 
f 1099//1099 1095//1095 1224//1224 
f 1228//1228 1099//1099 1224//1224 
f 1091//1091 1099//1099 1096//1096 
f 1095//1095 1099//1099 1091//1091 
f 1093//1093 1097//1097 1100//1100 
f 1229//1229 1093//1093 1100//1100 
f 1229//1229 1226//1226 1093//1093 
f 1226//1226 1094//1094 1093//1093 
f 1225//1225 1092//1092 1094//1094 
f 1226//1226 1225//1225 1094//1094 
f 1103//1103 1099//1099 1228//1228 
f 1232//1232 1103//1103 1228//1228 
f 1096//1096 1103//1103 1101//1101 
f 1099//1099 1103//1103 1096//1096 
f 1098//1098 1102//1102 1104//1104 
f 1098//1098 1104//1104 1233//1233 
f 1097//1097 1098//1098 1233//1233 
f 1097//1097 1233//1233 1230//1230 
f 1097//1097 1230//1230 1100//1100 
f 1229//1229 1100//1100 1230//1230 
f 1103//1103 1232//1232 1234//1234 
f 1234//1234 1101//1101 1103//1103 
f 1234//1234 1236//1236 1101//1101 
f 1236//1236 1105//1105 1101//1101 
f 1104//1104 1237//1237 1235//1235 
f 1104//1104 1102//1102 1237//1237 
f 1102//1102 1106//1106 1237//1237 
f 1233//1233 1104//1104 1235//1235 
f 1112//1112 1107//1107 1105//1105 
f 1112//1112 1105//1105 1238//1238 
f 1238//1238 1105//1105 1236//1236 
f 1107//1107 1112//1112 1109//1109 
f 1108//1108 1110//1110 1113//1113 
f 1108//1108 1113//1113 1239//1239 
f 1108//1108 1239//1239 1106//1106 
f 1106//1106 1239//1239 1237//1237 
f 1112//1112 1238//1238 1240//1240 
f 1240//1240 1109//1109 1112//1112 
f 1240//1240 1242//1242 1109//1109 
f 1242//1242 1114//1114 1109//1109 
f 1111//1111 1115//1115 1119//1119 
f 1111//1111 1119//1119 1243//1243 
f 1110//1110 1111//1111 1243//1243 
f 1110//1110 1243//1243 1241//1241 
f 1110//1110 1241//1241 1113//1113 
f 1239//1239 1113//1113 1241//1241 
f 1114//1114 1242//1242 1244//1244 
f 1116//1116 1114//1114 1244//1244 
f 1120//1120 1245//1245 1126//1126 
f 1120//1120 1116//1116 1245//1245 
f 1116//1116 1244//1244 1245//1245 
f 1245//1245 1248//1248 1126//1126 
f 1117//1117 1121//1121 1127//1127 
f 1249//1249 1117//1117 1127//1127 
f 1249//1249 1246//1246 1117//1117 
f 1246//1246 1118//1118 1117//1117 
f 1119//1119 1115//1115 1118//1118 
f 1119//1119 1118//1118 1247//1247 
f 1247//1247 1118//1118 1246//1246 
f 1243//1243 1119//1119 1247//1247 
f 1120//1120 1126//1126 1122//1122 
f 1126//1126 1248//1248 1250//1250 
f 1126//1126 1250//1250 1122//1122 
f 1122//1122 1250//1250 1123//1123 
f 1124//1124 1123//1123 1251//1251 
f 1123//1123 1250//1250 1251//1251 
f 1125//1125 1124//1124 1252//1252 
f 1124//1124 1251//1251 1252//1252 
f 1127//1127 1121//1121 1125//1125 
f 1127//1127 1125//1125 1253//1253 
f 1253//1253 1125//1125 1252//1252 
f 1249//1249 1127//1127 1253//1253 
f 1128//1128 1254//1254 1261//1261 
f 1131//1131 1128//1128 1261//1261 
f 1129//1129 1255//1255 1128//1128 
f 1128//1128 1255//1255 1254//1254 
f 1130//1130 1256//1256 1129//1129 
f 1129//1129 1256//1256 1255//1255 
f 1132//1132 1138//1138 1257//1257 
f 1132//1132 1257//1257 1130//1130 
f 1130//1130 1257//1257 1256//1256 
f 1257//1257 1138//1138 1262//1262 
f 1133//1133 1263//1263 1271//1271 
f 1139//1139 1133//1133 1271//1271 
f 1261//1261 1133//1133 1131//1131 
f 1263//1263 1133//1133 1261//1261 
f 1132//1132 1134//1134 1138//1138 
f 1138//1138 1264//1264 1262//1262 
f 1138//1138 1134//1134 1264//1264 
f 1134//1134 1135//1135 1264//1264 
f 1136//1136 1265//1265 1135//1135 
f 1135//1135 1265//1265 1264//1264 
f 1137//1137 1266//1266 1136//1136 
f 1136//1136 1266//1266 1265//1265 
f 1140//1140 1143//1143 1267//1267 
f 1140//1140 1267//1267 1137//1137 
f 1137//1137 1267//1267 1266//1266 
f 1267//1267 1143//1143 1272//1272 
f 1139//1139 1271//1271 1144//1144 
f 1271//1271 1277//1277 1144//1144 
f 1140//1140 1141//1141 1143//1143 
f 1143//1143 1273//1273 1272//1272 
f 1143//1143 1141//1141 1273//1273 
f 1141//1141 1142//1142 1273//1273 
f 1145//1145 1147//1147 1274//1274 
f 1145//1145 1274//1274 1142//1142 
f 1142//1142 1274//1274 1273//1273 
f 1274//1274 1147//1147 1278//1278 
f 1144//1144 1277//1277 1148//1148 
f 1277//1277 1281//1281 1148//1148 
f 1145//1145 1146//1146 1147//1147 
f 1149//1149 1151//1151 1279//1279 
f 1146//1146 1149//1149 1279//1279 
f 1146//1146 1279//1279 1278//1278 
f 1146//1146 1278//1278 1147//1147 
f 1279//1279 1151//1151 1282//1282 
f 1148//1148 1281//1281 1152//1152 
f 1281//1281 1284//1284 1152//1152 
f 1149//1149 1150//1150 1151//1151 
f 1151//1151 1150//1150 1153//1153 
f 1151//1151 1153//1153 1282//1282 
f 1282//1282 1153//1153 1285//1285 
f 1152//1152 1284//1284 1154//1154 
f 1284//1284 1289//1289 1154//1154 
f 1286//1286 1155//1155 1158//1158 
f 1286//1286 1285//1285 1155//1155 
f 1285//1285 1153//1153 1155//1155 
f 1286//1286 1158//1158 1290//1290 
f 1154//1154 1289//1289 1291//1291 
f 1156//1156 1154//1154 1291//1291 
f 1291//1291 1159//1159 1156//1156 
f 1293//1293 1159//1159 1291//1291 
f 1155//1155 1157//1157 1158//1158 
f 1158//1158 1157//1157 1160//1160 
f 1158//1158 1160//1160 1290//1290 
f 1290//1290 1160//1160 1294//1294 
f 1159//1159 1293//1293 1161//1161 
f 1293//1293 1297//1297 1161//1161 
f 1295//1295 1162//1162 1164//1164 
f 1295//1295 1294//1294 1162//1162 
f 1294//1294 1160//1160 1162//1162 
f 1295//1295 1164//1164 1298//1298 
f 1161//1161 1297//1297 1165//1165 
f 1297//1297 1301//1301 1165//1165 
f 1162//1162 1163//1163 1164//1164 
f 1166//1166 1168//1168 1299//1299 
f 1163//1163 1166//1166 1299//1299 
f 1163//1163 1299//1299 1298//1298 
f 1163//1163 1298//1298 1164//1164 
f 1299//1299 1168//1168 1302//1302 
f 1165//1165 1301//1301 1169//1169 
f 1301//1301 1303//1303 1169//1169 
f 1166//1166 1167//1167 1168//1168 
f 1168//1168 1167//1167 1170//1170 
f 1168//1168 1170//1170 1302//1302 
f 1302//1302 1170//1170 1304//1304 
f 1169//1169 1303//1303 1171//1171 
f 1303//1303 1307//1307 1171//1171 
f 1305//1305 1172//1172 1173//1173 
f 1305//1305 1304//1304 1172//1172 
f 1304//1304 1170//1170 1172//1172 
f 1305//1305 1173//1173 1308//1308 
f 1309//1309 1177//1177 1174//1174 
f 1309//1309 1174//1174 1307//1307 
f 1307//1307 1174//1174 1171//1171 
f 1309//1309 1311//1311 1177//1177 
f 1173//1173 1175//1175 1178//1178 
f 1172//1172 1175//1175 1173//1173 
f 1312//1312 1308//1308 1173//1173 
f 1178//1178 1312//1312 1173//1173 
f 1177//1177 1181//1181 1179//1179 
f 1174//1174 1177//1177 1179//1179 
f 1313//1313 1177//1177 1311//1311 
f 1181//1181 1177//1177 1313//1313 
f 1175//1175 1176//1176 1178//1178 
f 1178//1178 1176//1176 1180//1180 
f 1178//1178 1180//1180 1312//1312 
f 1312//1312 1180//1180 1314//1314 
f 1181//1181 1185//1185 1182//1182 
f 1179//1179 1181//1181 1182//1182 
f 1317//1317 1181//1181 1313//1313 
f 1185//1185 1181//1181 1317//1317 
f 1315//1315 1183//1183 1186//1186 
f 1315//1315 1314//1314 1183//1183 
f 1314//1314 1180//1180 1183//1183 
f 1315//1315 1186//1186 1318//1318 
f 1182//1182 1185//1185 1184//1184 
f 1187//1187 1319//1319 1189//1189 
f 1184//1184 1319//1319 1187//1187 
f 1184//1184 1317//1317 1319//1319 
f 1184//1184 1185//1185 1317//1317 
f 1319//1319 1321//1321 1189//1189 
f 1186//1186 1188//1188 1190//1190 
f 1183//1183 1188//1188 1186//1186 
f 1322//1322 1318//1318 1186//1186 
f 1190//1190 1322//1322 1186//1186 
f 1189//1189 1193//1193 1191//1191 
f 1187//1187 1189//1189 1191//1191 
f 1323//1323 1189//1189 1321//1321 
f 1193//1193 1189//1189 1323//1323 
f 1190//1190 1192//1192 1194//1194 
f 1188//1188 1192//1192 1190//1190 
f 1324//1324 1322//1322 1190//1190 
f 1194//1194 1324//1324 1190//1190 
f 1193//1193 1197//1197 1195//1195 
f 1191//1191 1193//1193 1195//1195 
f 1325//1325 1193//1193 1323//1323 
f 1197//1197 1193//1193 1325//1325 
f 1194//1194 1196//1196 1198//1198 
f 1192//1192 1196//1196 1194//1194 
f 1326//1326 1324//1324 1194//1194 
f 1198//1198 1326//1326 1194//1194 
f 1197//1197 1327//1327 1328//1328 
f 1197//1197 1328//1328 1195//1195 
f 1195//1195 1328//1328 1199//1199 
f 1325//1325 1327//1327 1197//1197 
f 1198//1198 1200//1200 1201//1201 
f 1196//1196 1200//1200 1198//1198 
f 1329//1329 1326//1326 1198//1198 
f 1201//1201 1329//1329 1198//1198 
f 1199//1199 1328//1328 1202//1202 
f 1328//1328 1331//1331 1202//1202 
f 1201//1201 1203//1203 1204//1204 
f 1200//1200 1203//1203 1201//1201 
f 1332//1332 1329//1329 1201//1201 
f 1204//1204 1332//1332 1201//1201 
f 1202//1202 1331//1331 1205//1205 
f 1331//1331 1333//1333 1205//1205 
f 1204//1204 1206//1206 1207//1207 
f 1203//1203 1206//1206 1204//1204 
f 1334//1334 1332//1332 1204//1204 
f 1207//1207 1334//1334 1204//1204 
f 1205//1205 1333//1333 1208//1208 
f 1333//1333 1335//1335 1208//1208 
f 1207//1207 1209//1209 1210//1210 
f 1206//1206 1209//1209 1207//1207 
f 1336//1336 1334//1334 1207//1207 
f 1210//1210 1336//1336 1207//1207 
f 1208//1208 1335//1335 1211//1211 
f 1335//1335 1337//1337 1211//1211 
f 1210//1210 1212//1212 1213//1213 
f 1209//1209 1212//1212 1210//1210 
f 1338//1338 1336//1336 1210//1210 
f 1213//1213 1338//1338 1210//1210 
f 1211//1211 1337//1337 1214//1214 
f 1337//1337 1339//1339 1214//1214 
f 1213//1213 1215//1215 1216//1216 
f 1212//1212 1215//1215 1213//1213 
f 1340//1340 1338//1338 1213//1213 
f 1216//1216 1340//1340 1213//1213 
f 1214//1214 1339//1339 1217//1217 
f 1339//1339 1341//1341 1217//1217 
f 1216//1216 1218//1218 1220//1220 
f 1215//1215 1218//1218 1216//1216 
f 1342//1342 1340//1340 1216//1216 
f 1220//1220 1342//1342 1216//1216 
f 1219//1219 1343//1343 1345//1345 
f 1221//1221 1219//1219 1345//1345 
f 1341//1341 1219//1219 1217//1217 
f 1343//1343 1219//1219 1341//1341 
f 1220//1220 1346//1346 1344//1344 
f 1220//1220 1218//1218 1346//1346 
f 1218//1218 1222//1222 1346//1346 
f 1342//1342 1220//1220 1344//1344 
f 1221//1221 1345//1345 1224//1224 
f 1345//1345 1347//1347 1224//1224 
f 1223//1223 1225//1225 1227//1227 
f 1223//1223 1227//1227 1348//1348 
f 1223//1223 1348//1348 1222//1222 
f 1222//1222 1348//1348 1346//1346 
f 1224//1224 1347//1347 1228//1228 
f 1347//1347 1350//1350 1228//1228 
f 1226//1226 1229//1229 1231//1231 
f 1226//1226 1231//1231 1351//1351 
f 1225//1225 1226//1226 1351//1351 
f 1225//1225 1351//1351 1349//1349 
f 1225//1225 1349//1349 1227//1227 
f 1348//1348 1227//1227 1349//1349 
f 1228//1228 1350//1350 1232//1232 
f 1350//1350 1354//1354 1232//1232 
f 1230//1230 1355//1355 1352//1352 
f 1233//1233 1355//1355 1230//1230 
f 1231//1231 1229//1229 1230//1230 
f 1231//1231 1230//1230 1353//1353 
f 1353//1353 1230//1230 1352//1352 
f 1351//1351 1231//1231 1353//1353 
f 1232//1232 1354//1354 1356//1356 
f 1234//1234 1232//1232 1356//1356 
f 1356//1356 1236//1236 1234//1234 
f 1358//1358 1236//1236 1356//1356 
f 1235//1235 1359//1359 1357//1357 
f 1237//1237 1359//1359 1235//1235 
f 1355//1355 1233//1233 1235//1235 
f 1357//1357 1355//1355 1235//1235 
f 1236//1236 1358//1358 1238//1238 
f 1358//1358 1360//1360 1238//1238 
f 1237//1237 1239//1239 1359//1359 
f 1359//1359 1239//1239 1361//1361 
f 1238//1238 1360//1360 1362//1362 
f 1240//1240 1238//1238 1362//1362 
f 1362//1362 1242//1242 1240//1240 
f 1364//1364 1242//1242 1362//1362 
f 1241//1241 1365//1365 1363//1363 
f 1243//1243 1365//1365 1241//1241 
f 1361//1361 1239//1239 1241//1241 
f 1363//1363 1361//1361 1241//1241 
f 1242//1242 1364//1364 1366//1366 
f 1244//1244 1242//1242 1366//1366 
f 1245//1245 1244//1244 1367//1367 
f 1244//1244 1366//1366 1367//1367 
f 1367//1367 1248//1248 1245//1245 
f 1370//1370 1248//1248 1367//1367 
f 1246//1246 1371//1371 1368//1368 
f 1249//1249 1371//1371 1246//1246 
f 1247//1247 1246//1246 1369//1369 
f 1246//1246 1368//1368 1369//1369 
f 1365//1365 1243//1243 1247//1247 
f 1369//1369 1365//1365 1247//1247 
f 1248//1248 1370//1370 1372//1372 
f 1250//1250 1248//1248 1372//1372 
f 1251//1251 1250//1250 1373//1373 
f 1250//1250 1372//1372 1373//1373 
f 1252//1252 1251//1251 1374//1374 
f 1251//1251 1373//1373 1374//1374 
f 1253//1253 1252//1252 1375//1375 
f 1252//1252 1374//1374 1375//1375 
f 1371//1371 1249//1249 1253//1253 
f 1375//1375 1371//1371 1253//1253 
f 1258//1258 1376//1376 1379//1379 
f 1258//1258 1259//1259 1377//1377 
f 1376//1376 1258//1258 1377//1377 
f 1259//1259 1260//1260 1378//1378 
f 1377//1377 1259//1259 1378//1378 
f 1378//1378 1260//1260 1380//1380 
f 1254//1254 1381//1381 1385//1385 
f 1261//1261 1254//1254 1385//1385 
f 1379//1379 1255//1255 1258//1258 
f 1379//1379 1381//1381 1255//1255 
f 1381//1381 1254//1254 1255//1255 
f 1256//1256 1258//1258 1255//1255 
f 1259//1259 1258//1258 1256//1256 
f 1257//1257 1259//1259 1256//1256 
f 1260//1260 1259//1259 1257//1257 
f 1262//1262 1268//1268 1382//1382 
f 1257//1257 1262//1262 1382//1382 
f 1257//1257 1382//1382 1380//1380 
f 1257//1257 1380//1380 1260//1260 
f 1268//1268 1269//1269 1383//1383 
f 1382//1382 1268//1268 1383//1383 
f 1269//1269 1270//1270 1384//1384 
f 1383//1383 1269//1269 1384//1384 
f 1384//1384 1270//1270 1386//1386 
f 1263//1263 1275//1275 1271//1271 
f 1263//1263 1389//1389 1275//1275 
f 1263//1263 1261//1261 1389//1389 
f 1261//1261 1385//1385 1389//1389 
f 1262//1262 1264//1264 1268//1268 
f 1265//1265 1268//1268 1264//1264 
f 1269//1269 1268//1268 1265//1265 
f 1266//1266 1269//1269 1265//1265 
f 1270//1270 1269//1269 1266//1266 
f 1270//1270 1387//1387 1386//1386 
f 1270//1270 1266//1266 1387//1387 
f 1266//1266 1267//1267 1387//1387 
f 1272//1272 1276//1276 1388//1388 
f 1272//1272 1388//1388 1267//1267 
f 1267//1267 1388//1388 1387//1387 
f 1388//1388 1276//1276 1390//1390 
f 1275//1275 1280//1280 1277//1277 
f 1271//1271 1275//1275 1277//1277 
f 1392//1392 1275//1275 1389//1389 
f 1280//1280 1275//1275 1392//1392 
f 1272//1272 1273//1273 1276//1276 
f 1276//1276 1391//1391 1390//1390 
f 1276//1276 1273//1273 1391//1391 
f 1273//1273 1274//1274 1391//1391 
f 1391//1391 1274//1274 1278//1278 
f 1393//1393 1391//1391 1278//1278 
f 1280//1280 1283//1283 1281//1281 
f 1277//1277 1280//1280 1281//1281 
f 1395//1395 1280//1280 1392//1392 
f 1283//1283 1280//1280 1395//1395 
f 1278//1278 1394//1394 1393//1393 
f 1279//1279 1394//1394 1278//1278 
f 1394//1394 1279//1279 1282//1282 
f 1396//1396 1394//1394 1282//1282 
f 1283//1283 1287//1287 1284//1284 
f 1281//1281 1283//1283 1284//1284 
f 1399//1399 1283//1283 1395//1395 
f 1287//1287 1283//1283 1399//1399 
f 1397//1397 1285//1285 1288//1288 
f 1397//1397 1396//1396 1285//1285 
f 1396//1396 1282//1282 1285//1285 
f 1397//1397 1288//1288 1400//1400 
f 1287//1287 1292//1292 1289//1289 
f 1284//1284 1287//1287 1289//1289 
f 1402//1402 1287//1287 1399//1399 
f 1292//1292 1287//1287 1402//1402 
f 1285//1285 1286//1286 1288//1288 
f 1288//1288 1286//1286 1290//1290 
f 1288//1288 1290//1290 1400//1400 
f 1400//1400 1290//1290 1403//1403 
f 1289//1289 1292//1292 1291//1291 
f 1292//1292 1293//1293 1291//1291 
f 1292//1292 1402//1402 1293//1293 
f 1402//1402 1407//1407 1293//1293 
f 1404//1404 1294//1294 1296//1296 
f 1404//1404 1403//1403 1294//1294 
f 1403//1403 1290//1290 1294//1294 
f 1404//1404 1296//1296 1408//1408 
f 1293//1293 1407//1407 1297//1297 
f 1407//1407 1412//1412 1297//1297 
f 1294//1294 1295//1295 1296//1296 
f 1298//1298 1300//1300 1409//1409 
f 1295//1295 1298//1298 1409//1409 
f 1295//1295 1409//1409 1408//1408 
f 1295//1295 1408//1408 1296//1296 
f 1409//1409 1300//1300 1413//1413 
f 1297//1297 1412//1412 1301//1301 
f 1412//1412 1415//1415 1301//1301 
f 1298//1298 1299//1299 1300//1300 
f 1300//1300 1299//1299 1302//1302 
f 1300//1300 1302//1302 1413//1413 
f 1413//1413 1302//1302 1416//1416 
f 1301//1301 1415//1415 1303//1303 
f 1415//1415 1419//1419 1303//1303 
f 1417//1417 1304//1304 1306//1306 
f 1417//1417 1416//1416 1304//1304 
f 1416//1416 1302//1302 1304//1304 
f 1417//1417 1306//1306 1420//1420 
f 1421//1421 1310//1310 1307//1307 
f 1421//1421 1307//1307 1419//1419 
f 1419//1419 1307//1307 1303//1303 
f 1421//1421 1423//1423 1310//1310 
f 1304//1304 1305//1305 1306//1306 
f 1306//1306 1305//1305 1308//1308 
f 1306//1306 1308//1308 1420//1420 
f 1420//1420 1308//1308 1424//1424 
f 1307//1307 1310//1310 1309//1309 
f 1310//1310 1311//1311 1309//1309 
f 1310//1310 1423//1423 1311//1311 
f 1423//1423 1426//1426 1311//1311 
f 1308//1308 1312//1312 1424//1424 
f 1424//1424 1312//1312 1427//1427 
f 1311//1311 1426//1426 1313//1313 
f 1426//1426 1430//1430 1313//1313 
f 1428//1428 1314//1314 1316//1316 
f 1428//1428 1427//1427 1314//1314 
f 1427//1427 1312//1312 1314//1314 
f 1428//1428 1316//1316 1431//1431 
f 1432//1432 1320//1320 1317//1317 
f 1432//1432 1317//1317 1430//1430 
f 1430//1430 1317//1317 1313//1313 
f 1432//1432 1434//1434 1320//1320 
f 1314//1314 1315//1315 1316//1316 
f 1316//1316 1315//1315 1318//1318 
f 1316//1316 1318//1318 1431//1431 
f 1431//1431 1318//1318 1435//1435 
f 1317//1317 1320//1320 1319//1319 
f 1320//1320 1321//1321 1319//1319 
f 1320//1320 1434//1434 1321//1321 
f 1434//1434 1436//1436 1321//1321 
f 1318//1318 1322//1322 1435//1435 
f 1435//1435 1322//1322 1437//1437 
f 1321//1321 1436//1436 1323//1323 
f 1436//1436 1438//1438 1323//1323 
f 1322//1322 1324//1324 1437//1437 
f 1437//1437 1324//1324 1439//1439 
f 1323//1323 1438//1438 1325//1325 
f 1438//1438 1440//1440 1325//1325 
f 1324//1324 1326//1326 1439//1439 
f 1439//1439 1326//1326 1441//1441 
f 1327//1327 1330//1330 1328//1328 
f 1327//1327 1442//1442 1330//1330 
f 1327//1327 1325//1325 1442//1442 
f 1325//1325 1440//1440 1442//1442 
f 1326//1326 1329//1329 1441//1441 
f 1441//1441 1329//1329 1443//1443 
f 1330//1330 1444//1444 1445//1445 
f 1330//1330 1445//1445 1328//1328 
f 1328//1328 1445//1445 1331//1331 
f 1442//1442 1444//1444 1330//1330 
f 1329//1329 1332//1332 1443//1443 
f 1443//1443 1332//1332 1446//1446 
f 1331//1331 1445//1445 1333//1333 
f 1445//1445 1447//1447 1333//1333 
f 1332//1332 1334//1334 1446//1446 
f 1446//1446 1334//1334 1448//1448 
f 1333//1333 1447//1447 1335//1335 
f 1447//1447 1449//1449 1335//1335 
f 1334//1334 1336//1336 1448//1448 
f 1448//1448 1336//1336 1450//1450 
f 1335//1335 1449//1449 1337//1337 
f 1449//1449 1451//1451 1337//1337 
f 1336//1336 1338//1338 1450//1450 
f 1450//1450 1338//1338 1452//1452 
f 1337//1337 1451//1451 1339//1339 
f 1451//1451 1453//1453 1339//1339 
f 1338//1338 1340//1340 1452//1452 
f 1452//1452 1340//1340 1454//1454 
f 1339//1339 1453//1453 1341//1341 
f 1453//1453 1455//1455 1341//1341 
f 1340//1340 1342//1342 1454//1454 
f 1454//1454 1342//1342 1456//1456 
f 1343//1343 1457//1457 1459//1459 
f 1345//1345 1343//1343 1459//1459 
f 1455//1455 1343//1343 1341//1341 
f 1457//1457 1343//1343 1455//1455 
f 1344//1344 1460//1460 1458//1458 
f 1346//1346 1460//1460 1344//1344 
f 1456//1456 1342//1342 1344//1344 
f 1458//1458 1456//1456 1344//1344 
f 1345//1345 1459//1459 1347//1347 
f 1459//1459 1462//1462 1347//1347 
f 1346//1346 1348//1348 1460//1460 
f 1460//1460 1348//1348 1463//1463 
f 1347//1347 1462//1462 1350//1350 
f 1462//1462 1466//1466 1350//1350 
f 1349//1349 1467//1467 1464//1464 
f 1351//1351 1467//1467 1349//1349 
f 1463//1463 1348//1348 1349//1349 
f 1464//1464 1463//1463 1349//1349 
f 1350//1350 1466//1466 1354//1354 
f 1466//1466 1471//1471 1354//1354 
f 1352//1352 1472//1472 1468//1468 
f 1355//1355 1472//1472 1352//1352 
f 1353//1353 1352//1352 1469//1469 
f 1352//1352 1468//1468 1469//1469 
f 1467//1467 1351//1351 1353//1353 
f 1469//1469 1467//1467 1353//1353 
f 1354//1354 1471//1471 1473//1473 
f 1356//1356 1354//1354 1473//1473 
f 1473//1473 1358//1358 1356//1356 
f 1476//1476 1358//1358 1473//1473 
f 1357//1357 1477//1477 1474//1474 
f 1359//1359 1477//1477 1357//1357 
f 1472//1472 1355//1355 1357//1357 
f 1474//1474 1472//1472 1357//1357 
f 1358//1358 1476//1476 1360//1360 
f 1476//1476 1478//1478 1360//1360 
f 1359//1359 1361//1361 1477//1477 
f 1477//1477 1361//1361 1479//1479 
f 1360//1360 1478//1478 1480//1480 
f 1362//1362 1360//1360 1480//1480 
f 1480//1480 1364//1364 1362//1362 
f 1484//1484 1364//1364 1480//1480 
f 1363//1363 1485//1485 1481//1481 
f 1365//1365 1485//1485 1363//1363 
f 1479//1479 1361//1361 1363//1363 
f 1481//1481 1479//1479 1363//1363 
f 1364//1364 1484//1484 1486//1486 
f 1366//1366 1364//1364 1486//1486 
f 1367//1367 1366//1366 1487//1487 
f 1366//1366 1486//1486 1487//1487 
f 1487//1487 1370//1370 1367//1367 
f 1492//1492 1370//1370 1487//1487 
f 1368//1368 1493//1493 1488//1488 
f 1371//1371 1493//1493 1368//1368 
f 1369//1369 1368//1368 1489//1489 
f 1368//1368 1488//1488 1489//1489 
f 1485//1485 1365//1365 1369//1369 
f 1489//1489 1485//1485 1369//1369 
f 1370//1370 1492//1492 1494//1494 
f 1372//1372 1370//1370 1494//1494 
f 1373//1373 1372//1372 1495//1495 
f 1372//1372 1494//1494 1495//1495 
f 1374//1374 1373//1373 1496//1496 
f 1373//1373 1495//1495 1496//1496 
f 1375//1375 1374//1374 1497//1497 
f 1374//1374 1496//1496 1497//1497 
f 1493//1493 1371//1371 1375//1375 
f 1497//1497 1493//1493 1375//1375 
f 1376//1376 1500//1500 1503//1503 
f 1379//1379 1376//1376 1503//1503 
f 1377//1377 1501//1501 1376//1376 
f 1376//1376 1501//1501 1500//1500 
f 1378//1378 1502//1502 1377//1377 
f 1377//1377 1502//1502 1501//1501 
f 1502//1502 1378//1378 1380//1380 
f 1504//1504 1502//1502 1380//1380 
f 1381//1381 1505//1505 1509//1509 
f 1385//1385 1381//1381 1509//1509 
f 1503//1503 1381//1381 1379//1379 
f 1505//1505 1381//1381 1503//1503 
f 1380//1380 1506//1506 1504//1504 
f 1382//1382 1506//1506 1380//1380 
f 1383//1383 1507//1507 1382//1382 
f 1382//1382 1507//1507 1506//1506 
f 1384//1384 1508//1508 1383//1383 
f 1383//1383 1508//1508 1507//1507 
f 1508//1508 1384//1384 1386//1386 
f 1510//1510 1508//1508 1386//1386 
f 1385//1385 1509//1509 1389//1389 
f 1509//1509 1513//1513 1389//1389 
f 1386//1386 1511//1511 1510//1510 
f 1387//1387 1511//1511 1386//1386 
f 1388//1388 1512//1512 1387//1387 
f 1387//1387 1512//1512 1511//1511 
f 1512//1512 1388//1388 1390//1390 
f 1514//1514 1512//1512 1390//1390 
f 1389//1389 1513//1513 1392//1392 
f 1513//1513 1516//1516 1392//1392 
f 1390//1390 1515//1515 1514//1514 
f 1391//1391 1515//1515 1390//1390 
f 1515//1515 1391//1391 1393//1393 
f 1517//1517 1515//1515 1393//1393 
f 1392//1392 1516//1516 1395//1395 
f 1516//1516 1520//1520 1395//1395 
f 1393//1393 1518//1518 1517//1517 
f 1394//1394 1518//1518 1393//1393 
f 1396//1396 1398//1398 1519//1519 
f 1396//1396 1519//1519 1394//1394 
f 1394//1394 1519//1519 1518//1518 
f 1519//1519 1398//1398 1521//1521 
f 1395//1395 1520//1520 1399//1399 
f 1520//1520 1524//1524 1399//1399 
f 1396//1396 1397//1397 1398//1398 
f 1400//1400 1401//1401 1522//1522 
f 1397//1397 1400//1400 1522//1522 
f 1397//1397 1522//1522 1521//1521 
f 1397//1397 1521//1521 1398//1398 
f 1522//1522 1401//1401 1525//1525 
f 1399//1399 1524//1524 1402//1402 
f 1524//1524 1528//1528 1402//1402 
f 1401//1401 1403//1403 1405//1405 
f 1400//1400 1403//1403 1401//1401 
f 1526//1526 1525//1525 1401//1401 
f 1526//1526 1401//1401 1406//1406 
f 1406//1406 1401//1401 1405//1405 
f 1526//1526 1406//1406 1529//1529 
f 1402//1402 1528//1528 1407//1407 
f 1528//1528 1532//1532 1407//1407 
f 1403//1403 1404//1404 1405//1405 
f 1408//1408 1405//1405 1404//1404 
f 1408//1408 1410//1410 1405//1405 
f 1410//1410 1406//1406 1405//1405 
f 1530//1530 1529//1529 1406//1406 
f 1530//1530 1406//1406 1411//1411 
f 1411//1411 1406//1406 1410//1410 
f 1530//1530 1411//1411 1533//1533 
f 1407//1407 1532//1532 1412//1412 
f 1532//1532 1535//1535 1412//1412 
f 1408//1408 1409//1409 1410//1410 
f 1413//1413 1410//1410 1409//1409 
f 1413//1413 1414//1414 1410//1410 
f 1414//1414 1411//1411 1410//1410 
f 1536//1536 1533//1533 1411//1411 
f 1414//1414 1536//1536 1411//1411 
f 1412//1412 1535//1535 1415//1415 
f 1535//1535 1538//1538 1415//1415 
f 1414//1414 1416//1416 1418//1418 
f 1413//1413 1416//1416 1414//1414 
f 1539//1539 1536//1536 1414//1414 
f 1418//1418 1539//1539 1414//1414 
f 1415//1415 1538//1538 1419//1419 
f 1538//1538 1543//1543 1419//1419 
f 1416//1416 1417//1417 1418//1418 
f 1420//1420 1422//1422 1540//1540 
f 1417//1417 1420//1420 1540//1540 
f 1417//1417 1540//1540 1539//1539 
f 1417//1417 1539//1539 1418//1418 
f 1540//1540 1422//1422 1544//1544 
f 1419//1419 1543//1543 1545//1545 
f 1421//1421 1419//1419 1545//1545 
f 1545//1545 1423//1423 1421//1421 
f 1548//1548 1423//1423 1545//1545 
f 1422//1422 1424//1424 1425//1425 
f 1420//1420 1424//1424 1422//1422 
f 1549//1549 1544//1544 1422//1422 
f 1425//1425 1549//1549 1422//1422 
f 1423//1423 1548//1548 1426//1426 
f 1548//1548 1551//1551 1426//1426 
f 1425//1425 1427//1427 1429//1429 
f 1424//1424 1427//1427 1425//1425 
f 1552//1552 1549//1549 1425//1425 
f 1429//1429 1552//1552 1425//1425 
f 1553//1553 1433//1433 1430//1430 
f 1553//1553 1430//1430 1551//1551 
f 1551//1551 1430//1430 1426//1426 
f 1553//1553 1556//1556 1433//1433 
f 1427//1427 1428//1428 1429//1429 
f 1429//1429 1428//1428 1431//1431 
f 1429//1429 1431//1431 1552//1552 
f 1552//1552 1431//1431 1557//1557 
f 1430//1430 1433//1433 1432//1432 
f 1433//1433 1434//1434 1432//1432 
f 1433//1433 1556//1556 1434//1434 
f 1556//1556 1559//1559 1434//1434 
f 1431//1431 1435//1435 1557//1557 
f 1557//1557 1435//1435 1560//1560 
f 1434//1434 1559//1559 1436//1436 
f 1559//1559 1563//1563 1436//1436 
f 1435//1435 1437//1437 1560//1560 
f 1560//1560 1437//1437 1564//1564 
f 1436//1436 1563//1563 1438//1438 
f 1563//1563 1567//1567 1438//1438 
f 1437//1437 1439//1439 1564//1564 
f 1564//1564 1439//1439 1568//1568 
f 1438//1438 1567//1567 1440//1440 
f 1567//1567 1571//1571 1440//1440 
f 1439//1439 1441//1441 1568//1568 
f 1568//1568 1441//1441 1572//1572 
f 1440//1440 1571//1571 1442//1442 
f 1571//1571 1575//1575 1442//1442 
f 1441//1441 1443//1443 1572//1572 
f 1572//1572 1443//1443 1576//1576 
f 1444//1444 1577//1577 1578//1578 
f 1445//1445 1444//1444 1578//1578 
f 1575//1575 1444//1444 1442//1442 
f 1577//1577 1444//1444 1575//1575 
f 1443//1443 1446//1446 1576//1576 
f 1576//1576 1446//1446 1579//1579 
f 1445//1445 1578//1578 1447//1447 
f 1578//1578 1581//1581 1447//1447 
f 1446//1446 1448//1448 1579//1579 
f 1579//1579 1448//1448 1582//1582 
f 1447//1447 1581//1581 1449//1449 
f 1581//1581 1585//1585 1449//1449 
f 1448//1448 1450//1450 1582//1582 
f 1582//1582 1450//1450 1586//1586 
f 1449//1449 1585//1585 1451//1451 
f 1585//1585 1589//1589 1451//1451 
f 1450//1450 1452//1452 1586//1586 
f 1586//1586 1452//1452 1590//1590 
f 1451//1451 1589//1589 1453//1453 
f 1589//1589 1593//1593 1453//1453 
f 1452//1452 1454//1454 1590//1590 
f 1590//1590 1454//1454 1594//1594 
f 1453//1453 1593//1593 1455//1455 
f 1593//1593 1597//1597 1455//1455 
f 1454//1454 1456//1456 1594//1594 
f 1594//1594 1456//1456 1598//1598 
f 1457//1457 1461//1461 1459//1459 
f 1457//1457 1602//1602 1461//1461 
f 1457//1457 1455//1455 1602//1602 
f 1455//1455 1597//1597 1602//1602 
f 1458//1458 1603//1603 1599//1599 
f 1460//1460 1603//1603 1458//1458 
f 1598//1598 1456//1456 1458//1458 
f 1599//1599 1598//1598 1458//1458 
f 1461//1461 1465//1465 1462//1462 
f 1459//1459 1461//1461 1462//1462 
f 1604//1604 1461//1461 1602//1602 
f 1465//1465 1461//1461 1604//1604 
f 1460//1460 1463//1463 1603//1603 
f 1603//1603 1463//1463 1605//1605 
f 1465//1465 1470//1470 1466//1466 
f 1462//1462 1465//1465 1466//1466 
f 1608//1608 1465//1465 1604//1604 
f 1470//1470 1465//1465 1608//1608 
f 1464//1464 1609//1609 1606//1606 
f 1467//1467 1609//1609 1464//1464 
f 1605//1605 1463//1463 1464//1464 
f 1606//1606 1605//1605 1464//1464 
f 1470//1470 1475//1475 1471//1471 
f 1466//1466 1470//1470 1471//1471 
f 1613//1613 1470//1470 1608//1608 
f 1475//1475 1470//1470 1613//1613 
f 1468//1468 1614//1614 1610//1610 
f 1472//1472 1614//1614 1468//1468 
f 1469//1469 1468//1468 1611//1611 
f 1468//1468 1610//1610 1611//1611 
f 1609//1609 1467//1467 1469//1469 
f 1611//1611 1609//1609 1469//1469 
f 1471//1471 1475//1475 1473//1473 
f 1475//1475 1476//1476 1473//1473 
f 1475//1475 1613//1613 1476//1476 
f 1613//1613 1616//1616 1476//1476 
f 1474//1474 1617//1617 1615//1615 
f 1477//1477 1617//1617 1474//1474 
f 1614//1614 1472//1472 1474//1474 
f 1615//1615 1614//1614 1474//1474 
f 1618//1618 1482//1482 1478//1478 
f 1618//1618 1478//1478 1616//1616 
f 1616//1616 1478//1478 1476//1476 
f 1618//1618 1621//1621 1482//1482 
f 1483//1483 1622//1622 1619//1619 
f 1483//1483 1619//1619 1617//1617 
f 1483//1483 1617//1617 1479//1479 
f 1479//1479 1617//1617 1477//1477 
f 1478//1478 1482//1482 1480//1480 
f 1484//1484 1623//1623 1490//1490 
f 1480//1480 1623//1623 1484//1484 
f 1480//1480 1621//1621 1623//1623 
f 1480//1480 1482//1482 1621//1621 
f 1623//1623 1625//1625 1490//1490 
f 1491//1491 1626//1626 1624//1624 
f 1622//1622 1491//1491 1624//1624 
f 1483//1483 1491//1491 1622//1622 
f 1483//1483 1485//1485 1491//1491 
f 1483//1483 1481//1481 1485//1485 
f 1479//1479 1481//1481 1483//1483 
f 1484//1484 1490//1490 1486//1486 
f 1490//1490 1625//1625 1627//1627 
f 1490//1490 1627//1627 1486//1486 
f 1486//1486 1627//1627 1487//1487 
f 1492//1492 1628//1628 1498//1498 
f 1492//1492 1487//1487 1628//1628 
f 1487//1487 1627//1627 1628//1628 
f 1628//1628 1632//1632 1498//1498 
f 1499//1499 1633//1633 1629//1629 
f 1499//1499 1488//1488 1493//1493 
f 1499//1499 1629//1629 1488//1488 
f 1629//1629 1630//1630 1488//1488 
f 1626//1626 1491//1491 1489//1489 
f 1626//1626 1489//1489 1630//1630 
f 1630//1630 1489//1489 1488//1488 
f 1485//1485 1489//1489 1491//1491 
f 1492//1492 1498//1498 1494//1494 
f 1498//1498 1632//1632 1634//1634 
f 1498//1498 1634//1634 1494//1494 
f 1494//1494 1634//1634 1495//1495 
f 1496//1496 1495//1495 1635//1635 
f 1495//1495 1634//1634 1635//1635 
f 1633//1633 1499//1499 1497//1497 
f 1633//1633 1497//1497 1635//1635 
f 1635//1635 1497//1497 1496//1496 
f 1493//1493 1497//1497 1499//1499 
f 1500//1500 1637//1637 1640//1640 
f 1503//1503 1500//1500 1640//1640 
f 1501//1501 1638//1638 1500//1500 
f 1500//1500 1638//1638 1637//1637 
f 1502//1502 1639//1639 1501//1501 
f 1501//1501 1639//1639 1638//1638 
f 1639//1639 1502//1502 1504//1504 
f 1641//1641 1639//1639 1504//1504 
f 1505//1505 1642//1642 1646//1646 
f 1509//1509 1505//1505 1646//1646 
f 1640//1640 1505//1505 1503//1503 
f 1642//1642 1505//1505 1640//1640 
f 1504//1504 1643//1643 1641//1641 
f 1506//1506 1643//1643 1504//1504 
f 1507//1507 1644//1644 1506//1506 
f 1506//1506 1644//1644 1643//1643 
f 1508//1508 1645//1645 1507//1507 
f 1507//1507 1645//1645 1644//1644 
f 1645//1645 1508//1508 1510//1510 
f 1647//1647 1645//1645 1510//1510 
f 1509//1509 1646//1646 1513//1513 
f 1646//1646 1651//1651 1513//1513 
f 1510//1510 1648//1648 1647//1647 
f 1511//1511 1648//1648 1510//1510 
f 1512//1512 1649//1649 1511//1511 
f 1511//1511 1649//1649 1648//1648 
f 1649//1649 1512//1512 1514//1514 
f 1652//1652 1649//1649 1514//1514 
f 1513//1513 1651//1651 1516//1516 
f 1651//1651 1654//1654 1516//1516 
f 1514//1514 1653//1653 1652//1652 
f 1515//1515 1653//1653 1514//1514 
f 1653//1653 1515//1515 1517//1517 
f 1655//1655 1653//1653 1517//1517 
f 1516//1516 1654//1654 1520//1520 
f 1654//1654 1659//1659 1520//1520 
f 1517//1517 1656//1656 1655//1655 
f 1518//1518 1656//1656 1517//1517 
f 1519//1519 1657//1657 1518//1518 
f 1518//1518 1657//1657 1656//1656 
f 1521//1521 1523//1523 1658//1658 
f 1521//1521 1658//1658 1519//1519 
f 1519//1519 1658//1658 1657//1657 
f 1658//1658 1523//1523 1660//1660 
f 1520//1520 1659//1659 1524//1524 
f 1659//1659 1662//1662 1524//1524 
f 1521//1521 1522//1522 1523//1523 
f 1525//1525 1527//1527 1661//1661 
f 1522//1522 1525//1525 1661//1661 
f 1522//1522 1661//1661 1660//1660 
f 1522//1522 1660//1660 1523//1523 
f 1661//1661 1527//1527 1663//1663 
f 1524//1524 1662//1662 1528//1528 
f 1662//1662 1665//1665 1528//1528 
f 1525//1525 1526//1526 1527//1527 
f 1529//1529 1531//1531 1664//1664 
f 1526//1526 1529//1529 1664//1664 
f 1526//1526 1664//1664 1663//1663 
f 1526//1526 1663//1663 1527//1527 
f 1664//1664 1531//1531 1666//1666 
f 1528//1528 1665//1665 1532//1532 
f 1665//1665 1668//1668 1532//1532 
f 1529//1529 1530//1530 1531//1531 
f 1533//1533 1534//1534 1667//1667 
f 1530//1530 1533//1533 1667//1667 
f 1530//1530 1667//1667 1666//1666 
f 1530//1530 1666//1666 1531//1531 
f 1667//1667 1534//1534 1669//1669 
f 1532//1532 1668//1668 1535//1535 
f 1668//1668 1670//1670 1535//1535 
f 1534//1534 1536//1536 1537//1537 
f 1533//1533 1536//1536 1534//1534 
f 1671//1671 1669//1669 1534//1534 
f 1537//1537 1671//1671 1534//1534 
f 1672//1672 1541//1541 1538//1538 
f 1672//1672 1538//1538 1670//1670 
f 1670//1670 1538//1538 1535//1535 
f 1672//1672 1674//1674 1541//1541 
f 1537//1537 1539//1539 1542//1542 
f 1536//1536 1539//1539 1537//1537 
f 1675//1675 1671//1671 1537//1537 
f 1542//1542 1675//1675 1537//1537 
f 1541//1541 1546//1546 1543//1543 
f 1538//1538 1541//1541 1543//1543 
f 1677//1677 1541//1541 1674//1674 
f 1546//1546 1541//1541 1677//1677 
f 1539//1539 1540//1540 1542//1542 
f 1544//1544 1547//1547 1676//1676 
f 1540//1540 1544//1544 1676//1676 
f 1540//1540 1676//1676 1675//1675 
f 1540//1540 1675//1675 1542//1542 
f 1676//1676 1547//1547 1678//1678 
f 1543//1543 1546//1546 1545//1545 
f 1546//1546 1548//1548 1545//1545 
f 1546//1546 1677//1677 1548//1548 
f 1677//1677 1679//1679 1548//1548 
f 1547//1547 1549//1549 1550//1550 
f 1544//1544 1549//1549 1547//1547 
f 1680//1680 1678//1678 1547//1547 
f 1550//1550 1680//1680 1547//1547 
f 1681//1681 1554//1554 1551//1551 
f 1681//1681 1551//1551 1679//1679 
f 1679//1679 1551//1551 1548//1548 
f 1681//1681 1683//1683 1554//1554 
f 1550//1550 1552//1552 1555//1555 
f 1549//1549 1552//1552 1550//1550 
f 1684//1684 1680//1680 1550//1550 
f 1555//1555 1684//1684 1550//1550 
f 1551//1551 1554//1554 1553//1553 
f 1554//1554 1556//1556 1553//1553 
f 1554//1554 1683//1683 1556//1556 
f 1683//1683 1685//1685 1556//1556 
f 1555//1555 1557//1557 1558//1558 
f 1552//1552 1557//1557 1555//1555 
f 1686//1686 1684//1684 1555//1555 
f 1558//1558 1686//1686 1555//1555 
f 1687//1687 1561//1561 1559//1559 
f 1687//1687 1559//1559 1685//1685 
f 1685//1685 1559//1559 1556//1556 
f 1687//1687 1689//1689 1561//1561 
f 1558//1558 1560//1560 1562//1562 
f 1557//1557 1560//1560 1558//1558 
f 1690//1690 1686//1686 1558//1558 
f 1562//1562 1690//1690 1558//1558 
f 1561//1561 1565//1565 1563//1563 
f 1559//1559 1561//1561 1563//1563 
f 1691//1691 1561//1561 1689//1689 
f 1565//1565 1561//1561 1691//1691 
f 1562//1562 1564//1564 1566//1566 
f 1560//1560 1564//1564 1562//1562 
f 1692//1692 1690//1690 1562//1562 
f 1566//1566 1692//1692 1562//1562 
f 1565//1565 1569//1569 1567//1567 
f 1563//1563 1565//1565 1567//1567 
f 1693//1693 1565//1565 1691//1691 
f 1569//1569 1565//1565 1693//1693 
f 1566//1566 1568//1568 1570//1570 
f 1564//1564 1568//1568 1566//1566 
f 1694//1694 1692//1692 1566//1566 
f 1570//1570 1694//1694 1566//1566 
f 1569//1569 1573//1573 1571//1571 
f 1567//1567 1569//1569 1571//1571 
f 1695//1695 1569//1569 1693//1693 
f 1573//1573 1569//1569 1695//1695 
f 1570//1570 1572//1572 1574//1574 
f 1568//1568 1572//1572 1570//1570 
f 1696//1696 1694//1694 1570//1570 
f 1574//1574 1696//1696 1570//1570 
f 1573//1573 1697//1697 1699//1699 
f 1573//1573 1699//1699 1571//1571 
f 1571//1571 1699//1699 1575//1575 
f 1695//1695 1697//1697 1573//1573 
f 1574//1574 1700//1700 1698//1698 
f 1574//1574 1572//1572 1700//1700 
f 1572//1572 1576//1576 1700//1700 
f 1696//1696 1574//1574 1698//1698 
f 1577//1577 1580//1580 1578//1578 
f 1577//1577 1702//1702 1580//1580 
f 1577//1577 1575//1575 1702//1702 
f 1575//1575 1699//1699 1702//1702 
f 1576//1576 1579//1579 1700//1700 
f 1700//1700 1579//1579 1703//1703 
f 1580//1580 1583//1583 1581//1581 
f 1578//1578 1580//1580 1581//1581 
f 1706//1706 1580//1580 1702//1702 
f 1583//1583 1580//1580 1706//1706 
f 1584//1584 1707//1707 1704//1704 
f 1584//1584 1704//1704 1703//1703 
f 1584//1584 1703//1703 1582//1582 
f 1582//1582 1703//1703 1579//1579 
f 1583//1583 1587//1587 1585//1585 
f 1581//1581 1583//1583 1585//1585 
f 1708//1708 1583//1583 1706//1706 
f 1587//1587 1583//1583 1708//1708 
f 1588//1588 1707//1707 1584//1584 
f 1709//1709 1707//1707 1588//1588 
f 1582//1582 1586//1586 1588//1588 
f 1584//1584 1582//1582 1588//1588 
f 1587//1587 1591//1591 1589//1589 
f 1585//1585 1587//1587 1589//1589 
f 1710//1710 1587//1587 1708//1708 
f 1591//1591 1587//1587 1710//1710 
f 1592//1592 1709//1709 1588//1588 
f 1711//1711 1709//1709 1592//1592 
f 1586//1586 1590//1590 1592//1592 
f 1588//1588 1586//1586 1592//1592 
f 1591//1591 1595//1595 1593//1593 
f 1589//1589 1591//1591 1593//1593 
f 1712//1712 1591//1591 1710//1710 
f 1595//1595 1591//1591 1712//1712 
f 1596//1596 1711//1711 1592//1592 
f 1713//1713 1711//1711 1596//1596 
f 1590//1590 1594//1594 1596//1596 
f 1592//1592 1590//1590 1596//1596 
f 1595//1595 1600//1600 1597//1597 
f 1593//1593 1595//1595 1597//1597 
f 1714//1714 1595//1595 1712//1712 
f 1600//1600 1595//1595 1714//1714 
f 1601//1601 1713//1713 1596//1596 
f 1715//1715 1713//1713 1601//1601 
f 1594//1594 1598//1598 1601//1601 
f 1596//1596 1594//1594 1601//1601 
f 1600//1600 1716//1716 1717//1717 
f 1600//1600 1717//1717 1597//1597 
f 1597//1597 1717//1717 1602//1602 
f 1714//1714 1716//1716 1600//1600 
f 1599//1599 1715//1715 1601//1601 
f 1599//1599 1603//1603 1715//1715 
f 1603//1603 1718//1718 1715//1715 
f 1598//1598 1599//1599 1601//1601 
f 1602//1602 1717//1717 1604//1604 
f 1717//1717 1722//1722 1604//1604 
f 1607//1607 1723//1723 1719//1719 
f 1607//1607 1719//1719 1718//1718 
f 1607//1607 1718//1718 1605//1605 
f 1605//1605 1718//1718 1603//1603 
f 1604//1604 1722//1722 1608//1608 
f 1722//1722 1725//1725 1608//1608 
f 1612//1612 1726//1726 1724//1724 
f 1723//1723 1612//1612 1724//1724 
f 1607//1607 1612//1612 1723//1723 
f 1607//1607 1609//1609 1612//1612 
f 1607//1607 1606//1606 1609//1609 
f 1605//1605 1606//1606 1607//1607 
f 1608//1608 1725//1725 1613//1613 
f 1725//1725 1728//1728 1613//1613 
f 1610//1610 1729//1729 1727//1727 
f 1614//1614 1729//1729 1610//1610 
f 1726//1726 1612//1612 1611//1611 
f 1726//1726 1611//1611 1727//1727 
f 1727//1727 1611//1611 1610//1610 
f 1609//1609 1611//1611 1612//1612 
f 1730//1730 1620//1620 1616//1616 
f 1730//1730 1616//1616 1728//1728 
f 1728//1728 1616//1616 1613//1613 
f 1730//1730 1732//1732 1620//1620 
f 1615//1615 1733//1733 1731//1731 
f 1617//1617 1733//1733 1615//1615 
f 1729//1729 1614//1614 1615//1615 
f 1731//1731 1729//1729 1615//1615 
f 1616//1616 1620//1620 1618//1618 
f 1620//1620 1621//1621 1618//1618 
f 1620//1620 1732//1732 1621//1621 
f 1732//1732 1735//1735 1621//1621 
f 1619//1619 1736//1736 1734//1734 
f 1622//1622 1736//1736 1619//1619 
f 1733//1733 1617//1617 1619//1619 
f 1734//1734 1733//1733 1619//1619 
f 1621//1621 1735//1735 1737//1737 
f 1623//1623 1621//1621 1737//1737 
f 1737//1737 1625//1625 1623//1623 
f 1739//1739 1625//1625 1737//1737 
f 1624//1624 1626//1626 1631//1631 
f 1624//1624 1631//1631 1740//1740 
f 1624//1624 1740//1740 1622//1622 
f 1622//1622 1740//1740 1736//1736 
f 1625//1625 1739//1739 1741//1741 
f 1627//1627 1625//1625 1741//1741 
f 1628//1628 1627//1627 1742//1742 
f 1627//1627 1741//1741 1742//1742 
f 1742//1742 1632//1632 1628//1628 
f 1745//1745 1632//1632 1742//1742 
f 1629//1629 1633//1633 1636//1636 
f 1746//1746 1629//1629 1636//1636 
f 1746//1746 1743//1743 1629//1629 
f 1743//1743 1630//1630 1629//1629 
f 1631//1631 1626//1626 1630//1630 
f 1631//1631 1630//1630 1744//1744 
f 1744//1744 1630//1630 1743//1743 
f 1740//1740 1631//1631 1744//1744 
f 1632//1632 1745//1745 1747//1747 
f 1634//1634 1632//1632 1747//1747 
f 1635//1635 1634//1634 1748//1748 
f 1634//1634 1747//1747 1748//1748 
f 1636//1636 1633//1633 1635//1635 
f 1636//1636 1635//1635 1749//1749 
f 1749//1749 1635//1635 1748//1748 
f 1746//1746 1636//1636 1749//1749 
f 1637//1637 1752//1752 1755//1755 
f 1640//1640 1637//1637 1755//1755 
f 1638//1638 1753//1753 1637//1637 
f 1637//1637 1753//1753 1752//1752 
f 1639//1639 1754//1754 1638//1638 
f 1638//1638 1754//1754 1753//1753 
f 1754//1754 1639//1639 1641//1641 
f 1756//1756 1754//1754 1641//1641 
f 1642//1642 1757//1757 1762//1762 
f 1646//1646 1642//1642 1762//1762 
f 1755//1755 1642//1642 1640//1640 
f 1757//1757 1642//1642 1755//1755 
f 1641//1641 1758//1758 1756//1756 
f 1643//1643 1758//1758 1641//1641 
f 1644//1644 1759//1759 1643//1643 
f 1643//1643 1759//1759 1758//1758 
f 1645//1645 1760//1760 1644//1644 
f 1644//1644 1760//1760 1759//1759 
f 1647//1647 1650//1650 1761//1761 
f 1647//1647 1761//1761 1645//1645 
f 1645//1645 1761//1761 1760//1760 
f 1761//1761 1650//1650 1763//1763 
f 1646//1646 1762//1762 1651//1651 
f 1762//1762 1765//1765 1651//1651 
f 1647//1647 1648//1648 1650//1650 
f 1650//1650 1764//1764 1763//1763 
f 1650//1650 1648//1648 1764//1764 
f 1648//1648 1649//1649 1764//1764 
f 1764//1764 1649//1649 1652//1652 
f 1766//1766 1764//1764 1652//1652 
f 1651//1651 1765//1765 1654//1654 
f 1765//1765 1768//1768 1654//1654 
f 1652//1652 1767//1767 1766//1766 
f 1653//1653 1767//1767 1652//1652 
f 1767//1767 1653//1653 1655//1655 
f 1769//1769 1767//1767 1655//1655 
f 1654//1654 1768//1768 1659//1659 
f 1768//1768 1773//1773 1659//1659 
f 1655//1655 1770//1770 1769//1769 
f 1656//1656 1770//1770 1655//1655 
f 1657//1657 1771//1771 1656//1656 
f 1656//1656 1771//1771 1770//1770 
f 1658//1658 1772//1772 1657//1657 
f 1657//1657 1772//1772 1771//1771 
f 1772//1772 1658//1658 1660//1660 
f 1774//1774 1772//1772 1660//1660 
f 1659//1659 1773//1773 1662//1662 
f 1773//1773 1776//1776 1662//1662 
f 1660//1660 1775//1775 1774//1774 
f 1661//1661 1775//1775 1660//1660 
f 1775//1775 1661//1661 1663//1663 
f 1777//1777 1775//1775 1663//1663 
f 1662//1662 1776//1776 1665//1665 
f 1776//1776 1779//1779 1665//1665 
f 1663//1663 1778//1778 1777//1777 
f 1664//1664 1778//1778 1663//1663 
f 1778//1778 1664//1664 1666//1666 
f 1780//1780 1778//1778 1666//1666 
f 1665//1665 1779//1779 1668//1668 
f 1779//1779 1782//1782 1668//1668 
f 1666//1666 1781//1781 1780//1780 
f 1667//1667 1781//1781 1666//1666 
f 1781//1781 1667//1667 1669//1669 
f 1783//1783 1781//1781 1669//1669 
f 1784//1784 1673//1673 1670//1670 
f 1784//1784 1670//1670 1782//1782 
f 1782//1782 1670//1670 1668//1668 
f 1784//1784 1785//1785 1673//1673 
f 1669//1669 1671//1671 1783//1783 
f 1783//1783 1671//1671 1786//1786 
f 1670//1670 1673//1673 1672//1672 
f 1673//1673 1674//1674 1672//1672 
f 1673//1673 1785//1785 1674//1674 
f 1785//1785 1787//1787 1674//1674 
f 1671//1671 1675//1675 1786//1786 
f 1786//1786 1675//1675 1788//1788 
f 1674//1674 1787//1787 1677//1677 
f 1787//1787 1790//1790 1677//1677 
f 1675//1675 1789//1789 1788//1788 
f 1676//1676 1789//1789 1675//1675 
f 1789//1789 1676//1676 1678//1678 
f 1791//1791 1789//1789 1678//1678 
f 1792//1792 1682//1682 1679//1679 
f 1792//1792 1679//1679 1790//1790 
f 1790//1790 1679//1679 1677//1677 
f 1792//1792 1793//1793 1682//1682 
f 1678//1678 1680//1680 1791//1791 
f 1791//1791 1680//1680 1794//1794 
f 1679//1679 1682//1682 1681//1681 
f 1682//1682 1683//1683 1681//1681 
f 1682//1682 1793//1793 1683//1683 
f 1793//1793 1796//1796 1683//1683 
f 1680//1680 1684//1684 1794//1794 
f 1794//1794 1684//1684 1797//1797 
f 1798//1798 1688//1688 1685//1685 
f 1798//1798 1685//1685 1796//1796 
f 1796//1796 1685//1685 1683//1683 
f 1798//1798 1799//1799 1688//1688 
f 1684//1684 1686//1686 1797//1797 
f 1797//1797 1686//1686 1800//1800 
f 1685//1685 1688//1688 1687//1687 
f 1688//1688 1689//1689 1687//1687 
f 1688//1688 1799//1799 1689//1689 
f 1799//1799 1802//1802 1689//1689 
f 1686//1686 1690//1690 1800//1800 
f 1800//1800 1690//1690 1803//1803 
f 1689//1689 1802//1802 1691//1691 
f 1802//1802 1804//1804 1691//1691 
f 1690//1690 1692//1692 1803//1803 
f 1803//1803 1692//1692 1805//1805 
f 1691//1691 1804//1804 1693//1693 
f 1804//1804 1806//1806 1693//1693 
f 1692//1692 1694//1694 1805//1805 
f 1805//1805 1694//1694 1807//1807 
f 1693//1693 1806//1806 1695//1695 
f 1806//1806 1808//1808 1695//1695 
f 1694//1694 1696//1696 1807//1807 
f 1807//1807 1696//1696 1809//1809 
f 1697//1697 1701//1701 1699//1699 
f 1697//1697 1811//1811 1701//1701 
f 1697//1697 1695//1695 1811//1811 
f 1695//1695 1808//1808 1811//1811 
f 1698//1698 1812//1812 1810//1810 
f 1700//1700 1812//1812 1698//1698 
f 1809//1809 1696//1696 1698//1698 
f 1810//1810 1809//1809 1698//1698 
f 1701//1701 1813//1813 1816//1816 
f 1701//1701 1816//1816 1699//1699 
f 1699//1699 1816//1816 1702//1702 
f 1811//1811 1813//1813 1701//1701 
f 1705//1705 1817//1817 1814//1814 
f 1705//1705 1814//1814 1812//1812 
f 1705//1705 1812//1812 1703//1703 
f 1703//1703 1812//1812 1700//1700 
f 1702//1702 1816//1816 1706//1706 
f 1816//1816 1818//1818 1706//1706 
f 1704//1704 1817//1817 1705//1705 
f 1704//1704 1707//1707 1817//1817 
f 1707//1707 1819//1819 1817//1817 
f 1703//1703 1704//1704 1705//1705 
f 1706//1706 1818//1818 1708//1708 
f 1818//1818 1820//1820 1708//1708 
f 1707//1707 1709//1709 1819//1819 
f 1819//1819 1709//1709 1821//1821 
f 1708//1708 1820//1820 1710//1710 
f 1820//1820 1822//1822 1710//1710 
f 1709//1709 1711//1711 1821//1821 
f 1821//1821 1711//1711 1823//1823 
f 1710//1710 1822//1822 1712//1712 
f 1822//1822 1824//1824 1712//1712 
f 1711//1711 1713//1713 1823//1823 
f 1823//1823 1713//1713 1825//1825 
f 1712//1712 1824//1824 1714//1714 
f 1824//1824 1826//1826 1714//1714 
f 1713//1713 1715//1715 1825//1825 
f 1825//1825 1715//1715 1827//1827 
f 1716//1716 1720//1720 1717//1717 
f 1716//1716 1830//1830 1720//1720 
f 1716//1716 1714//1714 1830//1830 
f 1714//1714 1826//1826 1830//1830 
f 1721//1721 1831//1831 1828//1828 
f 1721//1721 1828//1828 1827//1827 
f 1721//1721 1827//1827 1718//1718 
f 1718//1718 1827//1827 1715//1715 
f 1720//1720 1832//1832 1833//1833 
f 1720//1720 1833//1833 1717//1717 
f 1717//1717 1833//1833 1722//1722 
f 1830//1830 1832//1832 1720//1720 
f 1719//1719 1831//1831 1721//1721 
f 1719//1719 1723//1723 1831//1831 
f 1723//1723 1834//1834 1831//1831 
f 1718//1718 1719//1719 1721//1721 
f 1722//1722 1833//1833 1725//1725 
f 1833//1833 1836//1836 1725//1725 
f 1724//1724 1837//1837 1835//1835 
f 1726//1726 1837//1837 1724//1724 
f 1834//1834 1723//1723 1724//1724 
f 1835//1835 1834//1834 1724//1724 
f 1725//1725 1836//1836 1728//1728 
f 1836//1836 1839//1839 1728//1728 
f 1727//1727 1840//1840 1838//1838 
f 1729//1729 1840//1840 1727//1727 
f 1837//1837 1726//1726 1727//1727 
f 1838//1838 1837//1837 1727//1727 
f 1728//1728 1839//1839 1841//1841 
f 1730//1730 1728//1728 1841//1841 
f 1841//1841 1732//1732 1730//1730 
f 1844//1844 1732//1732 1841//1841 
f 1731//1731 1845//1845 1842//1842 
f 1733//1733 1845//1845 1731//1731 
f 1840//1840 1729//1729 1731//1731 
f 1842//1842 1840//1840 1731//1731 
f 1732//1732 1844//1844 1735//1735 
f 1844//1844 1848//1848 1735//1735 
f 1734//1734 1736//1736 1738//1738 
f 1734//1734 1738//1738 1849//1849 
f 1734//1734 1849//1849 1733//1733 
f 1733//1733 1849//1849 1845//1845 
f 1735//1735 1848//1848 1850//1850 
f 1737//1737 1735//1735 1850//1850 
f 1850//1850 1739//1739 1737//1737 
f 1852//1852 1739//1739 1850//1850 
f 1738//1738 1853//1853 1851//1851 
f 1738//1738 1736//1736 1853//1853 
f 1736//1736 1740//1740 1853//1853 
f 1849//1849 1738//1738 1851//1851 
f 1739//1739 1852//1852 1854//1854 
f 1741//1741 1739//1739 1854//1854 
f 1750//1750 1854//1854 1858//1858 
f 1750//1750 1742//1742 1854//1854 
f 1742//1742 1741//1741 1854//1854 
f 1742//1742 1750//1750 1745//1745 
f 1743//1743 1746//1746 1751//1751 
f 1859//1859 1743//1743 1751//1751 
f 1859//1859 1855//1855 1743//1743 
f 1855//1855 1744//1744 1743//1743 
f 1853//1853 1740//1740 1744//1744 
f 1855//1855 1853//1853 1744//1744 
f 1750//1750 1858//1858 1860//1860 
f 1745//1745 1750//1750 1860//1860 
f 1745//1745 1860//1860 1747//1747 
f 1747//1747 1860//1860 1861//1861 
f 1748//1748 1747//1747 1862//1862 
f 1747//1747 1861//1861 1862//1862 
f 1749//1749 1748//1748 1863//1863 
f 1748//1748 1862//1862 1863//1863 
f 1751//1751 1746//1746 1749//1749 
f 1751//1751 1749//1749 1864//1864 
f 1864//1864 1749//1749 1863//1863 
f 1859//1859 1751//1751 1864//1864 
f 1752//1752 1870//1870 1873//1873 
f 1755//1755 1752//1752 1873//1873 
f 1753//1753 1871//1871 1752//1752 
f 1752//1752 1871//1871 1870//1870 
f 1754//1754 1872//1872 1753//1753 
f 1753//1753 1872//1872 1871//1871 
f 1872//1872 1754//1754 1756//1756 
f 1874//1874 1872//1872 1756//1756 
f 1757//1757 1875//1875 1880//1880 
f 1762//1762 1757//1757 1880//1880 
f 1873//1873 1757//1757 1755//1755 
f 1875//1875 1757//1757 1873//1873 
f 1756//1756 1876//1876 1874//1874 
f 1758//1758 1876//1876 1756//1756 
f 1759//1759 1877//1877 1758//1758 
f 1758//1758 1877//1877 1876//1876 
f 1760//1760 1878//1878 1759//1759 
f 1759//1759 1878//1878 1877//1877 
f 1761//1761 1879//1879 1760//1760 
f 1760//1760 1879//1879 1878//1878 
f 1879//1879 1761//1761 1763//1763 
f 1881//1881 1879//1879 1763//1763 
f 1762//1762 1880//1880 1765//1765 
f 1880//1880 1883//1883 1765//1765 
f 1763//1763 1882//1882 1881//1881 
f 1764//1764 1882//1882 1763//1763 
f 1882//1882 1764//1764 1766//1766 
f 1884//1884 1882//1882 1766//1766 
f 1765//1765 1883//1883 1768//1768 
f 1883//1883 1886//1886 1768//1768 
f 1766//1766 1885//1885 1884//1884 
f 1767//1767 1885//1885 1766//1766 
f 1885//1885 1767//1767 1769//1769 
f 1887//1887 1885//1885 1769//1769 
f 1768//1768 1886//1886 1773//1773 
f 1886//1886 1891//1891 1773//1773 
f 1769//1769 1888//1888 1887//1887 
f 1770//1770 1888//1888 1769//1769 
f 1771//1771 1889//1889 1770//1770 
f 1770//1770 1889//1889 1888//1888 
f 1772//1772 1890//1890 1771//1771 
f 1771//1771 1890//1890 1889//1889 
f 1890//1890 1772//1772 1774//1774 
f 1892//1892 1890//1890 1774//1774 
f 1773//1773 1891//1891 1776//1776 
f 1891//1891 1894//1894 1776//1776 
f 1774//1774 1893//1893 1892//1892 
f 1775//1775 1893//1893 1774//1774 
f 1893//1893 1775//1775 1777//1777 
f 1895//1895 1893//1893 1777//1777 
f 1776//1776 1894//1894 1779//1779 
f 1894//1894 1897//1897 1779//1779 
f 1777//1777 1896//1896 1895//1895 
f 1778//1778 1896//1896 1777//1777 
f 1896//1896 1778//1778 1780//1780 
f 1898//1898 1896//1896 1780//1780 
f 1779//1779 1897//1897 1782//1782 
f 1897//1897 1901//1901 1782//1782 
f 1780//1780 1899//1899 1898//1898 
f 1781//1781 1899//1899 1780//1780 
f 1899//1899 1781//1781 1783//1783 
f 1902//1902 1899//1899 1783//1783 
f 1782//1782 1901//1901 1903//1903 
f 1784//1784 1782//1782 1903//1903 
f 1903//1903 1785//1785 1784//1784 
f 1905//1905 1785//1785 1903//1903 
f 1783//1783 1786//1786 1902//1902 
f 1902//1902 1786//1786 1906//1906 
f 1785//1785 1905//1905 1787//1787 
f 1905//1905 1908//1908 1787//1787 
f 1786//1786 1788//1788 1906//1906 
f 1906//1906 1788//1788 1909//1909 
f 1787//1787 1908//1908 1790//1790 
f 1908//1908 1912//1912 1790//1790 
f 1788//1788 1910//1910 1909//1909 
f 1789//1789 1910//1910 1788//1788 
f 1910//1910 1789//1789 1791//1791 
f 1913//1913 1910//1910 1791//1791 
f 1795//1795 1792//1792 1790//1790 
f 1795//1795 1790//1790 1915//1915 
f 1915//1915 1790//1790 1912//1912 
f 1792//1792 1795//1795 1793//1793 
f 1791//1791 1794//1794 1913//1913 
f 1913//1913 1794//1794 1916//1916 
f 1795//1795 1915//1915 1917//1917 
f 1917//1917 1793//1793 1795//1795 
f 1917//1917 1919//1919 1793//1793 
f 1919//1919 1796//1796 1793//1793 
f 1794//1794 1797//1797 1916//1916 
f 1916//1916 1797//1797 1920//1920 
f 1801//1801 1798//1798 1796//1796 
f 1801//1801 1796//1796 1923//1923 
f 1923//1923 1796//1796 1919//1919 
f 1798//1798 1801//1801 1799//1799 
f 1797//1797 1800//1800 1920//1920 
f 1920//1920 1800//1800 1924//1924 
f 1801//1801 1923//1923 1925//1925 
f 1925//1925 1799//1799 1801//1801 
f 1925//1925 1928//1928 1799//1799 
f 1928//1928 1802//1802 1799//1799 
f 1800//1800 1803//1803 1924//1924 
f 1924//1924 1803//1803 1929//1929 
f 1802//1802 1928//1928 1804//1804 
f 1928//1928 1933//1933 1804//1804 
f 1803//1803 1805//1805 1929//1929 
f 1929//1929 1805//1805 1934//1934 
f 1804//1804 1933//1933 1806//1806 
f 1933//1933 1938//1938 1806//1806 
f 1805//1805 1807//1807 1934//1934 
f 1934//1934 1807//1807 1939//1939 
f 1806//1806 1938//1938 1808//1808 
f 1938//1938 1943//1943 1808//1808 
f 1807//1807 1809//1809 1939//1939 
f 1939//1939 1809//1809 1944//1944 
f 1815//1815 1945//1945 1949//1949 
f 1815//1815 1943//1943 1945//1945 
f 1815//1815 1811//1811 1943//1943 
f 1811//1811 1808//1808 1943//1943 
f 1810//1810 1950//1950 1946//1946 
f 1812//1812 1950//1950 1810//1810 
f 1944//1944 1809//1809 1810//1810 
f 1946//1946 1944//1944 1810//1810 
f 1813//1813 1815//1815 1949//1949 
f 1813//1813 1949//1949 1816//1816 
f 1816//1816 1949//1949 1953//1953 
f 1811//1811 1815//1815 1813//1813 
f 1814//1814 1954//1954 1951//1951 
f 1817//1817 1954//1954 1814//1814 
f 1950//1950 1812//1812 1814//1814 
f 1951//1951 1950//1950 1814//1814 
f 1816//1816 1953//1953 1818//1818 
f 1953//1953 1956//1956 1818//1818 
f 1817//1817 1819//1819 1954//1954 
f 1954//1954 1819//1819 1957//1957 
f 1818//1818 1956//1956 1820//1820 
f 1956//1956 1959//1959 1820//1820 
f 1819//1819 1821//1821 1957//1957 
f 1957//1957 1821//1821 1960//1960 
f 1820//1820 1959//1959 1822//1822 
f 1959//1959 1962//1962 1822//1822 
f 1821//1821 1823//1823 1960//1960 
f 1960//1960 1823//1823 1963//1963 
f 1822//1822 1962//1962 1824//1824 
f 1962//1962 1964//1964 1824//1824 
f 1823//1823 1825//1825 1963//1963 
f 1963//1963 1825//1825 1965//1965 
f 1824//1824 1964//1964 1826//1826 
f 1964//1964 1968//1968 1826//1826 
f 1829//1829 1969//1969 1966//1966 
f 1829//1829 1966//1966 1965//1965 
f 1829//1829 1965//1965 1827//1827 
f 1827//1827 1965//1965 1825//1825 
f 1826//1826 1968//1968 1830//1830 
f 1968//1968 1970//1970 1830//1830 
f 1828//1828 1969//1969 1829//1829 
f 1828//1828 1831//1831 1969//1969 
f 1831//1831 1971//1971 1969//1969 
f 1827//1827 1828//1828 1829//1829 
f 1832//1832 1972//1972 1973//1973 
f 1833//1833 1832//1832 1973//1973 
f 1970//1970 1832//1832 1830//1830 
f 1972//1972 1832//1832 1970//1970 
f 1831//1831 1834//1834 1971//1971 
f 1971//1971 1834//1834 1974//1974 
f 1833//1833 1973//1973 1836//1836 
f 1973//1973 1976//1976 1836//1836 
f 1835//1835 1977//1977 1975//1975 
f 1837//1837 1977//1977 1835//1835 
f 1974//1974 1834//1834 1835//1835 
f 1975//1975 1974//1974 1835//1835 
f 1836//1836 1976//1976 1839//1839 
f 1976//1976 1978//1978 1839//1839 
f 1838//1838 1840//1840 1843//1843 
f 1838//1838 1843//1843 1979//1979 
f 1838//1838 1979//1979 1837//1837 
f 1837//1837 1979//1979 1977//1977 
f 1846//1846 1841//1841 1839//1839 
f 1846//1846 1839//1839 1981//1981 
f 1981//1981 1839//1839 1978//1978 
f 1841//1841 1846//1846 1844//1844 
f 1842//1842 1845//1845 1847//1847 
f 1842//1842 1847//1847 1982//1982 
f 1840//1840 1842//1842 1982//1982 
f 1840//1840 1982//1982 1980//1980 
f 1840//1840 1980//1980 1843//1843 
f 1979//1979 1843//1843 1980//1980 
f 1846//1846 1981//1981 1983//1983 
f 1983//1983 1844//1844 1846//1846 
f 1983//1983 1985//1985 1844//1844 
f 1985//1985 1848//1848 1844//1844 
f 1847//1847 1986//1986 1984//1984 
f 1847//1847 1845//1845 1986//1986 
f 1845//1845 1849//1849 1986//1986 
f 1982//1982 1847//1847 1984//1984 
f 1856//1856 1850//1850 1848//1848 
f 1856//1856 1848//1848 1987//1987 
f 1987//1987 1848//1848 1985//1985 
f 1850//1850 1856//1856 1852//1852 
f 1851//1851 1853//1853 1857//1857 
f 1851//1851 1857//1857 1988//1988 
f 1851//1851 1988//1988 1849//1849 
f 1849//1849 1988//1988 1986//1986 
f 1856//1856 1987//1987 1989//1989 
f 1865//1865 1989//1989 1991//1991 
f 1854//1854 1989//1989 1865//1865 
f 1854//1854 1856//1856 1989//1989 
f 1854//1854 1852//1852 1856//1856 
f 1854//1854 1865//1865 1858//1858 
f 1855//1855 1859//1859 1866//1866 
f 1855//1855 1866//1866 1992//1992 
f 1853//1853 1855//1855 1992//1992 
f 1853//1853 1992//1992 1990//1990 
f 1853//1853 1990//1990 1857//1857 
f 1988//1988 1857//1857 1990//1990 
f 1865//1865 1991//1991 1993//1993 
f 1858//1858 1865//1865 1993//1993 
f 1858//1858 1993//1993 1860//1860 
f 1860//1860 1993//1993 1994//1994 
f 1867//1867 1994//1994 1997//1997 
f 1867//1867 1861//1861 1994//1994 
f 1861//1861 1860//1860 1994//1994 
f 1861//1861 1868//1868 1862//1862 
f 1867//1867 1868//1868 1861//1861 
f 1862//1862 1869//1869 1863//1863 
f 1868//1868 1869//1869 1862//1862 
f 1998//1998 1863//1863 1869//1869 
f 1998//1998 1995//1995 1863//1863 
f 1995//1995 1864//1864 1863//1863 
f 1866//1866 1859//1859 1864//1864 
f 1866//1866 1864//1864 1996//1996 
f 1996//1996 1864//1864 1995//1995 
f 1992//1992 1866//1866 1996//1996 
f 1867//1867 1997//1997 1999//1999 
f 1868//1868 1867//1867 1999//1999 
f 2000//2000 1868//1868 1999//1999 
f 1869//1869 1868//1868 2000//2000 
f 2001//2001 1869//1869 2000//2000 
f 1998//1998 1869//1869 2001//2001 
f 1870//1870 2002//2002 2005//2005 
f 1873//1873 1870//1870 2005//2005 
f 1871//1871 2003//2003 1870//1870 
f 1870//1870 2003//2003 2002//2002 
f 1872//1872 2004//2004 1871//1871 
f 1871//1871 2004//2004 2003//2003 
f 2004//2004 1872//1872 1874//1874 
f 2006//2006 2004//2004 1874//1874 
f 1875//1875 2007//2007 2015//2015 
f 1880//1880 1875//1875 2015//2015 
f 2005//2005 1875//1875 1873//1873 
f 2007//2007 1875//1875 2005//2005 
f 1874//1874 2008//2008 2006//2006 
f 1876//1876 2008//2008 1874//1874 
f 1877//1877 2009//2009 1876//1876 
f 1876//1876 2009//2009 2008//2008 
f 1878//1878 2010//2010 1877//1877 
f 1877//1877 2010//2010 2009//2009 
f 1879//1879 2011//2011 1878//1878 
f 1878//1878 2011//2011 2010//2010 
f 2011//2011 1879//1879 1881//1881 
f 2016//2016 2011//2011 1881//1881 
f 1880//1880 2015//2015 1883//1883 
f 2015//2015 2020//2020 1883//1883 
f 1881//1881 2017//2017 2016//2016 
f 1882//1882 2017//2017 1881//1881 
f 2017//2017 1882//1882 1884//1884 
f 2021//2021 2017//2017 1884//1884 
f 1883//1883 2020//2020 1886//1886 
f 2020//2020 2024//2024 1886//1886 
f 1884//1884 2022//2022 2021//2021 
f 1885//1885 2022//2022 1884//1884 
f 2022//2022 1885//1885 1887//1887 
f 2025//2025 2022//2022 1887//1887 
f 1886//1886 2024//2024 1891//1891 
f 2024//2024 2030//2030 1891//1891 
f 1887//1887 2026//2026 2025//2025 
f 1888//1888 2026//2026 1887//1887 
f 1889//1889 2027//2027 1888//1888 
f 1888//1888 2027//2027 2026//2026 
f 1890//1890 2028//2028 1889//1889 
f 1889//1889 2028//2028 2027//2027 
f 2028//2028 1890//1890 1892//1892 
f 2031//2031 2028//2028 1892//1892 
f 1891//1891 2030//2030 1894//1894 
f 2030//2030 2034//2034 1894//1894 
f 1892//1892 2032//2032 2031//2031 
f 1893//1893 2032//2032 1892//1892 
f 2032//2032 1893//1893 1895//1895 
f 2035//2035 2032//2032 1895//1895 
f 1894//1894 2034//2034 1897//1897 
f 2034//2034 2037//2037 1897//1897 
f 1900//1900 1895//1895 1896//1896 
f 1900//1900 2038//2038 1895//1895 
f 2038//2038 2035//2035 1895//1895 
f 1896//1896 1898//1898 1900//1900 
f 1897//1897 2037//2037 1901//1901 
f 2037//2037 2040//2040 1901//1901 
f 1900//1900 2039//2039 2038//2038 
f 1904//1904 2041//2041 2039//2039 
f 1899//1899 1904//1904 2039//2039 
f 1899//1899 2039//2039 1900//1900 
f 1899//1899 1900//1900 1898//1898 
f 1899//1899 1902//1902 1904//1904 
f 1901//1901 2040//2040 2042//2042 
f 1903//1903 1901//1901 2042//2042 
f 2042//2042 1905//1905 1903//1903 
f 2044//2044 1905//1905 2042//2042 
f 1907//1907 2041//2041 1904//1904 
f 2045//2045 2041//2041 1907//1907 
f 1902//1902 1906//1906 1907//1907 
f 1904//1904 1902//1902 1907//1907 
f 1905//1905 2044//2044 1908//1908 
f 2044//2044 2047//2047 1908//1908 
f 1911//1911 2045//2045 1907//1907 
f 2048//2048 2045//2045 1911//1911 
f 1906//1906 1909//1909 1911//1911 
f 1907//1907 1906//1906 1911//1911 
f 1908//1908 2047//2047 1912//1912 
f 2047//2047 2050//2050 1912//1912 
f 1911//1911 2049//2049 2048//2048 
f 1914//1914 2051//2051 2049//2049 
f 1910//1910 1914//1914 2049//2049 
f 1910//1910 2049//2049 1911//1911 
f 1910//1910 1911//1911 1909//1909 
f 1910//1910 1913//1913 1914//1914 
f 1912//1912 2050//2050 1915//1915 
f 2050//2050 2054//2054 1915//1915 
f 1918//1918 2051//2051 1914//1914 
f 2055//2055 2051//2051 1918//1918 
f 1913//1913 1916//1916 1918//1918 
f 1914//1914 1913//1913 1918//1918 
f 1921//1921 1917//1917 1915//1915 
f 1921//1921 1915//1915 2059//2059 
f 2059//2059 1915//1915 2054//2054 
f 1917//1917 1921//1921 1919//1919 
f 1922//1922 2055//2055 1918//1918 
f 2060//2060 2055//2055 1922//1922 
f 1916//1916 1920//1920 1922//1922 
f 1918//1918 1916//1916 1922//1922 
f 1926//1926 1921//1921 2059//2059 
f 2064//2064 1926//1926 2059//2059 
f 1919//1919 1926//1926 1923//1923 
f 1921//1921 1926//1926 1919//1919 
f 1927//1927 2060//2060 1922//1922 
f 2065//2065 2060//2060 1927//1927 
f 1920//1920 1924//1924 1927//1927 
f 1922//1922 1920//1920 1927//1927 
f 1930//1930 1926//1926 2064//2064 
f 2069//2069 1930//1930 2064//2064 
f 1923//1923 1931//1931 1925//1925 
f 1923//1923 1926//1926 1931//1931 
f 1926//1926 1930//1930 1931//1931 
f 1925//1925 1931//1931 1928//1928 
f 1932//1932 2065//2065 1927//1927 
f 2070//2070 2065//2065 1932//1932 
f 1924//1924 1929//1929 1932//1932 
f 1927//1927 1924//1924 1932//1932 
f 1935//1935 1930//1930 2069//2069 
f 2074//2074 1935//1935 2069//2069 
f 1931//1931 1930//1930 1936//1936 
f 1936//1936 1930//1930 1935//1935 
f 1928//1928 1936//1936 1933//1933 
f 1931//1931 1936//1936 1928//1928 
f 1937//1937 2070//2070 1932//1932 
f 2075//2075 2070//2070 1937//1937 
f 1929//1929 1934//1934 1937//1937 
f 1932//1932 1929//1929 1937//1937 
f 1940//1940 1935//1935 2074//2074 
f 2078//2078 1940//1940 2074//2074 
f 1936//1936 1935//1935 1941//1941 
f 1941//1941 1935//1935 1940//1940 
f 1933//1933 1941//1941 1938//1938 
f 1936//1936 1941//1941 1933//1933 
f 1942//1942 2075//2075 1937//1937 
f 2079//2079 2075//2075 1942//1942 
f 1934//1934 1939//1939 1942//1942 
f 1937//1937 1934//1934 1942//1942 
f 1940//1940 2078//2078 2080//2080 
f 2080//2080 2083//2083 1947//1947 
f 2080//2080 1947//1947 1940//1940 
f 1940//1940 1947//1947 1941//1941 
f 1938//1938 1947//1947 1943//1943 
f 1941//1941 1947//1947 1938//1938 
f 1948//1948 2079//2079 1942//1942 
f 2084//2084 2079//2079 1948//1948 
f 1939//1939 1944//1944 1948//1948 
f 1942//1942 1939//1939 1948//1948 
f 1945//1945 1947//1947 2083//2083 
f 1945//1945 2083//2083 1949//1949 
f 1949//1949 2083//2083 2088//2088 
f 1943//1943 1947//1947 1945//1945 
f 1952//1952 2089//2089 2085//2085 
f 2084//2084 1952//1952 2085//2085 
f 1948//1948 1952//1952 2084//2084 
f 1948//1948 1950//1950 1952//1952 
f 1948//1948 1946//1946 1950//1950 
f 1944//1944 1946//1946 1948//1948 
f 1955//1955 2090//2090 2092//2092 
f 1955//1955 2088//2088 2090//2090 
f 1955//1955 1953//1953 2088//2088 
f 1953//1953 1949//1949 2088//2088 
f 1951//1951 2089//2089 1952//1952 
f 1951//1951 1954//1954 2089//2089 
f 1954//1954 2093//2093 2089//2089 
f 1950//1950 1951//1951 1952//1952 
f 1958//1958 1955//1955 2092//2092 
f 2094//2094 1958//1958 2092//2092 
f 1953//1953 1958//1958 1956//1956 
f 1955//1955 1958//1958 1953//1953 
f 1954//1954 1957//1957 2093//2093 
f 2093//2093 1957//1957 2095//2095 
f 1961//1961 1958//1958 2094//2094 
f 2096//2096 1961//1961 2094//2094 
f 1956//1956 1961//1961 1959//1959 
f 1958//1958 1961//1961 1956//1956 
f 1957//1957 1960//1960 2095//2095 
f 2095//2095 1960//1960 2097//2097 
f 1961//1961 2096//2096 2098//2098 
f 2098//2098 1959//1959 1961//1961 
f 2098//2098 2099//2099 1959//1959 
f 2099//2099 1962//1962 1959//1959 
f 1960//1960 1963//1963 2097//2097 
f 2097//2097 1963//1963 2100//2100 
f 1962//1962 2099//2099 1964//1964 
f 2099//2099 2102//2102 1964//1964 
f 1967//1967 2103//2103 2101//2101 
f 1967//1967 2101//2101 2100//2100 
f 1967//1967 2100//2100 1965//1965 
f 1965//1965 2100//2100 1963//1963 
f 1964//1964 2102//2102 1968//1968 
f 2102//2102 2104//2104 1968//1968 
f 1966//1966 2103//2103 1967//1967 
f 1966//1966 1969//1969 2103//2103 
f 1969//1969 2105//2105 2103//2103 
f 1965//1965 1966//1966 1967//1967 
f 1968//1968 2104//2104 1970//1970 
f 2104//2104 2106//2106 1970//1970 
f 1969//1969 1971//1971 2105//2105 
f 2105//2105 1971//1971 2107//2107 
f 1972//1972 2108//2108 2110//2110 
f 1973//1973 1972//1972 2110//2110 
f 2106//2106 1972//1972 1970//1970 
f 2108//2108 1972//1972 2106//2106 
f 1971//1971 1974//1974 2107//2107 
f 2107//2107 1974//1974 2111//2111 
f 1973//1973 2110//2110 1976//1976 
f 2110//2110 2113//2113 1976//1976 
f 1975//1975 2114//2114 2112//2112 
f 1977//1977 2114//2114 1975//1975 
f 2111//2111 1974//1974 1975//1975 
f 2112//2112 2111//2111 1975//1975 
f 1976//1976 2113//2113 1978//1978 
f 2113//2113 2115//2115 1978//1978 
f 1977//1977 1979//1979 2114//2114 
f 2114//2114 1979//1979 2116//2116 
f 1978//1978 2115//2115 1981//1981 
f 2115//2115 2118//2118 1981//1981 
f 1980//1980 2119//2119 2117//2117 
f 1982//1982 2119//2119 1980//1980 
f 2116//2116 1979//1979 1980//1980 
f 2117//2117 2116//2116 1980//1980 
f 1981//1981 2118//2118 2120//2120 
f 1983//1983 1981//1981 2120//2120 
f 2120//2120 1985//1985 1983//1983 
f 2122//2122 1985//1985 2120//2120 
f 1984//1984 2123//2123 2121//2121 
f 1986//1986 2123//2123 1984//1984 
f 2119//2119 1982//1982 1984//1984 
f 2121//2121 2119//2119 1984//1984 
f 1985//1985 2122//2122 1987//1987 
f 2122//2122 2124//2124 1987//1987 
f 1986//1986 1988//1988 2123//2123 
f 2123//2123 1988//1988 2125//2125 
f 1987//1987 2124//2124 2126//2126 
f 1989//1989 1987//1987 2126//2126 
f 2126//2126 1991//1991 1989//1989 
f 2128//2128 1991//1991 2126//2126 
f 1990//1990 2129//2129 2127//2127 
f 1992//1992 2129//2129 1990//1990 
f 2125//2125 1988//1988 1990//1990 
f 2127//2127 2125//2125 1990//1990 
f 1991//1991 2128//2128 2130//2130 
f 1993//1993 1991//1991 2130//2130 
f 1994//1994 1993//1993 2131//2131 
f 1993//1993 2130//2130 2131//2131 
f 2131//2131 1997//1997 1994//1994 
f 2134//2134 1997//1997 2131//2131 
f 1995//1995 2135//2135 2132//2132 
f 1998//1998 2135//2135 1995//1995 
f 1996//1996 1995//1995 2133//2133 
f 1995//1995 2132//2132 2133//2133 
f 2129//2129 1992//1992 1996//1996 
f 2133//2133 2129//2129 1996//1996 
f 1997//1997 2134//2134 2136//2136 
f 1999//1999 1997//1997 2136//2136 
f 2000//2000 1999//1999 2137//2137 
f 1999//1999 2136//2136 2137//2137 
f 2001//2001 2000//2000 2138//2138 
f 2000//2000 2137//2137 2138//2138 
f 2135//2135 1998//1998 2001//2001 
f 2138//2138 2135//2135 2001//2001 
f 2002//2002 2012//2012 2005//2005 
f 2002//2002 2003//2003 2013//2013 
f 2012//2012 2002//2002 2013//2013 
f 2003//2003 2004//2004 2014//2014 
f 2013//2013 2003//2003 2014//2014 
f 2004//2004 2006//2006 2014//2014 
f 2007//2007 2018//2018 2015//2015 
f 2007//2007 2145//2145 2018//2018 
f 2005//2005 2145//2145 2007//2007 
f 2005//2005 2139//2139 2145//2145 
f 2005//2005 2012//2012 2139//2139 
f 2013//2013 2139//2139 2012//2012 
f 2140//2140 2139//2139 2013//2013 
f 2014//2014 2140//2140 2013//2013 
f 2141//2141 2140//2140 2014//2014 
f 2006//2006 2141//2141 2014//2014 
f 2006//2006 2008//2008 2141//2141 
f 2008//2008 2142//2142 2141//2141 
f 2009//2009 2143//2143 2008//2008 
f 2008//2008 2143//2143 2142//2142 
f 2010//2010 2144//2144 2009//2009 
f 2009//2009 2144//2144 2143//2143 
f 2019//2019 2146//2146 2144//2144 
f 2019//2019 2144//2144 2011//2011 
f 2011//2011 2144//2144 2010//2010 
f 2011//2011 2016//2016 2019//2019 
f 2018//2018 2023//2023 2020//2020 
f 2015//2015 2018//2018 2020//2020 
f 2151//2151 2018//2018 2145//2145 
f 2023//2023 2018//2018 2151//2151 
f 2019//2019 2147//2147 2146//2146 
f 2016//2016 2147//2147 2019//2019 
f 2016//2016 2017//2017 2147//2147 
f 2017//2017 2148//2148 2147//2147 
f 2148//2148 2017//2017 2021//2021 
f 2152//2152 2148//2148 2021//2021 
f 2023//2023 2029//2029 2024//2024 
f 2020//2020 2023//2023 2024//2024 
f 2154//2154 2023//2023 2151//2151 
f 2029//2029 2023//2023 2154//2154 
f 2021//2021 2153//2153 2152//2152 
f 2022//2022 2153//2153 2021//2021 
f 2153//2153 2022//2022 2025//2025 
f 2155//2155 2153//2153 2025//2025 
f 2029//2029 2156//2156 2159//2159 
f 2029//2029 2159//2159 2024//2024 
f 2024//2024 2159//2159 2030//2030 
f 2154//2154 2156//2156 2029//2029 
f 2025//2025 2157//2157 2155//2155 
f 2026//2026 2157//2157 2025//2025 
f 2027//2027 2158//2158 2026//2026 
f 2026//2026 2158//2158 2157//2157 
f 2033//2033 2160//2160 2158//2158 
f 2033//2033 2158//2158 2028//2028 
f 2028//2028 2158//2158 2027//2027 
f 2028//2028 2031//2031 2033//2033 
f 2030//2030 2159//2159 2034//2034 
f 2159//2159 2164//2164 2034//2034 
f 2033//2033 2161//2161 2160//2160 
f 2036//2036 2165//2165 2161//2161 
f 2032//2032 2036//2036 2161//2161 
f 2032//2032 2161//2161 2033//2033 
f 2032//2032 2033//2033 2031//2031 
f 2032//2032 2035//2035 2036//2036 
f 2034//2034 2164//2164 2037//2037 
f 2164//2164 2168//2168 2037//2037 
f 2036//2036 2166//2166 2165//2165 
f 2166//2166 2036//2036 2035//2035 
f 2166//2166 2035//2035 2169//2169 
f 2169//2169 2035//2035 2038//2038 
f 2037//2037 2168//2168 2040//2040 
f 2168//2168 2170//2170 2040//2040 
f 2043//2043 2038//2038 2039//2039 
f 2043//2043 2171//2171 2038//2038 
f 2171//2171 2169//2169 2038//2038 
f 2039//2039 2041//2041 2043//2043 
f 2046//2046 2042//2042 2040//2040 
f 2046//2046 2040//2040 2174//2174 
f 2174//2174 2040//2040 2170//2170 
f 2042//2042 2046//2046 2044//2044 
f 2043//2043 2172//2172 2171//2171 
f 2172//2172 2043//2043 2041//2041 
f 2172//2172 2041//2041 2175//2175 
f 2175//2175 2041//2041 2045//2045 
f 2046//2046 2174//2174 2176//2176 
f 2176//2176 2044//2044 2046//2046 
f 2176//2176 2177//2177 2044//2044 
f 2177//2177 2047//2047 2044//2044 
f 2045//2045 2048//2048 2175//2175 
f 2175//2175 2048//2048 2178//2178 
f 2052//2052 2179//2179 2181//2181 
f 2052//2052 2177//2177 2179//2179 
f 2052//2052 2050//2050 2177//2177 
f 2050//2050 2047//2047 2177//2177 
f 2053//2053 2048//2048 2049//2049 
f 2053//2053 2182//2182 2048//2048 
f 2182//2182 2178//2178 2048//2048 
f 2049//2049 2051//2051 2053//2053 
f 2056//2056 2052//2052 2181//2181 
f 2185//2185 2056//2056 2181//2181 
f 2050//2050 2056//2056 2054//2054 
f 2052//2052 2056//2056 2050//2050 
f 2057//2057 2186//2186 2183//2183 
f 2182//2182 2057//2057 2183//2183 
f 2182//2182 2053//2053 2057//2057 
f 2053//2053 2058//2058 2057//2057 
f 2051//2051 2055//2055 2058//2058 
f 2053//2053 2051//2051 2058//2058 
f 2061//2061 2056//2056 2185//2185 
f 2187//2187 2061//2061 2185//2185 
f 2054//2054 2061//2061 2059//2059 
f 2056//2056 2061//2061 2054//2054 
f 2062//2062 2186//2186 2057//2057 
f 2188//2188 2186//2186 2062//2062 
f 2058//2058 2063//2063 2057//2057 
f 2063//2063 2062//2062 2057//2057 
f 2055//2055 2060//2060 2063//2063 
f 2058//2058 2055//2055 2063//2063 
f 2066//2066 2061//2061 2187//2187 
f 2189//2189 2066//2066 2187//2187 
f 2059//2059 2066//2066 2064//2064 
f 2061//2061 2066//2066 2059//2059 
f 2067//2067 2188//2188 2062//2062 
f 2190//2190 2188//2188 2067//2067 
f 2063//2063 2068//2068 2062//2062 
f 2068//2068 2067//2067 2062//2062 
f 2060//2060 2065//2065 2068//2068 
f 2063//2063 2060//2060 2068//2068 
f 2071//2071 2066//2066 2189//2189 
f 2191//2191 2071//2071 2189//2189 
f 2064//2064 2071//2071 2069//2069 
f 2066//2066 2071//2071 2064//2064 
f 2072//2072 2190//2190 2067//2067 
f 2192//2192 2190//2190 2072//2072 
f 2068//2068 2073//2073 2067//2067 
f 2073//2073 2072//2072 2067//2067 
f 2065//2065 2070//2070 2073//2073 
f 2068//2068 2065//2065 2073//2073 
f 2076//2076 2071//2071 2191//2191 
f 2194//2194 2076//2076 2191//2191 
f 2069//2069 2076//2076 2074//2074 
f 2071//2071 2076//2076 2069//2069 
f 2072//2072 2193//2193 2192//2192 
f 2193//2193 2077//2077 2195//2195 
f 2193//2193 2072//2072 2077//2077 
f 2072//2072 2073//2073 2077//2077 
f 2070//2070 2075//2075 2077//2077 
f 2073//2073 2070//2070 2077//2077 
f 2081//2081 2076//2076 2194//2194 
f 2197//2197 2081//2081 2194//2194 
f 2074//2074 2081//2081 2078//2078 
f 2076//2076 2081//2081 2074//2074 
f 2082//2082 2195//2195 2077//2077 
f 2198//2198 2195//2195 2082//2082 
f 2075//2075 2079//2079 2082//2082 
f 2077//2077 2075//2075 2082//2082 
f 2081//2081 2197//2197 2199//2199 
f 2086//2086 2199//2199 2200//2200 
f 2080//2080 2199//2199 2086//2086 
f 2080//2080 2081//2081 2199//2199 
f 2080//2080 2078//2078 2081//2081 
f 2080//2080 2086//2086 2083//2083 
f 2087//2087 2198//2198 2082//2082 
f 2201//2201 2198//2198 2087//2087 
f 2079//2079 2084//2084 2087//2087 
f 2082//2082 2079//2079 2087//2087 
f 2091//2091 2086//2086 2200//2200 
f 2203//2203 2091//2091 2200//2200 
f 2083//2083 2091//2091 2088//2088 
f 2086//2086 2091//2091 2083//2083 
f 2085//2085 2201//2201 2087//2087 
f 2085//2085 2089//2089 2201//2201 
f 2089//2089 2204//2204 2201//2201 
f 2084//2084 2085//2085 2087//2087 
f 2090//2090 2091//2091 2203//2203 
f 2090//2090 2203//2203 2092//2092 
f 2092//2092 2203//2203 2206//2206 
f 2088//2088 2091//2091 2090//2090 
f 2089//2089 2093//2093 2204//2204 
f 2204//2204 2093//2093 2207//2207 
f 2092//2092 2206//2206 2094//2094 
f 2206//2206 2208//2208 2094//2094 
f 2093//2093 2095//2095 2207//2207 
f 2207//2207 2095//2095 2209//2209 
f 2094//2094 2208//2208 2096//2096 
f 2208//2208 2210//2210 2096//2096 
f 2095//2095 2097//2097 2209//2209 
f 2209//2209 2097//2097 2211//2211 
f 2096//2096 2210//2210 2212//2212 
f 2098//2098 2096//2096 2212//2212 
f 2212//2212 2099//2099 2098//2098 
f 2213//2213 2099//2099 2212//2212 
f 2097//2097 2100//2100 2211//2211 
f 2211//2211 2100//2100 2214//2214 
f 2099//2099 2213//2213 2102//2102 
f 2213//2213 2217//2217 2102//2102 
f 2101//2101 2218//2218 2215//2215 
f 2103//2103 2218//2218 2101//2101 
f 2214//2214 2100//2100 2101//2101 
f 2215//2215 2214//2214 2101//2101 
f 2102//2102 2217//2217 2104//2104 
f 2217//2217 2219//2219 2104//2104 
f 2103//2103 2105//2105 2218//2218 
f 2218//2218 2105//2105 2220//2220 
f 2109//2109 2221//2221 2223//2223 
f 2109//2109 2219//2219 2221//2221 
f 2109//2109 2106//2106 2219//2219 
f 2106//2106 2104//2104 2219//2219 
f 2105//2105 2107//2107 2220//2220 
f 2220//2220 2107//2107 2224//2224 
f 2108//2108 2109//2109 2223//2223 
f 2108//2108 2223//2223 2110//2110 
f 2110//2110 2223//2223 2225//2225 
f 2106//2106 2109//2109 2108//2108 
f 2107//2107 2111//2111 2224//2224 
f 2224//2224 2111//2111 2226//2226 
f 2110//2110 2225//2225 2113//2113 
f 2225//2225 2229//2229 2113//2113 
f 2112//2112 2230//2230 2227//2227 
f 2114//2114 2230//2230 2112//2112 
f 2226//2226 2111//2111 2112//2112 
f 2227//2227 2226//2226 2112//2112 
f 2113//2113 2229//2229 2115//2115 
f 2229//2229 2231//2231 2115//2115 
f 2114//2114 2116//2116 2230//2230 
f 2230//2230 2116//2116 2232//2232 
f 2115//2115 2231//2231 2118//2118 
f 2231//2231 2235//2235 2118//2118 
f 2117//2117 2236//2236 2233//2233 
f 2119//2119 2236//2236 2117//2117 
f 2232//2232 2116//2116 2117//2117 
f 2233//2233 2232//2232 2117//2117 
f 2118//2118 2235//2235 2237//2237 
f 2120//2120 2118//2118 2237//2237 
f 2237//2237 2122//2122 2120//2120 
f 2241//2241 2122//2122 2237//2237 
f 2121//2121 2242//2242 2238//2238 
f 2123//2123 2242//2242 2121//2121 
f 2236//2236 2119//2119 2121//2121 
f 2238//2238 2236//2236 2121//2121 
f 2122//2122 2241//2241 2124//2124 
f 2241//2241 2243//2243 2124//2124 
f 2123//2123 2125//2125 2242//2242 
f 2242//2242 2125//2125 2244//2244 
f 2124//2124 2243//2243 2245//2245 
f 2126//2126 2124//2124 2245//2245 
f 2245//2245 2128//2128 2126//2126 
f 2249//2249 2128//2128 2245//2245 
f 2127//2127 2250//2250 2246//2246 
f 2129//2129 2250//2250 2127//2127 
f 2244//2244 2125//2125 2127//2127 
f 2246//2246 2244//2244 2127//2127 
f 2128//2128 2249//2249 2251//2251 
f 2130//2130 2128//2128 2251//2251 
f 2131//2131 2130//2130 2252//2252 
f 2130//2130 2251//2251 2252//2252 
f 2252//2252 2134//2134 2131//2131 
f 2257//2257 2134//2134 2252//2252 
f 2132//2132 2258//2258 2253//2253 
f 2135//2135 2258//2258 2132//2132 
f 2133//2133 2132//2132 2254//2254 
f 2132//2132 2253//2253 2254//2254 
f 2250//2250 2129//2129 2133//2133 
f 2254//2254 2250//2250 2133//2133 
f 2134//2134 2257//2257 2259//2259 
f 2136//2136 2134//2134 2259//2259 
f 2137//2137 2136//2136 2260//2260 
f 2136//2136 2259//2259 2260//2260 
f 2138//2138 2137//2137 2261//2261 
f 2137//2137 2260//2260 2261//2261 
f 2258//2258 2135//2135 2138//2138 
f 2261//2261 2258//2258 2138//2138 
f 2139//2139 2149//2149 2145//2145 
f 2139//2139 2140//2140 2150//2150 
f 2149//2149 2139//2139 2150//2150 
f 2269//2269 2150//2150 2140//2140 
f 2269//2269 2140//2140 2265//2265 
f 2265//2265 2140//2140 2141//2141 
f 2142//2142 2266//2266 2141//2141 
f 2141//2141 2266//2266 2265//2265 
f 2143//2143 2267//2267 2142//2142 
f 2142//2142 2267//2267 2266//2266 
f 2144//2144 2268//2268 2143//2143 
f 2143//2143 2268//2268 2267//2267 
f 2268//2268 2144//2144 2146//2146 
f 2270//2270 2268//2268 2146//2146 
f 2149//2149 2271//2271 2276//2276 
f 2149//2149 2276//2276 2145//2145 
f 2145//2145 2276//2276 2151//2151 
f 2150//2150 2271//2271 2149//2149 
f 2272//2272 2271//2271 2150//2150 
f 2269//2269 2272//2272 2150//2150 
f 2146//2146 2273//2273 2270//2270 
f 2147//2147 2273//2273 2146//2146 
f 2148//2148 2274//2274 2147//2147 
f 2147//2147 2274//2274 2273//2273 
f 2274//2274 2148//2148 2152//2152 
f 2277//2277 2274//2274 2152//2152 
f 2151//2151 2276//2276 2154//2154 
f 2276//2276 2281//2281 2154//2154 
f 2152//2152 2278//2278 2277//2277 
f 2153//2153 2278//2278 2152//2152 
f 2278//2278 2153//2153 2155//2155 
f 2282//2282 2278//2278 2155//2155 
f 2156//2156 2162//2162 2159//2159 
f 2156//2156 2284//2284 2162//2162 
f 2156//2156 2154//2154 2284//2284 
f 2154//2154 2281//2281 2284//2284 
f 2155//2155 2283//2283 2282//2282 
f 2157//2157 2283//2283 2155//2155 
f 2163//2163 2285//2285 2283//2283 
f 2163//2163 2283//2283 2158//2158 
f 2158//2158 2283//2283 2157//2157 
f 2158//2158 2160//2160 2163//2163 
f 2162//2162 2286//2286 2288//2288 
f 2162//2162 2288//2288 2159//2159 
f 2159//2159 2288//2288 2164//2164 
f 2284//2284 2286//2286 2162//2162 
f 2163//2163 2287//2287 2285//2285 
f 2167//2167 2289//2289 2287//2287 
f 2161//2161 2167//2167 2287//2287 
f 2161//2161 2287//2287 2163//2163 
f 2161//2161 2163//2163 2160//2160 
f 2161//2161 2165//2165 2167//2167 
f 2164//2164 2288//2288 2168//2168 
f 2288//2288 2293//2293 2168//2168 
f 2167//2167 2290//2290 2289//2289 
f 2165//2165 2290//2290 2167//2167 
f 2165//2165 2166//2166 2290//2290 
f 2166//2166 2291//2291 2290//2290 
f 2291//2291 2166//2166 2169//2169 
f 2294//2294 2291//2291 2169//2169 
f 2168//2168 2293//2293 2170//2170 
f 2293//2293 2297//2297 2170//2170 
f 2295//2295 2171//2171 2173//2173 
f 2295//2295 2294//2294 2171//2171 
f 2294//2294 2169//2169 2171//2171 
f 2295//2295 2173//2173 2298//2298 
f 2170//2170 2297//2297 2174//2174 
f 2297//2297 2300//2300 2174//2174 
f 2171//2171 2172//2172 2173//2173 
f 2173//2173 2172//2172 2175//2175 
f 2173//2173 2175//2175 2298//2298 
f 2298//2298 2175//2175 2301//2301 
f 2180//2180 2176//2176 2174//2174 
f 2180//2180 2174//2174 2303//2303 
f 2303//2303 2174//2174 2300//2300 
f 2176//2176 2180//2180 2177//2177 
f 2175//2175 2178//2178 2301//2301 
f 2301//2301 2178//2178 2304//2304 
f 2179//2179 2180//2180 2303//2303 
f 2179//2179 2303//2303 2181//2181 
f 2181//2181 2303//2303 2306//2306 
f 2177//2177 2180//2180 2179//2179 
f 2184//2184 2307//2307 2305//2305 
f 2184//2184 2305//2305 2304//2304 
f 2184//2184 2304//2304 2182//2182 
f 2182//2182 2304//2304 2178//2178 
f 2181//2181 2306//2306 2185//2185 
f 2306//2306 2309//2309 2185//2185 
f 2183//2183 2307//2307 2184//2184 
f 2183//2183 2186//2186 2307//2307 
f 2186//2186 2310//2310 2307//2307 
f 2182//2182 2183//2183 2184//2184 
f 2185//2185 2309//2309 2187//2187 
f 2309//2309 2311//2311 2187//2187 
f 2186//2186 2188//2188 2310//2310 
f 2310//2310 2188//2188 2312//2312 
f 2187//2187 2311//2311 2189//2189 
f 2311//2311 2313//2313 2189//2189 
f 2188//2188 2190//2190 2312//2312 
f 2312//2312 2190//2190 2314//2314 
f 2189//2189 2313//2313 2191//2191 
f 2313//2313 2315//2315 2191//2191 
f 2190//2190 2192//2192 2314//2314 
f 2314//2314 2192//2192 2316//2316 
f 2191//2191 2315//2315 2194//2194 
f 2315//2315 2317//2317 2194//2194 
f 2196//2196 2192//2192 2193//2193 
f 2196//2196 2318//2318 2192//2192 
f 2318//2318 2316//2316 2192//2192 
f 2193//2193 2195//2195 2196//2196 
f 2194//2194 2317//2317 2197//2197 
f 2317//2317 2320//2320 2197//2197 
f 2196//2196 2319//2319 2318//2318 
f 2319//2319 2196//2196 2195//2195 
f 2319//2319 2195//2195 2321//2321 
f 2321//2321 2195//2195 2198//2198 
f 2202//2202 2199//2199 2197//2197 
f 2202//2202 2197//2197 2323//2323 
f 2323//2323 2197//2197 2320//2320 
f 2199//2199 2202//2202 2200//2200 
f 2198//2198 2201//2201 2321//2321 
f 2321//2321 2201//2201 2324//2324 
f 2205//2205 2202//2202 2323//2323 
f 2326//2326 2205//2205 2323//2323 
f 2200//2200 2205//2205 2203//2203 
f 2202//2202 2205//2205 2200//2200 
f 2201//2201 2204//2204 2324//2324 
f 2324//2324 2204//2204 2327//2327 
f 2205//2205 2326//2326 2328//2328 
f 2328//2328 2203//2203 2205//2205 
f 2328//2328 2330//2330 2203//2203 
f 2330//2330 2206//2206 2203//2203 
f 2204//2204 2207//2207 2327//2327 
f 2327//2327 2207//2207 2331//2331 
f 2206//2206 2330//2330 2208//2208 
f 2330//2330 2334//2334 2208//2208 
f 2207//2207 2209//2209 2331//2331 
f 2331//2331 2209//2209 2335//2335 
f 2208//2208 2334//2334 2210//2210 
f 2334//2334 2337//2337 2210//2210 
f 2209//2209 2211//2211 2335//2335 
f 2335//2335 2211//2211 2338//2338 
f 2216//2216 2212//2212 2210//2210 
f 2216//2216 2210//2210 2340//2340 
f 2340//2340 2210//2210 2337//2337 
f 2212//2212 2216//2216 2213//2213 
f 2211//2211 2214//2214 2338//2338 
f 2338//2338 2214//2214 2341//2341 
f 2216//2216 2340//2340 2342//2342 
f 2342//2342 2213//2213 2216//2216 
f 2342//2342 2345//2345 2213//2213 
f 2345//2345 2217//2217 2213//2213 
f 2215//2215 2346//2346 2343//2343 
f 2218//2218 2346//2346 2215//2215 
f 2341//2341 2214//2214 2215//2215 
f 2343//2343 2341//2341 2215//2215 
f 2222//2222 2347//2347 2349//2349 
f 2222//2222 2345//2345 2347//2347 
f 2222//2222 2219//2219 2345//2345 
f 2219//2219 2217//2217 2345//2345 
f 2218//2218 2220//2220 2346//2346 
f 2346//2346 2220//2220 2350//2350 
f 2221//2221 2222//2222 2349//2349 
f 2221//2221 2349//2349 2223//2223 
f 2223//2223 2349//2349 2352//2352 
f 2219//2219 2222//2222 2221//2221 
f 2220//2220 2224//2224 2350//2350 
f 2350//2350 2224//2224 2353//2353 
f 2223//2223 2352//2352 2225//2225 
f 2352//2352 2356//2356 2225//2225 
f 2228//2228 2357//2357 2354//2354 
f 2228//2228 2354//2354 2353//2353 
f 2228//2228 2353//2353 2226//2226 
f 2226//2226 2353//2353 2224//2224 
f 2225//2225 2356//2356 2229//2229 
f 2356//2356 2358//2358 2229//2229 
f 2227//2227 2357//2357 2228//2228 
f 2227//2227 2230//2230 2357//2357 
f 2230//2230 2359//2359 2357//2357 
f 2226//2226 2227//2227 2228//2228 
f 2229//2229 2358//2358 2231//2231 
f 2358//2358 2362//2362 2231//2231 
f 2234//2234 2363//2363 2360//2360 
f 2234//2234 2360//2360 2359//2359 
f 2234//2234 2359//2359 2232//2232 
f 2232//2232 2359//2359 2230//2230 
f 2364//2364 2239//2239 2235//2235 
f 2364//2364 2235//2235 2362//2362 
f 2362//2362 2235//2235 2231//2231 
f 2364//2364 2367//2367 2239//2239 
f 2240//2240 2368//2368 2365//2365 
f 2363//2363 2240//2240 2365//2365 
f 2234//2234 2240//2240 2363//2363 
f 2234//2234 2236//2236 2240//2240 
f 2234//2234 2233//2233 2236//2236 
f 2232//2232 2233//2233 2234//2234 
f 2235//2235 2239//2239 2237//2237 
f 2239//2239 2241//2241 2237//2237 
f 2239//2239 2367//2367 2241//2241 
f 2367//2367 2369//2369 2241//2241 
f 2238//2238 2368//2368 2240//2240 
f 2238//2238 2242//2242 2368//2368 
f 2242//2242 2370//2370 2368//2368 
f 2236//2236 2238//2238 2240//2240 
f 2371//2371 2247//2247 2243//2243 
f 2371//2371 2243//2243 2369//2369 
f 2369//2369 2243//2243 2241//2241 
f 2371//2371 2375//2375 2247//2247 
f 2248//2248 2376//2376 2372//2372 
f 2248//2248 2372//2372 2370//2370 
f 2248//2248 2370//2370 2244//2244 
f 2244//2244 2370//2370 2242//2242 
f 2243//2243 2247//2247 2245//2245 
f 2249//2249 2377//2377 2255//2255 
f 2245//2245 2377//2377 2249//2249 
f 2245//2245 2375//2375 2377//2377 
f 2245//2245 2247//2247 2375//2375 
f 2377//2377 2379//2379 2255//2255 
f 2256//2256 2380//2380 2378//2378 
f 2376//2376 2256//2256 2378//2378 
f 2248//2248 2256//2256 2376//2376 
f 2248//2248 2250//2250 2256//2256 
f 2248//2248 2246//2246 2250//2250 
f 2244//2244 2246//2246 2248//2248 
f 2249//2249 2255//2255 2251//2251 
f 2255//2255 2379//2379 2381//2381 
f 2255//2255 2381//2381 2251//2251 
f 2251//2251 2381//2381 2252//2252 
f 2257//2257 2382//2382 2262//2262 
f 2257//2257 2252//2252 2382//2382 
f 2252//2252 2381//2381 2382//2382 
f 2262//2262 2383//2383 2263//2263 
f 2382//2382 2383//2383 2262//2262 
f 2263//2263 2384//2384 2264//2264 
f 2383//2383 2384//2384 2263//2263 
f 2264//2264 2253//2253 2258//2258 
f 2264//2264 2384//2384 2253//2253 
f 2384//2384 2385//2385 2253//2253 
f 2380//2380 2256//2256 2254//2254 
f 2380//2380 2254//2254 2385//2385 
f 2385//2385 2254//2254 2253//2253 
f 2250//2250 2254//2254 2256//2256 
f 2257//2257 2262//2262 2259//2259 
f 2260//2260 2259//2259 2262//2262 
f 2263//2263 2260//2260 2262//2262 
f 2261//2261 2260//2260 2263//2263 
f 2264//2264 2261//2261 2263//2263 
f 2258//2258 2261//2261 2264//2264 
f 2265//2265 2275//2275 2269//2269 
f 2391//2391 2275//2275 2265//2265 
f 2391//2391 2265//2265 2388//2388 
f 2388//2388 2265//2265 2266//2266 
f 2267//2267 2389//2389 2266//2266 
f 2266//2266 2389//2389 2388//2388 
f 2268//2268 2390//2390 2267//2267 
f 2267//2267 2390//2390 2389//2389 
f 2390//2390 2268//2268 2270//2270 
f 2392//2392 2390//2390 2270//2270 
f 2271//2271 2279//2279 2276//2276 
f 2400//2400 2279//2279 2271//2271 
f 2400//2400 2271//2271 2393//2393 
f 2393//2393 2271//2271 2272//2272 
f 2275//2275 2272//2272 2269//2269 
f 2275//2275 2394//2394 2272//2272 
f 2394//2394 2393//2393 2272//2272 
f 2391//2391 2394//2394 2275//2275 
f 2270//2270 2395//2395 2392//2392 
f 2273//2273 2395//2395 2270//2270 
f 2274//2274 2396//2396 2273//2273 
f 2273//2273 2396//2396 2395//2395 
f 2277//2277 2280//2280 2397//2397 
f 2277//2277 2397//2397 2274//2274 
f 2274//2274 2397//2397 2396//2396 
f 2397//2397 2280//2280 2401//2401 
f 2279//2279 2402//2402 2404//2404 
f 2279//2279 2404//2404 2276//2276 
f 2276//2276 2404//2404 2281//2281 
f 2400//2400 2402//2402 2279//2279 
f 2277//2277 2278//2278 2280//2280 
f 2280//2280 2278//2278 2282//2282 
f 2280//2280 2282//2282 2401//2401 
f 2401//2401 2282//2282 2405//2405 
f 2281//2281 2404//2404 2284//2284 
f 2404//2404 2409//2409 2284//2284 
f 2282//2282 2406//2406 2405//2405 
f 2283//2283 2406//2406 2282//2282 
f 2406//2406 2283//2283 2285//2285 
f 2410//2410 2406//2406 2285//2285 
f 2286//2286 2411//2411 2412//2412 
f 2288//2288 2286//2286 2412//2412 
f 2409//2409 2286//2286 2284//2284 
f 2411//2411 2286//2286 2409//2409 
f 2292//2292 2285//2285 2287//2287 
f 2292//2292 2413//2413 2285//2285 
f 2413//2413 2410//2410 2285//2285 
f 2287//2287 2289//2289 2292//2292 
f 2288//2288 2412//2412 2293//2293 
f 2412//2412 2419//2419 2293//2293 
f 2292//2292 2414//2414 2413//2413 
f 2289//2289 2414//2414 2292//2292 
f 2289//2289 2290//2290 2414//2414 
f 2290//2290 2415//2415 2414//2414 
f 2291//2291 2416//2416 2290//2290 
f 2290//2290 2416//2416 2415//2415 
f 2294//2294 2296//2296 2417//2417 
f 2294//2294 2417//2417 2291//2291 
f 2291//2291 2417//2417 2416//2416 
f 2417//2417 2296//2296 2420//2420 
f 2293//2293 2419//2419 2297//2297 
f 2419//2419 2422//2422 2297//2297 
f 2294//2294 2295//2295 2296//2296 
f 2298//2298 2299//2299 2421//2421 
f 2295//2295 2298//2298 2421//2421 
f 2295//2295 2421//2421 2420//2420 
f 2295//2295 2420//2420 2296//2296 
f 2421//2421 2299//2299 2423//2423 
f 2297//2297 2422//2422 2300//2300 
f 2422//2422 2424//2424 2300//2300 
f 2299//2299 2301//2301 2302//2302 
f 2298//2298 2301//2301 2299//2299 
f 2425//2425 2423//2423 2299//2299 
f 2302//2302 2425//2425 2299//2299 
f 2300//2300 2424//2424 2303//2303 
f 2424//2424 2427//2427 2303//2303 
f 2302//2302 2428//2428 2426//2426 
f 2302//2302 2301//2301 2428//2428 
f 2301//2301 2304//2304 2428//2428 
f 2425//2425 2302//2302 2426//2426 
f 2303//2303 2427//2427 2306//2306 
f 2427//2427 2430//2430 2306//2306 
f 2305//2305 2307//2307 2308//2308 
f 2305//2305 2308//2308 2431//2431 
f 2305//2305 2431//2431 2304//2304 
f 2304//2304 2431//2431 2428//2428 
f 2306//2306 2430//2430 2309//2309 
f 2430//2430 2433//2433 2309//2309 
f 2308//2308 2434//2434 2432//2432 
f 2308//2308 2307//2307 2434//2434 
f 2307//2307 2310//2310 2434//2434 
f 2431//2431 2308//2308 2432//2432 
f 2309//2309 2433//2433 2311//2311 
f 2433//2433 2436//2436 2311//2311 
f 2310//2310 2312//2312 2434//2434 
f 2434//2434 2312//2312 2437//2437 
f 2311//2311 2436//2436 2313//2313 
f 2436//2436 2439//2439 2313//2313 
f 2312//2312 2314//2314 2437//2437 
f 2437//2437 2314//2314 2440//2440 
f 2313//2313 2439//2439 2315//2315 
f 2439//2439 2442//2442 2315//2315 
f 2314//2314 2316//2316 2440//2440 
f 2440//2440 2316//2316 2443//2443 
f 2315//2315 2442//2442 2317//2317 
f 2442//2442 2444//2444 2317//2317 
f 2316//2316 2318//2318 2443//2443 
f 2443//2443 2318//2318 2445//2445 
f 2317//2317 2444//2444 2320//2320 
f 2444//2444 2446//2446 2320//2320 
f 2322//2322 2318//2318 2319//2319 
f 2322//2322 2447//2447 2318//2318 
f 2447//2447 2445//2445 2318//2318 
f 2319//2319 2321//2321 2322//2322 
f 2320//2320 2446//2446 2323//2323 
f 2446//2446 2449//2449 2323//2323 
f 2325//2325 2447//2447 2322//2322 
f 2450//2450 2447//2447 2325//2325 
f 2321//2321 2324//2324 2325//2325 
f 2322//2322 2321//2321 2325//2325 
f 2323//2323 2449//2449 2326//2326 
f 2449//2449 2452//2452 2326//2326 
f 2329//2329 2450//2450 2325//2325 
f 2453//2453 2450//2450 2329//2329 
f 2324//2324 2327//2327 2329//2329 
f 2325//2325 2324//2324 2329//2329 
f 2332//2332 2328//2328 2326//2326 
f 2332//2332 2326//2326 2454//2454 
f 2454//2454 2326//2326 2452//2452 
f 2328//2328 2332//2332 2330//2330 
f 2333//2333 2453//2453 2329//2329 
f 2455//2455 2453//2453 2333//2333 
f 2327//2327 2331//2331 2333//2333 
f 2329//2329 2327//2327 2333//2333 
f 2332//2332 2454//2454 2456//2456 
f 2456//2456 2330//2330 2332//2332 
f 2456//2456 2457//2457 2330//2330 
f 2457//2457 2334//2334 2330//2330 
f 2336//2336 2455//2455 2333//2333 
f 2458//2458 2455//2455 2336//2336 
f 2331//2331 2335//2335 2336//2336 
f 2333//2333 2331//2331 2336//2336 
f 2334//2334 2457//2457 2337//2337 
f 2457//2457 2459//2459 2337//2337 
f 2339//2339 2458//2458 2336//2336 
f 2460//2460 2458//2458 2339//2339 
f 2335//2335 2338//2338 2339//2339 
f 2336//2336 2335//2335 2339//2339 
f 2337//2337 2459//2459 2340//2340 
f 2459//2459 2461//2461 2340//2340 
f 2344//2344 2460//2460 2339//2339 
f 2462//2462 2460//2460 2344//2344 
f 2338//2338 2341//2341 2344//2344 
f 2339//2339 2338//2338 2344//2344 
f 2348//2348 2342//2342 2340//2340 
f 2348//2348 2340//2340 2463//2463 
f 2463//2463 2340//2340 2461//2461 
f 2342//2342 2348//2348 2345//2345 
f 2343//2343 2462//2462 2344//2344 
f 2343//2343 2346//2346 2462//2462 
f 2346//2346 2464//2464 2462//2462 
f 2341//2341 2343//2343 2344//2344 
f 2347//2347 2348//2348 2463//2463 
f 2347//2347 2463//2463 2349//2349 
f 2349//2349 2463//2463 2467//2467 
f 2345//2345 2348//2348 2347//2347 
f 2351//2351 2468//2468 2465//2465 
f 2351//2351 2465//2465 2464//2464 
f 2351//2351 2464//2464 2350//2350 
f 2350//2350 2464//2464 2346//2346 
f 2349//2349 2467//2467 2352//2352 
f 2467//2467 2470//2470 2352//2352 
f 2355//2355 2468//2468 2351//2351 
f 2471//2471 2468//2468 2355//2355 
f 2350//2350 2353//2353 2355//2355 
f 2351//2351 2350//2350 2355//2355 
f 2352//2352 2470//2470 2356//2356 
f 2470//2470 2473//2473 2356//2356 
f 2354//2354 2471//2471 2355//2355 
f 2354//2354 2357//2357 2471//2471 
f 2357//2357 2474//2474 2471//2471 
f 2353//2353 2354//2354 2355//2355 
f 2356//2356 2473//2473 2358//2358 
f 2473//2473 2478//2478 2358//2358 
f 2361//2361 2479//2479 2475//2475 
f 2361//2361 2475//2475 2474//2474 
f 2361//2361 2474//2474 2359//2359 
f 2359//2359 2474//2474 2357//2357 
f 2480//2480 2366//2366 2362//2362 
f 2480//2480 2362//2362 2478//2478 
f 2478//2478 2362//2362 2358//2358 
f 2480//2480 2481//2481 2366//2366 
f 2360//2360 2479//2479 2361//2361 
f 2360//2360 2363//2363 2479//2479 
f 2363//2363 2482//2482 2479//2479 
f 2359//2359 2360//2360 2361//2361 
f 2362//2362 2366//2366 2364//2364 
f 2366//2366 2367//2367 2364//2364 
f 2366//2366 2481//2481 2367//2367 
f 2481//2481 2486//2486 2367//2367 
f 2365//2365 2487//2487 2483//2483 
f 2368//2368 2487//2487 2365//2365 
f 2482//2482 2363//2363 2365//2365 
f 2483//2483 2482//2482 2365//2365 
f 2488//2488 2373//2373 2369//2369 
f 2488//2488 2369//2369 2486//2486 
f 2486//2486 2369//2369 2367//2367 
f 2488//2488 2491//2491 2373//2373 
f 2374//2374 2492//2492 2489//2489 
f 2374//2374 2489//2489 2487//2487 
f 2374//2374 2487//2487 2370//2370 
f 2370//2370 2487//2487 2368//2368 
f 2369//2369 2373//2373 2371//2371 
f 2373//2373 2375//2375 2371//2371 
f 2373//2373 2491//2491 2375//2375 
f 2491//2491 2494//2494 2375//2375 
f 2372//2372 2492//2492 2374//2374 
f 2372//2372 2376//2376 2492//2492 
f 2376//2376 2495//2495 2492//2492 
f 2370//2370 2372//2372 2374//2374 
f 2375//2375 2494//2494 2496//2496 
f 2377//2377 2375//2375 2496//2496 
f 2379//2379 2497//2497 2386//2386 
f 2379//2379 2377//2377 2497//2497 
f 2377//2377 2496//2496 2497//2497 
f 2497//2497 2504//2504 2386//2386 
f 2387//2387 2505//2505 2498//2498 
f 2387//2387 2378//2378 2380//2380 
f 2387//2387 2498//2498 2378//2378 
f 2498//2498 2499//2499 2378//2378 
f 2495//2495 2376//2376 2378//2378 
f 2499//2499 2495//2495 2378//2378 
f 2379//2379 2386//2386 2381//2381 
f 2386//2386 2504//2504 2506//2506 
f 2386//2386 2506//2506 2381//2381 
f 2381//2381 2506//2506 2382//2382 
f 2383//2383 2382//2382 2507//2507 
f 2382//2382 2506//2506 2507//2507 
f 2384//2384 2383//2383 2508//2508 
f 2383//2383 2507//2507 2508//2508 
f 2505//2505 2387//2387 2385//2385 
f 2505//2505 2385//2385 2508//2508 
f 2508//2508 2385//2385 2384//2384 
f 2380//2380 2385//2385 2387//2387 
f 2388//2388 2398//2398 2391//2391 
f 2513//2513 2398//2398 2388//2388 
f 2513//2513 2388//2388 2512//2512 
f 2512//2512 2388//2388 2389//2389 
f 2399//2399 2514//2514 2512//2512 
f 2399//2399 2512//2512 2390//2390 
f 2390//2390 2512//2512 2389//2389 
f 2390//2390 2392//2392 2399//2399 
f 2393//2393 2403//2403 2400//2400 
f 2521//2521 2403//2403 2393//2393 
f 2521//2521 2393//2393 2515//2515 
f 2515//2515 2393//2393 2394//2394 
f 2398//2398 2394//2394 2391//2391 
f 2398//2398 2516//2516 2394//2394 
f 2516//2516 2515//2515 2394//2394 
f 2513//2513 2516//2516 2398//2398 
f 2399//2399 2517//2517 2514//2514 
f 2392//2392 2517//2517 2399//2399 
f 2392//2392 2395//2395 2517//2517 
f 2395//2395 2518//2518 2517//2517 
f 2396//2396 2519//2519 2395//2395 
f 2395//2395 2519//2519 2518//2518 
f 2397//2397 2520//2520 2396//2396 
f 2396//2396 2520//2520 2519//2519 
f 2520//2520 2397//2397 2401//2401 
f 2522//2522 2520//2520 2401//2401 
f 2402//2402 2407//2407 2404//2404 
f 2402//2402 2525//2525 2407//2407 
f 2400//2400 2525//2525 2402//2402 
f 2400//2400 2523//2523 2525//2525 
f 2400//2400 2403//2403 2523//2523 
f 2521//2521 2523//2523 2403//2403 
f 2524//2524 2405//2405 2408//2408 
f 2524//2524 2522//2522 2405//2405 
f 2522//2522 2401//2401 2405//2405 
f 2524//2524 2408//2408 2526//2526 
f 2407//2407 2527//2527 2529//2529 
f 2407//2407 2529//2529 2404//2404 
f 2404//2404 2529//2529 2409//2409 
f 2525//2525 2527//2527 2407//2407 
f 2405//2405 2406//2406 2408//2408 
f 2408//2408 2406//2406 2410//2410 
f 2408//2408 2410//2410 2526//2526 
f 2526//2526 2410//2410 2530//2530 
f 2411//2411 2531//2531 2535//2535 
f 2412//2412 2411//2411 2535//2535 
f 2529//2529 2411//2411 2409//2409 
f 2531//2531 2411//2411 2529//2529 
f 2532//2532 2413//2413 2418//2418 
f 2532//2532 2530//2530 2413//2413 
f 2530//2530 2410//2410 2413//2413 
f 2532//2532 2418//2418 2536//2536 
f 2412//2412 2535//2535 2419//2419 
f 2535//2535 2542//2542 2419//2419 
f 2413//2413 2414//2414 2418//2418 
f 2418//2418 2537//2537 2536//2536 
f 2418//2418 2414//2414 2537//2537 
f 2414//2414 2415//2415 2537//2537 
f 2416//2416 2538//2538 2415//2415 
f 2415//2415 2538//2538 2537//2537 
f 2417//2417 2539//2539 2416//2416 
f 2416//2416 2539//2539 2538//2538 
f 2539//2539 2417//2417 2420//2420 
f 2543//2543 2539//2539 2420//2420 
f 2419//2419 2542//2542 2422//2422 
f 2542//2542 2545//2545 2422//2422 
f 2420//2420 2544//2544 2543//2543 
f 2421//2421 2544//2544 2420//2420 
f 2544//2544 2421//2421 2423//2423 
f 2546//2546 2544//2544 2423//2423 
f 2422//2422 2545//2545 2424//2424 
f 2545//2545 2548//2548 2424//2424 
f 2423//2423 2425//2425 2546//2546 
f 2546//2546 2425//2425 2549//2549 
f 2424//2424 2548//2548 2427//2427 
f 2548//2548 2550//2550 2427//2427 
f 2426//2426 2428//2428 2429//2429 
f 2426//2426 2429//2429 2551//2551 
f 2426//2426 2551//2551 2425//2425 
f 2425//2425 2551//2551 2549//2549 
f 2427//2427 2550//2550 2430//2430 
f 2550//2550 2553//2553 2430//2430 
f 2429//2429 2554//2554 2552//2552 
f 2429//2429 2428//2428 2554//2554 
f 2428//2428 2431//2431 2554//2554 
f 2551//2551 2429//2429 2552//2552 
f 2430//2430 2553//2553 2433//2433 
f 2553//2553 2555//2555 2433//2433 
f 2432//2432 2434//2434 2435//2435 
f 2432//2432 2435//2435 2556//2556 
f 2432//2432 2556//2556 2431//2431 
f 2431//2431 2556//2556 2554//2554 
f 2433//2433 2555//2555 2436//2436 
f 2555//2555 2557//2557 2436//2436 
f 2435//2435 2437//2437 2438//2438 
f 2434//2434 2437//2437 2435//2435 
f 2558//2558 2556//2556 2435//2435 
f 2438//2438 2558//2558 2435//2435 
f 2436//2436 2557//2557 2439//2439 
f 2557//2557 2559//2559 2439//2439 
f 2438//2438 2440//2440 2441//2441 
f 2437//2437 2440//2440 2438//2438 
f 2560//2560 2558//2558 2438//2438 
f 2441//2441 2560//2560 2438//2438 
f 2439//2439 2559//2559 2442//2442 
f 2559//2559 2562//2562 2442//2442 
f 2441//2441 2563//2563 2561//2561 
f 2441//2441 2440//2440 2563//2563 
f 2440//2440 2443//2443 2563//2563 
f 2560//2560 2441//2441 2561//2561 
f 2442//2442 2562//2562 2444//2444 
f 2562//2562 2565//2565 2444//2444 
f 2443//2443 2445//2445 2563//2563 
f 2563//2563 2445//2445 2566//2566 
f 2448//2448 2567//2567 2568//2568 
f 2448//2448 2565//2565 2567//2567 
f 2448//2448 2446//2446 2565//2565 
f 2446//2446 2444//2444 2565//2565 
f 2445//2445 2447//2447 2566//2566 
f 2566//2566 2447//2447 2569//2569 
f 2451//2451 2448//2448 2568//2568 
f 2570//2570 2451//2451 2568//2568 
f 2446//2446 2451//2451 2449//2449 
f 2448//2448 2451//2451 2446//2446 
f 2447//2447 2450//2450 2569//2569 
f 2569//2569 2450//2450 2571//2571 
f 2451//2451 2570//2570 2572//2572 
f 2572//2572 2449//2449 2451//2451 
f 2572//2572 2573//2573 2449//2449 
f 2573//2573 2452//2452 2449//2449 
f 2450//2450 2453//2453 2571//2571 
f 2571//2571 2453//2453 2574//2574 
f 2452//2452 2573//2573 2454//2454 
f 2573//2573 2576//2576 2454//2454 
f 2453//2453 2455//2455 2574//2574 
f 2574//2574 2455//2455 2577//2577 
f 2454//2454 2576//2576 2578//2578 
f 2456//2456 2454//2454 2578//2578 
f 2578//2578 2457//2457 2456//2456 
f 2579//2579 2457//2457 2578//2578 
f 2455//2455 2458//2458 2577//2577 
f 2577//2577 2458//2458 2580//2580 
f 2457//2457 2579//2579 2459//2459 
f 2579//2579 2582//2582 2459//2459 
f 2458//2458 2460//2460 2580//2580 
f 2580//2580 2460//2460 2583//2583 
f 2459//2459 2582//2582 2461//2461 
f 2582//2582 2585//2585 2461//2461 
f 2460//2460 2462//2462 2583//2583 
f 2583//2583 2462//2462 2586//2586 
f 2461//2461 2585//2585 2463//2463 
f 2585//2585 2590//2590 2463//2463 
f 2466//2466 2591//2591 2587//2587 
f 2466//2466 2587//2587 2586//2586 
f 2466//2466 2586//2586 2464//2464 
f 2464//2464 2586//2586 2462//2462 
f 2469//2469 2592//2592 2595//2595 
f 2469//2469 2590//2590 2592//2592 
f 2469//2469 2467//2467 2590//2590 
f 2467//2467 2463//2463 2590//2590 
f 2465//2465 2591//2591 2466//2466 
f 2465//2465 2468//2468 2591//2591 
f 2468//2468 2596//2596 2591//2591 
f 2464//2464 2465//2465 2466//2466 
f 2472//2472 2469//2469 2595//2595 
f 2598//2598 2472//2472 2595//2595 
f 2467//2467 2472//2472 2470//2470 
f 2469//2469 2472//2472 2467//2467 
f 2468//2468 2471//2471 2596//2596 
f 2596//2596 2471//2471 2599//2599 
f 2476//2476 2472//2472 2598//2598 
f 2602//2602 2476//2476 2598//2598 
f 2470//2470 2476//2476 2473//2473 
f 2472//2472 2476//2476 2470//2470 
f 2477//2477 2603//2603 2600//2600 
f 2477//2477 2600//2600 2599//2599 
f 2477//2477 2599//2599 2474//2474 
f 2474//2474 2599//2599 2471//2471 
f 2476//2476 2602//2602 2604//2604 
f 2604//2604 2473//2473 2476//2476 
f 2604//2604 2606//2606 2473//2473 
f 2606//2606 2478//2478 2473//2473 
f 2475//2475 2603//2603 2477//2477 
f 2475//2475 2479//2479 2603//2603 
f 2479//2479 2607//2607 2603//2603 
f 2474//2474 2475//2475 2477//2477 
f 2484//2484 2480//2480 2478//2478 
f 2484//2484 2478//2478 2610//2610 
f 2610//2610 2478//2478 2606//2606 
f 2480//2480 2484//2484 2481//2481 
f 2485//2485 2611//2611 2608//2608 
f 2485//2485 2608//2608 2607//2607 
f 2485//2485 2607//2607 2482//2482 
f 2482//2482 2607//2607 2479//2479 
f 2484//2484 2610//2610 2612//2612 
f 2612//2612 2481//2481 2484//2484 
f 2612//2612 2615//2615 2481//2481 
f 2615//2615 2486//2486 2481//2481 
f 2490//2490 2616//2616 2613//2613 
f 2611//2611 2490//2490 2613//2613 
f 2485//2485 2490//2490 2611//2611 
f 2485//2485 2487//2487 2490//2490 
f 2485//2485 2483//2483 2487//2487 
f 2482//2482 2483//2483 2485//2485 
f 2486//2486 2615//2615 2617//2617 
f 2488//2488 2486//2486 2617//2617 
f 2617//2617 2491//2491 2488//2488 
f 2620//2620 2491//2491 2617//2617 
f 2493//2493 2621//2621 2618//2618 
f 2616//2616 2493//2493 2618//2618 
f 2490//2490 2493//2493 2616//2616 
f 2490//2490 2492//2492 2493//2493 
f 2490//2490 2489//2489 2492//2492 
f 2487//2487 2489//2489 2490//2490 
f 2622//2622 2500//2500 2494//2494 
f 2622//2622 2494//2494 2620//2620 
f 2620//2620 2494//2494 2491//2491 
f 2500//2500 2623//2623 2501//2501 
f 2622//2622 2623//2623 2500//2500 
f 2623//2623 2627//2627 2501//2501 
f 2502//2502 2628//2628 2624//2624 
f 2621//2621 2502//2502 2624//2624 
f 2621//2621 2493//2493 2502//2502 
f 2493//2493 2503//2503 2502//2502 
f 2492//2492 2495//2495 2503//2503 
f 2493//2493 2492//2492 2503//2503 
f 2494//2494 2500//2500 2496//2496 
f 2497//2497 2496//2496 2500//2500 
f 2501//2501 2497//2497 2500//2500 
f 2504//2504 2629//2629 2509//2509 
f 2497//2497 2629//2629 2504//2504 
f 2497//2497 2627//2627 2629//2629 
f 2497//2497 2501//2501 2627//2627 
f 2509//2509 2630//2630 2510//2510 
f 2629//2629 2630//2630 2509//2509 
f 2510//2510 2631//2631 2511//2511 
f 2630//2630 2631//2631 2510//2510 
f 2628//2628 2511//2511 2631//2631 
f 2502//2502 2511//2511 2628//2628 
f 2502//2502 2505//2505 2511//2511 
f 2502//2502 2498//2498 2505//2505 
f 2499//2499 2498//2498 2502//2502 
f 2503//2503 2499//2499 2502//2502 
f 2495//2495 2499//2499 2503//2503 
f 2504//2504 2509//2509 2506//2506 
f 2507//2507 2506//2506 2509//2509 
f 2510//2510 2507//2507 2509//2509 
f 2508//2508 2507//2507 2510//2510 
f 2511//2511 2508//2508 2510//2510 
f 2505//2505 2508//2508 2511//2511 
f 2512//2512 2635//2635 2636//2636 
f 2513//2513 2512//2512 2636//2636 
f 2635//2635 2512//2512 2514//2514 
f 2637//2637 2635//2635 2514//2514 
f 2515//2515 2638//2638 2646//2646 
f 2521//2521 2515//2515 2646//2646 
f 2516//2516 2639//2639 2515//2515 
f 2515//2515 2639//2639 2638//2638 
f 2636//2636 2516//2516 2513//2513 
f 2639//2639 2516//2516 2636//2636 
f 2514//2514 2640//2640 2637//2637 
f 2517//2517 2640//2640 2514//2514 
f 2518//2518 2641//2641 2517//2517 
f 2517//2517 2641//2641 2640//2640 
f 2519//2519 2642//2642 2518//2518 
f 2518//2518 2642//2642 2641//2641 
f 2520//2520 2643//2643 2519//2519 
f 2519//2519 2643//2643 2642//2642 
f 2643//2643 2520//2520 2522//2522 
f 2647//2647 2643//2643 2522//2522 
f 2528//2528 2648//2648 2653//2653 
f 2528//2528 2525//2525 2523//2523 
f 2528//2528 2523//2523 2648//2648 
f 2648//2648 2523//2523 2649//2649 
f 2646//2646 2523//2523 2521//2521 
f 2649//2649 2523//2523 2646//2646 
f 2522//2522 2650//2650 2647//2647 
f 2524//2524 2650//2650 2522//2522 
f 2650//2650 2524//2524 2526//2526 
f 2654//2654 2650//2650 2526//2526 
f 2533//2533 2655//2655 2658//2658 
f 2653//2653 2655//2655 2533//2533 
f 2528//2528 2653//2653 2533//2533 
f 2528//2528 2533//2533 2529//2529 
f 2528//2528 2529//2529 2527//2527 
f 2525//2525 2528//2528 2527//2527 
f 2656//2656 2530//2530 2534//2534 
f 2656//2656 2654//2654 2530//2530 
f 2654//2654 2526//2526 2530//2530 
f 2656//2656 2534//2534 2659//2659 
f 2531//2531 2533//2533 2658//2658 
f 2531//2531 2658//2658 2535//2535 
f 2535//2535 2658//2658 2662//2662 
f 2529//2529 2533//2533 2531//2531 
f 2530//2530 2532//2532 2534//2534 
f 2536//2536 2540//2540 2660//2660 
f 2532//2532 2536//2536 2660//2660 
f 2532//2532 2660//2660 2659//2659 
f 2532//2532 2659//2659 2534//2534 
f 2540//2540 2541//2541 2661//2661 
f 2660//2660 2540//2540 2661//2661 
f 2661//2661 2541//2541 2663//2663 
f 2535//2535 2662//2662 2542//2542 
f 2662//2662 2665//2665 2542//2542 
f 2536//2536 2537//2537 2540//2540 
f 2538//2538 2540//2540 2537//2537 
f 2541//2541 2540//2540 2538//2538 
f 2541//2541 2664//2664 2663//2663 
f 2541//2541 2538//2538 2664//2664 
f 2538//2538 2539//2539 2664//2664 
f 2664//2664 2539//2539 2543//2543 
f 2666//2666 2664//2664 2543//2543 
f 2542//2542 2665//2665 2545//2545 
f 2665//2665 2668//2668 2545//2545 
f 2547//2547 2543//2543 2544//2544 
f 2547//2547 2669//2669 2543//2543 
f 2669//2669 2666//2666 2543//2543 
f 2544//2544 2546//2546 2547//2547 
f 2545//2545 2668//2668 2548//2548 
f 2668//2668 2671//2671 2548//2548 
f 2547//2547 2670//2670 2669//2669 
f 2670//2670 2547//2547 2546//2546 
f 2670//2670 2546//2546 2672//2672 
f 2672//2672 2546//2546 2549//2549 
f 2548//2548 2671//2671 2550//2550 
f 2671//2671 2673//2673 2550//2550 
f 2549//2549 2551//2551 2672//2672 
f 2672//2672 2551//2551 2674//2674 
f 2550//2550 2673//2673 2553//2553 
f 2673//2673 2676//2676 2553//2553 
f 2552//2552 2677//2677 2675//2675 
f 2554//2554 2677//2677 2552//2552 
f 2674//2674 2551//2551 2552//2552 
f 2675//2675 2674//2674 2552//2552 
f 2553//2553 2676//2676 2555//2555 
f 2676//2676 2678//2678 2555//2555 
f 2554//2554 2556//2556 2677//2677 
f 2677//2677 2556//2556 2679//2679 
f 2555//2555 2678//2678 2557//2557 
f 2678//2678 2680//2680 2557//2557 
f 2556//2556 2558//2558 2679//2679 
f 2679//2679 2558//2558 2681//2681 
f 2557//2557 2680//2680 2559//2559 
f 2680//2680 2682//2682 2559//2559 
f 2558//2558 2560//2560 2681//2681 
f 2681//2681 2560//2560 2683//2683 
f 2559//2559 2682//2682 2562//2562 
f 2682//2682 2684//2684 2562//2562 
f 2561//2561 2563//2563 2564//2564 
f 2561//2561 2564//2564 2685//2685 
f 2561//2561 2685//2685 2560//2560 
f 2560//2560 2685//2685 2683//2683 
f 2562//2562 2684//2684 2565//2565 
f 2684//2684 2687//2687 2565//2565 
f 2564//2564 2688//2688 2686//2686 
f 2564//2564 2563//2563 2688//2688 
f 2563//2563 2566//2566 2688//2688 
f 2685//2685 2564//2564 2686//2686 
f 2567//2567 2689//2689 2690//2690 
f 2568//2568 2567//2567 2690//2690 
f 2687//2687 2567//2567 2565//2565 
f 2689//2689 2567//2567 2687//2687 
f 2566//2566 2569//2569 2688//2688 
f 2688//2688 2569//2569 2691//2691 
f 2568//2568 2690//2690 2570//2570 
f 2690//2690 2692//2692 2570//2570 
f 2569//2569 2571//2571 2691//2691 
f 2691//2691 2571//2571 2693//2693 
f 2575//2575 2572//2572 2570//2570 
f 2575//2575 2570//2570 2694//2694 
f 2694//2694 2570//2570 2692//2692 
f 2572//2572 2575//2575 2573//2573 
f 2571//2571 2574//2574 2693//2693 
f 2693//2693 2574//2574 2695//2695 
f 2575//2575 2694//2694 2696//2696 
f 2696//2696 2573//2573 2575//2575 
f 2696//2696 2697//2697 2573//2573 
f 2697//2697 2576//2576 2573//2573 
f 2574//2574 2577//2577 2695//2695 
f 2695//2695 2577//2577 2698//2698 
f 2581//2581 2578//2578 2576//2576 
f 2581//2581 2576//2576 2699//2699 
f 2699//2699 2576//2576 2697//2697 
f 2578//2578 2581//2581 2579//2579 
f 2577//2577 2580//2580 2698//2698 
f 2698//2698 2580//2580 2700//2700 
f 2581//2581 2699//2699 2701//2701 
f 2701//2701 2579//2579 2581//2581 
f 2701//2701 2704//2704 2579//2579 
f 2704//2704 2582//2582 2579//2579 
f 2584//2584 2705//2705 2702//2702 
f 2584//2584 2702//2702 2700//2700 
f 2584//2584 2700//2700 2583//2583 
f 2583//2583 2700//2700 2580//2580 
f 2588//2588 2706//2706 2708//2708 
f 2588//2588 2704//2704 2706//2706 
f 2588//2588 2585//2585 2704//2704 
f 2585//2585 2582//2582 2704//2704 
f 2589//2589 2705//2705 2584//2584 
f 2709//2709 2705//2705 2589//2589 
f 2583//2583 2586//2586 2589//2589 
f 2584//2584 2583//2583 2589//2589 
f 2593//2593 2588//2588 2708//2708 
f 2712//2712 2593//2593 2708//2708 
f 2585//2585 2593//2593 2590//2590 
f 2588//2588 2593//2593 2585//2585 
f 2594//2594 2713//2713 2710//2710 
f 2709//2709 2594//2594 2710//2710 
f 2589//2589 2594//2594 2709//2709 
f 2589//2589 2591//2591 2594//2594 
f 2589//2589 2587//2587 2591//2591 
f 2586//2586 2587//2587 2589//2589 
f 2592//2592 2593//2593 2712//2712 
f 2592//2592 2712//2712 2595//2595 
f 2595//2595 2712//2712 2714//2714 
f 2590//2590 2593//2593 2592//2592 
f 2597//2597 2713//2713 2594//2594 
f 2715//2715 2713//2713 2597//2597 
f 2591//2591 2596//2596 2597//2597 
f 2594//2594 2591//2591 2597//2597 
f 2595//2595 2714//2714 2598//2598 
f 2714//2714 2716//2716 2598//2598 
f 2601//2601 2715//2715 2597//2597 
f 2717//2717 2715//2715 2601//2601 
f 2596//2596 2599//2599 2601//2601 
f 2597//2597 2596//2596 2601//2601 
f 2598//2598 2716//2716 2602//2602 
f 2716//2716 2720//2720 2602//2602 
f 2605//2605 2721//2721 2718//2718 
f 2717//2717 2605//2605 2718//2718 
f 2601//2601 2605//2605 2717//2717 
f 2601//2601 2603//2603 2605//2605 
f 2601//2601 2600//2600 2603//2603 
f 2599//2599 2600//2600 2601//2601 
f 2602//2602 2720//2720 2722//2722 
f 2604//2604 2602//2602 2722//2722 
f 2722//2722 2606//2606 2604//2604 
f 2723//2723 2606//2606 2722//2722 
f 2609//2609 2721//2721 2605//2605 
f 2724//2724 2721//2721 2609//2609 
f 2603//2603 2607//2607 2609//2609 
f 2605//2605 2603//2603 2609//2609 
f 2606//2606 2723//2723 2610//2610 
f 2723//2723 2727//2727 2610//2610 
f 2614//2614 2728//2728 2725//2725 
f 2724//2724 2614//2614 2725//2725 
f 2609//2609 2614//2614 2724//2724 
f 2609//2609 2611//2611 2614//2614 
f 2609//2609 2608//2608 2611//2611 
f 2607//2607 2608//2608 2609//2609 
f 2610//2610 2727//2727 2729//2729 
f 2612//2612 2610//2610 2729//2729 
f 2729//2729 2615//2615 2612//2612 
f 2731//2731 2615//2615 2729//2729 
f 2619//2619 2732//2732 2730//2730 
f 2728//2728 2619//2619 2730//2730 
f 2614//2614 2619//2619 2728//2728 
f 2614//2614 2616//2616 2619//2619 
f 2614//2614 2613//2613 2616//2616 
f 2611//2611 2613//2613 2614//2614 
f 2615//2615 2731//2731 2733//2733 
f 2617//2617 2615//2615 2733//2733 
f 2620//2620 2734//2734 2625//2625 
f 2620//2620 2617//2617 2734//2734 
f 2617//2617 2733//2733 2734//2734 
f 2734//2734 2736//2736 2625//2625 
f 2626//2626 2737//2737 2735//2735 
f 2732//2732 2626//2626 2735//2735 
f 2619//2619 2626//2626 2732//2732 
f 2619//2619 2621//2621 2626//2626 
f 2619//2619 2618//2618 2621//2621 
f 2616//2616 2618//2618 2619//2619 
f 2620//2620 2625//2625 2622//2622 
f 2625//2625 2736//2736 2738//2738 
f 2625//2625 2738//2738 2622//2622 
f 2622//2622 2738//2738 2623//2623 
f 2627//2627 2739//2739 2632//2632 
f 2627//2627 2623//2623 2739//2739 
f 2623//2623 2738//2738 2739//2739 
f 2632//2632 2740//2740 2633//2633 
f 2739//2739 2740//2740 2632//2632 
f 2633//2633 2741//2741 2634//2634 
f 2740//2740 2741//2741 2633//2633 
f 2737//2737 2634//2634 2741//2741 
f 2626//2626 2634//2634 2737//2737 
f 2626//2626 2628//2628 2634//2634 
f 2626//2626 2624//2624 2628//2628 
f 2621//2621 2624//2624 2626//2626 
f 2627//2627 2632//2632 2629//2629 
f 2630//2630 2629//2629 2632//2632 
f 2633//2633 2630//2630 2632//2632 
f 2631//2631 2630//2630 2633//2633 
f 2634//2634 2631//2631 2633//2633 
f 2628//2628 2631//2631 2634//2634 
f 2644//2644 2743//2743 2748//2748 
f 2644//2644 2636//2636 2635//2635 
f 2644//2644 2635//2635 2743//2743 
f 2743//2743 2635//2635 2744//2744 
f 2637//2637 2645//2645 2745//2745 
f 2637//2637 2745//2745 2635//2635 
f 2635//2635 2745//2745 2744//2744 
f 2745//2745 2645//2645 2749//2749 
f 2651//2651 2750//2750 2758//2758 
f 2651//2651 2646//2646 2638//2638 
f 2651//2651 2638//2638 2750//2750 
f 2750//2750 2638//2638 2751//2751 
f 2748//2748 2639//2639 2644//2644 
f 2748//2748 2751//2751 2639//2639 
f 2751//2751 2638//2638 2639//2639 
f 2636//2636 2644//2644 2639//2639 
f 2637//2637 2640//2640 2645//2645 
f 2645//2645 2752//2752 2749//2749 
f 2645//2645 2640//2640 2752//2752 
f 2640//2640 2641//2641 2752//2752 
f 2642//2642 2753//2753 2641//2641 
f 2641//2641 2753//2753 2752//2752 
f 2652//2652 2759//2759 2753//2753 
f 2652//2652 2753//2753 2643//2643 
f 2643//2643 2753//2753 2642//2642 
f 2643//2643 2647//2647 2652//2652 
f 2657//2657 2760//2760 2766//2766 
f 2657//2657 2653//2653 2648//2648 
f 2657//2657 2648//2648 2760//2760 
f 2760//2760 2648//2648 2761//2761 
f 2758//2758 2649//2649 2651//2651 
f 2758//2758 2761//2761 2649//2649 
f 2761//2761 2648//2648 2649//2649 
f 2646//2646 2651//2651 2649//2649 
f 2652//2652 2762//2762 2759//2759 
f 2647//2647 2762//2762 2652//2652 
f 2647//2647 2650//2650 2762//2762 
f 2650//2650 2763//2763 2762//2762 
f 2763//2763 2650//2650 2654//2654 
f 2767//2767 2763//2763 2654//2654 
f 2655//2655 2657//2657 2766//2766 
f 2655//2655 2766//2766 2658//2658 
f 2658//2658 2766//2766 2770//2770 
f 2653//2653 2657//2657 2655//2655 
f 2654//2654 2768//2768 2767//2767 
f 2656//2656 2768//2768 2654//2654 
f 2768//2768 2656//2656 2659//2659 
f 2771//2771 2768//2768 2659//2659 
f 2658//2658 2770//2770 2662//2662 
f 2770//2770 2774//2774 2662//2662 
f 2659//2659 2772//2772 2771//2771 
f 2660//2660 2772//2772 2659//2659 
f 2661//2661 2773//2773 2660//2660 
f 2660//2660 2773//2773 2772//2772 
f 2773//2773 2661//2661 2663//2663 
f 2775//2775 2773//2773 2663//2663 
f 2662//2662 2774//2774 2665//2665 
f 2774//2774 2777//2777 2665//2665 
f 2667//2667 2663//2663 2664//2664 
f 2667//2667 2778//2778 2663//2663 
f 2778//2778 2775//2775 2663//2663 
f 2664//2664 2666//2666 2667//2667 
f 2665//2665 2777//2777 2668//2668 
f 2777//2777 2780//2780 2668//2668 
f 2667//2667 2779//2779 2778//2778 
f 2779//2779 2667//2667 2666//2666 
f 2779//2779 2666//2666 2781//2781 
f 2781//2781 2666//2666 2669//2669 
f 2668//2668 2780//2780 2671//2671 
f 2780//2780 2784//2784 2671//2671 
f 2669//2669 2782//2782 2781//2781 
f 2670//2670 2782//2782 2669//2669 
f 2782//2782 2670//2670 2672//2672 
f 2785//2785 2782//2782 2672//2672 
f 2671//2671 2784//2784 2673//2673 
f 2784//2784 2787//2787 2673//2673 
f 2672//2672 2674//2674 2785//2785 
f 2785//2785 2674//2674 2788//2788 
f 2673//2673 2787//2787 2676//2676 
f 2787//2787 2790//2790 2676//2676 
f 2675//2675 2791//2791 2789//2789 
f 2677//2677 2791//2791 2675//2675 
f 2788//2788 2674//2674 2675//2675 
f 2789//2789 2788//2788 2675//2675 
f 2676//2676 2790//2790 2678//2678 
f 2790//2790 2793//2793 2678//2678 
f 2677//2677 2679//2679 2791//2791 
f 2791//2791 2679//2679 2794//2794 
f 2678//2678 2793//2793 2680//2680 
f 2793//2793 2795//2795 2680//2680 
f 2679//2679 2681//2681 2794//2794 
f 2794//2794 2681//2681 2796//2796 
f 2680//2680 2795//2795 2682//2682 
f 2795//2795 2797//2797 2682//2682 
f 2681//2681 2683//2683 2796//2796 
f 2796//2796 2683//2683 2798//2798 
f 2682//2682 2797//2797 2684//2684 
f 2797//2797 2799//2799 2684//2684 
f 2683//2683 2685//2685 2798//2798 
f 2798//2798 2685//2685 2800//2800 
f 2684//2684 2799//2799 2687//2687 
f 2799//2799 2802//2802 2687//2687 
f 2686//2686 2803//2803 2801//2801 
f 2688//2688 2803//2803 2686//2686 
f 2800//2800 2685//2685 2686//2686 
f 2801//2801 2800//2800 2686//2686 
f 2689//2689 2804//2804 2806//2806 
f 2690//2690 2689//2689 2806//2806 
f 2802//2802 2689//2689 2687//2687 
f 2804//2804 2689//2689 2802//2802 
f 2688//2688 2691//2691 2803//2803 
f 2803//2803 2691//2691 2807//2807 
f 2690//2690 2806//2806 2692//2692 
f 2806//2806 2808//2808 2692//2692 
f 2691//2691 2693//2693 2807//2807 
f 2807//2807 2693//2693 2809//2809 
f 2692//2692 2808//2808 2694//2694 
f 2808//2808 2811//2811 2694//2694 
f 2693//2693 2695//2695 2809//2809 
f 2809//2809 2695//2695 2812//2812 
f 2694//2694 2811//2811 2813//2813 
f 2696//2696 2694//2694 2813//2813 
f 2813//2813 2697//2697 2696//2696 
f 2814//2814 2697//2697 2813//2813 
f 2695//2695 2698//2698 2812//2812 
f 2812//2812 2698//2698 2815//2815 
f 2697//2697 2814//2814 2699//2699 
f 2814//2814 2817//2817 2699//2699 
f 2703//2703 2818//2818 2816//2816 
f 2703//2703 2816//2816 2815//2815 
f 2703//2703 2815//2815 2700//2700 
f 2700//2700 2815//2815 2698//2698 
f 2707//2707 2701//2701 2699//2699 
f 2707//2707 2699//2699 2820//2820 
f 2820//2820 2699//2699 2817//2817 
f 2701//2701 2707//2707 2704//2704 
f 2702//2702 2818//2818 2703//2703 
f 2702//2702 2705//2705 2818//2818 
f 2705//2705 2821//2821 2818//2818 
f 2700//2700 2702//2702 2703//2703 
f 2706//2706 2707//2707 2820//2820 
f 2706//2706 2820//2820 2708//2708 
f 2708//2708 2820//2820 2824//2824 
f 2704//2704 2707//2707 2706//2706 
f 2711//2711 2825//2825 2822//2822 
f 2711//2711 2822//2822 2821//2821 
f 2711//2711 2821//2821 2709//2709 
f 2709//2709 2821//2821 2705//2705 
f 2708//2708 2824//2824 2712//2712 
f 2824//2824 2827//2827 2712//2712 
f 2710//2710 2825//2825 2711//2711 
f 2710//2710 2713//2713 2825//2825 
f 2713//2713 2828//2828 2825//2825 
f 2709//2709 2710//2710 2711//2711 
f 2712//2712 2827//2827 2714//2714 
f 2827//2827 2829//2829 2714//2714 
f 2713//2713 2715//2715 2828//2828 
f 2828//2828 2715//2715 2830//2830 
f 2714//2714 2829//2829 2716//2716 
f 2829//2829 2833//2833 2716//2716 
f 2719//2719 2834//2834 2831//2831 
f 2719//2719 2831//2831 2830//2830 
f 2719//2719 2830//2830 2717//2717 
f 2717//2717 2830//2830 2715//2715 
f 2716//2716 2833//2833 2720//2720 
f 2833//2833 2835//2835 2720//2720 
f 2718//2718 2834//2834 2719//2719 
f 2718//2718 2721//2721 2834//2834 
f 2721//2721 2836//2836 2834//2834 
f 2717//2717 2718//2718 2719//2719 
f 2720//2720 2835//2835 2837//2837 
f 2722//2722 2720//2720 2837//2837 
f 2837//2837 2723//2723 2722//2722 
f 2841//2841 2723//2723 2837//2837 
f 2726//2726 2842//2842 2838//2838 
f 2726//2726 2838//2838 2836//2836 
f 2726//2726 2836//2836 2724//2724 
f 2724//2724 2836//2836 2721//2721 
f 2723//2723 2841//2841 2727//2727 
f 2841//2841 2843//2843 2727//2727 
f 2725//2725 2842//2842 2726//2726 
f 2725//2725 2728//2728 2842//2842 
f 2728//2728 2844//2844 2842//2842 
f 2724//2724 2725//2725 2726//2726 
f 2727//2727 2843//2843 2845//2845 
f 2729//2729 2727//2727 2845//2845 
f 2845//2845 2731//2731 2729//2729 
f 2849//2849 2731//2731 2845//2845 
f 2730//2730 2850//2850 2846//2846 
f 2732//2732 2850//2850 2730//2730 
f 2844//2844 2728//2728 2730//2730 
f 2846//2846 2844//2844 2730//2730 
f 2731//2731 2849//2849 2851//2851 
f 2733//2733 2731//2731 2851//2851 
f 2734//2734 2733//2733 2852//2852 
f 2733//2733 2851//2851 2852//2852 
f 2852//2852 2736//2736 2734//2734 
f 2857//2857 2736//2736 2852//2852 
f 2742//2742 2858//2858 2853//2853 
f 2742//2742 2735//2735 2737//2737 
f 2742//2742 2853//2853 2735//2735 
f 2853//2853 2854//2854 2735//2735 
f 2850//2850 2732//2732 2735//2735 
f 2854//2854 2850//2850 2735//2735 
f 2736//2736 2857//2857 2859//2859 
f 2738//2738 2736//2736 2859//2859 
f 2739//2739 2738//2738 2860//2860 
f 2738//2738 2859//2859 2860//2860 
f 2740//2740 2739//2739 2861//2861 
f 2739//2739 2860//2860 2861//2861 
f 2858//2858 2742//2742 2741//2741 
f 2858//2858 2741//2741 2861//2861 
f 2861//2861 2741//2741 2740//2740 
f 2737//2737 2741//2741 2742//2742 
f 2746//2746 2865//2865 2867//2867 
f 2746//2746 2747//2747 2866//2866 
f 2865//2865 2746//2746 2866//2866 
f 2866//2866 2747//2747 2868//2868 
f 2754//2754 2746//2746 2867//2867 
f 2875//2875 2754//2754 2867//2867 
f 2747//2747 2746//2746 2755//2755 
f 2755//2755 2746//2746 2754//2754 
f 2869//2869 2868//2868 2747//2747 
f 2869//2869 2747//2747 2756//2756 
f 2756//2756 2747//2747 2755//2755 
f 2756//2756 2757//2757 2870//2870 
f 2869//2869 2756//2756 2870//2870 
f 2757//2757 2748//2748 2743//2743 
f 2757//2757 2743//2743 2870//2870 
f 2870//2870 2743//2743 2871//2871 
f 2744//2744 2872//2872 2743//2743 
f 2743//2743 2872//2872 2871//2871 
f 2745//2745 2873//2873 2744//2744 
f 2744//2744 2873//2873 2872//2872 
f 2873//2873 2745//2745 2749//2749 
f 2876//2876 2873//2873 2749//2749 
f 2764//2764 2754//2754 2875//2875 
f 2879//2879 2764//2764 2875//2875 
f 2755//2755 2754//2754 2765//2765 
f 2765//2765 2754//2754 2764//2764 
f 2750//2750 2765//2765 2758//2758 
f 2750//2750 2756//2756 2765//2765 
f 2756//2756 2755//2755 2765//2765 
f 2751//2751 2756//2756 2750//2750 
f 2757//2757 2756//2756 2751//2751 
f 2748//2748 2757//2757 2751//2751 
f 2749//2749 2877//2877 2876//2876 
f 2752//2752 2877//2877 2749//2749 
f 2753//2753 2878//2878 2752//2752 
f 2752//2752 2878//2878 2877//2877 
f 2878//2878 2753//2753 2759//2759 
f 2880//2880 2878//2878 2759//2759 
f 2760//2760 2764//2764 2879//2879 
f 2760//2760 2879//2879 2766//2766 
f 2766//2766 2879//2879 2882//2882 
f 2761//2761 2764//2764 2760//2760 
f 2765//2765 2764//2764 2761//2761 
f 2758//2758 2765//2765 2761//2761 
f 2759//2759 2881//2881 2880//2880 
f 2762//2762 2881//2881 2759//2759 
f 2769//2769 2883//2883 2881//2881 
f 2769//2769 2881//2881 2763//2763 
f 2763//2763 2881//2881 2762//2762 
f 2763//2763 2767//2767 2769//2769 
f 2766//2766 2882//2882 2770//2770 
f 2882//2882 2886//2886 2770//2770 
f 2769//2769 2884//2884 2883//2883 
f 2767//2767 2884//2884 2769//2769 
f 2767//2767 2768//2768 2884//2884 
f 2768//2768 2885//2885 2884//2884 
f 2885//2885 2768//2768 2771//2771 
f 2887//2887 2885//2885 2771//2771 
f 2770//2770 2886//2886 2774//2774 
f 2886//2886 2889//2889 2774//2774 
f 2771//2771 2888//2888 2887//2887 
f 2772//2772 2888//2888 2771//2771 
f 2776//2776 2890//2890 2888//2888 
f 2776//2776 2888//2888 2773//2773 
f 2773//2773 2888//2888 2772//2772 
f 2773//2773 2775//2775 2776//2776 
f 2774//2774 2889//2889 2777//2777 
f 2889//2889 2892//2892 2777//2777 
f 2776//2776 2891//2891 2890//2890 
f 2891//2891 2776//2776 2775//2775 
f 2891//2891 2775//2775 2893//2893 
f 2893//2893 2775//2775 2778//2778 
f 2777//2777 2892//2892 2780//2780 
f 2892//2892 2894//2894 2780//2780 
f 2783//2783 2778//2778 2779//2779 
f 2783//2783 2895//2895 2778//2778 
f 2895//2895 2893//2893 2778//2778 
f 2779//2779 2781//2781 2783//2783 
f 2780//2780 2894//2894 2784//2784 
f 2894//2894 2897//2897 2784//2784 
f 2783//2783 2896//2896 2895//2895 
f 2786//2786 2898//2898 2896//2896 
f 2782//2782 2786//2786 2896//2896 
f 2782//2782 2896//2896 2783//2783 
f 2782//2782 2783//2783 2781//2781 
f 2782//2782 2785//2785 2786//2786 
f 2784//2784 2897//2897 2787//2787 
f 2897//2897 2900//2900 2787//2787 
f 2786//2786 2899//2899 2898//2898 
f 2899//2899 2786//2786 2785//2785 
f 2899//2899 2785//2785 2901//2901 
f 2901//2901 2785//2785 2788//2788 
f 2787//2787 2900//2900 2790//2790 
f 2900//2900 2902//2902 2790//2790 
f 2789//2789 2791//2791 2792//2792 
f 2789//2789 2792//2792 2903//2903 
f 2789//2789 2903//2903 2788//2788 
f 2788//2788 2903//2903 2901//2901 
f 2790//2790 2902//2902 2793//2793 
f 2902//2902 2905//2905 2793//2793 
f 2792//2792 2906//2906 2904//2904 
f 2792//2792 2791//2791 2906//2906 
f 2791//2791 2794//2794 2906//2906 
f 2903//2903 2792//2792 2904//2904 
f 2793//2793 2905//2905 2795//2795 
f 2905//2905 2908//2908 2795//2795 
f 2794//2794 2796//2796 2906//2906 
f 2906//2906 2796//2796 2909//2909 
f 2795//2795 2908//2908 2797//2797 
f 2908//2908 2911//2911 2797//2797 
f 2796//2796 2798//2798 2909//2909 
f 2909//2909 2798//2798 2912//2912 
f 2797//2797 2911//2911 2799//2799 
f 2911//2911 2914//2914 2799//2799 
f 2798//2798 2800//2800 2912//2912 
f 2912//2912 2800//2800 2915//2915 
f 2799//2799 2914//2914 2802//2802 
f 2914//2914 2917//2917 2802//2802 
f 2801//2801 2803//2803 2805//2805 
f 2801//2801 2805//2805 2918//2918 
f 2801//2801 2918//2918 2800//2800 
f 2800//2800 2918//2918 2915//2915 
f 2804//2804 2919//2919 2922//2922 
f 2806//2806 2804//2804 2922//2922 
f 2917//2917 2804//2804 2802//2802 
f 2919//2919 2804//2804 2917//2917 
f 2805//2805 2923//2923 2920//2920 
f 2805//2805 2803//2803 2923//2923 
f 2803//2803 2807//2807 2923//2923 
f 2918//2918 2805//2805 2920//2920 
f 2806//2806 2922//2922 2808//2808 
f 2922//2922 2926//2926 2808//2808 
f 2924//2924 2809//2809 2810//2810 
f 2924//2924 2923//2923 2809//2809 
f 2923//2923 2807//2807 2809//2809 
f 2924//2924 2810//2810 2927//2927 
f 2808//2808 2926//2926 2811//2811 
f 2926//2926 2929//2929 2811//2811 
f 2810//2810 2930//2930 2928//2928 
f 2810//2810 2809//2809 2930//2930 
f 2809//2809 2812//2812 2930//2930 
f 2927//2927 2810//2810 2928//2928 
f 2811//2811 2929//2929 2931//2931 
f 2813//2813 2811//2811 2931//2931 
f 2931//2931 2814//2814 2813//2813 
f 2932//2932 2814//2814 2931//2931 
f 2812//2812 2815//2815 2930//2930 
f 2930//2930 2815//2815 2933//2933 
f 2814//2814 2932//2932 2817//2817 
f 2932//2932 2934//2934 2817//2817 
f 2816//2816 2818//2818 2819//2819 
f 2816//2816 2819//2819 2935//2935 
f 2816//2816 2935//2935 2815//2815 
f 2815//2815 2935//2935 2933//2933 
f 2936//2936 2823//2823 2820//2820 
f 2936//2936 2820//2820 2934//2934 
f 2934//2934 2820//2820 2817//2817 
f 2936//2936 2939//2939 2823//2823 
f 2819//2819 2940//2940 2937//2937 
f 2819//2819 2818//2818 2940//2940 
f 2818//2818 2821//2821 2940//2940 
f 2935//2935 2819//2819 2937//2937 
f 2823//2823 2941//2941 2943//2943 
f 2823//2823 2943//2943 2820//2820 
f 2820//2820 2943//2943 2824//2824 
f 2939//2939 2941//2941 2823//2823 
f 2822//2822 2825//2825 2826//2826 
f 2822//2822 2826//2826 2944//2944 
f 2822//2822 2944//2944 2821//2821 
f 2821//2821 2944//2944 2940//2940 
f 2824//2824 2943//2943 2827//2827 
f 2943//2943 2947//2947 2827//2827 
f 2826//2826 2948//2948 2945//2945 
f 2826//2826 2825//2825 2948//2948 
f 2825//2825 2828//2828 2948//2948 
f 2944//2944 2826//2826 2945//2945 
f 2827//2827 2947//2947 2829//2829 
f 2947//2947 2952//2952 2829//2829 
f 2832//2832 2953//2953 2949//2949 
f 2832//2832 2949//2949 2948//2948 
f 2832//2832 2948//2948 2830//2830 
f 2830//2830 2948//2948 2828//2828 
f 2829//2829 2952//2952 2833//2833 
f 2952//2952 2956//2956 2833//2833 
f 2831//2831 2953//2953 2832//2832 
f 2831//2831 2834//2834 2953//2953 
f 2834//2834 2957//2957 2953//2953 
f 2830//2830 2831//2831 2832//2832 
f 2958//2958 2839//2839 2835//2835 
f 2958//2958 2835//2835 2956//2956 
f 2956//2956 2835//2835 2833//2833 
f 2958//2958 2961//2961 2839//2839 
f 2840//2840 2962//2962 2959//2959 
f 2840//2840 2959//2959 2957//2957 
f 2840//2840 2957//2957 2836//2836 
f 2836//2836 2957//2957 2834//2834 
f 2835//2835 2839//2839 2837//2837 
f 2839//2839 2841//2841 2837//2837 
f 2839//2839 2961//2961 2841//2841 
f 2961//2961 2963//2963 2841//2841 
f 2838//2838 2962//2962 2840//2840 
f 2838//2838 2842//2842 2962//2962 
f 2842//2842 2964//2964 2962//2962 
f 2836//2836 2838//2838 2840//2840 
f 2965//2965 2847//2847 2843//2843 
f 2965//2965 2843//2843 2963//2963 
f 2963//2963 2843//2843 2841//2841 
f 2965//2965 2969//2969 2847//2847 
f 2848//2848 2970//2970 2966//2966 
f 2848//2848 2966//2966 2964//2964 
f 2848//2848 2964//2964 2844//2844 
f 2844//2844 2964//2964 2842//2842 
f 2843//2843 2847//2847 2845//2845 
f 2849//2849 2971//2971 2855//2855 
f 2845//2845 2971//2971 2849//2849 
f 2845//2845 2969//2969 2971//2971 
f 2845//2845 2847//2847 2969//2969 
f 2971//2971 2973//2973 2855//2855 
f 2856//2856 2974//2974 2972//2972 
f 2970//2970 2856//2856 2972//2972 
f 2848//2848 2856//2856 2970//2970 
f 2848//2848 2850//2850 2856//2856 
f 2848//2848 2846//2846 2850//2850 
f 2844//2844 2846//2846 2848//2848 
f 2849//2849 2855//2855 2851//2851 
f 2855//2855 2973//2973 2975//2975 
f 2855//2855 2975//2975 2851//2851 
f 2851//2851 2975//2975 2852//2852 
f 2857//2857 2976//2976 2862//2862 
f 2857//2857 2852//2852 2976//2976 
f 2852//2852 2975//2975 2976//2976 
f 2862//2862 2977//2977 2863//2863 
f 2976//2976 2977//2977 2862//2862 
f 2863//2863 2978//2978 2864//2864 
f 2977//2977 2978//2978 2863//2863 
f 2864//2864 2853//2853 2858//2858 
f 2864//2864 2978//2978 2853//2853 
f 2978//2978 2979//2979 2853//2853 
f 2974//2974 2856//2856 2854//2854 
f 2974//2974 2854//2854 2979//2979 
f 2979//2979 2854//2854 2853//2853 
f 2850//2850 2854//2854 2856//2856 
f 2857//2857 2862//2862 2859//2859 
f 2860//2860 2859//2859 2862//2862 
f 2863//2863 2860//2860 2862//2862 
f 2861//2861 2860//2860 2863//2863 
f 2864//2864 2861//2861 2863//2863 
f 2858//2858 2861//2861 2864//2864 
f 2865//2865 2982//2982 2985//2985 
f 2867//2867 2865//2865 2985//2985 
f 2866//2866 2983//2983 2865//2865 
f 2865//2865 2983//2983 2982//2982 
f 2868//2868 2874//2874 2984//2984 
f 2868//2868 2984//2984 2866//2866 
f 2866//2866 2984//2984 2983//2983 
f 2984//2984 2874//2874 2986//2986 
f 2867//2867 2985//2985 2875//2875 
f 2985//2985 2993//2993 2875//2875 
f 2868//2868 2869//2869 2874//2874 
f 2874//2874 2987//2987 2986//2986 
f 2874//2874 2869//2869 2987//2987 
f 2869//2869 2870//2870 2987//2987 
f 2871//2871 2988//2988 2870//2870 
f 2870//2870 2988//2988 2987//2987 
f 2872//2872 2989//2989 2871//2871 
f 2871//2871 2989//2989 2988//2988 
f 2873//2873 2990//2990 2872//2872 
f 2872//2872 2990//2990 2989//2989 
f 2990//2990 2873//2873 2876//2876 
f 2994//2994 2990//2990 2876//2876 
f 2875//2875 2993//2993 2879//2879 
f 2993//2993 2998//2998 2879//2879 
f 2876//2876 2995//2995 2994//2994 
f 2877//2877 2995//2995 2876//2876 
f 2878//2878 2996//2996 2877//2877 
f 2877//2877 2996//2996 2995//2995 
f 2996//2996 2878//2878 2880//2880 
f 2999//2999 2996//2996 2880//2880 
f 2879//2879 2998//2998 2882//2882 
f 2998//2998 3001//3001 2882//2882 
f 2880//2880 3000//3000 2999//2999 
f 2881//2881 3000//3000 2880//2880 
f 3000//3000 2881//2881 2883//2883 
f 3002//3002 3000//3000 2883//2883 
f 2882//2882 3001//3001 2886//2886 
f 3001//3001 3006//3006 2886//2886 
f 2883//2883 3003//3003 3002//3002 
f 2884//2884 3003//3003 2883//2883 
f 2885//2885 3004//3004 2884//2884 
f 2884//2884 3004//3004 3003//3003 
f 3004//3004 2885//2885 2887//2887 
f 3007//3007 3004//3004 2887//2887 
f 2886//2886 3006//3006 2889//2889 
f 3006//3006 3010//3010 2889//2889 
f 2887//2887 3008//3008 3007//3007 
f 2888//2888 3008//3008 2887//2887 
f 3008//3008 2888//2888 2890//2890 
f 3011//3011 3008//3008 2890//2890 
f 2889//2889 3010//3010 2892//2892 
f 3010//3010 3014//3014 2892//2892 
f 2890//2890 3012//3012 3011//3011 
f 2891//2891 3012//3012 2890//2890 
f 3012//3012 2891//2891 2893//2893 
f 3015//3015 3012//3012 2893//2893 
f 2892//2892 3014//3014 2894//2894 
f 3014//3014 3017//3017 2894//2894 
f 2893//2893 2895//2895 3015//3015 
f 3015//3015 2895//2895 3018//3018 
f 2894//2894 3017//3017 2897//2897 
f 3017//3017 3021//3021 2897//2897 
f 2895//2895 3019//3019 3018//3018 
f 2896//2896 3019//3019 2895//2895 
f 3019//3019 2896//2896 2898//2898 
f 3022//3022 3019//3019 2898//2898 
f 2897//2897 3021//3021 2900//2900 
f 3021//3021 3024//3024 2900//2900 
f 2898//2898 3023//3023 3022//3022 
f 2899//2899 3023//3023 2898//2898 
f 3023//3023 2899//2899 2901//2901 
f 3025//3025 3023//3023 2901//2901 
f 2900//2900 3024//3024 2902//2902 
f 3024//3024 3027//3027 2902//2902 
f 2901//2901 2903//2903 3025//3025 
f 3025//3025 2903//2903 3028//3028 
f 2902//2902 3027//3027 2905//2905 
f 3027//3027 3030//3030 2905//2905 
f 2904//2904 2906//2906 2907//2907 
f 2904//2904 2907//2907 3031//3031 
f 2904//2904 3031//3031 2903//2903 
f 2903//2903 3031//3031 3028//3028 
f 2905//2905 3030//3030 2908//2908 
f 3030//3030 3033//3033 2908//2908 
f 2907//2907 2909//2909 2910//2910 
f 2906//2906 2909//2909 2907//2907 
f 3034//3034 3031//3031 2907//2907 
f 2910//2910 3034//3034 2907//2907 
f 2908//2908 3033//3033 2911//2911 
f 3033//3033 3035//3035 2911//2911 
f 2910//2910 2912//2912 2913//2913 
f 2909//2909 2912//2912 2910//2910 
f 3036//3036 3034//3034 2910//2910 
f 2913//2913 3036//3036 2910//2910 
f 2911//2911 3035//3035 2914//2914 
f 3035//3035 3037//3037 2914//2914 
f 2913//2913 2915//2915 2916//2916 
f 2912//2912 2915//2915 2913//2913 
f 3038//3038 3036//3036 2913//2913 
f 2916//2916 3038//3038 2913//2913 
f 2914//2914 3037//3037 2917//2917 
f 3037//3037 3039//3039 2917//2917 
f 2916//2916 2918//2918 2921//2921 
f 2915//2915 2918//2918 2916//2916 
f 3040//3040 3038//3038 2916//2916 
f 2921//2921 3040//3040 2916//2916 
f 2919//2919 3041//3041 3043//3043 
f 2922//2922 2919//2919 3043//3043 
f 3039//3039 2919//2919 2917//2917 
f 3041//3041 2919//2919 3039//3039 
f 2920//2920 2923//2923 2925//2925 
f 2920//2920 2925//2925 3044//3044 
f 2918//2918 2920//2920 3044//3044 
f 2918//2918 3044//3044 3042//3042 
f 2918//2918 3042//3042 2921//2921 
f 3040//3040 2921//2921 3042//3042 
f 2922//2922 3043//3043 2926//2926 
f 3043//3043 3046//3046 2926//2926 
f 2923//2923 2924//2924 2925//2925 
f 2925//2925 2924//2924 2927//2927 
f 2925//2925 2927//2927 3044//3044 
f 3044//3044 2927//2927 3047//3047 
f 2926//2926 3046//3046 2929//2929 
f 3046//3046 3049//3049 2929//2929 
f 2928//2928 3050//3050 3048//3048 
f 2930//2930 3050//3050 2928//2928 
f 3047//3047 2927//2927 2928//2928 
f 3048//3048 3047//3047 2928//2928 
f 2929//2929 3049//3049 3051//3051 
f 2931//2931 2929//2929 3051//3051 
f 3051//3051 2932//2932 2931//2931 
f 3053//3053 2932//2932 3051//3051 
f 2930//2930 2933//2933 3050//3050 
f 3050//3050 2933//2933 3054//3054 
f 3055//3055 2938//2938 2934//2934 
f 3055//3055 2934//2934 3053//3053 
f 3053//3053 2934//2934 2932//2932 
f 3055//3055 3056//3056 2938//2938 
f 2933//2933 2935//2935 3054//3054 
f 3054//3054 2935//2935 3057//3057 
f 2934//2934 2938//2938 2936//2936 
f 2938//2938 2939//2939 2936//2936 
f 2938//2938 3056//3056 2939//2939 
f 3056//3056 3058//3058 2939//2939 
f 2937//2937 2940//2940 2942//2942 
f 2937//2937 2942//2942 3059//3059 
f 2937//2937 3059//3059 2935//2935 
f 2935//2935 3059//3059 3057//3057 
f 2941//2941 2946//2946 2943//2943 
f 2941//2941 3061//3061 2946//2946 
f 2941//2941 2939//2939 3061//3061 
f 2939//2939 3058//3058 3061//3061 
f 2942//2942 3062//3062 3060//3060 
f 2942//2942 2940//2940 3062//3062 
f 2940//2940 2944//2944 3062//3062 
f 3059//3059 2942//2942 3060//3060 
f 2946//2946 2950//2950 2947//2947 
f 2943//2943 2946//2946 2947//2947 
f 3063//3063 2946//2946 3061//3061 
f 2950//2950 2946//2946 3063//3063 
f 2945//2945 2948//2948 2951//2951 
f 2945//2945 2951//2951 3064//3064 
f 2945//2945 3064//3064 2944//2944 
f 2944//2944 3064//3064 3062//3062 
f 2950//2950 2954//2954 2952//2952 
f 2947//2947 2950//2950 2952//2952 
f 3066//3066 2950//2950 3063//3063 
f 2954//2954 2950//2950 3066//3066 
f 2949//2949 2953//2953 2955//2955 
f 2949//2949 2955//2955 3067//3067 
f 2948//2948 2949//2949 3067//3067 
f 2948//2948 3067//3067 3065//3065 
f 2948//2948 3065//3065 2951//2951 
f 3064//3064 2951//2951 3065//3065 
f 2954//2954 2960//2960 2956//2956 
f 2952//2952 2954//2954 2956//2956 
f 3069//3069 2954//2954 3066//3066 
f 2960//2960 2954//2954 3069//3069 
f 2955//2955 3070//3070 3068//3068 
f 2955//2955 2953//2953 3070//3070 
f 2953//2953 2957//2957 3070//3070 
f 3067//3067 2955//2955 3068//3068 
f 2956//2956 2960//2960 2958//2958 
f 2960//2960 2961//2961 2958//2958 
f 2960//2960 3069//3069 2961//2961 
f 3069//3069 3072//3072 2961//2961 
f 2959//2959 3073//3073 3071//3071 
f 2962//2962 3073//3073 2959//2959 
f 3070//3070 2957//2957 2959//2959 
f 3071//3071 3070//3070 2959//2959 
f 3074//3074 2967//2967 2963//2963 
f 3074//3074 2963//2963 3072//3072 
f 3072//3072 2963//2963 2961//2961 
f 3074//3074 3077//3077 2967//2967 
f 2968//2968 3078//3078 3075//3075 
f 2968//2968 3075//3075 3073//3073 
f 2968//2968 3073//3073 2964//2964 
f 2964//2964 3073//3073 2962//2962 
f 2963//2963 2967//2967 2965//2965 
f 2967//2967 2969//2969 2965//2965 
f 2967//2967 3077//3077 2969//2969 
f 3077//3077 3079//3079 2969//2969 
f 2966//2966 3078//3078 2968//2968 
f 2966//2966 2970//2970 3078//3078 
f 2970//2970 3080//3080 3078//3078 
f 2964//2964 2966//2966 2968//2968 
f 2969//2969 3079//3079 3081//3081 
f 2971//2971 2969//2969 3081//3081 
f 2973//2973 3082//3082 2980//2980 
f 2973//2973 2971//2971 3082//3082 
f 2971//2971 3081//3081 3082//3082 
f 3082//3082 3087//3087 2980//2980 
f 2981//2981 3088//3088 3083//3083 
f 2981//2981 2972//2972 2974//2974 
f 2981//2981 3083//3083 2972//2972 
f 3083//3083 3084//3084 2972//2972 
f 3080//3080 2970//2970 2972//2972 
f 3084//3084 3080//3080 2972//2972 
f 2973//2973 2980//2980 2975//2975 
f 2980//2980 3087//3087 3089//3089 
f 2980//2980 3089//3089 2975//2975 
f 2975//2975 3089//3089 2976//2976 
f 2977//2977 2976//2976 3090//3090 
f 2976//2976 3089//3089 3090//3090 
f 2978//2978 2977//2977 3091//3091 
f 2977//2977 3090//3090 3091//3091 
f 3088//3088 2981//2981 2979//2979 
f 3088//3088 2979//2979 3091//3091 
f 3091//3091 2979//2979 2978//2978 
f 2974//2974 2979//2979 2981//2981 
f 2982//2982 3092//3092 3097//3097 
f 2985//2985 2982//2982 3097//3097 
f 2983//2983 3093//3093 2982//2982 
f 2982//2982 3093//3093 3092//3092 
f 2984//2984 3094//3094 2983//2983 
f 2983//2983 3094//3094 3093//3093 
f 2986//2986 2991//2991 3095//3095 
f 2986//2986 3095//3095 2984//2984 
f 2984//2984 3095//3095 3094//3094 
f 2991//2991 2992//2992 3096//3096 
f 3095//3095 2991//2991 3096//3096 
f 3096//3096 2992//2992 3098//3098 
f 2985//2985 3097//3097 2993//2993 
f 3097//3097 3100//3100 2993//2993 
f 2986//2986 2987//2987 2991//2991 
f 2988//2988 2991//2991 2987//2987 
f 2992//2992 2991//2991 2988//2988 
f 2992//2992 3099//3099 3098//3098 
f 2992//2992 2988//2988 3099//3099 
f 2988//2988 2989//2989 3099//3099 
f 2997//2997 3101//3101 3099//3099 
f 2997//2997 3099//3099 2990//2990 
f 2990//2990 3099//3099 2989//2989 
f 2990//2990 2994//2994 2997//2997 
f 2993//2993 3100//3100 2998//2998 
f 3100//3100 3105//3105 2998//2998 
f 2997//2997 3102//3102 3101//3101 
f 2994//2994 3102//3102 2997//2997 
f 2994//2994 2995//2995 3102//3102 
f 2995//2995 3103//3103 3102//3102 
f 2996//2996 3104//3104 2995//2995 
f 2995//2995 3104//3104 3103//3103 
f 3104//3104 2996//2996 2999//2999 
f 3106//3106 3104//3104 2999//2999 
f 2998//2998 3105//3105 3001//3001 
f 3105//3105 3109//3109 3001//3001 
f 2999//2999 3107//3107 3106//3106 
f 3000//3000 3107//3107 2999//2999 
f 3002//3002 3005//3005 3108//3108 
f 3002//3002 3108//3108 3000//3000 
f 3000//3000 3108//3108 3107//3107 
f 3108//3108 3005//3005 3110//3110 
f 3001//3001 3109//3109 3006//3006 
f 3109//3109 3113//3113 3006//3006 
f 3002//3002 3003//3003 3005//3005 
f 3005//3005 3111//3111 3110//3110 
f 3005//3005 3003//3003 3111//3111 
f 3003//3003 3004//3004 3111//3111 
f 3007//3007 3009//3009 3112//3112 
f 3007//3007 3112//3112 3004//3004 
f 3004//3004 3112//3112 3111//3111 
f 3112//3112 3009//3009 3114//3114 
f 3006//3006 3113//3113 3010//3010 
f 3113//3113 3116//3116 3010//3010 
f 3007//3007 3008//3008 3009//3009 
f 3011//3011 3013//3013 3115//3115 
f 3008//3008 3011//3011 3115//3115 
f 3008//3008 3115//3115 3114//3114 
f 3008//3008 3114//3114 3009//3009 
f 3115//3115 3013//3013 3117//3117 
f 3118//3118 3016//3016 3014//3014 
f 3118//3118 3014//3014 3116//3116 
f 3116//3116 3014//3014 3010//3010 
f 3118//3118 3120//3120 3016//3016 
f 3011//3011 3012//3012 3013//3013 
f 3013//3013 3012//3012 3015//3015 
f 3013//3013 3015//3015 3117//3117 
f 3117//3117 3015//3015 3121//3121 
f 3016//3016 3122//3122 3125//3125 
f 3016//3016 3125//3125 3014//3014 
f 3014//3014 3125//3125 3017//3017 
f 3120//3120 3122//3122 3016//3016 
f 3123//3123 3018//3018 3020//3020 
f 3123//3123 3121//3121 3018//3018 
f 3121//3121 3015//3015 3018//3018 
f 3123//3123 3020//3020 3126//3126 
f 3017//3017 3125//3125 3021//3021 
f 3125//3125 3128//3128 3021//3021 
f 3018//3018 3019//3019 3020//3020 
f 3020//3020 3019//3019 3022//3022 
f 3020//3020 3022//3022 3126//3126 
f 3126//3126 3022//3022 3129//3129 
f 3021//3021 3128//3128 3024//3024 
f 3128//3128 3131//3131 3024//3024 
f 3026//3026 3022//3022 3023//3023 
f 3026//3026 3132//3132 3022//3022 
f 3132//3132 3129//3129 3022//3022 
f 3023//3023 3025//3025 3026//3026 
f 3133//3133 3029//3029 3027//3027 
f 3133//3133 3027//3027 3131//3131 
f 3131//3131 3027//3027 3024//3024 
f 3133//3133 3136//3136 3029//3029 
f 3026//3026 3134//3134 3132//3132 
f 3134//3134 3026//3026 3025//3025 
f 3134//3134 3025//3025 3137//3137 
f 3137//3137 3025//3025 3028//3028 
f 3029//3029 3032//3032 3030//3030 
f 3027//3027 3029//3029 3030//3030 
f 3139//3139 3029//3029 3136//3136 
f 3032//3032 3029//3029 3139//3139 
f 3028//3028 3031//3031 3137//3137 
f 3137//3137 3031//3031 3140//3140 
f 3032//3032 3141//3141 3142//3142 
f 3032//3032 3142//3142 3030//3030 
f 3030//3030 3142//3142 3033//3033 
f 3139//3139 3141//3141 3032//3032 
f 3031//3031 3034//3034 3140//3140 
f 3140//3140 3034//3034 3143//3143 
f 3033//3033 3142//3142 3035//3035 
f 3142//3142 3145//3145 3035//3035 
f 3034//3034 3036//3036 3143//3143 
f 3143//3143 3036//3036 3146//3146 
f 3035//3035 3145//3145 3037//3037 
f 3145//3145 3147//3147 3037//3037 
f 3036//3036 3038//3038 3146//3146 
f 3146//3146 3038//3038 3148//3148 
f 3037//3037 3147//3147 3039//3039 
f 3147//3147 3149//3149 3039//3039 
f 3038//3038 3040//3040 3148//3148 
f 3148//3148 3040//3040 3150//3150 
f 3041//3041 3045//3045 3043//3043 
f 3041//3041 3152//3152 3045//3045 
f 3041//3041 3039//3039 3152//3152 
f 3039//3039 3149//3149 3152//3152 
f 3042//3042 3153//3153 3151//3151 
f 3044//3044 3153//3153 3042//3042 
f 3150//3150 3040//3040 3042//3042 
f 3151//3151 3150//3150 3042//3042 
f 3045//3045 3154//3154 3155//3155 
f 3045//3045 3155//3155 3043//3043 
f 3043//3043 3155//3155 3046//3046 
f 3152//3152 3154//3154 3045//3045 
f 3044//3044 3047//3047 3153//3153 
f 3153//3153 3047//3047 3156//3156 
f 3157//3157 3052//3052 3049//3049 
f 3157//3157 3049//3049 3155//3155 
f 3155//3155 3049//3049 3046//3046 
f 3157//3157 3160//3160 3052//3052 
f 3048//3048 3161//3161 3158//3158 
f 3050//3050 3161//3161 3048//3048 
f 3156//3156 3047//3047 3048//3048 
f 3158//3158 3156//3156 3048//3048 
f 3049//3049 3052//3052 3051//3051 
f 3052//3052 3053//3053 3051//3051 
f 3052//3052 3160//3160 3053//3053 
f 3160//3160 3162//3162 3053//3053 
f 3050//3050 3054//3054 3161//3161 
f 3161//3161 3054//3054 3163//3163 
f 3053//3053 3162//3162 3164//3164 
f 3055//3055 3053//3053 3164//3164 
f 3164//3164 3056//3056 3055//3055 
f 3166//3166 3056//3056 3164//3164 
f 3054//3054 3057//3057 3163//3163 
f 3163//3163 3057//3057 3167//3167 
f 3056//3056 3166//3166 3058//3058 
f 3166//3166 3168//3168 3058//3058 
f 3057//3057 3059//3059 3167//3167 
f 3167//3167 3059//3059 3169//3169 
f 3058//3058 3168//3168 3061//3061 
f 3168//3168 3172//3172 3061//3061 
f 3060//3060 3173//3173 3170//3170 
f 3062//3062 3173//3173 3060//3060 
f 3169//3169 3059//3059 3060//3060 
f 3170//3170 3169//3169 3060//3060 
f 3061//3061 3172//3172 3063//3063 
f 3172//3172 3175//3175 3063//3063 
f 3062//3062 3064//3064 3173//3173 
f 3173//3173 3064//3064 3176//3176 
f 3063//3063 3175//3175 3066//3066 
f 3175//3175 3179//3179 3066//3066 
f 3065//3065 3180//3180 3177//3177 
f 3067//3067 3180//3180 3065//3065 
f 3176//3176 3064//3064 3065//3065 
f 3177//3177 3176//3176 3065//3065 
f 3066//3066 3179//3179 3069//3069 
f 3179//3179 3183//3183 3069//3069 
f 3068//3068 3184//3184 3181//3181 
f 3070//3070 3184//3184 3068//3068 
f 3180//3180 3067//3067 3068//3068 
f 3181//3181 3180//3180 3068//3068 
f 3185//3185 3076//3076 3072//3072 
f 3185//3185 3072//3072 3183//3183 
f 3183//3183 3072//3072 3069//3069 
f 3185//3185 3188//3188 3076//3076 
f 3071//3071 3189//3189 3186//3186 
f 3073//3073 3189//3189 3071//3071 
f 3184//3184 3070//3070 3071//3071 
f 3186//3186 3184//3184 3071//3071 
f 3072//3072 3076//3076 3074//3074 
f 3076//3076 3077//3077 3074//3074 
f 3076//3076 3188//3188 3077//3077 
f 3188//3188 3192//3192 3077//3077 
f 3075//3075 3193//3193 3190//3190 
f 3078//3078 3193//3193 3075//3075 
f 3189//3189 3073//3073 3075//3075 
f 3190//3190 3189//3189 3075//3075 
f 3194//3194 3085//3085 3079//3079 
f 3194//3194 3079//3079 3192//3192 
f 3192//3192 3079//3079 3077//3077 
f 3194//3194 3198//3198 3085//3085 
f 3086//3086 3199//3199 3195//3195 
f 3086//3086 3195//3195 3193//3193 
f 3086//3086 3193//3193 3080//3080 
f 3080//3080 3193//3193 3078//3078 
f 3079//3079 3085//3085 3081//3081 
f 3085//3085 3198//3198 3200//3200 
f 3085//3085 3200//3200 3081//3081 
f 3081//3081 3200//3200 3082//3082 
f 3200//3200 3087//3087 3082//3082 
f 3204//3204 3087//3087 3200//3200 
f 3083//3083 3205//3205 3201//3201 
f 3088//3088 3205//3205 3083//3083 
f 3199//3199 3086//3086 3084//3084 
f 3199//3199 3084//3084 3201//3201 
f 3201//3201 3084//3084 3083//3083 
f 3080//3080 3084//3084 3086//3086 
f 3087//3087 3204//3204 3206//3206 
f 3089//3089 3087//3087 3206//3206 
f 3090//3090 3089//3089 3207//3207 
f 3089//3089 3206//3206 3207//3207 
f 3091//3091 3090//3090 3208//3208 
f 3090//3090 3207//3207 3208//3208 
f 3205//3205 3088//3088 3091//3091 
f 3208//3208 3205//3205 3091//3091 
f 3092//3092 3212//3212 3217//3217 
f 3097//3097 3092//3092 3217//3217 
f 3093//3093 3213//3213 3092//3092 
f 3092//3092 3213//3213 3212//3212 
f 3094//3094 3214//3214 3093//3093 
f 3093//3093 3214//3214 3213//3213 
f 3095//3095 3215//3215 3094//3094 
f 3094//3094 3215//3215 3214//3214 
f 3096//3096 3216//3216 3095//3095 
f 3095//3095 3216//3216 3215//3215 
f 3216//3216 3096//3096 3098//3098 
f 3218//3218 3216//3216 3098//3098 
f 3097//3097 3217//3217 3100//3100 
f 3217//3217 3220//3220 3100//3100 
f 3098//3098 3219//3219 3218//3218 
f 3099//3099 3219//3219 3098//3098 
f 3219//3219 3099//3099 3101//3101 
f 3221//3221 3219//3219 3101//3101 
f 3100//3100 3220//3220 3105//3105 
f 3220//3220 3225//3225 3105//3105 
f 3101//3101 3222//3222 3221//3221 
f 3102//3102 3222//3222 3101//3101 
f 3103//3103 3223//3223 3102//3102 
f 3102//3102 3223//3223 3222//3222 
f 3104//3104 3224//3224 3103//3103 
f 3103//3103 3224//3224 3223//3223 
f 3224//3224 3104//3104 3106//3106 
f 3226//3226 3224//3224 3106//3106 
f 3105//3105 3225//3225 3109//3109 
f 3225//3225 3229//3229 3109//3109 
f 3106//3106 3227//3227 3226//3226 
f 3107//3107 3227//3227 3106//3106 
f 3108//3108 3228//3228 3107//3107 
f 3107//3107 3228//3228 3227//3227 
f 3228//3228 3108//3108 3110//3110 
f 3230//3230 3228//3228 3110//3110 
f 3109//3109 3229//3229 3113//3113 
f 3229//3229 3233//3233 3113//3113 
f 3110//3110 3231//3231 3230//3230 
f 3111//3111 3231//3231 3110//3110 
f 3112//3112 3232//3232 3111//3111 
f 3111//3111 3232//3232 3231//3231 
f 3232//3232 3112//3112 3114//3114 
f 3234//3234 3232//3232 3114//3114 
f 3235//3235 3119//3119 3116//3116 
f 3235//3235 3116//3116 3233//3233 
f 3233//3233 3116//3116 3113//3113 
f 3235//3235 3237//3237 3119//3119 
f 3114//3114 3236//3236 3234//3234 
f 3115//3115 3236//3236 3114//3114 
f 3236//3236 3115//3115 3117//3117 
f 3238//3238 3236//3236 3117//3117 
f 3116//3116 3119//3119 3118//3118 
f 3119//3119 3120//3120 3118//3118 
f 3119//3119 3237//3237 3120//3120 
f 3237//3237 3241//3241 3120//3120 
f 3239//3239 3121//3121 3124//3124 
f 3239//3239 3238//3238 3121//3121 
f 3238//3238 3117//3117 3121//3121 
f 3239//3239 3124//3124 3242//3242 
f 3122//3122 3127//3127 3125//3125 
f 3122//3122 3244//3244 3127//3127 
f 3122//3122 3120//3120 3244//3244 
f 3120//3120 3241//3241 3244//3244 
f 3121//3121 3123//3123 3124//3124 
f 3124//3124 3123//3123 3126//3126 
f 3124//3124 3126//3126 3242//3242 
f 3242//3242 3126//3126 3245//3245 
f 3127//3127 3130//3130 3128//3128 
f 3125//3125 3127//3127 3128//3128 
f 3247//3247 3127//3127 3244//3244 
f 3130//3130 3127//3127 3247//3247 
f 3126//3126 3129//3129 3245//3245 
f 3245//3245 3129//3129 3248//3248 
f 3130//3130 3135//3135 3131//3131 
f 3128//3128 3130//3130 3131//3131 
f 3250//3250 3130//3130 3247//3247 
f 3135//3135 3130//3130 3250//3250 
f 3129//3129 3132//3132 3248//3248 
f 3248//3248 3132//3132 3251//3251 
f 3131//3131 3135//3135 3133//3133 
f 3135//3135 3136//3136 3133//3133 
f 3135//3135 3250//3250 3136//3136 
f 3250//3250 3253//3253 3136//3136 
f 3138//3138 3132//3132 3134//3134 
f 3138//3138 3254//3254 3132//3132 
f 3254//3254 3251//3251 3132//3132 
f 3134//3134 3137//3137 3138//3138 
f 3136//3136 3253//3253 3139//3139 
f 3253//3253 3257//3257 3139//3139 
f 3138//3138 3255//3255 3254//3254 
f 3255//3255 3138//3138 3137//3137 
f 3255//3255 3137//3137 3258//3258 
f 3258//3258 3137//3137 3140//3140 
f 3141//3141 3144//3144 3142//3142 
f 3141//3141 3260//3260 3144//3144 
f 3141//3141 3139//3139 3260//3260 
f 3139//3139 3257//3257 3260//3260 
f 3140//3140 3143//3143 3258//3258 
f 3258//3258 3143//3143 3261//3261 
f 3144//3144 3262//3262 3264//3264 
f 3144//3144 3264//3264 3142//3142 
f 3142//3142 3264//3264 3145//3145 
f 3260//3260 3262//3262 3144//3144 
f 3143//3143 3146//3146 3261//3261 
f 3261//3261 3146//3146 3265//3265 
f 3145//3145 3264//3264 3147//3147 
f 3264//3264 3268//3268 3147//3147 
f 3146//3146 3148//3148 3265//3265 
f 3265//3265 3148//3148 3269//3269 
f 3147//3147 3268//3268 3149//3149 
f 3268//3268 3271//3271 3149//3149 
f 3148//3148 3150//3150 3269//3269 
f 3269//3269 3150//3150 3272//3272 
f 3149//3149 3271//3271 3152//3152 
f 3271//3271 3275//3275 3152//3152 
f 3151//3151 3276//3276 3273//3273 
f 3153//3153 3276//3276 3151//3151 
f 3272//3272 3150//3150 3151//3151 
f 3273//3273 3272//3272 3151//3151 
f 3154//3154 3159//3159 3155//3155 
f 3154//3154 3278//3278 3159//3159 
f 3154//3154 3152//3152 3278//3278 
f 3152//3152 3275//3275 3278//3278 
f 3153//3153 3156//3156 3276//3276 
f 3276//3276 3156//3156 3279//3279 
f 3155//3155 3159//3159 3157//3157 
f 3159//3159 3160//3160 3157//3157 
f 3159//3159 3278//3278 3160//3160 
f 3278//3278 3283//3283 3160//3160 
f 3158//3158 3284//3284 3280//3280 
f 3161//3161 3284//3284 3158//3158 
f 3279//3279 3156//3156 3158//3158 
f 3280//3280 3279//3279 3158//3158 
f 3285//3285 3165//3165 3162//3162 
f 3285//3285 3162//3162 3283//3283 
f 3283//3283 3162//3162 3160//3160 
f 3285//3285 3287//3287 3165//3165 
f 3161//3161 3163//3163 3284//3284 
f 3284//3284 3163//3163 3288//3288 
f 3162//3162 3165//3165 3164//3164 
f 3165//3165 3166//3166 3164//3164 
f 3165//3165 3287//3287 3166//3166 
f 3287//3287 3289//3289 3166//3166 
f 3163//3163 3167//3167 3288//3288 
f 3288//3288 3167//3167 3290//3290 
f 3291//3291 3171//3171 3168//3168 
f 3291//3291 3168//3168 3289//3289 
f 3289//3289 3168//3168 3166//3166 
f 3291//3291 3293//3293 3171//3171 
f 3167//3167 3169//3169 3290//3290 
f 3290//3290 3169//3169 3294//3294 
f 3171//3171 3174//3174 3172//3172 
f 3168//3168 3171//3171 3172//3172 
f 3296//3296 3171//3171 3293//3293 
f 3174//3174 3171//3171 3296//3296 
f 3170//3170 3297//3297 3295//3295 
f 3173//3173 3297//3297 3170//3170 
f 3294//3294 3169//3169 3170//3170 
f 3295//3295 3294//3294 3170//3170 
f 3174//3174 3178//3178 3175//3175 
f 3172//3172 3174//3174 3175//3175 
f 3298//3298 3174//3174 3296//3296 
f 3178//3178 3174//3174 3298//3298 
f 3173//3173 3176//3176 3297//3297 
f 3297//3297 3176//3176 3299//3299 
f 3178//3178 3182//3182 3179//3179 
f 3175//3175 3178//3178 3179//3179 
f 3302//3302 3178//3178 3298//3298 
f 3182//3182 3178//3178 3302//3302 
f 3177//3177 3303//3303 3300//3300 
f 3180//3180 3303//3303 3177//3177 
f 3299//3299 3176//3176 3177//3177 
f 3300//3300 3299//3299 3177//3177 
f 3182//3182 3187//3187 3183//3183 
f 3179//3179 3182//3182 3183//3183 
f 3305//3305 3182//3182 3302//3302 
f 3187//3187 3182//3182 3305//3305 
f 3181//3181 3306//3306 3304//3304 
f 3184//3184 3306//3306 3181//3181 
f 3303//3303 3180//3180 3181//3181 
f 3304//3304 3303//3303 3181//3181 
f 3183//3183 3187//3187 3185//3185 
f 3187//3187 3188//3188 3185//3185 
f 3187//3187 3305//3305 3188//3188 
f 3305//3305 3308//3308 3188//3188 
f 3186//3186 3189//3189 3191//3191 
f 3186//3186 3191//3191 3309//3309 
f 3186//3186 3309//3309 3184//3184 
f 3184//3184 3309//3309 3306//3306 
f 3310//3310 3196//3196 3192//3192 
f 3310//3310 3192//3192 3308//3308 
f 3308//3308 3192//3192 3188//3188 
f 3310//3310 3312//3312 3196//3196 
f 3190//3190 3193//3193 3197//3197 
f 3190//3190 3197//3197 3313//3313 
f 3189//3189 3190//3190 3313//3313 
f 3189//3189 3313//3313 3311//3311 
f 3189//3189 3311//3311 3191//3191 
f 3309//3309 3191//3191 3311//3311 
f 3192//3192 3196//3196 3194//3194 
f 3198//3198 3314//3314 3202//3202 
f 3194//3194 3314//3314 3198//3198 
f 3194//3194 3312//3312 3314//3314 
f 3194//3194 3196//3196 3312//3312 
f 3314//3314 3316//3316 3202//3202 
f 3195//3195 3199//3199 3203//3203 
f 3195//3195 3203//3203 3317//3317 
f 3193//3193 3195//3195 3317//3317 
f 3193//3193 3317//3317 3315//3315 
f 3193//3193 3315//3315 3197//3197 
f 3313//3313 3197//3197 3315//3315 
f 3198//3198 3202//3202 3200//3200 
f 3204//3204 3318//3318 3209//3209 
f 3200//3200 3318//3318 3204//3204 
f 3200//3200 3316//3316 3318//3318 
f 3200//3200 3202//3202 3316//3316 
f 3209//3209 3319//3319 3210//3210 
f 3318//3318 3319//3319 3209//3209 
f 3210//3210 3320//3320 3211//3211 
f 3319//3319 3320//3320 3210//3210 
f 3211//3211 3201//3201 3205//3205 
f 3211//3211 3320//3320 3201//3201 
f 3320//3320 3321//3321 3201//3201 
f 3203//3203 3199//3199 3201//3201 
f 3203//3203 3201//3201 3322//3322 
f 3322//3322 3201//3201 3321//3321 
f 3317//3317 3203//3203 3322//3322 
f 3204//3204 3209//3209 3206//3206 
f 3207//3207 3206//3206 3209//3209 
f 3210//3210 3207//3207 3209//3209 
f 3208//3208 3207//3207 3210//3210 
f 3211//3211 3208//3208 3210//3210 
f 3205//3205 3208//3208 3211//3211 
f 3212//3212 3323//3323 3328//3328 
f 3217//3217 3212//3212 3328//3328 
f 3213//3213 3324//3324 3212//3212 
f 3212//3212 3324//3324 3323//3323 
f 3214//3214 3325//3325 3213//3213 
f 3213//3213 3325//3325 3324//3324 
f 3215//3215 3326//3326 3214//3214 
f 3214//3214 3326//3326 3325//3325 
f 3216//3216 3327//3327 3215//3215 
f 3215//3215 3327//3327 3326//3326 
f 3327//3327 3216//3216 3218//3218 
f 3329//3329 3327//3327 3218//3218 
f 3217//3217 3328//3328 3220//3220 
f 3328//3328 3332//3332 3220//3220 
f 3218//3218 3330//3330 3329//3329 
f 3219//3219 3330//3330 3218//3218 
f 3330//3330 3219//3219 3221//3221 
f 3333//3333 3330//3330 3221//3221 
f 3220//3220 3332//3332 3225//3225 
f 3332//3332 3338//3338 3225//3225 
f 3221//3221 3334//3334 3333//3333 
f 3222//3222 3334//3334 3221//3221 
f 3223//3223 3335//3335 3222//3222 
f 3222//3222 3335//3335 3334//3334 
f 3224//3224 3336//3336 3223//3223 
f 3223//3223 3336//3336 3335//3335 
f 3336//3336 3224//3224 3226//3226 
f 3339//3339 3336//3336 3226//3226 
f 3225//3225 3338//3338 3229//3229 
f 3338//3338 3345//3345 3229//3229 
f 3226//3226 3340//3340 3339//3339 
f 3227//3227 3340//3340 3226//3226 
f 3228//3228 3341//3341 3227//3227 
f 3227//3227 3341//3341 3340//3340 
f 3341//3341 3228//3228 3230//3230 
f 3346//3346 3341//3341 3230//3230 
f 3229//3229 3345//3345 3233//3233 
f 3345//3345 3351//3351 3233//3233 
f 3230//3230 3347//3347 3346//3346 
f 3231//3231 3347//3347 3230//3230 
f 3232//3232 3348//3348 3231//3231 
f 3231//3231 3348//3348 3347//3347 
f 3348//3348 3232//3232 3234//3234 
f 3352//3352 3348//3348 3234//3234 
f 3240//3240 3235//3235 3233//3233 
f 3240//3240 3233//3233 3355//3355 
f 3355//3355 3233//3233 3351//3351 
f 3235//3235 3240//3240 3237//3237 
f 3234//3234 3353//3353 3352//3352 
f 3236//3236 3353//3353 3234//3234 
f 3353//3353 3236//3236 3238//3238 
f 3356//3356 3353//3353 3238//3238 
f 3240//3240 3355//3355 3357//3357 
f 3357//3357 3237//3237 3240//3240 
f 3357//3357 3359//3359 3237//3237 
f 3359//3359 3241//3241 3237//3237 
f 3243//3243 3238//3238 3239//3239 
f 3243//3243 3360//3360 3238//3238 
f 3360//3360 3356//3356 3238//3238 
f 3239//3239 3242//3242 3243//3243 
f 3241//3241 3359//3359 3244//3244 
f 3359//3359 3363//3363 3244//3244 
f 3246//3246 3360//3360 3243//3243 
f 3364//3364 3360//3360 3246//3246 
f 3242//3242 3245//3245 3246//3246 
f 3243//3243 3242//3242 3246//3246 
f 3244//3244 3363//3363 3247//3247 
f 3363//3363 3366//3366 3247//3247 
f 3249//3249 3364//3364 3246//3246 
f 3367//3367 3364//3364 3249//3249 
f 3245//3245 3248//3248 3249//3249 
f 3246//3246 3245//3245 3249//3249 
f 3247//3247 3366//3366 3250//3250 
f 3366//3366 3370//3370 3250//3250 
f 3252//3252 3367//3367 3249//3249 
f 3371//3371 3367//3367 3252//3252 
f 3248//3248 3251//3251 3252//3252 
f 3249//3249 3248//3248 3252//3252 
f 3250//3250 3370//3370 3253//3253 
f 3370//3370 3375//3375 3253//3253 
f 3256//3256 3371//3371 3252//3252 
f 3376//3376 3371//3371 3256//3256 
f 3251//3251 3254//3254 3256//3256 
f 3252//3252 3251//3251 3256//3256 
f 3253//3253 3375//3375 3257//3257 
f 3375//3375 3380//3380 3257//3257 
f 3256//3256 3377//3377 3376//3376 
f 3259//3259 3381//3381 3377//3377 
f 3255//3255 3259//3259 3377//3377 
f 3255//3255 3377//3377 3256//3256 
f 3255//3255 3256//3256 3254//3254 
f 3255//3255 3258//3258 3259//3259 
f 3257//3257 3380//3380 3260//3260 
f 3380//3380 3385//3385 3260//3260 
f 3263//3263 3381//3381 3259//3259 
f 3386//3386 3381//3381 3263//3263 
f 3258//3258 3261//3261 3263//3263 
f 3259//3259 3258//3258 3263//3263 
f 3262//3262 3266//3266 3264//3264 
f 3262//3262 3390//3390 3266//3266 
f 3262//3262 3260//3260 3390//3390 
f 3260//3260 3385//3385 3390//3390 
f 3267//3267 3386//3386 3263//3263 
f 3391//3391 3386//3386 3267//3267 
f 3261//3261 3265//3265 3267//3267 
f 3263//3263 3261//3261 3267//3267 
f 3266//3266 3392//3392 3395//3395 
f 3266//3266 3395//3395 3264//3264 
f 3264//3264 3395//3395 3268//3268 
f 3390//3390 3392//3392 3266//3266 
f 3270//3270 3391//3391 3267//3267 
f 3396//3396 3391//3391 3270//3270 
f 3265//3265 3269//3269 3270//3270 
f 3267//3267 3265//3265 3270//3270 
f 3268//3268 3395//3395 3271//3271 
f 3395//3395 3399//3399 3271//3271 
f 3274//3274 3396//3396 3270//3270 
f 3400//3400 3396//3396 3274//3274 
f 3269//3269 3272//3272 3274//3274 
f 3270//3270 3269//3269 3274//3274 
f 3271//3271 3399//3399 3275//3275 
f 3399//3399 3404//3404 3275//3275 
f 3277//3277 3405//3405 3401//3401 
f 3400//3400 3277//3277 3401//3401 
f 3274//3274 3277//3277 3400//3400 
f 3274//3274 3276//3276 3277//3277 
f 3274//3274 3273//3273 3276//3276 
f 3272//3272 3273//3273 3274//3274 
f 3406//3406 3281//3281 3278//3278 
f 3406//3406 3278//3278 3404//3404 
f 3404//3404 3278//3278 3275//3275 
f 3406//3406 3408//3408 3281//3281 
f 3282//3282 3405//3405 3277//3277 
f 3409//3409 3405//3405 3282//3282 
f 3276//3276 3279//3279 3282//3282 
f 3277//3277 3276//3276 3282//3282 
f 3281//3281 3286//3286 3283//3283 
f 3278//3278 3281//3281 3283//3283 
f 3410//3410 3281//3281 3408//3408 
f 3286//3286 3281//3281 3410//3410 
f 3280//3280 3409//3409 3282//3282 
f 3280//3280 3284//3284 3409//3409 
f 3284//3284 3411//3411 3409//3409 
f 3279//3279 3280//3280 3282//3282 
f 3283//3283 3286//3286 3285//3285 
f 3286//3286 3287//3287 3285//3285 
f 3286//3286 3410//3410 3287//3287 
f 3410//3410 3412//3412 3287//3287 
f 3284//3284 3288//3288 3411//3411 
f 3411//3411 3288//3288 3413//3413 
f 3414//3414 3292//3292 3289//3289 
f 3414//3414 3289//3289 3412//3412 
f 3412//3412 3289//3289 3287//3287 
f 3414//3414 3416//3416 3292//3292 
f 3288//3288 3290//3290 3413//3413 
f 3413//3413 3290//3290 3417//3417 
f 3289//3289 3292//3292 3291//3291 
f 3292//3292 3293//3293 3291//3291 
f 3292//3292 3416//3416 3293//3293 
f 3416//3416 3418//3418 3293//3293 
f 3290//3290 3294//3294 3417//3417 
f 3417//3417 3294//3294 3419//3419 
f 3293//3293 3418//3418 3296//3296 
f 3418//3418 3421//3421 3296//3296 
f 3295//3295 3422//3422 3420//3420 
f 3297//3297 3422//3422 3295//3295 
f 3419//3419 3294//3294 3295//3295 
f 3420//3420 3419//3419 3295//3295 
f 3296//3296 3421//3421 3298//3298 
f 3421//3421 3424//3424 3298//3298 
f 3301//3301 3425//3425 3423//3423 
f 3301//3301 3423//3423 3422//3422 
f 3301//3301 3422//3422 3299//3299 
f 3299//3299 3422//3422 3297//3297 
f 3298//3298 3424//3424 3302//3302 
f 3424//3424 3426//3426 3302//3302 
f 3300//3300 3425//3425 3301//3301 
f 3300//3300 3303//3303 3425//3425 
f 3303//3303 3427//3427 3425//3425 
f 3299//3299 3300//3300 3301//3301 
f 3302//3302 3426//3426 3305//3305 
f 3426//3426 3428//3428 3305//3305 
f 3304//3304 3306//3306 3307//3307 
f 3304//3304 3307//3307 3429//3429 
f 3304//3304 3429//3429 3303//3303 
f 3303//3303 3429//3429 3427//3427 
f 3305//3305 3428//3428 3308//3308 
f 3428//3428 3431//3431 3308//3308 
f 3307//3307 3432//3432 3430//3430 
f 3307//3307 3306//3306 3432//3432 
f 3306//3306 3309//3309 3432//3432 
f 3429//3429 3307//3307 3430//3430 
f 3308//3308 3431//3431 3433//3433 
f 3310//3310 3308//3308 3433//3433 
f 3433//3433 3312//3312 3310//3310 
f 3435//3435 3312//3312 3433//3433 
f 3311//3311 3436//3436 3434//3434 
f 3313//3313 3436//3436 3311//3311 
f 3432//3432 3309//3309 3311//3311 
f 3434//3434 3432//3432 3311//3311 
f 3312//3312 3435//3435 3437//3437 
f 3314//3314 3312//3312 3437//3437 
f 3437//3437 3316//3316 3314//3314 
f 3439//3439 3316//3316 3437//3437 
f 3315//3315 3440//3440 3438//3438 
f 3317//3317 3440//3440 3315//3315 
f 3436//3436 3313//3313 3315//3315 
f 3438//3438 3436//3436 3315//3315 
f 3316//3316 3439//3439 3441//3441 
f 3318//3318 3316//3316 3441//3441 
f 3319//3319 3318//3318 3442//3442 
f 3318//3318 3441//3441 3442//3442 
f 3320//3320 3319//3319 3443//3443 
f 3319//3319 3442//3442 3443//3443 
f 3321//3321 3320//3320 3444//3444 
f 3320//3320 3443//3443 3444//3444 
f 3322//3322 3321//3321 3445//3445 
f 3321//3321 3444//3444 3445//3445 
f 3440//3440 3317//3317 3322//3322 
f 3445//3445 3440//3440 3322//3322 
f 3323//3323 3446//3446 3450//3450 
f 3328//3328 3323//3323 3450//3450 
f 3324//3324 3447//3447 3323//3323 
f 3323//3323 3447//3447 3446//3446 
f 3325//3325 3448//3448 3324//3324 
f 3324//3324 3448//3448 3447//3447 
f 3326//3326 3449//3449 3325//3325 
f 3325//3325 3449//3449 3448//3448 
f 3331//3331 3451//3451 3449//3449 
f 3331//3331 3449//3449 3327//3327 
f 3327//3327 3449//3449 3326//3326 
f 3327//3327 3329//3329 3331//3331 
f 3328//3328 3450//3450 3332//3332 
f 3450//3450 3454//3454 3332//3332 
f 3331//3331 3452//3452 3451//3451 
f 3337//3337 3455//3455 3452//3452 
f 3330//3330 3337//3337 3452//3452 
f 3330//3330 3452//3452 3331//3331 
f 3330//3330 3331//3331 3329//3329 
f 3330//3330 3333//3333 3337//3337 
f 3332//3332 3454//3454 3338//3338 
f 3454//3454 3459//3459 3338//3338 
f 3337//3337 3456//3456 3455//3455 
f 3342//3342 3460//3460 3456//3456 
f 3334//3334 3342//3342 3456//3456 
f 3334//3334 3456//3456 3337//3337 
f 3334//3334 3337//3337 3333//3333 
f 3334//3334 3335//3335 3343//3343 
f 3342//3342 3334//3334 3343//3343 
f 3335//3335 3336//3336 3344//3344 
f 3343//3343 3335//3335 3344//3344 
f 3336//3336 3339//3339 3344//3344 
f 3338//3338 3459//3459 3345//3345 
f 3459//3459 3466//3466 3345//3345 
f 3342//3342 3461//3461 3460//3460 
f 3343//3343 3461//3461 3342//3342 
f 3462//3462 3461//3461 3343//3343 
f 3344//3344 3462//3462 3343//3343 
f 3463//3463 3462//3462 3344//3344 
f 3349//3349 3467//3467 3463//3463 
f 3340//3340 3349//3349 3463//3463 
f 3340//3340 3463//3463 3344//3344 
f 3340//3340 3344//3344 3339//3339 
f 3340//3340 3341//3341 3350//3350 
f 3349//3349 3340//3340 3350//3350 
f 3341//3341 3346//3346 3350//3350 
f 3345//3345 3466//3466 3351//3351 
f 3466//3466 3474//3474 3351//3351 
f 3349//3349 3468//3468 3467//3467 
f 3350//3350 3468//3468 3349//3349 
f 3469//3469 3468//3468 3350//3350 
f 3346//3346 3469//3469 3350//3350 
f 3346//3346 3347//3347 3469//3469 
f 3347//3347 3470//3470 3469//3469 
f 3354//3354 3475//3475 3470//3470 
f 3354//3354 3470//3470 3348//3348 
f 3348//3348 3470//3470 3347//3347 
f 3348//3348 3352//3352 3354//3354 
f 3351//3351 3474//3474 3355//3355 
f 3474//3474 3482//3482 3355//3355 
f 3354//3354 3476//3476 3475//3475 
f 3358//3358 3483//3483 3476//3476 
f 3353//3353 3358//3358 3476//3476 
f 3353//3353 3476//3476 3354//3354 
f 3353//3353 3354//3354 3352//3352 
f 3353//3353 3356//3356 3358//3358 
f 3361//3361 3357//3357 3355//3355 
f 3361//3361 3355//3355 3489//3489 
f 3489//3489 3355//3355 3482//3482 
f 3357//3357 3361//3361 3359//3359 
f 3362//3362 3483//3483 3358//3358 
f 3490//3490 3483//3483 3362//3362 
f 3356//3356 3360//3360 3362//3362 
f 3358//3358 3356//3356 3362//3362 
f 3361//3361 3489//3489 3491//3491 
f 3491//3491 3359//3359 3361//3361 
f 3491//3491 3497//3497 3359//3359 
f 3497//3497 3363//3363 3359//3359 
f 3365//3365 3490//3490 3362//3362 
f 3498//3498 3490//3490 3365//3365 
f 3360//3360 3364//3364 3365//3365 
f 3362//3362 3360//3360 3365//3365 
f 3363//3363 3497//3497 3366//3366 
f 3497//3497 3504//3504 3366//3366 
f 3368//3368 3505//3505 3499//3499 
f 3498//3498 3368//3368 3499//3499 
f 3498//3498 3365//3365 3368//3368 
f 3365//3365 3369//3369 3368//3368 
f 3364//3364 3367//3367 3369//3369 
f 3365//3365 3364//3364 3369//3369 
f 3366//3366 3504//3504 3370//3370 
f 3504//3504 3509//3509 3370//3370 
f 3372//3372 3510//3510 3506//3506 
f 3505//3505 3372//3372 3506//3506 
f 3505//3505 3368//3368 3372//3372 
f 3368//3368 3373//3373 3372//3372 
f 3369//3369 3374//3374 3368//3368 
f 3374//3374 3373//3373 3368//3368 
f 3367//3367 3371//3371 3374//3374 
f 3369//3369 3367//3367 3374//3374 
f 3370//3370 3509//3509 3375//3375 
f 3509//3509 3512//3512 3375//3375 
f 3372//3372 3511//3511 3510//3510 
f 3511//3511 3378//3378 3513//3513 
f 3511//3511 3372//3372 3378//3378 
f 3372//3372 3373//3373 3378//3378 
f 3374//3374 3379//3379 3373//3373 
f 3379//3379 3378//3378 3373//3373 
f 3371//3371 3376//3376 3379//3379 
f 3374//3374 3371//3371 3379//3379 
f 3375//3375 3512//3512 3380//3380 
f 3512//3512 3515//3515 3380//3380 
f 3382//3382 3513//3513 3378//3378 
f 3516//3516 3513//3513 3382//3382 
f 3379//3379 3383//3383 3378//3378 
f 3383//3383 3382//3382 3378//3378 
f 3376//3376 3377//3377 3384//3384 
f 3376//3376 3384//3384 3379//3379 
f 3379//3379 3384//3384 3383//3383 
f 3377//3377 3381//3381 3384//3384 
f 3380//3380 3515//3515 3385//3385 
f 3515//3515 3517//3517 3385//3385 
f 3387//3387 3516//3516 3382//3382 
f 3518//3518 3516//3516 3387//3387 
f 3383//3383 3388//3388 3382//3382 
f 3388//3388 3387//3387 3382//3382 
f 3384//3384 3389//3389 3383//3383 
f 3389//3389 3388//3388 3383//3383 
f 3381//3381 3386//3386 3389//3389 
f 3384//3384 3381//3381 3389//3389 
f 3385//3385 3517//3517 3390//3390 
f 3517//3517 3520//3520 3390//3390 
f 3387//3387 3519//3519 3518//3518 
f 3519//3519 3393//3393 3521//3521 
f 3519//3519 3387//3387 3393//3393 
f 3387//3387 3388//3388 3393//3393 
f 3389//3389 3394//3394 3388//3388 
f 3394//3394 3393//3393 3388//3388 
f 3386//3386 3391//3391 3394//3394 
f 3389//3389 3386//3386 3394//3394 
f 3392//3392 3397//3397 3395//3395 
f 3392//3392 3524//3524 3397//3397 
f 3392//3392 3390//3390 3524//3524 
f 3390//3390 3520//3520 3524//3524 
f 3393//3393 3522//3522 3521//3521 
f 3522//3522 3398//3398 3525//3525 
f 3522//3522 3393//3393 3398//3398 
f 3393//3393 3394//3394 3398//3398 
f 3391//3391 3396//3396 3398//3398 
f 3394//3394 3391//3391 3398//3398 
f 3397//3397 3402//3402 3399//3399 
f 3395//3395 3397//3397 3399//3399 
f 3527//3527 3397//3397 3524//3524 
f 3402//3402 3397//3397 3527//3527 
f 3403//3403 3525//3525 3398//3398 
f 3528//3528 3525//3525 3403//3403 
f 3396//3396 3400//3400 3403//3403 
f 3398//3398 3396//3396 3403//3403 
f 3402//3402 3407//3407 3404//3404 
f 3399//3399 3402//3402 3404//3404 
f 3529//3529 3402//3402 3527//3527 
f 3407//3407 3402//3402 3529//3529 
f 3401//3401 3528//3528 3403//3403 
f 3401//3401 3405//3405 3528//3528 
f 3405//3405 3530//3530 3528//3528 
f 3400//3400 3401//3401 3403//3403 
f 3404//3404 3407//3407 3406//3406 
f 3407//3407 3408//3408 3406//3406 
f 3407//3407 3529//3529 3408//3408 
f 3529//3529 3532//3532 3408//3408 
f 3405//3405 3409//3409 3530//3530 
f 3530//3530 3409//3409 3533//3533 
f 3408//3408 3532//3532 3410//3410 
f 3532//3532 3535//3535 3410//3410 
f 3409//3409 3411//3411 3533//3533 
f 3533//3533 3411//3411 3536//3536 
f 3537//3537 3415//3415 3412//3412 
f 3537//3537 3412//3412 3535//3535 
f 3535//3535 3412//3412 3410//3410 
f 3537//3537 3539//3539 3415//3415 
f 3411//3411 3413//3413 3536//3536 
f 3536//3536 3413//3413 3540//3540 
f 3412//3412 3415//3415 3414//3414 
f 3415//3415 3416//3416 3414//3414 
f 3415//3415 3539//3539 3416//3416 
f 3539//3539 3541//3541 3416//3416 
f 3413//3413 3417//3417 3540//3540 
f 3540//3540 3417//3417 3542//3542 
f 3416//3416 3541//3541 3418//3418 
f 3541//3541 3543//3543 3418//3418 
f 3417//3417 3419//3419 3542//3542 
f 3542//3542 3419//3419 3544//3544 
f 3418//3418 3543//3543 3421//3421 
f 3543//3543 3546//3546 3421//3421 
f 3420//3420 3547//3547 3545//3545 
f 3422//3422 3547//3547 3420//3420 
f 3544//3544 3419//3419 3420//3420 
f 3545//3545 3544//3544 3420//3420 
f 3421//3421 3546//3546 3424//3424 
f 3546//3546 3549//3549 3424//3424 
f 3423//3423 3550//3550 3548//3548 
f 3425//3425 3550//3550 3423//3423 
f 3547//3547 3422//3422 3423//3423 
f 3548//3548 3547//3547 3423//3423 
f 3424//3424 3549//3549 3426//3426 
f 3549//3549 3551//3551 3426//3426 
f 3425//3425 3427//3427 3550//3550 
f 3550//3550 3427//3427 3552//3552 
f 3426//3426 3551//3551 3428//3428 
f 3551//3551 3553//3553 3428//3428 
f 3427//3427 3429//3429 3552//3552 
f 3552//3552 3429//3429 3554//3554 
f 3428//3428 3553//3553 3431//3431 
f 3553//3553 3556//3556 3431//3431 
f 3430//3430 3557//3557 3555//3555 
f 3432//3432 3557//3557 3430//3430 
f 3554//3554 3429//3429 3430//3430 
f 3555//3555 3554//3554 3430//3430 
f 3431//3431 3556//3556 3558//3558 
f 3433//3433 3431//3431 3558//3558 
f 3558//3558 3435//3435 3433//3433 
f 3560//3560 3435//3435 3558//3558 
f 3434//3434 3561//3561 3559//3559 
f 3436//3436 3561//3561 3434//3434 
f 3557//3557 3432//3432 3434//3434 
f 3559//3559 3557//3557 3434//3434 
f 3435//3435 3560//3560 3562//3562 
f 3437//3437 3435//3435 3562//3562 
f 3562//3562 3439//3439 3437//3437 
f 3565//3565 3439//3439 3562//3562 
f 3438//3438 3566//3566 3563//3563 
f 3440//3440 3566//3566 3438//3438 
f 3561//3561 3436//3436 3438//3438 
f 3563//3563 3561//3561 3438//3438 
f 3439//3439 3565//3565 3567//3567 
f 3441//3441 3439//3439 3567//3567 
f 3442//3442 3441//3441 3568//3568 
f 3441//3441 3567//3567 3568//3568 
f 3443//3443 3442//3442 3569//3569 
f 3442//3442 3568//3568 3569//3569 
f 3444//3444 3443//3443 3570//3570 
f 3443//3443 3569//3569 3570//3570 
f 3445//3445 3444//3444 3571//3571 
f 3444//3444 3570//3570 3571//3571 
f 3566//3566 3440//3440 3445//3445 
f 3571//3571 3566//3566 3445//3445 
f 3446//3446 3577//3577 3580//3580 
f 3450//3450 3446//3446 3580//3580 
f 3447//3447 3578//3578 3446//3446 
f 3446//3446 3578//3578 3577//3577 
f 3448//3448 3579//3579 3447//3447 
f 3447//3447 3579//3579 3578//3578 
f 3453//3453 3581//3581 3579//3579 
f 3453//3453 3579//3579 3449//3449 
f 3449//3449 3579//3579 3448//3448 
f 3449//3449 3451//3451 3453//3453 
f 3450//3450 3580//3580 3454//3454 
f 3580//3580 3582//3582 3454//3454 
f 3457//3457 3581//3581 3453//3453 
f 3583//3583 3581//3581 3457//3457 
f 3451//3451 3452//3452 3458//3458 
f 3451//3451 3458//3458 3453//3453 
f 3453//3453 3458//3458 3457//3457 
f 3452//3452 3455//3455 3458//3458 
f 3454//3454 3582//3582 3459//3459 
f 3582//3582 3585//3585 3459//3459 
f 3457//3457 3584//3584 3583//3583 
f 3584//3584 3464//3464 3586//3586 
f 3584//3584 3457//3457 3464//3464 
f 3457//3457 3458//3458 3464//3464 
f 3455//3455 3456//3456 3465//3465 
f 3455//3455 3465//3465 3458//3458 
f 3458//3458 3465//3465 3464//3464 
f 3456//3456 3460//3460 3465//3465 
f 3459//3459 3585//3585 3466//3466 
f 3585//3585 3590//3590 3466//3466 
f 3464//3464 3587//3587 3586//3586 
f 3465//3465 3587//3587 3464//3464 
f 3588//3588 3587//3587 3465//3465 
f 3471//3471 3591//3591 3588//3588 
f 3461//3461 3471//3471 3588//3588 
f 3461//3461 3588//3588 3465//3465 
f 3461//3461 3465//3465 3460//3460 
f 3461//3461 3462//3462 3472//3472 
f 3471//3471 3461//3461 3472//3472 
f 3462//3462 3463//3463 3473//3473 
f 3472//3472 3462//3462 3473//3473 
f 3463//3463 3467//3467 3473//3473 
f 3466//3466 3590//3590 3474//3474 
f 3590//3590 3594//3594 3474//3474 
f 3471//3471 3592//3592 3591//3591 
f 3592//3592 3477//3477 3595//3595 
f 3592//3592 3471//3471 3477//3477 
f 3471//3471 3472//3472 3477//3477 
f 3473//3473 3478//3478 3472//3472 
f 3478//3478 3477//3477 3472//3472 
f 3467//3467 3468//3468 3479//3479 
f 3467//3467 3479//3479 3473//3473 
f 3473//3473 3479//3479 3478//3478 
f 3468//3468 3469//3469 3480//3480 
f 3479//3479 3468//3468 3480//3480 
f 3469//3469 3470//3470 3481//3481 
f 3480//3480 3469//3469 3481//3481 
f 3470//3470 3475//3475 3481//3481 
f 3474//3474 3594//3594 3482//3482 
f 3594//3594 3598//3598 3482//3482 
f 3477//3477 3596//3596 3595//3595 
f 3596//3596 3484//3484 3599//3599 
f 3596//3596 3477//3477 3484//3484 
f 3477//3477 3478//3478 3484//3484 
f 3479//3479 3485//3485 3478//3478 
f 3485//3485 3484//3484 3478//3478 
f 3480//3480 3486//3486 3479//3479 
f 3486//3486 3485//3485 3479//3479 
f 3481//3481 3487//3487 3480//3480 
f 3487//3487 3486//3486 3480//3480 
f 3475//3475 3476//3476 3488//3488 
f 3475//3475 3488//3488 3481//3481 
f 3481//3481 3488//3488 3487//3487 
f 3476//3476 3483//3483 3488//3488 
f 3482//3482 3598//3598 3489//3489 
f 3598//3598 3601//3601 3489//3489 
f 3492//3492 3599//3599 3484//3484 
f 3602//3602 3599//3599 3492//3492 
f 3485//3485 3493//3493 3484//3484 
f 3493//3493 3492//3492 3484//3484 
f 3486//3486 3494//3494 3485//3485 
f 3494//3494 3493//3493 3485//3485 
f 3487//3487 3495//3495 3486//3486 
f 3495//3495 3494//3494 3486//3486 
f 3488//3488 3496//3496 3487//3487 
f 3496//3496 3495//3495 3487//3487 
f 3483//3483 3490//3490 3496//3496 
f 3488//3488 3483//3483 3496//3496 
f 3489//3489 3601//3601 3603//3603 
f 3491//3491 3489//3489 3603//3603 
f 3603//3603 3497//3497 3491//3491 
f 3605//3605 3497//3497 3603//3603 
f 3492//3492 3604//3604 3602//3602 
f 3604//3604 3500//3500 3606//3606 
f 3604//3604 3492//3492 3500//3500 
f 3492//3492 3493//3493 3500//3500 
f 3494//3494 3501//3501 3493//3493 
f 3501//3501 3500//3500 3493//3493 
f 3495//3495 3502//3502 3494//3494 
f 3502//3502 3501//3501 3494//3494 
f 3496//3496 3503//3503 3495//3495 
f 3503//3503 3502//3502 3495//3495 
f 3490//3490 3498//3498 3503//3503 
f 3496//3496 3490//3490 3503//3503 
f 3497//3497 3605//3605 3504//3504 
f 3605//3605 3609//3609 3504//3504 
f 3500//3500 3607//3607 3606//3606 
f 3607//3607 3507//3507 3610//3610 
f 3607//3607 3500//3500 3507//3507 
f 3500//3500 3501//3501 3507//3507 
f 3502//3502 3508//3508 3501//3501 
f 3508//3508 3507//3507 3501//3501 
f 3499//3499 3505//3505 3508//3508 
f 3499//3499 3508//3508 3503//3503 
f 3503//3503 3508//3508 3502//3502 
f 3498//3498 3499//3499 3503//3503 
f 3504//3504 3609//3609 3509//3509 
f 3609//3609 3613//3613 3509//3509 
f 3507//3507 3611//3611 3610//3610 
f 3506//3506 3510//3510 3614//3614 
f 3506//3506 3614//3614 3507//3507 
f 3506//3506 3507//3507 3508//3508 
f 3507//3507 3614//3614 3611//3611 
f 3505//3505 3506//3506 3508//3508 
f 3509//3509 3613//3613 3512//3512 
f 3613//3613 3616//3616 3512//3512 
f 3514//3514 3510//3510 3511//3511 
f 3514//3514 3617//3617 3510//3510 
f 3617//3617 3614//3614 3510//3510 
f 3511//3511 3513//3513 3514//3514 
f 3512//3512 3616//3616 3515//3515 
f 3616//3616 3619//3619 3515//3515 
f 3514//3514 3618//3618 3617//3617 
f 3618//3618 3514//3514 3513//3513 
f 3618//3618 3513//3513 3620//3620 
f 3620//3620 3513//3513 3516//3516 
f 3515//3515 3619//3619 3517//3517 
f 3619//3619 3622//3622 3517//3517 
f 3516//3516 3518//3518 3620//3620 
f 3620//3620 3518//3518 3623//3623 
f 3517//3517 3622//3622 3520//3520 
f 3622//3622 3625//3625 3520//3520 
f 3523//3523 3518//3518 3519//3519 
f 3523//3523 3626//3626 3518//3518 
f 3626//3626 3623//3623 3518//3518 
f 3519//3519 3521//3521 3523//3523 
f 3520//3520 3625//3625 3524//3524 
f 3625//3625 3630//3630 3524//3524 
f 3523//3523 3627//3627 3626//3626 
f 3526//3526 3631//3631 3627//3627 
f 3522//3522 3526//3526 3627//3627 
f 3522//3522 3627//3627 3523//3523 
f 3522//3522 3523//3523 3521//3521 
f 3522//3522 3525//3525 3526//3526 
f 3524//3524 3630//3630 3527//3527 
f 3630//3630 3635//3635 3527//3527 
f 3526//3526 3632//3632 3631//3631 
f 3632//3632 3526//3526 3525//3525 
f 3632//3632 3525//3525 3636//3636 
f 3636//3636 3525//3525 3528//3528 
f 3637//3637 3531//3531 3529//3529 
f 3637//3637 3529//3529 3635//3635 
f 3635//3635 3529//3529 3527//3527 
f 3637//3637 3640//3640 3531//3531 
f 3528//3528 3530//3530 3636//3636 
f 3636//3636 3530//3530 3641//3641 
f 3531//3531 3534//3534 3532//3532 
f 3529//3529 3531//3531 3532//3532 
f 3643//3643 3531//3531 3640//3640 
f 3534//3534 3531//3531 3643//3643 
f 3530//3530 3533//3533 3641//3641 
f 3641//3641 3533//3533 3644//3644 
f 3534//3534 3538//3538 3535//3535 
f 3532//3532 3534//3534 3535//3535 
f 3646//3646 3534//3534 3643//3643 
f 3538//3538 3534//3534 3646//3646 
f 3533//3533 3536//3536 3644//3644 
f 3644//3644 3536//3536 3647//3647 
f 3535//3535 3538//3538 3537//3537 
f 3538//3538 3539//3539 3537//3537 
f 3538//3538 3646//3646 3539//3539 
f 3646//3646 3650//3650 3539//3539 
f 3536//3536 3540//3540 3647//3647 
f 3647//3647 3540//3540 3651//3651 
f 3539//3539 3650//3650 3541//3541 
f 3650//3650 3654//3654 3541//3541 
f 3540//3540 3542//3542 3651//3651 
f 3651//3651 3542//3542 3655//3655 
f 3541//3541 3654//3654 3543//3543 
f 3654//3654 3658//3658 3543//3543 
f 3542//3542 3544//3544 3655//3655 
f 3655//3655 3544//3544 3659//3659 
f 3543//3543 3658//3658 3546//3546 
f 3658//3658 3663//3663 3546//3546 
f 3545//3545 3664//3664 3660//3660 
f 3547//3547 3664//3664 3545//3545 
f 3659//3659 3544//3544 3545//3545 
f 3660//3660 3659//3659 3545//3545 
f 3546//3546 3663//3663 3549//3549 
f 3663//3663 3668//3668 3549//3549 
f 3548//3548 3669//3669 3665//3665 
f 3550//3550 3669//3669 3548//3548 
f 3664//3664 3547//3547 3548//3548 
f 3665//3665 3664//3664 3548//3548 
f 3549//3549 3668//3668 3551//3551 
f 3668//3668 3672//3672 3551//3551 
f 3550//3550 3552//3552 3669//3669 
f 3669//3669 3552//3552 3673//3673 
f 3551//3551 3672//3672 3553//3553 
f 3672//3672 3676//3676 3553//3553 
f 3552//3552 3554//3554 3673//3673 
f 3673//3673 3554//3554 3677//3677 
f 3553//3553 3676//3676 3556//3556 
f 3676//3676 3682//3682 3556//3556 
f 3555//3555 3683//3683 3678//3678 
f 3557//3557 3683//3683 3555//3555 
f 3677//3677 3554//3554 3555//3555 
f 3678//3678 3677//3677 3555//3555 
f 3556//3556 3682//3682 3684//3684 
f 3558//3558 3556//3556 3684//3684 
f 3684//3684 3560//3560 3558//3558 
f 3693//3693 3560//3560 3684//3684 
f 3564//3564 3694//3694 3685//3685 
f 3564//3564 3559//3559 3561//3561 
f 3564//3564 3685//3685 3559//3559 
f 3685//3685 3686//3686 3559//3559 
f 3683//3683 3557//3557 3559//3559 
f 3686//3686 3683//3683 3559//3559 
f 3560//3560 3693//3693 3695//3695 
f 3562//3562 3560//3560 3695//3695 
f 3565//3565 3696//3696 3572//3572 
f 3565//3565 3562//3562 3696//3696 
f 3562//3562 3695//3695 3696//3696 
f 3572//3572 3697//3697 3573//3573 
f 3696//3696 3697//3697 3572//3572 
f 3573//3573 3698//3698 3574//3574 
f 3697//3697 3698//3698 3573//3573 
f 3574//3574 3699//3699 3575//3575 
f 3698//3698 3699//3699 3574//3574 
f 3575//3575 3700//3700 3576//3576 
f 3699//3699 3700//3700 3575//3575 
f 3694//3694 3576//3576 3700//3700 
f 3564//3564 3576//3576 3694//3694 
f 3564//3564 3566//3566 3576//3576 
f 3564//3564 3563//3563 3566//3566 
f 3561//3561 3563//3563 3564//3564 
f 3565//3565 3572//3572 3567//3567 
f 3568//3568 3567//3567 3572//3572 
f 3573//3573 3568//3568 3572//3572 
f 3569//3569 3568//3568 3573//3573 
f 3574//3574 3569//3569 3573//3573 
f 3570//3570 3569//3569 3574//3574 
f 3575//3575 3570//3570 3574//3574 
f 3571//3571 3570//3570 3575//3575 
f 3576//3576 3571//3571 3575//3575 
f 3566//3566 3571//3571 3576//3576 
f 3577//3577 3707//3707 3710//3710 
f 3580//3580 3577//3577 3710//3710 
f 3578//3578 3708//3708 3577//3577 
f 3577//3577 3708//3708 3707//3707 
f 3579//3579 3709//3709 3578//3578 
f 3578//3578 3709//3709 3708//3708 
f 3709//3709 3579//3579 3581//3581 
f 3711//3711 3709//3709 3581//3581 
f 3580//3580 3710//3710 3582//3582 
f 3710//3710 3714//3714 3582//3582 
f 3581//3581 3583//3583 3711//3711 
f 3711//3711 3583//3583 3715//3715 
f 3582//3582 3714//3714 3585//3585 
f 3714//3714 3717//3717 3585//3585 
f 3589//3589 3583//3583 3584//3584 
f 3589//3589 3718//3718 3583//3583 
f 3718//3718 3715//3715 3583//3583 
f 3584//3584 3586//3586 3589//3589 
f 3719//3719 3593//3593 3590//3590 
f 3719//3719 3590//3590 3717//3717 
f 3717//3717 3590//3590 3585//3585 
f 3719//3719 3726//3726 3593//3593 
f 3589//3589 3720//3720 3718//3718 
f 3586//3586 3720//3720 3589//3589 
f 3586//3586 3587//3587 3720//3720 
f 3587//3587 3721//3721 3720//3720 
f 3588//3588 3722//3722 3587//3587 
f 3587//3587 3722//3722 3721//3721 
f 3722//3722 3588//3588 3591//3591 
f 3727//3727 3722//3722 3591//3591 
f 3593//3593 3728//3728 3729//3729 
f 3593//3593 3729//3729 3590//3590 
f 3590//3590 3729//3729 3594//3594 
f 3726//3726 3728//3728 3593//3593 
f 3597//3597 3591//3591 3592//3592 
f 3597//3597 3730//3730 3591//3591 
f 3730//3730 3727//3727 3591//3591 
f 3592//3592 3595//3595 3597//3597 
f 3594//3594 3729//3729 3598//3598 
f 3729//3729 3733//3733 3598//3598 
f 3597//3597 3731//3731 3730//3730 
f 3600//3600 3734//3734 3731//3731 
f 3596//3596 3600//3600 3731//3731 
f 3596//3596 3731//3731 3597//3597 
f 3596//3596 3597//3597 3595//3595 
f 3596//3596 3599//3599 3600//3600 
f 3598//3598 3733//3733 3601//3601 
f 3733//3733 3737//3737 3601//3601 
f 3600//3600 3735//3735 3734//3734 
f 3735//3735 3600//3600 3599//3599 
f 3735//3735 3599//3599 3738//3738 
f 3738//3738 3599//3599 3602//3602 
f 3601//3601 3737//3737 3739//3739 
f 3603//3603 3601//3601 3739//3739 
f 3739//3739 3605//3605 3603//3603 
f 3742//3742 3605//3605 3739//3739 
f 3608//3608 3602//3602 3604//3604 
f 3608//3608 3743//3743 3602//3602 
f 3743//3743 3738//3738 3602//3602 
f 3604//3604 3606//3606 3608//3608 
f 3605//3605 3742//3742 3609//3609 
f 3742//3742 3745//3745 3609//3609 
f 3608//3608 3744//3744 3743//3743 
f 3612//3612 3746//3746 3744//3744 
f 3607//3607 3612//3612 3744//3744 
f 3607//3607 3744//3744 3608//3608 
f 3607//3607 3608//3608 3606//3606 
f 3607//3607 3610//3610 3612//3612 
f 3609//3609 3745//3745 3613//3613 
f 3745//3745 3748//3748 3613//3613 
f 3612//3612 3747//3747 3746//3746 
f 3615//3615 3749//3749 3747//3747 
f 3611//3611 3615//3615 3747//3747 
f 3611//3611 3747//3747 3612//3612 
f 3611//3611 3612//3612 3610//3610 
f 3611//3611 3614//3614 3615//3615 
f 3613//3613 3748//3748 3616//3616 
f 3748//3748 3751//3751 3616//3616 
f 3615//3615 3750//3750 3749//3749 
f 3750//3750 3615//3615 3614//3614 
f 3750//3750 3614//3614 3752//3752 
f 3752//3752 3614//3614 3617//3617 
f 3616//3616 3751//3751 3619//3619 
f 3751//3751 3755//3755 3619//3619 
f 3621//3621 3617//3617 3618//3618 
f 3621//3621 3756//3756 3617//3617 
f 3756//3756 3752//3752 3617//3617 
f 3618//3618 3620//3620 3621//3621 
f 3619//3619 3755//3755 3622//3622 
f 3755//3755 3758//3758 3622//3622 
f 3624//3624 3756//3756 3621//3621 
f 3759//3759 3756//3756 3624//3624 
f 3620//3620 3623//3623 3624//3624 
f 3621//3621 3620//3620 3624//3624 
f 3760//3760 3628//3628 3625//3625 
f 3760//3760 3625//3625 3758//3758 
f 3758//3758 3625//3625 3622//3622 
f 3760//3760 3762//3762 3628//3628 
f 3629//3629 3759//3759 3624//3624 
f 3763//3763 3759//3759 3629//3629 
f 3623//3623 3626//3626 3629//3629 
f 3624//3624 3623//3623 3629//3629 
f 3628//3628 3633//3633 3630//3630 
f 3625//3625 3628//3628 3630//3630 
f 3766//3766 3628//3628 3762//3762 
f 3633//3633 3628//3628 3766//3766 
f 3629//3629 3764//3764 3763//3763 
f 3634//3634 3767//3767 3764//3764 
f 3627//3627 3634//3634 3764//3764 
f 3627//3627 3764//3764 3629//3629 
f 3627//3627 3629//3629 3626//3626 
f 3627//3627 3631//3631 3634//3634 
f 3633//3633 3638//3638 3635//3635 
f 3630//3630 3633//3633 3635//3635 
f 3771//3771 3633//3633 3766//3766 
f 3638//3638 3633//3633 3771//3771 
f 3634//3634 3768//3768 3767//3767 
f 3639//3639 3772//3772 3768//3768 
f 3632//3632 3639//3639 3768//3768 
f 3632//3632 3768//3768 3634//3634 
f 3632//3632 3634//3634 3631//3631 
f 3632//3632 3636//3636 3639//3639 
f 3635//3635 3638//3638 3637//3637 
f 3638//3638 3640//3640 3637//3637 
f 3638//3638 3771//3771 3640//3640 
f 3771//3771 3776//3776 3640//3640 
f 3642//3642 3772//3772 3639//3639 
f 3777//3777 3772//3772 3642//3642 
f 3636//3636 3641//3641 3642//3642 
f 3639//3639 3636//3636 3642//3642 
f 3640//3640 3776//3776 3643//3643 
f 3776//3776 3781//3781 3643//3643 
f 3645//3645 3777//3777 3642//3642 
f 3782//3782 3777//3777 3645//3645 
f 3641//3641 3644//3644 3645//3645 
f 3642//3642 3641//3641 3645//3645 
f 3783//3783 3648//3648 3646//3646 
f 3783//3783 3646//3646 3781//3781 
f 3781//3781 3646//3646 3643//3643 
f 3783//3783 3787//3787 3648//3648 
f 3649//3649 3782//3782 3645//3645 
f 3788//3788 3782//3782 3649//3649 
f 3644//3644 3647//3647 3649//3649 
f 3645//3645 3644//3644 3649//3649 
f 3648//3648 3652//3652 3650//3650 
f 3646//3646 3648//3648 3650//3650 
f 3793//3793 3648//3648 3787//3787 
f 3652//3652 3648//3648 3793//3793 
f 3653//3653 3788//3788 3649//3649 
f 3794//3794 3788//3788 3653//3653 
f 3647//3647 3651//3651 3653//3653 
f 3649//3649 3647//3647 3653//3653 
f 3652//3652 3656//3656 3654//3654 
f 3650//3650 3652//3652 3654//3654 
f 3800//3800 3652//3652 3793//3793 
f 3656//3656 3652//3652 3800//3800 
f 3657//3657 3794//3794 3653//3653 
f 3801//3801 3794//3794 3657//3657 
f 3651//3651 3655//3655 3657//3657 
f 3653//3653 3651//3651 3657//3657 
f 3656//3656 3661//3661 3658//3658 
f 3654//3654 3656//3656 3658//3658 
f 3807//3807 3656//3656 3800//3800 
f 3661//3661 3656//3656 3807//3807 
f 3662//3662 3801//3801 3657//3657 
f 3808//3808 3801//3801 3662//3662 
f 3655//3655 3659//3659 3662//3662 
f 3657//3657 3655//3655 3662//3662 
f 3661//3661 3666//3666 3663//3663 
f 3658//3658 3661//3661 3663//3663 
f 3820//3820 3661//3661 3807//3807 
f 3666//3666 3661//3661 3820//3820 
f 3667//3667 3821//3821 3809//3809 
f 3808//3808 3667//3667 3809//3809 
f 3662//3662 3667//3667 3808//3808 
f 3662//3662 3664//3664 3667//3667 
f 3662//3662 3660//3660 3664//3664 
f 3659//3659 3660//3660 3662//3662 
f 3666//3666 3670//3670 3668//3668 
f 3663//3663 3666//3666 3668//3668 
f 3832//3832 3666//3666 3820//3820 
f 3670//3670 3666//3666 3832//3832 
f 3671//3671 3833//3833 3822//3822 
f 3821//3821 3671//3671 3822//3822 
f 3667//3667 3671//3671 3821//3821 
f 3667//3667 3669//3669 3671//3671 
f 3667//3667 3665//3665 3669//3669 
f 3664//3664 3665//3665 3667//3667 
f 3670//3670 3674//3674 3672//3672 
f 3668//3668 3670//3670 3672//3672 
f 3842//3842 3670//3670 3832//3832 
f 3674//3674 3670//3670 3842//3842 
f 3675//3675 3833//3833 3671//3671 
f 3843//3843 3833//3833 3675//3675 
f 3669//3669 3673//3673 3675//3675 
f 3671//3671 3669//3669 3675//3675 
f 3674//3674 3679//3679 3676//3676 
f 3672//3672 3674//3674 3676//3676 
f 3853//3853 3674//3674 3842//3842 
f 3679//3679 3674//3674 3853//3853 
f 3680//3680 3854//3854 3844//3844 
f 3844//3844 3855//3855 3680//3680 
f 3681//3681 3843//3843 3675//3675 
f 3856//3856 3843//3843 3681//3681 
f 3673//3673 3677//3677 3681//3681 
f 3675//3675 3673//3673 3681//3681 
f 3679//3679 3687//3687 3682//3682 
f 3676//3676 3679//3679 3682//3682 
f 3868//3868 3679//3679 3853//3853 
f 3687//3687 3679//3679 3868//3868 
f 3688//3688 3869//3869 3857//3857 
f 3854//3854 3688//3688 3857//3857 
f 3854//3854 3680//3680 3688//3688 
f 3680//3680 3689//3689 3688//3688 
f 3858//3858 3680//3680 3855//3855 
f 3858//3858 3690//3690 3680//3680 
f 3690//3690 3689//3689 3680//3680 
f 3690//3690 3859//3859 3691//3691 
f 3858//3858 3859//3859 3690//3690 
f 3691//3691 3860//3860 3692//3692 
f 3859//3859 3860//3860 3691//3691 
f 3856//3856 3692//3692 3860//3860 
f 3681//3681 3692//3692 3856//3856 
f 3681//3681 3683//3683 3692//3692 
f 3681//3681 3678//3678 3683//3683 
f 3677//3677 3678//3678 3681//3681 
f 3682//3682 3687//3687 3684//3684 
f 3693//3693 3870//3870 3701//3701 
f 3684//3684 3870//3870 3693//3693 
f 3684//3684 3868//3868 3870//3870 
f 3684//3684 3687//3687 3868//3868 
f 3701//3701 3871//3871 3702//3702 
f 3870//3870 3871//3871 3701//3701 
f 3702//3702 3872//3872 3703//3703 
f 3871//3871 3872//3872 3702//3702 
f 3869//3869 3703//3703 3872//3872 
f 3869//3869 3688//3688 3703//3703 
f 3688//3688 3704//3704 3703//3703 
f 3689//3689 3705//3705 3688//3688 
f 3705//3705 3704//3704 3688//3688 
f 3690//3690 3706//3706 3689//3689 
f 3706//3706 3705//3705 3689//3689 
f 3685//3685 3694//3694 3706//3706 
f 3685//3685 3706//3706 3691//3691 
f 3691//3691 3706//3706 3690//3690 
f 3686//3686 3685//3685 3691//3691 
f 3692//3692 3686//3686 3691//3691 
f 3683//3683 3686//3686 3692//3692 
f 3693//3693 3701//3701 3695//3695 
f 3696//3696 3695//3695 3701//3701 
f 3702//3702 3696//3696 3701//3701 
f 3697//3697 3696//3696 3702//3702 
f 3703//3703 3697//3697 3702//3702 
f 3698//3698 3697//3697 3703//3703 
f 3704//3704 3698//3698 3703//3703 
f 3699//3699 3698//3698 3704//3704 
f 3705//3705 3699//3699 3704//3704 
f 3700//3700 3699//3699 3705//3705 
f 3706//3706 3700//3700 3705//3705 
f 3694//3694 3700//3700 3706//3706 
f 3707//3707 3876//3876 3877//3877 
f 3710//3710 3707//3707 3877//3877 
f 3712//3712 3878//3878 3876//3876 
f 3712//3712 3876//3876 3708//3708 
f 3708//3708 3876//3876 3707//3707 
f 3708//3708 3709//3709 3713//3713 
f 3712//3712 3708//3708 3713//3713 
f 3709//3709 3711//3711 3713//3713 
f 3710//3710 3877//3877 3714//3714 
f 3877//3877 3881//3881 3714//3714 
f 3712//3712 3879//3879 3878//3878 
f 3879//3879 3716//3716 3882//3882 
f 3879//3879 3712//3712 3716//3716 
f 3712//3712 3713//3713 3716//3716 
f 3711//3711 3715//3715 3716//3716 
f 3713//3713 3711//3711 3716//3716 
f 3883//3883 3723//3723 3717//3717 
f 3883//3883 3717//3717 3881//3881 
f 3881//3881 3717//3717 3714//3714 
f 3883//3883 3889//3889 3723//3723 
f 3716//3716 3884//3884 3882//3882 
f 3716//3716 3715//3715 3718//3718 
f 3716//3716 3718//3718 3885//3885 
f 3716//3716 3885//3885 3884//3884 
f 3724//3724 3885//3885 3718//3718 
f 3885//3885 3724//3724 3890//3890 
f 3725//3725 3886//3886 3891//3891 
f 3886//3886 3725//3725 3892//3892 
f 3717//3717 3723//3723 3719//3719 
f 3723//3723 3726//3726 3719//3719 
f 3723//3723 3889//3889 3726//3726 
f 3889//3889 3898//3898 3726//3726 
f 3718//3718 3720//3720 3724//3724 
f 3724//3724 3893//3893 3890//3890 
f 3724//3724 3720//3720 3893//3893 
f 3720//3720 3721//3721 3893//3893 
f 3891//3891 3722//3722 3725//3725 
f 3891//3891 3893//3893 3722//3722 
f 3893//3893 3721//3721 3722//3722 
f 3725//3725 3722//3722 3727//3727 
f 3725//3725 3727//3727 3892//3892 
f 3892//3892 3727//3727 3899//3899 
f 3728//3728 3732//3732 3729//3729 
f 3728//3728 3902//3902 3732//3732 
f 3728//3728 3726//3726 3902//3902 
f 3726//3726 3898//3898 3902//3902 
f 3727//3727 3730//3730 3899//3899 
f 3899//3899 3730//3730 3903//3903 
f 3732//3732 3736//3736 3733//3733 
f 3729//3729 3732//3732 3733//3733 
f 3905//3905 3732//3732 3902//3902 
f 3736//3736 3732//3732 3905//3905 
f 3730//3730 3904//3904 3903//3903 
f 3731//3731 3904//3904 3730//3730 
f 3904//3904 3731//3731 3734//3734 
f 3906//3906 3904//3904 3734//3734 
f 3736//3736 3740//3740 3737//3737 
f 3733//3733 3736//3736 3737//3737 
f 3907//3907 3736//3736 3905//3905 
f 3740//3740 3736//3736 3907//3907 
f 3741//3741 3734//3734 3735//3735 
f 3741//3741 3908//3908 3734//3734 
f 3908//3908 3906//3906 3734//3734 
f 3735//3735 3738//3738 3741//3741 
f 3737//3737 3740//3740 3739//3739 
f 3740//3740 3742//3742 3739//3739 
f 3740//3740 3907//3907 3742//3742 
f 3907//3907 3910//3910 3742//3742 
f 3741//3741 3909//3909 3908//3908 
f 3909//3909 3741//3741 3738//3738 
f 3909//3909 3738//3738 3911//3911 
f 3911//3911 3738//3738 3743//3743 
f 3742//3742 3910//3910 3745//3745 
f 3910//3910 3913//3913 3745//3745 
f 3743//3743 3912//3912 3911//3911 
f 3744//3744 3912//3912 3743//3743 
f 3912//3912 3744//3744 3746//3746 
f 3914//3914 3912//3912 3746//3746 
f 3745//3745 3913//3913 3748//3748 
f 3913//3913 3916//3916 3748//3748 
f 3746//3746 3915//3915 3914//3914 
f 3747//3747 3915//3915 3746//3746 
f 3915//3915 3747//3747 3749//3749 
f 3917//3917 3915//3915 3749//3749 
f 3918//3918 3753//3753 3751//3751 
f 3918//3918 3751//3751 3916//3916 
f 3916//3916 3751//3751 3748//3748 
f 3918//3918 3920//3920 3753//3753 
f 3754//3754 3749//3749 3750//3750 
f 3754//3754 3921//3921 3749//3749 
f 3921//3921 3917//3917 3749//3749 
f 3750//3750 3752//3752 3754//3754 
f 3753//3753 3757//3757 3755//3755 
f 3751//3751 3753//3753 3755//3755 
f 3924//3924 3753//3753 3920//3920 
f 3757//3757 3753//3753 3924//3924 
f 3754//3754 3922//3922 3921//3921 
f 3922//3922 3754//3754 3752//3752 
f 3922//3922 3752//3752 3925//3925 
f 3925//3925 3752//3752 3756//3756 
f 3757//3757 3761//3761 3758//3758 
f 3755//3755 3757//3757 3758//3758 
f 3927//3927 3757//3757 3924//3924 
f 3761//3761 3757//3757 3927//3927 
f 3756//3756 3759//3759 3925//3925 
f 3925//3925 3759//3759 3928//3928 
f 3758//3758 3761//3761 3760//3760 
f 3762//3762 3929//3929 3765//3765 
f 3760//3760 3929//3929 3762//3762 
f 3760//3760 3927//3927 3929//3929 
f 3760//3760 3761//3761 3927//3927 
f 3929//3929 3931//3931 3765//3765 
f 3759//3759 3763//3763 3928//3928 
f 3928//3928 3763//3763 3932//3932 
f 3765//3765 3769//3769 3766//3766 
f 3762//3762 3765//3765 3766//3766 
f 3933//3933 3765//3765 3931//3931 
f 3769//3769 3765//3765 3933//3933 
f 3770//3770 3763//3763 3764//3764 
f 3770//3770 3934//3934 3763//3763 
f 3934//3934 3932//3932 3763//3763 
f 3764//3764 3767//3767 3770//3770 
f 3769//3769 3773//3773 3771//3771 
f 3766//3766 3769//3769 3771//3771 
f 3935//3935 3769//3769 3933//3933 
f 3773//3773 3769//3769 3935//3935 
f 3774//3774 3934//3934 3770//3770 
f 3936//3936 3934//3934 3774//3774 
f 3767//3767 3768//3768 3775//3775 
f 3767//3767 3775//3775 3770//3770 
f 3770//3770 3775//3775 3774//3774 
f 3768//3768 3772//3772 3775//3775 
f 3773//3773 3778//3778 3776//3776 
f 3771//3771 3773//3773 3776//3776 
f 3937//3937 3773//3773 3935//3935 
f 3778//3778 3773//3773 3937//3937 
f 3779//3779 3936//3936 3774//3774 
f 3938//3938 3936//3936 3779//3779 
f 3775//3775 3780//3780 3774//3774 
f 3780//3780 3779//3779 3774//3774 
f 3772//3772 3777//3777 3780//3780 
f 3775//3775 3772//3772 3780//3780 
f 3778//3778 3784//3784 3781//3781 
f 3776//3776 3778//3778 3781//3781 
f 3939//3939 3778//3778 3937//3937 
f 3784//3784 3778//3778 3939//3939 
f 3785//3785 3938//3938 3779//3779 
f 3940//3940 3938//3938 3785//3785 
f 3780//3780 3786//3786 3779//3779 
f 3786//3786 3785//3785 3779//3779 
f 3777//3777 3782//3782 3786//3786 
f 3780//3780 3777//3777 3786//3786 
f 3781//3781 3784//3784 3783//3783 
f 3784//3784 3787//3787 3783//3783 
f 3784//3784 3939//3939 3787//3787 
f 3939//3939 3944//3944 3787//3787 
f 3789//3789 3945//3945 3941//3941 
f 3789//3789 3942//3942 3790//3790 
f 3941//3941 3942//3942 3789//3789 
f 3940//3940 3790//3790 3942//3942 
f 3940//3940 3785//3785 3790//3790 
f 3785//3785 3791//3791 3790//3790 
f 3786//3786 3792//3792 3785//3785 
f 3792//3792 3791//3791 3785//3785 
f 3782//3782 3788//3788 3792//3792 
f 3786//3786 3782//3782 3792//3792 
f 3787//3787 3944//3944 3793//3793 
f 3944//3944 3948//3948 3793//3793 
f 3795//3795 3949//3949 3946//3946 
f 3945//3945 3795//3795 3946//3946 
f 3945//3945 3789//3789 3795//3795 
f 3789//3789 3796//3796 3795//3795 
f 3790//3790 3797//3797 3789//3789 
f 3797//3797 3796//3796 3789//3789 
f 3791//3791 3798//3798 3790//3790 
f 3798//3798 3797//3797 3790//3790 
f 3792//3792 3799//3799 3791//3791 
f 3799//3799 3798//3798 3791//3791 
f 3788//3788 3794//3794 3799//3799 
f 3792//3792 3788//3788 3799//3799 
f 3793//3793 3948//3948 3800//3800 
f 3948//3948 3950//3950 3800//3800 
f 3802//3802 3949//3949 3795//3795 
f 3951//3951 3949//3949 3802//3802 
f 3796//3796 3803//3803 3795//3795 
f 3803//3803 3802//3802 3795//3795 
f 3797//3797 3804//3804 3796//3796 
f 3804//3804 3803//3803 3796//3796 
f 3798//3798 3805//3805 3797//3797 
f 3805//3805 3804//3804 3797//3797 
f 3799//3799 3806//3806 3798//3798 
f 3806//3806 3805//3805 3798//3798 
f 3794//3794 3801//3801 3806//3806 
f 3799//3799 3794//3794 3806//3806 
f 3952//3952 3810//3810 3807//3807 
f 3952//3952 3807//3807 3950//3950 
f 3950//3950 3807//3807 3800//3800 
f 3810//3810 3953//3953 3811//3811 
f 3952//3952 3953//3953 3810//3810 
f 3811//3811 3954//3954 3812//3812 
f 3953//3953 3954//3954 3811//3811 
f 3812//3812 3955//3955 3813//3813 
f 3954//3954 3955//3955 3812//3812 
f 3813//3813 3956//3956 3814//3814 
f 3955//3955 3956//3956 3813//3813 
f 3951//3951 3814//3814 3956//3956 
f 3951//3951 3802//3802 3814//3814 
f 3802//3802 3815//3815 3814//3814 
f 3803//3803 3816//3816 3802//3802 
f 3816//3816 3815//3815 3802//3802 
f 3804//3804 3817//3817 3803//3803 
f 3817//3817 3816//3816 3803//3803 
f 3805//3805 3818//3818 3804//3804 
f 3818//3818 3817//3817 3804//3804 
f 3806//3806 3819//3819 3805//3805 
f 3819//3819 3818//3818 3805//3805 
f 3801//3801 3808//3808 3819//3819 
f 3806//3806 3801//3801 3819//3819 
f 3810//3810 3823//3823 3820//3820 
f 3807//3807 3810//3810 3820//3820 
f 3811//3811 3824//3824 3810//3810 
f 3824//3824 3823//3823 3810//3810 
f 3812//3812 3825//3825 3811//3811 
f 3825//3825 3824//3824 3811//3811 
f 3813//3813 3826//3826 3812//3812 
f 3826//3826 3825//3825 3812//3812 
f 3814//3814 3827//3827 3813//3813 
f 3827//3827 3826//3826 3813//3813 
f 3815//3815 3828//3828 3814//3814 
f 3828//3828 3827//3827 3814//3814 
f 3816//3816 3829//3829 3815//3815 
f 3829//3829 3828//3828 3815//3815 
f 3817//3817 3830//3830 3816//3816 
f 3830//3830 3829//3829 3816//3816 
f 3818//3818 3831//3831 3817//3817 
f 3831//3831 3830//3830 3817//3817 
f 3809//3809 3821//3821 3831//3831 
f 3809//3809 3831//3831 3819//3819 
f 3819//3819 3831//3831 3818//3818 
f 3808//3808 3809//3809 3819//3819 
f 3823//3823 3834//3834 3832//3832 
f 3820//3820 3823//3823 3832//3832 
f 3824//3824 3835//3835 3823//3823 
f 3835//3835 3834//3834 3823//3823 
f 3825//3825 3836//3836 3824//3824 
f 3836//3836 3835//3835 3824//3824 
f 3826//3826 3837//3837 3825//3825 
f 3837//3837 3836//3836 3825//3825 
f 3827//3827 3838//3838 3826//3826 
f 3838//3838 3837//3837 3826//3826 
f 3828//3828 3839//3839 3827//3827 
f 3839//3839 3838//3838 3827//3827 
f 3829//3829 3840//3840 3828//3828 
f 3840//3840 3839//3839 3828//3828 
f 3830//3830 3841//3841 3829//3829 
f 3841//3841 3840//3840 3829//3829 
f 3822//3822 3833//3833 3841//3841 
f 3822//3822 3841//3841 3831//3831 
f 3831//3831 3841//3841 3830//3830 
f 3821//3821 3822//3822 3831//3831 
f 3834//3834 3845//3845 3842//3842 
f 3832//3832 3834//3834 3842//3842 
f 3835//3835 3846//3846 3834//3834 
f 3846//3846 3845//3845 3834//3834 
f 3836//3836 3847//3847 3835//3835 
f 3847//3847 3846//3846 3835//3835 
f 3837//3837 3848//3848 3836//3836 
f 3848//3848 3847//3847 3836//3836 
f 3838//3838 3849//3849 3837//3837 
f 3849//3849 3848//3848 3837//3837 
f 3839//3839 3850//3850 3838//3838 
f 3850//3850 3849//3849 3838//3838 
f 3840//3840 3851//3851 3839//3839 
f 3851//3851 3850//3850 3839//3839 
f 3841//3841 3852//3852 3840//3840 
f 3852//3852 3851//3851 3840//3840 
f 3833//3833 3843//3843 3852//3852 
f 3841//3841 3833//3833 3852//3852 
f 3845//3845 3861//3861 3853//3853 
f 3842//3842 3845//3845 3853//3853 
f 3846//3846 3862//3862 3845//3845 
f 3862//3862 3861//3861 3845//3845 
f 3847//3847 3863//3863 3846//3846 
f 3863//3863 3862//3862 3846//3846 
f 3848//3848 3864//3864 3847//3847 
f 3864//3864 3863//3863 3847//3847 
f 3844//3844 3854//3854 3864//3864 
f 3844//3844 3864//3864 3849//3849 
f 3849//3849 3864//3864 3848//3848 
f 3855//3855 3844//3844 3849//3849 
f 3855//3855 3849//3849 3865//3865 
f 3865//3865 3849//3849 3850//3850 
f 3851//3851 3866//3866 3850//3850 
f 3866//3866 3865//3865 3850//3850 
f 3852//3852 3867//3867 3851//3851 
f 3867//3867 3866//3866 3851//3851 
f 3843//3843 3856//3856 3867//3867 
f 3852//3852 3843//3843 3867//3867 
f 3861//3861 3873//3873 3868//3868 
f 3853//3853 3861//3861 3868//3868 
f 3862//3862 3874//3874 3861//3861 
f 3874//3874 3873//3873 3861//3861 
f 3863//3863 3875//3875 3862//3862 
f 3875//3875 3874//3874 3862//3862 
f 3857//3857 3869//3869 3875//3875 
f 3857//3857 3875//3875 3864//3864 
f 3864//3864 3875//3875 3863//3863 
f 3854//3854 3857//3857 3864//3864 
f 3855//3855 3865//3865 3858//3858 
f 3859//3859 3858//3858 3865//3865 
f 3866//3866 3859//3859 3865//3865 
f 3860//3860 3859//3859 3866//3866 
f 3867//3867 3860//3860 3866//3866 
f 3856//3856 3860//3860 3867//3867 
f 3868//3868 3873//3873 3870//3870 
f 3871//3871 3870//3870 3873//3873 
f 3874//3874 3871//3871 3873//3873 
f 3872//3872 3871//3871 3874//3874 
f 3875//3875 3872//3872 3874//3874 
f 3869//3869 3872//3872 3875//3875 
f 3876//3876 3880//3880 3877//3877 
f 3876//3876 3878//3878 3880//3880 
f 3880//3880 3887//3887 3881//3881 
f 3877//3877 3880//3880 3881//3881 
f 3878//3878 3879//3879 3888//3888 
f 3878//3878 3888//3888 3880//3880 
f 3880//3880 3888//3888 3887//3887 
f 3879//3879 3882//3882 3888//3888 
f 3881//3881 3887//3887 3883//3883 
f 3889//3889 3883//3883 3887//3887 
f 3889//3889 3887//3887 3894//3894 
f 3894//3894 3887//3887 3888//3888 
f 3882//3882 3884//3884 3895//3895 
f 3882//3882 3895//3895 3888//3888 
f 3888//3888 3895//3895 3894//3894 
f 3884//3884 3885//3885 3896//3896 
f 3895//3895 3884//3884 3896//3896 
f 3885//3885 3890//3890 3896//3896 
f 3886//3886 3897//3897 3891//3891 
f 3886//3886 3892//3892 3897//3897 
f 3894//3894 3959//3959 3962//3962 
f 3894//3894 3962//3962 3889//3889 
f 3889//3889 3962//3962 3898//3898 
f 3895//3895 3959//3959 3894//3894 
f 3960//3960 3959//3959 3895//3895 
f 3896//3896 3960//3960 3895//3895 
f 3961//3961 3960//3960 3896//3896 
f 3900//3900 3963//3963 3961//3961 
f 3893//3893 3900//3900 3961//3961 
f 3893//3893 3961//3961 3896//3896 
f 3893//3893 3896//3896 3890//3890 
f 3893//3893 3891//3891 3897//3897 
f 3893//3893 3897//3897 3900//3900 
f 3900//3900 3897//3897 3901//3901 
f 3892//3892 3899//3899 3901//3901 
f 3897//3897 3892//3892 3901//3901 
f 3898//3898 3962//3962 3902//3902 
f 3962//3962 3968//3968 3902//3902 
f 3900//3900 3964//3964 3963//3963 
f 3901//3901 3964//3964 3900//3900 
f 3965//3965 3964//3964 3901//3901 
f 3965//3965 3901//3901 3899//3899 
f 3965//3965 3899//3899 3969//3969 
f 3969//3969 3899//3899 3903//3903 
f 3902//3902 3968//3968 3905//3905 
f 3968//3968 3972//3972 3905//3905 
f 3903//3903 3970//3970 3969//3969 
f 3904//3904 3970//3970 3903//3903 
f 3970//3970 3904//3904 3906//3906 
f 3973//3973 3970//3970 3906//3906 
f 3905//3905 3972//3972 3907//3907 
f 3972//3972 3975//3975 3907//3907 
f 3906//3906 3908//3908 3973//3973 
f 3973//3973 3908//3908 3976//3976 
f 3907//3907 3975//3975 3910//3910 
f 3975//3975 3979//3979 3910//3910 
f 3908//3908 3977//3977 3976//3976 
f 3909//3909 3977//3977 3908//3908 
f 3977//3977 3909//3909 3911//3911 
f 3980//3980 3977//3977 3911//3911 
f 3910//3910 3979//3979 3913//3913 
f 3979//3979 3984//3984 3913//3913 
f 3911//3911 3981//3981 3980//3980 
f 3912//3912 3981//3981 3911//3911 
f 3981//3981 3912//3912 3914//3914 
f 3985//3985 3981//3981 3914//3914 
f 3986//3986 3919//3919 3916//3916 
f 3986//3986 3916//3916 3984//3984 
f 3984//3984 3916//3916 3913//3913 
f 3986//3986 3990//3990 3919//3919 
f 3914//3914 3987//3987 3985//3985 
f 3915//3915 3987//3987 3914//3914 
f 3987//3987 3915//3915 3917//3917 
f 3991//3991 3987//3987 3917//3917 
f 3916//3916 3919//3919 3918//3918 
f 3920//3920 3992//3992 3923//3923 
f 3918//3918 3992//3992 3920//3920 
f 3918//3918 3990//3990 3992//3992 
f 3918//3918 3919//3919 3990//3990 
f 3992//3992 3995//3995 3923//3923 
f 3917//3917 3921//3921 3991//3991 
f 3991//3991 3921//3921 3996//3996 
f 3923//3923 3926//3926 3924//3924 
f 3920//3920 3923//3923 3924//3924 
f 4000//4000 3923//3923 3995//3995 
f 3926//3926 3923//3923 4000//4000 
f 3921//3921 3997//3997 3996//3996 
f 3922//3922 3997//3997 3921//3921 
f 3997//3997 3922//3922 3925//3925 
f 4001//4001 3997//3997 3925//3925 
f 3926//3926 3930//3930 3927//3927 
f 3924//3924 3926//3926 3927//3927 
f 4005//4005 3926//3926 4000//4000 
f 3930//3930 3926//3926 4005//4005 
f 3925//3925 3928//3928 4001//4001 
f 4001//4001 3928//3928 4006//4006 
f 3927//3927 3930//3930 3929//3929 
f 3930//3930 3931//3931 3929//3929 
f 3930//3930 4005//4005 3931//3931 
f 4005//4005 4009//4009 3931//3931 
f 3928//3928 3932//3932 4006//4006 
f 4006//4006 3932//3932 4010//4010 
f 3931//3931 4009//4009 3933//3933 
f 4009//4009 4013//4013 3933//3933 
f 3932//3932 3934//3934 4010//4010 
f 4010//4010 3934//3934 4014//4014 
f 3933//3933 4013//4013 3935//3935 
f 4013//4013 4017//4017 3935//3935 
f 3934//3934 3936//3936 4014//4014 
f 4014//4014 3936//3936 4018//4018 
f 3935//3935 4017//4017 3937//3937 
f 4017//4017 4021//4021 3937//3937 
f 3936//3936 3938//3938 4018//4018 
f 4018//4018 3938//3938 4022//4022 
f 3937//3937 4021//4021 3939//3939 
f 4021//4021 4026//4026 3939//3939 
f 3943//3943 4027//4027 4023//4023 
f 3943//3943 4023//4023 4022//4022 
f 3943//3943 4022//4022 3940//3940 
f 3940//3940 4022//4022 3938//3938 
f 3939//3939 4026//4026 3944//3944 
f 4026//4026 4033//4033 3944//3944 
f 3947//3947 4034//4034 4028//4028 
f 3947//3947 3941//3941 3945//3945 
f 3947//3947 4028//4028 3941//3941 
f 4028//4028 4029//4029 3941//3941 
f 4027//4027 3943//3943 3942//3942 
f 4027//4027 3942//3942 4029//4029 
f 4029//4029 3942//3942 3941//3941 
f 3940//3940 3942//3942 3943//3943 
f 3944//3944 4033//4033 3948//3948 
f 4033//4033 4037//4037 3948//3948 
f 3946//3946 4034//4034 3947//3947 
f 3946//3946 3949//3949 4034//4034 
f 3949//3949 4038//4038 4034//4034 
f 3945//3945 3946//3946 3947//3947 
f 4039//4039 3957//3957 3950//3950 
f 4039//4039 3950//3950 4037//4037 
f 4037//4037 3950//3950 3948//3948 
f 4039//4039 4043//4043 3957//3957 
f 3958//3958 4044//4044 4040//4040 
f 3958//3958 4040//4040 4038//4038 
f 3958//3958 4038//4038 3951//3951 
f 3951//3951 4038//4038 3949//3949 
f 3950//3950 3957//3957 3952//3952 
f 3957//3957 4043//4043 4045//4045 
f 3957//3957 4045//4045 3952//3952 
f 3952//3952 4045//4045 3953//3953 
f 3954//3954 3953//3953 4046//4046 
f 3953//3953 4045//4045 4046//4046 
f 3955//3955 3954//3954 4047//4047 
f 3954//3954 4046//4046 4047//4047 
f 4044//4044 3958//3958 3956//3956 
f 4044//4044 3956//3956 4047//4047 
f 4047//4047 3956//3956 3955//3955 
f 3951//3951 3956//3956 3958//3958 
f 3959//3959 3966//3966 3962//3962 
f 4052//4052 3966//3966 3959//3959 
f 4052//4052 3959//3959 4051//4051 
f 4051//4051 3959//3959 3960//3960 
f 3967//3967 4053//4053 4051//4051 
f 3967//3967 4051//4051 3961//3961 
f 3961//3961 4051//4051 3960//3960 
f 3961//3961 3963//3963 3967//3967 
f 3966//3966 3971//3971 3968//3968 
f 3962//3962 3966//3966 3968//3968 
f 4058//4058 3966//3966 4052//4052 
f 3971//3971 3966//3966 4058//4058 
f 3967//3967 4054//4054 4053//4053 
f 3963//3963 4054//4054 3967//3967 
f 3963//3963 3964//3964 4054//4054 
f 3964//3964 4055//4055 4054//4054 
f 3965//3965 4056//4056 3964//3964 
f 3964//3964 4056//4056 4055//4055 
f 4056//4056 3965//3965 3969//3969 
f 4059//4059 4056//4056 3969//3969 
f 3971//3971 3974//3974 3972//3972 
f 3968//3968 3971//3971 3972//3972 
f 4065//4065 3971//3971 4058//4058 
f 3974//3974 3971//3971 4065//4065 
f 3969//3969 4060//4060 4059//4059 
f 3970//3970 4060//4060 3969//3969 
f 4060//4060 3970//3970 3973//3973 
f 4066//4066 4060//4060 3973//3973 
f 3974//3974 3978//3978 3975//3975 
f 3972//3972 3974//3974 3975//3975 
f 4069//4069 3974//3974 4065//4065 
f 3978//3978 3974//3974 4069//4069 
f 3973//3973 3976//3976 4066//4066 
f 4066//4066 3976//3976 4070//4070 
f 3978//3978 3982//3982 3979//3979 
f 3975//3975 3978//3978 3979//3979 
f 4073//4073 3978//3978 4069//4069 
f 3982//3982 3978//3978 4073//4073 
f 3983//3983 3976//3976 3977//3977 
f 3983//3983 4074//4074 3976//3976 
f 4074//4074 4070//4070 3976//3976 
f 3977//3977 3980//3980 3983//3983 
f 3982//3982 3988//3988 3984//3984 
f 3979//3979 3982//3982 3984//3984 
f 4078//4078 3982//3982 4073//4073 
f 3988//3988 3982//3982 4078//4078 
f 3983//3983 4075//4075 4074//4074 
f 3989//3989 4079//4079 4075//4075 
f 3981//3981 3989//3989 4075//4075 
f 3981//3981 4075//4075 3983//3983 
f 3981//3981 3983//3983 3980//3980 
f 3981//3981 3985//3985 3989//3989 
f 3984//3984 3988//3988 3986//3986 
f 3990//3990 4080//4080 3993//3993 
f 3986//3986 4080//4080 3990//3990 
f 3986//3986 4078//4078 4080//4080 
f 3986//3986 3988//3988 4078//4078 
f 4080//4080 4085//4085 3993//3993 
f 3989//3989 4081//4081 4079//4079 
f 3994//3994 4086//4086 4081//4081 
f 3987//3987 3994//3994 4081//4081 
f 3987//3987 4081//4081 3989//3989 
f 3987//3987 3989//3989 3985//3985 
f 3987//3987 3991//3991 3994//3994 
f 3990//3990 3993//3993 3992//3992 
f 3995//3995 4087//4087 3998//3998 
f 3992//3992 4087//4087 3995//3995 
f 3992//3992 4085//4085 4087//4087 
f 3992//3992 3993//3993 4085//4085 
f 4087//4087 4094//4094 3998//3998 
f 3999//3999 4086//4086 3994//3994 
f 4095//4095 4086//4086 3999//3999 
f 3991//3991 3996//3996 3999//3999 
f 3994//3994 3991//3991 3999//3999 
f 3998//3998 4002//4002 4000//4000 
f 3995//3995 3998//3998 4000//4000 
f 4096//4096 3998//3998 4094//4094 
f 4096//4096 4003//4003 3998//3998 
f 4003//4003 4002//4002 3998//3998 
f 4096//4096 4103//4103 4003//4003 
f 3999//3999 4097//4097 4095//4095 
f 4004//4004 4104//4104 4097//4097 
f 3997//3997 4004//4004 4097//4097 
f 3997//3997 4097//4097 3999//3999 
f 3997//3997 3999//3999 3996//3996 
f 3997//3997 4001//4001 4004//4004 
f 4002//4002 4007//4007 4005//4005 
f 4000//4000 4002//4002 4005//4005 
f 4111//4111 4003//4003 4105//4105 
f 4111//4111 4007//4007 4003//4003 
f 4007//4007 4002//4002 4003//4003 
f 4103//4103 4105//4105 4003//4003 
f 4008//4008 4104//4104 4004//4004 
f 4112//4112 4104//4104 4008//4008 
f 4001//4001 4006//4006 4008//4008 
f 4004//4004 4001//4001 4008//4008 
f 4007//4007 4011//4011 4009//4009 
f 4005//4005 4007//4007 4009//4009 
f 4119//4119 4007//4007 4111//4111 
f 4011//4011 4007//4007 4119//4119 
f 4012//4012 4112//4112 4008//4008 
f 4120//4120 4112//4112 4012//4012 
f 4006//4006 4010//4010 4012//4012 
f 4008//4008 4006//4006 4012//4012 
f 4011//4011 4015//4015 4013//4013 
f 4009//4009 4011//4011 4013//4013 
f 4127//4127 4011//4011 4119//4119 
f 4015//4015 4011//4011 4127//4127 
f 4016//4016 4120//4120 4012//4012 
f 4128//4128 4120//4120 4016//4016 
f 4010//4010 4014//4014 4016//4016 
f 4012//4012 4010//4010 4016//4016 
f 4015//4015 4019//4019 4017//4017 
f 4013//4013 4015//4015 4017//4017 
f 4135//4135 4015//4015 4127//4127 
f 4019//4019 4015//4015 4135//4135 
f 4020//4020 4128//4128 4016//4016 
f 4136//4136 4128//4128 4020//4020 
f 4014//4014 4018//4018 4020//4020 
f 4016//4016 4014//4014 4020//4020 
f 4019//4019 4024//4024 4021//4021 
f 4017//4017 4019//4019 4021//4021 
f 4143//4143 4019//4019 4135//4135 
f 4024//4024 4019//4019 4143//4143 
f 4025//4025 4136//4136 4020//4020 
f 4144//4144 4136//4136 4025//4025 
f 4018//4018 4022//4022 4025//4025 
f 4020//4020 4018//4018 4025//4025 
f 4024//4024 4030//4030 4026//4026 
f 4021//4021 4024//4024 4026//4026 
f 4153//4153 4024//4024 4143//4143 
f 4030//4030 4024//4024 4153//4153 
f 4031//4031 4154//4154 4145//4145 
f 4031//4031 4146//4146 4032//4032 
f 4145//4145 4146//4146 4031//4031 
f 4144//4144 4032//4032 4146//4146 
f 4025//4025 4032//4032 4144//4144 
f 4025//4025 4027//4027 4032//4032 
f 4025//4025 4023//4023 4027//4027 
f 4022//4022 4023//4023 4025//4025 
f 4030//4030 4035//4035 4033//4033 
f 4026//4026 4030//4030 4033//4033 
f 4160//4160 4030//4030 4153//4153 
f 4035//4035 4030//4030 4160//4160 
f 4036//4036 4161//4161 4155//4155 
f 4154//4154 4036//4036 4155//4155 
f 4031//4031 4036//4036 4154//4154 
f 4031//4031 4034//4034 4036//4036 
f 4031//4031 4028//4028 4034//4034 
f 4029//4029 4028//4028 4031//4031 
f 4032//4032 4029//4029 4031//4031 
f 4027//4027 4029//4029 4032//4032 
f 4035//4035 4041//4041 4037//4037 
f 4033//4033 4035//4035 4037//4037 
f 4165//4165 4035//4035 4160//4160 
f 4041//4041 4035//4035 4165//4165 
f 4042//4042 4161//4161 4036//4036 
f 4166//4166 4161//4161 4042//4042 
f 4034//4034 4038//4038 4042//4042 
f 4036//4036 4034//4034 4042//4042 
f 4037//4037 4041//4041 4039//4039 
f 4043//4043 4167//4167 4048//4048 
f 4039//4039 4167//4167 4043//4043 
f 4039//4039 4165//4165 4167//4167 
f 4039//4039 4041//4041 4165//4165 
f 4048//4048 4168//4168 4049//4049 
f 4167//4167 4168//4168 4048//4048 
f 4049//4049 4169//4169 4050//4050 
f 4168//4168 4169//4169 4049//4049 
f 4166//4166 4050//4050 4169//4169 
f 4042//4042 4050//4050 4166//4166 
f 4042//4042 4044//4044 4050//4050 
f 4042//4042 4040//4040 4044//4044 
f 4038//4038 4040//4040 4042//4042 
f 4043//4043 4048//4048 4045//4045 
f 4046//4046 4045//4045 4048//4048 
f 4049//4049 4046//4046 4048//4048 
f 4047//4047 4046//4046 4049//4049 
f 4050//4050 4047//4047 4049//4049 
f 4044//4044 4047//4047 4050//4050 
f 4051//4051 4057//4057 4052//4052 
f 4051//4051 4053//4053 4057//4057 
f 4057//4057 4061//4061 4058//4058 
f 4052//4052 4057//4057 4058//4058 
f 4053//4053 4054//4054 4062//4062 
f 4053//4053 4062//4062 4057//4057 
f 4057//4057 4062//4062 4061//4061 
f 4054//4054 4055//4055 4063//4063 
f 4062//4062 4054//4054 4063//4063 
f 4055//4055 4056//4056 4064//4064 
f 4063//4063 4055//4055 4064//4064 
f 4056//4056 4059//4059 4064//4064 
f 4061//4061 4067//4067 4065//4065 
f 4058//4058 4061//4061 4065//4065 
f 4176//4176 4062//4062 4173//4173 
f 4176//4176 4067//4067 4062//4062 
f 4067//4067 4061//4061 4062//4062 
f 4063//4063 4173//4173 4062//4062 
f 4174//4174 4173//4173 4063//4063 
f 4064//4064 4174//4174 4063//4063 
f 4175//4175 4174//4174 4064//4064 
f 4068//4068 4177//4177 4175//4175 
f 4060//4060 4068//4068 4175//4175 
f 4060//4060 4175//4175 4064//4064 
f 4060//4060 4064//4064 4059//4059 
f 4060//4060 4066//4066 4068//4068 
f 4067//4067 4071//4071 4069//4069 
f 4065//4065 4067//4067 4069//4069 
f 4181//4181 4067//4067 4176//4176 
f 4071//4071 4067//4067 4181//4181 
f 4072//4072 4177//4177 4068//4068 
f 4182//4182 4177//4177 4072//4072 
f 4066//4066 4070//4070 4072//4072 
f 4068//4068 4066//4066 4072//4072 
f 4071//4071 4076//4076 4073//4073 
f 4069//4069 4071//4071 4073//4073 
f 4186//4186 4071//4071 4181//4181 
f 4076//4076 4071//4071 4186//4186 
f 4077//4077 4182//4182 4072//4072 
f 4187//4187 4182//4182 4077//4077 
f 4070//4070 4074//4074 4077//4077 
f 4072//4072 4070//4070 4077//4077 
f 4076//4076 4082//4082 4078//4078 
f 4073//4073 4076//4076 4078//4078 
f 4191//4191 4076//4076 4186//4186 
f 4082//4082 4076//4076 4191//4191 
f 4083//4083 4187//4187 4077//4077 
f 4192//4192 4187//4187 4083//4083 
f 4074//4074 4075//4075 4084//4084 
f 4074//4074 4084//4084 4077//4077 
f 4077//4077 4084//4084 4083//4083 
f 4075//4075 4079//4079 4084//4084 
f 4078//4078 4082//4082 4080//4080 
f 4085//4085 4193//4193 4088//4088 
f 4080//4080 4193//4193 4085//4085 
f 4080//4080 4191//4191 4193//4193 
f 4080//4080 4082//4082 4191//4191 
f 4088//4088 4194//4194 4089//4089 
f 4193//4193 4194//4194 4088//4088 
f 4089//4089 4195//4195 4090//4090 
f 4194//4194 4195//4195 4089//4089 
f 4192//4192 4090//4090 4195//4195 
f 4192//4192 4083//4083 4090//4090 
f 4083//4083 4091//4091 4090//4090 
f 4084//4084 4092//4092 4083//4083 
f 4092//4092 4091//4091 4083//4083 
f 4079//4079 4081//4081 4093//4093 
f 4079//4079 4093//4093 4084//4084 
f 4084//4084 4093//4093 4092//4092 
f 4081//4081 4086//4086 4093//4093 
f 4085//4085 4088//4088 4087//4087 
f 4094//4094 4087//4087 4088//4088 
f 4094//4094 4088//4088 4098//4098 
f 4098//4098 4088//4088 4089//4089 
f 4090//4090 4099//4099 4089//4089 
f 4099//4099 4098//4098 4089//4089 
f 4091//4091 4100//4100 4090//4090 
f 4100//4100 4099//4099 4090//4090 
f 4092//4092 4101//4101 4091//4091 
f 4101//4101 4100//4100 4091//4091 
f 4093//4093 4102//4102 4092//4092 
f 4102//4102 4101//4101 4092//4092 
f 4086//4086 4095//4095 4102//4102 
f 4093//4093 4086//4086 4102//4102 
f 4094//4094 4098//4098 4096//4096 
f 4103//4103 4096//4096 4098//4098 
f 4103//4103 4098//4098 4106//4106 
f 4106//4106 4098//4098 4099//4099 
f 4100//4100 4107//4107 4099//4099 
f 4107//4107 4106//4106 4099//4099 
f 4101//4101 4108//4108 4100//4100 
f 4108//4108 4107//4107 4100//4100 
f 4102//4102 4109//4109 4101//4101 
f 4109//4109 4108//4108 4101//4101 
f 4095//4095 4097//4097 4110//4110 
f 4095//4095 4110//4110 4102//4102 
f 4102//4102 4110//4110 4109//4109 
f 4097//4097 4104//4104 4110//4110 
f 4105//4105 4113//4113 4111//4111 
f 4105//4105 4103//4103 4106//4106 
f 4105//4105 4106//4106 4113//4113 
f 4113//4113 4106//4106 4114//4114 
f 4107//4107 4115//4115 4106//4106 
f 4115//4115 4114//4114 4106//4106 
f 4108//4108 4116//4116 4107//4107 
f 4116//4116 4115//4115 4107//4107 
f 4109//4109 4117//4117 4108//4108 
f 4117//4117 4116//4116 4108//4108 
f 4110//4110 4118//4118 4109//4109 
f 4118//4118 4117//4117 4109//4109 
f 4104//4104 4112//4112 4118//4118 
f 4110//4110 4104//4104 4118//4118 
f 4113//4113 4121//4121 4119//4119 
f 4111//4111 4113//4113 4119//4119 
f 4114//4114 4122//4122 4113//4113 
f 4122//4122 4121//4121 4113//4113 
f 4115//4115 4123//4123 4114//4114 
f 4123//4123 4122//4122 4114//4114 
f 4116//4116 4124//4124 4115//4115 
f 4124//4124 4123//4123 4115//4115 
f 4117//4117 4125//4125 4116//4116 
f 4125//4125 4124//4124 4116//4116 
f 4118//4118 4126//4126 4117//4117 
f 4126//4126 4125//4125 4117//4117 
f 4112//4112 4120//4120 4126//4126 
f 4118//4118 4112//4112 4126//4126 
f 4121//4121 4129//4129 4127//4127 
f 4119//4119 4121//4121 4127//4127 
f 4122//4122 4130//4130 4121//4121 
f 4130//4130 4129//4129 4121//4121 
f 4123//4123 4131//4131 4122//4122 
f 4131//4131 4130//4130 4122//4122 
f 4124//4124 4132//4132 4123//4123 
f 4132//4132 4131//4131 4123//4123 
f 4125//4125 4133//4133 4124//4124 
f 4133//4133 4132//4132 4124//4124 
f 4126//4126 4134//4134 4125//4125 
f 4134//4134 4133//4133 4125//4125 
f 4120//4120 4128//4128 4134//4134 
f 4126//4126 4120//4120 4134//4134 
f 4129//4129 4137//4137 4135//4135 
f 4127//4127 4129//4129 4135//4135 
f 4130//4130 4138//4138 4129//4129 
f 4138//4138 4137//4137 4129//4129 
f 4131//4131 4139//4139 4130//4130 
f 4139//4139 4138//4138 4130//4130 
f 4132//4132 4140//4140 4131//4131 
f 4140//4140 4139//4139 4131//4131 
f 4133//4133 4141//4141 4132//4132 
f 4141//4141 4140//4140 4132//4132 
f 4134//4134 4142//4142 4133//4133 
f 4142//4142 4141//4141 4133//4133 
f 4128//4128 4136//4136 4142//4142 
f 4134//4134 4128//4128 4142//4142 
f 4137//4137 4147//4147 4143//4143 
f 4135//4135 4137//4137 4143//4143 
f 4138//4138 4148//4148 4137//4137 
f 4148//4148 4147//4147 4137//4137 
f 4139//4139 4149//4149 4138//4138 
f 4149//4149 4148//4148 4138//4138 
f 4140//4140 4150//4150 4139//4139 
f 4150//4150 4149//4149 4139//4139 
f 4141//4141 4151//4151 4140//4140 
f 4151//4151 4150//4150 4140//4140 
f 4142//4142 4152//4152 4141//4141 
f 4152//4152 4151//4151 4141//4141 
f 4136//4136 4144//4144 4152//4152 
f 4142//4142 4136//4136 4152//4152 
f 4147//4147 4156//4156 4153//4153 
f 4143//4143 4147//4147 4153//4153 
f 4148//4148 4157//4157 4147//4147 
f 4157//4157 4156//4156 4147//4147 
f 4149//4149 4158//4158 4148//4148 
f 4158//4158 4157//4157 4148//4148 
f 4150//4150 4159//4159 4149//4149 
f 4159//4159 4158//4158 4149//4149 
f 4145//4145 4154//4154 4159//4159 
f 4145//4145 4159//4159 4151//4151 
f 4151//4151 4159//4159 4150//4150 
f 4146//4146 4145//4145 4151//4151 
f 4152//4152 4146//4146 4151//4151 
f 4144//4144 4146//4146 4152//4152 
f 4156//4156 4162//4162 4160//4160 
f 4153//4153 4156//4156 4160//4160 
f 4157//4157 4163//4163 4156//4156 
f 4163//4163 4162//4162 4156//4156 
f 4158//4158 4164//4164 4157//4157 
f 4164//4164 4163//4163 4157//4157 
f 4155//4155 4161//4161 4164//4164 
f 4155//4155 4164//4164 4159//4159 
f 4159//4159 4164//4164 4158//4158 
f 4154//4154 4155//4155 4159//4159 
f 4162//4162 4170//4170 4165//4165 
f 4160//4160 4162//4162 4165//4165 
f 4163//4163 4171//4171 4162//4162 
f 4171//4171 4170//4170 4162//4162 
f 4164//4164 4172//4172 4163//4163 
f 4172//4172 4171//4171 4163//4163 
f 4161//4161 4166//4166 4172//4172 
f 4164//4164 4161//4161 4172//4172 
f 4165//4165 4170//4170 4167//4167 
f 4168//4168 4167//4167 4170//4170 
f 4171//4171 4168//4168 4170//4170 
f 4169//4169 4168//4168 4171//4171 
f 4172//4172 4169//4169 4171//4171 
f 4166//4166 4169//4169 4172//4172 
f 4173//4173 4178//4178 4176//4176 
f 4173//4173 4174//4174 4179//4179 
f 4178//4178 4173//4173 4179//4179 
f 4174//4174 4175//4175 4180//4180 
f 4179//4179 4174//4174 4180//4180 
f 4175//4175 4177//4177 4180//4180 
f 4178//4178 4183//4183 4181//4181 
f 4176//4176 4178//4178 4181//4181 
f 4179//4179 4184//4184 4178//4178 
f 4184//4184 4183//4183 4178//4178 
f 4180//4180 4185//4185 4179//4179 
f 4185//4185 4184//4184 4179//4179 
f 4177//4177 4182//4182 4185//4185 
f 4180//4180 4177//4177 4185//4185 
f 4183//4183 4188//4188 4186//4186 
f 4181//4181 4183//4183 4186//4186 
f 4184//4184 4189//4189 4183//4183 
f 4189//4189 4188//4188 4183//4183 
f 4185//4185 4190//4190 4184//4184 
f 4190//4190 4189//4189 4184//4184 
f 4182//4182 4187//4187 4190//4190 
f 4185//4185 4182//4182 4190//4190 
f 4188//4188 4196//4196 4191//4191 
f 4186//4186 4188//4188 4191//4191 
f 4189//4189 4197//4197 4188//4188 
f 4197//4197 4196//4196 4188//4188 
f 4190//4190 4198//4198 4189//4189 
f 4198//4198 4197//4197 4189//4189 
f 4187//4187 4192//4192 4198//4198 
f 4190//4190 4187//4187 4198//4198 
f 4191//4191 4196//4196 4193//4193 
f 4194//4194 4193//4193 4196//4196 
f 4197//4197 4194//4194 4196//4196 
f 4195//4195 4194//4194 4197//4197 
f 4198//4198 4195//4195 4197//4197 
f 4192//4192 4195//4195 4198//4198 
