#  3D Slicer output. SPACE=LPS

mtllib Markers.mtl

v -20.91340446472168 74.67549896240234 118.66361999511719
v -19.991971969604492 74.5333251953125 118.69779205322266
v -19.327207565307617 74.52215576171875 118.839599609375
v -21.667526245117188 75.23357391357422 118.80682373046875
v -20.96648597717285 75.50101470947266 118.5977554321289
v -20.274887084960938 75.33551788330078 118.59345245361328
v -19.504079818725586 75.20453643798828 118.76407623291016
v -21.357196807861328 76.1286849975586 118.76681518554688
v -20.543453216552734 76.10011291503906 118.68609619140625
v -19.767934799194336 75.9926986694336 118.8019790649414
v -21.451807022094727 76.74434661865234 118.99221801757812
v -20.8471622467041 76.76983642578125 118.9729995727539
v -20.06865692138672 76.70833587646484 119.01233673095703
v -21.244726181030273 73.97248077392578 118.91780090332031
v -20.486621856689453 73.8451156616211 118.90253448486328
v -19.505577087402344 73.76234436035156 119.05442810058594
v -21.86472511291504 73.17414093017578 119.67085266113281
v -21.102724075317383 73.23978424072266 119.36679077148438
v -20.10320281982422 73.15221405029297 119.3021240234375
v -19.55315589904785 73.16056060791016 119.32352447509766
v -21.620136260986328 74.44684600830078 118.86268615722656
v -18.926977157592773 74.2741928100586 119.10316467285156
v -22.127315521240234 74.62602233886719 119.13410949707031
v -21.918254852294922 73.85514831542969 119.28125
v -18.413223266601562 74.50370788574219 119.53353118896484
v -22.42521095275879 75.36957550048828 119.34100341796875
v -18.867048263549805 74.95653533935547 119.0791244506836
v -21.976444244384766 75.88790893554688 118.95842742919922
v -18.338525772094727 75.38178253173828 119.59744262695312
v -21.8902530670166 76.45680236816406 119.03937530517578
v -18.96811294555664 75.89646911621094 119.19697570800781
v -22.313949584960938 76.13546752929688 119.2800064086914
v -18.400436401367188 76.13565063476562 119.71448516845703
v -21.781475067138672 76.91333770751953 119.25932312011719
v -19.405977249145508 76.55754852294922 119.17469787597656
v -21.277551651000977 77.19532012939453 119.37417602539062
v -20.37472152709961 77.43624114990234 119.5752182006836
v -19.606311798095703 77.09060668945312 119.43836212158203
v -22.230342864990234 76.67329406738281 119.49610137939453
v -20.515647888183594 77.95498657226562 120.19454956054688
v -22.184837341308594 72.98392486572266 120.14892578125
v -21.467376708984375 72.5840072631836 120.15129089355469
v -20.40568733215332 72.49759674072266 119.95207214355469
v -19.586910247802734 72.77210998535156 119.72492980957031
v -20.812162399291992 72.02123260498047 120.59449005126953
v -20.175870895385742 71.97740173339844 120.54396057128906
v -22.356239318847656 73.4978256225586 119.81143951416016
v -19.112770080566406 73.2038345336914 119.53691101074219
v -18.738811492919922 73.78096771240234 119.45919036865234
v -18.59239959716797 73.31779479980469 119.91260528564453
v -22.702594757080078 74.31687927246094 119.81611633300781
v -18.177053451538086 73.89249420166016 120.07381439208984
v -23.17757225036621 74.06355285644531 120.54205322265625
v -22.96973419189453 75.20861053466797 119.97799682617188
v -17.769664764404297 74.85521697998047 120.3544692993164
v -23.274351119995117 74.70694732666016 120.4677734375
v -17.306842803955078 75.04296112060547 121.01591491699219
v -22.766036987304688 76.12181854248047 119.95343780517578
v -17.96217918395996 75.86367797851562 120.1691665649414
v -18.211231231689453 76.4686508178711 120.09284973144531
v -23.273164749145508 75.49737548828125 120.60364532470703
v -22.428787231445312 76.89068603515625 120.0799560546875
v -18.813875198364258 76.85899353027344 119.879150390625
v -21.89305877685547 77.20365142822266 119.80210876464844
v -21.222640991210938 77.70098876953125 120.13434600830078
v -19.545663833618164 77.56001281738281 119.95915985107422
v -18.26022720336914 76.77178192138672 120.34593963623047
v -20.8262996673584 78.1072006225586 120.65780639648438
v -20.021366119384766 77.9058837890625 120.13636016845703
v -20.167543411254883 78.16812133789062 120.77120208740234
v -21.3667049407959 77.98993682861328 120.89481353759766
v -19.621421813964844 77.9559097290039 120.48126983642578
v -20.949207305908203 71.74237060546875 121.31958770751953
v -20.3143310546875 71.7094955444336 121.06655883789062
v -21.442834854125977 72.09687805175781 120.87582397460938
v -19.821197509765625 71.8203353881836 120.90066528320312
v -22.148231506347656 72.5673599243164 120.9438705444336
v -19.55549430847168 72.24139404296875 120.4663314819336
v -18.93568992614746 72.79437255859375 120.1823959350586
v -19.386173248291016 71.92804718017578 121.14136505126953
v -22.74879264831543 73.40669250488281 120.51455688476562
v -18.275897979736328 73.20012664794922 120.61376953125
v -23.268417358398438 73.73527526855469 121.18269348144531
v -23.453184127807617 74.3106918334961 120.9675521850586
v -17.652498245239258 73.92390441894531 120.92160034179688
v -17.338144302368164 74.5494613647461 121.00175476074219
v -17.23828125 74.22747039794922 121.36585235595703
v -23.53196907043457 74.90536499023438 121.17755889892578
v -17.099918365478516 74.75003814697266 121.53057098388672
v -17.17643928527832 75.31705474853516 121.41868591308594
v -23.433120727539062 75.74569702148438 121.53363800048828
v -17.513446807861328 75.69648742675781 120.95360565185547
v -23.131319046020508 76.18999481201172 120.76378631591797
v -17.265995025634766 75.7398452758789 121.66536712646484
v -22.772254943847656 76.71649932861328 120.56219482421875
v -17.92694854736328 76.43222045898438 120.65313720703125
v -22.175111770629883 77.42938232421875 120.88270568847656
v -18.333641052246094 77.05914306640625 120.95723724365234
v -22.9827938079834 76.6606674194336 121.36750793457031
v -21.6416072845459 78.0035400390625 121.484130859375
v -19.057781219482422 77.61751556396484 120.62774658203125
v -20.81630516052246 78.2471694946289 121.53746032714844
v -19.986791610717773 78.26444244384766 121.53700256347656
v -19.480144500732422 78.05986785888672 121.14680480957031
v -22.1019229888916 77.7791748046875 121.90018463134766
v -20.998950958251953 71.62511444091797 122.175048828125
v -20.35569190979004 71.54651641845703 121.80241394042969
v -19.77777099609375 71.65945434570312 121.47952270507812
v -21.621639251708984 71.97178649902344 121.6423568725586
v -19.18630599975586 71.89024353027344 121.8426284790039
v -22.275381088256836 72.39286804199219 122.08401489257812
v -18.774051666259766 72.44258880615234 121.15345001220703
v -22.84223747253418 73.04254150390625 121.54490661621094
v -17.90887451171875 73.17085266113281 121.67655181884766
v -23.302759170532227 73.58680725097656 122.08694458007812
v -17.377973556518555 73.80899047851562 121.60801696777344
v -23.55251121520996 74.25794982910156 121.64066314697266
v -17.117441177368164 74.21241760253906 121.89064025878906
v -23.64253044128418 74.9289321899414 122.02237701416016
v -17.001953125 74.66169738769531 122.12067413330078
v -23.5826473236084 75.5243148803711 122.43173217773438
v -17.058794021606445 75.24524688720703 122.04817962646484
v -17.269821166992188 75.85944366455078 122.32870483398438
v -23.237672805786133 76.32546997070312 122.52055358886719
v -17.671184539794922 76.3897476196289 121.64883422851562
v -22.64575958251953 77.21907043457031 122.12350463867188
v -18.190536499023438 77.1301040649414 122.16676330566406
v -22.20798110961914 77.6949462890625 122.76637268066406
v -18.827890396118164 77.6910629272461 121.58509063720703
v -21.5181827545166 78.11151885986328 122.36884307861328
v -20.774208068847656 78.28482055664062 122.50350952148438
v -20.121170043945312 78.26889038085938 122.28726196289062
v -19.416942596435547 78.08467864990234 122.02831268310547
v -20.930749893188477 71.62394714355469 123.08604431152344
v -20.344072341918945 71.50018310546875 122.6383056640625
v -19.734697341918945 71.5835189819336 122.25934600830078
v -21.614959716796875 71.91424560546875 122.66073608398438
v -19.15324592590332 71.8458023071289 122.73796844482422
v -22.189319610595703 72.39385986328125 123.1933822631836
v -18.543840408325195 72.38956451416016 122.3193130493164
v -22.82685089111328 72.94603729248047 122.63578796386719
v -17.875795364379883 73.12384796142578 122.92393493652344
v -23.24043083190918 73.59989166259766 123.06271362304688
v -17.374319076538086 73.6938705444336 122.26053619384766
v -23.561691284179688 74.23448181152344 122.51704406738281
v -17.101634979248047 74.25757598876953 122.50930786132812
v -17.356103897094727 73.82018280029297 122.9187240600586
v -23.62901496887207 74.91996765136719 122.88679504394531
v -17.036100387573242 74.85466766357422 122.63603973388672
v -17.229660034179688 74.40345001220703 123.1619644165039
v -23.498416900634766 75.60748291015625 123.20381927490234
v -17.097145080566406 75.39045715332031 122.66557312011719
v -17.296756744384766 75.72930908203125 123.00712585449219
v -17.221372604370117 75.13054656982422 123.22355651855469
v -23.193586349487305 76.21121978759766 123.6013412475586
v -17.67774772644043 76.40703582763672 122.88897705078125
v -22.698062896728516 76.99137878417969 123.4127426147461
v -18.22903823852539 77.11299133300781 123.228515625
v -22.932886123657227 76.51126861572266 123.96797180175781
v -22.149951934814453 77.60331726074219 123.546630859375
v -18.7801513671875 77.66189575195312 122.63613891601562
v -21.714111328125 77.96182250976562 123.28038024902344
v -21.042640686035156 78.15612030029297 123.18817901611328
v -20.276668548583984 78.16316986083984 123.13629913330078
v -19.49167251586914 77.99132537841797 122.96654510498047
v -21.775146484375 77.74886322021484 123.89080810546875
v -20.783533096313477 71.6744384765625 123.73616790771484
v -20.29503059387207 71.58238220214844 123.43144226074219
v -19.712697982788086 71.60591888427734 123.0560073852539
v -21.36256980895996 72.01687622070312 123.80835723876953
v -19.260717391967773 71.81770324707031 123.31705474853516
v -22.02253532409668 72.51911163330078 124.04733276367188
v -18.721593856811523 72.3106460571289 123.51787567138672
v -20.829410552978516 71.8284912109375 124.10201263427734
v -20.350971221923828 71.79824829101562 124.09346771240234
v -19.589231491088867 71.86237335205078 123.81790924072266
v -22.640369415283203 73.07227325439453 123.8361587524414
v -18.132966995239258 73.07520294189453 123.97052001953125
v -23.148649215698242 73.7802734375 123.81859588623047
v -22.144906997680664 72.81632995605469 124.40684509277344
v -18.550844192504883 72.6417007446289 124.31298065185547
v -23.4649715423584 74.28495025634766 123.38043212890625
v -17.6219539642334 73.78594207763672 123.60946655273438
v -23.224884033203125 74.37958526611328 124.14048767089844
v -23.475540161132812 74.96675109863281 123.69686889648438
v -17.550703048706055 74.63861846923828 123.88009643554688
v -23.19900894165039 75.05413818359375 124.38238525390625
v -23.32537078857422 75.57820129394531 123.99140167236328
v -17.617759704589844 75.67259979248047 123.7821273803711
v -22.951580047607422 76.00978088378906 124.38145446777344
v -23.1348876953125 75.51273345947266 124.46224212646484
v -22.568004608154297 76.63213348388672 124.36027526855469
v -17.992969512939453 76.55980682373047 123.85906982421875
v -22.021081924438477 77.21880340576172 124.31549835205078
v -18.308448791503906 77.04117584228516 123.8695068359375
v -22.17447853088379 76.70068359375 124.76229095458984
v -18.469112396240234 76.77881622314453 124.44926452636719
v -21.462427139282227 77.62395477294922 124.3221664428711
v -18.828052520751953 77.44547271728516 123.70124816894531
v -21.261564254760742 77.9276351928711 123.87071990966797
v -20.529582977294922 77.94296264648438 123.887939453125
v -19.699813842773438 77.78890228271484 123.84889221191406
v -20.834714889526367 77.6262435913086 124.48544311523438
v -20.028512954711914 77.49539184570312 124.5723648071289
v -19.20198631286621 77.21477508544922 124.54773712158203
v -20.692869186401367 72.19471740722656 124.59918212890625
v -19.832122802734375 72.1993637084961 124.59745025634766
v -19.07685089111328 72.34044647216797 124.40097045898438
v -21.474117279052734 72.7047348022461 124.77854919433594
v -18.736722946166992 72.75276184082031 124.75308227539062
v -22.20081329345703 73.2690200805664 124.7430419921875
v -18.37199592590332 73.0689697265625 124.59587860107422
v -20.759546279907227 72.64462280273438 125.12907409667969
v -20.07466697692871 72.75540161132812 125.26470947265625
v -19.256202697753906 72.73057556152344 125.02128601074219
v -22.782915115356445 73.80081176757812 124.47576141357422
v -18.07866668701172 73.84862518310547 124.5202407836914
v -22.263721466064453 74.03155517578125 125.15608215332031
v -19.32574462890625 73.42160034179688 125.5791015625
v -18.684478759765625 73.30123138427734 125.0569076538086
v -22.816781997680664 74.55335998535156 124.79978942871094
v -18.038455963134766 75.01017761230469 124.66032409667969
v -22.288129806518555 74.82764434814453 125.34266662597656
v -18.674205780029297 74.27164459228516 125.37657928466797
v -22.762304306030273 75.35021209716797 124.89197540283203
v -18.124967575073242 76.01319122314453 124.58810424804688
v -22.228282928466797 76.0473403930664 125.08154296875
v -18.45697021484375 76.26266479492188 124.96186828613281
v -22.287357330322266 75.39042663574219 125.3302001953125
v -18.665374755859375 75.57719421386719 125.36394500732422
v -21.676376342773438 76.69409942626953 125.07899475097656
v -18.885787963867188 76.51904296875 125.1098861694336
v -21.23570442199707 77.21385192871094 124.8514404296875
v -20.426542282104492 77.1067123413086 125.10456848144531
v -19.609407424926758 76.8730697631836 125.18527221679688
v -20.878551483154297 76.62664794921875 125.45038604736328
v -20.067102432250977 76.44827270507812 125.64347076416016
v -19.32694435119629 76.13636016845703 125.63651275634766
v -20.711345672607422 73.21239471435547 125.56570434570312
v -19.969703674316406 73.34964752197266 125.78643035888672
v -21.562213897705078 73.5591049194336 125.39769744873047
v -19.639564514160156 73.76741027832031 125.99391174316406
v -19.23761749267578 74.0882339477539 125.90393829345703
v -20.889707565307617 74.03118896484375 125.92576599121094
v -20.17205810546875 73.8341064453125 126.04049682617188
v -21.636306762695312 74.40673828125 125.6886215209961
v -19.14090347290039 74.78488159179688 125.91709899902344
v -20.966007232666016 74.83203887939453 126.04741668701172
v -20.265716552734375 74.53585052490234 126.19295501708984
v -19.653226852416992 74.31842041015625 126.1444320678711
v -21.696765899658203 75.29873657226562 125.67963409423828
v -19.270952224731445 75.46516418457031 125.9245376586914
v -21.343530654907227 76.05137634277344 125.62064361572266
v -20.55234146118164 75.96550750732422 125.91357421875
v -19.831642150878906 75.73778533935547 126.01388549804688
v -20.97568702697754 75.49627685546875 125.9886245727539
v -20.354047775268555 75.27082061767578 126.1642074584961
v -19.705047607421875 75.01861572265625 126.16951751708984
v -41.24419021606445 25.625030517578125 124.12628173828125
v -42.03666305541992 26.189212799072266 124.05541229248047
v -41.32815933227539 26.397043228149414 123.96047973632812
v -40.75332260131836 26.192075729370117 124.0655517578125
v -42.409889221191406 27.035146713256836 124.07362365722656
v -41.672977447509766 27.017229080200195 124.0008316040039
v -40.90264892578125 26.9592342376709 124.10376739501953
v -42.65864562988281 27.581403732299805 124.23751831054688
v -42.06650924682617 27.675893783569336 124.20645904541016
v -41.23842239379883 27.697206497192383 124.26080322265625
v -21.24020767211914 -33.66195297241211 119.78014373779297
v -20.655128479003906 -33.421173095703125 119.92941284179688
v -21.7435245513916 -33.318119049072266 119.77193450927734
v -21.242382049560547 -33.09653854370117 119.8321533203125
v -41.22280502319336 24.812814712524414 124.57341766357422
v -41.87422180175781 24.468101501464844 124.89007568359375
v -41.972076416015625 25.23344612121582 124.36493682861328
v -40.71916580200195 25.145803451538086 124.39759063720703
v -42.610225677490234 25.659976959228516 124.34151458740234
v -40.613277435302734 25.615583419799805 124.19308471679688
v -43.32686996459961 24.99323844909668 125.07938385009766
v -42.68827819824219 24.905954360961914 124.78646850585938
v -40.12187194824219 25.31863021850586 124.58538055419922
v -39.5595588684082 25.31098747253418 124.9837417602539
v -42.851295471191406 26.406770706176758 124.26565551757812
v -40.252288818359375 25.948734283447266 124.29451751708984
v -43.29697799682617 25.697235107421875 124.72964477539062
v -39.6480827331543 26.0444393157959 124.76326751708984
v -43.01000213623047 27.17879295349121 124.31079864501953
v -40.2098274230957 26.653348922729492 124.3563232421875
v -43.48270797729492 26.663171768188477 124.68474578857422
v -39.58189010620117 27.033145904541016 124.88186645507812
v -42.97920227050781 27.654560089111328 124.4105453491211
v -40.2700309753418 27.660232543945312 124.61846923828125
v -42.66551208496094 28.12369728088379 124.69409942626953
v -41.66444396972656 28.301259994506836 124.59789276123047
v -40.900936126708984 28.263431549072266 124.65497589111328
v -43.41069030761719 27.533689498901367 124.78797912597656
v -39.58906173706055 27.63267707824707 125.02680969238281
v -42.76438903808594 28.710786819458008 125.3501968383789
v -42.00211715698242 28.826770782470703 125.1998291015625
v -41.10059356689453 28.8043270111084 125.14595031738281
v -21.782794952392578 -35.47100067138672 120.63076782226562
v -20.99848747253418 -35.557640075683594 120.58711242675781
v -21.42470359802246 -34.12999725341797 119.87562561035156
v -20.597423553466797 -34.26738357543945 120.123291015625
v -22.299528121948242 -34.820152282714844 120.36740112304688
v -21.40842628479004 -34.81411361694336 120.19451904296875
v -20.63632583618164 -35.0930061340332 120.39547729492188
v -21.742027282714844 -33.74502182006836 119.75862121582031
v -19.913965225219727 -33.59523391723633 120.33635711669922
v -22.088315963745117 -33.532371520996094 119.85245513916016
v -20.290185928344727 -33.029762268066406 120.13964080810547
v -22.80513572692871 -34.239776611328125 120.43415069580078
v -22.083709716796875 -34.097076416015625 120.01625061035156
v -19.431974411010742 -33.87282180786133 120.68425750732422
v -22.108295440673828 -33.21603775024414 119.9086685180664
v -20.75413703918457 -32.90468215942383 119.96271514892578
v -21.870594024658203 -32.75566101074219 120.09397888183594
v -21.143516540527344 -32.628807067871094 120.05368041992188
v -22.56232261657715 -33.3486328125 120.2901611328125
v -20.50487518310547 -32.4574089050293 120.3524398803711
v -22.059179306030273 -32.14395523071289 120.54056549072266
v -21.324180603027344 -32.09572219848633 120.49862670898438
v -20.58232307434082 -31.881027221679688 120.77124786376953
v -41.761878967285156 23.862022399902344 125.64739990234375
v -42.40180587768555 24.24492073059082 125.23328399658203
v -41.07416534423828 24.16301727294922 125.2145004272461
v -43.59423065185547 24.851266860961914 125.55013275146484
v -43.03068542480469 24.41606330871582 125.47786712646484
v -40.412227630615234 24.59485626220703 124.97001647949219
v -39.795249938964844 24.841829299926758 125.09121704101562
v -42.48440170288086 23.94487762451172 125.72763061523438
v -40.39555358886719 24.02876091003418 125.5694351196289
v -43.722938537597656 25.347055435180664 125.25164031982422
v -39.373695373535156 24.946186065673828 125.40060424804688
v -43.985355377197266 26.075450897216797 125.31285858154297
v -39.065513610839844 25.578027725219727 125.43414306640625
v -44.41161346435547 25.974464416503906 125.97825622558594
v -38.592777252197266 26.033693313598633 125.966064453125
v -43.970726013183594 27.01189422607422 125.23438262939453
v -39.01692199707031 26.516237258911133 125.38814544677734
v -44.405094146728516 26.60881996154785 125.84837341308594
v -38.554786682128906 26.814327239990234 126.04370880126953
v -43.85090637207031 27.594594955444336 125.28958892822266
v -39.044368743896484 27.49445915222168 125.63823699951172
v -43.500553131103516 28.20181655883789 125.51087951660156
v -39.67369079589844 28.120582580566406 125.285400390625
v -44.215694427490234 27.453880310058594 125.93011474609375
v -38.558467864990234 27.325895309448242 126.22160339355469
v -43.058807373046875 28.859485626220703 125.86727905273438
v -40.335201263427734 28.50792694091797 125.11325073242188
v -42.3734245300293 29.16208839416504 125.88704681396484
v -41.345008850097656 29.38373565673828 126.01640319824219
v -40.44302749633789 29.056875228881836 125.7699966430664
v -43.487754821777344 28.685468673706055 126.27054595947266
v -39.84906005859375 28.67884063720703 125.66914367675781
v -41.40510177612305 29.75770378112793 126.6786880493164
v -22.06844711303711 -35.96394729614258 121.29071044921875
v -21.245481491088867 -35.99003601074219 121.00067138671875
v -22.583171844482422 -35.3205680847168 120.82726287841797
v -20.699777603149414 -35.95436477661133 120.91273498535156
v -20.309879302978516 -35.6206169128418 120.85839080810547
v -22.848339080810547 -35.63848114013672 121.34668731689453
v -20.402000427246094 -36.00936508178711 121.11371612548828
v -22.90066909790039 -34.7860107421875 120.62734985351562
v -20.002485275268555 -34.945701599121094 120.62921905517578
v -23.18828010559082 -34.472232818603516 120.74607849121094
v -19.688308715820312 -34.29183578491211 120.58551025390625
v -23.32688331604004 -34.93808364868164 121.17381286621094
v -19.435955047607422 -34.76339340209961 121.00812530517578
v -23.437597274780273 -33.86500930786133 121.06429290771484
v -19.102968215942383 -34.14198303222656 121.20734405517578
v -19.288753509521484 -33.41069793701172 120.92091369628906
v -23.955862045288086 -34.442535400390625 121.7098388671875
v -23.144710540771484 -32.77875900268555 121.05523681640625
v -19.785911560058594 -32.85087203979492 120.59515380859375
v -22.51654624938965 -32.469486236572266 120.57505798339844
v -19.21917152404785 -32.684288024902344 121.24658966064453
v -22.38212013244629 -32.01893997192383 120.78034973144531
v -19.80883026123047 -32.067710876464844 121.0739974975586
v -22.00209617614746 -31.645824432373047 121.14314270019531
v -21.028799057006836 -31.514102935791016 121.11912536621094
v -20.34139060974121 -31.555456161499023 121.21196746826172
v -22.74534797668457 -32.05117416381836 121.1437759399414
v -19.24365997314453 -32.20713806152344 121.45938110351562
v -22.094287872314453 -31.178314208984375 121.94532775878906
v -21.378761291503906 -31.124984741210938 121.78370666503906
v -20.561594009399414 -31.188983917236328 121.73555755615234
v -42.193359375 23.625885009765625 126.44104766845703
v -41.41729736328125 23.499923706054688 126.39080047607422
v -40.804954528808594 23.679698944091797 126.01023864746094
v -42.86429977416992 23.98300552368164 126.12835693359375
v -40.143272399902344 23.80267333984375 126.03458404541016
v -43.49721908569336 24.467750549316406 126.31810760498047
v -39.69130325317383 24.30718231201172 125.83763122558594
v -39.85745620727539 23.81959342956543 126.31395721435547
v -44.055816650390625 25.307619094848633 125.95511627197266
v -39.020572662353516 24.926530838012695 125.92898559570312
v -44.510921478271484 25.706018447875977 126.63377380371094
v -38.677459716796875 25.410858154296875 126.02525329589844
v -38.6755485534668 25.056289672851562 126.44302368164062
v -44.64273452758789 26.264631271362305 126.38880920410156
v -38.43143844604492 25.58108901977539 126.56228637695312
v -44.64731216430664 26.83612060546875 126.57821655273438
v -38.2960090637207 26.303043365478516 126.63304901123047
v -44.501068115234375 27.511728286743164 126.95745086669922
v -38.32132339477539 27.039283752441406 126.71186065673828
v -44.00730895996094 28.16353988647461 126.49983215332031
v -38.65403747558594 27.770771026611328 126.67095947265625
v -43.62942123413086 28.694480895996094 127.09868621826172
v -39.28477478027344 28.334556579589844 126.07245635986328
v -42.87816619873047 29.155193328857422 126.67068481445312
v -41.98553466796875 29.546085357666016 126.62181854248047
v -40.46152877807617 29.486970901489258 126.61854553222656
v -39.7728157043457 28.96419906616211 126.39686584472656
v -41.57672119140625 29.80794334411621 127.19458770751953
v -40.99404525756836 29.749250411987305 126.64967346191406
v -41.092308044433594 29.888927459716797 127.08504486083984
v -40.7112922668457 29.808069229125977 127.0068130493164
v -22.692211151123047 -36.08360290527344 122.04730224609375
v -21.885498046875 -36.369346618652344 121.99364471435547
v -21.282625198364258 -36.3165168762207 121.64654541015625
v -20.685346603393555 -36.17909622192383 121.33698272705078
v -23.313186645507812 -35.56324005126953 121.73507690429688
v -20.07221794128418 -35.937355041503906 121.5817642211914
v -19.64777183532715 -35.3393440246582 121.25747680664062
v -23.822851181030273 -35.14288330078125 121.90643310546875
v -19.0781192779541 -34.876502990722656 121.67951202392578
v -24.20892333984375 -34.75852584838867 122.20575714111328
v -24.090068817138672 -35.18900680541992 122.45357513427734
v -24.3461856842041 -34.115291595458984 122.4305191040039
v -18.631650924682617 -34.27854537963867 122.1058120727539
v -24.058670043945312 -33.7537727355957 121.82597351074219
v -18.292198181152344 -33.84415817260742 122.61677551269531
v -23.831932067871094 -32.99983596801758 121.82947540283203
v -18.69644546508789 -33.34434127807617 121.88655090332031
v -24.255329132080078 -33.40911102294922 122.35126495361328
v -18.273508071899414 -33.31831359863281 122.71113586425781
v -23.336597442626953 -32.181678771972656 121.816650390625
v -18.91282081604004 -32.41742706298828 121.93197631835938
v -22.720746994018555 -31.565814971923828 121.86892700195312
v -19.314157485961914 -31.861024856567383 121.8254165649414
v -22.4947452545166 -31.09438705444336 122.61166381835938
v -19.877120971679688 -31.463550567626953 121.70858001708984
v -21.696136474609375 -30.839380264282227 122.5838623046875
v -20.83555030822754 -30.850475311279297 122.52146911621094
v -20.045137405395508 -31.09254264831543 122.41753387451172
v -19.481672286987305 -31.44937515258789 122.32988739013672
v 59.53302001953125 11.704975128173828 124.8915786743164
v 60.28182601928711 11.604869842529297 124.95065307617188
v 60.89657974243164 11.610523223876953 125.0947036743164
v 59.32258987426758 12.377087593078613 124.87992095947266
v 59.99357604980469 12.310153007507324 124.86894226074219
v 60.718997955322266 12.243310928344727 125.04005432128906
v 59.723575592041016 12.90190315246582 124.96880340576172
v 60.4223518371582 12.908020973205566 125.09521484375
v -42.23743438720703 23.475759506225586 127.3875961303711
v -41.540374755859375 23.36363983154297 127.11381530761719
v -40.811100006103516 23.4191837310791 126.86576843261719
v -40.188331604003906 23.604591369628906 126.56499481201172
v -42.893070220947266 23.85572052001953 126.91746520996094
v -39.63022994995117 23.900644302368164 126.87482452392578
v -43.4888916015625 24.30940055847168 127.48989868164062
v -39.060791015625 24.526382446289062 126.66568756103516
v -44.10499572753906 25.012109756469727 127.00871276855469
v -38.61286544799805 25.030065536499023 127.16239166259766
v -44.54174041748047 25.60703468322754 127.55905151367188
v -44.74552917480469 26.243953704833984 127.09551239013672
v -38.28461837768555 25.765886306762695 127.31707763671875
v -44.76991271972656 26.871356964111328 127.46159362792969
v -38.16280746459961 26.534696578979492 127.38670349121094
v -44.588748931884766 27.445730209350586 127.92504119873047
v -38.269351959228516 27.285076141357422 127.50043487548828
v -44.18760681152344 28.10137176513672 127.52386474609375
v -38.5810661315918 27.987333297729492 127.7105484008789
v -43.70391082763672 28.58226203918457 128.0914764404297
v -39.12380599975586 28.539596557617188 127.04390716552734
v -43.04971694946289 29.079540252685547 127.74073028564453
v -42.179386138916016 29.518789291381836 127.53718566894531
v -39.80360794067383 29.191938400268555 127.40725708007812
v -41.55127716064453 29.774967193603516 127.75869750976562
v -40.371604919433594 29.6605167388916 127.27596282958984
v -41.15914535522461 29.886253356933594 127.59937286376953
v -40.724971771240234 29.841337203979492 127.4784927368164
v -41.208492279052734 29.77657127380371 128.0608673095703
v -22.842660903930664 -36.262367248535156 123.0660629272461
v -22.04913902282715 -36.489898681640625 122.74984741210938
v -21.27338981628418 -36.505794525146484 122.46676635742188
v -20.5869197845459 -36.3139762878418 122.08958435058594
v -23.54619026184082 -35.706024169921875 122.50617218017578
v -19.859432220458984 -35.996212005615234 122.613037109375
v -24.067262649536133 -35.33669662475586 123.10201263427734
v -19.360111236572266 -35.502784729003906 122.11043548583984
v -24.36200714111328 -34.76908874511719 122.77775573730469
v -18.74669075012207 -34.93705749511719 122.63394927978516
v -18.373294830322266 -34.3712043762207 122.79100036621094
v -24.49834632873535 -34.24943923950195 123.15827941894531
v -18.184114456176758 -34.08084487915039 123.14005279541016
v -24.39691734313965 -33.41011428833008 123.26679229736328
v -18.108253479003906 -33.618900299072266 123.16468811035156
v -24.154422760009766 -32.886375427246094 122.59397888183594
v -18.194259643554688 -33.10520935058594 123.28340911865234
v -23.812406539916992 -32.37866973876953 122.43406677246094
v -18.50741958618164 -32.73758316040039 122.68714141845703
v -23.303510665893555 -31.653770446777344 122.85791015625
v -23.99574089050293 -32.43040466308594 123.24585723876953
v -22.769458770751953 -31.046316146850586 123.3006820678711
v -18.96417808532715 -31.93107795715332 122.75790405273438
v -22.100753784179688 -30.73676300048828 123.34864044189453
v -21.161149978637695 -30.541217803955078 123.54118347167969
v -20.253986358642578 -30.822860717773438 123.3156967163086
v -19.519216537475586 -31.270038604736328 123.1349105834961
v -23.12647247314453 -31.25060272216797 123.72405242919922
v -21.26194190979004 -30.3176326751709 124.19538116455078
v 59.10086441040039 11.17143440246582 125.09435272216797
v 59.800079345703125 10.957280158996582 125.10357666015625
v 60.729095458984375 10.845871925354004 125.30519104003906
v 58.41767120361328 10.255633354187012 125.6991958618164
v 59.14082717895508 10.392891883850098 125.44194030761719
v 60.09872817993164 10.22082805633545 125.49757385253906
v 60.6657600402832 10.176534652709961 125.61112213134766
v 58.849761962890625 11.844759941101074 125.05136108398438
v 61.28286361694336 11.36748218536377 125.3424301147461
v 58.385013580322266 11.082649230957031 125.45858001708984
v 61.756439208984375 11.560898780822754 125.73224639892578
v 58.82781982421875 12.510005950927734 125.0792465209961
v 61.33441925048828 12.013903617858887 125.3271484375
v 59.18871307373047 12.872065544128418 125.02163696289062
v 58.213165283203125 12.228282928466797 125.48658752441406
v 61.827125549316406 12.327658653259277 125.80628204345703
v 59.43912887573242 13.268198013305664 125.22315216064453
v 61.26324462890625 12.876424789428711 125.50244140625
v 60.05447006225586 13.413191795349121 125.3160400390625
v 60.70658493041992 13.399762153625488 125.45491790771484
v 58.00531768798828 13.044806480407715 125.9189224243164
v 58.78800582885742 13.102738380432129 125.4406967163086
v 61.82048797607422 12.836091041564941 125.90319061279297
v 58.58607482910156 13.68744945526123 126.1480712890625
v 59.53667449951172 13.755950927734375 125.83051300048828
v 60.47936248779297 13.821979522705078 125.86163330078125
v -42.16921615600586 23.447799682617188 128.17892456054688
v -41.677791595458984 23.32493019104004 127.81626892089844
v -40.914878845214844 23.37329864501953 127.80003356933594
v -40.16825866699219 23.53998374938965 127.33179473876953
v -42.80416488647461 23.752090454101562 127.87300872802734
v -39.7006950378418 23.774091720581055 127.58106994628906
v -43.199485778808594 24.205833435058594 128.6407012939453
v -39.201927185058594 24.29182243347168 127.8229751586914
v -42.564083099365234 23.695999145507812 128.5760040283203
v -40.797760009765625 23.48818016052246 128.5861358642578
v -40.069480895996094 23.693078994750977 128.2091827392578
v -44.04356384277344 24.977863311767578 128.2198944091797
v -38.5811653137207 25.211027145385742 128.20188903808594
v -44.52644729614258 25.65498161315918 128.35906982421875
v -39.011592864990234 24.583778381347656 128.74400329589844
v -44.758338928222656 26.251596450805664 128.05152893066406
v -38.23284149169922 26.03516960144043 128.01527404785156
v -44.61591720581055 26.025123596191406 128.7478485107422
v -44.76708221435547 26.88210105895996 128.21255493164062
v -38.19785690307617 26.72142219543457 128.20840454101562
v -44.57061004638672 27.225648880004883 128.7102813720703
v -38.3084831237793 27.452516555786133 128.3495330810547
v -44.15752029418945 27.909122467041016 128.67420959472656
v -38.596527099609375 27.99540138244629 128.58303833007812
v -44.365821838378906 27.44734764099121 129.08538818359375
v -43.61233901977539 28.47179412841797 128.8727569580078
v -39.097232818603516 28.562576293945312 128.08274841308594
v -43.14426040649414 28.86972999572754 128.6460418701172
v -42.41840362548828 29.226186752319336 128.47349548339844
v -41.566959381103516 29.503463745117188 128.3930206298828
v -39.859649658203125 29.018999099731445 128.5393524169922
v -43.20685958862305 28.613853454589844 129.26011657714844
v -40.9619255065918 29.578937530517578 128.4568634033203
v -40.31150436401367 29.566499710083008 127.87957763671875
v -40.79936599731445 29.76198959350586 128.0083770751953
v -40.51338577270508 29.462995529174805 128.4534454345703
v 38.17628479003906 58.89015197753906 130.56298828125
v 36.86861038208008 59.72635269165039 130.3224334716797
v 37.679664611816406 59.48256301879883 130.3522186279297
v 38.38871383666992 59.4932975769043 130.52987670898438
v 36.600852966308594 60.454078674316406 130.3816375732422
v 37.358741760253906 60.34040451049805 130.355224609375
v 38.17472839355469 60.19679260253906 130.5293731689453
v 36.371341705322266 60.97498321533203 130.55593872070312
v 36.97795867919922 61.026851654052734 130.5443115234375
v 37.81430435180664 60.97418212890625 130.642822265625
v -22.85065460205078 -36.31132507324219 124.02853393554688
v -22.15503692626953 -36.539276123046875 123.6860122680664
v -21.35516357421875 -36.55991744995117 123.40896606445312
v -20.548311233520508 -36.355594635009766 123.0866928100586
v -23.50714111328125 -35.881649017333984 123.53752899169922
v -19.751157760620117 -35.831787109375 123.83467102050781
v -24.001325607299805 -35.35532760620117 123.98249816894531
v -19.16313934326172 -35.496219635009766 123.05677795410156
v -24.383047103881836 -34.790191650390625 123.53324890136719
v -18.74317169189453 -35.10158920288086 123.27273559570312
v -18.43056297302246 -34.56535339355469 123.49939727783203
v -18.937881469726562 -35.16611862182617 123.86376190185547
v -24.499292373657227 -34.11510467529297 123.90382385253906
v -18.13541030883789 -33.91010665893555 123.62232208251953
v -18.306278228759766 -34.093170166015625 124.12208557128906
v -24.455297470092773 -33.492740631103516 124.25942993164062
v -18.082359313964844 -33.45633316040039 123.61626434326172
v -18.19742202758789 -33.11045455932617 123.8454818725586
v -18.19516944885254 -33.56022644042969 124.10435485839844
v -24.17244529724121 -32.7379035949707 124.33232116699219
v -18.506427764892578 -32.50424575805664 123.67423248291016
v -23.590953826904297 -31.79936981201172 124.09417724609375
v -23.095788955688477 -31.231590270996094 124.34458923339844
v -19.03622055053711 -31.697298049926758 123.8770523071289
v -22.544532775878906 -30.867034912109375 124.08047485351562
v -21.75044822692871 -30.51475715637207 124.11949920654297
v -20.48603630065918 -30.602128982543945 124.17898559570312
v -19.698335647583008 -31.093414306640625 124.20624542236328
v -22.714603424072266 -31.05744743347168 124.79360961914062
v -19.174875259399414 -31.557443618774414 124.6741714477539
v -21.39824104309082 -30.365629196166992 124.61425018310547
v -20.936241149902344 -30.339221954345703 124.21533203125
v -21.07746696472168 -30.26569175720215 124.5025634765625
v 58.25153732299805 9.914787292480469 125.99617767333984
v 58.78103256225586 9.754558563232422 125.93505096435547
v 59.6466178894043 9.656695365905762 125.9019775390625
v 60.59323501586914 9.632023811340332 126.10021209716797
v 58.23008728027344 9.499520301818848 126.58338928222656
v 59.250518798828125 9.214043617248535 126.43812561035156
v 60.06405258178711 9.153470993041992 126.41030883789062
v 60.53963088989258 9.146953582763672 126.52710723876953
v 57.821380615234375 10.39687728881836 126.08148193359375
v 61.137020111083984 10.24012565612793 125.8399658203125
v 61.48652267456055 10.870105743408203 125.70848083496094
v 57.33348846435547 10.015253067016602 126.8051986694336
v 61.678466796875 10.406960487365723 126.19649505615234
v 57.57548904418945 11.46634578704834 125.9834976196289
v 62.02091979980469 10.99124526977539 126.2952651977539
v 57.063045501708984 10.864201545715332 126.60627746582031
v 57.491294860839844 12.433398246765137 126.1047592163086
v 62.232913970947266 11.805837631225586 126.38966369628906
v 56.94773483276367 11.84545612335205 126.65725708007812
v 57.531044006347656 13.00834846496582 126.2672119140625
v 62.193607330322266 12.667136192321777 126.44915008544922
v 57.78587341308594 13.513714790344238 126.55838012695312
v 61.75477600097656 13.234292984008789 126.15052795410156
v 57.129940032958984 12.842169761657715 126.79376983642578
v 58.38640594482422 14.02787971496582 126.7875747680664
v 61.18196105957031 13.597094535827637 125.92887115478516
v 59.25281524658203 14.230531692504883 126.79814910888672
v 60.23341369628906 14.196138381958008 126.56443786621094
v 61.03660202026367 14.016444206237793 126.51361846923828
v 57.92761993408203 13.964247703552246 127.1697998046875
v 61.593658447265625 13.697224617004395 126.51171112060547
v -41.49956512451172 23.401365280151367 128.5165252685547
v -42.08246994018555 23.5399112701416 128.772216796875
v -41.14519500732422 23.599393844604492 129.0705108642578
v -43.050418853759766 24.426454544067383 129.59263610839844
v -42.35871887207031 23.929553985595703 129.26486206054688
v -40.47823715209961 23.800647735595703 129.10972595214844
v -39.59003448486328 24.16771125793457 128.9774932861328
v -41.69055938720703 23.631134033203125 129.1252899169922
v -43.66248321533203 24.840200424194336 129.261474609375
v -39.177284240722656 24.522384643554688 129.21987915039062
v -38.94108963012695 25.059911727905273 129.2962646484375
v -43.37644958496094 24.827085494995117 129.87693786621094
v -39.48698043823242 24.565378189086914 129.65220642089844
v -44.21487808227539 25.579431533813477 129.1030731201172
v -38.46843719482422 26.00875473022461 128.91970825195312
v -44.46445846557617 26.173141479492188 129.2087860107422
v -38.90548324584961 25.726276397705078 129.76101684570312
v -44.657508850097656 26.572938919067383 128.840087890625
v -38.39008331298828 26.96187400817871 128.9980010986328
v -44.34812545776367 26.973796844482422 129.3471221923828
v -44.44107437133789 26.493806838989258 129.34288024902344
v -38.73931884765625 26.499160766601562 129.71568298339844
v -44.06185531616211 27.566913604736328 129.4459228515625
v -38.44504928588867 27.57573699951172 128.96878051757812
v -43.53093719482422 28.089736938476562 129.5542755126953
v -38.637718200683594 27.860286712646484 129.10633850097656
v -43.73063278198242 27.62860870361328 129.8188018798828
v -38.80757522583008 27.45584487915039 129.59982299804688
v -42.9485969543457 28.484954833984375 129.69268798828125
v -39.092010498046875 28.261322021484375 129.07833862304688
v -42.555641174316406 28.84013557434082 129.32530212402344
v -41.81378936767578 29.111085891723633 129.0944366455078
v -40.777530670166016 29.02218246459961 129.200927734375
v -39.79954528808594 28.58380889892578 129.40252685546875
v -42.45309829711914 28.494396209716797 129.9237518310547
v -40.147789001464844 28.323637008666992 130.00453186035156
v -39.42436218261719 28.003538131713867 129.87411499023438
v 37.85824966430664 58.30686569213867 130.80130004882812
v 37.61920928955078 58.78378677368164 130.46473693847656
v 38.46009826660156 58.425140380859375 130.9272003173828
v 36.444461822509766 59.21548843383789 130.50643920898438
v 37.0567626953125 58.993316650390625 130.42453002929688
v 35.8624267578125 58.32196807861328 131.1597137451172
v 36.526268005371094 58.4936637878418 130.8101348876953
v 37.25749588012695 58.4359130859375 130.65478515625
v 36.162410736083984 59.86375045776367 130.51634216308594
v 38.83430480957031 59.023860931396484 130.87216186523438
v 35.779659271240234 59.091148376464844 130.91067504882812
v 39.326080322265625 59.4219970703125 131.2478485107422
v 36.00582504272461 60.59022521972656 130.6049041748047
v 38.85747146606445 59.88018798828125 130.83868408203125
v 35.53516387939453 60.05050277709961 130.925537109375
v 39.319705963134766 60.184837341308594 131.332763671875
v 36.046348571777344 61.047157287597656 130.7233123779297
v 38.729759216308594 60.8345832824707 131.0855712890625
v 36.3817138671875 61.47504425048828 131.0200958251953
v 37.381256103515625 61.58550262451172 130.92933654785156
v 38.111454010009766 61.487979888916016 131.03341674804688
v 35.602294921875 60.90753936767578 131.08766174316406
v 39.29563903808594 60.692779541015625 131.50718688964844
v 36.32213592529297 62.02923583984375 131.70664978027344
v 37.06658172607422 62.064517974853516 131.49180603027344
v 37.87581253051758 61.970672607421875 131.41929626464844
v -22.777774810791016 -36.2904167175293 124.7074966430664
v -22.244918823242188 -36.46901321411133 124.53740692138672
v -21.49932289123535 -36.509437561035156 124.35325622558594
v -20.673139572143555 -36.316162109375 124.14637756347656
v -23.34186553955078 -35.847328186035156 124.64086151123047
v -20.155221939086914 -35.81932067871094 125.00707244873047
v -23.919727325439453 -35.21348190307617 124.73766326904297
v -22.87495231628418 -36.11781692504883 125.0512924194336
v -22.405031204223633 -36.229461669921875 125.18693542480469
v -21.693336486816406 -36.320472717285156 125.16541290283203
v -20.939647674560547 -36.226112365722656 125.07392120361328
v -24.294342041015625 -34.71672821044922 124.3757553100586
v -19.317991256713867 -35.080326080322266 124.93553161621094
v -18.65410614013672 -34.54153823852539 124.43856048583984
v -24.041757583618164 -34.64726257324219 125.19774627685547
v -24.366296768188477 -33.98141860961914 124.85464477539062
v -18.512325286865234 -33.76762390136719 124.79078674316406
v -24.09488296508789 -34.08715057373047 125.58258819580078
v -18.869821548461914 -34.322452545166016 125.17782592773438
v -24.341903686523438 -33.28559875488281 124.90394592285156
v -18.422649383544922 -33.00636291503906 124.4581298828125
v -24.069509506225586 -32.822391510009766 125.34931945800781
v -18.7969970703125 -32.211551666259766 124.74034118652344
v -23.708749771118164 -32.17118453979492 125.13400268554688
v -23.186866760253906 -31.521846771240234 125.00334167480469
v -19.16657829284668 -31.780134201049805 125.30340576171875
v -23.7003116607666 -32.45167922973633 125.81694793701172
v -22.566970825195312 -31.259859085083008 125.47905731201172
v -19.53557777404785 -31.330347061157227 125.05068969726562
v -21.93682098388672 -30.75906753540039 124.96375274658203
v -20.281482696533203 -30.921030044555664 125.09911346435547
v -21.283605575561523 -30.514461517333984 125.0442123413086
v -20.7684268951416 -30.41457176208496 124.66177368164062
v -21.07253646850586 -30.334671020507812 124.79765319824219
v -20.890567779541016 -30.5489501953125 125.07839965820312
v 35.425270080566406 -29.451650619506836 125.11910247802734
v 35.814971923828125 -29.40489387512207 125.17533111572266
v 35.643882751464844 -29.02479362487793 125.06906127929688
v 58.20804214477539 8.983833312988281 127.53824615478516
v 59.0305290222168 8.873068809509277 127.17839813232422
v 59.849578857421875 8.840551376342773 126.96723175048828
v 60.41063690185547 8.938103675842285 126.82184600830078
v 57.58876037597656 9.431477546691895 127.23367309570312
v 60.9483642578125 9.205876350402832 126.94092559814453
v 57.00387954711914 9.813392639160156 127.55223846435547
v 61.40544509887695 9.84265422821045 126.52822875976562
v 56.76576232910156 10.42742919921875 127.19291687011719
v 62.02703857421875 10.335447311401367 126.9024887084961
v 56.452484130859375 11.199339866638184 127.35108947753906
v 62.52252960205078 11.121596336364746 127.19059753417969
v 56.0686149597168 11.074913024902344 127.96879577636719
v 62.930423736572266 11.495150566101074 127.81732940673828
v 56.4931640625 12.21487045288086 127.51889038085938
v 62.63673400878906 12.100852012634277 127.20814514160156
v 56.05514144897461 11.605314254760742 127.93477630615234
v 62.925926208496094 12.026464462280273 127.93550109863281
v 56.84852981567383 13.015825271606445 127.59808349609375
v 62.46767044067383 12.734790802001953 127.08020782470703
v 57.3652458190918 13.54249382019043 127.31185150146484
v 57.783119201660156 14.003640174865723 127.89576721191406
v 62.11808395385742 13.270770072937012 126.99459838867188
v 58.58976364135742 14.309797286987305 127.56940460205078
v 59.434410095214844 14.500051498413086 127.65796661376953
v 60.108882904052734 14.458052635192871 127.40283203125
v 60.89424133300781 14.274102210998535 127.29351043701172
v 61.594398498535156 13.889450073242188 127.22419738769531
v -42.36299514770508 24.44351577758789 130.04562377929688
v -41.296470642089844 24.087419509887695 129.74386596679688
v -40.16715621948242 24.256427764892578 129.73193359375
v -42.979103088378906 24.70301628112793 130.1193389892578
v -39.88325881958008 24.620376586914062 130.08251953125
v -43.19426727294922 25.085020065307617 130.23390197753906
v -39.56227111816406 25.186687469482422 130.23397827148438
v -42.606754302978516 25.01837158203125 130.48744201660156
v -41.639549255371094 24.875455856323242 130.63954162597656
v -40.50946807861328 24.74574851989746 130.42591857910156
v -43.64704895019531 25.353368759155273 129.84837341308594
v -39.24919128417969 26.054746627807617 130.35763549804688
v -43.03994369506836 25.750263214111328 130.4564971923828
v -42.13325881958008 25.529109954833984 130.93312072753906
v -39.7623291015625 25.765138626098633 130.80165100097656
v -43.96343994140625 26.27082061767578 129.7615509033203
v -39.17620086669922 26.843828201293945 130.32008361816406
v -43.818973541259766 27.149080276489258 129.88262939453125
v -43.15797805786133 26.767654418945312 130.38092041015625
v -42.20414733886719 26.386367797851562 130.96530151367188
v -39.78954315185547 26.45669174194336 130.8778533935547
v -43.28047561645508 27.56000328063965 130.13064575195312
v -39.30241012573242 27.45053482055664 130.26150512695312
v -42.81588363647461 28.084375381469727 130.10498046875
v -40.487937927246094 27.923160552978516 130.5074005126953
v -39.8483772277832 27.695505142211914 130.46141052246094
v -42.36160659790039 27.42518424987793 130.59031677246094
v -41.46006393432617 26.961517333984375 131.0596923828125
v -40.45130920410156 27.133880615234375 130.9390106201172
v -39.64805221557617 27.131221771240234 130.6586456298828
v -42.143531799316406 28.144887924194336 130.29151916503906
v -40.8619499206543 28.400985717773438 130.1085205078125
v -41.70485305786133 28.61288833618164 129.8578643798828
v -41.33877944946289 27.84358024597168 130.57009887695312
v 35.72454833984375 57.984222412109375 131.48358154296875
v 36.265953063964844 57.859474182128906 131.37228393554688
v 37.2265625 57.85616683959961 131.1968231201172
v 38.25542449951172 57.771488189697266 131.49252319335938
v 35.71293640136719 57.56583023071289 132.08226013183594
v 36.764583587646484 57.32401657104492 131.88433837890625
v 37.632301330566406 57.27829360961914 131.83059692382812
v 38.117591857910156 57.26144027709961 131.96034240722656
v 35.29835891723633 58.419315338134766 131.5690155029297
v 38.924766540527344 58.3593864440918 131.30734252929688
v 39.271236419677734 58.81739044189453 131.30221557617188
v 34.863380432128906 58.03084182739258 132.2920684814453
v 39.32147979736328 58.44667053222656 131.67807006835938
v 35.04954528808594 59.40106201171875 131.43626403808594
v 39.54954147338867 58.943695068359375 131.7604522705078
v 34.63422393798828 58.81145477294922 132.05813598632812
v 35.018516540527344 60.321556091308594 131.4869384765625
v 39.649784088134766 59.65406799316406 131.84571838378906
v 34.55280303955078 59.71207046508789 132.076904296875
v 35.142120361328125 60.930259704589844 131.59051513671875
v 39.59206008911133 60.39628982543945 131.94569396972656
v 35.52508544921875 61.544551849365234 131.8458709716797
v 39.23253631591797 61.1182861328125 131.9615936279297
v 34.74623489379883 60.70978927612305 132.23056030273438
v 36.01259994506836 62.17599105834961 132.24160766601562
v 38.56637954711914 61.647220611572266 131.5564727783203
v 36.78916549682617 62.40019226074219 132.3044891357422
v 37.66336441040039 62.32225036621094 132.05160522460938
v 38.28928756713867 62.10520553588867 131.94129943847656
v 35.53480529785156 62.013553619384766 132.62110900878906
v -22.82634735107422 -35.74917221069336 125.55572509765625
v -21.901382446289062 -35.87221145629883 125.89996337890625
v -21.21508026123047 -36.041221618652344 125.71672058105469
v -20.592981338500977 -35.78710174560547 125.8109130859375
v -23.523771286010742 -35.232826232910156 125.40396881103516
v -19.966617584228516 -35.183353424072266 125.9634780883789
v -23.085119247436523 -35.151607513427734 126.02291870117188
v -22.405540466308594 -35.275821685791016 126.3663558959961
v -20.468996047973633 -35.41237258911133 126.37056732177734
v -23.548025131225586 -34.458213806152344 126.03022766113281
v -19.36066436767578 -34.27829360961914 125.90007781982422
v -23.921098709106445 -33.81144332885742 125.9994125366211
v -18.871767044067383 -33.767879486083984 125.51410675048828
v -22.892091751098633 -34.7876091003418 126.44999694824219
v -24.163911819458008 -33.48091506958008 125.59620666503906
v -18.810468673706055 -32.98011779785156 125.364501953125
v -23.803573608398438 -32.99205780029297 126.06829833984375
v -23.921432495117188 -33.45316696166992 126.08088684082031
v -19.17824935913086 -33.4123649597168 125.97390747070312
v -23.476682662963867 -32.49580001831055 126.2447280883789
v -19.011322021484375 -32.2627067565918 125.51811981201172
v -23.070310592651367 -31.97970962524414 126.00206756591797
v -19.245309829711914 -32.00754928588867 125.73681640625
v -23.203210830688477 -32.4089241027832 126.44102478027344
v -19.417219161987305 -32.52983093261719 126.08528900146484
v -22.318729400634766 -31.508975982666016 126.08792114257812
v -19.674880981445312 -31.647146224975586 125.72771453857422
v -21.939847946166992 -31.13136100769043 125.74771881103516
v -21.14243507385254 -30.977624893188477 125.62590026855469
v -20.379114151000977 -31.375078201293945 125.92346954345703
v -21.657459259033203 -31.49994659423828 126.28907012939453
v -20.8731746673584 -31.66196632385254 126.40587615966797
v -20.125253677368164 -31.994144439697266 126.37808990478516
v 35.25375747680664 -29.758188247680664 125.28607940673828
v 35.70787048339844 -29.914146423339844 125.48050689697266
v 34.985137939453125 -30.092864990234375 125.69198608398438
v 35.511573791503906 -30.34290313720703 125.78276062011719
v 34.986942291259766 -29.431468963623047 125.26299285888672
v 36.18264389038086 -29.52030372619629 125.4499282836914
v 35.24974822998047 -29.04619598388672 125.08531951904297
v 34.331504821777344 -29.43661117553711 125.65909576416016
v 36.63568115234375 -29.178251266479492 125.72883605957031
v 35.44172286987305 -28.634132385253906 125.15850067138672
v 36.116390228271484 -29.017230987548828 125.28738403320312
v 35.86754608154297 -28.57999610900879 125.24652862548828
v 34.058860778808594 -28.499576568603516 125.7826919555664
v 34.87455749511719 -28.66523551940918 125.361572265625
v 36.47071838378906 -28.383451461791992 125.67703247070312
v 33.875572204589844 -27.614444732666016 126.03659057617188
v 34.641571044921875 -27.739971160888672 125.73072814941406
v 35.644981384277344 -27.91790008544922 125.56791687011719
v 36.47796630859375 -27.613079071044922 125.94991302490234
v 33.793025970458984 -27.01341438293457 126.28709411621094
v 34.35540771484375 -26.984689712524414 126.13397979736328
v 35.22999572753906 -26.99209213256836 126.0688705444336
v 36.13206481933594 -27.047868728637695 126.13760375976562
v 58.1963996887207 8.779502868652344 128.4653778076172
v 58.97050094604492 8.62138843536377 128.0640411376953
v 59.779754638671875 8.620992660522461 127.74197387695312
v 60.48185348510742 8.792024612426758 127.43207550048828
v 57.507041931152344 9.225604057312012 127.99288177490234
v 61.15769577026367 9.040398597717285 127.92255401611328
v 56.89569091796875 9.706345558166504 128.4597930908203
v 61.69334411621094 9.63802433013916 127.45042419433594
v 56.42037582397461 10.454215049743652 127.9604721069336
v 62.39079666137695 10.313557624816895 127.9597396850586
v 56.00839614868164 10.885930061340332 128.48159790039062
v 62.83892822265625 10.946237564086914 127.96090698242188
v 55.878841400146484 11.311281204223633 128.2978515625
v 63.04668426513672 11.189486503601074 128.29766845703125
v 55.885154724121094 11.700048446655273 128.47381591796875
v 63.085792541503906 11.622727394104004 128.36476135253906
v 56.116886138916016 12.096078872680664 128.2068634033203
v 62.93559646606445 12.14228343963623 128.50909423828125
v 56.527130126953125 12.715866088867188 128.416015625
v 62.61144256591797 12.687832832336426 127.80158233642578
v 57.134124755859375 13.485309600830078 128.17381286621094
v 57.65058517456055 13.909196853637695 128.81704711914062
v 62.12354278564453 13.445638656616211 127.98895263671875
v 58.37271499633789 14.290064811706543 128.5517578125
v 59.210350036621094 14.481145858764648 128.40248107910156
v 60.04941177368164 14.501026153564453 128.26031494140625
v 60.70763397216797 14.398603439331055 128.0156707763672
v 61.46000671386719 14.038561820983887 128.1954345703125
v 62.02360534667969 13.561650276184082 128.76806640625
v -40.93465042114258 25.244924545288086 131.06886291503906
v -40.240882873535156 25.37078285217285 130.9248809814453
v -41.50005340576172 25.41543197631836 131.16842651367188
v -40.22706604003906 25.91572380065918 131.1929168701172
v -41.10066604614258 25.69033432006836 131.39439392089844
v -40.63322448730469 25.618619918823242 131.2995147705078
v -41.6149787902832 25.89822006225586 131.31515502929688
v -40.39706039428711 26.40130615234375 131.25735473632812
v -41.484867095947266 26.367456436157227 131.33851623535156
v -40.93735885620117 26.49858283996582 131.3531951904297
v -41.17502212524414 26.086198806762695 131.4723358154297
v -40.732177734375 26.020891189575195 131.43038940429688
v 35.65709686279297 57.04325485229492 133.05133056640625
v 36.4777717590332 56.94606018066406 132.67803955078125
v 37.32992172241211 56.92937469482422 132.4447021484375
v 37.9315185546875 57.036338806152344 132.28196716308594
v 35.08623504638672 57.477874755859375 132.7371368408203
v 38.45380783081055 57.300479888916016 132.397216796875
v 34.57880401611328 57.82716751098633 132.99484252929688
v 38.98728942871094 57.9327278137207 131.9764862060547
v 34.40068817138672 58.38337326049805 132.61407470703125
v 39.45376205444336 58.36652374267578 132.31964111328125
v 34.238006591796875 59.04178237915039 132.69276428222656
v 39.73830795288086 59.047969818115234 132.50686645507812
v 34.240352630615234 59.896400451660156 132.8999481201172
v 39.83226776123047 59.8378791809082 132.6230010986328
v 34.42217254638672 60.728233337402344 133.2907257080078
v 39.70050811767578 60.61827087402344 132.74095153808594
v 34.97639465332031 61.476436614990234 132.82839965820312
v 39.37656021118164 61.323055267333984 132.95333862304688
v 35.359310150146484 62.009788513183594 133.4164581298828
v 38.83576202392578 61.81145477294922 132.34446716308594
v 36.117828369140625 62.39402389526367 133.0358123779297
v 36.8862190246582 62.57354736328125 133.1226806640625
v 37.55140686035156 62.49195098876953 132.872802734375
v 38.28119659423828 62.24613952636719 132.6415557861328
v -21.079570770263672 -35.57709503173828 126.35397338867188
v -21.695749282836914 -35.371212005615234 126.54393768310547
v -20.678274154663086 -35.173744201660156 126.71847534179688
v -21.9149112701416 -34.92548751831055 126.810791015625
v -20.280750274658203 -35.03074645996094 126.60462951660156
v -21.228527069091797 -34.920894622802734 126.88423919677734
v -22.397682189941406 -34.697227478027344 126.76002502441406
v -20.008089065551758 -34.46713638305664 126.59375762939453
v -22.8300838470459 -34.17561721801758 126.68156433105469
v -21.852191925048828 -34.161197662353516 127.04114532470703
v -21.005992889404297 -34.28121566772461 127.12348175048828
v -20.560230255126953 -34.6722412109375 126.92555236816406
v -23.47663116455078 -33.5689811706543 126.40204620361328
v -19.789743423461914 -33.49442672729492 126.57344818115234
v -23.27705955505371 -32.84407424926758 126.53279113769531
v -22.595287322998047 -33.29191589355469 126.87686920166016
v -21.753036499023438 -33.287235260009766 127.15579986572266
v -21.103328704833984 -33.60407257080078 127.19812774658203
v -20.446632385253906 -33.95391082763672 127.01837158203125
v -22.76803970336914 -32.48318862915039 126.65672302246094
v -20.044910430908203 -32.676334381103516 126.69224548339844
v -22.22898292541504 -31.983707427978516 126.56098937988281
v -21.431884765625 -32.11266326904297 126.80607604980469
v -20.662982940673828 -32.36229705810547 126.85061645507812
v -22.007898330688477 -32.62934875488281 126.97135162353516
v -21.222761154174805 -32.82734298706055 127.11934661865234
v -20.50098419189453 -33.13739776611328 127.02574920654297
v 34.62237548828125 -30.68451690673828 126.5338134765625
v 35.415061950683594 -30.683429718017578 126.26048278808594
v 34.27690124511719 -30.0893497467041 125.99404907226562
v 35.95024490356445 -30.444326400756836 126.04071807861328
v 33.9287109375 -29.791887283325195 125.99923706054688
v 36.53669357299805 -29.967374801635742 126.06305694580078
v 33.790184020996094 -30.171632766723633 126.5074462890625
v 36.3641471862793 -30.522663116455078 126.39543914794922
v 33.587615966796875 -29.293296813964844 126.17749786376953
v 37.09487533569336 -29.39972686767578 126.2293930053711
v 33.15773010253906 -29.73348045349121 126.83680725097656
v 37.553157806396484 -29.176944732666016 126.74311828613281
v 33.38908767700195 -28.291244506835938 126.2828598022461
v 37.16184616088867 -28.72075843811035 126.20130157470703
v 32.99238586425781 -28.936378479003906 126.74910736083984
v 37.67124938964844 -28.418001174926758 126.8699951171875
v 33.34846878051758 -27.388755798339844 126.52220153808594
v 37.15230941772461 -27.817625045776367 126.4122085571289
v 32.92827606201172 -28.068517684936523 126.91316223144531
v 37.69841384887695 -27.7335147857666 127.08971405029297
v 33.613922119140625 -26.769739151000977 126.63097381591797
v 36.79466247558594 -27.162988662719727 126.39797973632812
v 34.03464126586914 -26.60181427001953 126.51811218261719
v 34.75785446166992 -26.323280334472656 126.67837524414062
v 35.8600959777832 -26.34129524230957 126.69359588623047
v 36.601585388183594 -26.679851531982422 126.66432189941406
v 34.65967559814453 -25.826114654541016 127.3463134765625
v 35.39192199707031 -25.814891815185547 127.267822265625
v 58.25536346435547 8.738468170166016 129.4036102294922
v 58.95357894897461 8.539885520935059 128.98004150390625
v 59.75064468383789 8.514086723327637 128.6287841796875
v 60.508705139160156 8.665533065795898 128.2997589111328
v 57.54327392578125 9.131194114685059 128.9678497314453
v 61.145050048828125 8.945432662963867 128.87864685058594
v 56.99460983276367 9.660998344421387 129.4666748046875
v 61.80064010620117 9.523577690124512 128.52896118164062
v 56.379852294921875 10.351532936096191 128.9998779296875
v 62.399227142333984 10.229826927185059 129.13558959960938
v 56.009490966796875 10.943131446838379 129.04115295410156
v 62.858131408691406 10.758718490600586 128.55422973632812
v 55.8507080078125 11.315125465393066 128.74850463867188
v 63.06721496582031 11.230985641479492 128.75497436523438
v 55.99320602416992 11.384946823120117 129.30665588378906
v 62.86061096191406 10.868036270141602 129.1150665283203
v 55.88860321044922 11.689531326293945 128.9375
v 63.07223892211914 11.671063423156738 128.81881713867188
v 56.08461380004883 12.116222381591797 128.81773376464844
v 62.889244079589844 11.971596717834473 129.09703063964844
v 56.09065246582031 11.87286376953125 129.34274291992188
v 62.93021011352539 11.397960662841797 129.25144958496094
v 56.53874969482422 12.45506763458252 129.55227661132812
v 62.50684356689453 12.759147644042969 128.9540252685547
v 57.06689453125 13.290545463562012 129.17919921875
v 62.03763198852539 13.34762191772461 129.48715209960938
v 57.666324615478516 13.735159873962402 129.73098754882812
v 61.63105773925781 13.834124565124512 129.08642578125
v 58.232337951660156 14.137357711791992 129.4310302734375
v 58.99989318847656 14.331619262695312 129.28253173828125
v 59.89119338989258 14.352399826049805 129.15972900390625
v 60.860286712646484 14.192118644714355 128.952880859375
v 35.619606018066406 56.83570861816406 133.97201538085938
v 36.347381591796875 56.67464065551758 133.56129455566406
v 37.14912796020508 56.68342590332031 133.2506103515625
v 37.901451110839844 56.86806106567383 132.93722534179688
v 34.99650192260742 57.27872848510742 133.4731903076172
v 38.487525939941406 57.104854583740234 133.41220092773438
v 34.48183059692383 57.755489349365234 133.81849670410156
v 39.055938720703125 57.705814361572266 132.91860961914062
v 34.20927429199219 58.3873405456543 133.25985717773438
v 39.52814865112305 58.369083404541016 133.28277587890625
v 34.04602813720703 59.13043212890625 133.51112365722656
v 39.83992385864258 59.199928283691406 133.39891052246094
v 34.08182907104492 59.93567657470703 133.8419189453125
v 39.89662170410156 60.005069732666016 133.4794921875
v 34.31366729736328 60.65679931640625 134.30416870117188
v 39.72676467895508 60.74559020996094 133.64410400390625
v 34.76951599121094 61.398738861083984 133.84788513183594
v 39.387447357177734 61.35157012939453 133.8712615966797
v 35.26469421386719 61.90372085571289 134.35926818847656
v 38.8875617980957 61.868106842041016 133.27882385253906
v 35.89529800415039 62.330467224121094 133.9982452392578
v 36.628231048583984 62.53961944580078 133.81124877929688
v 37.393436431884766 62.50803756713867 133.73226928710938
v 38.19005584716797 62.2557373046875 133.5774383544922
v 34.05936813354492 -30.85732078552246 127.3311767578125
v 34.69578552246094 -31.13701629638672 127.19485473632812
v 35.38376235961914 -31.24933624267578 127.21141815185547
v 36.04833221435547 -30.860118865966797 126.71566772460938
v 35.771392822265625 -31.620094299316406 127.83749389648438
v 33.38713836669922 -30.334331512451172 127.179931640625
v 36.7544059753418 -30.559371948242188 127.0083236694336
v 32.94514083862305 -29.98148536682129 127.55621337890625
v 37.256378173828125 -29.853654861450195 126.77063751220703
v 32.77787780761719 -29.394424438476562 127.25264739990234
v 37.700477600097656 -29.59908103942871 127.2789535522461
v 32.65272521972656 -28.717729568481445 127.45155334472656
v 37.9196662902832 -28.994163513183594 127.43915557861328
v 32.687255859375 -27.782100677490234 127.78157043457031
v 38.02763748168945 -28.174999237060547 127.66712951660156
v 33.00202178955078 -27.367046356201172 127.08585357666016
v 37.87998580932617 -27.482986450195312 127.54570007324219
v 33.31964874267578 -26.884244918823242 126.9468765258789
v 37.33869934082031 -26.998598098754883 127.21387481689453
v 33.85383224487305 -26.27536392211914 127.24836730957031
v 36.628089904785156 -26.260005950927734 127.24322509765625
v 33.10493850708008 -26.89875030517578 127.57698822021484
v 37.83518600463867 -27.192785263061523 127.74757385253906
v 34.3297119140625 -25.688146591186523 127.79653930664062
v 36.0846061706543 -25.88222885131836 127.3178482055664
v 35.022789001464844 -25.4766788482666 128.03952026367188
v 35.8711051940918 -25.604778289794922 127.90353393554688
v 33.884098052978516 -25.832609176635742 128.08160400390625
v 36.46919250488281 -25.871788024902344 127.7828140258789
v 58.374855041503906 8.759082794189453 130.07379150390625
v 58.92586898803711 8.607063293457031 129.8170928955078
v 59.71958923339844 8.576741218566895 129.5156707763672
v 60.48618698120117 8.659116744995117 129.16555786132812
v 57.7843132019043 9.18225383758545 130.10984802246094
v 60.99303436279297 8.899331092834473 129.48641967773438
v 57.14384460449219 9.761343955993652 130.27755737304688
v 61.55607604980469 9.423237800598145 129.714599609375
v 58.309932708740234 8.921031951904297 130.45179748535156
v 58.791011810302734 8.816512107849121 130.47528076171875
v 59.57426834106445 8.796684265136719 130.3372344970703
v 60.55961227416992 8.932220458984375 130.02784729003906
v 56.66630172729492 10.233497619628906 129.9642791748047
v 62.127323150634766 10.207259178161621 130.12265014648438
v 56.98792266845703 10.186766624450684 130.640380859375
v 61.71907043457031 9.784749031066895 130.50357055664062
v 56.27027893066406 10.874330520629883 129.6732177734375
v 62.58802795410156 10.89189338684082 129.71363830566406
v 56.38956069946289 11.61630630493164 130.03030395507812
v 62.55537033081055 11.834084510803223 129.78823852539062
v 56.86082458496094 12.24629020690918 130.5758056640625
v 62.21426773071289 12.725265502929688 129.95758056640625
v 57.31134033203125 13.034344673156738 130.36631774902344
v 61.93512725830078 13.206255912780762 130.0201873779297
v 57.218017578125 12.544836044311523 130.93603515625
v 61.719322204589844 12.914030075073242 130.5354461669922
v 57.89479446411133 13.609787940979004 130.39813232421875
v 61.45568084716797 13.614785194396973 129.85963439941406
v 58.17144012451172 13.940625190734863 130.080810546875
v 58.777015686035156 14.075328826904297 130.06130981445312
v 59.61669158935547 14.089554786682129 130.01876831054688
v 60.539066314697266 13.949541091918945 129.9351348876953
v 58.482357025146484 13.715672492980957 130.6313934326172
v 59.276695251464844 13.717643737792969 130.72610473632812
v 60.16729736328125 13.602409362792969 130.71551513671875
v 61.01860809326172 13.3656644821167 130.63320922851562
v 35.67227554321289 56.79639434814453 134.9250946044922
v 36.326683044433594 56.57727813720703 134.46836853027344
v 36.96177291870117 56.55287551879883 134.04635620117188
v 37.783599853515625 56.72380828857422 133.93528747558594
v 35.00321578979492 57.21199035644531 134.4193115234375
v 38.398590087890625 56.992027282714844 134.0913848876953
v 34.51176452636719 57.79977035522461 134.7514190673828
v 38.93327331542969 57.565956115722656 134.20741271972656
v 38.13972091674805 56.93977355957031 134.75352478027344
v 34.14531707763672 58.41606140136719 134.11566162109375
v 39.58589553833008 58.59355163574219 134.3800811767578
v 39.16443634033203 58.00422286987305 135.12791442871094
v 34.01750946044922 59.17572021484375 134.41070556640625
v 39.8636589050293 59.43330383300781 134.14320373535156
v 34.085784912109375 59.91909408569336 134.7484893798828
v 39.825653076171875 60.10405731201172 134.3378143310547
v 34.30595016479492 60.50539779663086 135.13485717773438
v 39.61382293701172 60.82219696044922 134.4571990966797
v 34.79051208496094 61.196170806884766 135.0170440673828
v 39.35904312133789 61.276275634765625 134.47645568847656
v 34.52532958984375 60.73007583618164 135.48553466796875
v 39.235965728759766 61.01109313964844 135.10726928710938
v 35.364620208740234 61.81027603149414 135.09463500976562
v 38.8568115234375 61.70508575439453 134.34686279296875
v 35.80260467529297 62.172096252441406 134.8156280517578
v 36.46459197998047 62.38383865356445 134.61810302734375
v 37.114261627197266 62.437740325927734 134.41871643066406
v 37.91259765625 62.143035888671875 134.61973571777344
v 35.77006912231445 61.945194244384766 135.40565490722656
v 38.54075241088867 61.530582427978516 135.32925415039062
v 35.68464279174805 -31.8011417388916 128.17262268066406
v 35.417701721191406 -31.659669876098633 127.88076782226562
v 36.00434875488281 -31.683080673217773 128.2798614501953
v 34.08480453491211 -31.113370895385742 128.3954315185547
v 34.831146240234375 -31.413991928100586 127.87456512451172
v 36.23860168457031 -31.249374389648438 127.67896270751953
v 33.39082336425781 -30.583393096923828 127.94847869873047
v 36.975364685058594 -30.827211380004883 128.10264587402344
v 32.89521408081055 -30.0766658782959 128.45277404785156
v 37.4332275390625 -30.180809020996094 127.60480499267578
v 32.620445251464844 -29.40376091003418 127.9615707397461
v 37.86417007446289 -29.63170051574707 128.00570678710938
v 32.461429595947266 -28.62248992919922 128.3715057373047
v 38.10792922973633 -28.91975975036621 128.26266479492188
v 32.41360092163086 -27.858230590820312 128.88316345214844
v 38.18783187866211 -28.27067756652832 128.471923828125
v 32.27824401855469 -27.768449783325195 129.3642578125
v 32.81013488769531 -27.065248489379883 128.49929809570312
v 38.05357360839844 -27.574203491210938 128.20533752441406
v 33.361473083496094 -26.322898864746094 128.20233154296875
v 37.719058990478516 -26.959197998046875 128.16439819335938
v 37.94987869262695 -27.279470443725586 128.81593322753906
v 33.730960845947266 -25.816585540771484 128.84506225585938
v 37.07796859741211 -26.32073974609375 128.13919067382812
v 34.345664978027344 -25.470666885375977 128.50625610351562
v 34.89987564086914 -25.187789916992188 128.9978485107422
v 35.637996673583984 -25.40412139892578 128.74375915527344
v 36.41354751586914 -25.759023666381836 128.5374755859375
v 34.73398971557617 -25.00853157043457 129.39187622070312
v 58.453392028808594 9.281513214111328 131.00726318359375
v 59.25701904296875 9.080727577209473 130.93145751953125
v 60.170326232910156 9.316200256347656 130.99444580078125
v 61.13608932495117 9.47402572631836 130.6475372314453
v 57.63711929321289 9.854351043701172 131.04029846191406
v 61.51289749145508 9.91692066192627 130.94996643066406
v 57.15190124511719 10.476407051086426 131.09451293945312
v 61.880367279052734 10.228713989257812 130.740234375
v 58.18317794799805 9.680229187011719 131.4186248779297
v 60.20285415649414 9.948026657104492 131.7012176513672
v 60.94379425048828 9.907516479492188 131.28675842285156
v 56.70071792602539 10.839394569396973 130.5720672607422
v 62.109798431396484 11.000749588012695 130.56666564941406
v 57.12784194946289 11.061870574951172 131.29766845703125
v 60.78387451171875 10.648484230041504 131.75376892089844
v 61.52357864379883 10.487890243530273 131.18402099609375
v 56.8499870300293 11.5667724609375 130.9320068359375
v 62.025047302246094 12.057348251342773 130.614013671875
v 57.280635833740234 12.040322303771973 131.30419921875
v 61.57801055908203 12.32226848602295 131.08973693847656
v 57.164772033691406 11.529837608337402 131.4019012451172
v 60.66488265991211 11.542247772216797 131.88748168945312
v 61.462646484375 11.466985702514648 131.31283569335938
v 57.660400390625 12.663186073303223 131.23004150390625
v 61.26185989379883 12.802318572998047 131.08358764648438
v 58.06551742553711 13.229878425598145 130.9740447998047
v 58.85825729370117 13.246842384338379 131.2482452392578
v 59.74099349975586 13.127657890319824 131.33993530273438
v 60.61418533325195 12.956570625305176 131.2627716064453
v 58.3944091796875 12.705825805664062 131.592529296875
v 59.22927474975586 12.601457595825195 131.7946319580078
v 60.15340042114258 12.307781219482422 131.82666015625
v 61.02317810058594 12.255064964294434 131.49783325195312
v 35.88357162475586 56.821285247802734 135.7603302001953
v 36.311248779296875 56.60061264038086 135.2527313232422
v 37.16008377075195 56.61524200439453 135.01197814941406
v 35.16149139404297 57.31396484375 135.5746612548828
v 37.77385711669922 56.881465911865234 135.55674743652344
v 34.58392333984375 58.000736236572266 135.52256774902344
v 38.48085021972656 57.417415618896484 135.54721069335938
v 35.62993240356445 57.05862808227539 136.12564086914062
v 37.25758743286133 56.74999237060547 135.90257263183594
v 34.21538162231445 58.501705169677734 134.9947967529297
v 38.96536636352539 58.213356018066406 135.99142456054688
v 39.438758850097656 58.56053924560547 135.3091583251953
v 34.44921875 58.63629150390625 135.7981414794922
v 34.15040588378906 59.24142074584961 135.26556396484375
v 39.67076873779297 59.330238342285156 135.0289764404297
v 34.4600830078125 59.38433074951172 135.99586486816406
v 39.35259246826172 58.911956787109375 135.79051208496094
v 34.23815155029297 59.92304611206055 135.49998474121094
v 39.59000778198242 60.22417068481445 135.1307373046875
v 34.42096710205078 60.39613723754883 135.66452026367188
v 39.2628059387207 60.37482833862305 135.74989318847656
v 34.541786193847656 60.02208709716797 136.0173797607422
v 39.35907745361328 59.640472412109375 135.8331298828125
v 34.90793991088867 60.64409255981445 136.02174377441406
v 38.8327751159668 60.85728454589844 135.9447479248047
v 35.48057556152344 61.43142318725586 135.7913360595703
v 38.13567352294922 61.26485824584961 136.15110778808594
v 36.08689880371094 61.774681091308594 135.83522033691406
v 37.883750915527344 61.82794189453125 135.51007080078125
v 36.31851577758789 62.11583709716797 135.34547424316406
v 37.14466094970703 62.13695526123047 135.24122619628906
v 36.76020431518555 61.754032135009766 135.95701599121094
v 37.47416305541992 61.692501068115234 135.95074462890625
v 35.7420539855957 -31.82472038269043 128.48748779296875
v 35.37277603149414 -31.74839210510254 128.35479736328125
v 35.94511032104492 -31.694917678833008 128.75515747070312
v 34.154083251953125 -31.127666473388672 129.42974853515625
v 34.94063186645508 -31.49797248840332 128.8850860595703
v 36.42505645751953 -31.360443115234375 128.69017028808594
v 35.57838821411133 -31.72991180419922 128.79779052734375
v 33.44594955444336 -30.672496795654297 128.9812469482422
v 37.0395622253418 -30.880197525024414 129.04705810546875
v 32.95147705078125 -30.05249786376953 129.48812866210938
v 37.517024993896484 -30.293298721313477 128.57696533203125
v 32.561424255371094 -29.368995666503906 128.9291534423828
v 37.898712158203125 -29.591053009033203 128.92539978027344
v 32.35271453857422 -28.501834869384766 129.40333557128906
v 38.12715530395508 -28.795015335083008 129.09805297851562
v 32.23056411743164 -28.013458251953125 129.3352813720703
v 32.19675064086914 -27.902467727661133 129.47145080566406
v 38.1176643371582 -27.954702377319336 129.14540100097656
v 32.28646469116211 -27.80441665649414 129.61294555664062
v 37.85251235961914 -27.367525100708008 129.56153869628906
v 32.2387809753418 -28.049440383911133 129.58396911621094
v 32.58506393432617 -27.323246002197266 129.53916931152344
v 37.55205535888672 -26.769588470458984 129.0076141357422
v 33.128875732421875 -26.44856834411621 129.15956115722656
v 33.59819030761719 -25.941164016723633 129.76699829101562
v 36.939178466796875 -26.18882179260254 129.23597717285156
v 34.34295654296875 -25.357891082763672 129.4348907470703
v 35.29051971435547 -25.254209518432617 129.5404815673828
v 36.17360305786133 -25.699356079101562 129.55787658691406
v 36.733245849609375 -26.163896560668945 130.03314208984375
v 34.71229553222656 -25.044191360473633 129.60072326660156
v 34.931697845458984 -24.987537384033203 129.4127655029297
v 34.81866455078125 -24.923843383789062 129.51004028320312
v 34.910011291503906 -25.0231876373291 129.62161254882812
v 59.33238983154297 9.60456371307373 131.5504608154297
v 58.603294372558594 9.720396041870117 131.6221466064453
v 59.66733169555664 10.114801406860352 132.01686096191406
v 58.1993522644043 10.113314628601074 131.7073516845703
v 60.124996185302734 10.423712730407715 132.0796356201172
v 58.977046966552734 10.22657585144043 132.0234375
v 57.638614654541016 10.603915214538574 131.572998046875
v 60.17631912231445 10.987160682678223 132.181640625
v 58.37331771850586 10.87043285369873 132.05221557617188
v 59.096012115478516 10.848875045776367 132.2901611328125
v 59.621978759765625 10.606866836547852 132.2556610107422
v 57.646507263183594 11.406785011291504 131.73106384277344
v 60.04524612426758 11.592044830322266 132.18138122558594
v 57.96443176269531 12.112669944763184 131.75604248046875
v 58.70418930053711 12.080387115478516 132.04257202148438
v 59.45823287963867 11.886327743530273 132.17515563964844
v 58.29877853393555 11.589070320129395 132.07229614257812
v 58.917518615722656 11.418253898620605 132.26620483398438
v 59.57490921020508 11.215846061706543 132.32974243164062
v 36.61906814575195 56.70161819458008 135.95077514648438
v 36.14497375488281 57.032962799072266 136.4616241455078
v 37.01240539550781 56.876346588134766 136.3882598876953
v 35.529518127441406 57.42457580566406 136.47247314453125
v 37.65643310546875 57.15331268310547 136.33152770996094
v 38.31250762939453 57.72826385498047 136.5155487060547
v 36.6490478515625 56.89674758911133 136.50079345703125
v 34.9917106628418 58.06281661987305 136.3133087158203
v 38.58872985839844 58.2746696472168 136.71856689453125
v 35.51567840576172 57.932891845703125 136.9149169921875
v 38.175540924072266 58.05375671386719 137.04685974121094
v 34.798526763916016 58.858787536621094 136.42776489257812
v 38.8828010559082 59.00739669799805 136.50802612304688
v 38.286766052246094 58.63188171386719 137.1464385986328
v 35.06844711303711 59.67588424682617 136.66912841796875
v 38.8502197265625 60.06068420410156 136.43850708007812
v 35.85858154296875 60.003662109375 137.23077392578125
v 38.243408203125 59.51820755004883 137.12718200683594
v 35.41282272338867 60.422908782958984 136.721923828125
v 38.503238677978516 60.67946243286133 136.50912475585938
v 35.5462760925293 60.932769775390625 136.4356231689453
v 36.227684020996094 61.224361419677734 136.44659423828125
v 37.294918060302734 61.112056732177734 136.59169006347656
v 38.03014373779297 60.756900787353516 136.74659729003906
v 35.90782165527344 60.65650939941406 136.8812255859375
v 36.62446212768555 60.4462890625 137.1681671142578
v 37.62717056274414 60.230064392089844 137.18968200683594
v 38.31491470336914 60.27512741088867 136.8860626220703
v 34.244747161865234 -31.068037033081055 130.16574096679688
v 34.85807418823242 -31.285818099975586 129.84835815429688
v 35.810035705566406 -31.420568466186523 129.39865112304688
v 36.594356536865234 -31.16579818725586 129.41249084472656
v 33.65234375 -30.593063354492188 130.19847106933594
v 36.93183135986328 -30.880571365356445 129.611572265625
v 33.04368209838867 -29.915773391723633 130.35226440429688
v 37.335784912109375 -30.29448890686035 129.69090270996094
v 34.15285110473633 -30.880950927734375 130.57315063476562
v 34.65003967285156 -31.00827980041504 130.5848388671875
v 35.47740936279297 -31.05152702331543 130.40122985839844
v 36.475563049316406 -30.865877151489258 130.0982208251953
v 32.625186920166016 -29.286388397216797 129.97735595703125
v 37.837303161621094 -29.382083892822266 129.79653930664062
v 32.90727615356445 -29.449308395385742 130.7451629638672
v 37.444976806640625 -29.74458122253418 130.4103546142578
v 32.454132080078125 -28.662151336669922 130.06808471679688
v 37.99959945678711 -28.57761001586914 129.8648223876953
v 37.642154693603516 -29.057512283325195 130.52023315429688
v 32.458580017089844 -28.028202056884766 130.0859375
v 37.97175979614258 -27.94264030456543 129.89785766601562
v 37.70061492919922 -27.603145599365234 130.24575805664062
v 37.71692657470703 -28.260066986083984 130.4898223876953
v 32.79359436035156 -27.26169776916504 130.53500366210938
v 37.28176498413086 -26.857213973999023 130.1275177001953
v 33.0668830871582 -26.582021713256836 130.11944580078125
v 36.655662536621094 -26.44733238220215 130.7548828125
v 33.522762298583984 -26.163406372070312 130.5993194580078
v 36.30305480957031 -25.965118408203125 130.35617065429688
v 34.115318298339844 -25.73265266418457 130.3279571533203
v 34.80083465576172 -25.362211227416992 130.0068359375
v 35.59004592895508 -25.74090576171875 130.3992462158203
v 36.114192962646484 -26.137216567993164 130.85906982421875
v 36.87233352661133 57.33442687988281 136.9110565185547
v 37.695560455322266 57.67242431640625 137.0215606689453
v 36.05187225341797 57.60553741455078 137.0160369873047
v 37.756839752197266 58.23434829711914 137.4022674560547
v 35.885597229003906 58.185516357421875 137.30502319335938
v 36.56900405883789 58.11405563354492 137.4831085205078
v 37.23160171508789 57.916263580322266 137.39752197265625
v 35.37945556640625 58.667144775390625 137.02394104003906
v 37.745033264160156 58.90135955810547 137.5447540283203
v 35.663551330566406 59.329341888427734 137.32167053222656
v 36.103294372558594 58.81753158569336 137.577880859375
v 36.7215576171875 58.75246810913086 137.76611328125
v 37.210296630859375 58.47925567626953 137.66827392578125
v 36.105499267578125 59.46743392944336 137.6058349609375
v 37.593101501464844 59.51628875732422 137.54998779296875
v 36.42984390258789 59.82277297973633 137.58355712890625
v 37.01728057861328 59.76206970214844 137.6097412109375
v 36.584049224853516 59.298824310302734 137.76551818847656
v 37.16060256958008 59.118133544921875 137.76242065429688
v 34.273746490478516 -30.50887680053711 131.1452178955078
v 35.08330154418945 -30.73111915588379 131.04794311523438
v 35.955116271972656 -30.48107147216797 131.07972717285156
v 36.87395477294922 -30.20407485961914 130.68231201171875
v 33.4959716796875 -29.87363052368164 131.1865234375
v 37.10877227783203 -29.51692008972168 131.0450897216797
v 33.08000564575195 -29.173337936401367 131.26316833496094
v 33.99532699584961 -30.093843460083008 131.58143615722656
v 35.93296813964844 -29.871400833129883 131.77085876464844
v 36.52994155883789 -29.919279098510742 131.34164428710938
v 32.70545959472656 -28.73883819580078 130.7183074951172
v 37.20476531982422 -28.66442108154297 131.14564514160156
v 33.13539505004883 -28.49823570251465 131.53172302246094
v 36.50654220581055 -29.212095260620117 131.7142333984375
v 32.848541259765625 -27.894779205322266 131.0393524169922
v 37.238616943359375 -27.68043327331543 130.93792724609375
v 33.38821792602539 -27.65808868408203 131.77224731445312
v 36.54512023925781 -28.124462127685547 131.72659301757812
v 33.06829071044922 -27.242267608642578 131.23080444335938
v 36.95920181274414 -27.001415252685547 130.97230529785156
v 33.1837158203125 -26.69740867614746 130.92672729492188
v 36.21377944946289 -26.538742065429688 131.26953125
v 36.55146789550781 -26.862241744995117 131.31910705566406
v 33.49454116821289 -26.884075164794922 131.52545166015625
v 34.048553466796875 -27.158132553100586 132.0521697998047
v 35.91735076904297 -27.19228172302246 131.83038330078125
v 36.70801544189453 -27.346542358398438 131.4297637939453
v 33.582847595214844 -26.390317916870117 131.17703247070312
v 35.59013748168945 -26.330772399902344 131.25726318359375
v 33.95088577270508 -26.074172973632812 130.97579956054688
v 34.697166442871094 -25.992813110351562 130.95860290527344
v 34.065799713134766 -26.477733612060547 131.5005340576172
v 34.86293029785156 -26.767009735107422 131.8313446044922
v 35.11371612548828 -30.19749641418457 131.67922973632812
v 34.39815139770508 -30.068164825439453 131.7855682373047
v 35.42534255981445 -29.681819915771484 132.13108825683594
v 34.02225875854492 -29.65251922607422 131.90113830566406
v 35.87398147583008 -29.372648239135742 132.1400909423828
v 34.760868072509766 -29.55604362487793 132.19932556152344
v 33.54399108886719 -29.107330322265625 131.8080596923828
v 35.95246887207031 -28.735387802124023 132.21376037597656
v 34.221866607666016 -28.898996353149414 132.3317413330078
v 34.863365173339844 -28.910999298095703 132.5056610107422
v 35.37913131713867 -29.143627166748047 132.38467407226562
v 33.68095779418945 -28.342897415161133 132.13223266601562
v 35.86787033081055 -28.030908584594727 132.2275390625
v 33.8844108581543 -27.75362205505371 132.28167724609375
v 35.429630279541016 -27.73257827758789 132.37721252441406
v 34.231746673583984 -28.13201904296875 132.49209594726562
v 34.67570877075195 -28.436206817626953 132.5823211669922
v 35.2994384765625 -28.40569496154785 132.50833129882812
v 34.292640686035156 -27.59903335571289 132.44570922851562
v 35.13728332519531 -27.322053909301758 132.28038024902344
v 34.61775588989258 -27.291248321533203 132.33189392089844
v 34.809146881103516 -27.82304573059082 132.53793334960938
vn -0.11082058399915695 -0.17696446180343628 -0.9779582619667053
vn 0.12340397387742996 -0.19857962429523468 -0.9722847938537598
vn 0.35324546694755554 -0.15355978906154633 -0.9228418469429016
vn -0.4028163254261017 -0.03301480412483215 -0.9146852493286133
vn -0.13198412954807281 0.045823030173778534 -0.990192174911499
vn 0.10595835000276566 0.02914329804480076 -0.993943452835083
vn 0.34447601437568665 0.06550092250108719 -0.9365073442459106
vn -0.2149251103401184 0.2192324548959732 -0.951706051826477
vn 0.04889350011944771 0.2776011824607849 -0.95945143699646
vn 0.3030388653278351 0.2526935935020447 -0.9188653230667114
vn -0.20527991652488708 0.5005747675895691 -0.8410024046897888
vn -0.0040763202123343945 0.5232509970664978 -0.8521688580513
vn 0.18980515003204346 0.497219979763031 -0.8466087579727173
vn -0.2172183394432068 -0.41427743434906006 -0.8838497996330261
vn -0.012591101229190826 -0.4169960916042328 -0.9088210463523865
vn 0.2684333920478821 -0.3890676200389862 -0.8812320232391357
vn -0.39995405077934265 -0.6017432808876038 -0.6913334131240845
vn -0.1907486915588379 -0.6040468811988831 -0.7737844586372375
vn 0.002746162936091423 -0.5944876074790955 -0.8041000962257385
vn 0.22858795523643494 -0.5718693733215332 -0.7878534197807312
vn -0.3740365207195282 -0.2292208969593048 -0.8986403942108154
vn 0.5425041913986206 -0.23279885947704315 -0.8071516752243042
vn -0.6063546538352966 -0.16382072865962982 -0.7781367301940918
vn -0.4833073616027832 -0.40068578720092773 -0.7783732414245605
vn 0.7373504042625427 -0.13443908095359802 -0.6619974374771118
vn -0.7104873061180115 -0.00481484504416585 -0.7036935687065125
vn 0.5797052979469299 0.02909221313893795 -0.8143067359924316
vn -0.5152691006660461 0.08226165175437927 -0.8530714511871338
vn 0.7251157164573669 0.08601560443639755 -0.683233916759491
vn -0.49091780185699463 0.33655428886413574 -0.8035739064216614
vn 0.5410372614860535 0.25906363129615784 -0.8001030087471008
vn -0.7201794385910034 0.20667575299739838 -0.6622889637947083
vn 0.6488880515098572 0.3037404417991638 -0.6976289749145508
vn -0.43987709283828735 0.6295521259307861 -0.6404469609260559
vn 0.44890883564949036 0.4227946996688843 -0.7872264981269836
vn -0.18021221458911896 0.7525901198387146 -0.633349597454071
vn 0.04471428319811821 0.7187193036079407 -0.6938610672950745
vn 0.3483439087867737 0.6118252277374268 -0.7101594805717468
vn -0.6850839257240295 0.48799487948417664 -0.5408520698547363
vn -0.09243932366371155 0.8601228594779968 -0.501641035079956
vn -0.5691831111907959 -0.6713680624961853 -0.47465306520462036
vn -0.3299698233604431 -0.7494374513626099 -0.5739890336990356
vn -0.030998680740594864 -0.7368731498718262 -0.675320029258728
vn 0.23615357279777527 -0.7404387593269348 -0.6292709708213806
vn -0.2005535215139389 -0.8328559994697571 -0.5158771872520447
vn 0.0634990856051445 -0.8142101764678955 -0.5770872831344604
vn -0.6551318764686584 -0.4442634880542755 -0.6110910773277283
vn 0.4717731475830078 -0.5569073557853699 -0.6835820078849792
vn 0.6076549291610718 -0.3604079484939575 -0.7077157497406006
vn 0.6667643189430237 -0.5166410207748413 -0.5371288657188416
vn -0.7371793985366821 -0.23449596762657166 -0.6337019205093384
vn 0.7821354866027832 -0.3224276602268219 -0.5332021713256836
vn -0.811471700668335 -0.3430282473564148 -0.47312289476394653
vn -0.8155443072319031 0.03793959692120552 -0.5774497389793396
vn 0.817776620388031 -0.052517566829919815 -0.5731346607208252
vn -0.8778990507125854 -0.05972497910261154 -0.47510650753974915
vn 0.8764276504516602 0.08054718375205994 -0.47474923729896545
vn -0.8250962495803833 0.28575703501701355 -0.4874003827571869
vn 0.8284528851509094 0.19120797514915466 -0.5264079570770264
vn 0.7283356189727783 0.41669389605522156 -0.5439608693122864
vn -0.9137716889381409 0.17579108476638794 -0.3662223815917969
vn -0.7112777829170227 0.5936091542243958 -0.3764466345310211
vn 0.5599688291549683 0.5818373560905457 -0.5898306965827942
vn -0.49789756536483765 0.7548133730888367 -0.4270303249359131
vn -0.3279056251049042 0.8194721341133118 -0.47004619240760803
vn 0.41128528118133545 0.6996947526931763 -0.5841846466064453
vn 0.6689682602882385 0.6358563899993896 -0.38492628931999207
vn -0.2010054886341095 0.9319776892662048 -0.3016858696937561
vn 0.16675174236297607 0.8311704993247986 -0.5304238796234131
vn 0.08940364420413971 0.9651519656181335 -0.24594448506832123
vn -0.3993777632713318 0.8749357461929321 -0.27383363246917725
vn 0.3859637677669525 0.8483580350875854 -0.36238202452659607
vn -0.2723012864589691 -0.9271349310874939 -0.257435142993927
vn -0.032180365175008774 -0.9399587512016296 -0.3397675156593323
vn -0.4249997138977051 -0.821769118309021 -0.3795665502548218
vn 0.25438737869262695 -0.8717354536056519 -0.4187653064727783
vn -0.6044901013374329 -0.7369347214698792 -0.3025209903717041
vn 0.3671392500400543 -0.7587956190109253 -0.5379944443702698
vn 0.5369575023651123 -0.7015833854675293 -0.4684629440307617
vn 0.5027100443840027 -0.8015204668045044 -0.3238016664981842
vn -0.7401809692382812 -0.5362993478775024 -0.4056048095226288
vn 0.7296117544174194 -0.5766056180000305 -0.36768558621406555
vn -0.8484638929367065 -0.47685208916664124 -0.22961097955703735
vn -0.9331637024879456 -0.20787400007247925 -0.2932473123073578
vn 0.7796447277069092 -0.4272007644176483 -0.45787954330444336
vn 0.8495986461639404 -0.16868792474269867 -0.4997265338897705
vn 0.8824461698532104 -0.315745085477829 -0.3487031161785126
vn -0.9734240174293518 0.050012703984975815 -0.22348260879516602
vn 0.9632322788238525 -0.04023141413927078 -0.2656407654285431
vn 0.9334640502929688 0.21262286603450775 -0.2888537645339966
vn -0.9457030296325684 0.2958877980709076 -0.1345222443342209
vn 0.8623966574668884 0.3034776747226715 -0.40518322587013245
vn -0.8863102793693542 0.37514203786849976 -0.27151909470558167
vn 0.8922497630119324 0.41059088706970215 -0.187897726893425
vn -0.7883825898170471 0.5460320711135864 -0.28337594866752625
vn 0.8402457237243652 0.44964465498924255 -0.3029964566230774
vn -0.627926230430603 0.7376295924186707 -0.2482161819934845
vn 0.6957271695137024 0.6804914474487305 -0.22998961806297302
vn -0.8305261731147766 0.5442757606506348 -0.11828017234802246
vn -0.43609440326690674 0.8862882256507874 -0.1559324562549591
vn 0.6010352373123169 0.7246167659759521 -0.3371753990650177
vn -0.14337752759456635 0.9853946566581726 -0.09187133610248566
vn 0.16512781381607056 0.9841768741607666 -0.06425508856773376
vn 0.4218894839286804 0.8927767872810364 -0.15798379480838776
vn -0.6133921146392822 0.7847535014152527 -0.08895022422075272
vn -0.3017556369304657 -0.9515725374221802 -0.05876515060663223
vn -0.030993394553661346 -0.9905937910079956 -0.13327959179878235
vn 0.26568615436553955 -0.9441976547241211 -0.19468344748020172
vn -0.5016331076622009 -0.8510895371437073 -0.15495465695858002
vn 0.5508095622062683 -0.8238197565078735 -0.133902445435524
vn -0.6486652493476868 -0.7586430907249451 -0.060779985040426254
vn 0.6416224241256714 -0.7111685872077942 -0.2873323857784271
vn -0.7448059916496277 -0.6467642784118652 -0.1641952246427536
vn 0.7367990016937256 -0.6494778990745544 -0.1878984421491623
vn -0.8707283735275269 -0.49098801612854004 -0.027619989588856697
vn 0.8062535524368286 -0.5393902659416199 -0.24292664229869843
vn -0.967395007610321 -0.23376360535621643 -0.09747567027807236
vn 0.937208890914917 -0.32715049386024475 -0.12088055908679962
vn -0.9978307485580444 0.02503051795065403 -0.060887712985277176
vn 0.9965552687644958 -0.0722803846001625 -0.04065903648734093
vn -0.9699271321296692 0.24339301884174347 -0.0010847653029486537
vn 0.9782956838607788 0.195203498005867 -0.06952100992202759
vn 0.8886637687683105 0.4583863317966461 0.012600589543581009
vn -0.8809440732002258 0.4727743864059448 0.020539967343211174
vn 0.8229871392250061 0.5522596836090088 -0.13304679095745087
vn -0.7775683403015137 0.6275225281715393 -0.040036942809820175
vn 0.7461061477661133 0.6650580763816833 -0.03199217841029167
vn -0.6496358513832092 0.7575185894966125 0.06433430314064026
vn 0.6207163333892822 0.7772858738899231 -0.10265453904867172
vn -0.35840216279029846 0.9334669709205627 0.013686839491128922
vn -0.07674375176429749 0.9946523904800415 0.06911671161651611
vn 0.14548726379871368 0.9869399666786194 0.06915879994630814
vn 0.4108312726020813 0.9112629294395447 0.028593964874744415
vn -0.3066962659358978 -0.9460882544517517 0.10418430715799332
vn -0.02009163796901703 -0.9995417594909668 0.02264033816754818
vn 0.28008735179901123 -0.9586946964263916 -0.04955471307039261
vn -0.5095261931419373 -0.8583505749702454 0.06014351174235344
vn 0.5470735430717468 -0.8370177149772644 0.010581670328974724
vn -0.6340145468711853 -0.7572714686393738 0.15673419833183289
vn 0.6984016299247742 -0.713593065738678 -0.05495580658316612
vn -0.7591431140899658 -0.6476802825927734 0.06490062922239304
vn 0.7699602842330933 -0.6308645009994507 0.09576678276062012
vn -0.8618577718734741 -0.48583710193634033 0.14547689259052277
vn 0.8296103477478027 -0.5581355690956116 -0.015213493257761002
vn -0.9655354022979736 -0.25569120049476624 0.048615097999572754
vn 0.9499804973602295 -0.29226943850517273 0.11007093638181686
vn 0.8655257225036621 -0.45813894271850586 0.20242048799991608
vn -0.9946601390838623 -0.005548730026930571 0.10305571556091309
vn 0.9863172769546509 -0.002731053624302149 0.16483567655086517
vn 0.9242618680000305 -0.18268519639968872 0.3352105915546417
vn -0.9570688009262085 0.252816766500473 0.14178529381752014
vn 0.9600775837898254 0.24062781035900116 0.14265090227127075
vn 0.8834652304649353 0.38627830147743225 0.26510053873062134
vn 0.9233553409576416 0.1003023087978363 0.37061357498168945
vn -0.8774292469024658 0.43186211585998535 0.208837628364563
vn 0.8341212272644043 0.5346770882606506 0.13550721108913422
vn -0.7619590759277344 0.6153402328491211 0.20192734897136688
vn 0.7235827445983887 0.6780652403831482 0.12905657291412354
vn -0.7761247158050537 0.5246923565864563 0.34975486993789673
vn -0.6557902693748474 0.704851508140564 0.27041372656822205
vn 0.5781888365745544 0.8110083341598511 0.08923695981502533
vn -0.4091636836528778 0.895708441734314 0.17404454946517944
vn -0.12769156694412231 0.970748245716095 0.20332908630371094
vn 0.1305789202451706 0.9640069007873535 0.231602743268013
vn 0.3594563603401184 0.9123255610466003 0.19609498977661133
vn -0.4593460261821747 0.7942521572113037 0.3976993262767792
vn -0.22679771482944489 -0.9382146000862122 0.2613735795021057
vn 0.04791957885026932 -0.9773034453392029 0.20635321736335754
vn 0.2634679079055786 -0.9571548700332642 0.12016357481479645
vn -0.48462578654289246 -0.8067198991775513 0.3381434381008148
vn 0.47938933968544006 -0.8536684513092041 0.2035585343837738
vn -0.5552753806114197 -0.7504302263259888 0.3585021495819092
vn 0.6456483602523804 -0.7446908354759216 0.16903775930404663
vn -0.28408417105674744 -0.8254839777946472 0.48772168159484863
vn 0.060443662106990814 -0.8891782164573669 0.45355117321014404
vn 0.32398489117622375 -0.879442572593689 0.3487328886985779
vn -0.7436168193817139 -0.5898639559745789 0.3147929608821869
vn 0.8204836249351501 -0.5109657645225525 0.2563604414463043
vn -0.8402059078216553 -0.42781147360801697 0.33321380615234375
vn -0.5992510914802551 -0.624026894569397 0.5014864206314087
vn 0.6652437448501587 -0.6826034188270569 0.30249541997909546
vn -0.9453198909759521 -0.24593597650527954 0.21420983970165253
vn 0.8548492789268494 -0.3747854232788086 0.35884347558021545
vn -0.8708361983299255 -0.22634276747703552 0.4363638162612915
vn -0.960311233997345 -0.013517236337065697 0.27860304713249207
vn 0.8719232082366943 -0.06194464862346649 0.4857085049152374
vn -0.8616463541984558 -0.03174380958080292 0.5065155625343323
vn -0.9170092940330505 0.22722089290618896 0.3278180658817291
vn 0.8720634579658508 0.2552565932273865 0.417551726102829
vn -0.7575993537902832 0.384711891412735 0.5272949934005737
vn -0.8144432306289673 0.19994208216667175 0.5447066426277161
vn -0.670535147190094 0.5439915657043457 0.5044362545013428
vn 0.8324177861213684 0.4552190899848938 0.31600049138069153
vn -0.5600817203521729 0.6400139927864075 0.526013970375061
vn 0.671856164932251 0.6699092984199524 0.31596022844314575
vn -0.5586432814598083 0.5233907699584961 0.6434126496315002
vn 0.6289204359054565 0.6035240888595581 0.4901202321052551
vn -0.3108343183994293 0.7573208212852478 0.5743233561515808
vn 0.48758333921432495 0.8170842528343201 0.30762940645217896
vn -0.171330064535141 0.9091959595680237 0.3794848322868347
vn 0.06904644519090652 0.9179617762565613 0.3906134068965912
vn 0.288033664226532 0.882722795009613 0.37126424908638
vn -0.05191808193922043 0.8162305355072021 0.5753887891769409
vn 0.1765640527009964 0.8167898058891296 0.5492537021636963
vn 0.39405375719070435 0.7608058452606201 0.5156511664390564
vn -0.1917296051979065 -0.7661791443824768 0.6133590340614319
vn 0.1668926328420639 -0.8025624752044678 0.572748064994812
vn 0.4097665846347809 -0.8112983107566833 0.41699695587158203
vn -0.412089467048645 -0.6651452779769897 0.6227070093154907
vn 0.5314697623252869 -0.614332377910614 0.5832114219665527
vn -0.6092936396598816 -0.495760977268219 0.6188557147979736
vn 0.771043062210083 -0.41982516646385193 0.4787895679473877
vn -0.2096741944551468 -0.6754041910171509 0.7070119380950928
vn 0.07524942606687546 -0.6902343034744263 0.7196624875068665
vn 0.3224095404148102 -0.6507523059844971 0.6874399185180664
vn -0.7411839962005615 -0.4034525454044342 0.5365374684333801
vn 0.822530210018158 -0.2193266749382019 0.5247284770011902
vn -0.6069579124450684 -0.3128517270088196 0.7305654287338257
vn 0.4495147168636322 -0.5070675611495972 0.7354039549827576
vn 0.6139570474624634 -0.3576031029224396 0.7036879658699036
vn -0.7434579730033875 -0.16808511316776276 0.6473157405853271
vn 0.8182113766670227 0.021766422316432 0.5745053887367249
vn -0.6038867235183716 -0.07026427239179611 0.7939671277999878
vn 0.7260305881500244 -0.15478195250034332 0.6700165271759033
vn -0.7052457332611084 0.13704437017440796 0.6955913305282593
vn 0.8213862180709839 0.26003655791282654 0.5076472759246826
vn -0.5745105147361755 0.36565855145454407 0.7322782874107361
vn 0.6766881346702576 0.3832823634147644 0.6286396980285645
vn -0.5815572738647461 0.18057243525981903 0.7932116389274597
vn 0.6866329312324524 0.1755180060863495 0.7054988741874695
vn -0.4064689874649048 0.5419184565544128 0.7355999946594238
vn 0.4847606420516968 0.5424726009368896 0.6860981583595276
vn -0.2711929380893707 0.6673145890235901 0.6936466097831726
vn 0.002412190195173025 0.7055725455284119 0.7086336016654968
vn 0.2608487904071808 0.6749487519264221 0.6902189254760742
vn -0.19612941145896912 0.5676501989364624 0.7995665073394775
vn 0.08149756491184235 0.569366991519928 0.8180338740348816
vn 0.398171603679657 0.4673768877983093 0.7893150448799133
vn -0.24690622091293335 -0.5407164096832275 0.8041537404060364
vn 0.07341857999563217 -0.5903504490852356 0.8038010597229004
vn -0.4450926184654236 -0.4440518021583557 0.7776314616203308
vn 0.2630161643028259 -0.4110879898071289 0.8728283047676086
vn 0.5642901062965393 -0.2547619044780731 0.7852853536605835
vn -0.3188199996948242 -0.299748957157135 0.8991687297821045
vn -0.0943085178732872 -0.35754892230033875 0.9291204214096069
vn -0.47180816531181335 -0.18055413663387299 0.8630164265632629
vn 0.5811638236045837 -0.00024759952793829143 0.8137865662574768
vn -0.32965072989463806 -0.03283734247088432 0.9435317516326904
vn -0.10230547189712524 -0.1002451702952385 0.9896891117095947
vn 0.23605398833751678 -0.1406087577342987 0.9615132212638855
vn -0.46763095259666443 0.14068129658699036 0.8726569414138794
vn 0.4691886901855469 0.24438469111919403 0.8486095666885376
vn -0.38471585512161255 0.3933901786804199 0.8350077271461487
vn -0.13200686872005463 0.4211268723011017 0.8973440527915955
vn 0.1520308554172516 0.36856022477149963 0.9170877933502197
vn -0.3114835321903229 0.22701196372509003 0.9227370023727417
vn -0.09131735563278198 0.1671367585659027 0.9816957116127014
vn 0.2151191085577011 0.0940389484167099 0.9720495939254761
vn 0.011138061061501503 -0.33237335085868835 -0.9430821537971497
vn -0.16996300220489502 -0.1680448055267334 -0.9710167646408081
vn 0.05335269868373871 -0.038793571293354034 -0.9978219270706177
vn 0.2728196680545807 -0.041065216064453125 -0.9611883759498596
vn -0.21406137943267822 0.08092154562473297 -0.9734626412391663
vn 0.004073689226061106 0.1619720458984375 -0.986786961555481
vn 0.2782846689224243 0.20471784472465515 -0.9384286403656006
vn -0.2601959705352783 0.38219553232192993 -0.8866931200027466
vn -0.06904137879610062 0.4377822279930115 -0.896426260471344
vn 0.16921882331371307 0.40148594975471497 -0.9000967144966125
vn 0.1620347499847412 -0.0829383134841919 -0.9832934737205505
vn 0.34800833463668823 -0.0029460315126925707 -0.9374868273735046
vn -0.1277335286140442 0.21096870303153992 -0.9691110849380493
vn 0.06096487119793892 0.27750375866889954 -0.958788275718689
vn 0.04497932270169258 -0.6011695265769958 -0.7978546619415283
vn -0.10572852939367294 -0.6778157353401184 -0.7275900840759277
vn -0.1554943472146988 -0.4579979181289673 -0.8752482533454895
vn 0.21525104343891144 -0.5182751417160034 -0.8276822566986084
vn -0.34510481357574463 -0.32989299297332764 -0.8786770105361938
vn 0.2925240695476532 -0.29499125480651855 -0.9096207022666931
vn -0.5454295873641968 -0.5137081146240234 -0.6622768640518188
vn -0.35074383020401 -0.5389664769172668 -0.7658289670944214
vn 0.48382434248924255 -0.38269102573394775 -0.7870588898658752
vn 0.6320547461509705 -0.3048470616340637 -0.7124430537223816
vn -0.43638876080513 -0.13069020211696625 -0.8902162313461304
vn 0.5122612118721008 -0.10758110135793686 -0.8520650267601013
vn -0.5722746253013611 -0.27204906940460205 -0.7736220955848694
vn 0.6534624099731445 -0.06671629101037979 -0.7540131211280823
vn -0.5255922079086304 0.0986216813325882 -0.8450009226799011
vn 0.5072078108787537 0.12668028473854065 -0.8524625897407532
vn -0.6757561564445496 -0.024523675441741943 -0.7367172241210938
vn 0.6485089063644409 0.15020081400871277 -0.7462412714958191
vn -0.5125939249992371 0.44579121470451355 -0.7338376045227051
vn 0.44037073850631714 0.3622223138809204 -0.8215038776397705
vn -0.34135565161705017 0.649971604347229 -0.6789795756340027
vn -0.02892443723976612 0.6358181238174438 -0.7712967991828918
vn 0.23764106631278992 0.5701417922973633 -0.7864255309104919
vn -0.6644439697265625 0.3670157492160797 -0.651009738445282
vn 0.6278906464576721 0.3234035074710846 -0.7079290151596069
vn -0.39088207483291626 0.731546938419342 -0.5586147308349609
vn -0.13710172474384308 0.7830599546432495 -0.606646716594696
vn 0.12304124236106873 0.7694686055183411 -0.6267207860946655
vn -0.20549708604812622 -0.608938992023468 -0.7661359906196594
vn 0.05722801387310028 -0.5552263259887695 -0.8297280669212341
vn 0.018809670582413673 -0.3634846806526184 -0.9314103126525879
vn 0.32641762495040894 -0.26661786437034607 -0.9068442583084106
vn -0.3096020519733429 -0.41446512937545776 -0.8557834029197693
vn -0.03527223318815231 -0.42746809124946594 -0.903342068195343
vn 0.25660237669944763 -0.41429173946380615 -0.8732225894927979
vn -0.1518699675798416 -0.1791388988494873 -0.97203129529953
vn 0.5560441017150879 0.004645904526114464 -0.8311398029327393
vn -0.48078295588493347 -0.04010371118783951 -0.8759220838546753
vn 0.49523311853408813 0.24897678196430206 -0.8323189616203308
vn -0.5497580766677856 -0.09228244423866272 -0.8302108645439148
vn -0.3873155117034912 -0.292918860912323 -0.8741769194602966
vn 0.7090820670127869 -0.061524294316768646 -0.7024367451667786
vn -0.47177743911743164 0.32598650455474854 -0.8192428946495056
vn 0.2720333933830261 0.3433785140514374 -0.8989377021789551
vn -0.27816060185432434 0.4948779344558716 -0.8232390880584717
vn 0.03786299750208855 0.5491340160369873 -0.8348762392997742
vn -0.6481230854988098 0.15987756848335266 -0.7445641160011292
vn 0.33901187777519226 0.5468721389770508 -0.7655075788497925
vn -0.22936899960041046 0.6241807341575623 -0.7468522787094116
vn -0.015304440632462502 0.6755858063697815 -0.7371225953102112
vn 0.22916877269744873 0.6617964506149292 -0.7137976884841919
vn -0.08029536157846451 -0.8635463118553162 -0.49783581495285034
vn -0.2623510956764221 -0.7334794402122498 -0.6270405054092407
vn 0.08742281794548035 -0.7637251019477844 -0.6395946741104126
vn -0.6967811584472656 -0.597467303276062 -0.39689913392066956
vn -0.5106626749038696 -0.7103478312492371 -0.4843859374523163
vn 0.31823286414146423 -0.6474097371101379 -0.6925233006477356
vn 0.49352094531059265 -0.5652126669883728 -0.661038339138031
vn -0.317044734954834 -0.8511831164360046 -0.4182940721511841
vn 0.29951441287994385 -0.7471933960914612 -0.5932902097702026
vn -0.7430310249328613 -0.35641515254974365 -0.5664566159248352
vn 0.6674866676330566 -0.4849208891391754 -0.5650781989097595
vn -0.7802705764770508 -0.17326849699020386 -0.6009624600410461
vn 0.7541932463645935 -0.2155163437128067 -0.6202782392501831
vn -0.8602702021598816 -0.27309650182724 -0.43052706122398376
vn 0.8669445514678955 -0.08738299459218979 -0.4906846582889557
vn -0.7959800362586975 0.12334740906953812 -0.5926223993301392
vn 0.757465660572052 0.04736175760626793 -0.6511549353599548
vn -0.8828193545341492 0.060440242290496826 -0.46580782532691956
vn 0.8648656010627747 0.10262209177017212 -0.49140238761901855
vn -0.7587808966636658 0.3973125219345093 -0.5161340236663818
vn 0.7619123458862305 0.3349473178386688 -0.5543463230133057
vn -0.6505776643753052 0.5928874611854553 -0.4745873808860779
vn 0.6067450642585754 0.5019105672836304 -0.6163978576660156
vn -0.8548634648323059 0.3735292851924896 -0.36011722683906555
vn 0.8489865660667419 0.3384726941585541 -0.4057809114456177
vn -0.5015155673027039 0.7853606939315796 -0.36289215087890625
vn 0.3862392008304596 0.6333832740783691 -0.6705556511878967
vn -0.2763364315032959 0.8762169480323792 -0.3948189318180084
vn 0.016829239204525948 0.8611429333686829 -0.5080842971801758
vn 0.3265773355960846 0.8129966259002686 -0.4820619225502014
vn -0.6486139297485352 0.7218937277793884 -0.24118362367153168
vn 0.5445846915245056 0.6860314607620239 -0.4824814200401306
vn -0.16128697991371155 0.9278821349143982 -0.33618637919425964
vn -0.28255945444107056 -0.8010069131851196 -0.5277764201164246
vn -0.11440463364124298 -0.7951433062553406 -0.5955322980880737
vn -0.4105449616909027 -0.6042993068695068 -0.6828434467315674
vn 0.15265189111232758 -0.7215663194656372 -0.6753069162368774
vn 0.47757768630981445 -0.5372747182846069 -0.695165753364563
vn -0.47403326630592346 -0.6939827799797058 -0.5419228076934814
vn 0.45463594794273376 -0.7498136758804321 -0.48071372509002686
vn -0.5227183103561401 -0.3863511085510254 -0.7599331736564636
vn 0.506338357925415 -0.3949263393878937 -0.766586422920227
vn -0.7187967300415039 -0.15438809990882874 -0.6778610944747925
vn 0.5873578190803528 -0.23498567938804626 -0.7744627594947815
vn -0.6859566569328308 -0.4021681845188141 -0.6064027547836304
vn 0.7084102034568787 -0.3615714907646179 -0.6061526536941528
vn -0.7530092597007751 0.06376812607049942 -0.6549127697944641
vn 0.8251785039901733 -0.15670955181121826 -0.5426993370056152
vn 0.7657858729362488 0.12439997494220734 -0.6309490203857422
vn -0.8033788800239563 -0.14329244196414948 -0.5779702663421631
vn -0.7149821519851685 0.33292314410209656 -0.6147867441177368
vn 0.610733151435852 0.3170318305492401 -0.7256003618240356
vn -0.5508347153663635 0.40654420852661133 -0.7289053201675415
vn 0.7532405853271484 0.27756038308143616 -0.5963127613067627
vn -0.4295438230037689 0.6573814153671265 -0.6191459894180298
vn 0.5198001265525818 0.5532558560371399 -0.6509345173835754
vn -0.24664022028446198 0.7992929816246033 -0.5479958057403564
vn 0.016510343179106712 0.8016664981842041 -0.5975435972213745
vn 0.29898151755332947 0.7540997266769409 -0.5847594738006592
vn -0.5985429286956787 0.6135094165802002 -0.5151238441467285
vn 0.7092745304107666 0.4615347683429718 -0.5328369736671448
vn -0.3037668466567993 0.856657087802887 -0.416970431804657
vn -0.06412848830223083 0.8925212025642395 -0.4464230239391327
vn 0.18559151887893677 0.8845064043998718 -0.42802363634109497
vn -0.27051815390586853 -0.9321101903915405 -0.24081221222877502
vn -0.04772047698497772 -0.9527420997619629 -0.3000086843967438
vn 0.10894618928432465 -0.90048748254776 -0.42101430892944336
vn -0.5107701420783997 -0.8207471370697021 -0.25590625405311584
vn 0.35281240940093994 -0.8173857927322388 -0.455416202545166
vn -0.6898750066757202 -0.6978157162666321 -0.19268029928207397
vn 0.5886248350143433 -0.6592850089073181 -0.4678291976451874
vn 0.5702476501464844 -0.7662935853004456 -0.2959928810596466
vn -0.8115692734718323 -0.4818164110183716 -0.3304668068885803
vn 0.7228763699531555 -0.5327027440071106 -0.4400881230831146
vn -0.8870384097099304 -0.42440587282180786 -0.18177632987499237
vn 0.8352216482162476 -0.31209152936935425 -0.4527733027935028
vn 0.8289170265197754 -0.5034266710281372 -0.2438405454158783
vn -0.9543721079826355 -0.11386852711439133 -0.2760576605796814
vn 0.9351025819778442 -0.27154767513275146 -0.22769518196582794
vn -0.954815685749054 0.17832766473293304 -0.23775255680084229
vn 0.9623640179634094 -0.05582992359995842 -0.26596730947494507
vn -0.8958815336227417 0.41819268465042114 -0.15003712475299835
vn 0.949522078037262 0.20459607243537903 -0.2377987951040268
vn -0.785971462726593 0.576424777507782 -0.22356966137886047
vn 0.8297266960144043 0.49357908964157104 -0.26064011454582214
vn -0.6549022197723389 0.7541820406913757 -0.04809032380580902
vn 0.7286405563354492 0.5719156265258789 -0.37682297825813293
vn -0.46836307644844055 0.8744195699691772 -0.12659548223018646
vn -0.3375157117843628 0.9077702760696411 -0.2490711659193039
vn 0.4589579999446869 0.8041960597038269 -0.37765899300575256
vn 0.5861700177192688 0.7602443099021912 -0.28005969524383545
vn -0.30264440178871155 0.951704740524292 -0.051618900150060654
vn 0.16996635496616364 0.8858672380447388 -0.4316834807395935
vn 0.01366642490029335 0.990641176700592 -0.13580642640590668
vn 0.3512452244758606 0.9085313081741333 -0.22626906633377075
vn -0.4115290343761444 -0.8546379804611206 -0.3166034519672394
vn -0.1991073191165924 -0.9328629374504089 -0.30020514130592346
vn -0.029486197978258133 -0.9404333829879761 -0.33869698643684387
vn 0.18485236167907715 -0.9244592189788818 -0.333473801612854
vn -0.5815367698669434 -0.6795547604560852 -0.44723641872406006
vn 0.5746418833732605 -0.7656269669532776 -0.2891403138637543
vn 0.6565137505531311 -0.5675186514854431 -0.4969026744365692
vn -0.7142108082771301 -0.5044206976890564 -0.48524510860443115
vn 0.8019042611122131 -0.43564748764038086 -0.40885311365127563
vn -0.8754488229751587 -0.2646772861480713 -0.40439504384994507
vn -0.7846908569335938 -0.5643998384475708 -0.25634586811065674
vn -0.9516013860702515 0.005095755681395531 -0.30729278922080994
vn 0.8680119514465332 -0.25312507152557373 -0.4271802008152008
vn -0.8441877365112305 0.0991729199886322 -0.5267940163612366
vn 0.9202790856361389 -0.10623008757829666 -0.37656548619270325
vn -0.7924805283546448 0.33818498253822327 -0.5075485110282898
vn 0.8715461492538452 0.11059806495904922 -0.47767701745033264
vn -0.9228783249855042 0.2121395468711853 -0.3213915228843689
vn 0.919001579284668 0.19404694437980652 -0.34319379925727844
vn -0.7027943730354309 0.564810574054718 -0.4325149953365326
vn 0.8503016233444214 0.37899070978164673 -0.365175724029541
vn -0.5325033664703369 0.7440064549446106 -0.40360206365585327
vn 0.6825222373008728 0.6193890571594238 -0.3879699110984802
vn -0.4479711651802063 0.8438320159912109 -0.29541391134262085
vn 0.4641035497188568 0.7645682096481323 -0.4472621977329254
vn -0.15709593892097473 0.9396381378173828 -0.30397534370422363
vn 0.12944327294826508 0.9464606046676636 -0.295730859041214
vn 0.3874954879283905 0.8847964406013489 -0.25880998373031616
vn 0.620072603225708 0.7438079714775085 -0.2495189905166626
vn -0.08258829265832901 -0.15489564836025238 -0.9844727516174316
vn 0.15943114459514618 -0.17348027229309082 -0.971846878528595
vn 0.35797539353370667 -0.1345112919807434 -0.9239915013313293
vn -0.18087896704673767 0.0850074514746666 -0.9798247814178467
vn 0.11638569086790085 0.0780533030629158 -0.9901323318481445
vn 0.3446303904056549 0.11281359940767288 -0.9319350719451904
vn 0.015707887709140778 0.3761019706726074 -0.9264451265335083
vn 0.27058616280555725 0.3468046188354492 -0.8980588912963867
vn -0.33235907554626465 -0.9397727847099304 -0.07977854460477829
vn -0.0749293714761734 -0.9895312190055847 -0.12334315478801727
vn 0.1286395639181137 -0.979668915271759 -0.15395036339759827
vn 0.3264453411102295 -0.9241056442260742 -0.19865120947360992
vn -0.5373128056526184 -0.8364347219467163 -0.10803718119859695
vn 0.6436975598335266 -0.7531301379203796 -0.13582547008991241
vn -0.6903462409973145 -0.7234706878662109 0.0035060930531471968
vn 0.7236909866333008 -0.6636019945144653 -0.18948300182819366
vn -0.7846601009368896 -0.6134541034698486 -0.08934558182954788
vn 0.8584072589874268 -0.5120348334312439 -0.03094041906297207
vn -0.8874473571777344 -0.4608268439769745 -0.00870845653116703
vn -0.9844504594802856 -0.15199533104896545 -0.08806145191192627
vn 0.959724485874176 -0.2776784896850586 -0.04270320385694504
vn -0.9857825636863708 0.15704405307769775 -0.05974888056516647
vn 0.9979667067527771 -0.002790760016068816 -0.0636763870716095
vn -0.898581326007843 0.43597808480262756 0.049746930599212646
vn 0.9549496173858643 0.28627118468284607 -0.07823073118925095
vn -0.798265814781189 0.6023001074790955 0.0025031387340277433
vn 0.8355476260185242 0.5455824136734009 -0.06480831652879715
vn -0.6644492149353027 0.7383300065994263 0.1156553402543068
vn 0.7254243493080139 0.6714340448379517 -0.15144598484039307
vn -0.49338099360466003 0.8659831881523132 0.08153725415468216
vn -0.4149092733860016 0.9047342538833618 0.09646890312433243
vn 0.637938916683197 0.7690879106521606 -0.03921476751565933
vn -0.32761040329933167 0.9203333854675293 0.21367701888084412
vn 0.5626783967018127 0.8212351202964783 -0.09468811005353928
vn -0.047971099615097046 0.9921277761459351 0.1156773716211319
vn 0.3024003505706787 0.951346755027771 0.05910486727952957
vn -0.10701195150613785 0.9293075203895569 0.35346296429634094
vn -0.429438054561615 -0.8946272134780884 -0.12339034676551819
vn -0.1962810903787613 -0.9710038304328918 -0.13647499680519104
vn 0.07615450024604797 -0.9886032938957214 -0.129861518740654
vn 0.3147144317626953 -0.93741375207901 -0.14903143048286438
vn -0.6023595929145813 -0.7651720643043518 -0.227320596575737
vn 0.5383518934249878 -0.8405005931854248 -0.06112315133213997
vn -0.781704306602478 -0.6219244599342346 -0.04635025933384895
vn 0.6969189047813416 -0.6739656925201416 -0.24510064721107483
vn -0.9403977990150452 -0.30559802055358887 -0.14920426905155182
vn 0.8130815625190735 -0.5389997363090515 -0.21994945406913757
vn 0.8845692276954651 -0.3996182680130005 -0.24050462245941162
vn -0.9950292110443115 -0.05031459778547287 -0.0859375149011612
vn 0.9468820691108704 -0.29636210203170776 -0.12483542412519455
vn -0.9693175554275513 0.23132479190826416 -0.08314045518636703
vn 0.9859970808029175 0.0011406679404899478 -0.16675890982151031
vn -0.8901057839393616 0.39040425419807434 -0.23515166342258453
vn 0.9314329624176025 0.34436142444610596 -0.1176774650812149
vn -0.7859889268875122 0.5430863499641418 -0.2954295873641968
vn 0.8743693232536316 0.4073003828525543 -0.2637892961502075
vn -0.6971361637115479 0.6810760498046875 -0.22391200065612793
vn -0.8543130159378052 0.5137921571731567 -0.07853050529956818
vn -0.5267980694770813 0.8325446248054504 -0.1713278889656067
vn 0.7982375025749207 0.57988041639328 -0.16295893490314484
vn -0.3073801100254059 0.933754563331604 -0.18335765600204468
vn 0.0501454658806324 0.959454357624054 -0.27736765146255493
vn 0.384266197681427 0.911138653755188 -0.14888189733028412
vn 0.6131364703178406 0.7837964296340942 -0.09862492978572845
vn -0.667788565158844 0.7411482334136963 -0.0689762756228447
vn -0.1671629697084427 0.9693094491958618 -0.18026576936244965
vn -0.2532530426979065 -0.29877522587776184 -0.9201067090034485
vn 0.01983184553682804 -0.371425598859787 -0.9282509088516235
vn 0.29726260900497437 -0.38320493698120117 -0.8745221495628357
vn -0.3794034719467163 -0.4069802165031433 -0.8309152126312256
vn -0.16525094211101532 -0.46612057089805603 -0.8691511750221252
vn 0.0736551582813263 -0.5393728613853455 -0.838839590549469
vn 0.2782664895057678 -0.5483657717704773 -0.7885827422142029
vn -0.4123205542564392 -0.08267388492822647 -0.907279908657074
vn 0.5371813774108887 -0.22404256463050842 -0.8131673336029053
vn -0.4915944039821625 -0.21430599689483643 -0.8440425992012024
vn 0.74095618724823 -0.12502342462539673 -0.6598129868507385
vn -0.4947923421859741 0.20739716291427612 -0.8438998460769653
vn 0.571321427822113 0.05701768025755882 -0.8187434673309326
vn -0.3030968904495239 0.4016118049621582 -0.8641992211341858
vn -0.5926845669746399 0.12370023131370544 -0.7958789467811584
vn 0.742685079574585 0.09131767600774765 -0.6633852124214172
vn -0.19956813752651215 0.6581653952598572 -0.7259414196014404
vn 0.5215078592300415 0.33761730790138245 -0.7836096882820129
vn 0.06126241758465767 0.6613787412643433 -0.7475460767745972
vn 0.3217731714248657 0.5782715082168579 -0.7497093677520752
vn -0.5241188406944275 0.45617398619651794 -0.719169557094574
vn -0.45907318592071533 0.5503593683242798 -0.6973925828933716
vn 0.7125816941261292 0.30570754408836365 -0.6314826607704163
vn -0.33895066380500793 0.7406415343284607 -0.5801401138305664
vn -0.16161230206489563 0.8182413578033447 -0.5516906380653381
vn 0.1437402218580246 0.8224103450775146 -0.5504361987113953
vn -0.30690160393714905 -0.9464640021324158 0.10008680820465088
vn -0.09253823757171631 -0.9955512285232544 0.017733801156282425
vn 0.15962886810302734 -0.9860126376152039 0.047935571521520615
vn 0.3596200942993164 -0.9330465197563171 -0.009885746985673904
vn -0.5487882494926453 -0.8348084688186646 0.04389015585184097
vn 0.5741421580314636 -0.816588282585144 0.05953503027558327
vn -0.6253974437713623 -0.7507859468460083 0.2125997394323349
vn 0.7214993238449097 -0.6899771690368652 0.05805477499961853
vn -0.49109509587287903 -0.8338183760643005 0.25213590264320374
vn 0.23346149921417236 -0.9431396722793579 0.23660817742347717
vn 0.4376566708087921 -0.8793189525604248 0.18776290118694305
vn -0.7671061754226685 -0.6296396851539612 0.12289050966501236
vn 0.8904815316200256 -0.4354532063007355 0.13199730217456818
vn -0.8662770390510559 -0.47729671001434326 0.1474856734275818
vn 0.7814143300056458 -0.6060229539871216 0.1487543135881424
vn -0.983505368232727 -0.1702619343996048 0.061058420687913895
vn 0.9696515798568726 -0.2126438021659851 0.12065864354372025
vn -0.9164586067199707 -0.30023741722106934 0.264501690864563
vn -0.9819085001945496 0.1562999188899994 0.10689318180084229
vn 0.9906693696975708 0.018083324655890465 0.13508231937885284
vn -0.910372257232666 0.3298766016960144 0.24980753660202026
vn 0.9557517766952515 0.28161540627479553 0.08503707498311996
vn -0.769827663898468 0.5931571125984192 0.2356480211019516
vn 0.7891250848770142 0.5995000004768372 0.13372179865837097
vn -0.826854407787323 0.4157284200191498 0.37878984212875366
vn -0.6536099314689636 0.6958602666854858 0.2976112961769104
vn 0.6661241054534912 0.7402049899101257 0.09151647239923477
vn -0.46607330441474915 0.8515272736549377 0.24016058444976807
vn -0.32012516260147095 0.9043694138526917 0.2821985185146332
vn -0.23435451090335846 0.871487021446228 0.4307997524738312
vn 0.519504725933075 0.7933774590492249 0.3172805905342102
vn -0.49035724997520447 0.7693853378295898 0.40938496589660645
vn 0.04166640713810921 0.8561079502105713 0.5151147246360779
vn 0.5266154408454895 0.8294779658317566 0.18612511456012726
vn 0.22966939210891724 0.9276214838027954 0.29456818103790283
vn 0.3604799211025238 0.8212916254997253 0.4421926438808441
vn 0.31561949849128723 -0.3120138645172119 -0.8961203694343567
vn -0.12391528487205505 -0.0609370656311512 -0.9904199838638306
vn 0.13838540017604828 -0.06234824284911156 -0.9884139895439148
vn 0.4020436406135559 -0.03656335920095444 -0.9148901700973511
vn -0.16676059365272522 0.14204247295856476 -0.9757124781608582
vn 0.10510516166687012 0.1733974665403366 -0.9792273640632629
vn 0.3585607707500458 0.19576166570186615 -0.9127494692802429
vn -0.21619375050067902 0.4331096410751343 -0.8750293850898743
vn 0.0025773129891604185 0.4607301950454712 -0.8875365257263184
vn 0.2702772617340088 0.38756269216537476 -0.8813316226005554
vn -0.45155197381973267 -0.8914888501167297 0.036722514778375626
vn -0.171553835272789 -0.9851719737052917 -0.0023482979740947485
vn 0.11035390943288803 -0.9938494563102722 0.009235494770109653
vn 0.3642035126686096 -0.931198239326477 0.015021532773971558
vn -0.6240044236183167 -0.7814201712608337 0.0010610605822876096
vn 0.5649266839027405 -0.811098039150238 0.15158432722091675
vn -0.7826716303825378 -0.6099709868431091 0.12393787503242493
vn 0.6599223613739014 -0.7510643601417542 -0.02011948637664318
vn -0.931328296661377 -0.36134618520736694 0.0453496091067791
vn 0.7804481983184814 -0.6251599192619324 0.00870082713663578
vn 0.864041268825531 -0.49839454889297485 0.07096244394779205
vn 0.7085698843002319 -0.6729453206062317 0.21230483055114746
vn -0.9954942464828491 -0.06912443786859512 0.06490742415189743
vn 0.965094268321991 -0.24121879041194916 0.10201286524534225
vn 0.8982664942741394 -0.33369478583335876 0.2859461009502411
vn -0.9846301674842834 0.1648392677307129 0.05771893635392189
vn 0.9939854741096497 0.08728036284446716 0.06614450365304947
vn 0.9313523769378662 0.3248084783554077 0.1645667552947998
vn 0.9508665800094604 -0.009720188565552235 0.3094484508037567
vn -0.8958870768547058 0.44143128395080566 0.050247274339199066
vn 0.8682805895805359 0.49555134773254395 0.022754831239581108
vn -0.7966615557670593 0.6036561131477356 0.030491357669234276
vn -0.654069721698761 0.7488719820976257 0.10669361054897308
vn 0.7756797075271606 0.6310994625091553 -0.005880007520318031
vn -0.4607563316822052 0.8869708180427551 0.03140706568956375
vn -0.3709019720554352 0.9266846179962158 -0.06072312220931053
vn 0.4985746145248413 0.8641364574432373 -0.06849543005228043
vn 0.5740951299667358 0.8178281188011169 0.039647482335567474
vn -0.5051618814468384 0.8293881416320801 0.23859348893165588
vn 0.74518883228302 0.6571987271308899 0.11306411027908325
vn -0.3527642488479614 0.9160677790641785 0.19072812795639038
vn 0.31796446442604065 0.9268304109573364 -0.19970986247062683
vn 0.07251208275556564 0.9962350726127625 0.047516100108623505
vn -0.4768274128437042 -0.5890970230102539 -0.6523805260658264
vn -0.21203838288784027 -0.6666741371154785 -0.7145525813102722
vn -0.008862785063683987 -0.6542059183120728 -0.7562645673751831
vn 0.3229384124279022 -0.6623159646987915 -0.676053524017334
vn -0.41922712326049805 -0.7403297424316406 -0.525509774684906
vn -0.17068623006343842 -0.8093368411064148 -0.561996579170227
vn 0.05082297697663307 -0.7802912592887878 -0.6233479380607605
vn 0.36438897252082825 -0.7403134107589722 -0.5649396181106567
vn -0.6188824772834778 -0.37251755595207214 -0.6915310025215149
vn 0.4899007976055145 -0.5391266942024231 -0.6850836277008057
vn 0.6094962358474731 -0.3578256070613861 -0.7074427604675293
vn -0.628645122051239 -0.526089072227478 -0.5727440118789673
vn 0.6871095895767212 -0.4817524552345276 -0.5438704490661621
vn -0.6588973999023438 -0.08038893342018127 -0.7479249835014343
vn 0.8077958822250366 -0.28443631529808044 -0.5162962675094604
vn -0.7306715250015259 -0.21391505002975464 -0.6483513712882996
vn -0.7013891339302063 0.17116589844226837 -0.6919216513633728
vn 0.8641190528869629 -0.04950428381562233 -0.5008469223976135
vn -0.7973408102989197 0.07947161048650742 -0.5982741117477417
vn -0.6781050562858582 0.428713858127594 -0.5969740152359009
vn 0.8557066321372986 0.248704731464386 -0.45377546548843384
vn -0.5685957670211792 0.6614351272583008 -0.4890834093093872
vn 0.6916831731796265 0.5046944618225098 -0.5165829062461853
vn -0.7933443188667297 0.3964615762233734 -0.46197736263275146
vn -0.3337568938732147 0.8500452041625977 -0.40746718645095825
vn 0.46113547682762146 0.6616003513336182 -0.5913028120994568
vn -0.1413682997226715 0.9176377654075623 -0.37142413854599
vn 0.06555285304784775 0.9262721538543701 -0.37111011147499084
vn 0.3483671247959137 0.8691622614860535 -0.35099488496780396
vn -0.4962742328643799 0.8232516050338745 -0.2756243348121643
vn 0.6133328080177307 0.7057839632034302 -0.35453057289123535
vn -0.018603181466460228 -0.9761896133422852 0.21611984074115753
vn -0.2640310525894165 -0.9073773622512817 0.32703813910484314
vn 0.10702833533287048 -0.8873708844184875 0.448461651802063
vn -0.48581308126449585 -0.78532874584198 0.3837243616580963
vn -0.3406774699687958 -0.8077743053436279 0.48108166456222534
vn 0.29898473620414734 -0.8555510640144348 0.4226588308811188
vn 0.5053603053092957 -0.820080578327179 0.26847508549690247
vn -0.10923957824707031 -0.8625034689903259 0.49411994218826294
vn -0.7408245801925659 -0.6027088761329651 0.2965146601200104
vn 0.6962500810623169 -0.6287379264831543 0.3463011384010315
vn 0.8304720520973206 -0.3917436897754669 0.39604684710502625
vn -0.6701945662498474 -0.5576785802841187 0.4897283911705017
vn 0.5723262429237366 -0.6366462111473083 0.5168407559394836
vn -0.78822261095047 -0.4597660005092621 0.4090481102466583
vn 0.9274004101753235 -0.21293506026268005 0.3075504004955292
vn -0.8236740231513977 -0.2578711211681366 0.505038321018219
vn 0.8206295371055603 -0.27789735794067383 0.4993397891521454
vn -0.9521377682685852 0.024531740695238113 0.3046833872795105
vn 0.9372719526290894 0.03713366389274597 0.34661561250686646
vn -0.8074313998222351 0.176177516579628 0.5630418062210083
vn -0.813759982585907 -0.010385123081505299 0.5811082720756531
vn 0.8646774888038635 -0.03689664974808693 0.5009705424308777
vn -0.7318194508552551 0.4396631419658661 0.5207078456878662
vn 0.9038522839546204 0.28938305377960205 0.3151325583457947
vn -0.5983983278274536 0.5883341431617737 0.5438588857650757
vn 0.7238373160362244 0.5493732690811157 0.4174310266971588
vn -0.6056411266326904 0.4074140191078186 0.6835296154022217
vn 0.7705695033073425 0.32264021039009094 0.5496598482131958
vn -0.40955325961112976 0.6993438601493835 0.5858193039894104
vn 0.593267023563385 0.7093727588653564 0.3805582821369171
vn -0.2461627721786499 0.8620727062225342 0.4429836571216583
vn -0.11090672761201859 0.8706350922584534 0.47926443815231323
vn 0.14393678307533264 0.8257371783256531 0.5453808903694153
vn 0.41079285740852356 0.7864347100257874 0.46126967668533325
vn -0.20460081100463867 0.7271329760551453 0.6552985310554504
vn 0.28858140110969543 0.7337529063224792 0.6150832772254944
vn 0.5457636713981628 0.6281623840332031 0.5545755624771118
vn 0.173680379986763 -0.6107719540596008 -0.7725237011909485
vn 0.09279201179742813 -0.3601120412349701 -0.9282828569412231
vn 0.3984566926956177 -0.5284299254417419 -0.7496626973152161
vn -0.33411458134651184 -0.2598537504673004 -0.9060041904449463
vn -0.12844018638134003 -0.29255715012550354 -0.9475829601287842
vn -0.42714405059814453 -0.4556417763233185 -0.7809856534004211
vn -0.2729755938053131 -0.4947582185268402 -0.8250446319580078
vn -0.08022963255643845 -0.5568101406097412 -0.8267561197280884
vn -0.421195924282074 -0.07331153005361557 -0.9040019512176514
vn 0.5591732263565063 -0.2329949289560318 -0.795637309551239
vn -0.5329861044883728 -0.2528074383735657 -0.8074740171432495
vn 0.7832233905792236 -0.037383344024419785 -0.6206154823303223
vn -0.502076268196106 0.15192285180091858 -0.8513747453689575
vn 0.5884756445884705 0.1153157502412796 -0.8002491593360901
vn -0.6475969552993774 0.015573184005916119 -0.7618238925933838
vn 0.7749375700950623 0.1747623085975647 -0.607396125793457
vn -0.4851037263870239 0.5007398128509521 -0.7168920040130615
vn 0.5675071477890015 0.39718735218048096 -0.721233606338501
vn -0.3015926480293274 0.6970922350883484 -0.650464653968811
vn 0.04486788064241409 0.6445285677909851 -0.7632626891136169
vn 0.3774257004261017 0.5586880445480347 -0.7385239601135254
vn -0.6470444202423096 0.4160929322242737 -0.6389055252075195
vn 0.75249183177948 0.4041766822338104 -0.5199974775314331
vn -0.3306758999824524 0.79538494348526 -0.5079530477523804
vn -0.07789614796638489 0.8334524035453796 -0.5470733642578125
vn 0.23799559473991394 0.7842963337898254 -0.572920024394989
vn -0.4248293340206146 -0.8816933631896973 0.20527255535125732
vn -0.1606467366218567 -0.97170090675354 0.173176109790802
vn 0.10516580194234848 -0.9834972620010376 0.14721891283988953
vn 0.3765471875667572 -0.9162071347236633 0.13702844083309174
vn -0.6572654843330383 -0.710781455039978 0.2505829334259033
vn 0.558548629283905 -0.7842682003974915 0.2700866162776947
vn -0.7712857127189636 -0.5607272982597351 0.3011699616909027
vn -0.512980580329895 -0.7531948685646057 0.41176262497901917
vn -0.23704794049263 -0.8630673885345459 0.4460078775882721
vn 0.004691542126238346 -0.9322835803031921 0.3616979122161865
vn 0.3028682470321655 -0.9119279980659485 0.2768722176551819
vn -0.9110220670700073 -0.3587956130504608 0.20323535799980164
vn 0.6917775869369507 -0.6295620203018188 0.35368847846984863
vn 0.813040018081665 -0.48801034688949585 0.3175089657306671
vn -0.8211455345153809 -0.4043453335762024 0.4027715027332306
vn -0.9629215598106384 -0.12471306324005127 0.23922523856163025
vn 0.9000479578971863 -0.13641348481178284 0.41389018297195435
vn -0.8543654084205627 -0.27357879281044006 0.4418308138847351
vn 0.7961655855178833 -0.4093228578567505 0.44561767578125
vn -0.9597265124320984 0.21212035417556763 0.18420107662677765
vn 0.9133194088935852 0.25270432233810425 0.31935590505599976
vn -0.8811761140823364 0.3911600410938263 0.26556068658828735
vn 0.8918247222900391 0.4067744016647339 0.19794781506061554
vn -0.7704846262931824 0.6006472110748291 0.2134862095117569
vn -0.6762933135032654 0.6826485395431519 0.276800274848938
vn 0.7409981489181519 0.5831329822540283 0.33298301696777344
vn -0.7603116035461426 0.5382792353630066 0.36356815695762634
vn -0.46877729892730713 0.7818651795387268 0.41101670265197754
vn 0.5644801259040833 0.7758911848068237 0.2817002832889557
vn -0.3676249384880066 0.8667818307876587 0.33695879578590393
vn 0.4664754271507263 0.8016021251678467 0.3739449679851532
vn -0.19837340712547302 0.8191747665405273 0.5381456613540649
vn 0.4786166846752167 0.860062301158905 0.1766888052225113
vn 0.04824162647128105 0.9237974882125854 0.3798303008079529
vn 0.2602137327194214 0.7936909198760986 0.5498577356338501
vn -0.02526465430855751 -0.3298490345478058 -0.943695604801178
vn 0.3529949486255646 -0.3138347268104553 -0.8814206719398499
vn 0.18393680453300476 0.049361467361450195 -0.9816978573799133
vn -0.35810625553131104 -0.8789563179016113 -0.31495344638824463
vn -0.20709247887134552 -0.9044443368911743 -0.3729519248008728
vn -0.015505170449614525 -0.9264433979988098 -0.37611478567123413
vn 0.2483900487422943 -0.8882350325584412 -0.38644659519195557
vn -0.5325557589530945 -0.7406798601150513 -0.4096068739891052
vn 0.5495525598526001 -0.7482178807258606 -0.37170153856277466
vn -0.7146705985069275 -0.6263741850852966 -0.3112896978855133
vn 0.5977602005004883 -0.6480391025543213 -0.471940815448761
vn -0.786731481552124 -0.38650068640708923 -0.4813219904899597
vn 0.7836916446685791 -0.5003218650817871 -0.368110716342926
vn -0.8283542394638062 -0.11132095009088516 -0.5490328073501587
vn 0.8602768778800964 -0.2813408076763153 -0.4251718521118164
vn -0.8612256646156311 -0.28088825941085815 -0.42354723811149597
vn 0.9245064854621887 -0.08082190901041031 -0.3724991977214813
vn -0.8427324891090393 0.3246840536594391 -0.4293975830078125
vn 0.9179902672767639 0.10228457301855087 -0.3831862807273865
vn -0.8787580132484436 0.1387319415807724 -0.45665934681892395
vn 0.9405755400657654 0.24877110123634338 -0.23115044832229614
vn -0.8140702843666077 0.5268325805664062 -0.2444114089012146
vn 0.8933922052383423 0.3478364050388336 -0.2843592166900635
vn -0.6932514309883118 0.6668218374252319 -0.2734066843986511
vn -0.5275329947471619 0.8458617925643921 -0.07890985906124115
vn 0.7944970726966858 0.5579531788825989 -0.23971393704414368
vn -0.28071436285972595 0.9478763937950134 -0.15076401829719543
vn -0.08672986924648285 0.9884121417999268 -0.12457726895809174
vn 0.08277013152837753 0.9803977608680725 -0.1787998527288437
vn 0.33110612630844116 0.92925626039505 -0.16386449337005615
vn 0.5960951447486877 0.790635883808136 -0.1398768275976181
vn -0.2033122181892395 -0.7608710527420044 0.6162300109863281
vn 0.015216641128063202 -0.7894262075424194 0.6136568784713745
vn 0.2823350727558136 -0.8066462874412537 0.5192385911941528
vn -0.3985762298107147 -0.6550711393356323 0.6418870091438293
vn 0.40483391284942627 -0.6361985802650452 0.6567806601524353
vn -0.5659363865852356 -0.3285863697528839 0.7561395764350891
vn 0.6187912821769714 -0.45790329575538635 0.6382961869239807
vn -0.325040340423584 -0.4694329500198364 0.8209637999534607
vn -0.1265239119529724 -0.6886705756187439 0.713949978351593
vn 0.2116413712501526 -0.7031983137130737 0.6787636280059814
vn -0.7566521167755127 -0.28736886382102966 0.5872791409492493
vn 0.7445599436759949 -0.1626403033733368 0.6474400162696838
vn -0.5531120896339417 -0.11324964463710785 0.8253735899925232
vn -0.42742621898651123 -0.323586642742157 0.8441555500030518
vn 0.6325209736824036 -0.2693805694580078 0.7261896133422852
vn -0.6809471845626831 -0.11267311871051788 0.7236129641532898
vn 0.7379557490348816 0.10040505230426788 0.6673381328582764
vn -0.650695264339447 0.1464007943868637 0.7450923323631287
vn -0.5215480923652649 0.10562511533498764 0.8466587066650391
vn -0.46351760625839233 0.12523947656154633 0.8771924376487732
vn 0.5721307992935181 0.0961771011352539 0.8145037293434143
vn -0.46947750449180603 0.3487381041049957 0.8111551403999329
vn 0.6315608024597168 0.39744889736175537 0.6657066345214844
vn -0.38777196407318115 0.5104636549949646 0.7675023674964905
vn 0.14292971789836884 0.5987369418144226 0.7880896329879761
vn 0.370092511177063 0.5396002531051636 0.7562163472175598
vn -0.31166529655456543 0.3555970788002014 0.8811444044113159
vn -0.17362546920776367 0.44499263167381287 0.878541886806488
vn 0.2031276971101761 0.4327726662158966 0.878320574760437
vn 0.48500189185142517 0.28601694107055664 0.8264185190200806
vn -0.15134042501449585 0.5723668336868286 0.8059108853340149
vn 0.06602635979652405 0.7360876202583313 0.6736583709716797
vn -0.03851091489195824 0.7763252258300781 0.6291550397872925
vn -0.05125085636973381 0.5571284890174866 0.828843355178833
vn -0.47725820541381836 -0.6187514662742615 -0.6239961385726929
vn -0.2344352751970291 -0.6929971575737 -0.6817588806152344
vn -0.035205405205488205 -0.7077391147613525 -0.7055962085723877
vn 0.3531506657600403 -0.7038705945014954 -0.6163203716278076
vn -0.407439261674881 -0.7477455735206604 -0.524280309677124
vn -0.16638895869255066 -0.8121870160102844 -0.5591663718223572
vn 0.04943389818072319 -0.7932724356651306 -0.6068568229675293
vn 0.3704437017440796 -0.7711774110794067 -0.5177420973777771
vn -0.6294263005256653 -0.413239449262619 -0.6580697298049927
vn 0.5443286299705505 -0.5678365230560303 -0.6174690127372742
vn 0.731402575969696 -0.3034190833568573 -0.6107267141342163
vn -0.6328109502792358 -0.5393383502960205 -0.5555757880210876
vn 0.7650594115257263 -0.5060666799545288 -0.3982219099998474
vn -0.7153110504150391 -0.11938151717185974 -0.688533365726471
vn 0.9124191403388977 -0.22494098544120789 -0.34189608693122864
vn -0.7750651836395264 -0.2229180634021759 -0.5912541747093201
vn -0.7830824255943298 0.16060510277748108 -0.6008226871490479
vn 0.9365635514259338 0.00575500400736928 -0.350450724363327
vn -0.8665505647659302 0.07456754893064499 -0.4934874176979065
vn -0.7502167820930481 0.43498432636260986 -0.49795931577682495
vn 0.9150839447975159 0.2528790831565857 -0.3141235411167145
vn -0.6214306950569153 0.6341609954833984 -0.46006929874420166
vn 0.7740170359611511 0.5260823369026184 -0.3523280918598175
vn -0.8522670865058899 0.3803403675556183 -0.35914066433906555
vn -0.4111570119857788 0.8431581854820251 -0.34645941853523254
vn 0.5921258330345154 0.6179314851760864 -0.517250120639801
vn -0.117376908659935 0.9497148394584656 -0.2902834713459015
vn 0.14472688734531403 0.9404446482658386 -0.3076004385948181
vn 0.44321852922439575 0.8298199772834778 -0.3390519320964813
vn -0.598412275314331 0.761802613735199 -0.24811212718486786
vn -0.4799002707004547 -0.6885609030723572 0.5436723232269287
vn -0.1696297526359558 -0.7930350303649902 0.5850821733474731
vn 0.1198045164346695 -0.8703324794769287 0.4776695668697357
vn 0.41258859634399414 -0.8134604692459106 0.40994229912757874
vn -0.6717487573623657 -0.5735345482826233 0.46884089708328247
vn 0.6907580494880676 -0.5826564431190491 0.42821115255355835
vn -0.5639528632164001 -0.5603415966033936 0.6066091060638428
vn -0.3525373935699463 -0.6226904988288879 0.6985512971878052
vn 0.4259621798992157 -0.7261060476303101 0.5397464632987976
vn -0.6626664400100708 -0.37356284260749817 0.6490947604179382
vn 0.7385416030883789 -0.34361955523490906 0.5800706148147583
vn -0.7533968091011047 -0.21930398046970367 0.6199185848236084
vn 0.8349270820617676 -0.15118862688541412 0.5291869044303894
vn -0.5173104405403137 -0.4077689051628113 0.7524057626724243
vn -0.9236295223236084 0.06417673826217651 0.37787550687789917
vn 0.8778323531150818 0.12102922797203064 0.46342453360557556
vn -0.7797116637229919 0.23958802223205566 0.5784870386123657
vn -0.7629497051239014 0.030831100419163704 0.6457222700119019
vn 0.7645778059959412 -0.02843426913022995 0.643903911113739
vn -0.6807934045791626 0.44979262351989746 0.5781063437461853
vn 0.8581483960151672 0.26481524109840393 0.4398343563079834
vn -0.5305867195129395 0.6827355623245239 0.5023443698883057
vn 0.6575461626052856 0.4522254168987274 0.6025987863540649
vn -0.4660155475139618 0.5037151575088501 0.7273930311203003
vn 0.6745564937591553 0.24034447968006134 0.6980029344558716
vn -0.3528366684913635 0.7144671082496643 0.6041879653930664
vn 0.49389371275901794 0.6498948335647583 0.5776727199554443
vn -0.22015106678009033 0.8326301574707031 0.5081934332847595
vn 0.04312228783965111 0.7961336970329285 0.6035823225975037
vn 0.31770357489585876 0.7409424185752869 0.591666042804718
vn -0.09289661049842834 0.7161792516708374 0.6917061805725098
vn 0.1634034514427185 0.6665915250778198 0.7272930145263672
vn 0.4461682140827179 0.5271884202957153 0.7231917381286621
vn -0.17096848785877228 -0.5550819039344788 -0.8140355944633484
vn 0.2329583466053009 -0.5990177392959595 -0.7660993337631226
vn -0.2789890766143799 -0.6311362981796265 -0.7237625122070312
vn 0.011504707857966423 -0.7129921317100525 -0.7010776996612549
vn -0.4603033661842346 -0.24525506794452667 -0.8532120585441589
vn 0.5438209176063538 -0.37566837668418884 -0.7504213452339172
vn -0.2745409607887268 0.04596572741866112 -0.9604761600494385
vn -0.4843478202819824 -0.21157260239124298 -0.8489077091217041
vn 0.6577348113059998 -0.1421370506286621 -0.7397175431251526
vn -0.0863274410367012 0.374165803194046 -0.9233350157737732
vn 0.5376898050308228 0.005342070013284683 -0.8431258797645569
vn 0.3270008862018585 0.33517366647720337 -0.8835887312889099
vn -0.4993336498737335 0.07508116215467453 -0.8631504774093628
vn -0.3976646661758423 0.2191626876592636 -0.8909717202186584
vn 0.5445176362991333 0.24026687443256378 -0.8035996556282043
vn -0.45701032876968384 0.24089902639389038 -0.8562179803848267
vn -0.21141566336154938 0.3482888638973236 -0.9132351279258728
vn 0.0871073380112648 0.4585420787334442 -0.8843933343887329
vn 0.43260541558265686 0.3707447946071625 -0.8218278288841248
vn -0.45376288890838623 0.4479222893714905 -0.7703667283058167
vn -0.17015744745731354 0.5167354345321655 -0.8390655517578125
vn 0.006435297895222902 0.5692683458328247 -0.8221266269683838
vn 0.25009363889694214 0.5555599331855774 -0.7929731011390686
vn -0.37884312868118286 -0.9200352430343628 -0.10006552934646606
vn -0.17176130414009094 -0.9686092138290405 -0.17970606684684753
vn 0.0281764417886734 -0.978908121585846 -0.2023487389087677
vn 0.3032909333705902 -0.9271872639656067 -0.21985992789268494
vn -0.5663518309593201 -0.8059475421905518 -0.17232000827789307
vn 0.5564015507698059 -0.815794050693512 -0.15778924524784088
vn -0.731916606426239 -0.6782490611076355 -0.06539376080036163
vn 0.6937668323516846 -0.6731109023094177 -0.25614336133003235
vn -0.8177723288536072 -0.5060060620307922 -0.27423760294914246
vn 0.7814716100692749 -0.5875259637832642 -0.21003681421279907
vn -0.885188639163971 -0.4551256000995636 -0.09644593298435211
vn 0.8466295003890991 -0.4214748740196228 -0.32492682337760925
vn -0.9644439220428467 -0.11144448071718216 -0.2396417111158371
vn 0.9496135115623474 -0.25925567746162415 -0.176127091050148
vn -0.9582096934318542 0.25524818897247314 -0.12916135787963867
vn 0.9905549883842468 0.08499058336019516 -0.10759828239679337
vn -0.8543877601623535 0.4616145193576813 -0.23860779404640198
vn 0.9152634739875793 0.4006398916244507 0.042196694761514664
vn -0.8096016049385071 0.5854744911193848 -0.042010411620140076
vn 0.8829765319824219 0.45702505111694336 -0.10714732110500336
vn -0.7210887670516968 0.6918197870254517 -0.037636298686265945
vn -0.5735605359077454 0.814659059047699 0.08578421175479889
vn 0.7712036371231079 0.6357122659683228 -0.03339091315865517
vn -0.3236117660999298 0.9451422095298767 0.04451502859592438
vn -0.11104246973991394 0.9915693998336792 0.066781185567379
vn 0.09808729588985443 0.9920735955238342 0.0785420835018158
vn 0.2853011190891266 0.9581442475318909 0.0237272921949625
vn 0.5264350175857544 0.8498532772064209 0.024812132120132446
vn 0.7339847087860107 0.6739064455032349 0.08435986936092377
vn 0.08765122294425964 -0.6685909628868103 0.7384466528892517
vn 0.4298829734325409 -0.5496892333030701 0.716269850730896
vn -0.2350320965051651 -0.5273593068122864 0.8164876103401184
vn 0.5075556635856628 -0.16037015616893768 0.846562922000885
vn -0.04423217847943306 -0.37595513463020325 0.9255815744400024
vn 0.28260886669158936 -0.43036332726478577 0.8572745323181152
vn -0.3857089579105377 -0.1469530463218689 0.9108421802520752
vn 0.38014858961105347 0.2308206707239151 0.8956611156463623
vn -0.29882028698921204 0.2651323080062866 0.9167395234107971
vn 0.05796211212873459 0.3654261529445648 0.9290339946746826
vn -0.10624364018440247 0.03784003481268883 0.9936198592185974
vn 0.23468017578125 -0.028830166906118393 0.9716450572013855
vn -0.3665362298488617 -0.8700990676879883 -0.3295130729675293
vn -0.20200656354427338 -0.8953008055686951 -0.39702627062797546
vn -0.01200177799910307 -0.9220526218414307 -0.38687846064567566
vn 0.2475002557039261 -0.8992942571640015 -0.36057376861572266
vn -0.5336654782295227 -0.7392135262489319 -0.41080963611602783
vn 0.5667029619216919 -0.7710303664207458 -0.2904478907585144
vn -0.7524898648262024 -0.5922194719314575 -0.2881581783294678
vn 0.6297115683555603 -0.688949704170227 -0.3589036166667938
vn -0.8363624215126038 -0.3525597155094147 -0.41976144909858704
vn 0.856604814529419 -0.4880426526069641 -0.16745930910110474
vn -0.9331240653991699 -0.06935060024261475 -0.35280317068099976
vn 0.9636795520782471 -0.226626917719841 -0.1412871778011322
vn -0.9438340663909912 0.1873679906129837 -0.2721589207649231
vn 0.9874142408370972 0.038382891565561295 -0.15342716872692108
vn -0.8953232169151306 0.4138212502002716 -0.16476735472679138
vn 0.9324427247047424 0.32769960165023804 -0.1521960198879242
vn -0.7771042585372925 0.5839415788650513 -0.23477903008460999
vn 0.8185364603996277 0.5629869103431702 -0.11420942842960358
vn -0.6231153011322021 0.7796828746795654 -0.061822310090065
vn 0.6731494069099426 0.7071002125740051 -0.21651598811149597
vn -0.341013103723526 0.9333307147026062 -0.11226722598075867
vn -0.04399830102920532 0.9964093565940857 -0.07233717292547226
vn 0.1853165626525879 0.9789736270904541 -0.08525553345680237
vn 0.42752909660339355 0.8996723294258118 -0.08836629241704941
vn 0.07435446977615356 -0.7600999474525452 0.6455381512641907
vn -0.13137492537498474 -0.6598218083381653 0.7398485541343689
vn 0.21031814813613892 -0.5843338370323181 0.783785879611969
vn -0.20585232973098755 -0.44843676686286926 0.8697869181632996
vn 0.5810421109199524 -0.4715016484260559 0.6633825302124023
vn -0.02541644126176834 -0.4585728943347931 0.8882932662963867
vn -0.357694149017334 -0.3497731387615204 0.865860104560852
vn 0.677380383014679 -0.261666476726532 0.6875219941139221
vn -0.47189193964004517 -0.18561162054538727 0.8618969321250916
vn -0.21271547675132751 -0.18106238543987274 0.9601919054985046
vn 0.06834431737661362 -0.2134903222322464 0.9745516777038574
vn 0.3357425630092621 -0.31140977144241333 0.8889886736869812
vn -0.5639603734016418 -0.09075245261192322 0.8208000063896179
vn 0.6541433334350586 -0.028433436527848244 0.755836009979248
vn -0.5387552976608276 0.15372225642204285 0.8283188939094543
vn -0.372585266828537 0.026630591601133347 0.9276158213615417
vn -0.18052861094474792 0.05259217321872711 0.9821626543998718
vn 0.07203759998083115 -0.013741182163357735 0.9973072409629822
vn 0.4227037727832794 -0.08776183426380157 0.9020085334777832
vn -0.34398847818374634 0.4116790294647217 0.8439148664474487
vn 0.532673180103302 0.25504714250564575 0.8069759607315063
vn -0.287820965051651 0.5733324885368347 0.7671043276786804
vn -0.02801435813307762 0.5234790444374084 0.851577877998352
vn 0.25806674361228943 0.4255458116531372 0.8673593997955322
vn -0.22237630188465118 0.3135972023010254 0.923149824142456
vn 0.0470869280397892 0.25576475262641907 0.9655916690826416
vn 0.3654325604438782 0.1281892955303192 0.9219688773155212
vn -0.3033607602119446 -0.7797079682350159 -0.5477479696273804
vn -0.03941335529088974 -0.8253470659255981 -0.5632484555244446
vn -0.39916858077049255 -0.5874711275100708 -0.7039476037025452
vn 0.3083384335041046 -0.7088310122489929 -0.6344178915023804
vn -0.5871543288230896 -0.3864857852458954 -0.711251437664032
vn 0.5840544104576111 -0.5055598020553589 -0.6350509524345398
vn -0.5770838856697083 -0.6053400039672852 -0.5482133030891418
vn 0.5087900161743164 -0.6807764768600464 -0.5269498825073242
vn -0.6750149726867676 -0.18374603986740112 -0.7145573496818542
vn 0.7100525498390198 -0.28586545586586 -0.6435109972953796
vn -0.7440555095672607 -0.39754876494407654 -0.5369696021080017
vn 0.8269245028495789 -0.18999813497066498 -0.5292415618896484
vn -0.6892149448394775 0.06190016120672226 -0.7219079732894897
vn 0.724293053150177 0.03233792260289192 -0.6887335181236267
vn -0.8206395506858826 -0.08265064656734467 -0.5654375553131104
vn 0.8440272808074951 0.0571456104516983 -0.5332469344139099
vn -0.7280632853507996 0.2799021899700165 -0.625762403011322
vn 0.6863186359405518 0.27438265085220337 -0.6735583543777466
vn -0.8728526830673218 0.12372612953186035 -0.47203823924064636
vn 0.8054039478302002 0.2586583197116852 -0.5333107709884644
vn -0.5939236283302307 0.5996464490890503 -0.536357045173645
vn 0.5596421957015991 0.46994727849960327 -0.6826053857803345
vn -0.29211801290512085 0.7186970114707947 -0.6309846639633179
vn -0.10841183364391327 0.7452176809310913 -0.6579494476318359
vn 0.1792284995317459 0.7140231728553772 -0.6767925024032593
vn 0.4578987956047058 0.6416715383529663 -0.6152937412261963
vn -0.20021072030067444 0.8361294865608215 -0.510688841342926
vn 0.03435436263680458 0.8548222780227661 -0.5177825093269348
vn -0.3981233835220337 -0.914969801902771 0.06578759104013443
vn -0.1422262340784073 -0.9898303747177124 0.002741778502240777
vn 0.06062788516283035 -0.9976933598518372 -0.03053281642496586
vn 0.30484235286712646 -0.9488953948020935 -0.08166269958019257
vn -0.5814424753189087 -0.8127033710479736 0.03791964054107666
vn 0.5485305786132812 -0.8360369205474854 0.012507393956184387
vn -0.7075843811035156 -0.6928368210792542 0.13893020153045654
vn 0.7119792103767395 -0.7010926604270935 -0.03942997753620148
vn -0.8176182508468628 -0.5699917078018188 0.08130110800266266
vn 0.7829964756965637 -0.6087648272514343 0.1277576982975006
vn -0.9033876657485962 -0.3790263235569 0.2005738615989685
vn 0.8452837467193604 -0.5325927734375 -0.04290030524134636
vn -0.9885545969009399 -0.13020546734333038 0.07619951665401459
vn 0.9722246527671814 -0.2035946249961853 0.11544894427061081
vn -0.9274111390113831 -0.045983679592609406 0.37120622396469116
vn 0.8752934336662292 -0.40472501516342163 0.2646867036819458
vn -0.9567961692810059 0.22670716047286987 0.1820576936006546
vn 0.9701281189918518 0.1572975367307663 0.18468600511550903
vn -0.8474438190460205 0.5233814716339111 0.08894290775060654
vn 0.8757001161575317 0.33611881732940674 0.34666040539741516
vn -0.8638310432434082 0.34707769751548767 0.36514797806739807
vn 0.9081968069076538 -0.02348986454308033 0.4178837239742279
vn -0.7970743179321289 0.5284992456436157 0.29216623306274414
vn 0.8573203682899475 0.4803168773651123 0.1851959079504013
vn -0.742168664932251 0.6480587124824524 0.17089630663394928
vn 0.734461784362793 0.6256821155548096 0.26284563541412354
vn -0.6081916093826294 0.7526823282241821 0.25213566422462463
vn 0.5244976282119751 0.8232420682907104 0.2171974778175354
vn -0.34618520736694336 0.918843686580658 0.18942569196224213
vn -0.09940937906503677 0.9712842702865601 0.21615900099277496
vn 0.10281684994697571 0.9639509320259094 0.245412677526474
vn 0.30676817893981934 0.9236617684364319 0.22965680062770844
vn -0.41271424293518066 -0.9047578573226929 -0.10526280105113983
vn -0.1898966282606125 -0.9594995975494385 -0.2080863118171692
vn 0.03926439583301544 -0.9751932621002197 -0.2178451418876648
vn 0.3080032467842102 -0.9334781169891357 -0.1837192326784134
vn -0.5953099727630615 -0.7850247621536255 -0.17129607498645782
vn 0.5823044776916504 -0.8077476620674133 -0.09200720489025116
vn -0.8109908103942871 -0.5831430554389954 -0.04730842635035515
vn 0.7436088919639587 -0.6596985459327698 -0.10882831364870071
vn -0.9308789372444153 -0.32339775562286377 -0.16993625462055206
vn 0.8866804242134094 -0.46220067143440247 -0.01297842152416706
vn -0.9912299513816833 -0.04371350631117821 -0.12470907717943192
vn 0.9779574275016785 -0.2076636403799057 -0.02179846167564392
vn -0.9768013954162598 0.20127475261688232 -0.07312691956758499
vn 0.9958505630493164 0.08916749805212021 -0.018188437446951866
vn -0.8968421816825867 0.4417344331741333 0.023342465981841087
vn 0.9346442222595215 0.355398029088974 0.011514175683259964
vn -0.7983310222625732 0.602169394493103 -0.0077291917987167835
vn 0.7818880677223206 0.6200023293495178 0.06517772376537323
vn -0.6457070708274841 0.7560006380081177 0.10735660046339035
vn 0.6225646734237671 0.7822864651679993 0.021006332710385323
vn -0.38868391513824463 0.9190444350242615 0.06543824076652527
vn -0.11149851977825165 0.9905045032501221 0.08042995631694794
vn 0.1943296641111374 0.9750890731811523 0.10694542527198792
vn 0.4116595983505249 0.9048256278038025 0.10875218361616135
vn -0.4835517108440399 -0.8087291717529297 -0.3348654508590698
vn -0.2898330092430115 -0.8609921336174011 -0.41795867681503296
vn -0.0070187123492360115 -0.8616827726364136 -0.5073989033699036
vn 0.30190321803092957 -0.8333120346069336 -0.4630826413631439
vn 0.2745191156864166 -0.8336500525474548 -0.4792357087135315
vn -0.6427724957466125 -0.6660996675491333 -0.37835800647735596
vn 0.611707866191864 -0.6834051012992859 -0.3984608054161072
vn -0.8212451338768005 -0.517657995223999 -0.2399722784757614
vn 0.7146801948547363 -0.5000479221343994 -0.4890648126602173
vn -0.899005651473999 -0.24194085597991943 -0.36503908038139343
vn 0.8520264029502869 -0.38890671730041504 -0.35043203830718994
vn -0.953201949596405 0.002624231157824397 -0.30232304334640503
vn 0.935302197933197 -0.14920832216739655 -0.32085317373275757
vn -0.9410344958305359 0.23726995289325714 -0.24115785956382751
vn 0.9519702792167664 0.05388665944337845 -0.30141162872314453
vn -0.8716213703155518 0.32975220680236816 -0.3626840114593506
vn 0.869993269443512 0.30306947231292725 -0.38892242312431335
vn -0.748466968536377 0.5450326800346375 -0.37780505418777466
vn 0.6847938895225525 0.5647652745246887 -0.4605405330657959
vn -0.5165233612060547 0.7538029551506042 -0.4061832129955292
vn 0.5379136204719543 0.7094169855117798 -0.4553862512111664
vn -0.8159109950065613 0.5295111536979675 -0.23217923939228058
vn 0.813835620880127 0.5193533301353455 -0.2606602609157562
vn -0.33427348732948303 0.866438627243042 -0.3708711862564087
vn 0.29422062635421753 0.8254263997077942 -0.48177337646484375
vn -0.03037163056433201 0.9460031986236572 -0.32273125648498535
vn 0.2416638284921646 0.9375948309898376 -0.25002923607826233
vn -0.5799803137779236 0.7744326591491699 -0.25273895263671875
vn 0.5096843838691711 0.8256257772445679 -0.24199987947940826
vn -0.35096415877342224 -0.9101773500442505 0.22000320255756378
vn -0.08678905665874481 -0.9795610904693604 0.1814601719379425
vn 0.10807784646749496 -0.9780394434928894 0.1782078593969345
vn 0.276768296957016 -0.95452880859375 0.1107887402176857
vn -0.5799700021743774 -0.7597570419311523 0.2939458191394806
vn 0.47173911333084106 -0.8536648154258728 0.2207230031490326
vn -0.6676516532897949 -0.6643462181091309 0.3359842300415039
vn 0.6436256766319275 -0.7385186553001404 0.20083874464035034
vn -0.41455647349357605 -0.7963066697120667 0.4404982030391693
vn -0.10203012824058533 -0.8952153921127319 0.43379634618759155
vn 0.13677240908145905 -0.9142209887504578 0.38143593072891235
vn 0.32795780897140503 -0.875755250453949 0.35425475239753723
vn -0.8245270848274231 -0.48919403553009033 0.284331351518631
vn 0.8411042094230652 -0.45025739073753357 0.29968658089637756
vn -0.7480981349945068 -0.48187026381492615 0.45623496174812317
vn 0.6767788529396057 -0.6513293385505676 0.3431333005428314
vn -0.8831112384796143 -0.2932632267475128 0.36621204018592834
vn 0.8601980209350586 -0.255535751581192 0.44131726026535034
vn -0.8801435828208923 0.13927136361598969 0.4538179934024811
vn 0.8619303703308105 0.1726459115743637 0.4767279028892517
vn -0.8182996511459351 0.38063955307006836 0.4306962490081787
vn 0.8422168493270874 0.3584463596343994 0.4027245044708252
vn -0.6804478168487549 0.6133801937103271 0.4009433388710022
vn 0.6680076122283936 0.599268913269043 0.44118332862854004
vn -0.6840419769287109 0.5004982948303223 0.5306487679481506
vn 0.640693187713623 0.5142583847045898 0.5701321363449097
vn -0.5121769309043884 0.7146787047386169 0.4763498902320862
vn 0.4452003240585327 0.794762134552002 0.41249221563339233
vn -0.35880646109580994 0.8598556518554688 0.3631889820098877
vn -0.105128213763237 0.9180046319961548 0.38238149881362915
vn 0.08209303021430969 0.9122397899627686 0.4013468623161316
vn 0.25589993596076965 0.8795818090438843 0.4010624289512634
vn -0.2155219465494156 0.7929784655570984 0.5698556900024414
vn 0.019921094179153442 0.8153868913650513 0.5785736441612244
vn 0.19050994515419006 0.7946743369102478 0.5763668417930603
vn 0.37679898738861084 0.7390903830528259 0.558361828327179
vn -0.45422887802124023 -0.8878679275512695 0.07325796037912369
vn -0.16669288277626038 -0.9857943058013916 -0.02057000622153282
vn 0.0466645322740078 -0.9968754053115845 -0.06373291462659836
vn 0.3098706901073456 -0.9502910375595093 -0.030450379475951195
vn -0.6452528834342957 -0.762731671333313 0.04346436634659767
vn 0.5712948441505432 -0.8194319009780884 0.04640641808509827
vn -0.821340024471283 -0.5541207194328308 0.1354655921459198
vn 0.7567808032035828 -0.6488984227180481 0.07882687449455261
vn 0.5114045739173889 -0.8474767208099365 0.14229802787303925
vn -0.9483620524406433 -0.31656599044799805 0.019886696711182594
vn 0.9158751964569092 -0.3906615376472473 0.09250049293041229
vn 0.7976095080375671 -0.5717640519142151 0.19210679829120636
vn -0.9965648651123047 -0.056412223726511 0.060631703585386276
vn 0.9869205951690674 -0.12218653410673141 0.10515797883272171
vn -0.979720950126648 0.1722346991300583 0.10238219052553177
vn 0.9773075580596924 0.13388417661190033 0.1641494333744049
vn -0.8974085450172424 0.4074793756008148 0.16916988790035248
vn 0.8976991772651672 0.3861878514289856 0.21212048828601837
vn -0.733798086643219 0.6320347189903259 0.24914368987083435
vn 0.7335322499275208 0.6299440860748291 0.25514888763427734
vn -0.72698974609375 0.5805522799491882 0.36666733026504517
vn 0.7337743043899536 0.5552670359611511 0.3914766013622284
vn -0.6181079149246216 0.7208055853843689 0.31365901231765747
vn 0.5583519339561462 0.7943016886711121 0.23943273723125458
vn -0.38562333583831787 0.8931999802589417 0.23127569258213043
vn -0.11523239314556122 0.9619094729423523 0.24789443612098694
vn 0.12173692137002945 0.9629881381988525 0.24048706889152527
vn 0.3636719286441803 0.8914684057235718 0.270234614610672
vn -0.39973774552345276 0.8029459714889526 0.44213971495628357
vn 0.5376514196395874 0.747796893119812 0.3895263373851776
vn 0.08132115751504898 -0.964388906955719 -0.2516764998435974
vn -0.18821899592876434 -0.9030079245567322 -0.386199951171875
vn 0.52747642993927 -0.833408534526825 -0.16492097079753876
vn -0.4953223168849945 -0.8659265041351318 -0.06947781890630722
vn -0.3899482786655426 -0.8930554389953613 -0.2244824916124344
vn 0.502596914768219 -0.7826730608940125 -0.3671773672103882
vn -0.6517607569694519 -0.7456121444702148 -0.1388184279203415
vn 0.6645660996437073 -0.7235749363899231 -0.1865243762731552
vn -0.8334806561470032 -0.5519465208053589 -0.025789765641093254
vn 0.7572599053382874 -0.5988419055938721 -0.26066428422927856
vn -0.9536018371582031 -0.26842817664146423 -0.13634470105171204
vn 0.906298816204071 -0.40073248744010925 -0.1342982053756714
vn -0.98810213804245 -0.04126686230301857 -0.14815965294837952
vn 0.9772864580154419 -0.1845647245645523 -0.1041497066617012
vn -0.942892849445343 0.21482573449611664 -0.2545643746852875
vn 0.9980425238609314 0.028816042467951775 -0.055504560470581055
vn -0.8747783899307251 0.4543801248073578 -0.16823047399520874
vn -0.8752083778381348 0.46137821674346924 -0.14539775252342224
vn 0.9533169865608215 0.2860678434371948 -0.09670571237802505
vn -0.7476418614387512 0.6337953209877014 -0.19833090901374817
vn 0.7684910297393799 0.6297425627708435 -0.11333999782800674
vn 0.8903959393501282 0.4507787525653839 0.06319600343704224
vn -0.6461987495422363 0.759069561958313 -0.07899735122919083
vn 0.6768065094947815 0.7221441268920898 -0.142971470952034
vn -0.38410717248916626 0.9012165069580078 -0.200675368309021
vn -0.022167939692735672 0.9435546398162842 -0.3304741680622101
vn 0.30885109305381775 0.9462906122207642 -0.0956307128071785
vn 0.5093754529953003 0.8600690960884094 -0.02859984152019024
vn -0.4582436680793762 0.8306825757026672 -0.3161947727203369
vn -0.3078790009021759 -0.76645427942276 0.5637006163597107
vn 0.026027927175164223 -0.8180058002471924 0.57462078332901
vn 0.24708403646945953 -0.7898995876312256 0.561255931854248
vn 0.42224517464637756 -0.7895688414573669 0.4452977478504181
vn -0.5730484127998352 -0.6052778959274292 0.5524981617927551
vn 0.561616837978363 -0.5392946600914001 0.6274932622909546
vn -0.6980454325675964 -0.371853232383728 0.6119295954704285
vn 0.7899371385574341 -0.31982019543647766 0.5231771469116211
vn -0.4322531223297119 -0.6384756565093994 0.6367936134338379
vn 0.3189067244529724 -0.6180416345596313 0.7185562252998352
vn 0.4146221876144409 -0.5615137815475464 0.7160940766334534
vn -0.8619697093963623 -0.20245906710624695 0.4647779166698456
vn 0.8270485401153564 -0.07214060425758362 0.5574822425842285
vn -0.7254553437232971 -0.15731181204319 0.6700504422187805
vn 0.535164475440979 -0.2371683418750763 0.8107713460922241
vn 0.6347606778144836 -0.20366786420345306 0.7453846335411072
vn -0.8472827076911926 0.10909045487642288 0.5198184847831726
vn 0.7994125485420227 0.1737878918647766 0.5750977396965027
vn -0.65758216381073 0.32147911190986633 0.6813492774963379
vn 0.6660889983177185 0.2689876854419708 0.6956803202629089
vn -0.699457585811615 0.09440506994724274 0.7084115147590637
vn 0.4974759817123413 0.13496865332126617 0.8569137454032898
vn 0.6629909873008728 0.03223595768213272 0.747933030128479
vn -0.5059961676597595 0.5532368421554565 0.6617377400398254
vn 0.4804547131061554 0.5291634798049927 0.6993920803070068
vn -0.4101300537586212 0.6579894423484802 0.6315403580665588
vn -0.11145512014627457 0.6914308667182922 0.7137935757637024
vn 0.1129576563835144 0.6673681139945984 0.7361117005348206
vn 0.27975964546203613 0.6089285612106323 0.7422537207603455
vn -0.2698177099227905 0.5644013285636902 0.7801600098609924
vn -0.0004145803686697036 0.555204451084137 0.8317137956619263
vn 0.25572171807289124 0.4565874934196472 0.8521351218223572
vn 0.4604012966156006 0.31768205761909485 0.828920304775238
vn -0.38261017203330994 -0.8939551711082458 0.23335301876068115
vn -0.15972527861595154 -0.9814721345901489 0.10583161562681198
vn 0.17119675874710083 -0.9816171526908875 0.08437667042016983
vn -0.6899236440658569 -0.6783366203308105 0.25271496176719666
vn 0.45866361260414124 -0.8595139980316162 0.22552932798862457
vn -0.821057140827179 -0.4693627655506134 0.3249058127403259
vn 0.6526814699172974 -0.7096542716026306 0.2653256952762604
vn -0.5278763771057129 -0.7596363425254822 0.3798673450946808
vn 0.2717444598674774 -0.9243864417076111 0.26770272850990295
vn -0.9357595443725586 -0.2903999388217926 0.20005495846271515
vn 0.7952245473861694 -0.45051276683807373 0.40577855706214905
vn 0.8993455767631531 -0.3521064817905426 0.2592270076274872
vn -0.8750660419464111 -0.2314215451478958 0.4250924587249756
vn -0.9603612422943115 -0.062196649610996246 0.27173134684562683
vn 0.9606936573982239 -0.08845924586057663 0.2631400227546692
vn -0.8516804575920105 -0.0016975096659734845 0.5240587592124939
vn 0.8793118000030518 -0.17719629406929016 0.44205453991889954
vn -0.9309599995613098 0.13599950075149536 0.33884763717651367
vn 0.9144012928009033 0.2169121652841568 0.34178847074508667
vn -0.8175728917121887 0.35826417803764343 0.45080092549324036
vn 0.8117230534553528 0.32460227608680725 0.4855296313762665
vn -0.7684516310691833 0.22127839922904968 0.6004315614700317
vn 0.8726825714111328 0.06323633342981339 0.4841759204864502
vn -0.6433662176132202 0.5075600147247314 0.5731167197227478
vn 0.6621255278587341 0.5462024807929993 0.5130814909934998
vn -0.5365940928459167 0.6538312435150146 0.5334525108337402
vn 0.39833423495292664 0.7115187048912048 0.578853189945221
vn -0.2479483038187027 0.7578312754631042 0.60350102186203
vn 0.3481200635433197 0.8347190022468567 0.4266810417175293
vn -0.1141958236694336 0.8986995816230774 0.4234364330768585
vn 0.12655144929885864 0.9070572853088379 0.4015369117259979
vn -0.0020472740288823843 0.7935808300971985 0.6084614992141724
vn 0.18511167168617249 0.7928270101547241 0.580653965473175
vn 0.12146107852458954 -0.9894145727157593 0.07941018044948578
vn -0.3267146050930023 -0.9449063539505005 -0.020239902660250664
vn 0.39436405897140503 -0.8796107769012451 0.2660110890865326
vn -0.46980834007263184 -0.8764796257019043 0.10518427938222885
vn -0.32644233107566833 -0.9324413537979126 0.154882550239563
vn 0.5819681286811829 -0.8123639822006226 0.03711878880858421
vn -0.11015671491622925 -0.9361154437065125 0.3339962661266327
vn -0.6601677536964417 -0.7489360570907593 0.05721396952867508
vn 0.7083573341369629 -0.7039511203765869 0.05179620906710625
vn -0.8112901449203491 -0.5719529986381531 0.12115345150232315
vn 0.8176762461662292 -0.575406551361084 -0.017691595479846
vn -0.9453200101852417 -0.32602715492248535 0.008745047263801098
vn 0.9130299091339111 -0.4011683464050293 0.07375860214233398
vn -0.9778565764427185 -0.20909367501735687 0.008742761798202991
vn 0.9824799299240112 -0.15242035686969757 0.1072436049580574
vn -0.9671140909194946 -0.0762096643447876 -0.24265697598457336
vn -0.9831503629684448 0.1761351376771927 0.04890596866607666
vn 0.9797676205635071 0.1590789407491684 0.12144701927900314
vn -0.8600956201553345 0.3897206485271454 0.3291707932949066
vn 0.8629562258720398 0.445838987827301 0.23776927590370178
vn -0.9559298753738403 -0.13571593165397644 0.2603447735309601
vn -0.8636561036109924 0.5002102255821228 0.06235288828611374
vn 0.7516341805458069 0.6510825157165527 0.10553522408008575
vn -0.7965131402015686 0.6033885478973389 -0.03858869522809982
vn -0.6569965481758118 0.7484404444694519 0.09051233530044556
vn 0.6617491245269775 0.7430065274238586 0.10014744102954865
vn -0.5778638124465942 0.8146938681602478 0.0484493151307106
vn 0.4611563980579376 0.8683578968048096 0.1824539601802826
vn 0.4700794517993927 0.869248628616333 0.15307559072971344
vn 0.6425453424453735 0.7296110987663269 0.23410078883171082
vn -0.5168166756629944 0.7368724346160889 0.43579772114753723
vn 0.38229918479919434 0.8971326947212219 -0.2213599681854248
vn -0.10219896584749222 0.986289381980896 0.1295710951089859
vn 0.29506924748420715 0.7965238690376282 0.527715802192688
vn 0.027516735717654228 -0.726961076259613 0.6861271858215332
vn -0.18716175854206085 -0.646940290927887 0.7392150163650513
vn 0.09182129800319672 -0.5697543025016785 0.8166694641113281
vn -0.4313419461250305 -0.4222888648509979 0.7972554564476013
vn 0.3489866256713867 -0.3819284439086914 0.855768084526062
vn -0.1713627129793167 -0.4621375799179077 0.8700941205024719
vn -0.5531570315361023 -0.30966946482658386 0.773383617401123
vn 0.37241291999816895 -0.06705822050571442 0.9256412982940674
vn -0.38093000650405884 -0.18667149543762207 0.90556401014328
vn -0.16577649116516113 -0.17648673057556152 0.9702425599098206
vn 0.07768673449754715 -0.2808273732662201 0.9566090106964111
vn -0.5299673676490784 0.024036042392253876 0.8476773500442505
vn 0.29024457931518555 0.23514936864376068 0.9276114106178284
vn -0.44271931052207947 0.35600975155830383 0.8229560852050781
vn -0.19018124043941498 0.3893953561782837 0.9012227058410645
vn 0.047198932617902756 0.3581504225730896 0.9324701428413391
vn -0.36964699625968933 0.12916499376296997 0.9201508164405823
vn -0.1808062642812729 0.11068490892648697 0.9772706627845764
vn 0.07837378978729248 0.052321385592222214 0.9955501556396484
vn -0.06449170410633087 -0.9624173045158386 0.2638062834739685
vn -0.29294660687446594 -0.7823340892791748 0.5496687889099121
vn 0.21555425226688385 -0.8440425992012024 0.4910483956336975
vn -0.5997595191001892 -0.5958202481269836 0.5341225266456604
vn 0.44072917103767395 -0.7678129076957703 0.46499595046043396
vn 0.6220852136611938 -0.6438326835632324 0.44552168250083923
vn -0.07190097868442535 -0.8304832577705383 0.5523838400840759
vn -0.7642808556556702 -0.3933144211769104 0.5110563635826111
vn 0.7604095935821533 -0.3362179398536682 0.5556390881538391
vn -0.6186026334762573 -0.4114263951778412 0.6693721413612366
vn 0.5811606645584106 -0.4609898030757904 0.6706271171569824
vn -0.7789408564567566 -0.11760957539081573 0.6159701347351074
vn 0.7905295491218567 -0.067709781229496 0.6086694002151489
vn 0.6513042449951172 -0.11608340591192245 0.7498850226402283
vn -0.7030851244926453 0.16913704574108124 0.6906982064247131
vn 0.7397007346153259 0.2193230390548706 0.6361920237541199
vn -0.4614087641239166 0.39422115683555603 0.7947903275489807
vn 0.6003892421722412 0.15611256659030914 0.7843223810195923
vn -0.5896572470664978 0.4053998589515686 0.6985379457473755
vn 0.5829039812088013 0.5029772520065308 0.6381511092185974
vn -0.47264084219932556 0.6159055829048157 0.6302943825721741
vn -0.18802258372306824 0.6911606788635254 0.6978141069412231
vn 0.09856098890304565 0.6732831597328186 0.7327861785888672
vn 0.31371164321899414 0.5875349044799805 0.745914101600647
vn -0.31570571660995483 0.5625512599945068 0.7641112804412842
vn -0.056571997702121735 0.5927811861038208 0.8033742308616638
vn 0.2654886245727539 0.4711400270462036 0.8411557078361511
vn 0.5149499773979187 0.3362165689468384 0.7885333895683289
vn -0.3928285241127014 -0.8898717761039734 0.23197858035564423
vn -0.12563224136829376 -0.9581390619277954 0.25726667046546936
vn 0.17066118121147156 -0.909003496170044 0.380246639251709
vn 0.44702839851379395 -0.8587024807929993 0.25059089064598083
vn -0.6474184989929199 -0.7112677097320557 0.27376559376716614
vn 0.6368537545204163 -0.694614589214325 0.33455637097358704
vn -0.7710412740707397 -0.5725444555282593 0.2787262797355652
vn 0.7747704386711121 -0.5684266090393066 0.2768065631389618
vn -0.4534955620765686 -0.782868504524231 0.42597970366477966
vn -0.1159503385424614 -0.8852096796035767 0.45051008462905884
vn 0.15590013563632965 -0.8840060830116272 0.440713495016098
vn 0.4339645802974701 -0.7693291306495667 0.46883636713027954
vn -0.9183169603347778 -0.35306689143180847 0.17899109423160553
vn 0.9060571789741516 -0.33951374888420105 0.25256869196891785
vn -0.835785448551178 -0.4011513888835907 0.37488698959350586
vn 0.783625066280365 -0.45773085951805115 0.42001691460609436
vn -0.9622712135314941 -0.14456823468208313 0.230508491396904
vn 0.9522132277488708 -0.0737837478518486 0.2963881194591522
vn 0.8501640558242798 -0.18830715119838715 0.49169260263442993
vn -0.9311580061912537 0.10274747759103775 0.34983953833580017
vn 0.9292168617248535 0.18660876154899597 0.31895655393600464
vn 0.8166004419326782 0.3595494031906128 0.4515395760536194
vn 0.8465301394462585 0.07365117222070694 0.5272212028503418
vn -0.9050113558769226 0.3347727060317993 0.2624532878398895
vn 0.7663595080375671 0.5528714656829834 0.32714876532554626
vn -0.8144609928131104 0.5674799084663391 0.12091320008039474
vn 0.6106287837028503 0.6505587100982666 0.451559454202652
vn -0.6208826899528503 0.7418904304504395 0.25318625569343567
vn 0.4527791738510132 0.826688826084137 0.3340308964252472
vn -0.36904096603393555 0.8673823475837708 0.33385130763053894
vn -0.08566048741340637 0.8215402364730835 0.5636789798736572
vn 0.2307547777891159 0.8631923198699951 0.4490560293197632
vn 0.3361055254936218 0.7778815031051636 0.5309740900993347
vn 0.0513082854449749 -0.6893060207366943 0.7226511240005493
vn 0.36335718631744385 -0.6705915927886963 0.6467446088790894
vn -0.31360286474227905 -0.6023237705230713 0.734070360660553
vn 0.4115043878555298 -0.35983404517173767 0.837367057800293
vn -0.44926032423973083 -0.34051042795181274 0.8259648084640503
vn -0.15639682114124298 -0.4597570300102234 0.8741644620895386
vn 0.13705936074256897 -0.5530741214752197 0.8217808604240417
vn -0.6843817234039307 -0.13556058704853058 0.7164112329483032
vn 0.46047329902648926 -0.036250729113817215 0.8869330883026123
vn -0.624415934085846 0.08571969717741013 0.7763741612434387
vn -0.42265772819519043 -0.14893263578414917 0.893968403339386
vn -0.10594400018453598 -0.19067342579364777 0.9759198427200317
vn 0.16707932949066162 -0.28680676221847534 0.9433061480522156
vn -0.42084604501724243 0.1771230846643448 0.8896719217300415
vn 0.38821691274642944 0.2597159147262573 0.8842145204544067
vn -0.17918391525745392 0.4364480674266815 0.8817064166069031
vn 0.11599735915660858 0.4060610830783844 0.9064540863037109
vn -0.13136790692806244 0.12385990470647812 0.9835655689239502
vn 0.1885305643081665 0.060334108769893646 0.9802122712135315
vn -0.3394121527671814 -0.7658467888832092 0.5461485385894775
vn 0.0394190289080143 -0.8099520802497864 0.5851699709892273
vn 0.31787288188934326 -0.7558193802833557 0.5724455118179321
vn 0.5941241383552551 -0.6392784118652344 0.48820042610168457
vn -0.657975435256958 -0.5679378509521484 0.4944845736026764
vn 0.7056540846824646 -0.3411310613155365 0.6210329532623291
vn -0.7829917073249817 -0.303938090801239 0.5427205562591553
vn -0.4831763803958893 -0.6395245790481567 0.5979539155960083
vn 0.38424891233444214 -0.5927088260650635 0.7078482508659363
vn 0.5325681567192078 -0.5409031510353088 0.6509953737258911
vn -0.9099183678627014 -0.13347110152244568 0.3927265405654907
vn 0.7337943911552429 -0.028739038854837418 0.6787635684013367
vn -0.7992543578147888 -0.06820819526910782 0.5971097946166992
vn 0.6202300786972046 -0.22737035155296326 0.7507445216178894
vn -0.8861985802650452 0.09635968506336212 0.45317432284355164
vn 0.7649416923522949 0.24109461903572083 0.5972751379013062
vn -0.7198912501335144 0.19424131512641907 0.6663534641265869
vn 0.6342531442642212 0.11136451363563538 0.7650627493858337
vn -0.8204579949378967 0.2907387614250183 0.4922598898410797
vn 0.7428714036941528 0.42383190989494324 0.5181782245635986
vn -0.7839347720146179 0.5111083984375 0.3524407148361206
vn 0.36601266264915466 0.6378996968269348 0.6775830388069153
vn 0.5471256375312805 0.4896523058414459 0.6788918972015381
vn -0.5903565883636475 0.46377551555633545 0.6605993509292603
vn -0.37288302183151245 0.5385750532150269 0.7555760145187378
vn 0.39704999327659607 0.46104028820991516 0.7935951352119446
vn 0.6251379251480103 0.2675468325614929 0.7332265973091125
vn -0.526154100894928 0.6677436828613281 0.5265740752220154
vn 0.1624593883752823 0.7243467569351196 0.6700215339660645
vn -0.2839239239692688 0.8261423707008362 0.4866991341114044
vn -0.00836773868650198 0.8136227130889893 0.5813329815864563
vn -0.2065967321395874 0.6868413090705872 0.6968262791633606
vn 0.06340554356575012 0.6940577626228333 0.7171217799186707
vn 0.0559019036591053 -0.7296521663665771 0.681529700756073
vn -0.19143304228782654 -0.6627652645111084 0.7239444851875305
vn 0.1599857360124588 -0.5537111759185791 0.8171955347061157
vn -0.4679248034954071 -0.4442647695541382 0.7639864087104797
vn 0.43804770708084106 -0.344478964805603 0.8303303122520447
vn -0.12013346701860428 -0.4942687153816223 0.8609683513641357
vn -0.6413593292236328 -0.30966347455978394 0.7019734382629395
vn 0.5058038234710693 -0.0632311999797821 0.8603280782699585
vn -0.38653436303138733 -0.28526368737220764 0.8770495057106018
vn -0.04171300306916237 -0.2715124487876892 0.9615305662155151
vn 0.20198719203472137 -0.283632755279541 0.9374186396598816
vn -0.6321139931678772 -0.08568336814641953 0.7701236009597778
vn 0.5086138844490051 0.17360028624534607 0.8433119058609009
vn -0.5627309083938599 0.20929168164730072 0.7997068166732788
vn 0.34412631392478943 0.28615057468414307 0.8942566514015198
vn -0.3454916179180145 -0.010716842487454414 0.9383606910705566
vn -0.09669659286737442 -0.08354013413190842 0.9918018579483032
vn 0.2603919804096222 -0.0065783425234258175 0.965480625629425
vn -0.2654553949832916 0.32566922903060913 0.9074541330337524
vn 0.21901458501815796 0.519528329372406 0.8259073495864868
vn -0.041830286383628845 0.5527938008308411 0.8322675824165344
vn 0.05371612310409546 0.21740034222602844 0.9746033549308777

g grp1
usemtl mtl1
f 1//1 14//14 21//21 
f 1//1 2//2 15//15 
f 14//14 1//1 15//15 
f 2//2 3//3 16//16 
f 15//15 2//2 16//16 
f 16//16 3//3 22//22 
f 4//4 23//23 26//26 
f 21//21 23//23 4//4 
f 21//21 4//4 1//1 
f 1//1 4//4 5//5 
f 2//2 1//1 6//6 
f 6//6 1//1 5//5 
f 3//3 2//2 7//7 
f 7//7 2//2 6//6 
f 27//27 22//22 3//3 
f 7//7 27//27 3//3 
f 4//4 26//26 28//28 
f 28//28 30//30 8//8 
f 28//28 8//8 4//4 
f 4//4 8//8 5//5 
f 6//6 5//5 9//9 
f 9//9 5//5 8//8 
f 7//7 6//6 10//10 
f 10//10 6//6 9//9 
f 31//31 27//27 7//7 
f 10//10 31//31 7//7 
f 11//11 8//8 30//30 
f 34//34 11//11 30//30 
f 9//9 8//8 12//12 
f 12//12 8//8 11//11 
f 10//10 9//9 13//13 
f 13//13 9//9 12//12 
f 35//35 31//31 10//10 
f 13//13 35//35 10//10 
f 11//11 34//34 36//36 
f 12//12 11//11 36//36 
f 37//37 12//12 36//36 
f 13//13 12//12 37//37 
f 38//38 13//13 37//37 
f 35//35 13//13 38//38 
f 17//17 41//41 47//47 
f 17//17 18//18 42//42 
f 41//41 17//17 42//42 
f 18//18 19//19 43//43 
f 42//42 18//18 43//43 
f 19//19 20//20 44//44 
f 43//43 19//19 44//44 
f 44//44 20//20 48//48 
f 24//24 17//17 47//47 
f 51//51 24//24 47//47 
f 14//14 24//24 21//21 
f 14//14 18//18 24//24 
f 18//18 17//17 24//24 
f 15//15 18//18 14//14 
f 19//19 18//18 15//15 
f 16//16 19//19 15//15 
f 20//20 19//19 16//16 
f 22//22 25//25 49//49 
f 16//16 22//22 49//49 
f 16//16 49//49 48//48 
f 16//16 48//48 20//20 
f 49//49 25//25 52//52 
f 23//23 24//24 51//51 
f 23//23 51//51 26//26 
f 26//26 51//51 54//54 
f 21//21 24//24 23//23 
f 25//25 27//27 29//29 
f 22//22 27//27 25//25 
f 55//55 52//52 25//25 
f 29//29 55//55 25//25 
f 32//32 28//28 26//26 
f 32//32 26//26 58//58 
f 58//58 26//26 54//54 
f 28//28 32//32 30//30 
f 29//29 31//31 33//33 
f 27//27 31//31 29//29 
f 59//59 55//55 29//29 
f 33//33 59//59 29//29 
f 39//39 32//32 58//58 
f 62//62 39//39 58//58 
f 30//30 39//39 34//34 
f 32//32 39//39 30//30 
f 33//33 63//63 60//60 
f 33//33 31//31 63//63 
f 31//31 35//35 63//63 
f 59//59 33//33 60//60 
f 39//39 62//62 64//64 
f 34//34 39//39 64//64 
f 34//34 64//64 36//36 
f 36//36 64//64 65//65 
f 40//40 65//65 68//68 
f 40//40 37//37 65//65 
f 37//37 36//36 65//65 
f 69//69 37//37 40//40 
f 69//69 66//66 37//37 
f 66//66 38//38 37//37 
f 63//63 35//35 38//38 
f 66//66 63//63 38//38 
f 40//40 68//68 70//70 
f 69//69 40//40 70//70 
f 45//45 73//73 75//75 
f 45//45 46//46 74//74 
f 73//73 45//45 74//74 
f 74//74 46//46 76//76 
f 41//41 77//77 81//81 
f 47//47 41//41 81//81 
f 75//75 42//42 45//45 
f 75//75 77//77 42//42 
f 77//77 41//41 42//42 
f 43//43 45//45 42//42 
f 46//46 45//45 43//43 
f 46//46 78//78 76//76 
f 46//46 43//43 78//78 
f 43//43 44//44 78//78 
f 48//48 50//50 79//79 
f 48//48 79//79 44//44 
f 44//44 79//79 78//78 
f 79//79 50//50 82//82 
f 53//53 83//83 84//84 
f 53//53 81//81 83//83 
f 53//53 51//51 81//81 
f 51//51 47//47 81//81 
f 48//48 49//49 50//50 
f 50//50 49//49 52//52 
f 50//50 52//52 82//82 
f 82//82 52//52 85//85 
f 56//56 53//53 84//84 
f 88//88 56//56 84//84 
f 51//51 56//56 54//54 
f 53//53 56//56 51//51 
f 86//86 55//55 57//57 
f 86//86 85//85 55//55 
f 85//85 52//52 55//55 
f 86//86 57//57 89//89 
f 61//61 56//56 88//88 
f 91//91 61//61 88//88 
f 54//54 61//61 58//58 
f 56//56 61//61 54//54 
f 57//57 92//92 90//90 
f 57//57 55//55 92//92 
f 55//55 59//59 92//92 
f 89//89 57//57 90//90 
f 61//61 91//91 93//93 
f 93//93 58//58 61//61 
f 93//93 95//95 58//58 
f 95//95 62//62 58//58 
f 60//60 63//63 67//67 
f 60//60 67//67 96//96 
f 60//60 96//96 59//59 
f 59//59 96//96 92//92 
f 62//62 95//95 97//97 
f 64//64 62//62 97//97 
f 71//71 97//97 100//100 
f 71//71 65//65 97//97 
f 65//65 64//64 97//97 
f 65//65 71//71 68//68 
f 66//66 69//69 72//72 
f 66//66 72//72 101//101 
f 63//63 66//66 101//101 
f 63//63 101//101 98//98 
f 63//63 98//98 67//67 
f 96//96 67//67 98//98 
f 71//71 100//100 102//102 
f 68//68 71//71 102//102 
f 68//68 102//102 70//70 
f 70//70 102//102 103//103 
f 72//72 69//69 70//70 
f 72//72 70//70 104//104 
f 104//104 70//70 103//103 
f 101//101 72//72 104//104 
f 73//73 106//106 109//109 
f 75//75 73//73 109//109 
f 74//74 107//107 73//73 
f 73//73 107//107 106//106 
f 76//76 80//80 108//108 
f 76//76 108//108 74//74 
f 74//74 108//108 107//107 
f 108//108 80//80 110//110 
f 77//77 111//111 113//113 
f 81//81 77//77 113//113 
f 109//109 77//77 75//75 
f 111//111 77//77 109//109 
f 76//76 78//78 80//80 
f 80//80 112//112 110//110 
f 80//80 78//78 112//112 
f 78//78 79//79 112//112 
f 112//112 79//79 82//82 
f 114//114 112//112 82//82 
f 83//83 115//115 117//117 
f 84//84 83//83 117//117 
f 113//113 83//83 81//81 
f 115//115 83//83 113//113 
f 116//116 85//85 87//87 
f 116//116 114//114 85//85 
f 114//114 82//82 85//85 
f 116//116 87//87 118//118 
f 84//84 117//117 88//88 
f 117//117 119//119 88//88 
f 85//85 86//86 87//87 
f 87//87 86//86 89//89 
f 87//87 89//89 118//118 
f 118//118 89//89 120//120 
f 88//88 119//119 91//91 
f 119//119 121//121 91//91 
f 90//90 92//92 94//94 
f 90//90 94//94 122//122 
f 90//90 122//122 89//89 
f 89//89 122//122 120//120 
f 99//99 93//93 91//91 
f 99//99 91//91 124//124 
f 124//124 91//91 121//121 
f 93//93 99//99 95//95 
f 94//94 125//125 123//123 
f 94//94 92//92 125//125 
f 92//92 96//96 125//125 
f 122//122 94//94 123//123 
f 99//99 124//124 126//126 
f 105//105 126//126 128//128 
f 97//97 126//126 105//105 
f 97//97 99//99 126//126 
f 97//97 95//95 99//99 
f 97//97 105//105 100//100 
f 98//98 129//129 127//127 
f 101//101 129//129 98//98 
f 125//125 96//96 98//98 
f 127//127 125//125 98//98 
f 105//105 128//128 130//130 
f 100//100 105//105 130//130 
f 100//100 130//130 102//102 
f 102//102 130//130 131//131 
f 103//103 102//102 132//132 
f 102//102 131//131 132//132 
f 104//104 103//103 133//133 
f 103//103 132//132 133//133 
f 129//129 101//101 104//104 
f 133//133 129//129 104//104 
f 106//106 134//134 137//137 
f 109//109 106//106 137//137 
f 107//107 135//135 106//106 
f 106//106 135//135 134//134 
f 108//108 136//136 107//107 
f 107//107 136//136 135//135 
f 136//136 108//108 110//110 
f 138//138 136//136 110//110 
f 111//111 139//139 141//141 
f 113//113 111//111 141//141 
f 137//137 111//111 109//109 
f 139//139 111//111 137//137 
f 110//110 140//140 138//138 
f 112//112 140//140 110//110 
f 140//140 112//112 114//114 
f 142//142 140//140 114//114 
f 115//115 143//143 145//145 
f 117//117 115//115 145//145 
f 141//141 115//115 113//113 
f 143//143 115//115 141//141 
f 114//114 144//144 142//142 
f 116//116 144//144 114//114 
f 144//144 116//116 118//118 
f 146//146 144//144 118//118 
f 117//117 145//145 119//119 
f 145//145 148//148 119//119 
f 118//118 120//120 146//146 
f 146//146 120//120 149//149 
f 119//119 148//148 121//121 
f 148//148 151//151 121//121 
f 120//120 122//122 149//149 
f 149//149 122//122 152//152 
f 121//121 151//151 124//124 
f 151//151 155//155 124//124 
f 123//123 156//156 153//153 
f 125//125 156//156 123//123 
f 152//152 122//122 123//123 
f 153//153 152//152 123//123 
f 124//124 155//155 157//157 
f 126//126 124//124 157//157 
f 157//157 128//128 126//126 
f 160//160 128//128 157//157 
f 127//127 161//161 158//158 
f 129//129 161//161 127//127 
f 156//156 125//125 127//127 
f 158//158 156//156 127//127 
f 128//128 160//160 162//162 
f 130//130 128//128 162//162 
f 131//131 130//130 163//163 
f 130//130 162//162 163//163 
f 132//132 131//131 164//164 
f 131//131 163//163 164//164 
f 133//133 132//132 165//165 
f 132//132 164//164 165//165 
f 161//161 129//129 133//133 
f 165//165 161//161 133//133 
f 134//134 167//167 170//170 
f 137//137 134//134 170//170 
f 135//135 168//168 134//134 
f 134//134 168//168 167//167 
f 136//136 169//169 135//135 
f 135//135 169//169 168//168 
f 169//169 136//136 138//138 
f 171//171 169//169 138//138 
f 139//139 172//172 177//177 
f 141//141 139//139 177//177 
f 170//170 139//139 137//137 
f 172//172 139//139 170//170 
f 138//138 173//173 171//171 
f 140//140 173//173 138//138 
f 173//173 140//140 142//142 
f 178//178 173//173 142//142 
f 143//143 179//179 182//182 
f 145//145 143//143 182//182 
f 177//177 143//143 141//141 
f 179//179 143//143 177//177 
f 147//147 142//142 144//144 
f 147//147 183//183 142//142 
f 183//183 178//178 142//142 
f 144//144 146//146 147//147 
f 145//145 182//182 148//148 
f 182//182 185//185 148//148 
f 150//150 183//183 147//147 
f 186//186 183//183 150//150 
f 146//146 149//149 150//150 
f 147//147 146//146 150//150 
f 148//148 185//185 151//151 
f 185//185 188//188 151//151 
f 154//154 186//186 150//150 
f 189//189 186//186 154//154 
f 149//149 152//152 154//154 
f 150//150 149//149 154//154 
f 190//190 159//159 155//155 
f 190//190 155//155 188//188 
f 188//188 155//155 151//151 
f 190//190 192//192 159//159 
f 153//153 189//189 154//154 
f 153//153 156//156 189//189 
f 156//156 193//193 189//189 
f 152//152 153//153 154//154 
f 155//155 159//159 157//157 
f 160//160 194//194 166//166 
f 157//157 194//194 160//160 
f 157//157 192//192 194//194 
f 157//157 159//159 192//192 
f 194//194 198//198 166//166 
f 158//158 199//199 195//195 
f 161//161 199//199 158//158 
f 193//193 156//156 158//158 
f 195//195 193//193 158//158 
f 160//160 166//166 162//162 
f 166//166 198//198 200//200 
f 166//166 200//200 162//162 
f 162//162 200//200 163//163 
f 164//164 163//163 201//201 
f 163//163 200//200 201//201 
f 165//165 164//164 202//202 
f 164//164 201//201 202//202 
f 199//199 161//161 165//165 
f 202//202 199//199 165//165 
f 167//167 174//174 170//170 
f 167//167 168//168 175//175 
f 174//174 167//167 175//175 
f 168//168 169//169 176//176 
f 175//175 168//168 176//176 
f 169//169 171//171 176//176 
f 172//172 180//180 177//177 
f 172//172 209//209 180//180 
f 170//170 209//209 172//172 
f 170//170 206//206 209//209 
f 170//170 174//174 206//206 
f 175//175 206//206 174//174 
f 207//207 206//206 175//175 
f 176//176 207//207 175//175 
f 208//208 207//207 176//176 
f 181//181 210//210 208//208 
f 173//173 181//181 208//208 
f 173//173 208//208 176//176 
f 173//173 176//176 171//171 
f 173//173 178//178 181//181 
f 179//179 184//184 182//182 
f 179//179 216//216 184//184 
f 177//177 216//216 179//179 
f 177//177 211//211 216//216 
f 177//177 180//180 211//211 
f 209//209 211//211 180//180 
f 181//181 212//212 210//210 
f 212//212 181//181 178//178 
f 212//212 178//178 217//217 
f 217//217 178//178 183//183 
f 184//184 187//187 185//185 
f 182//182 184//184 185//185 
f 221//221 184//184 216//216 
f 187//187 184//184 221//221 
f 183//183 186//186 217//217 
f 217//217 186//186 222//222 
f 187//187 191//191 188//188 
f 185//185 187//187 188//188 
f 225//225 187//187 221//221 
f 191//191 187//187 225//225 
f 186//186 189//189 222//222 
f 222//222 189//189 226//226 
f 188//188 191//191 190//190 
f 192//192 227//227 196//196 
f 190//190 227//227 192//192 
f 190//190 225//225 227//227 
f 190//190 191//191 225//225 
f 227//227 231//231 196//196 
f 197//197 232//232 228//228 
f 197//197 228//228 226//226 
f 197//197 226//226 193//193 
f 193//193 226//226 189//189 
f 192//192 196//196 194//194 
f 198//198 233//233 203//203 
f 194//194 233//233 198//198 
f 194//194 231//231 233//233 
f 194//194 196//196 231//231 
f 203//203 234//234 204//204 
f 233//233 234//234 203//203 
f 204//204 235//235 205//205 
f 234//234 235//235 204//204 
f 232//232 205//205 235//235 
f 197//197 205//205 232//232 
f 197//197 199//199 205//205 
f 197//197 195//195 199//199 
f 193//193 195//195 197//197 
f 198//198 203//203 200//200 
f 201//201 200//200 203//203 
f 204//204 201//201 203//203 
f 202//202 201//201 204//204 
f 205//205 202//202 204//204 
f 199//199 202//202 205//205 
f 206//206 213//213 209//209 
f 206//206 207//207 214//214 
f 213//213 206//206 214//214 
f 207//207 208//208 215//215 
f 214//214 207//207 215//215 
f 208//208 210//210 215//215 
f 211//211 218//218 216//216 
f 211//211 241//241 218//218 
f 209//209 241//241 211//211 
f 209//209 239//239 241//241 
f 209//209 213//213 239//239 
f 214//214 239//239 213//213 
f 240//240 239//239 214//214 
f 240//240 219//219 242//242 
f 240//240 214//214 219//219 
f 214//214 215//215 219//219 
f 210//210 212//212 220//220 
f 210//210 220//220 215//215 
f 215//215 220//220 219//219 
f 212//212 217//217 220//220 
f 218//218 223//223 221//221 
f 216//216 218//218 221//221 
f 246//246 218//218 241//241 
f 223//223 218//218 246//246 
f 219//219 243//243 242//242 
f 243//243 224//224 247//247 
f 243//243 219//219 224//224 
f 219//219 220//220 224//224 
f 217//217 222//222 224//224 
f 220//220 217//217 224//224 
f 223//223 229//229 225//225 
f 221//221 223//223 225//225 
f 251//251 223//223 246//246 
f 229//229 223//223 251//251 
f 230//230 247//247 224//224 
f 252//252 247//247 230//230 
f 222//222 226//226 230//230 
f 224//224 222//222 230//230 
f 225//225 229//229 227//227 
f 231//231 253//253 236//236 
f 227//227 253//253 231//231 
f 227//227 251//251 253//253 
f 227//227 229//229 251//251 
f 236//236 254//254 237//237 
f 253//253 254//254 236//236 
f 237//237 255//255 238//238 
f 254//254 255//255 237//237 
f 252//252 238//238 255//255 
f 230//230 238//238 252//252 
f 230//230 232//232 238//238 
f 230//230 228//228 232//232 
f 226//226 228//228 230//230 
f 231//231 236//236 233//233 
f 234//234 233//233 236//236 
f 237//237 234//234 236//236 
f 235//235 234//234 237//237 
f 238//238 235//235 237//237 
f 232//232 235//235 238//238 
f 239//239 244//244 241//241 
f 239//239 240//240 245//245 
f 244//244 239//239 245//245 
f 240//240 242//242 245//245 
f 244//244 248//248 246//246 
f 241//241 244//244 246//246 
f 245//245 249//249 244//244 
f 249//249 248//248 244//244 
f 242//242 243//243 250//250 
f 242//242 250//250 245//245 
f 245//245 250//250 249//249 
f 243//243 247//247 250//250 
f 248//248 256//256 251//251 
f 246//246 248//248 251//251 
f 249//249 257//257 248//248 
f 257//257 256//256 248//248 
f 250//250 258//258 249//249 
f 258//258 257//257 249//249 
f 247//247 252//252 258//258 
f 250//250 247//247 258//258 
f 251//251 256//256 253//253 
f 254//254 253//253 256//256 
f 257//257 254//254 256//256 
f 255//255 254//254 257//257 
f 258//258 255//255 257//257 
f 252//252 255//255 258//258 
f 259//259 273//273 275//275 
f 273//273 259//259 276//276 
f 260//260 277//277 283//283 
f 275//275 277//277 260//260 
f 275//275 260//260 259//259 
f 259//259 260//260 261//261 
f 278//278 276//276 259//259 
f 278//278 259//259 262//262 
f 262//262 259//259 261//261 
f 278//278 262//262 284//284 
f 263//263 260//260 283//283 
f 287//287 263//263 283//283 
f 261//261 260//260 264//264 
f 264//264 260//260 263//263 
f 262//262 261//261 265//265 
f 265//265 261//261 264//264 
f 288//288 284//284 262//262 
f 265//265 288//288 262//262 
f 266//266 263//263 287//287 
f 291//291 266//266 287//287 
f 264//264 263//263 267//267 
f 267//267 263//263 266//266 
f 265//265 264//264 268//268 
f 268//268 264//264 267//267 
f 292//292 288//288 265//265 
f 268//268 292//292 265//265 
f 266//266 291//291 293//293 
f 267//267 266//266 293//293 
f 294//294 267//267 293//293 
f 268//268 267//267 294//294 
f 295//295 268//268 294//294 
f 292//292 268//268 295//295 
f 269//269 303//303 308//308 
f 269//269 270//270 304//304 
f 303//303 269//269 304//304 
f 304//304 270//270 309//309 
f 271//271 310//310 315//315 
f 308//308 310//310 271//271 
f 308//308 271//271 269//269 
f 269//269 271//271 272//272 
f 316//316 311//311 270//270 
f 316//316 270//270 272//272 
f 272//272 270//270 269//269 
f 309//309 270//270 311//311 
f 271//271 315//315 317//317 
f 272//272 271//271 317//317 
f 318//318 272//272 317//317 
f 316//316 272//272 318//318 
f 274//274 324//324 325//325 
f 324//324 274//274 326//326 
f 279//279 327//327 333//333 
f 279//279 280//280 328//328 
f 327//327 279//279 328//328 
f 325//325 328//328 280//280 
f 274//274 325//325 280//280 
f 274//274 280//280 275//275 
f 274//274 275//275 273//273 
f 276//276 281//281 329//329 
f 273//273 276//276 329//329 
f 273//273 329//329 326//326 
f 273//273 326//326 274//274 
f 281//281 282//282 330//330 
f 329//329 281//281 330//330 
f 330//330 282//282 334//334 
f 285//285 279//279 333//333 
f 335//335 285//285 333//333 
f 277//277 285//285 283//283 
f 277//277 280//280 285//285 
f 280//280 279//279 285//285 
f 275//275 280//280 277//277 
f 276//276 278//278 281//281 
f 284//284 281//281 278//278 
f 284//284 286//286 281//281 
f 286//286 282//282 281//281 
f 336//336 334//334 282//282 
f 286//286 336//336 282//282 
f 289//289 285//285 335//335 
f 339//339 289//289 335//335 
f 283//283 289//289 287//287 
f 285//285 289//289 283//283 
f 286//286 288//288 290//290 
f 284//284 288//288 286//286 
f 340//340 336//336 286//286 
f 290//290 340//340 286//286 
f 296//296 289//289 339//339 
f 343//343 296//296 339//339 
f 287//287 296//296 291//291 
f 289//289 296//296 287//287 
f 290//290 292//292 297//297 
f 288//288 292//292 290//290 
f 344//344 340//340 290//290 
f 297//297 344//344 290//290 
f 296//296 343//343 345//345 
f 298//298 345//345 349//349 
f 293//293 345//345 298//298 
f 293//293 296//296 345//345 
f 293//293 291//291 296//296 
f 293//293 299//299 294//294 
f 298//298 299//299 293//293 
f 294//294 300//300 295//295 
f 299//299 300//300 294//294 
f 295//295 300//300 350//350 
f 292//292 295//295 350//350 
f 292//292 350//350 346//346 
f 292//292 346//346 297//297 
f 344//344 297//297 346//346 
f 298//298 349//349 351//351 
f 299//299 298//298 351//351 
f 352//352 299//299 351//351 
f 300//300 299//299 352//352 
f 353//353 300//300 352//352 
f 350//350 300//300 353//353 
f 301//301 357//357 359//359 
f 301//301 302//302 358//358 
f 357//357 301//301 358//358 
f 358//358 302//302 360//360 
f 305//305 301//301 359//359 
f 364//364 305//305 359//359 
f 302//302 301//301 306//306 
f 306//306 301//301 305//305 
f 361//361 360//360 302//302 
f 361//361 302//302 307//307 
f 307//307 302//302 306//306 
f 361//361 307//307 365//365 
f 312//312 366//366 370//370 
f 364//364 366//366 312//312 
f 364//364 312//312 305//305 
f 305//305 312//312 313//313 
f 303//303 313//313 308//308 
f 303//303 306//306 313//313 
f 306//306 305//305 313//313 
f 304//304 306//306 303//303 
f 307//307 306//306 304//304 
f 309//309 314//314 367//367 
f 304//304 309//309 367//367 
f 304//304 367//367 365//365 
f 304//304 365//365 307//307 
f 367//367 314//314 371//371 
f 319//319 312//312 370//370 
f 374//374 319//319 370//370 
f 310//310 319//319 315//315 
f 310//310 313//313 319//319 
f 313//313 312//312 319//319 
f 308//308 313//313 310//310 
f 311//311 316//316 320//320 
f 311//311 320//320 375//375 
f 309//309 311//311 375//375 
f 309//309 375//375 372//372 
f 309//309 372//372 314//314 
f 371//371 314//314 372//372 
f 319//319 374//374 376//376 
f 321//321 376//376 378//378 
f 317//317 376//376 321//321 
f 317//317 319//319 376//376 
f 317//317 315//315 319//319 
f 317//317 322//322 318//318 
f 321//321 322//322 317//317 
f 318//318 320//320 316//316 
f 318//318 322//322 320//320 
f 322//322 323//323 320//320 
f 379//379 375//375 320//320 
f 323//323 379//379 320//320 
f 321//321 378//378 380//380 
f 322//322 321//321 380//380 
f 381//381 322//322 380//380 
f 323//323 322//322 381//381 
f 382//382 323//323 381//381 
f 379//379 323//323 382//382 
f 331//331 388//388 391//391 
f 331//331 325//325 324//324 
f 331//331 324//324 388//388 
f 388//388 324//324 389//389 
f 326//326 332//332 390//390 
f 326//326 390//390 324//324 
f 324//324 390//390 389//389 
f 390//390 332//332 392//392 
f 327//327 393//393 396//396 
f 333//333 327//327 396//396 
f 391//391 328//328 331//331 
f 391//391 393//393 328//328 
f 393//393 327//327 328//328 
f 325//325 331//331 328//328 
f 326//326 329//329 332//332 
f 332//332 394//394 392//392 
f 332//332 329//329 394//394 
f 329//329 330//330 394//394 
f 394//394 330//330 334//334 
f 397//397 394//394 334//334 
f 337//337 398//398 401//401 
f 337//337 396//396 398//398 
f 337//337 335//335 396//396 
f 335//335 333//333 396//396 
f 399//399 336//336 338//338 
f 399//399 397//397 336//336 
f 397//397 334//334 336//336 
f 399//399 338//338 402//402 
f 341//341 337//337 401//401 
f 403//403 341//341 401//401 
f 335//335 341//341 339//339 
f 337//337 341//341 335//335 
f 338//338 340//340 342//342 
f 336//336 340//340 338//338 
f 404//404 402//402 338//338 
f 342//342 404//404 338//338 
f 347//347 341//341 403//403 
f 405//405 347//347 403//403 
f 339//339 347//347 343//343 
f 341//341 347//347 339//339 
f 342//342 344//344 348//348 
f 340//340 344//344 342//342 
f 406//406 404//404 342//342 
f 348//348 406//406 342//342 
f 347//347 405//405 407//407 
f 354//354 407//407 409//409 
f 345//345 407//407 354//354 
f 345//345 347//347 407//407 
f 345//345 343//343 347//347 
f 345//345 354//354 349//349 
f 346//346 350//350 355//355 
f 346//346 355//355 410//410 
f 344//344 346//346 410//410 
f 344//344 410//410 408//408 
f 344//344 408//408 348//348 
f 406//406 348//348 408//408 
f 354//354 409//409 411//411 
f 349//349 354//354 411//411 
f 349//349 411//411 351//351 
f 351//351 411//411 412//412 
f 356//356 412//412 415//415 
f 356//356 352//352 412//412 
f 352//352 351//351 412//412 
f 416//416 352//352 356//356 
f 416//416 413//413 352//352 
f 413//413 353//353 352//352 
f 355//355 350//350 353//353 
f 355//355 353//353 414//414 
f 414//414 353//353 413//413 
f 410//410 355//355 414//414 
f 356//356 415//415 417//417 
f 416//416 356//356 417//417 
f 362//362 419//419 423//423 
f 362//362 359//359 357//357 
f 362//362 357//357 419//419 
f 419//419 357//357 420//420 
f 358//358 421//421 357//357 
f 357//357 421//421 420//420 
f 360//360 363//363 422//422 
f 360//360 422//422 358//358 
f 358//358 422//422 421//421 
f 422//422 363//363 424//424 
f 368//368 362//362 423//423 
f 426//426 368//368 423//423 
f 359//359 368//368 364//364 
f 362//362 368//368 359//359 
f 360//360 361//361 363//363 
f 365//365 369//369 425//425 
f 361//361 365//365 425//425 
f 361//361 425//425 424//424 
f 361//361 424//424 363//363 
f 425//425 369//369 427//427 
f 373//373 428//428 430//430 
f 426//426 428//428 373//373 
f 368//368 426//426 373//373 
f 368//368 373//373 370//370 
f 368//368 370//370 366//366 
f 364//364 368//368 366//366 
f 365//365 367//367 369//369 
f 369//369 367//367 371//371 
f 369//369 371//371 427//427 
f 427//427 371//371 431//431 
f 373//373 430//430 432//432 
f 432//432 370//370 373//373 
f 432//432 434//434 370//370 
f 434//434 374//374 370//370 
f 372//372 375//375 377//377 
f 372//372 377//377 435//435 
f 372//372 435//435 371//371 
f 371//371 435//435 431//431 
f 383//383 376//376 374//374 
f 383//383 374//374 438//438 
f 438//438 374//374 434//434 
f 376//376 383//383 378//378 
f 377//377 379//379 384//384 
f 375//375 379//379 377//377 
f 439//439 435//435 377//377 
f 384//384 439//439 377//377 
f 383//383 438//438 440//440 
f 385//385 440//440 442//442 
f 380//380 440//440 385//385 
f 380//380 383//383 440//440 
f 380//380 378//378 383//383 
f 380//380 386//386 381//381 
f 385//385 386//386 380//380 
f 381//381 387//387 382//382 
f 386//386 387//387 381//381 
f 382//382 387//387 443//443 
f 379//379 382//382 443//443 
f 379//379 443//443 441//441 
f 379//379 441//441 384//384 
f 439//439 384//384 441//441 
f 385//385 442//442 444//444 
f 386//386 385//385 444//444 
f 445//445 386//386 444//444 
f 387//387 386//386 445//445 
f 446//446 387//387 445//445 
f 443//443 387//387 446//446 
f 388//388 456//456 460//460 
f 391//391 388//388 460//460 
f 389//389 457//457 388//388 
f 388//388 457//457 456//456 
f 390//390 458//458 389//389 
f 389//389 458//458 457//457 
f 392//392 395//395 459//459 
f 392//392 459//459 390//390 
f 390//390 459//459 458//458 
f 459//459 395//395 461//461 
f 393//393 462//462 464//464 
f 396//396 393//393 464//464 
f 460//460 393//393 391//391 
f 462//462 393//393 460//460 
f 392//392 394//394 395//395 
f 397//397 400//400 463//463 
f 394//394 397//397 463//463 
f 394//394 463//463 461//461 
f 394//394 461//461 395//395 
f 463//463 400//400 465//465 
f 398//398 466//466 467//467 
f 401//401 398//398 467//467 
f 464//464 398//398 396//396 
f 466//466 398//398 464//464 
f 397//397 399//399 400//400 
f 400//400 399//399 402//402 
f 400//400 402//402 465//465 
f 465//465 402//402 468//468 
f 401//401 467//467 403//403 
f 467//467 469//469 403//403 
f 402//402 404//404 468//468 
f 468//468 404//404 470//470 
f 403//403 469//469 405//405 
f 469//469 471//471 405//405 
f 404//404 406//406 470//470 
f 470//470 406//406 472//472 
f 405//405 471//471 473//473 
f 407//407 405//405 473//473 
f 473//473 409//409 407//407 
f 475//475 409//409 473//473 
f 408//408 476//476 474//474 
f 410//410 476//476 408//408 
f 472//472 406//406 408//408 
f 474//474 472//472 408//408 
f 409//409 475//475 477//477 
f 411//411 409//409 477//477 
f 412//412 411//411 478//478 
f 411//411 477//477 478//478 
f 478//478 415//415 412//412 
f 480//480 415//415 478//478 
f 413//413 416//416 418//418 
f 481//481 413//413 418//418 
f 481//481 479//479 413//413 
f 479//479 414//414 413//413 
f 476//476 410//410 414//414 
f 479//479 476//476 414//414 
f 415//415 480//480 482//482 
f 417//417 415//415 482//482 
f 418//418 416//416 417//417 
f 418//418 417//417 483//483 
f 483//483 417//417 482//482 
f 481//481 418//418 483//483 
f 419//419 485//485 489//489 
f 423//423 419//419 489//489 
f 420//420 486//486 419//419 
f 419//419 486//486 485//485 
f 421//421 487//487 420//420 
f 420//420 487//487 486//486 
f 422//422 488//488 421//421 
f 421//421 488//488 487//487 
f 488//488 422//422 424//424 
f 490//490 488//488 424//424 
f 429//429 491//491 493//493 
f 429//429 489//489 491//491 
f 429//429 426//426 489//489 
f 426//426 423//423 489//489 
f 424//424 492//492 490//490 
f 425//425 492//492 424//424 
f 492//492 425//425 427//427 
f 494//494 492//492 427//427 
f 428//428 429//429 493//493 
f 428//428 493//493 430//430 
f 430//430 493//493 496//496 
f 426//426 429//429 428//428 
f 495//495 431//431 433//433 
f 495//495 494//494 431//431 
f 494//494 427//427 431//431 
f 495//495 433//433 497//497 
f 436//436 432//432 430//430 
f 436//436 430//430 498//498 
f 498//498 430//430 496//496 
f 432//432 436//436 434//434 
f 433//433 435//435 437//437 
f 431//431 435//435 433//433 
f 499//499 497//497 433//433 
f 437//437 499//499 433//433 
f 436//436 498//498 500//500 
f 500//500 434//434 436//436 
f 500//500 502//502 434//434 
f 502//502 438//438 434//434 
f 437//437 503//503 501//501 
f 437//437 435//435 503//503 
f 435//435 439//439 503//503 
f 499//499 437//437 501//501 
f 438//438 502//502 504//504 
f 440//440 438//438 504//504 
f 504//504 442//442 440//440 
f 506//506 442//442 504//504 
f 441//441 443//443 447//447 
f 441//441 447//447 507//507 
f 441//441 507//507 439//439 
f 439//439 507//507 503//503 
f 442//442 506//506 508//508 
f 444//444 442//442 508//508 
f 445//445 444//444 509//509 
f 444//444 508//508 509//509 
f 446//446 445//445 510//510 
f 445//445 509//509 510//510 
f 447//447 443//443 446//446 
f 447//447 446//446 511//511 
f 511//511 446//446 510//510 
f 507//507 447//447 511//511 
f 448//448 514//514 521//521 
f 448//448 449//449 515//515 
f 514//514 448//448 515//515 
f 449//449 450//450 516//516 
f 515//515 449//449 516//516 
f 516//516 450//450 522//522 
f 451//451 448//448 521//521 
f 525//525 451//451 521//521 
f 449//449 448//448 452//452 
f 452//452 448//448 451//451 
f 450//450 449//449 453//453 
f 453//453 449//449 452//452 
f 526//526 522//522 450//450 
f 453//453 526//526 450//450 
f 451//451 525//525 527//527 
f 527//527 530//530 454//454 
f 527//527 454//454 451//451 
f 451//451 454//454 452//452 
f 453//453 452//452 455//455 
f 455//455 452//452 454//454 
f 531//531 526//526 453//453 
f 455//455 531//531 453//453 
f 454//454 530//530 532//532 
f 455//455 454//454 532//532 
f 533//533 455//455 532//532 
f 531//531 455//455 533//533 
f 456//456 540//540 544//544 
f 460//460 456//456 544//544 
f 457//457 541//541 456//456 
f 456//456 541//541 540//540 
f 458//458 542//542 457//457 
f 457//457 542//542 541//541 
f 459//459 543//543 458//458 
f 458//458 543//543 542//542 
f 543//543 459//459 461//461 
f 545//545 543//543 461//461 
f 462//462 546//546 551//551 
f 464//464 462//462 551//551 
f 544//544 462//462 460//460 
f 546//546 462//462 544//544 
f 461//461 547//547 545//545 
f 463//463 547//547 461//461 
f 547//547 463//463 465//465 
f 552//552 547//547 465//465 
f 466//466 553//553 555//555 
f 467//467 466//466 555//555 
f 551//551 466//466 464//464 
f 553//553 466//466 551//551 
f 465//465 468//468 552//552 
f 552//552 468//468 556//556 
f 467//467 555//555 469//469 
f 555//555 558//558 469//469 
f 468//468 470//470 556//556 
f 556//556 470//470 559//559 
f 469//469 558//558 471//471 
f 558//558 560//560 471//471 
f 470//470 472//472 559//559 
f 559//559 472//472 561//561 
f 471//471 560//560 562//562 
f 473//473 471//471 562//562 
f 562//562 475//475 473//473 
f 565//565 475//475 562//562 
f 474//474 566//566 563//563 
f 476//476 566//566 474//474 
f 561//561 472//472 474//474 
f 563//563 561//561 474//474 
f 475//475 565//565 567//567 
f 477//477 475//475 567//567 
f 478//478 477//477 568//568 
f 477//477 567//567 568//568 
f 480//480 569//569 484//484 
f 480//480 478//478 569//569 
f 478//478 568//568 569//569 
f 569//569 572//572 484//484 
f 479//479 573//573 570//570 
f 481//481 573//573 479//479 
f 566//566 476//476 479//479 
f 570//570 566//566 479//479 
f 480//480 484//484 482//482 
f 484//484 572//572 574//574 
f 484//484 574//574 482//482 
f 482//482 574//574 483//483 
f 573//573 481//481 483//483 
f 574//574 573//573 483//483 
f 485//485 586//586 590//590 
f 489//489 485//485 590//590 
f 486//486 587//587 485//485 
f 485//485 587//587 586//586 
f 487//487 588//588 486//486 
f 486//486 588//588 587//587 
f 488//488 589//589 487//487 
f 487//487 589//589 588//588 
f 589//589 488//488 490//490 
f 591//591 589//589 490//490 
f 491//491 592//592 594//594 
f 493//493 491//491 594//594 
f 590//590 491//491 489//489 
f 592//592 491//491 590//590 
f 490//490 593//593 591//591 
f 492//492 593//593 490//490 
f 593//593 492//492 494//494 
f 595//595 593//593 494//494 
f 493//493 594//594 496//496 
f 594//594 598//598 496//496 
f 494//494 596//596 595//595 
f 495//495 596//596 494//494 
f 596//596 495//495 497//497 
f 599//599 596//596 497//497 
f 496//496 598//598 498//498 
f 598//598 601//601 498//498 
f 497//497 499//499 599//599 
f 599//599 499//499 602//602 
f 505//505 500//500 498//498 
f 505//505 498//498 605//605 
f 605//605 498//498 601//601 
f 500//500 505//505 502//502 
f 501//501 606//606 603//603 
f 503//503 606//606 501//501 
f 602//602 499//499 501//501 
f 603//603 602//602 501//501 
f 505//505 605//605 607//607 
f 512//512 607//607 608//608 
f 504//504 607//607 512//512 
f 504//504 505//505 607//607 
f 504//504 502//502 505//505 
f 504//504 512//512 506//506 
f 503//503 507//507 606//606 
f 606//606 507//507 609//609 
f 512//512 608//608 610//610 
f 506//506 512//512 610//610 
f 506//506 610//610 508//508 
f 508//508 610//610 611//611 
f 513//513 611//611 616//616 
f 513//513 509//509 611//611 
f 509//509 508//508 611//611 
f 617//617 509//509 513//513 
f 617//617 612//612 509//509 
f 612//612 510//510 509//509 
f 511//511 510//510 613//613 
f 510//510 612//612 613//613 
f 609//609 507//507 511//511 
f 613//613 609//609 511//511 
f 513//513 616//616 618//618 
f 617//617 513//513 618//618 
f 517//517 619//619 627//627 
f 517//517 518//518 620//620 
f 619//619 517//517 620//620 
f 518//518 519//519 621//621 
f 620//620 518//518 621//621 
f 519//519 520//520 622//622 
f 621//621 519//519 622//622 
f 622//622 520//520 628//628 
f 523//523 517//517 627//627 
f 632//632 523//523 627//627 
f 514//514 523//523 521//521 
f 514//514 518//518 523//523 
f 518//518 517//517 523//523 
f 515//515 518//518 514//514 
f 519//519 518//518 515//515 
f 516//516 519//519 515//515 
f 520//520 519//519 516//516 
f 522//522 524//524 629//629 
f 516//516 522//522 629//629 
f 516//516 629//629 628//628 
f 516//516 628//628 520//520 
f 629//629 524//524 633//633 
f 528//528 523//523 632//632 
f 635//635 528//528 632//632 
f 521//521 528//528 525//525 
f 523//523 528//528 521//521 
f 524//524 526//526 529//529 
f 522//522 526//526 524//524 
f 636//636 633//633 524//524 
f 529//529 636//636 524//524 
f 534//534 528//528 635//635 
f 638//638 534//534 635//635 
f 525//525 535//535 527//527 
f 525//525 528//528 535//535 
f 528//528 534//534 535//535 
f 527//527 535//535 530//530 
f 529//529 531//531 536//536 
f 526//526 531//531 529//529 
f 639//639 636//636 529//529 
f 536//536 639//639 529//529 
f 534//534 638//638 640//640 
f 640//640 643//643 537//537 
f 640//640 537//537 534//534 
f 534//534 537//537 535//535 
f 530//530 538//538 532//532 
f 530//530 535//535 538//538 
f 535//535 537//537 538//538 
f 532//532 539//539 533//533 
f 538//538 539//539 532//532 
f 533//533 539//539 644//644 
f 531//531 533//533 644//644 
f 531//531 644//644 641//641 
f 531//531 641//641 536//536 
f 639//639 536//536 641//641 
f 537//537 643//643 645//645 
f 538//538 537//537 645//645 
f 646//646 538//538 645//645 
f 539//539 538//538 646//646 
f 647//647 539//539 646//646 
f 644//644 539//539 647//647 
f 540//540 548//548 544//544 
f 651//651 548//548 540//540 
f 651//651 540//540 650//650 
f 650//650 540//540 541//541 
f 549//549 652//652 650//650 
f 549//549 650//650 542//542 
f 542//542 650//650 541//541 
f 542//542 543//543 550//550 
f 549//549 542//542 550//550 
f 543//543 545//545 550//550 
f 546//546 653//653 658//658 
f 551//551 546//546 658//658 
f 548//548 546//546 544//544 
f 548//548 654//654 546//546 
f 654//654 653//653 546//546 
f 651//651 654//654 548//548 
f 549//549 655//655 652//652 
f 550//550 655//655 549//549 
f 656//656 655//655 550//550 
f 554//554 659//659 656//656 
f 547//547 554//554 656//656 
f 547//547 656//656 550//550 
f 547//547 550//550 545//545 
f 547//547 552//552 554//554 
f 553//553 557//557 555//555 
f 553//553 663//663 557//557 
f 553//553 551//551 663//663 
f 551//551 658//658 663//663 
f 554//554 660//660 659//659 
f 660//660 554//554 552//552 
f 660//660 552//552 664//664 
f 664//664 552//552 556//556 
f 557//557 665//665 667//667 
f 557//557 667//667 555//555 
f 555//555 667//667 558//558 
f 663//663 665//665 557//557 
f 556//556 559//559 664//664 
f 664//664 559//559 668//668 
f 669//669 564//564 560//560 
f 669//669 560//560 667//667 
f 667//667 560//560 558//558 
f 669//669 672//672 564//564 
f 559//559 561//561 668//668 
f 668//668 561//561 673//673 
f 560//560 564//564 562//562 
f 565//565 674//674 571//571 
f 562//562 674//674 565//565 
f 562//562 672//672 674//674 
f 562//562 564//564 672//672 
f 674//674 678//678 571//571 
f 563//563 679//679 675//675 
f 566//566 679//679 563//563 
f 673//673 561//561 563//563 
f 675//675 673//673 563//563 
f 565//565 571//571 567//567 
f 571//571 678//678 680//680 
f 571//571 680//680 567//567 
f 567//567 680//680 568//568 
f 569//569 568//568 681//681 
f 568//568 680//680 681//681 
f 572//572 682//682 575//575 
f 572//572 569//569 682//682 
f 569//569 681//681 682//682 
f 575//575 570//570 573//573 
f 575//575 682//682 570//570 
f 682//682 683//683 570//570 
f 679//679 566//566 570//570 
f 683//683 679//679 570//570 
f 572//572 575//575 574//574 
f 573//573 574//574 575//575 
f 576//576 687//687 688//688 
f 687//687 576//576 689//689 
f 577//577 690//690 695//695 
f 577//577 578//578 691//691 
f 690//690 577//577 691//691 
f 688//688 691//691 578//578 
f 688//688 578//578 576//576 
f 576//576 578//578 579//579 
f 696//696 689//689 576//576 
f 579//579 696//696 576//576 
f 580//580 577//577 695//695 
f 699//699 580//580 695//695 
f 578//578 577//577 581//581 
f 581//581 577//577 580//580 
f 579//579 578//578 582//582 
f 582//582 578//578 581//581 
f 700//700 696//696 579//579 
f 582//582 700//700 579//579 
f 583//583 580//580 699//699 
f 703//703 583//583 699//699 
f 581//581 580//580 584//584 
f 584//584 580//580 583//583 
f 582//582 581//581 585//585 
f 585//585 581//581 584//584 
f 704//704 700//700 582//582 
f 585//585 704//704 582//582 
f 583//583 703//703 705//705 
f 584//584 583//583 705//705 
f 706//706 584//584 705//705 
f 585//585 584//584 706//706 
f 707//707 585//585 706//706 
f 704//704 585//585 707//707 
f 586//586 713//713 717//717 
f 590//590 586//586 717//717 
f 587//587 714//714 586//586 
f 586//586 714//714 713//713 
f 588//588 715//715 587//587 
f 587//587 715//715 714//714 
f 589//589 716//716 588//588 
f 588//588 716//716 715//715 
f 716//716 589//589 591//591 
f 718//718 716//716 591//591 
f 592//592 719//719 724//724 
f 594//594 592//592 724//724 
f 717//717 592//592 590//590 
f 719//719 592//592 717//717 
f 597//597 591//591 593//593 
f 597//597 725//725 591//591 
f 725//725 718//718 591//591 
f 593//593 595//595 597//597 
f 594//594 724//724 598//598 
f 724//724 728//728 598//598 
f 597//597 726//726 725//725 
f 600//600 729//729 726//726 
f 596//596 600//600 726//726 
f 596//596 726//726 597//597 
f 596//596 597//597 595//595 
f 596//596 599//599 600//600 
f 598//598 728//728 601//601 
f 728//728 732//732 601//601 
f 604//604 729//729 600//600 
f 733//733 729//729 604//604 
f 599//599 602//602 604//604 
f 600//600 599//599 604//604 
f 601//601 732//732 605//605 
f 732//732 734//734 605//605 
f 603//603 733//733 604//604 
f 603//603 606//606 733//733 
f 606//606 735//735 733//733 
f 602//602 603//603 604//604 
f 605//605 734//734 736//736 
f 607//607 605//605 736//736 
f 608//608 737//737 614//614 
f 608//608 607//607 737//737 
f 607//607 736//736 737//737 
f 737//737 740//740 614//614 
f 615//615 741//741 738//738 
f 615//615 738//738 735//735 
f 615//615 735//735 609//609 
f 609//609 735//735 606//606 
f 608//608 614//614 610//610 
f 614//614 740//740 742//742 
f 614//614 742//742 610//610 
f 610//610 742//742 611//611 
f 742//742 616//616 611//611 
f 744//744 616//616 742//742 
f 612//612 745//745 743//743 
f 617//617 745//745 612//612 
f 741//741 615//615 613//613 
f 741//741 613//613 743//743 
f 743//743 613//613 612//612 
f 609//609 613//613 615//615 
f 616//616 744//744 746//746 
f 618//618 616//616 746//746 
f 745//745 617//617 618//618 
f 746//746 745//745 618//618 
f 623//623 751//751 755//755 
f 623//623 624//624 752//752 
f 751//751 623//623 752//752 
f 624//624 625//625 753//753 
f 752//752 624//624 753//753 
f 625//625 626//626 754//754 
f 753//753 625//625 754//754 
f 754//754 626//626 756//756 
f 630//630 757//757 759//759 
f 755//755 757//757 630//630 
f 623//623 755//755 630//630 
f 623//623 630//630 627//627 
f 623//623 627//627 619//619 
f 620//620 623//623 619//619 
f 624//624 623//623 620//620 
f 621//621 624//624 620//620 
f 625//625 624//624 621//621 
f 622//622 625//625 621//621 
f 626//626 625//625 622//622 
f 628//628 631//631 758//758 
f 622//622 628//628 758//758 
f 622//622 758//758 756//756 
f 622//622 756//756 626//626 
f 758//758 631//631 760//760 
f 634//634 630//630 759//759 
f 761//761 634//634 759//759 
f 627//627 634//634 632//632 
f 630//630 634//634 627//627 
f 628//628 629//629 631//631 
f 631//631 629//629 633//633 
f 631//631 633//633 760//760 
f 760//760 633//633 762//762 
f 637//637 634//634 761//761 
f 765//765 637//637 761//761 
f 632//632 637//637 635//635 
f 634//634 637//637 632//632 
f 633//633 636//636 762//762 
f 762//762 636//636 766//766 
f 642//642 637//637 765//765 
f 769//769 642//642 765//765 
f 635//635 642//642 638//638 
f 637//637 642//642 635//635 
f 636//636 639//639 766//766 
f 766//766 639//639 770//770 
f 642//642 769//769 771//771 
f 648//648 771//771 772//772 
f 640//640 771//771 648//648 
f 640//640 642//642 771//771 
f 640//640 638//638 642//642 
f 640//640 648//648 643//643 
f 641//641 644//644 649//649 
f 641//641 649//649 773//773 
f 641//641 773//773 639//639 
f 639//639 773//773 770//770 
f 648//648 772//772 774//774 
f 643//643 648//648 774//774 
f 643//643 774//774 645//645 
f 645//645 774//774 775//775 
f 646//646 645//645 776//776 
f 645//645 775//775 776//776 
f 647//647 646//646 777//777 
f 646//646 776//776 777//777 
f 649//649 644//644 647//647 
f 649//649 647//647 778//778 
f 778//778 647//647 777//777 
f 773//773 649//649 778//778 
f 650//650 657//657 651//651 
f 650//650 652//652 657//657 
f 653//653 661//661 658//658 
f 782//782 661//661 653//653 
f 782//782 653//653 779//779 
f 779//779 653//653 654//654 
f 657//657 654//654 651//651 
f 657//657 780//780 654//654 
f 780//780 779//779 654//654 
f 652//652 780//780 657//657 
f 652//652 655//655 780//780 
f 655//655 781//781 780//780 
f 662//662 783//783 781//781 
f 662//662 781//781 656//656 
f 656//656 781//781 655//655 
f 656//656 659//659 662//662 
f 661//661 784//784 789//789 
f 661//661 789//789 658//658 
f 658//658 789//789 663//663 
f 782//782 784//784 661//661 
f 662//662 785//785 783//783 
f 666//666 790//790 785//785 
f 660//660 666//666 785//785 
f 660//660 785//785 662//662 
f 660//660 662//662 659//659 
f 660//660 664//664 666//666 
f 665//665 670//670 667//667 
f 665//665 794//794 670//670 
f 665//665 663//663 794//794 
f 663//663 789//789 794//794 
f 671//671 790//790 666//666 
f 795//795 790//790 671//671 
f 664//664 668//668 671//671 
f 666//666 664//664 671//671 
f 667//667 670//670 669//669 
f 672//672 796//796 676//676 
f 669//669 796//796 672//672 
f 669//669 794//794 796//796 
f 669//669 670//670 794//794 
f 796//796 800//800 676//676 
f 677//677 795//795 671//671 
f 801//801 795//795 677//677 
f 668//668 673//673 677//677 
f 671//671 668//668 677//677 
f 672//672 676//676 674//674 
f 678//678 802//802 684//684 
f 674//674 802//802 678//678 
f 674//674 800//800 802//802 
f 674//674 676//676 800//800 
f 802//802 809//809 684//684 
f 685//685 810//810 803//803 
f 685//685 804//804 686//686 
f 803//803 804//804 685//685 
f 801//801 686//686 804//804 
f 677//677 686//686 801//801 
f 677//677 679//679 686//686 
f 677//677 675//675 679//679 
f 673//673 675//675 677//677 
f 678//678 684//684 680//680 
f 684//684 809//809 811//811 
f 684//684 811//811 680//680 
f 680//680 811//811 681//681 
f 810//810 685//685 682//682 
f 810//810 682//682 811//811 
f 811//811 682//682 681//681 
f 683//683 682//682 685//685 
f 686//686 683//683 685//685 
f 679//679 683//683 686//686 
f 692//692 813//813 821//821 
f 692//692 693//693 814//814 
f 813//813 692//692 814//814 
f 693//693 694//694 815//815 
f 814//814 693//693 815//815 
f 694//694 688//688 687//687 
f 694//694 687//687 815//815 
f 815//815 687//687 816//816 
f 816//816 687//687 689//689 
f 822//822 816//816 689//689 
f 697//697 692//692 821//821 
f 826//826 697//697 821//821 
f 690//690 697//697 695//695 
f 690//690 693//693 697//697 
f 693//693 692//692 697//697 
f 691//691 693//693 690//690 
f 694//694 693//693 691//691 
f 688//688 694//694 691//691 
f 823//823 696//696 698//698 
f 823//823 822//822 696//696 
f 822//822 689//689 696//696 
f 823//823 698//698 827//827 
f 701//701 697//697 826//826 
f 829//829 701//701 826//826 
f 695//695 701//701 699//699 
f 697//697 701//701 695//695 
f 698//698 700//700 702//702 
f 696//696 700//700 698//698 
f 830//830 827//827 698//698 
f 702//702 830//830 698//698 
f 708//708 701//701 829//829 
f 832//832 708//708 829//829 
f 699//699 708//708 703//703 
f 701//701 708//708 699//699 
f 702//702 704//704 709//709 
f 700//700 704//704 702//702 
f 833//833 830//830 702//702 
f 709//709 833//833 702//702 
f 708//708 832//832 834//834 
f 710//710 834//834 837//837 
f 705//705 834//834 710//710 
f 705//705 708//708 834//834 
f 705//705 703//703 708//708 
f 705//705 711//711 706//706 
f 710//710 711//711 705//705 
f 706//706 712//712 707//707 
f 711//711 712//712 706//706 
f 707//707 712//712 838//838 
f 704//704 707//707 838//838 
f 704//704 838//838 835//835 
f 704//704 835//835 709//709 
f 833//833 709//709 835//835 
f 710//710 837//837 839//839 
f 711//711 710//710 839//839 
f 840//840 711//711 839//839 
f 712//712 711//711 840//840 
f 841//841 712//712 840//840 
f 838//838 712//712 841//841 
f 713//713 720//720 717//717 
f 713//713 714//714 721//721 
f 720//720 713//713 721//721 
f 714//714 715//715 722//722 
f 721//721 714//714 722//722 
f 715//715 716//716 723//723 
f 722//722 715//715 723//723 
f 716//716 718//718 723//723 
f 719//719 727//727 724//724 
f 719//719 847//847 727//727 
f 717//717 847//847 719//719 
f 717//717 843//843 847//847 
f 717//717 720//720 843//843 
f 721//721 843//843 720//720 
f 844//844 843//843 721//721 
f 722//722 844//844 721//721 
f 845//845 844//844 722//722 
f 723//723 845//845 722//722 
f 846//846 845//845 723//723 
f 846//846 723//723 718//718 
f 846//846 718//718 848//848 
f 848//848 718//718 725//725 
f 727//727 730//730 728//728 
f 724//724 727//727 728//728 
f 852//852 727//727 847//847 
f 730//730 727//727 852//852 
f 731//731 725//725 726//726 
f 731//731 853//853 725//725 
f 853//853 848//848 725//725 
f 726//726 729//729 731//731 
f 730//730 854//854 857//857 
f 730//730 857//857 728//728 
f 728//728 857//857 732//732 
f 852//852 854//854 730//730 
f 731//731 855//855 853//853 
f 855//855 731//731 729//729 
f 855//855 729//729 858//858 
f 858//858 729//729 733//733 
f 859//859 739//739 734//734 
f 859//859 734//734 857//857 
f 857//857 734//734 732//732 
f 859//859 862//862 739//739 
f 733//733 735//735 858//858 
f 858//858 735//735 863//863 
f 734//734 739//739 736//736 
f 739//739 862//862 864//864 
f 739//739 864//864 736//736 
f 736//736 864//864 737//737 
f 864//864 740//740 737//737 
f 868//868 740//740 864//864 
f 738//738 869//869 865//865 
f 741//741 869//869 738//738 
f 863//863 735//735 738//738 
f 865//865 863//863 738//738 
f 740//740 868//868 870//870 
f 742//742 740//740 870//870 
f 744//744 871//871 747//747 
f 744//744 742//742 871//871 
f 742//742 870//870 871//871 
f 747//747 743//743 745//745 
f 747//747 871//871 743//743 
f 871//871 872//872 743//743 
f 869//869 741//741 743//743 
f 872//872 869//869 743//743 
f 744//744 747//747 746//746 
f 745//745 746//746 747//747 
f 748//748 876//876 880//880 
f 748//748 749//749 877//877 
f 876//876 748//748 877//877 
f 877//877 749//749 881//881 
f 748//748 880//880 882//882 
f 882//882 885//885 750//750 
f 882//882 750//750 748//748 
f 748//748 750//750 749//749 
f 886//886 881//881 749//749 
f 750//750 886//886 749//749 
f 750//750 885//885 887//887 
f 886//886 750//750 887//887 
f 751//751 899//899 903//903 
f 755//755 751//751 903//903 
f 752//752 900//900 751//751 
f 751//751 900//900 899//899 
f 753//753 901//901 752//752 
f 752//752 901//901 900//900 
f 754//754 902//902 753//753 
f 753//753 902//902 901//901 
f 902//902 754//754 756//756 
f 904//904 902//902 756//756 
f 757//757 905//905 907//907 
f 759//759 757//757 907//907 
f 903//903 757//757 755//755 
f 905//905 757//757 903//903 
f 756//756 906//906 904//904 
f 758//758 906//906 756//756 
f 906//906 758//758 760//760 
f 908//908 906//906 760//760 
f 763//763 909//909 911//911 
f 763//763 907//907 909//909 
f 763//763 761//761 907//907 
f 761//761 759//759 907//907 
f 910//910 762//762 764//764 
f 910//910 908//908 762//762 
f 908//908 760//760 762//762 
f 910//910 764//764 912//912 
f 767//767 763//763 911//911 
f 913//913 767//767 911//911 
f 761//761 767//767 765//765 
f 763//763 767//767 761//761 
f 764//764 766//766 768//768 
f 762//762 766//766 764//764 
f 914//914 912//912 764//764 
f 768//768 914//914 764//764 
f 767//767 913//913 915//915 
f 915//915 765//765 767//767 
f 915//915 917//917 765//765 
f 917//917 769//769 765//765 
f 768//768 918//918 916//916 
f 768//768 766//766 918//918 
f 766//766 770//770 918//918 
f 914//914 768//768 916//916 
f 769//769 917//917 919//919 
f 771//771 769//769 919//919 
f 919//919 772//772 771//771 
f 920//920 772//772 919//919 
f 770//770 773//773 918//918 
f 918//918 773//773 921//921 
f 772//772 920//920 922//922 
f 774//774 772//772 922//922 
f 775//775 774//774 923//923 
f 774//774 922//922 923//923 
f 776//776 775//775 924//924 
f 775//775 923//923 924//924 
f 777//777 776//776 925//925 
f 776//776 924//924 925//925 
f 778//778 777//777 926//926 
f 777//777 925//925 926//926 
f 921//921 773//773 778//778 
f 926//926 921//921 778//778 
f 779//779 786//786 782//782 
f 779//779 780//780 787//787 
f 786//786 779//779 787//787 
f 780//780 781//781 788//788 
f 787//787 780//780 788//788 
f 781//781 783//783 788//788 
f 784//784 791//791 789//789 
f 784//784 782//782 786//786 
f 784//784 786//786 791//791 
f 791//791 786//786 792//792 
f 930//930 787//787 928//928 
f 930//930 792//792 787//787 
f 792//792 786//786 787//787 
f 788//788 928//928 787//787 
f 929//929 928//928 788//788 
f 793//793 931//931 929//929 
f 785//785 793//793 929//929 
f 785//785 929//929 788//788 
f 785//785 788//788 783//783 
f 785//785 790//790 793//793 
f 791//791 797//797 794//794 
f 789//789 791//791 794//794 
f 792//792 798//798 791//791 
f 798//798 797//797 791//791 
f 934//934 792//792 930//930 
f 798//798 792//792 934//934 
f 799//799 931//931 793//793 
f 935//935 931//931 799//799 
f 790//790 795//795 799//799 
f 793//793 790//790 799//799 
f 794//794 797//797 796//796 
f 800//800 796//796 797//797 
f 800//800 797//797 805//805 
f 805//805 797//797 798//798 
f 936//936 798//798 934//934 
f 936//936 806//806 798//798 
f 806//806 805//805 798//798 
f 806//806 937//937 807//807 
f 936//936 937//937 806//806 
f 935//935 807//807 937//937 
f 935//935 799//799 807//807 
f 799//799 808//808 807//807 
f 795//795 801//801 808//808 
f 799//799 795//795 808//808 
f 800//800 805//805 802//802 
f 809//809 802//802 805//805 
f 809//809 805//805 812//812 
f 812//812 805//805 806//806 
f 803//803 810//810 812//812 
f 803//803 812//812 807//807 
f 807//807 812//812 806//806 
f 804//804 803//803 807//807 
f 808//808 804//804 807//807 
f 801//801 804//804 808//808 
f 809//809 812//812 811//811 
f 810//810 811//811 812//812 
f 817//817 940//940 944//944 
f 817//817 818//818 941//941 
f 940//940 817//817 941//941 
f 818//818 819//819 942//942 
f 941//941 818//818 942//942 
f 819//819 820//820 943//943 
f 942//942 819//819 943//943 
f 943//943 820//820 945//945 
f 824//824 946//946 948//948 
f 944//944 946//946 824//824 
f 817//817 944//944 824//824 
f 817//817 824//824 821//821 
f 817//817 821//821 813//813 
f 814//814 817//817 813//813 
f 818//818 817//817 814//814 
f 815//815 818//818 814//814 
f 819//819 818//818 815//815 
f 816//816 819//819 815//815 
f 820//820 819//819 816//816 
f 822//822 825//825 947//947 
f 816//816 822//822 947//947 
f 816//816 947//947 945//945 
f 816//816 945//945 820//820 
f 947//947 825//825 949//949 
f 828//828 824//824 948//948 
f 950//950 828//828 948//948 
f 821//821 828//828 826//826 
f 824//824 828//828 821//821 
f 822//822 823//823 825//825 
f 825//825 823//823 827//827 
f 825//825 827//827 949//949 
f 949//949 827//827 951//951 
f 831//831 828//828 950//950 
f 952//952 831//831 950//950 
f 826//826 831//831 829//829 
f 828//828 831//831 826//826 
f 827//827 830//830 951//951 
f 951//951 830//830 953//953 
f 836//836 831//831 952//952 
f 954//954 836//836 952//952 
f 829//829 836//836 832//832 
f 831//831 836//836 829//829 
f 830//830 833//833 953//953 
f 953//953 833//833 955//955 
f 836//836 954//954 956//956 
f 842//842 956//956 958//958 
f 834//834 956//956 842//842 
f 834//834 836//836 956//956 
f 834//834 832//832 836//836 
f 834//834 842//842 837//837 
f 835//835 959//959 957//957 
f 838//838 959//959 835//835 
f 955//955 833//833 835//835 
f 957//957 955//955 835//835 
f 842//842 958//958 960//960 
f 837//837 842//842 960//960 
f 837//837 960//960 839//839 
f 839//839 960//960 961//961 
f 840//840 839//839 962//962 
f 839//839 961//961 962//962 
f 841//841 840//840 963//963 
f 840//840 962//962 963//963 
f 959//959 838//838 841//841 
f 963//963 959//959 841//841 
f 843//843 849//849 847//847 
f 843//843 844//844 850//850 
f 849//849 843//843 850//850 
f 965//965 850//850 844//844 
f 965//965 844//844 964//964 
f 964//964 844//844 845//845 
f 851//851 966//966 964//964 
f 851//851 964//964 846//846 
f 846//846 964//964 845//845 
f 846//846 848//848 851//851 
f 849//849 856//856 852//852 
f 847//847 849//849 852//852 
f 970//970 850//850 967//967 
f 970//970 856//856 850//850 
f 856//856 849//849 850//850 
f 965//965 967//967 850//850 
f 851//851 968//968 966//966 
f 968//968 851//851 848//848 
f 968//968 848//848 971//971 
f 971//971 848//848 853//853 
f 854//854 860//860 857//857 
f 854//854 976//976 860//860 
f 852//852 976//976 854//854 
f 852//852 972//972 976//976 
f 852//852 856//856 972//972 
f 970//970 972//972 856//856 
f 861//861 853//853 855//855 
f 861//861 977//977 853//853 
f 977//977 971//971 853//853 
f 855//855 858//858 861//861 
f 857//857 860//860 859//859 
f 862//862 978//978 866//866 
f 859//859 978//978 862//862 
f 859//859 976//976 978//978 
f 859//859 860//860 976//976 
f 978//978 983//983 866//866 
f 867//867 977//977 861//861 
f 984//984 977//977 867//867 
f 858//858 863//863 867//867 
f 861//861 858//858 867//867 
f 862//862 866//866 864//864 
f 868//868 985//985 873//873 
f 864//864 985//985 868//868 
f 864//864 983//983 985//985 
f 864//864 866//866 983//983 
f 873//873 986//986 874//874 
f 985//985 986//986 873//873 
f 874//874 987//987 875//875 
f 986//986 987//987 874//874 
f 984//984 875//875 987//987 
f 867//867 875//875 984//984 
f 867//867 869//869 875//875 
f 867//867 865//865 869//869 
f 863//863 865//865 867//867 
f 868//868 873//873 870//870 
f 871//871 870//870 873//873 
f 874//874 871//871 873//873 
f 872//872 871//871 874//874 
f 875//875 872//872 874//874 
f 869//869 872//872 875//875 
f 878//878 991//991 993//993 
f 878//878 879//879 992//992 
f 991//991 878//878 992//992 
f 992//992 879//879 994//994 
f 883//883 995//995 999//999 
f 993//993 995//995 883//883 
f 878//878 993//993 883//883 
f 878//878 883//883 880//880 
f 878//878 880//880 876//876 
f 877//877 878//878 876//876 
f 879//879 878//878 877//877 
f 881//881 884//884 996//996 
f 877//877 881//881 996//996 
f 877//877 996//996 994//994 
f 877//877 994//994 879//879 
f 996//996 884//884 1000//1000 
f 888//888 883//883 999//999 
f 1003//1003 888//888 999//999 
f 880//880 889//889 882//882 
f 880//880 883//883 889//889 
f 883//883 888//888 889//889 
f 882//882 889//889 885//885 
f 884//884 886//886 890//890 
f 881//881 886//886 884//884 
f 1004//1004 1000//1000 884//884 
f 890//890 1004//1004 884//884 
f 891//891 888//888 1003//1003 
f 1007//1007 891//891 1003//1003 
f 889//889 888//888 892//892 
f 892//892 888//888 891//891 
f 885//885 893//893 887//887 
f 885//885 889//889 893//893 
f 889//889 892//892 893//893 
f 887//887 890//890 886//886 
f 887//887 893//893 890//890 
f 893//893 894//894 890//890 
f 1008//1008 1004//1004 890//890 
f 894//894 1008//1008 890//890 
f 895//895 891//891 1007//1007 
f 1011//1011 895//895 1007//1007 
f 892//892 891//891 896//896 
f 896//896 891//891 895//895 
f 893//893 892//892 897//897 
f 897//897 892//892 896//896 
f 894//894 893//893 898//898 
f 898//898 893//893 897//897 
f 1012//1012 1008//1008 894//894 
f 898//898 1012//1012 894//894 
f 895//895 1011//1011 1013//1013 
f 896//896 895//895 1013//1013 
f 1014//1014 896//896 1013//1013 
f 897//897 896//896 1014//1014 
f 1015//1015 897//897 1014//1014 
f 898//898 897//897 1015//1015 
f 1016//1016 898//898 1015//1015 
f 1012//1012 898//898 1016//1016 
f 899//899 1019//1019 1023//1023 
f 903//903 899//899 1023//1023 
f 900//900 1020//1020 899//899 
f 899//899 1020//1020 1019//1019 
f 901//901 1021//1021 900//900 
f 900//900 1021//1021 1020//1020 
f 902//902 1022//1022 901//901 
f 901//901 1022//1022 1021//1021 
f 1022//1022 902//902 904//904 
f 1024//1024 1022//1022 904//904 
f 905//905 1025//1025 1027//1027 
f 907//907 905//905 1027//1027 
f 1023//1023 905//905 903//903 
f 1025//1025 905//905 1023//1023 
f 904//904 1026//1026 1024//1024 
f 906//906 1026//1026 904//904 
f 1026//1026 906//906 908//908 
f 1028//1028 1026//1026 908//908 
f 909//909 1029//1029 1031//1031 
f 911//911 909//909 1031//1031 
f 1027//1027 909//909 907//907 
f 1029//1029 909//909 1027//1027 
f 908//908 1030//1030 1028//1028 
f 910//910 1030//1030 908//908 
f 1030//1030 910//910 912//912 
f 1032//1032 1030//1030 912//912 
f 911//911 1031//1031 913//913 
f 1031//1031 1035//1035 913//913 
f 912//912 914//914 1032//1032 
f 1032//1032 914//914 1036//1036 
f 913//913 1035//1035 1037//1037 
f 915//915 913//913 1037//1037 
f 1037//1037 917//917 915//915 
f 1041//1041 917//917 1037//1037 
f 916//916 1042//1042 1038//1038 
f 918//918 1042//1042 916//916 
f 1036//1036 914//914 916//916 
f 1038//1038 1036//1036 916//916 
f 917//917 1041//1041 1043//1043 
f 919//919 917//917 1043//1043 
f 1043//1043 920//920 919//919 
f 1045//1045 920//920 1043//1043 
f 927//927 1046//1046 1044//1044 
f 927//927 1044//1044 1042//1042 
f 927//927 1042//1042 921//921 
f 921//921 1042//1042 918//918 
f 920//920 1045//1045 1047//1047 
f 922//922 920//920 1047//1047 
f 923//923 922//922 1048//1048 
f 922//922 1047//1047 1048//1048 
f 924//924 923//923 1049//1049 
f 923//923 1048//1048 1049//1049 
f 925//925 924//924 1050//1050 
f 924//924 1049//1049 1050//1050 
f 1046//1046 927//927 926//926 
f 1046//1046 926//926 1050//1050 
f 1050//1050 926//926 925//925 
f 921//921 926//926 927//927 
f 928//928 932//932 930//930 
f 928//928 929//929 933//933 
f 932//932 928//928 933//933 
f 929//929 931//931 933//933 
f 932//932 938//938 934//934 
f 930//930 932//932 934//934 
f 933//933 939//939 932//932 
f 939//939 938//938 932//932 
f 931//931 935//935 939//939 
f 933//933 931//931 939//939 
f 934//934 938//938 936//936 
f 937//937 936//936 938//938 
f 939//939 937//937 938//938 
f 935//935 937//937 939//939 
f 940//940 1051//1051 1055//1055 
f 944//944 940//940 1055//1055 
f 941//941 1052//1052 940//940 
f 940//940 1052//1052 1051//1051 
f 942//942 1053//1053 941//941 
f 941//941 1053//1053 1052//1052 
f 943//943 1054//1054 942//942 
f 942//942 1054//1054 1053//1053 
f 1054//1054 943//943 945//945 
f 1056//1056 1054//1054 945//945 
f 946//946 1057//1057 1059//1059 
f 948//948 946//946 1059//1059 
f 1055//1055 946//946 944//944 
f 1057//1057 946//946 1055//1055 
f 945//945 1058//1058 1056//1056 
f 947//947 1058//1058 945//945 
f 1058//1058 947//947 949//949 
f 1060//1060 1058//1058 949//949 
f 948//948 1059//1059 950//950 
f 1059//1059 1061//1061 950//950 
f 949//949 951//951 1060//1060 
f 1060//1060 951//951 1062//1062 
f 950//950 1061//1061 952//952 
f 1061//1061 1063//1063 952//952 
f 951//951 953//953 1062//1062 
f 1062//1062 953//953 1064//1064 
f 952//952 1063//1063 954//954 
f 1063//1063 1065//1065 954//954 
f 953//953 955//955 1064//1064 
f 1064//1064 955//955 1066//1066 
f 954//954 1065//1065 1067//1067 
f 956//956 954//954 1067//1067 
f 1067//1067 958//958 956//956 
f 1069//1069 958//958 1067//1067 
f 957//957 1070//1070 1068//1068 
f 959//959 1070//1070 957//957 
f 1066//1066 955//955 957//957 
f 1068//1068 1066//1066 957//957 
f 958//958 1069//1069 1071//1071 
f 960//960 958//958 1071//1071 
f 961//961 960//960 1072//1072 
f 960//960 1071//1071 1072//1072 
f 962//962 961//961 1073//1073 
f 961//961 1072//1072 1073//1073 
f 963//963 962//962 1074//1074 
f 962//962 1073//1073 1074//1074 
f 1070//1070 959//959 963//963 
f 1074//1074 1070//1070 963//963 
f 964//964 969//969 965//965 
f 964//964 966//966 969//969 
f 967//967 973//973 970//970 
f 967//967 965//965 969//969 
f 967//967 969//969 973//973 
f 973//973 969//969 974//974 
f 966//966 968//968 975//975 
f 966//966 975//975 969//969 
f 969//969 975//975 974//974 
f 968//968 971//971 975//975 
f 972//972 979//979 976//976 
f 972//972 970//970 973//973 
f 972//972 973//973 979//979 
f 979//979 973//973 980//980 
f 974//974 981//981 973//973 
f 981//981 980//980 973//973 
f 975//975 982//982 974//974 
f 982//982 981//981 974//974 
f 971//971 977//977 982//982 
f 975//975 971//971 982//982 
f 976//976 979//979 978//978 
f 983//983 978//978 979//979 
f 983//983 979//979 988//988 
f 988//988 979//979 980//980 
f 981//981 989//989 980//980 
f 989//989 988//988 980//980 
f 982//982 990//990 981//981 
f 990//990 989//989 981//981 
f 977//977 984//984 990//990 
f 982//982 977//977 990//990 
f 983//983 988//988 985//985 
f 986//986 985//985 988//988 
f 989//989 986//986 988//988 
f 987//987 986//986 989//989 
f 990//990 987//987 989//989 
f 984//984 987//987 990//990 
f 997//997 1075//1075 1080//1080 
f 997//997 993//993 991//991 
f 997//997 991//991 1075//1075 
f 1075//1075 991//991 1076//1076 
f 992//992 1077//1077 991//991 
f 991//991 1077//1077 1076//1076 
f 994//994 998//998 1078//1078 
f 994//994 1078//1078 992//992 
f 992//992 1078//1078 1077//1077 
f 1078//1078 998//998 1081//1081 
f 1001//1001 1082//1082 1084//1084 
f 1080//1080 1082//1082 1001//1001 
f 997//997 1080//1080 1001//1001 
f 997//997 1001//1001 999//999 
f 997//997 999//999 995//995 
f 993//993 997//997 995//995 
f 994//994 996//996 998//998 
f 1000//1000 1002//1002 1083//1083 
f 996//996 1000//1000 1083//1083 
f 996//996 1083//1083 1081//1081 
f 996//996 1081//1081 998//998 
f 1083//1083 1002//1002 1085//1085 
f 1005//1005 1001//1001 1084//1084 
f 1086//1086 1005//1005 1084//1084 
f 999//999 1005//1005 1003//1003 
f 1001//1001 1005//1005 999//999 
f 1002//1002 1004//1004 1006//1006 
f 1000//1000 1004//1004 1002//1002 
f 1087//1087 1085//1085 1002//1002 
f 1006//1006 1087//1087 1002//1002 
f 1009//1009 1005//1005 1086//1086 
f 1088//1088 1009//1009 1086//1086 
f 1003//1003 1009//1009 1007//1007 
f 1005//1005 1009//1009 1003//1003 
f 1006//1006 1008//1008 1010//1010 
f 1004//1004 1008//1008 1006//1006 
f 1089//1089 1087//1087 1006//1006 
f 1010//1010 1089//1089 1006//1006 
f 1009//1009 1088//1088 1090//1090 
f 1090//1090 1007//1007 1009//1009 
f 1090//1090 1092//1092 1007//1007 
f 1092//1092 1011//1011 1007//1007 
f 1010//1010 1093//1093 1091//1091 
f 1010//1010 1008//1008 1093//1093 
f 1008//1008 1012//1012 1093//1093 
f 1089//1089 1010//1010 1091//1091 
f 1011//1011 1092//1092 1094//1094 
f 1013//1013 1011//1011 1094//1094 
f 1017//1017 1094//1094 1098//1098 
f 1017//1017 1014//1014 1094//1094 
f 1014//1014 1013//1013 1094//1094 
f 1014//1014 1018//1018 1015//1015 
f 1017//1017 1018//1018 1014//1014 
f 1099//1099 1015//1015 1018//1018 
f 1099//1099 1095//1095 1015//1015 
f 1095//1095 1016//1016 1015//1015 
f 1093//1093 1012//1012 1016//1016 
f 1095//1095 1093//1093 1016//1016 
f 1017//1017 1098//1098 1100//1100 
f 1018//1018 1017//1017 1100//1100 
f 1101//1101 1018//1018 1100//1100 
f 1099//1099 1018//1018 1101//1101 
f 1019//1019 1104//1104 1108//1108 
f 1023//1023 1019//1019 1108//1108 
f 1020//1020 1105//1105 1019//1019 
f 1019//1019 1105//1105 1104//1104 
f 1021//1021 1106//1106 1020//1020 
f 1020//1020 1106//1106 1105//1105 
f 1022//1022 1107//1107 1021//1021 
f 1021//1021 1107//1107 1106//1106 
f 1107//1107 1022//1022 1024//1024 
f 1109//1109 1107//1107 1024//1024 
f 1025//1025 1110//1110 1116//1116 
f 1027//1027 1025//1025 1116//1116 
f 1108//1108 1025//1025 1023//1023 
f 1110//1110 1025//1025 1108//1108 
f 1024//1024 1111//1111 1109//1109 
f 1026//1026 1111//1111 1024//1024 
f 1111//1111 1026//1026 1028//1028 
f 1117//1117 1111//1111 1028//1028 
f 1029//1029 1033//1033 1031//1031 
f 1029//1029 1120//1120 1033//1033 
f 1029//1029 1027//1027 1120//1120 
f 1027//1027 1116//1116 1120//1120 
f 1034//1034 1028//1028 1030//1030 
f 1034//1034 1121//1121 1028//1028 
f 1121//1121 1117//1117 1028//1028 
f 1030//1030 1032//1032 1034//1034 
f 1033//1033 1039//1039 1035//1035 
f 1031//1031 1033//1033 1035//1035 
f 1122//1122 1033//1033 1120//1120 
f 1039//1039 1033//1033 1122//1122 
f 1040//1040 1121//1121 1034//1034 
f 1123//1123 1121//1121 1040//1040 
f 1032//1032 1036//1036 1040//1040 
f 1034//1034 1032//1032 1040//1040 
f 1035//1035 1039//1039 1037//1037 
f 1039//1039 1041//1041 1037//1037 
f 1039//1039 1122//1122 1041//1041 
f 1122//1122 1124//1124 1041//1041 
f 1038//1038 1123//1123 1040//1040 
f 1038//1038 1042//1042 1123//1123 
f 1042//1042 1125//1125 1123//1123 
f 1036//1036 1038//1038 1040//1040 
f 1041//1041 1124//1124 1126//1126 
f 1043//1043 1041//1041 1126//1126 
f 1126//1126 1045//1045 1043//1043 
f 1130//1130 1045//1045 1126//1126 
f 1044//1044 1131//1131 1127//1127 
f 1046//1046 1131//1131 1044//1044 
f 1125//1125 1042//1042 1044//1044 
f 1127//1127 1125//1125 1044//1044 
f 1045//1045 1130//1130 1132//1132 
f 1047//1047 1045//1045 1132//1132 
f 1048//1048 1047//1047 1133//1133 
f 1047//1047 1132//1132 1133//1133 
f 1049//1049 1048//1048 1134//1134 
f 1048//1048 1133//1133 1134//1134 
f 1050//1050 1049//1049 1135//1135 
f 1049//1049 1134//1134 1135//1135 
f 1131//1131 1046//1046 1050//1050 
f 1135//1135 1131//1131 1050//1050 
f 1051//1051 1140//1140 1144//1144 
f 1055//1055 1051//1051 1144//1144 
f 1052//1052 1141//1141 1051//1051 
f 1051//1051 1141//1141 1140//1140 
f 1053//1053 1142//1142 1052//1052 
f 1052//1052 1142//1142 1141//1141 
f 1054//1054 1143//1143 1053//1053 
f 1053//1053 1143//1143 1142//1142 
f 1143//1143 1054//1054 1056//1056 
f 1145//1145 1143//1143 1056//1056 
f 1057//1057 1146//1146 1149//1149 
f 1059//1059 1057//1057 1149//1149 
f 1144//1144 1057//1057 1055//1055 
f 1146//1146 1057//1057 1144//1144 
f 1056//1056 1147//1147 1145//1145 
f 1058//1058 1147//1147 1056//1056 
f 1147//1147 1058//1058 1060//1060 
f 1150//1150 1147//1147 1060//1060 
f 1059//1059 1149//1149 1061//1061 
f 1149//1149 1152//1152 1061//1061 
f 1060//1060 1062//1062 1150//1150 
f 1150//1150 1062//1062 1153//1153 
f 1061//1061 1152//1152 1063//1063 
f 1152//1152 1154//1154 1063//1063 
f 1062//1062 1064//1064 1153//1153 
f 1153//1153 1064//1064 1155//1155 
f 1063//1063 1154//1154 1065//1065 
f 1154//1154 1156//1156 1065//1065 
f 1064//1064 1066//1066 1155//1155 
f 1155//1155 1066//1066 1157//1157 
f 1065//1065 1156//1156 1158//1158 
f 1067//1067 1065//1065 1158//1158 
f 1158//1158 1069//1069 1067//1067 
f 1162//1162 1069//1069 1158//1158 
f 1068//1068 1163//1163 1159//1159 
f 1070//1070 1163//1163 1068//1068 
f 1157//1157 1066//1066 1068//1068 
f 1159//1159 1157//1157 1068//1068 
f 1069//1069 1162//1162 1164//1164 
f 1071//1071 1069//1069 1164//1164 
f 1072//1072 1071//1071 1165//1165 
f 1071//1071 1164//1164 1165//1165 
f 1073//1073 1072//1072 1166//1166 
f 1072//1072 1165//1165 1166//1166 
f 1074//1074 1073//1073 1167//1167 
f 1073//1073 1166//1166 1167//1167 
f 1163//1163 1070//1070 1074//1074 
f 1167//1167 1163//1163 1074//1074 
f 1079//1079 1170//1170 1171//1171 
f 1170//1170 1079//1079 1172//1172 
f 1075//1075 1173//1173 1176//1176 
f 1080//1080 1075//1075 1176//1176 
f 1076//1076 1174//1174 1075//1075 
f 1075//1075 1174//1174 1173//1173 
f 1171//1171 1077//1077 1079//1079 
f 1171//1171 1174//1174 1077//1077 
f 1174//1174 1076//1076 1077//1077 
f 1079//1079 1175//1175 1172//1172 
f 1079//1079 1077//1077 1175//1175 
f 1077//1077 1078//1078 1175//1175 
f 1175//1175 1078//1078 1081//1081 
f 1177//1177 1175//1175 1081//1081 
f 1082//1082 1178//1178 1180//1180 
f 1084//1084 1082//1082 1180//1180 
f 1176//1176 1082//1082 1080//1080 
f 1178//1178 1082//1082 1176//1176 
f 1081//1081 1179//1179 1177//1177 
f 1083//1083 1179//1179 1081//1081 
f 1179//1179 1083//1083 1085//1085 
f 1181//1181 1179//1179 1085//1085 
f 1084//1084 1180//1180 1086//1086 
f 1180//1180 1182//1182 1086//1086 
f 1085//1085 1087//1087 1181//1181 
f 1181//1181 1087//1087 1183//1183 
f 1086//1086 1182//1182 1088//1088 
f 1182//1182 1184//1184 1088//1088 
f 1087//1087 1089//1089 1183//1183 
f 1183//1183 1089//1089 1185//1185 
f 1096//1096 1090//1090 1088//1088 
f 1096//1096 1088//1088 1187//1187 
f 1187//1187 1088//1088 1184//1184 
f 1090//1090 1096//1096 1092//1092 
f 1091//1091 1093//1093 1097//1097 
f 1091//1091 1097//1097 1188//1188 
f 1091//1091 1188//1188 1089//1089 
f 1089//1089 1188//1188 1185//1185 
f 1096//1096 1187//1187 1189//1189 
f 1102//1102 1189//1189 1192//1192 
f 1094//1094 1189//1189 1102//1102 
f 1094//1094 1096//1096 1189//1189 
f 1094//1094 1092//1092 1096//1096 
f 1094//1094 1102//1102 1098//1098 
f 1095//1095 1099//1099 1103//1103 
f 1095//1095 1103//1103 1193//1193 
f 1093//1093 1095//1095 1193//1193 
f 1093//1093 1193//1193 1190//1190 
f 1093//1093 1190//1190 1097//1097 
f 1188//1188 1097//1097 1190//1190 
f 1102//1102 1192//1192 1194//1194 
f 1098//1098 1102//1102 1194//1194 
f 1098//1098 1194//1194 1100//1100 
f 1100//1100 1194//1194 1195//1195 
f 1101//1101 1100//1100 1196//1196 
f 1100//1100 1195//1195 1196//1196 
f 1103//1103 1099//1099 1101//1101 
f 1103//1103 1101//1101 1197//1197 
f 1197//1197 1101//1101 1196//1196 
f 1193//1193 1103//1103 1197//1197 
f 1104//1104 1112//1112 1108//1108 
f 1104//1104 1105//1105 1113//1113 
f 1112//1112 1104//1104 1113//1113 
f 1105//1105 1106//1106 1114//1114 
f 1113//1113 1105//1105 1114//1114 
f 1106//1106 1107//1107 1115//1115 
f 1114//1114 1106//1106 1115//1115 
f 1107//1107 1109//1109 1115//1115 
f 1110//1110 1118//1118 1116//1116 
f 1110//1110 1203//1203 1118//1118 
f 1108//1108 1203//1203 1110//1110 
f 1108//1108 1199//1199 1203//1203 
f 1108//1108 1112//1112 1199//1199 
f 1113//1113 1199//1199 1112//1112 
f 1200//1200 1199//1199 1113//1113 
f 1114//1114 1200//1200 1113//1113 
f 1201//1201 1200//1200 1114//1114 
f 1115//1115 1201//1201 1114//1114 
f 1202//1202 1201//1201 1115//1115 
f 1119//1119 1204//1204 1202//1202 
f 1111//1111 1119//1119 1202//1202 
f 1111//1111 1202//1202 1115//1115 
f 1111//1111 1115//1115 1109//1109 
f 1111//1111 1117//1117 1119//1119 
f 1118//1118 1205//1205 1210//1210 
f 1118//1118 1210//1210 1116//1116 
f 1116//1116 1210//1210 1120//1120 
f 1203//1203 1205//1205 1118//1118 
f 1119//1119 1206//1206 1204//1204 
f 1206//1206 1119//1119 1117//1117 
f 1206//1206 1117//1117 1211//1211 
f 1211//1211 1117//1117 1121//1121 
f 1120//1120 1210//1210 1122//1122 
f 1210//1210 1215//1215 1122//1122 
f 1121//1121 1123//1123 1211//1211 
f 1211//1211 1123//1123 1216//1216 
f 1217//1217 1128//1128 1124//1124 
f 1217//1217 1124//1124 1215//1215 
f 1215//1215 1124//1124 1122//1122 
f 1217//1217 1222//1222 1128//1128 
f 1129//1129 1223//1223 1218//1218 
f 1129//1129 1218//1218 1216//1216 
f 1129//1129 1216//1216 1125//1125 
f 1125//1125 1216//1216 1123//1123 
f 1124//1124 1128//1128 1126//1126 
f 1130//1130 1224//1224 1136//1136 
f 1126//1126 1224//1224 1130//1130 
f 1126//1126 1222//1222 1224//1224 
f 1126//1126 1128//1128 1222//1222 
f 1136//1136 1225//1225 1137//1137 
f 1224//1224 1225//1225 1136//1136 
f 1137//1137 1226//1226 1138//1138 
f 1225//1225 1226//1226 1137//1137 
f 1138//1138 1227//1227 1139//1139 
f 1226//1226 1227//1227 1138//1138 
f 1223//1223 1139//1139 1227//1227 
f 1129//1129 1139//1139 1223//1223 
f 1129//1129 1131//1131 1139//1139 
f 1129//1129 1127//1127 1131//1131 
f 1125//1125 1127//1127 1129//1129 
f 1130//1130 1136//1136 1132//1132 
f 1133//1133 1132//1132 1136//1136 
f 1137//1137 1133//1133 1136//1136 
f 1134//1134 1133//1133 1137//1137 
f 1138//1138 1134//1134 1137//1137 
f 1135//1135 1134//1134 1138//1138 
f 1139//1139 1135//1135 1138//1138 
f 1131//1131 1135//1135 1139//1139 
f 1140//1140 1232//1232 1235//1235 
f 1144//1144 1140//1140 1235//1235 
f 1141//1141 1233//1233 1140//1140 
f 1140//1140 1233//1233 1232//1232 
f 1142//1142 1234//1234 1141//1141 
f 1141//1141 1234//1234 1233//1233 
f 1148//1148 1236//1236 1234//1234 
f 1148//1148 1234//1234 1143//1143 
f 1143//1143 1234//1234 1142//1142 
f 1143//1143 1145//1145 1148//1148 
f 1146//1146 1237//1237 1241//1241 
f 1149//1149 1146//1146 1241//1241 
f 1235//1235 1146//1146 1144//1144 
f 1237//1237 1146//1146 1235//1235 
f 1148//1148 1238//1238 1236//1236 
f 1151//1151 1242//1242 1238//1238 
f 1147//1147 1151//1151 1238//1238 
f 1147//1147 1238//1238 1148//1148 
f 1147//1147 1148//1148 1145//1145 
f 1147//1147 1150//1150 1151//1151 
f 1149//1149 1241//1241 1152//1152 
f 1241//1241 1245//1245 1152//1152 
f 1151//1151 1243//1243 1242//1242 
f 1243//1243 1151//1151 1150//1150 
f 1243//1243 1150//1150 1246//1246 
f 1246//1246 1150//1150 1153//1153 
f 1152//1152 1245//1245 1154//1154 
f 1245//1245 1249//1249 1154//1154 
f 1153//1153 1155//1155 1246//1246 
f 1246//1246 1155//1155 1250//1250 
f 1251//1251 1160//1160 1156//1156 
f 1251//1251 1156//1156 1249//1249 
f 1249//1249 1156//1156 1154//1154 
f 1251//1251 1255//1255 1160//1160 
f 1161//1161 1256//1256 1252//1252 
f 1161//1161 1252//1252 1250//1250 
f 1161//1161 1250//1250 1157//1157 
f 1157//1157 1250//1250 1155//1155 
f 1156//1156 1160//1160 1158//1158 
f 1162//1162 1257//1257 1168//1168 
f 1158//1158 1257//1257 1162//1162 
f 1158//1158 1255//1255 1257//1257 
f 1158//1158 1160//1160 1255//1255 
f 1257//1257 1259//1259 1168//1168 
f 1169//1169 1260//1260 1258//1258 
f 1256//1256 1169//1169 1258//1258 
f 1161//1161 1169//1169 1256//1256 
f 1161//1161 1163//1163 1169//1169 
f 1161//1161 1159//1159 1163//1163 
f 1157//1157 1159//1159 1161//1161 
f 1162//1162 1168//1168 1164//1164 
f 1168//1168 1259//1259 1261//1261 
f 1168//1168 1261//1261 1164//1164 
f 1164//1164 1261//1261 1165//1165 
f 1166//1166 1165//1165 1262//1262 
f 1165//1165 1261//1261 1262//1262 
f 1260//1260 1169//1169 1167//1167 
f 1260//1260 1167//1167 1262//1262 
f 1262//1262 1167//1167 1166//1166 
f 1163//1163 1167//1167 1169//1169 
f 1170//1170 1265//1265 1266//1266 
f 1171//1171 1170//1170 1266//1266 
f 1265//1265 1170//1170 1172//1172 
f 1267//1267 1265//1265 1172//1172 
f 1173//1173 1268//1268 1272//1272 
f 1176//1176 1173//1173 1272//1272 
f 1174//1174 1269//1269 1173//1173 
f 1173//1173 1269//1269 1268//1268 
f 1266//1266 1174//1174 1171//1171 
f 1269//1269 1174//1174 1266//1266 
f 1172//1172 1270//1270 1267//1267 
f 1175//1175 1270//1270 1172//1172 
f 1270//1270 1175//1175 1177//1177 
f 1273//1273 1270//1270 1177//1177 
f 1178//1178 1274//1274 1276//1276 
f 1180//1180 1178//1178 1276//1276 
f 1272//1272 1178//1178 1176//1176 
f 1274//1274 1178//1178 1272//1272 
f 1177//1177 1275//1275 1273//1273 
f 1179//1179 1275//1275 1177//1177 
f 1275//1275 1179//1179 1181//1181 
f 1277//1277 1275//1275 1181//1181 
f 1180//1180 1276//1276 1182//1182 
f 1276//1276 1278//1278 1182//1182 
f 1181//1181 1183//1183 1277//1277 
f 1277//1277 1183//1183 1279//1279 
f 1280//1280 1186//1186 1184//1184 
f 1280//1280 1184//1184 1278//1278 
f 1278//1278 1184//1184 1182//1182 
f 1280//1280 1281//1281 1186//1186 
f 1183//1183 1185//1185 1279//1279 
f 1279//1279 1185//1185 1282//1282 
f 1186//1186 1283//1283 1286//1286 
f 1186//1186 1286//1286 1184//1184 
f 1184//1184 1286//1286 1187//1187 
f 1281//1281 1283//1283 1186//1186 
f 1191//1191 1287//1287 1284//1284 
f 1191//1191 1284//1284 1282//1282 
f 1191//1191 1282//1282 1188//1188 
f 1188//1188 1282//1282 1185//1185 
f 1187//1187 1286//1286 1288//1288 
f 1189//1189 1187//1187 1288//1288 
f 1288//1288 1192//1192 1189//1189 
f 1289//1289 1192//1192 1288//1288 
f 1190//1190 1287//1287 1191//1191 
f 1190//1190 1193//1193 1287//1287 
f 1193//1193 1290//1290 1287//1287 
f 1188//1188 1190//1190 1191//1191 
f 1192//1192 1289//1289 1291//1291 
f 1194//1194 1192//1192 1291//1291 
f 1198//1198 1291//1291 1295//1295 
f 1198//1198 1195//1195 1291//1291 
f 1195//1195 1194//1194 1291//1291 
f 1296//1296 1195//1195 1198//1198 
f 1296//1296 1292//1292 1195//1195 
f 1292//1292 1196//1196 1195//1195 
f 1197//1197 1196//1196 1293//1293 
f 1196//1196 1292//1292 1293//1293 
f 1290//1290 1193//1193 1197//1197 
f 1293//1293 1290//1290 1197//1197 
f 1198//1198 1295//1295 1297//1297 
f 1296//1296 1198//1198 1297//1297 
f 1199//1199 1207//1207 1203//1203 
f 1300//1300 1207//1207 1199//1199 
f 1300//1300 1199//1199 1299//1299 
f 1299//1299 1199//1199 1200//1200 
f 1208//1208 1301//1301 1299//1299 
f 1208//1208 1299//1299 1201//1201 
f 1201//1201 1299//1299 1200//1200 
f 1201//1201 1202//1202 1209//1209 
f 1208//1208 1201//1201 1209//1209 
f 1202//1202 1204//1204 1209//1209 
f 1205//1205 1212//1212 1210//1210 
f 1205//1205 1305//1305 1212//1212 
f 1203//1203 1305//1305 1205//1205 
f 1203//1203 1302//1302 1305//1305 
f 1203//1203 1207//1207 1302//1302 
f 1300//1300 1302//1302 1207//1207 
f 1208//1208 1303//1303 1301//1301 
f 1303//1303 1213//1213 1306//1306 
f 1303//1303 1208//1208 1213//1213 
f 1208//1208 1209//1209 1213//1213 
f 1204//1204 1206//1206 1214//1214 
f 1204//1204 1214//1214 1209//1209 
f 1209//1209 1214//1214 1213//1213 
f 1206//1206 1211//1211 1214//1214 
f 1212//1212 1219//1219 1215//1215 
f 1210//1210 1212//1212 1215//1215 
f 1310//1310 1212//1212 1305//1305 
f 1219//1219 1212//1212 1310//1310 
f 1220//1220 1306//1306 1213//1213 
f 1311//1311 1306//1306 1220//1220 
f 1214//1214 1221//1221 1213//1213 
f 1221//1221 1220//1220 1213//1213 
f 1211//1211 1216//1216 1221//1221 
f 1214//1214 1211//1211 1221//1221 
f 1215//1215 1219//1219 1217//1217 
f 1222//1222 1312//1312 1228//1228 
f 1217//1217 1312//1312 1222//1222 
f 1217//1217 1310//1310 1312//1312 
f 1217//1217 1219//1219 1310//1310 
f 1228//1228 1313//1313 1229//1229 
f 1312//1312 1313//1313 1228//1228 
f 1229//1229 1314//1314 1230//1230 
f 1313//1313 1314//1314 1229//1229 
f 1311//1311 1230//1230 1314//1314 
f 1311//1311 1220//1220 1230//1230 
f 1220//1220 1231//1231 1230//1230 
f 1218//1218 1223//1223 1231//1231 
f 1218//1218 1231//1231 1221//1221 
f 1221//1221 1231//1231 1220//1220 
f 1216//1216 1218//1218 1221//1221 
f 1222//1222 1228//1228 1224//1224 
f 1225//1225 1224//1224 1228//1228 
f 1229//1229 1225//1225 1228//1228 
f 1226//1226 1225//1225 1229//1229 
f 1230//1230 1226//1226 1229//1229 
f 1227//1227 1226//1226 1230//1230 
f 1231//1231 1227//1227 1230//1230 
f 1223//1223 1227//1227 1231//1231 
f 1232//1232 1239//1239 1235//1235 
f 1319//1319 1239//1239 1232//1232 
f 1319//1319 1232//1232 1318//1318 
f 1318//1318 1232//1232 1233//1233 
f 1240//1240 1320//1320 1318//1318 
f 1240//1240 1318//1318 1234//1234 
f 1234//1234 1318//1318 1233//1233 
f 1234//1234 1236//1236 1240//1240 
f 1237//1237 1244//1244 1241//1241 
f 1237//1237 1325//1325 1244//1244 
f 1235//1235 1325//1325 1237//1237 
f 1235//1235 1321//1321 1325//1325 
f 1235//1235 1239//1239 1321//1321 
f 1319//1319 1321//1321 1239//1239 
f 1240//1240 1322//1322 1320//1320 
f 1236//1236 1322//1322 1240//1240 
f 1236//1236 1238//1238 1322//1322 
f 1238//1238 1323//1323 1322//1322 
f 1323//1323 1238//1238 1242//1242 
f 1326//1326 1323//1323 1242//1242 
f 1244//1244 1247//1247 1245//1245 
f 1241//1241 1244//1244 1245//1245 
f 1329//1329 1244//1244 1325//1325 
f 1247//1247 1244//1244 1329//1329 
f 1248//1248 1242//1242 1243//1243 
f 1248//1248 1330//1330 1242//1242 
f 1330//1330 1326//1326 1242//1242 
f 1243//1243 1246//1246 1248//1248 
f 1247//1247 1253//1253 1249//1249 
f 1245//1245 1247//1247 1249//1249 
f 1332//1332 1247//1247 1329//1329 
f 1253//1253 1247//1247 1332//1332 
f 1254//1254 1330//1330 1248//1248 
f 1333//1333 1330//1330 1254//1254 
f 1246//1246 1250//1250 1254//1254 
f 1248//1248 1246//1246 1254//1254 
f 1249//1249 1253//1253 1251//1251 
f 1253//1253 1255//1255 1251//1251 
f 1253//1253 1332//1332 1255//1255 
f 1332//1332 1336//1336 1255//1255 
f 1252//1252 1333//1333 1254//1254 
f 1252//1252 1256//1256 1333//1333 
f 1256//1256 1337//1337 1333//1333 
f 1250//1250 1252//1252 1254//1254 
f 1255//1255 1336//1336 1338//1338 
f 1257//1257 1255//1255 1338//1338 
f 1259//1259 1339//1339 1263//1263 
f 1259//1259 1257//1257 1339//1339 
f 1257//1257 1338//1338 1339//1339 
f 1263//1263 1340//1340 1264//1264 
f 1339//1339 1340//1340 1263//1263 
f 1264//1264 1258//1258 1260//1260 
f 1264//1264 1340//1340 1258//1258 
f 1340//1340 1341//1341 1258//1258 
f 1337//1337 1256//1256 1258//1258 
f 1341//1341 1337//1337 1258//1258 
f 1259//1259 1263//1263 1261//1261 
f 1262//1262 1261//1261 1263//1263 
f 1264//1264 1262//1262 1263//1263 
f 1260//1260 1262//1262 1264//1264 
f 1265//1265 1271//1271 1266//1266 
f 1265//1265 1267//1267 1271//1271 
f 1268//1268 1346//1346 1350//1350 
f 1272//1272 1268//1268 1350//1350 
f 1269//1269 1347//1347 1268//1268 
f 1268//1268 1347//1347 1346//1346 
f 1271//1271 1269//1269 1266//1266 
f 1271//1271 1348//1348 1269//1269 
f 1348//1348 1347//1347 1269//1269 
f 1267//1267 1348//1348 1271//1271 
f 1267//1267 1270//1270 1348//1348 
f 1270//1270 1349//1349 1348//1348 
f 1349//1349 1270//1270 1273//1273 
f 1351//1351 1349//1349 1273//1273 
f 1274//1274 1352//1352 1358//1358 
f 1276//1276 1274//1274 1358//1358 
f 1350//1350 1274//1274 1272//1272 
f 1352//1352 1274//1274 1350//1350 
f 1273//1273 1353//1353 1351//1351 
f 1275//1275 1353//1353 1273//1273 
f 1353//1353 1275//1275 1277//1277 
f 1359//1359 1353//1353 1277//1277 
f 1276//1276 1358//1358 1278//1278 
f 1358//1358 1362//1362 1278//1278 
f 1277//1277 1279//1279 1359//1359 
f 1359//1359 1279//1279 1363//1363 
f 1285//1285 1280//1280 1278//1278 
f 1285//1285 1278//1278 1365//1365 
f 1365//1365 1278//1278 1362//1362 
f 1280//1280 1285//1285 1281//1281 
f 1279//1279 1282//1282 1363//1363 
f 1363//1363 1282//1282 1366//1366 
f 1283//1283 1285//1285 1365//1365 
f 1283//1283 1365//1365 1286//1286 
f 1286//1286 1365//1365 1369//1369 
f 1281//1281 1285//1285 1283//1283 
f 1284//1284 1370//1370 1367//1367 
f 1287//1287 1370//1370 1284//1284 
f 1366//1366 1282//1282 1284//1284 
f 1367//1367 1366//1366 1284//1284 
f 1286//1286 1369//1369 1371//1371 
f 1288//1288 1286//1286 1371//1371 
f 1371//1371 1289//1289 1288//1288 
f 1373//1373 1289//1289 1371//1371 
f 1294//1294 1374//1374 1372//1372 
f 1294//1294 1372//1372 1370//1370 
f 1294//1294 1370//1370 1290//1290 
f 1290//1290 1370//1370 1287//1287 
f 1289//1289 1373//1373 1375//1375 
f 1291//1291 1289//1289 1375//1375 
f 1295//1295 1376//1376 1298//1298 
f 1295//1295 1291//1291 1376//1376 
f 1291//1291 1375//1375 1376//1376 
f 1298//1298 1292//1292 1296//1296 
f 1298//1298 1376//1376 1292//1292 
f 1376//1376 1377//1377 1292//1292 
f 1374//1374 1294//1294 1293//1293 
f 1374//1374 1293//1293 1377//1377 
f 1377//1377 1293//1293 1292//1292 
f 1290//1290 1293//1293 1294//1294 
f 1295//1295 1298//1298 1297//1297 
f 1296//1296 1297//1297 1298//1298 
f 1299//1299 1304//1304 1300//1300 
f 1299//1299 1301//1301 1304//1304 
f 1302//1302 1307//1307 1305//1305 
f 1302//1302 1300//1300 1304//1304 
f 1302//1302 1304//1304 1307//1307 
f 1307//1307 1304//1304 1308//1308 
f 1301//1301 1303//1303 1309//1309 
f 1301//1301 1309//1309 1304//1304 
f 1304//1304 1309//1309 1308//1308 
f 1303//1303 1306//1306 1309//1309 
f 1307//1307 1315//1315 1310//1310 
f 1305//1305 1307//1307 1310//1310 
f 1308//1308 1316//1316 1307//1307 
f 1316//1316 1315//1315 1307//1307 
f 1309//1309 1317//1317 1308//1308 
f 1317//1317 1316//1316 1308//1308 
f 1306//1306 1311//1311 1317//1317 
f 1309//1309 1306//1306 1317//1317 
f 1310//1310 1315//1315 1312//1312 
f 1313//1313 1312//1312 1315//1315 
f 1316//1316 1313//1313 1315//1315 
f 1314//1314 1313//1313 1316//1316 
f 1317//1317 1314//1314 1316//1316 
f 1311//1311 1314//1314 1317//1317 
f 1318//1318 1324//1324 1319//1319 
f 1318//1318 1320//1320 1324//1324 
f 1321//1321 1327//1327 1325//1325 
f 1321//1321 1381//1381 1327//1327 
f 1319//1319 1381//1381 1321//1321 
f 1319//1319 1379//1379 1381//1381 
f 1319//1319 1324//1324 1379//1379 
f 1320//1320 1379//1379 1324//1324 
f 1320//1320 1322//1322 1379//1379 
f 1322//1322 1380//1380 1379//1379 
f 1328//1328 1382//1382 1380//1380 
f 1328//1328 1380//1380 1323//1323 
f 1323//1323 1380//1380 1322//1322 
f 1323//1323 1326//1326 1328//1328 
f 1327//1327 1383//1383 1386//1386 
f 1327//1327 1386//1386 1325//1325 
f 1325//1325 1386//1386 1329//1329 
f 1381//1381 1383//1383 1327//1327 
f 1331//1331 1382//1382 1328//1328 
f 1387//1387 1382//1382 1331//1331 
f 1326//1326 1330//1330 1331//1331 
f 1328//1328 1326//1326 1331//1331 
f 1388//1388 1334//1334 1332//1332 
f 1388//1388 1332//1332 1386//1386 
f 1386//1386 1332//1332 1329//1329 
f 1388//1388 1392//1392 1334//1334 
f 1335//1335 1387//1387 1331//1331 
f 1393//1393 1387//1387 1335//1335 
f 1330//1330 1333//1333 1335//1335 
f 1331//1331 1330//1330 1335//1335 
f 1334//1334 1342//1342 1336//1336 
f 1332//1332 1334//1334 1336//1336 
f 1394//1394 1334//1334 1392//1392 
f 1394//1394 1343//1343 1334//1334 
f 1343//1343 1342//1342 1334//1334 
f 1343//1343 1395//1395 1344//1344 
f 1394//1394 1395//1395 1343//1343 
f 1393//1393 1344//1344 1395//1395 
f 1393//1393 1335//1335 1344//1344 
f 1335//1335 1345//1345 1344//1344 
f 1333//1333 1337//1337 1345//1345 
f 1335//1335 1333//1333 1345//1345 
f 1336//1336 1342//1342 1338//1338 
f 1339//1339 1338//1338 1342//1342 
f 1343//1343 1339//1339 1342//1342 
f 1340//1340 1339//1339 1343//1343 
f 1344//1344 1340//1340 1343//1343 
f 1341//1341 1340//1340 1344//1344 
f 1345//1345 1341//1341 1344//1344 
f 1337//1337 1341//1341 1345//1345 
f 1346//1346 1354//1354 1350//1350 
f 1346//1346 1347//1347 1355//1355 
f 1354//1354 1346//1346 1355//1355 
f 1347//1347 1348//1348 1356//1356 
f 1355//1355 1347//1347 1356//1356 
f 1348//1348 1349//1349 1357//1357 
f 1356//1356 1348//1348 1357//1357 
f 1349//1349 1351//1351 1357//1357 
f 1352//1352 1360//1360 1358//1358 
f 1352//1352 1402//1402 1360//1360 
f 1350//1350 1402//1402 1352//1352 
f 1350//1350 1398//1398 1402//1402 
f 1350//1350 1354//1354 1398//1398 
f 1355//1355 1398//1398 1354//1354 
f 1399//1399 1398//1398 1355//1355 
f 1356//1356 1399//1399 1355//1355 
f 1400//1400 1399//1399 1356//1356 
f 1357//1357 1400//1400 1356//1356 
f 1401//1401 1400//1400 1357//1357 
f 1361//1361 1403//1403 1401//1401 
f 1353//1353 1361//1361 1401//1401 
f 1353//1353 1401//1401 1357//1357 
f 1353//1353 1357//1357 1351//1351 
f 1353//1353 1359//1359 1361//1361 
f 1360//1360 1404//1404 1408//1408 
f 1360//1360 1408//1408 1358//1358 
f 1358//1358 1408//1408 1362//1362 
f 1402//1402 1404//1404 1360//1360 
f 1364//1364 1403//1403 1361//1361 
f 1409//1409 1403//1403 1364//1364 
f 1359//1359 1363//1363 1364//1364 
f 1361//1361 1359//1359 1364//1364 
f 1362//1362 1408//1408 1365//1365 
f 1408//1408 1412//1412 1365//1365 
f 1368//1368 1409//1409 1364//1364 
f 1413//1413 1409//1409 1368//1368 
f 1363//1363 1366//1366 1368//1368 
f 1364//1364 1363//1363 1368//1368 
f 1365//1365 1412//1412 1369//1369 
f 1412//1412 1416//1416 1369//1369 
f 1367//1367 1413//1413 1368//1368 
f 1367//1367 1370//1370 1413//1413 
f 1370//1370 1417//1417 1413//1413 
f 1366//1366 1367//1367 1368//1368 
f 1369//1369 1416//1416 1418//1418 
f 1371//1371 1369//1369 1418//1418 
f 1418//1418 1373//1373 1371//1371 
f 1425//1425 1373//1373 1418//1418 
f 1378//1378 1426//1426 1419//1419 
f 1378//1378 1372//1372 1374//1374 
f 1378//1378 1419//1419 1372//1372 
f 1419//1419 1420//1420 1372//1372 
f 1417//1417 1370//1370 1372//1372 
f 1420//1420 1417//1417 1372//1372 
f 1373//1373 1425//1425 1427//1427 
f 1375//1375 1373//1373 1427//1427 
f 1376//1376 1375//1375 1428//1428 
f 1375//1375 1427//1427 1428//1428 
f 1426//1426 1378//1378 1377//1377 
f 1426//1426 1377//1377 1428//1428 
f 1428//1428 1377//1377 1376//1376 
f 1374//1374 1377//1377 1378//1378 
f 1379//1379 1384//1384 1381//1381 
f 1379//1379 1380//1380 1385//1385 
f 1384//1384 1379//1379 1385//1385 
f 1380//1380 1382//1382 1385//1385 
f 1383//1383 1389//1389 1386//1386 
f 1383//1383 1381//1381 1384//1384 
f 1383//1383 1384//1384 1389//1389 
f 1389//1389 1384//1384 1390//1390 
f 1385//1385 1391//1391 1384//1384 
f 1391//1391 1390//1390 1384//1384 
f 1382//1382 1387//1387 1391//1391 
f 1385//1385 1382//1382 1391//1391 
f 1386//1386 1389//1389 1388//1388 
f 1392//1392 1388//1388 1389//1389 
f 1392//1392 1389//1389 1396//1396 
f 1396//1396 1389//1389 1390//1390 
f 1391//1391 1397//1397 1390//1390 
f 1397//1397 1396//1396 1390//1390 
f 1387//1387 1393//1393 1397//1397 
f 1391//1391 1387//1387 1397//1397 
f 1392//1392 1396//1396 1394//1394 
f 1395//1395 1394//1394 1396//1396 
f 1397//1397 1395//1395 1396//1396 
f 1393//1393 1395//1395 1397//1397 
f 1398//1398 1405//1405 1402//1402 
f 1432//1432 1405//1405 1398//1398 
f 1432//1432 1398//1398 1431//1431 
f 1431//1431 1398//1398 1399//1399 
f 1406//1406 1433//1433 1431//1431 
f 1406//1406 1431//1431 1400//1400 
f 1400//1400 1431//1431 1399//1399 
f 1400//1400 1401//1401 1407//1407 
f 1406//1406 1400//1400 1407//1407 
f 1401//1401 1403//1403 1407//1407 
f 1404//1404 1410//1410 1408//1408 
f 1404//1404 1437//1437 1410//1410 
f 1402//1402 1437//1437 1404//1404 
f 1402//1402 1434//1434 1437//1437 
f 1402//1402 1405//1405 1434//1434 
f 1432//1432 1434//1434 1405//1405 
f 1406//1406 1435//1435 1433//1433 
f 1435//1435 1411//1411 1438//1438 
f 1435//1435 1406//1406 1411//1411 
f 1406//1406 1407//1407 1411//1411 
f 1403//1403 1409//1409 1411//1411 
f 1407//1407 1403//1403 1411//1411 
f 1410//1410 1414//1414 1412//1412 
f 1408//1408 1410//1410 1412//1412 
f 1442//1442 1410//1410 1437//1437 
f 1414//1414 1410//1410 1442//1442 
f 1415//1415 1438//1438 1411//1411 
f 1443//1443 1438//1438 1415//1415 
f 1409//1409 1413//1413 1415//1415 
f 1411//1411 1409//1409 1415//1415 
f 1414//1414 1421//1421 1416//1416 
f 1412//1412 1414//1414 1416//1416 
f 1444//1444 1414//1414 1442//1442 
f 1444//1444 1422//1422 1414//1414 
f 1422//1422 1421//1421 1414//1414 
f 1444//1444 1449//1449 1422//1422 
f 1423//1423 1450//1450 1445//1445 
f 1443//1443 1423//1423 1445//1445 
f 1443//1443 1415//1415 1423//1423 
f 1415//1415 1424//1424 1423//1423 
f 1413//1413 1417//1417 1424//1424 
f 1415//1415 1413//1413 1424//1424 
f 1416//1416 1421//1421 1418//1418 
f 1425//1425 1418//1418 1421//1421 
f 1425//1425 1421//1421 1429//1429 
f 1429//1429 1421//1421 1422//1422 
f 1451//1451 1422//1422 1449//1449 
f 1451//1451 1430//1430 1422//1422 
f 1430//1430 1429//1429 1422//1422 
f 1450//1450 1430//1430 1451//1451 
f 1423//1423 1430//1430 1450//1450 
f 1423//1423 1426//1426 1430//1430 
f 1423//1423 1419//1419 1426//1426 
f 1420//1420 1419//1419 1423//1423 
f 1424//1424 1420//1420 1423//1423 
f 1417//1417 1420//1420 1424//1424 
f 1425//1425 1429//1429 1427//1427 
f 1428//1428 1427//1427 1429//1429 
f 1430//1430 1428//1428 1429//1429 
f 1426//1426 1428//1428 1430//1430 
f 1431//1431 1436//1436 1432//1432 
f 1431//1431 1433//1433 1436//1436 
f 1434//1434 1439//1439 1437//1437 
f 1434//1434 1432//1432 1436//1436 
f 1434//1434 1436//1436 1439//1439 
f 1439//1439 1436//1436 1440//1440 
f 1433//1433 1435//1435 1441//1441 
f 1433//1433 1441//1441 1436//1436 
f 1436//1436 1441//1441 1440//1440 
f 1435//1435 1438//1438 1441//1441 
f 1439//1439 1446//1446 1442//1442 
f 1437//1437 1439//1439 1442//1442 
f 1440//1440 1447//1447 1439//1439 
f 1447//1447 1446//1446 1439//1439 
f 1441//1441 1448//1448 1440//1440 
f 1448//1448 1447//1447 1440//1440 
f 1438//1438 1443//1443 1448//1448 
f 1441//1441 1438//1438 1448//1448 
f 1442//1442 1446//1446 1444//1444 
f 1449//1449 1444//1444 1446//1446 
f 1449//1449 1446//1446 1452//1452 
f 1452//1452 1446//1446 1447//1447 
f 1445//1445 1450//1450 1452//1452 
f 1445//1445 1452//1452 1448//1448 
f 1448//1448 1452//1452 1447//1447 
f 1443//1443 1445//1445 1448//1448 
f 1449//1449 1452//1452 1451//1451 
f 1450//1450 1451//1451 1452//1452 
