#  3D Slicer output. SPACE=LPS

mtllib Markers.mtl

v 78.5601577758789 -21.673553466796875 8.782879829406738
v 79.07528686523438 -21.752300262451172 8.78129768371582
v 78.4038314819336 -21.069156646728516 8.850625038146973
v 78.99923706054688 -21.20540428161621 8.8021879196167
v 78.31842803955078 -20.55951499938965 9.011138916015625
v 78.84980010986328 -20.603246688842773 8.946786880493164
v 80.34151458740234 -19.360637664794922 9.714903831481934
v 78.1950912475586 -22.14175796508789 8.925040245056152
v 78.80766296386719 -22.2614688873291 8.898193359375
v 77.19944763183594 -22.942663192749023 9.504331588745117
v 78.2137222290039 -22.8880672454834 9.243247032165527
v 79.42143249511719 -22.88166618347168 9.240376472473145
v 80.43737030029297 -23.02871322631836 9.49979305267334
v 81.05244445800781 -23.149791717529297 9.752835273742676
v 77.94427490234375 -21.57164192199707 8.941682815551758
v 79.42005157470703 -22.103172302246094 8.927935600280762
v 76.7414321899414 -22.235017776489258 9.572909355163574
v 77.5582504272461 -22.221508026123047 9.171363830566406
v 80.17404174804688 -22.068023681640625 9.225109100341797
v 81.01174926757812 -22.450590133666992 9.655928611755371
v 77.82978057861328 -20.876441955566406 9.096174240112305
v 79.58177947998047 -21.472553253173828 8.920427322387695
v 76.57760620117188 -21.303081512451172 9.804984092712402
v 77.271484375 -21.437162399291992 9.297884941101074
v 80.22297668457031 -21.008520126342773 9.257513046264648
v 80.95296478271484 -21.466127395629883 9.640966415405273
v 77.97853088378906 -20.297985076904297 9.287261009216309
v 79.51631164550781 -20.7072811126709 9.022689819335938
v 78.60313415527344 -20.100492477416992 9.252962112426758
v 79.26588439941406 -20.143997192382812 9.205659866333008
v 80.26249694824219 -19.492191314697266 9.592077255249023
v 77.22592163085938 -20.448795318603516 9.636429786682129
v 80.09062194824219 -19.959789276123047 9.469009399414062
v 80.84956359863281 -20.495521545410156 9.725120544433594
v 80.0601577758789 -19.3880558013916 9.765926361083984
v 80.42044830322266 -19.516067504882812 9.683145523071289
v 80.4814224243164 -19.317533493041992 10.071983337402344
v 77.23802947998047 -19.710010528564453 10.072223663330078
v 78.03412628173828 -19.7058048248291 9.800582885742188
v 79.22320556640625 -19.565467834472656 9.701990127563477
v 80.73970794677734 -19.76982879638672 9.89036750793457
v 76.7315444946289 -23.424997329711914 9.915419578552246
v 77.63616180419922 -23.76447105407715 9.84514045715332
v 78.83305358886719 -23.768695831298828 9.679147720336914
v 80.01909637451172 -23.83879852294922 9.789674758911133
v 80.77720642089844 -23.605745315551758 9.816871643066406
v 78.36434936523438 -24.470535278320312 10.245379447937012
v 79.38710021972656 -24.49532699584961 10.178072929382324
v 80.1858139038086 -24.52967643737793 10.267282485961914
v 76.58556365966797 -22.90668487548828 9.708945274353027
v 81.24960327148438 -23.56332015991211 10.041498184204102
v 76.26789855957031 -22.652385711669922 9.886221885681152
v 76.28186798095703 -23.097881317138672 9.993063926696777
v 76.10941314697266 -22.058706283569336 10.110787391662598
v 81.58982849121094 -22.949295043945312 10.134825706481934
v 82.15255737304688 -22.4866943359375 10.706086158752441
v 75.96238708496094 -21.12504005432129 10.525936126708984
v 81.62984466552734 -21.95977020263672 10.136462211608887
v 76.48954772949219 -20.589452743530273 10.081817626953125
v 82.17865753173828 -21.54019546508789 10.796014785766602
v 76.72871398925781 -19.976829528808594 10.201172828674316
v 81.584716796875 -20.892478942871094 10.273831367492676
v 76.24069213867188 -20.27979278564453 10.558990478515625
v 82.11402130126953 -20.78600311279297 10.910967826843262
v 76.94823455810547 -19.551776885986328 10.386149406433105
v 81.25232696533203 -20.116788864135742 10.210722923278809
v 77.47466278076172 -19.176137924194336 10.668069839477539
v 78.67011260986328 -19.0555419921875 10.45591926574707
v 79.80487060546875 -19.033981323242188 10.428792953491211
v 80.66302490234375 -19.0771484375 10.876727104187012
v 81.09902954101562 -19.569711685180664 10.542590141296387
v 76.55464172363281 -19.61724281311035 10.857905387878418
v 77.52735900878906 -18.702518463134766 11.494844436645508
v 78.29075622558594 -18.6595401763916 11.280011177062988
v 79.27963256835938 -18.649824142456055 11.203099250793457
v 80.16214752197266 -18.715595245361328 11.3013916015625
v 77.92059326171875 -24.9696102142334 10.976322174072266
v 78.97360229492188 -25.052326202392578 10.810288429260254
v 79.9061279296875 -24.98851203918457 10.70870304107666
v 77.54219055175781 -24.44027328491211 10.404308319091797
v 80.53180694580078 -24.806259155273438 10.621299743652344
v 76.20680236816406 -23.48711585998535 10.407047271728516
v 76.81884002685547 -24.074562072753906 10.4264497756958
v 80.95317077636719 -24.2476863861084 10.384315490722656
v 77.15638732910156 -24.63402557373047 10.856230735778809
v 80.86300659179688 -24.805301666259766 10.80314826965332
v 75.94230651855469 -22.819080352783203 10.353883743286133
v 81.6533432006836 -23.673423767089844 10.47884464263916
v 82.03357696533203 -23.199066162109375 10.654892921447754
v 82.07330322265625 -23.64995574951172 10.992385864257812
v 75.55979919433594 -22.159587860107422 10.879465103149414
v 82.41191101074219 -23.092973709106445 11.262116432189941
v 75.20726013183594 -22.5784854888916 11.493280410766602
v 75.446533203125 -21.305152893066406 11.22396469116211
v 82.72154998779297 -22.13209342956543 11.593033790588379
v 75.1249008178711 -21.891218185424805 11.618314743041992
v 83.12285614013672 -21.996938705444336 12.243423461914062
v 75.78113555908203 -20.3342227935791 11.425146102905273
v 82.51178741455078 -21.113372802734375 11.453392028808594
v 82.25174713134766 -20.476552963256836 11.350586891174316
v 75.18021392822266 -21.112607955932617 11.909339904785156
v 76.25033569335938 -19.459300994873047 11.69405746459961
v 81.74445343017578 -20.127737045288086 10.891178131103516
v 76.8675308227539 -19.017581939697266 11.477232933044434
v 81.44993591308594 -19.41535758972168 11.586118698120117
v 82.07769012451172 -20.04813003540039 11.629911422729492
v 77.20413208007812 -18.639060974121094 12.17292308807373
v 80.79535675048828 -18.872268676757812 11.568854331970215
v 78.01642608642578 -18.46011734008789 12.122042655944824
v 78.9347152709961 -18.431072235107422 12.025206565856934
v 79.83989715576172 -18.508596420288086 11.987850189208984
v 80.49803161621094 -18.649829864501953 11.953093528747559
v 77.10887908935547 -24.95069694519043 11.690315246582031
v 77.87696075439453 -25.299503326416016 11.607261657714844
v 78.62202453613281 -25.504005432128906 11.624039649963379
v 79.6617202758789 -25.517057418823242 11.491676330566406
v 80.57302856445312 -25.16767120361328 11.247421264648438
v 79.28175354003906 -25.88302993774414 12.104729652404785
v 79.81333923339844 -25.8966007232666 12.143388748168945
v 76.62165832519531 -24.429664611816406 11.0718412399292
v 81.22113037109375 -24.76021385192871 11.180299758911133
v 76.21300506591797 -23.953474044799805 10.912955284118652
v 81.7058334350586 -24.189119338989258 11.043435096740723
v 76.09574127197266 -24.229591369628906 11.733107566833496
v 81.73045349121094 -24.596742630004883 11.734885215759277
v 75.64915466308594 -23.273014068603516 11.183499336242676
v 82.26431274414062 -23.89371109008789 11.78415298461914
v 75.160400390625 -23.01861000061035 11.888562202453613
v 75.40807342529297 -23.612655639648438 12.161162376403809
v 74.9489517211914 -22.44306755065918 12.098170280456543
v 82.84661102294922 -23.043331146240234 12.116966247558594
v 83.10600280761719 -22.444026947021484 12.205903053283691
v 83.19303131103516 -22.73967933654785 12.53507137298584
v 74.89217376708984 -21.755109786987305 12.344399452209473
v 83.2988052368164 -22.283466339111328 12.667655944824219
v 83.2254638671875 -21.795686721801758 12.611037254333496
v 74.98320007324219 -21.076398849487305 12.71855640411377
v 82.91815948486328 -21.384544372558594 12.246509552001953
v 75.32955169677734 -20.481216430664062 12.344182968139648
v 83.13184356689453 -21.459735870361328 12.862308502197266
v 75.84181213378906 -19.68839454650879 12.657858848571777
v 82.50413513183594 -20.581525802612305 12.009702682495117
v 76.52249908447266 -19.00485610961914 12.278693199157715
v 81.64898681640625 -19.340219497680664 12.685220718383789
v 82.14839935302734 -19.95646858215332 12.404191017150879
v 76.90406799316406 -18.699323654174805 12.830286979675293
v 81.05778503417969 -18.906652450561523 12.244858741760254
v 77.668701171875 -18.48772430419922 13.057150840759277
v 78.65603637695312 -18.38680076599121 12.90910530090332
v 79.5958480834961 -18.454448699951172 12.82971477508545
v 80.52555847167969 -18.666484832763672 12.749052047729492
v 76.4182357788086 -19.025035858154297 13.049174308776855
v 81.21761322021484 -18.973255157470703 12.953852653503418
v 79.2242660522461 -26.050233840942383 12.693825721740723
v 79.61524963378906 -26.067092895507812 12.488700866699219
v 78.75767517089844 -25.82831573486328 12.365564346313477
v 80.06682586669922 -25.991329193115234 12.652119636535645
v 76.40894317626953 -24.78769302368164 12.656898498535156
v 77.18217468261719 -25.224472045898438 12.646066665649414
v 77.97785949707031 -25.50802993774414 12.324037551879883
v 80.37244415283203 -25.651792526245117 12.104021072387695
v 81.20099639892578 -25.185731887817383 12.134857177734375
v 75.7227783203125 -24.184188842773438 12.72914981842041
v 81.96368408203125 -24.64217758178711 12.678354263305664
v 75.28805541992188 -23.658124923706055 12.931966781616211
v 81.45651245117188 -25.27095603942871 13.036392211914062
v 75.00151062011719 -23.01323127746582 12.670306205749512
v 82.66454315185547 -23.70697021484375 12.876996994018555
v 83.07958984375 -23.114315032958984 12.744985580444336
v 75.1016845703125 -23.295930862426758 13.38925552368164
v 74.81913757324219 -22.305583953857422 12.74977970123291
v 83.27745056152344 -22.72464370727539 13.026281356811523
v 83.05622863769531 -23.19601821899414 13.223112106323242
v 74.8068618774414 -21.74150848388672 13.12364673614502
v 83.36386108398438 -22.33527946472168 13.05612564086914
v 74.9439468383789 -21.109928131103516 13.541129112243652
v 83.30616760253906 -21.937021255493164 13.077982902526855
v 75.24494171142578 -20.431123733520508 13.15148639678955
v 83.12696838378906 -21.492935180664062 13.309013366699219
v 83.21342468261719 -21.87883949279785 13.55407428741455
v 75.57740020751953 -19.948530197143555 13.642205238342285
v 82.73413848876953 -20.8182373046875 13.045634269714355
v 82.12787628173828 -19.908594131469727 13.447461128234863
v 76.1527328491211 -19.3592472076416 13.854164123535156
v 81.59867095947266 -19.30983543395996 13.404121398925781
v 76.95319366455078 -18.78174591064453 13.702791213989258
v 77.71704864501953 -18.58294105529785 13.958639144897461
v 78.44920349121094 -18.49871826171875 13.800519943237305
v 79.34196472167969 -18.531166076660156 13.691426277160645
v 80.23577117919922 -18.722637176513672 13.648929595947266
v 81.05491638183594 -19.026548385620117 13.607284545898438
v 79.306884765625 -26.100133895874023 13.145478248596191
v 79.66368103027344 -26.128904342651367 12.934518814086914
v 78.75460815429688 -25.83806610107422 13.208648681640625
v 80.08885192871094 -26.023681640625 13.203324317932129
v 76.31552124023438 -24.82831573486328 13.38720989227295
v 76.88478088378906 -25.10462760925293 13.350992202758789
v 77.74791717529297 -25.429853439331055 13.336636543273926
v 80.7425765991211 -25.706899642944336 13.0860013961792
v 79.26614379882812 -26.030302047729492 13.449179649353027
v 79.65859985351562 -26.064973831176758 13.438488960266113
v 75.95626068115234 -24.524246215820312 13.241117477416992
v 81.32962799072266 -25.420053482055664 13.711054801940918
v 81.77162170410156 -25.007671356201172 13.517069816589355
v 76.0510482788086 -24.56597328186035 13.72651481628418
v 76.5599365234375 -24.821685791015625 14.024065017700195
v 77.37580871582031 -25.132099151611328 14.127227783203125
v 75.6054458618164 -23.9262638092041 13.771730422973633
v 82.2123794555664 -24.359783172607422 13.681100845336914
v 75.14947509765625 -23.153209686279297 13.985953330993652
v 76.12246704101562 -24.405658721923828 14.227231979370117
v 74.88391876220703 -22.51317596435547 13.58345890045166
v 82.73594665527344 -23.357200622558594 13.92510986328125
v 83.15656280517578 -22.88750457763672 13.5198974609375
v 75.06892395019531 -22.685821533203125 14.36691951751709
v 74.8426284790039 -21.726821899414062 13.829511642456055
v 83.28324890136719 -22.37380027770996 13.449773788452148
v 83.09312438964844 -22.14387321472168 13.908662796020508
v 83.05773162841797 -22.639461517333984 13.902567863464355
v 75.03273010253906 -21.275339126586914 14.332990646362305
v 82.89429473876953 -21.47681427001953 13.912463188171387
v 75.2635726928711 -20.561433792114258 14.045251846313477
v 75.74039459228516 -19.99110984802246 14.467806816101074
v 82.48374938964844 -20.605024337768555 14.042647361755371
v 82.16859436035156 -20.08574867248535 14.147281646728516
v 82.11353302001953 -20.381982803344727 14.717859268188477
v 76.24185943603516 -19.495338439941406 14.811614036560059
v 81.68876647949219 -19.646957397460938 14.17355728149414
v 76.70365142822266 -19.074817657470703 14.572382926940918
v 77.40039825439453 -18.828325271606445 14.577062606811523
v 78.22313690185547 -18.750032424926758 14.604493141174316
v 79.1309814453125 -18.780824661254883 14.525834083557129
v 79.92190551757812 -18.8553409576416 14.355170249938965
v 80.8095474243164 -19.281076431274414 14.535511016845703
v 76.62239074707031 -19.2812557220459 15.129175186157227
v 81.5369644165039 -19.951932907104492 15.014703750610352
v 79.37686920166016 -25.812637329101562 13.966793060302734
v 80.23351287841797 -25.821407318115234 13.854458808898926
v 80.90208435058594 -25.643089294433594 13.908330917358398
v 78.50852966308594 -25.364402770996094 14.40367317199707
v 81.20310974121094 -25.440017700195312 14.172873497009277
v 77.02748107910156 -24.764543533325195 14.71199893951416
v 77.74024963378906 -24.932884216308594 14.881644248962402
v 81.58837890625 -24.953996658325195 14.354554176330566
v 79.30634307861328 -25.521141052246094 14.606281280517578
v 79.92877197265625 -25.52904510498047 14.632486343383789
v 80.79928588867188 -25.408052444458008 14.535078048706055
v 76.490478515625 -24.508956909179688 14.621800422668457
v 82.14307403564453 -24.090681076049805 14.581409454345703
v 76.20059204101562 -23.908649444580078 14.945021629333496
v 76.79314422607422 -24.364227294921875 15.10885238647461
v 77.44635772705078 -24.496376037597656 15.380953788757324
v 81.66862487792969 -24.436649322509766 15.084001541137695
v 75.50655364990234 -23.14789390563965 14.731858253479004
v 82.36053466796875 -23.306045532226562 14.823041915893555
v 75.2471694946289 -22.460691452026367 14.893468856811523
v 81.88577270507812 -23.74989891052246 15.32866382598877
v 74.9893798828125 -22.014774322509766 14.477128982543945
v 82.64772033691406 -22.319486618041992 14.564109802246094
v 75.31196594238281 -21.895313262939453 15.162154197692871
v 82.02848815917969 -22.795717239379883 15.4505033493042
v 75.158203125 -21.485530853271484 14.89571475982666
v 82.45149230957031 -21.183822631835938 14.704054832458496
v 75.5132827758789 -20.843643188476562 15.003700256347656
v 82.16120910644531 -20.89582061767578 15.14005184173584
v 75.37097930908203 -21.423309326171875 15.235690116882324
v 81.96989440917969 -21.5372371673584 15.497320175170898
v 76.09345245361328 -20.043472290039062 15.249717712402344
v 81.81739044189453 -20.58350372314453 15.366388320922852
v 76.45589447021484 -19.584678649902344 15.34979248046875
v 81.45460510253906 -20.237014770507812 15.496556282043457
v 76.73155212402344 -19.94272804260254 15.776867866516113
v 77.48892974853516 -20.065298080444336 16.17948341369629
v 81.24109649658203 -20.703338623046875 15.908942222595215
v 76.81800079345703 -19.43227767944336 15.488572120666504
v 80.95076751708984 -19.887929916381836 15.416374206542969
v 77.09739685058594 -19.138090133666992 15.174317359924316
v 77.85115814208984 -19.114280700683594 15.273298263549805
v 78.81330108642578 -19.18158531188965 15.306135177612305
v 79.94649505615234 -19.35089683532715 15.202534675598145
v 77.35610961914062 -19.507719039916992 15.708488464355469
v 78.26654815673828 -19.702165603637695 15.969956398010254
v 79.3717041015625 -19.81845474243164 15.954724311828613
v 80.3643798828125 -20.12676239013672 15.950709342956543
v 79.41486358642578 -25.10500144958496 15.259501457214355
v 80.35733032226562 -25.067197799682617 15.286855697631836
v 81.12125396728516 -24.844280242919922 15.177762985229492
v 78.48109436035156 -24.635272979736328 15.62954044342041
v 81.30168914794922 -24.199724197387695 15.668169975280762
v 76.49771118164062 -23.451976776123047 15.697162628173828
v 77.02528381347656 -23.900367736816406 15.721789360046387
v 77.80107116699219 -24.11072540283203 15.977681159973145
v 79.29784393310547 -24.657068252563477 15.881301879882812
v 79.98516082763672 -24.540414810180664 15.980382919311523
v 80.72638702392578 -24.56979751586914 15.74845027923584
v 76.0310287475586 -23.191171646118164 15.419072151184082
v 81.41388702392578 -23.350038528442383 15.977442741394043
v 76.49597930908203 -22.833354949951172 15.975865364074707
v 77.00041198730469 -23.260068893432617 16.145750045776367
v 77.72383117675781 -23.457744598388672 16.42978286743164
v 80.66622924804688 -23.893970489501953 16.260944366455078
v 75.77751922607422 -22.448598861694336 15.482583999633789
v 81.4698257446289 -22.349590301513672 16.118207931518555
v 76.52651977539062 -21.984922409057617 16.1313533782959
v 77.46930694580078 -22.538494110107422 16.572301864624023
v 80.76422882080078 -22.889537811279297 16.592247009277344
v 75.82381439208984 -21.491960525512695 15.62709903717041
v 81.36338806152344 -21.538164138793945 16.17772102355957
v 76.2201156616211 -20.665966033935547 15.742321014404297
v 76.95995330810547 -20.615049362182617 16.224769592285156
v 80.91249084472656 -21.23615074157715 16.42333221435547
v 76.53107452392578 -21.211658477783203 16.13228988647461
v 77.37543487548828 -21.366891860961914 16.5318546295166
v 78.4404296875 -21.82396125793457 16.894058227539062
v 79.47534942626953 -21.927780151367188 17.004409790039062
v 80.2289810180664 -22.264976501464844 16.908838272094727
v 80.88241577148438 -21.934438705444336 16.567520141601562
v 77.62200164794922 -20.611553192138672 16.495044708251953
v 80.56074523925781 -20.759220123291016 16.36429786682129
v 78.09886169433594 -20.28084373474121 16.436506271362305
v 78.85225677490234 -20.348247528076172 16.454999923706055
v 79.79915618896484 -20.54766082763672 16.44552230834961
v 78.26539611816406 -20.894039154052734 16.682220458984375
v 79.19652557373047 -21.12125015258789 16.780839920043945
v 80.19898223876953 -21.373151779174805 16.720138549804688
v 79.2828598022461 -24.155040740966797 16.381549835205078
v 79.98387908935547 -23.974925994873047 16.52411460876465
v 78.44766998291016 -23.89344024658203 16.42605209350586
v 80.18474578857422 -23.439035415649414 16.78144073486328
v 78.39320373535156 -23.369394302368164 16.80989646911621
v 79.05939483642578 -23.47089195251465 16.887788772583008
v 79.65918731689453 -23.66775131225586 16.805875778198242
v 78.1034164428711 -22.985883712768555 16.850955963134766
v 80.13941955566406 -22.885175704956055 16.96950912475586
v 78.32601165771484 -22.555749893188477 16.980670928955078
v 78.97576904296875 -22.466142654418945 17.112979888916016
v 79.64798736572266 -22.609861373901367 17.110702514648438
v 78.68023681640625 -22.969646453857422 17.047304153442383
v 79.22322845458984 -22.943445205688477 17.124820709228516
v 79.67742156982422 -23.180742263793945 17.032577514648438
v 42.79637908935547 -56.91451644897461 48.305747985839844
v 43.65669250488281 -57.06697463989258 48.180747985839844
v 44.503814697265625 -57.12990188598633 48.172611236572266
v 45.136287689208984 -57.18004608154297 48.27439498901367
v 42.70325469970703 -56.06014633178711 48.32753372192383
v 43.4766960144043 -56.21042251586914 48.18674087524414
v 44.31151580810547 -56.33748245239258 48.18535232543945
v 45.07943344116211 -56.514747619628906 48.30524826049805
v 42.66703414916992 -55.33360290527344 48.47285461425781
v 43.344974517822266 -55.42564392089844 48.32946014404297
v 44.14942932128906 -55.51820373535156 48.33001708984375
v 44.98781967163086 -55.66078186035156 48.47779083251953
v 43.18791580200195 -54.80544662475586 48.58437728881836
v 43.941627502441406 -54.80629348754883 48.590660095214844
v 44.77791976928711 -54.868961334228516 48.7193489074707
v 42.13460922241211 -57.50810241699219 48.64250946044922
v 42.9970588684082 -57.89820098876953 48.47713851928711
v 43.9957160949707 -57.856136322021484 48.306400299072266
v 44.84933853149414 -57.787193298339844 48.34077835083008
v 43.60940170288086 -58.58667755126953 48.613731384277344
v 44.478233337402344 -58.51673126220703 48.59159469604492
v 45.465293884277344 -58.344688415527344 48.76783752441406
v 46.21837615966797 -58.40721130371094 49.138099670410156
v 42.07278823852539 -56.67502212524414 48.551177978515625
v 45.48244857788086 -57.564579010009766 48.476837158203125
v 41.5975227355957 -57.177555084228516 48.883880615234375
v 46.151710510253906 -57.56340408325195 48.91313552856445
v 42.07038116455078 -55.85611343383789 48.6423225402832
v 45.68498229980469 -56.8772087097168 48.53877639770508
v 41.48193359375 -56.46873474121094 49.011314392089844
v 46.32929611206055 -56.500205993652344 49.065616607666016
v 42.208473205566406 -55.19136428833008 48.75934982299805
v 45.730037689208984 -55.97701644897461 48.71689224243164
v 42.6356315612793 -54.83383560180664 48.69838333129883
v 41.57061767578125 -55.47003173828125 49.21935272216797
v 46.33613204956055 -55.54344177246094 49.28113555908203
v 42.93976974487305 -54.43919372558594 48.91728210449219
v 45.717529296875 -54.95729064941406 49.095829010009766
v 43.62276077270508 -54.27204513549805 48.986328125
v 44.47758102416992 -54.24986267089844 49.07160949707031
v 45.194698333740234 -54.35125732421875 49.19005584716797
v 41.54811477661133 -54.66885757446289 49.679386138916016
v 42.26478958129883 -54.61427688598633 49.15891647338867
v 46.30836486816406 -54.97888946533203 49.45008087158203
v 42.11301040649414 -54.081905364990234 49.80217742919922
v 43.01641845703125 -53.94929885864258 49.537349700927734
v 44.096805572509766 -53.75706100463867 49.654052734375
v 45.03227615356445 -53.852718353271484 49.69404220581055
v 43.434234619140625 -59.06190872192383 48.92266082763672
v 44.0266227722168 -59.139644622802734 48.95671081542969
v 44.9624137878418 -59.15143585205078 49.06158447265625
v 45.93067169189453 -59.18619918823242 49.42641830444336
v 43.33349609375 -59.516910552978516 49.50071334838867
v 44.46327590942383 -59.687286376953125 49.486236572265625
v 45.32761001586914 -59.708702087402344 49.55879211425781
v 45.7939453125 -59.735496520996094 49.72347640991211
v 42.930572509765625 -58.79912185668945 48.91935729980469
v 46.56027603149414 -58.7217903137207 49.52204513549805
v 41.545799255371094 -57.865840911865234 49.16666793823242
v 42.19223403930664 -58.34335708618164 48.97395706176758
v 41.625732421875 -58.622764587402344 49.62201690673828
v 42.33962631225586 -59.09699630737305 49.49002456665039
v 46.980079650878906 -58.56287384033203 49.951534271240234
v 41.11769104003906 -57.23789596557617 49.44496154785156
v 46.72264099121094 -58.04896545410156 49.445289611816406
v 47.19162368774414 -57.77928924560547 50.05036926269531
v 40.86000442504883 -56.34177780151367 49.78295135498047
v 46.83799362182617 -57.127197265625 49.534095764160156
v 40.38291931152344 -56.596229553222656 50.45302200317383
v 47.321632385253906 -56.86670684814453 50.29165267944336
v 40.92180633544922 -55.290828704833984 49.99290466308594
v 46.923744201660156 -56.041297912597656 49.85183334350586
v 40.44075393676758 -55.93988800048828 50.433372497558594
v 47.37784957885742 -56.106239318847656 50.60066604614258
v 41.14793395996094 -54.60691833496094 50.153072357177734
v 46.66737747192383 -55.10133361816406 49.87588882446289
v 41.53734588623047 -54.22013854980469 50.116294860839844
v 46.27006912231445 -54.57095718383789 49.757137298583984
v 41.89591979980469 -53.796356201171875 50.45162582397461
v 45.73136901855469 -54.181453704833984 49.6729621887207
v 42.580291748046875 -53.62196350097656 50.23092269897461
v 43.513999938964844 -53.33617401123047 50.46452331542969
v 44.761077880859375 -53.33955001831055 50.524749755859375
v 45.65046691894531 -53.711585998535156 50.363189697265625
v 46.17616653442383 -54.1076545715332 50.22077941894531
v 43.42597198486328 -52.97633743286133 51.28189468383789
v 44.22440719604492 -52.959228515625 51.19624328613281
v 43.140018463134766 -60.09762191772461 50.53582763671875
v 44.11982727050781 -60.11564636230469 50.1565055847168
v 45.008567810058594 -60.09423828125 50.020179748535156
v 45.606689453125 -59.982269287109375 49.951148986816406
v 42.53303909301758 -59.642147064208984 50.03734588623047
v 46.10178756713867 -59.77894592285156 50.15168762207031
v 41.25104522705078 -58.73348617553711 50.32837677001953
v 41.82575225830078 -59.31450271606445 50.306026458740234
v 46.61433029174805 -59.19081115722656 49.98891830444336
v 42.33441925048828 -59.852596282958984 50.64645004272461
v 41.080169677734375 -58.05888748168945 49.89284133911133
v 47.01255798339844 -59.00587463378906 50.45280838012695
v 40.6162109375 -57.334407806396484 50.354068756103516
v 47.29738235473633 -58.41361618041992 50.60879898071289
v 40.213443756103516 -56.93511962890625 51.04542922973633
v 40.18473434448242 -56.34339141845703 50.887542724609375
v 47.516719818115234 -57.58920669555664 50.834571838378906
v 40.23421859741211 -55.74908447265625 51.16730880737305
v 47.62626266479492 -56.65660095214844 51.19181442260742
v 40.524662017822266 -55.333824157714844 50.58876419067383
v 47.511409759521484 -55.845611572265625 51.17373275756836
v 40.81011199951172 -54.84677505493164 50.47150802612305
v 47.13289260864258 -55.31327819824219 50.69575119018555
v 41.199954986572266 -54.24155044555664 50.758384704589844
v 40.586212158203125 -54.95427322387695 51.07896041870117
v 47.39152526855469 -55.350948333740234 51.53520965576172
v 41.716068267822266 -53.715667724609375 50.92654800415039
v 46.64003372192383 -54.534305572509766 50.4880256652832
v 42.4408073425293 -53.321598052978516 51.16689682006836
v 45.59147262573242 -53.344024658203125 51.28709030151367
v 46.2672004699707 -53.9388427734375 50.99030303955078
v 41.505165100097656 -53.79143524169922 51.48387908935547
v 43.08340835571289 -52.914371490478516 51.78813934326172
v 44.945396423339844 -53.005882263183594 51.29502487182617
v 43.87142562866211 -52.78800964355469 51.971771240234375
v 44.6959342956543 -52.83235549926758 51.83934020996094
v 42.56724548339844 -53.053340911865234 52.073272705078125
v 45.255374908447266 -52.987464904785156 51.75992965698242
v 42.586002349853516 -60.15407180786133 51.44894027709961
v 43.3650016784668 -60.436195373535156 51.3090934753418
v 44.00482940673828 -60.45049285888672 50.9359130859375
v 44.81609344482422 -60.39603042602539 50.69300079345703
v 45.5612678527832 -60.21016311645508 50.49953842163086
v 41.91630554199219 -59.70176315307617 51.1450309753418
v 46.104984283447266 -60.08760452270508 50.99778747558594
v 41.310787200927734 -59.10612106323242 51.28278732299805
v 46.647193908691406 -59.5559196472168 50.73749542236328
v 40.82429504394531 -58.27362823486328 50.83424377441406
v 47.08807373046875 -59.060977935791016 51.19406509399414
v 40.40338897705078 -57.65870666503906 51.39315414428711
v 47.46171569824219 -58.300357818603516 51.43912887573242
v 40.12095642089844 -57.07697677612305 51.86906051635742
v 40.061859130859375 -56.445499420166016 51.515869140625
v 47.68183898925781 -57.49068069458008 51.68000030517578
v 40.07331848144531 -55.98118591308594 51.883087158203125
v 47.751529693603516 -56.828739166259766 52.00730895996094
v 40.33428192138672 -55.3046989440918 51.96295166015625
v 47.64550018310547 -56.02009201049805 51.973018646240234
v 40.852867126464844 -54.45766830444336 51.69584655761719
v 47.37211990356445 -55.22944259643555 52.33819580078125
v 41.23399353027344 -54.00629806518555 52.37646484375
v 46.920127868652344 -54.611942291259766 51.558143615722656
v 41.91899108886719 -53.418540954589844 52.135311126708984
v 46.244300842285156 -53.79655456542969 52.135643005371094
v 42.37014389038086 -53.168243408203125 52.79469299316406
v 45.645652770996094 -53.21030807495117 52.07222366333008
v 43.18307113647461 -52.87728500366211 52.57715606689453
v 43.91929626464844 -52.776676177978516 52.713069915771484
v 44.52051544189453 -52.80966567993164 52.54319763183594
v 45.17861557006836 -52.969234466552734 52.37380599975586
v 42.6076545715332 -60.245628356933594 52.421165466308594
v 43.26002883911133 -60.485809326171875 52.02397537231445
v 44.01182174682617 -60.59535217285156 51.69527053833008
v 44.643131256103516 -60.57306671142578 51.34135437011719
v 45.435787200927734 -60.43258285522461 51.314537048339844
v 41.88779830932617 -59.73859786987305 52.243492126464844
v 46.00044631958008 -60.25459671020508 51.545223236083984
v 41.24192428588867 -59.111392974853516 52.35280990600586
v 46.469642639160156 -59.82267761230469 51.79869079589844
v 42.2799186706543 -60.05126190185547 52.79248046875
v 45.72879409790039 -60.34947204589844 52.03788757324219
v 40.767520904541016 -58.43634796142578 52.0330924987793
v 47.100547790527344 -58.96823501586914 52.261810302734375
v 41.02317428588867 -58.7591667175293 52.90422821044922
v 46.578372955322266 -59.641578674316406 52.70869064331055
v 40.35034942626953 -57.65013885498047 52.388084411621094
v 47.529544830322266 -58.11466598510742 52.20161437988281
v 40.13105392456055 -57.087974548339844 52.582069396972656
v 40.03874969482422 -56.51542282104492 52.34671401977539
v 47.66156005859375 -57.42887496948242 52.53530502319336
v 40.134212493896484 -56.78434753417969 52.97524642944336
v 40.116859436035156 -55.90386962890625 52.44739532470703
v 47.705745697021484 -56.610679626464844 52.722251892089844
v 40.36017608642578 -55.50325012207031 52.88674545288086
v 47.592838287353516 -55.85520935058594 52.90461730957031
v 40.69179916381836 -54.744956970214844 52.6114616394043
v 47.32316589355469 -55.25228500366211 53.243934631347656
v 40.70319747924805 -55.07539367675781 53.34931182861328
v 41.15013122558594 -54.35622024536133 53.346351623535156
v 46.9054069519043 -54.5831184387207 52.77418899536133
v 41.70050811767578 -53.63698196411133 53.00850296020508
v 46.25260543823242 -54.046607971191406 53.41939163208008
v 42.20296859741211 -53.41318893432617 53.56395721435547
v 45.706695556640625 -53.36704635620117 52.81282424926758
v 42.904964447021484 -53.110084533691406 53.42189407348633
v 43.68912124633789 -52.95698165893555 53.323673248291016
v 44.31727600097656 -52.903751373291016 53.15614318847656
v 45.01417922973633 -53.11745071411133 53.211181640625
v 45.612403869628906 -53.53343963623047 53.55834197998047
v 43.24143600463867 -60.44474792480469 52.8006477355957
v 43.99295425415039 -60.56315612792969 52.488922119140625
v 44.879364013671875 -60.56250762939453 52.074317932128906
v 42.75129699707031 -60.15919876098633 53.2324104309082
v 45.37095642089844 -60.43419647216797 52.520782470703125
v 42.1389274597168 -59.78647232055664 53.2580680847168
v 45.89738082885742 -60.097686767578125 52.84967041015625
v 43.27106475830078 -60.35015869140625 53.30371856689453
v 43.839195251464844 -60.406673431396484 53.238407135009766
v 44.83329772949219 -60.397560119628906 52.989315032958984
v 41.57367706298828 -59.219078063964844 53.343040466308594
v 46.37016296386719 -59.74924850463867 53.16428756713867
v 41.132015228271484 -58.63104248046875 53.5633659362793
v 46.68511199951172 -59.233673095703125 53.32620620727539
v 42.04676055908203 -59.518211364746094 53.752384185791016
v 46.06230926513672 -59.743404388427734 53.60478591918945
v 40.72718811035156 -58.13288116455078 53.172630310058594
v 47.28211212158203 -58.26265335083008 53.12218475341797
v 41.045162200927734 -58.228797912597656 53.92780685424805
v 46.81932067871094 -58.66023254394531 53.89282989501953
v 40.38746643066406 -57.27998733520508 53.25921630859375
v 47.48366165161133 -57.220035552978516 53.47927474975586
v 40.29281234741211 -56.70602035522461 53.44587326049805
v 47.107994079589844 -57.96527862548828 54.01762390136719
v 40.19801712036133 -56.2406005859375 53.096900939941406
v 47.584407806396484 -56.3876953125 53.402854919433594
v 40.61680603027344 -55.85059356689453 53.72138977050781
v 40.38422393798828 -56.3951416015625 53.627384185791016
v 41.09823226928711 -55.06558609008789 54.0322380065918
v 47.439422607421875 -55.811851501464844 53.65941619873047
v 47.26915740966797 -55.37227249145508 53.79242706298828
v 41.72376251220703 -54.88675308227539 54.723018646240234
v 47.10668182373047 -55.65069580078125 54.2786979675293
v 41.44935607910156 -54.42340087890625 54.1039924621582
v 46.9026985168457 -54.916263580322266 53.82897186279297
v 41.69744873046875 -53.88313674926758 53.79302215576172
v 45.70097351074219 -53.98738098144531 54.201297760009766
v 46.28562545776367 -54.60004806518555 54.379234313964844
v 41.91761016845703 -54.14759826660156 54.43766784667969
v 42.319297790527344 -54.42890167236328 54.983795166015625
v 46.68269348144531 -55.22829055786133 54.61906051635742
v 42.151580810546875 -53.68891143798828 54.1415901184082
v 45.16245651245117 -53.52292251586914 53.96611785888672
v 42.69929504394531 -53.4478874206543 54.118778228759766
v 43.46193313598633 -53.30459213256836 54.06727600097656
v 44.380348205566406 -53.29534912109375 53.91826248168945
v 42.503047943115234 -53.88725280761719 54.63267517089844
v 43.440914154052734 -60.09752655029297 53.824493408203125
v 44.42085647583008 -60.12983322143555 53.80900192260742
v 45.3541259765625 -60.032859802246094 53.66743469238281
v 42.68113327026367 -59.6529541015625 54.07468032836914
v 45.67878723144531 -59.72785568237305 54.040218353271484
v 42.03593444824219 -59.18382263183594 54.192726135253906
v 46.0855598449707 -59.198081970214844 54.26155471801758
v 43.371742248535156 -59.751522064208984 54.35416793823242
v 44.0318717956543 -59.753456115722656 54.43022918701172
v 45.079708099365234 -59.6563606262207 54.37286376953125
v 41.58436965942383 -58.57541275024414 54.298885345458984
v 46.58559799194336 -58.39524459838867 54.517826080322266
v 41.228797912597656 -57.95341873168945 54.399539947509766
v 42.06977844238281 -58.83201599121094 54.62482452392578
v 46.018890380859375 -58.63737487792969 54.90068054199219
v 40.82874298095703 -57.6453742980957 53.955352783203125
v 46.84684753417969 -57.74031448364258 54.59795379638672
v 47.17247772216797 -57.30324935913086 54.25624084472656
v 41.20599365234375 -57.329017639160156 54.593963623046875
v 46.268733978271484 -57.8837890625 55.091522216796875
v 40.72530746459961 -56.75520324707031 54.05532455444336
v 47.28375244140625 -56.50276565551758 54.1336669921875
v 41.37213134765625 -55.96513748168945 54.68745040893555
v 46.89244079589844 -56.18006134033203 54.73262405395508
v 41.223121643066406 -56.75277328491211 54.69107437133789
v 46.142547607421875 -57.10647201538086 55.37798309326172
v 46.755611419677734 -56.98674011230469 54.839820861816406
v 42.02341842651367 -55.43682861328125 55.20098876953125
v 46.749149322509766 -55.71418762207031 54.84564971923828
v 42.27602767944336 -54.9428596496582 55.241268157958984
v 46.50884246826172 -55.52425003051758 55.00804901123047
v 42.74299621582031 -55.36311721801758 55.59190368652344
v 43.46889877319336 -55.540584564208984 55.88420867919922
v 44.2040901184082 -55.350074768066406 55.940185546875
v 46.20575714111328 -56.08479309082031 55.28299331665039
v 42.76218032836914 -54.720977783203125 55.39188003540039
v 46.1347770690918 -55.16671371459961 55.022377014160156
v 45.67814254760742 -54.55364227294922 54.848236083984375
v 43.61714172363281 -54.793312072753906 55.67070770263672
v 45.094932556152344 -55.20500183105469 55.59318542480469
v 42.9791259765625 -54.23573684692383 55.15273666381836
v 44.93205261230469 -54.05208206176758 54.72745895385742
v 43.18828582763672 -53.731021881103516 54.69609451293945
v 43.98582077026367 -53.763587951660156 54.72603225708008
v 43.613067626953125 -54.1422004699707 55.1968879699707
v 44.3076286315918 -54.451839447021484 55.43875503540039
v 43.48860168457031 -59.25584030151367 54.84288787841797
v 44.51515579223633 -59.2432746887207 54.97294998168945
v 45.38535690307617 -59.039913177490234 54.943084716796875
v 42.585899353027344 -58.99454116821289 54.75327682495117
v 45.55161666870117 -58.40154266357422 55.333984375
v 42.26097869873047 -58.391387939453125 54.981727600097656
v 43.231407165527344 -58.35810852050781 55.37683868408203
v 44.20222473144531 -58.65219497680664 55.41475296020508
v 44.92543411254883 -58.750606536865234 55.34850311279297
v 41.735713958740234 -57.81359100341797 54.89183044433594
v 45.60908508300781 -57.65297317504883 55.5886116027832
v 42.58988952636719 -57.535499572753906 55.47175598144531
v 43.477848052978516 -57.53044128417969 55.78921127319336
v 44.162811279296875 -57.861732482910156 55.772254943847656
v 44.91579818725586 -58.1538200378418 55.643619537353516
v 41.80026626586914 -56.90241241455078 55.136505126953125
v 45.601356506347656 -56.8231086730957 55.723472595214844
v 42.21281433105469 -56.08563232421875 55.423011779785156
v 42.990604400634766 -56.11651611328125 55.818241119384766
v 43.78980255126953 -56.13151931762695 56.000728607177734
v 42.54641342163086 -56.7116584777832 55.63184356689453
v 43.256256103515625 -56.8406982421875 55.8736572265625
v 44.186946868896484 -56.9133186340332 55.98400115966797
v 44.939598083496094 -57.35081100463867 55.86794662475586
v 44.58522415161133 -56.01358413696289 55.983917236328125
v 45.43973922729492 -56.12069320678711 55.774662017822266
v 44.521949768066406 -54.9879150390625 55.93598556518555
v 45.0690803527832 -55.964412689208984 55.91141891479492
v 45.00437927246094 -56.53944778442383 55.96089172363281
v 44.21857833862305 -54.9045524597168 55.95048904418945
v 44.542789459228516 -54.80242919921875 55.833221435546875
v 44.239402770996094 -54.71905517578125 55.847721099853516
v 44.407657623291016 -54.82075119018555 55.96967697143555
v 70.6489028930664 39.490570068359375 75.7598876953125
v 71.47111511230469 39.36989212036133 75.72081756591797
v 72.36691284179688 39.227943420410156 75.84661102294922
v 73.0606460571289 39.150535583496094 76.01634216308594
v 70.35901641845703 40.28004455566406 75.85897827148438
v 71.18706512451172 40.185081481933594 75.71324157714844
v 72.06425476074219 40.0443229675293 75.74555206298828
v 72.98133087158203 39.916873931884766 75.94731140136719
v 70.1452407836914 41.090938568115234 76.0611343383789
v 70.91878509521484 40.99496078491211 75.89319610595703
v 71.81369018554688 40.86776351928711 75.87158203125
v 72.59161376953125 40.6495475769043 75.9434814453125
v 73.42340850830078 40.789310455322266 76.30464172363281
v 69.99734497070312 41.66028594970703 76.30717468261719
v 70.61754608154297 41.70537185668945 76.21763610839844
v 71.53443145751953 41.66031265258789 76.18116760253906
v 72.6108627319336 41.4978141784668 76.30758666992188
v 70.35426330566406 38.97869873046875 75.89191436767578
v 70.9048080444336 38.764320373535156 75.87346649169922
v 71.80122375488281 38.57201385498047 75.95323181152344
v 72.81887817382812 38.398555755615234 76.23898315429688
v 70.19292449951172 38.32780838012695 76.23825073242188
v 71.19938659667969 38.000831604003906 76.22687530517578
v 72.12828063964844 37.861270904541016 76.34075164794922
v 72.68559265136719 37.80917739868164 76.46189880371094
v 69.88687133789062 39.40888595581055 76.06544494628906
v 73.47050476074219 38.841915130615234 76.30127716064453
v 69.34131622314453 38.71605682373047 76.53236389160156
v 73.98597717285156 39.07571792602539 76.58311462402344
v 69.6294174194336 40.431396484375 76.20999908447266
v 73.56449127197266 39.45038986206055 76.17469024658203
v 73.66873168945312 40.05908966064453 76.2313003540039
v 69.09986114501953 39.6901741027832 76.59385681152344
v 74.01933288574219 39.69963073730469 76.46119689941406
v 69.5897445678711 41.27558517456055 76.39865112304688
v 74.17280578613281 40.37301254272461 76.6831283569336
v 74.04446411132812 41.109596252441406 76.75080108642578
v 69.03752136230469 40.72911071777344 76.79602813720703
v 69.71155548095703 41.77314376831055 76.52691650390625
v 73.65428924560547 41.6772575378418 76.85273742675781
v 70.1198959350586 42.22415542602539 76.73648834228516
v 71.13687133789062 42.32625198364258 76.62552642822266
v 72.12501525878906 42.28843307495117 76.67989349365234
v 72.9875717163086 42.21571731567383 76.90525817871094
v 69.32427978515625 41.73355484008789 76.97581481933594
v 74.18880462646484 41.45005416870117 77.01606750488281
v 70.0890884399414 42.792903900146484 77.29443359375
v 70.76412963867188 42.848106384277344 77.20384979248047
v 71.72298431396484 42.87063217163086 77.18629455566406
v 72.67384338378906 42.781307220458984 77.32125091552734
v 70.05686950683594 37.65803909301758 76.62812042236328
v 70.6532974243164 37.48453903198242 76.6430435180664
v 71.6702880859375 37.25862503051758 76.81657409667969
v 72.5753173828125 37.426124572753906 76.8101577758789
v 70.01272583007812 37.13182067871094 77.21356964111328
v 70.98273468017578 36.85963439941406 77.20423889160156
v 71.67708587646484 36.712337493896484 77.41597747802734
v 69.57176208496094 37.89067077636719 76.74087524414062
v 73.13760375976562 37.76512908935547 76.74180603027344
v 69.0118179321289 38.20900344848633 76.97769927978516
v 73.7582015991211 38.265811920166016 76.87300109863281
v 69.18365478515625 37.574806213378906 77.33335876464844
v 73.5591812133789 37.69136428833008 77.11982727050781
v 68.69976043701172 38.91820526123047 77.0778579711914
v 74.34603881835938 38.78825759887695 77.0900650024414
v 74.77040100097656 38.94070816040039 77.62239837646484
v 68.42108917236328 39.93220901489258 77.37177276611328
v 74.47842407226562 39.53384780883789 77.00680541992188
v 67.93509674072266 39.66734313964844 77.97366333007812
v 74.95619201660156 39.6773567199707 77.73880004882812
v 68.55138397216797 41.14287567138672 77.68975067138672
v 74.69102478027344 40.23660659790039 77.26641845703125
v 67.9944839477539 40.376590728759766 78.1025390625
v 75.0037612915039 40.500946044921875 77.90816497802734
v 69.04405975341797 42.14533996582031 77.85429382324219
v 74.53104400634766 41.02157974243164 77.2610092163086
v 69.61121368408203 42.49505615234375 77.33731079101562
v 74.3048324584961 41.76127624511719 77.46598052978516
v 74.88488006591797 41.416385650634766 78.13778686523438
v 69.84443664550781 42.88644027709961 77.57801818847656
v 73.70611572265625 42.49456024169922 77.71451568603516
v 70.31692504882812 43.17326736450195 77.94309997558594
v 71.33917999267578 43.28864669799805 77.8276596069336
v 72.2798843383789 43.25490188598633 77.84384155273438
v 73.05838775634766 43.09890365600586 77.95557403564453
v 69.567138671875 42.80726623535156 77.98217010498047
v 74.50975036621094 42.119834899902344 78.13880157470703
v 74.88119506835938 41.991905212402344 78.66618347167969
v 70.4007339477539 43.46979904174805 78.770751953125
v 71.06787872314453 43.55276107788086 78.57717895507812
v 71.96149444580078 43.55940628051758 78.52057647705078
v 72.83685302734375 43.42851257324219 78.53925323486328
v 69.92793273925781 36.575042724609375 78.0985336303711
v 70.65108489990234 36.50196838378906 77.81123352050781
v 71.2972183227539 36.472225189208984 77.71814727783203
v 69.4057846069336 37.01750564575195 77.79796600341797
v 71.89904022216797 36.432151794433594 78.06317138671875
v 68.85791778564453 37.393245697021484 78.0904541015625
v 72.4688720703125 36.89223098754883 77.5616455078125
v 73.21694946289062 37.339820861816406 77.3186264038086
v 68.62232971191406 38.14006805419922 77.58265686035156
v 73.92539978027344 37.6402473449707 77.74525451660156
v 74.44410705566406 38.29437255859375 77.6203842163086
v 68.15277862548828 38.944068908691406 77.85124969482422
v 74.86942291259766 38.491363525390625 78.16062927246094
v 67.78846740722656 39.269248962402344 78.30213165283203
v 67.86751556396484 38.775917053222656 78.5157241821289
v 67.70516204833984 39.81459045410156 78.52611541748047
v 75.11299133300781 39.06378173828125 78.32827758789062
v 67.74458312988281 40.52154541015625 78.93484497070312
v 75.2586669921875 39.84164810180664 78.51680755615234
v 68.07186126708984 41.04265213012695 78.45421600341797
v 68.4677963256836 41.75444412231445 78.71761322021484
v 75.27301025390625 40.694091796875 78.73826599121094
v 67.9874038696289 41.205223083496094 79.0721664428711
v 69.13982391357422 42.57735061645508 78.7765121459961
v 75.19398498535156 41.47440719604492 79.01782989501953
v 69.80413818359375 43.15022277832031 78.73622131347656
v 74.4447021484375 42.573951721191406 78.88665771484375
v 75.00743103027344 42.048622131347656 79.24658966064453
v 70.18376159667969 43.44099426269531 79.43760681152344
v 73.61978912353516 43.103721618652344 78.5779800415039
v 70.86894226074219 43.642799377441406 79.34317016601562
v 71.68547058105469 43.692745208740234 79.27827453613281
v 72.56341552734375 43.613853454589844 79.25639343261719
v 73.38394165039062 43.39531707763672 79.25621795654297
v 74.00907135009766 43.09437561035156 79.26841735839844
v 69.87155151367188 36.302162170410156 78.92766571044922
v 70.52143096923828 36.1981086730957 78.59050750732422
v 71.2400131225586 36.22590255737305 78.35918426513672
v 69.30621337890625 36.76225662231445 78.5326919555664
v 71.9040756225586 36.19960403442383 78.94062805175781
v 68.74303436279297 37.18843078613281 79.04295349121094
v 72.65404510498047 36.54679489135742 78.62345123291016
v 73.36036682128906 37.02799606323242 78.21438598632812
v 68.26253509521484 38.061405181884766 78.53789520263672
v 74.1133041381836 37.37107849121094 78.86089324951172
v 67.84587097167969 38.54425048828125 79.20265197753906
v 74.59598541259766 37.95642852783203 78.43428039550781
v 67.65955352783203 39.21371078491211 78.8825454711914
v 75.04342651367188 38.46930694580078 78.88607788085938
v 67.5706558227539 39.81142807006836 79.22526550292969
v 75.31305694580078 39.186893463134766 79.13355255126953
v 67.59237670898438 40.29423141479492 79.59574890136719
v 75.42411041259766 39.99687194824219 79.33617401123047
v 67.83443450927734 40.90860366821289 79.81461334228516
v 75.39859008789062 40.8280143737793 79.5783920288086
v 68.20622253417969 41.556846618652344 79.60816192626953
v 68.79214477539062 42.20796203613281 79.86467742919922
v 75.2450942993164 41.60454177856445 79.77908325195312
v 69.5711441040039 42.990135192871094 79.74740600585938
v 74.88920593261719 42.2903938293457 79.88784790039062
v 70.12065887451172 43.368255615234375 80.10234832763672
v 74.41519165039062 42.81855010986328 79.7043228149414
v 70.66407775878906 43.5642204284668 80.06130981445312
v 71.43878173828125 43.64603805541992 80.0577163696289
v 72.29496765136719 43.61885070800781 80.0113754272461
v 73.1402359008789 43.438297271728516 80.00115966796875
v 73.90677642822266 43.137290954589844 79.9390640258789
v 70.46483612060547 43.39093780517578 80.59942626953125
v 69.94380187988281 36.16875457763672 79.74542236328125
v 70.3986587524414 36.05265426635742 79.28807067871094
v 71.11408996582031 36.024505615234375 79.25091552734375
v 69.3238296508789 36.565940856933594 79.45085144042969
v 71.77206420898438 36.077674865722656 79.68988800048828
v 68.8287582397461 36.99090576171875 80.02963256835938
v 72.57988739013672 36.36751174926758 79.76156616210938
v 73.44674682617188 36.828094482421875 79.32362365722656
v 71.29898834228516 35.99580001831055 79.9925537109375
v 68.24285888671875 37.7937126159668 79.7306137084961
v 74.19474029541016 37.35530090332031 80.06812286376953
v 67.84810638427734 38.48602294921875 79.94627380371094
v 74.728515625 37.87962341308594 79.40034484863281
v 67.62890625 39.168487548828125 79.70503234863281
v 75.14900970458984 38.5998420715332 79.84879302978516
v 67.76605224609375 38.86669158935547 80.36739349365234
v 74.78962707519531 37.9754753112793 80.22776794433594
v 67.54851531982422 39.829864501953125 79.84493255615234
v 75.38677978515625 39.39718246459961 79.84603118896484
v 67.6457290649414 40.286048889160156 80.22681427001953
v 75.41107177734375 40.122886657714844 80.15232849121094
v 67.87149047851562 40.77661895751953 80.66624450683594
v 75.33904266357422 40.99471664428711 80.36937713623047
v 68.32659149169922 41.425537109375 80.67127227783203
v 68.08421325683594 40.95673751831055 81.07575225830078
v 68.9179916381836 42.096397399902344 80.89269256591797
v 75.14878845214844 41.752716064453125 80.47652435302734
v 69.39844512939453 42.60126495361328 80.73365020751953
v 69.99271392822266 43.08027648925781 80.69818878173828
v 74.9319076538086 42.201656341552734 80.50904846191406
v 69.35684204101562 42.266231536865234 81.42769622802734
v 74.8796615600586 41.95426559448242 81.03801727294922
v 70.60020446777344 43.14469909667969 81.236328125
v 74.50513458251953 42.59798049926758 80.49065399169922
v 71.16548156738281 43.42291259765625 80.85272216796875
v 72.08372497558594 43.43141174316406 80.78619384765625
v 72.83757781982422 43.36249542236328 80.64495849609375
v 73.68333435058594 42.968292236328125 80.8265151977539
v 74.36739349365234 42.354190826416016 81.29740142822266
v 70.09834289550781 36.129554748535156 80.34149169921875
v 70.6236572265625 36.00212860107422 79.98255157470703
v 69.53443145751953 36.48989486694336 80.46600341796875
v 71.09198760986328 36.08122253417969 80.49878692626953
v 68.95237731933594 36.9420166015625 80.75320434570312
v 71.85256958007812 36.20648193359375 80.49481964111328
v 72.72471618652344 36.49102020263672 80.81267547607422
v 73.41072082519531 36.77410888671875 80.40351104736328
v 70.032958984375 36.2619743347168 80.71581268310547
v 70.50687408447266 36.16936492919922 80.69420623779297
v 68.53228759765625 37.442142486572266 80.65516662597656
v 73.87096405029297 37.238563537597656 81.0667724609375
v 68.83637237548828 37.24699783325195 81.17999267578125
v 72.79414367675781 36.68201446533203 81.45775604248047
v 73.29051208496094 36.82917404174805 81.24281311035156
v 68.11687469482422 38.267093658447266 80.68167877197266
v 74.48249053955078 37.97315216064453 81.03202819824219
v 67.916748046875 38.994293212890625 80.91299438476562
v 74.9774398803711 38.45047378540039 80.63214874267578
v 67.68223571777344 39.56205368041992 80.4833755493164
v 75.20116424560547 39.28257751464844 80.63900756835938
v 67.98934173583984 39.599639892578125 81.26471710205078
v 74.83782196044922 38.76397705078125 81.20562744140625
v 67.7999267578125 40.20518112182617 80.9105224609375
v 75.1960678100586 40.34379577636719 80.9658432006836
v 67.9822769165039 40.633506774902344 81.18827819824219
v 68.07260131835938 40.234962463378906 81.4482421875
v 74.84324645996094 39.63459014892578 81.52543640136719
v 68.43974304199219 40.802894592285156 81.65620422363281
v 75.12155151367188 41.247962951660156 81.05860137939453
v 69.02497863769531 41.66461944580078 81.68526458740234
v 74.92256164550781 41.48112106323242 81.43526458740234
v 74.74922943115234 40.87009811401367 81.75514221191406
v 69.59477233886719 42.09502029418945 81.95671081542969
v 74.62720489501953 41.76578140258789 81.64322662353516
v 70.10096740722656 42.559879302978516 81.70995330810547
v 74.2985610961914 42.093780517578125 81.76675415039062
v 69.94075775146484 42.10405349731445 82.23103332519531
v 74.11602783203125 41.65660858154297 82.17298889160156
v 70.87810516357422 42.857749938964844 81.8332290649414
v 73.82904815673828 42.42795181274414 81.6844253540039
v 71.20008087158203 43.129249572753906 81.54696655273438
v 71.88611602783203 43.11195755004883 81.52729797363281
v 72.8902816772461 42.940006256103516 81.4580078125
v 71.55754852294922 42.755062103271484 82.07159423828125
v 72.42436981201172 42.560935974121094 82.1685562133789
v 73.31436157226562 42.229286193847656 82.20793914794922
v 70.12903594970703 36.60492706298828 81.2344741821289
v 71.18887329101562 36.4432258605957 81.21517181396484
v 72.17141723632812 36.535518646240234 81.3382568359375
v 69.32704162597656 36.942405700683594 81.25578308105469
v 72.51734924316406 36.87461853027344 81.85079956054688
v 69.0708999633789 37.44303894042969 81.63349914550781
v 73.06385040283203 37.03001022338867 81.8340072631836
v 73.55313110351562 37.197235107421875 81.64820098876953
v 69.75516510009766 37.38646697998047 81.9765853881836
v 70.78581237792969 37.086952209472656 82.00682830810547
v 71.80377197265625 36.944061279296875 81.96044921875
v 68.61182403564453 37.82915115356445 81.35743713378906
v 73.8883056640625 37.75218200683594 81.7691421508789
v 69.11791229248047 38.12964630126953 82.09761810302734
v 69.71700286865234 38.00052261352539 82.47637939453125
v 70.43924713134766 37.919673919677734 82.68496704101562
v 71.49237823486328 37.60038375854492 82.61470031738281
v 72.58985900878906 37.50997543334961 82.42002868652344
v 73.35383605957031 37.48335266113281 82.0924072265625
v 68.38946533203125 38.78215026855469 81.5752944946289
v 74.26780700683594 38.77466583251953 81.94231414794922
v 68.94061279296875 39.02338409423828 82.32887268066406
v 69.73336791992188 38.73568344116211 82.84645080566406
v 73.39702606201172 38.239768981933594 82.5162582397461
v 68.50194549560547 39.804954528808594 81.98431396484375
v 74.31632995605469 39.98236083984375 82.28738403320312
v 69.2490005493164 39.729515075683594 82.76959991455078
v 73.5872802734375 39.427059173583984 82.83038330078125
v 68.88060760498047 40.38390350341797 82.40204620361328
v 74.23082733154297 40.83313751220703 82.42068481445312
v 69.1573715209961 40.99356460571289 82.4085693359375
v 69.75831604003906 41.585941314697266 82.48411560058594
v 73.84898376464844 41.16303253173828 82.68090057373047
v 69.33397674560547 40.44417953491211 82.83386993408203
v 73.01832580566406 40.30757522583008 83.23772430419922
v 73.77727508544922 40.47248840332031 82.81675720214844
v 70.43955993652344 41.94917678833008 82.54139709472656
v 73.53242492675781 41.63919448852539 82.62593078613281
v 71.03125762939453 42.37029266357422 82.35453796386719
v 71.93898010253906 42.116546630859375 82.63899993896484
v 72.84432220458984 41.85658645629883 82.70262145996094
v 71.32949829101562 41.64003372192383 82.94429779052734
v 72.35990142822266 41.21636962890625 83.13557434082031
v 73.28141021728516 41.12950897216797 82.95244598388672
v 71.2321548461914 38.317527770996094 83.16056823730469
v 72.0719223022461 38.131263732910156 83.05455017089844
v 72.73046112060547 38.22666549682617 82.95770263671875
v 70.53104400634766 38.61180114746094 83.19187927246094
v 72.95475769042969 38.85409164428711 83.15023040771484
v 70.31238555908203 39.130123138427734 83.340576171875
v 71.03614807128906 39.078521728515625 83.50408172607422
v 71.81633758544922 38.767452239990234 83.44267272949219
v 72.42109680175781 38.61686325073242 83.29997253417969
v 69.88652801513672 39.50324249267578 83.2197036743164
v 72.93888092041016 39.53702926635742 83.3332748413086
v 72.5293960571289 39.906005859375 83.52326202392578
v 70.49696350097656 39.76951217651367 83.49253845214844
v 71.21337127685547 39.7005615234375 83.64862823486328
v 71.66779327392578 39.3477897644043 83.63420867919922
v 72.34638977050781 39.26935577392578 83.51289367675781
v 69.8138656616211 40.14167022705078 83.19853210449219
v 72.2996826171875 40.455509185791016 83.47280883789062
v 69.79762268066406 40.826568603515625 82.98265075683594
v 70.59403228759766 41.122291564941406 83.1176528930664
v 71.58557891845703 40.8133430480957 83.39347076416016
v 70.32292938232422 40.460914611816406 83.35563659667969
v 71.00730895996094 40.32448196411133 83.53076171875
v 71.83133697509766 39.97723388671875 83.62154388427734
v -9.310553550720215 -65.5821304321289 64.28926086425781
v -8.221695899963379 -64.67727661132812 64.7361831665039
v -9.913091659545898 -67.20240783691406 64.7848892211914
v -8.991254806518555 -67.357177734375 64.91307067871094
v -9.440625190734863 -65.7623062133789 64.35449981689453
v -10.599011421203613 -66.6374282836914 64.7972412109375
v -9.961404800415039 -66.48460388183594 64.60270690917969
v -9.274513244628906 -66.29442596435547 64.58387756347656
v -8.196250915527344 -66.64984130859375 65.02191925048828
v -9.437530517578125 -65.50011444091797 64.37838745117188
v -9.145730018615723 -65.68611907958984 64.37959289550781
v -9.142635345458984 -65.4239273071289 64.40349578857422
v -8.279760360717773 -64.86297607421875 64.69572448730469
v -10.889561653137207 -65.74079895019531 64.95169830322266
v -9.925493240356445 -65.7890625 64.58253479003906
v -8.495089530944824 -65.41775512695312 64.70662689208984
v -7.573924541473389 -65.82369232177734 65.26477813720703
v -8.500487327575684 -64.75391387939453 64.73955535888672
v -8.007739067077637 -64.75513458251953 64.93370819091797
v -8.22697639465332 -64.50941467285156 64.90499877929688
v -11.157581329345703 -64.9909896850586 65.25350189208984
v -10.3019380569458 -64.98314666748047 64.96417999267578
v -9.273364067077637 -65.0183334350586 64.70222473144531
v -7.690573215484619 -65.14090728759766 65.16505432128906
v -10.708142280578613 -64.3509292602539 65.44913482666016
v -9.718777656555176 -64.26164245605469 65.31756591796875
v -8.64600658416748 -64.28257751464844 65.18672180175781
v -10.175019264221191 -67.84432220458984 65.01214599609375
v -9.5263032913208 -68.15121459960938 65.1655044555664
v -10.479084968566895 -68.37621307373047 65.41983795166016
v -9.80029582977295 -68.70105743408203 65.49774169921875
v -10.649198532104492 -67.506103515625 64.99182891845703
v -8.781517028808594 -68.00775146484375 65.1380844116211
v -11.076919555664062 -67.12263488769531 65.0204086303711
v -8.218982696533203 -67.69500732421875 65.25691223144531
v -11.381999015808105 -67.7012939453125 65.38822174072266
v -8.45254898071289 -68.17208099365234 65.29303741455078
v -11.458680152893066 -66.59561157226562 65.21431732177734
v -7.6538801193237305 -67.25114440917969 65.40833282470703
v -7.274907112121582 -66.6790771484375 65.55188751220703
v -12.058693885803223 -67.17437744140625 65.72090148925781
v -7.2880659103393555 -67.27312469482422 65.6536636352539
v -11.631158828735352 -65.60501098632812 65.36300659179688
v -6.89097261428833 -65.9485092163086 65.83403778076172
v -12.162442207336426 -66.22872924804688 65.77021026611328
v -6.465597629547119 -66.04936981201172 66.33255004882812
v -11.65767765045166 -65.04129028320312 65.49715423583984
v -7.116867542266846 -65.23625946044922 65.73393249511719
v -11.513201713562012 -64.52998352050781 65.73413848876953
v -7.460732460021973 -64.6612548828125 65.55160522460938
v -12.125802040100098 -65.25227355957031 65.90974426269531
v -11.031286239624023 -64.05104064941406 65.7935562133789
v -7.936601161956787 -64.32366943359375 65.32398223876953
v -10.391085624694824 -63.66868209838867 66.06942749023438
v -9.00164794921875 -63.619407653808594 65.98316955566406
v -8.063691139221191 -63.88173294067383 65.86009216308594
v -11.405912399291992 -63.94283676147461 66.19734954833984
v -7.494015693664551 -64.20257568359375 65.92736053466797
v -10.386653900146484 -63.13519287109375 66.8234634399414
v -9.538453102111816 -63.14741134643555 66.6827621459961
v -10.85545825958252 -69.13047790527344 66.20228576660156
v -9.922257423400879 -69.15217590332031 65.95829010009766
v -11.263570785522461 -68.45618438720703 65.7147216796875
v -9.228975296020508 -68.90895080566406 65.72693634033203
v -11.642768859863281 -68.221435546875 65.72151947021484
v -8.737011909484863 -68.47630310058594 65.43540954589844
v -11.71362018585205 -68.62347412109375 66.17375183105469
v -8.377545356750488 -68.98258972167969 66.07493591308594
v -7.788641452789307 -69.04168701171875 66.57245635986328
v -11.976537704467773 -67.95301055908203 65.87351989746094
v -8.133929252624512 -68.34770202636719 65.62396240234375
v -12.386885643005371 -67.60386657714844 66.1648941040039
v -7.451485633850098 -67.87455749511719 65.89540100097656
v -12.285104751586914 -68.21109008789062 66.44041442871094
v -7.743105888366699 -68.61897277832031 66.16403198242188
v -12.577253341674805 -66.9139404296875 66.29251861572266
v -6.945603370666504 -67.22235870361328 66.00309753417969
v -6.669476509094238 -66.58220672607422 66.1257095336914
v -6.530032157897949 -67.09791564941406 66.51004791259766
v -12.716973304748535 -65.94918823242188 66.48653411865234
v -6.2667412757873535 -66.52288818359375 66.81366729736328
v -6.258694171905518 -65.84097290039062 66.76295471191406
v -13.136589050292969 -66.03917694091797 67.16022491455078
v -12.561748504638672 -65.21408081054688 66.42974853515625
v -6.57622766494751 -65.46234893798828 66.33832550048828
v -12.207425117492676 -64.52579498291016 66.50542449951172
v -12.919353485107422 -65.3091049194336 67.01387786865234
v -6.290676593780518 -65.30729675292969 67.01229095458984
v -11.799046516418457 -63.886878967285156 66.61490631103516
v -6.841296672821045 -64.63023376464844 66.60658264160156
v -11.279057502746582 -63.43729782104492 66.84915161132812
v -8.139768600463867 -63.43448257446289 66.53522491455078
v -7.470470905303955 -63.84879684448242 66.57283782958984
v -12.11507797241211 -63.933284759521484 67.1374740600586
v -6.34287691116333 -64.90296173095703 67.29290771484375
v -10.761911392211914 -62.99153518676758 67.29547119140625
v -8.725748062133789 -63.172786712646484 66.68609619140625
v -9.934479713439941 -62.83112716674805 67.5287094116211
v -8.911170959472656 -62.93629455566406 67.36393737792969
v -11.282233238220215 -63.09732437133789 67.51426696777344
v -8.255657196044922 -63.133209228515625 67.1385269165039
v -7.660976886749268 -63.427589416503906 67.27714538574219
v -11.511256217956543 -69.27425384521484 66.86679077148438
v -10.79892635345459 -69.82100677490234 67.0165023803711
v -10.07019329071045 -69.78059387207031 66.6540756225586
v -9.05734634399414 -69.6400146484375 66.612060546875
v -8.1973876953125 -69.42864227294922 66.76439666748047
v -10.201774597167969 -70.26077270507812 67.26142120361328
v -9.562650680541992 -70.23082733154297 67.1456527709961
v -8.995448112487793 -70.19988250732422 67.33325958251953
v -12.06651496887207 -68.7786636352539 66.78797912597656
v -7.698609828948975 -69.27928924560547 67.15623474121094
v -12.478826522827148 -68.41516876220703 67.16423797607422
v -12.677166938781738 -67.66280364990234 66.76520538330078
v -7.201450347900391 -68.58880615234375 66.89772033691406
v -6.778218746185303 -67.73542022705078 66.59249114990234
v -6.606259822845459 -68.07266235351562 67.251953125
v -13.010183334350586 -66.855224609375 67.1409683227539
v -6.3119893074035645 -67.36275482177734 67.19898223876953
v -13.333959579467773 -66.3832778930664 67.74898529052734
v -13.296934127807617 -65.7708511352539 67.54662322998047
v -6.069146633148193 -66.76099395751953 67.49193572998047
v -13.233902931213379 -65.29634857177734 67.78097534179688
v -6.062457084655762 -66.00987243652344 67.46029663085938
v -12.748147010803223 -64.6180191040039 67.42938232421875
v -12.487528800964355 -64.0776596069336 68.09082794189453
v -6.122231483459473 -65.27539825439453 67.7410888671875
v -11.829597473144531 -63.455787658691406 67.61268615722656
v -6.433399200439453 -64.6343994140625 67.86275482177734
v -11.523170471191406 -63.134071350097656 68.02835083007812
v -7.022740840911865 -63.96721649169922 67.48976135253906
v -10.832571029663086 -62.85209274291992 68.04613494873047
v -10.037060737609863 -62.59981918334961 68.46283721923828
v -9.123289108276367 -62.71406936645508 68.37505340576172
v -8.122953414916992 -63.10591125488281 68.04393768310547
v -7.360597610473633 -63.55963897705078 68.07823944091797
v -11.973636627197266 -63.47997283935547 68.3196792602539
v -10.097723960876465 -62.487022399902344 69.08262634277344
v -9.577874183654785 -62.48064422607422 69.00169372558594
v -10.247321128845215 -70.50194549560547 67.79705047607422
v -9.810221672058105 -70.50816345214844 67.5623779296875
v -9.339086532592773 -70.49789428710938 67.64679718017578
v -10.682896614074707 -70.22492980957031 67.57258605957031
v -8.882590293884277 -70.36540985107422 67.80482482910156
v -11.308252334594727 -69.80116271972656 67.75275421142578
v -8.312360763549805 -69.85336303710938 67.59004211425781
v -9.194708824157715 -70.55029296875 68.0849380493164
v -12.03040599822998 -69.10282897949219 67.49431610107422
v -7.302103519439697 -69.1440658569336 68.07565307617188
v -12.51560115814209 -68.62845611572266 68.05060577392578
v -6.7488694190979 -68.51227569580078 67.69182586669922
v -12.874669075012207 -67.82334899902344 67.61681365966797
v -6.347809314727783 -67.93924713134766 67.94670104980469
v -6.652350902557373 -68.52950286865234 68.29801177978516
v -13.19904899597168 -67.16256713867188 68.10650634765625
v -6.09657096862793 -67.24523162841797 67.88241577148438
v -13.418729782104492 -66.5439224243164 68.48876953125
v -13.447905540466309 -65.90916442871094 68.11872100830078
v -5.989704132080078 -66.6424789428711 68.12364196777344
v -13.410841941833496 -65.47169494628906 68.43450164794922
v -5.98393440246582 -65.87967681884766 68.31246185302734
v -13.089725494384766 -64.85594177246094 68.23243713378906
v -13.276961326599121 -65.2000961303711 68.79611206054688
v -12.904072761535645 -64.67252349853516 68.91718292236328
v -6.104169845581055 -65.202392578125 68.4961166381836
v -6.336694240570068 -64.75518798828125 68.76185607910156
v -6.180983066558838 -65.19120025634766 69.12162017822266
v -12.265073776245117 -63.91181945800781 69.15039825439453
v -6.825500011444092 -64.14635467529297 68.65077209472656
v -11.461593627929688 -63.148765563964844 68.84894561767578
v -10.652154922485352 -62.69603729248047 68.933349609375
v -8.421469688415527 -62.98908233642578 69.24385070800781
v -7.5348639488220215 -63.5324592590332 68.98606872558594
v -10.360697746276855 -62.58223342895508 69.56787872314453
v -9.072638511657715 -62.59840393066406 69.16829681396484
v -9.832521438598633 -62.45199966430664 69.52105712890625
v -9.38814926147461 -62.48531723022461 69.49484252929688
v -10.255779266357422 -70.558837890625 68.2671890258789
v -9.735274314880371 -70.61271667480469 68.06940460205078
v -10.728975296020508 -70.32869720458984 68.13975524902344
v -9.384661674499512 -70.54067993164062 68.49855041503906
v -11.152615547180176 -69.9808120727539 68.81517028808594
v -8.764505386352539 -70.30299377441406 68.44276428222656
v -8.002960205078125 -69.84599304199219 68.66798400878906
v -10.528454780578613 -70.40090942382812 68.65678405761719
v -9.95118522644043 -70.51813507080078 68.67930603027344
v -11.927671432495117 -69.34132385253906 68.46742248535156
v -7.50546932220459 -69.3781509399414 69.21946716308594
v -12.442265510559082 -68.74559020996094 69.0211410522461
v -7.983157157897949 -69.83756256103516 69.37287139892578
v -12.907297134399414 -67.99339294433594 68.56802368164062
v -6.834777355194092 -68.61750030517578 69.06149291992188
v -6.402644634246826 -68.13304901123047 68.6385498046875
v -13.168571472167969 -67.21406555175781 69.08692169189453
v -6.150471210479736 -67.40585327148438 68.6066665649414
v -13.38184928894043 -66.47956085205078 69.09565734863281
v -6.4102253913879395 -67.91410064697266 69.14471435546875
v -13.492600440979004 -66.01586151123047 68.72901153564453
v -6.046178817749023 -66.53877258300781 68.8886489868164
v -13.423715591430664 -65.63103485107422 68.93733978271484
v -13.379931449890137 -66.02617645263672 69.22733306884766
v -6.304605960845947 -67.22010040283203 69.41826629638672
v -13.148770332336426 -65.46405029296875 69.422119140625
v -6.05955171585083 -65.75799560546875 69.03850555419922
v -6.265113830566406 -65.57233428955078 69.56575775146484
v -6.260770320892334 -66.32245635986328 69.60945129394531
v -12.689279556274414 -64.73177337646484 69.78829956054688
v -6.547976016998291 -64.88373565673828 69.55467224121094
v -12.188785552978516 -64.14276885986328 70.1948013305664
v -7.093426704406738 -64.1553955078125 69.74182891845703
v -11.66616153717041 -63.49820327758789 69.88096618652344
v -10.97591495513916 -62.950740814208984 69.69622802734375
v -8.632438659667969 -63.12669372558594 70.23787689208984
v -7.797401428222656 -63.65459442138672 70.111083984375
v -11.732183456420898 -63.80039596557617 70.5913314819336
v -7.2940993309021 -64.21373748779297 70.45638275146484
v -10.462235450744629 -62.79684066772461 70.19438934326172
v -9.007478713989258 -62.69268798828125 69.7586441040039
v -10.03885269165039 -62.55006408691406 69.9573745727539
v -9.549432754516602 -62.56985092163086 70.01286315917969
v -9.170085906982422 -62.81010437011719 70.30233764648438
v -11.098347663879395 -69.87722778320312 69.61966705322266
v -10.396541595458984 -70.19434356689453 69.33153533935547
v -9.349126815795898 -70.28985595703125 69.19343566894531
v -8.476339340209961 -70.0937271118164 69.23806762695312
v -11.732991218566895 -69.3562240600586 69.63421630859375
v -8.245017051696777 -69.92208862304688 69.6590805053711
v -12.34986400604248 -68.66658782958984 69.81026458740234
v -7.950315475463867 -69.56399536132812 69.93767547607422
v -11.240708351135254 -69.65129089355469 70.02725219726562
v -10.698960304260254 -69.7962646484375 70.10942840576172
v -9.782707214355469 -69.91791534423828 70.0567626953125
v -8.744405746459961 -69.88575744628906 69.95024108886719
v -12.783388137817383 -68.08706665039062 69.47116088867188
v -7.336368083953857 -68.8289566040039 70.02761840820312
v -12.491010665893555 -68.08108520507812 70.2626953125
v -7.817788124084473 -69.1749038696289 70.47325134277344
v -12.890058517456055 -67.47522735595703 69.88597869873047
v -6.739267826080322 -67.96748352050781 69.80023193359375
v -12.581275939941406 -67.26557922363281 70.57262420654297
v -13.053427696228027 -66.4990234375 69.83631896972656
v -6.678563594818115 -67.02233123779297 70.17744445800781
v -12.512755393981934 -66.3518295288086 70.81427764892578
v -12.759879112243652 -65.5506362915039 70.29109191894531
v -6.677194118499756 -65.84619140625 70.26493072509766
v -12.296829223632812 -65.47427368164062 71.0330810546875
v -12.41174030303955 -64.83171081542969 70.60326385498047
v -7.0181379318237305 -64.83049011230469 70.49920654296875
v -11.942047119140625 -64.36783599853516 70.95929718017578
v -7.287528991699219 -64.47493743896484 70.81507110595703
v -12.156893730163574 -64.9063720703125 71.0771713256836
v -7.488065242767334 -64.82542419433594 71.20288848876953
v -11.527070045471191 -63.871517181396484 71.01433563232422
v -7.645495891571045 -64.18810272216797 70.88565063476562
v -11.01784610748291 -63.40107345581055 70.68705749511719
v -9.24468994140625 -63.211673736572266 70.81998443603516
v -8.39913558959961 -63.78669357299805 70.98504638671875
v -11.241412162780762 -63.813079833984375 71.17668151855469
v -8.00673770904541 -64.43621063232422 71.41934204101562
v -10.28344440460205 -63.00696563720703 70.6842041015625
v -9.537566184997559 -62.787925720214844 70.50238037109375
v -9.9542236328125 -62.711082458496094 70.39202117919922
v -9.819818496704102 -62.974449157714844 70.76097106933594
v -11.19530200958252 -69.25606536865234 70.56285095214844
v -10.221508979797363 -69.40283203125 70.78286743164062
v -9.215950012207031 -69.46708679199219 70.71721649169922
v -8.366508483886719 -69.40982055664062 70.56853485107422
v -11.935661315917969 -68.71826934814453 70.46219635009766
v -8.048081398010254 -69.00200653076172 70.86717224121094
v -7.645072937011719 -68.73306274414062 70.69684600830078
v -11.469139099121094 -68.6141586303711 71.1044692993164
v -10.688682556152344 -68.73167419433594 71.43443298339844
v -9.591635704040527 -68.81044006347656 71.46941375732422
v -8.635418891906738 -68.94293975830078 71.14447784423828
v -11.975953102111816 -67.9212417602539 71.0792465209961
v -7.300207138061523 -67.92981719970703 70.66838073730469
v -11.266292572021484 -68.11827087402344 71.65953063964844
v -8.755657196044922 -68.1591796875 71.7149429321289
v -8.002025604248047 -68.43070220947266 71.15322875976562
v -12.143692970275879 -67.03152465820312 71.23690795898438
v -7.228655815124512 -66.72862243652344 70.95612335205078
v -8.597969055175781 -67.19632720947266 72.0369873046875
v -7.915814399719238 -67.49700927734375 71.43994903564453
v -11.829660415649414 -66.21528625488281 71.58264923095703
v -7.275547504425049 -65.65584564208984 71.09989929199219
v -7.736968040466309 -65.435546875 71.59664154052734
v -11.025995254516602 -65.75215911865234 72.08190155029297
v -8.746874809265137 -66.36214447021484 72.23861694335938
v -7.927120685577393 -66.340576171875 71.6925277709961
v -11.704137802124023 -65.0743637084961 71.4806900024414
v -7.932557582855225 -64.9617919921875 71.66697692871094
v -11.404417991638184 -64.25616455078125 71.3675765991211
v -8.350030899047852 -64.76716613769531 71.79010772705078
v -10.87811279296875 -64.74785614013672 71.78292846679688
v -10.085164070129395 -65.34349060058594 72.19803619384766
v -9.229887008666992 -65.74430847167969 72.31224060058594
v -8.383856773376465 -65.47296905517578 71.9677505493164
v -10.810691833496094 -63.95285415649414 71.38176727294922
v -8.57271671295166 -64.30796813964844 71.58570861816406
v -10.07226848602295 -63.48659133911133 71.13448333740234
v -9.21722412109375 -63.940513610839844 71.43466186523438
v -10.034721374511719 -64.33644104003906 71.72248077392578
v -9.099027633666992 -64.81230163574219 71.93794250488281
v -10.119239807128906 -68.31019592285156 71.99862670898438
v -9.495421409606934 -68.22345733642578 72.02013397216797
v -10.709267616271973 -68.165283203125 71.983642578125
v -9.252626419067383 -67.68144989013672 72.24371337890625
v -10.961740493774414 -67.70316314697266 72.10697937011719
v -10.352851867675781 -67.70618438720703 72.33533477783203
v -9.795689582824707 -67.90596008300781 72.29686737060547
v -11.506303787231445 -67.25948333740234 71.8100814819336
v -9.223832130432129 -66.9902572631836 72.43391418457031
v -11.228598594665527 -66.54646301269531 72.1257553100586
v -10.794882774353027 -67.06925964355469 72.35295867919922
v -10.210906028747559 -67.13197326660156 72.55186462402344
v -9.764188766479492 -67.39582824707031 72.49143981933594
v -10.786694526672363 -66.4020004272461 72.39745330810547
v -9.346661567687988 -66.40811920166016 72.506103515625
v -10.43105411529541 -66.03861236572266 72.43890380859375
v -9.861204147338867 -66.1469955444336 72.52245330810547
v -10.321600914001465 -66.60106658935547 72.56298065185547
v -9.780317306518555 -66.78950500488281 72.59663391113281
v 33.92792892456055 33.199806213378906 105.7366943359375
v 34.740684509277344 33.11580276489258 105.7154769897461
v 35.53018569946289 33.08707046508789 105.84429168701172
v 36.113922119140625 33.0403938293457 106.0614242553711
v 33.64202880859375 34.003662109375 105.8011474609375
v 34.41400909423828 33.90317916870117 105.68148040771484
v 35.21548080444336 33.85170364379883 105.78782653808594
v 36.01995849609375 33.733116149902344 106.08826446533203
v 33.489990234375 34.765625 105.97860717773438
v 34.185733795166016 34.66184997558594 105.84769439697266
v 34.87086486816406 34.50835418701172 105.8484878540039
v 35.70229721069336 34.68427658081055 106.20833587646484
v 33.94777297973633 35.29677200317383 106.14224243164062
v 34.82773971557617 35.27899169921875 106.24163055419922
v 33.55537796020508 32.565101623535156 105.9588623046875
v 34.25974655151367 32.424835205078125 105.88040161132812
v 35.19410705566406 32.28166198730469 106.01211547851562
v 35.86948013305664 32.546958923339844 106.06153106689453
v 33.75031661987305 31.89361000061035 106.19187927246094
v 34.57366943359375 31.659406661987305 106.2480239868164
v 35.318702697753906 31.518917083740234 106.42498016357422
v 33.170223236083984 33.230064392089844 105.9947280883789
v 36.345943450927734 32.60586166381836 106.31258392333984
v 32.86594772338867 34.16117477416992 106.16236877441406
v 36.7042121887207 33.27352523803711 106.52954864501953
v 32.21260070800781 33.96710205078125 106.56678009033203
v 37.29276657104492 33.793277740478516 107.06437683105469
v 33.035457611083984 34.95008087158203 106.27313995361328
v 36.721519470214844 34.39626693725586 106.71772766113281
v 33.43194580078125 35.28078842163086 106.20884704589844
v 36.31459426879883 35.155738830566406 106.71455383300781
v 32.429683685302734 34.757591247558594 106.72096252441406
v 37.279449462890625 34.29963302612305 107.08946990966797
v 33.6563606262207 35.5682373046875 106.37185668945312
v 35.773563385009766 35.5831184387207 106.71442413330078
v 34.162010192871094 35.89122772216797 106.7571029663086
v 35.08373260498047 35.92543411254883 106.79976654052734
v 32.465213775634766 35.380165100097656 107.16240692138672
v 33.15170669555664 35.544586181640625 106.72268676757812
v 36.33837890625 35.54075241088867 106.95665740966797
v 34.2576904296875 36.40031433105469 107.51345825195312
v 34.91496658325195 36.32701873779297 107.36212158203125
v 33.433231353759766 31.541200637817383 106.50640869140625
v 34.023677825927734 31.219158172607422 106.60120391845703
v 34.998687744140625 30.899362564086914 106.85767364501953
v 33.23713302612305 31.047378540039062 107.06643676757812
v 34.30399703979492 30.61686897277832 107.12773132324219
v 34.851810455322266 30.44831657409668 107.219482421875
v 32.90558624267578 32.19537353515625 106.44670867919922
v 35.69524383544922 31.173110961914062 106.7944564819336
v 36.0969123840332 31.83377456665039 106.58740997314453
v 32.1663932800293 31.607990264892578 107.15926361083984
v 36.06644058227539 31.187793731689453 106.9792251586914
v 32.43486785888672 33.2739372253418 106.40271759033203
v 36.80485153198242 32.44340515136719 106.79954528808594
v 31.886770248413086 33.4329719543457 106.81378936767578
v 37.35680389404297 32.9295654296875 107.2884292602539
v 31.503578186035156 32.13811492919922 107.465576171875
v 31.973217010498047 32.62526321411133 106.88993835449219
v 37.18125915527344 32.32143020629883 107.2864990234375
v 31.786836624145508 34.07265090942383 107.10034942626953
v 37.762786865234375 33.59406661987305 107.67121124267578
v 31.421838760375977 33.144195556640625 107.43873596191406
v 38.078678131103516 33.537940979003906 108.19464111328125
v 31.893600463867188 34.884185791015625 107.57782745361328
v 37.59463882446289 34.20913314819336 107.50074005126953
v 37.278167724609375 34.69074630737305 107.33097839355469
v 31.34514617919922 34.02946472167969 107.85831451416016
v 32.325897216796875 35.56142807006836 107.72534942626953
v 36.81250762939453 35.284759521484375 107.33226776123047
v 32.80195999145508 35.814640045166016 107.40248107910156
v 33.49885940551758 36.177860260009766 107.50199890136719
v 36.25511932373047 35.85185241699219 107.29907989501953
v 37.29794692993164 35.0302619934082 107.6949234008789
v 34.00521469116211 36.5414924621582 108.02650451660156
v 35.63926696777344 36.14630889892578 107.26968383789062
v 34.73870849609375 36.601661682128906 108.18962860107422
v 35.52459716796875 36.44294738769531 107.95288848876953
v 33.50939178466797 36.43460464477539 108.29164123535156
v 36.07505416870117 36.20432662963867 107.77685546875
v 32.99665832519531 30.408349990844727 107.94923400878906
v 33.97886657714844 30.29622459411621 107.69590759277344
v 34.76211929321289 30.218618392944336 107.58887481689453
v 32.423038482666016 30.949350357055664 107.4796371459961
v 35.27829360961914 30.366012573242188 107.44720458984375
v 31.992259979248047 31.146106719970703 107.5124740600586
v 35.871341705322266 30.720273971557617 107.42112731933594
v 32.040164947509766 30.807708740234375 107.95706176757812
v 35.65589904785156 30.286890029907227 107.77465057373047
v 31.651344299316406 31.401033401489258 107.66043853759766
v 36.45115661621094 31.262052536010742 107.3311767578125
v 31.26496696472168 31.74169158935547 107.93633270263672
v 36.87800979614258 31.86971664428711 107.26216888427734
v 31.46690559387207 31.179719924926758 108.23239135742188
v 36.95683288574219 31.450223922729492 107.87125396728516
v 31.092300415039062 32.39363098144531 108.03146362304688
v 37.4567756652832 32.18429183959961 108.04049682617188
v 37.88134002685547 33.02735900878906 108.06522369384766
v 31.001258850097656 33.21484375 108.2912368774414
v 38.1925048828125 33.30340576171875 108.62129211425781
v 38.21257019042969 33.7235221862793 108.54863739013672
v 31.065034866333008 33.97566604614258 108.7005615234375
v 37.964988708496094 34.065093994140625 108.18623352050781
v 31.44280242919922 34.632022857666016 108.3275146484375
v 38.16204071044922 34.03630065917969 108.77122497558594
v 31.970399856567383 35.334449768066406 108.54338836669922
v 37.60264587402344 34.67565155029297 107.9446792602539
v 32.802345275878906 36.01982879638672 108.2192611694336
v 37.248783111572266 35.249305725097656 108.28763580322266
v 33.29816436767578 36.35693359375 109.0588150024414
v 36.602718353271484 35.85231018066406 108.0054931640625
v 34.10934829711914 36.61647415161133 108.8512191772461
v 34.861942291259766 36.6545295715332 109.03250885009766
v 35.47834014892578 36.52626037597656 108.78689575195312
v 36.13645935058594 36.252742767333984 108.47937774658203
v 22.78803253173828 -22.291950225830078 98.60335540771484
v 23.734466552734375 -22.47362518310547 98.6996078491211
v 24.352815628051758 -22.525875091552734 98.84568786621094
v 21.98969841003418 -21.642993927001953 98.6409912109375
v 22.78190040588379 -21.468107223510742 98.55717468261719
v 23.486085891723633 -21.690364837646484 98.6178970336914
v 24.235567092895508 -21.90833282470703 98.82748413085938
v 21.629302978515625 -20.827470779418945 98.84054565429688
v 22.420127868652344 -20.846952438354492 98.7040023803711
v 23.23874282836914 -20.91086769104004 98.71466827392578
v 24.022876739501953 -21.092548370361328 98.91033172607422
v 21.383987426757812 -20.299209594726562 99.10336303710938
v 22.019227981567383 -20.212881088256836 99.03646087646484
v 22.889266967773438 -20.216350555419922 98.9925765991211
v 23.70655632019043 -20.32893180847168 99.08710479736328
v 32.449256896972656 30.275726318359375 108.62239837646484
v 33.21654510498047 30.002918243408203 108.64445495605469
v 33.90105438232422 29.973243713378906 108.41553497314453
v 34.70301818847656 29.977985382080078 108.20526123046875
v 35.334014892578125 30.09842300415039 107.98596954345703
v 31.808956146240234 30.679611206054688 108.53719329833984
v 35.94233322143555 30.292804718017578 108.3095703125
v 31.482168197631836 30.990413665771484 109.02067565917969
v 36.53648376464844 30.87078857421875 108.14152526855469
v 31.99534797668457 30.443801879882812 109.01323699951172
v 31.0981388092041 31.71329689025879 108.52149963378906
v 37.13870620727539 31.36393928527832 108.74361419677734
v 30.867460250854492 32.43324279785156 108.79560852050781
v 37.70282745361328 32.119998931884766 109.30248260498047
v 38.000423431396484 32.73843765258789 108.77169036865234
v 30.82195281982422 33.189964294433594 109.15314483642578
v 38.22856140136719 33.208011627197266 109.19385528564453
v 38.05929183959961 32.77425003051758 109.44648742675781
v 30.98978042602539 33.8884391784668 109.60211944580078
v 38.272762298583984 33.66789627075195 109.00309753417969
v 31.36995506286621 34.64574432373047 109.15507507324219
v 38.14305877685547 34.08342361450195 109.28060150146484
v 31.892911911010742 35.222023010253906 109.72760009765625
v 37.830928802490234 34.56635284423828 108.8004150390625
v 32.564170837402344 35.87317657470703 109.32366180419922
v 37.386940002441406 35.130638122558594 109.31678771972656
v 33.17416763305664 36.18362808227539 110.00157928466797
v 36.777652740478516 35.760494232177734 108.93712615966797
v 33.87052917480469 36.47587966918945 109.7843246459961
v 34.61748123168945 36.56968688964844 109.69832611083984
v 35.365272521972656 36.447227478027344 109.64158630371094
v 36.12517166137695 36.14541244506836 109.4110336303711
v 22.36577606201172 -22.970495223999023 98.79883575439453
v 23.25734519958496 -23.21190071105957 98.91849517822266
v 24.14918327331543 -23.050762176513672 98.97554779052734
v 21.450971603393555 -23.803810119628906 99.51496124267578
v 22.42101287841797 -23.705718994140625 99.23294067382812
v 23.28546714782715 -23.90252685546875 99.32039642333984
v 21.974979400634766 -22.44049835205078 98.68196868896484
v 24.648818969726562 -22.80653190612793 99.08302307128906
v 21.409337997436523 -22.186487197875977 98.82438659667969
v 20.776926040649414 -23.295351028442383 99.47528839111328
v 21.528566360473633 -22.99772071838379 99.0266342163086
v 25.03013801574707 -22.75093650817871 99.48920440673828
v 21.143840789794922 -21.477901458740234 98.9434585571289
v 24.773033142089844 -22.253509521484375 99.12628936767578
v 20.697145462036133 -22.322208404541016 99.2951889038086
v 25.224712371826172 -22.069944381713867 99.70270538330078
v 20.994781494140625 -20.70676040649414 99.13568878173828
v 24.788740158081055 -21.386938095092773 99.35739135742188
v 20.474689483642578 -21.27838134765625 99.44383239746094
v 25.322952270507812 -21.40806007385254 99.98529815673828
v 21.04443359375 -20.237125396728516 99.29903411865234
v 24.419910430908203 -20.48472023010254 99.43315887451172
v 21.375171661376953 -19.797279357910156 99.59732055664062
v 22.456132888793945 -19.631296157836914 99.47602081298828
v 23.365211486816406 -19.697439193725586 99.46379852294922
v 24.032766342163086 -19.887266159057617 99.54557800292969
v 20.57802963256836 -20.387248992919922 99.65338134765625
v 21.2207088470459 -19.263200759887695 100.2634048461914
v 22.00684928894043 -19.15100860595703 100.1260757446289
v 22.99103546142578 -19.158510208129883 100.0920181274414
v 23.858322143554688 -19.39698600769043 100.06078338623047
v 33.02976608276367 29.94707679748535 109.18782043457031
v 33.830039978027344 29.82686424255371 109.12944030761719
v 34.684871673583984 29.843746185302734 108.94886779785156
v 35.40227508544922 29.96851348876953 108.65393829345703
v 32.437862396240234 30.15608024597168 109.24336242675781
v 35.90433883666992 30.124536514282227 108.94576263427734
v 31.4554443359375 31.12162971496582 109.93476104736328
v 32.15076446533203 30.467851638793945 109.7477035522461
v 36.47467803955078 30.575719833374023 109.27351379394531
v 32.831790924072266 30.04897689819336 109.7073745727539
v 33.59832000732422 29.89145851135254 109.82330322265625
v 34.55402374267578 29.850257873535156 109.7565689086914
v 35.541412353515625 30.025218963623047 109.49861907958984
v 31.02022361755371 31.70368194580078 109.31927490234375
v 37.25282669067383 31.377342224121094 109.8658218383789
v 36.7735481262207 30.827945709228516 110.25898742675781
v 30.807241439819336 32.41558074951172 109.63135528564453
v 37.627525329589844 32.00018310546875 110.02542877197266
v 30.82929039001465 33.11033248901367 110.02196502685547
v 37.813720703125 32.746620178222656 110.16365814208984
v 38.132537841796875 33.21133804321289 109.71302795410156
v 31.057878494262695 33.71859359741211 110.48931884765625
v 38.216217041015625 33.6547966003418 109.52566528320312
v 31.377309799194336 34.47712707519531 110.15277862548828
v 38.10294723510742 34.00394058227539 109.69278717041016
v 37.9337043762207 33.746925354003906 110.074462890625
v 31.915435791015625 34.953834533691406 110.73904418945312
v 37.811824798583984 34.463260650634766 109.71522521972656
v 32.583885192871094 35.64081573486328 110.48251342773438
v 37.41995620727539 34.94257354736328 109.9517822265625
v 37.372100830078125 34.51775360107422 110.56014251708984
v 33.231693267822266 36.00325393676758 110.74244689941406
v 36.861759185791016 35.43436813354492 109.99129486083984
v 33.73822784423828 36.24787139892578 110.57685852050781
v 34.438209533691406 36.33103561401367 110.47698211669922
v 35.103023529052734 36.307987213134766 110.31816864013672
v 35.93022537231445 35.8847770690918 110.45328521728516
v 33.63388442993164 35.979896545410156 111.12813568115234
v 36.666542053222656 35.14236068725586 110.93635559082031
v 21.29401397705078 -24.3024845123291 100.19622039794922
v 22.181381225585938 -24.326732635498047 99.88775634765625
v 23.023197174072266 -24.30036735534668 99.72560119628906
v 20.83985710144043 -23.848896026611328 99.76243591308594
v 23.642255783081055 -24.21038055419922 99.66712188720703
v 20.436372756958008 -23.586360931396484 99.87178802490234
v 24.006195068359375 -23.734697341918945 99.41502380371094
v 24.656654357910156 -23.280109405517578 99.4236068725586
v 20.6225643157959 -23.980966567993164 100.17189025878906
v 24.090961456298828 -24.213891983032227 99.9626235961914
v 20.188827514648438 -22.96668243408203 99.9052505493164
v 25.071247100830078 -23.22991371154785 99.90501403808594
v 19.89334487915039 -21.975683212280273 100.04192352294922
v 25.379806518554688 -22.706722259521484 100.16207122802734
v 19.40052604675293 -22.075010299682617 100.7162094116211
v 19.96165657043457 -20.953672409057617 100.04338836669922
v 25.605993270874023 -21.927709579467773 100.55519104003906
v 25.53011703491211 -21.15327262878418 100.54244995117188
v 19.472665786743164 -21.400279998779297 100.60769653320312
v 20.11214256286621 -20.355632781982422 100.14517211914062
v 25.077831268310547 -20.646333694458008 100.1240005493164
v 20.47368812561035 -19.763315200805664 100.37919616699219
v 19.71480369567871 -20.533340454101562 100.73247528076172
v 25.46327781677246 -20.654388427734375 100.93071746826172
v 20.869522094726562 -19.148225784301758 100.72161865234375
v 24.51698112487793 -19.877944946289062 100.07725524902344
v 21.512557983398438 -18.870506286621094 100.78458404541016
v 22.480148315429688 -18.69369888305664 100.91426086425781
v 23.578611373901367 -18.88968276977539 100.89401245117188
v 24.318401336669922 -19.361806869506836 100.68266296386719
v 20.434003829956055 -19.328224182128906 101.07197570800781
v 22.420635223388672 -18.38353729248047 101.65705108642578
v 23.06645393371582 -18.46649932861328 101.5433578491211
v 31.419137954711914 31.346357345581055 110.60801696777344
v 32.170143127441406 30.83115577697754 110.80811309814453
v 33.139347076416016 30.218921661376953 110.5233154296875
v 34.268341064453125 30.012094497680664 110.56380462646484
v 35.25501251220703 30.074613571166992 110.4553451538086
v 36.13086700439453 30.39284324645996 110.31028747558594
v 31.030376434326172 31.75505828857422 110.1187515258789
v 36.539146423339844 30.934789657592773 111.03707885742188
v 37.07273483276367 31.265384674072266 110.63665008544922
v 31.17803955078125 31.818408966064453 110.77067565917969
v 31.722084045410156 31.52158546447754 111.33958435058594
v 30.919179916381836 32.385223388671875 110.44427490234375
v 37.4034538269043 31.96622085571289 110.65336608886719
v 31.288942337036133 32.33187484741211 111.2533187866211
v 36.98279571533203 31.573766708374023 111.1622543334961
v 31.000667572021484 33.027523040771484 110.81156158447266
v 37.44503402709961 32.807334899902344 110.98072052001953
v 31.31842613220215 33.113426208496094 111.43766784667969
v 37.046817779541016 32.345237731933594 111.43468475341797
v 31.17116928100586 33.53168869018555 111.0985336303711
v 37.551387786865234 33.56909942626953 110.80828857421875
v 31.5335636138916 34.140785217285156 111.16667175292969
v 37.28527069091797 34.04240417480469 111.13960266113281
v 31.38182258605957 33.596656799316406 111.43377685546875
v 37.01399612426758 33.50941467285156 111.5606918334961
v 32.02552032470703 34.72438049316406 111.42256927490234
v 36.93158721923828 34.46272659301758 111.34025573730469
v 32.46073532104492 35.17045974731445 111.33549499511719
v 33.19282150268555 35.568355560302734 111.37691497802734
v 36.549617767333984 34.88313293457031 111.46976470947266
v 32.383609771728516 34.79243850708008 111.79512786865234
v 36.33522033691406 34.4128532409668 111.91353607177734
v 33.88014221191406 35.682044982910156 111.5692367553711
v 36.05250930786133 35.27231216430664 111.37521362304688
v 34.225128173828125 36.003719329833984 111.15885162353516
v 35.12693786621094 35.83931350708008 111.12638092041016
v 34.56621551513672 35.45112228393555 111.78008270263672
v 35.461307525634766 35.04587936401367 111.91327667236328
v 20.737773895263672 -24.276519775390625 100.9460678100586
v 21.47765350341797 -24.684024810791016 100.92828369140625
v 22.113279342651367 -24.729284286499023 100.6314926147461
v 22.910600662231445 -24.681135177612305 100.40249633789062
v 23.626220703125 -24.513578414916992 100.19483184814453
v 20.193204879760742 -23.606157302856445 100.46282958984375
v 24.241771697998047 -24.40972137451172 100.64796447753906
v 24.662824630737305 -23.820402145385742 100.11710357666016
v 19.68087387084961 -22.83933448791504 100.75379180908203
v 25.23818016052246 -23.387897491455078 100.63259887695312
v 19.246618270874023 -22.35870361328125 101.3291244506836
v 19.189804077148438 -21.770883560180664 101.10554504394531
v 25.60919761657715 -22.76117515563965 101.0381851196289
v 19.232065200805664 -21.194284439086914 101.30529022216797
v 25.81230354309082 -22.15118408203125 101.42764282226562
v 19.400028228759766 -20.527538299560547 101.67906951904297
v 25.769685745239258 -21.32428741455078 101.40538024902344
v 19.92439079284668 -19.84667205810547 101.28069305419922
v 25.552858352661133 -20.490711212158203 101.7988510131836
v 20.283124923706055 -19.337793350219727 101.82501220703125
v 24.977697372436523 -19.922168731689453 101.01705932617188
v 20.914579391479492 -18.934673309326172 101.35892486572266
v 21.69860076904297 -18.562231063842773 101.61907958984375
v 24.330339431762695 -19.131071090698242 101.61172485351562
v 22.11199188232422 -18.33095359802246 102.11357116699219
v 23.677810668945312 -18.632780075073242 101.66039276123047
v 22.735679626464844 -18.308652877807617 102.23269653320312
v 23.34940528869629 -18.4216251373291 102.0667724609375
v 21.642351150512695 -18.46653938293457 102.36739349365234
v 33.14030075073242 30.581035614013672 111.48444366455078
v 34.021976470947266 30.326610565185547 111.36700439453125
v 34.96974182128906 30.277603149414062 111.25952911376953
v 35.796974182128906 30.45123863220215 111.1201171875
v 32.62728500366211 31.10672378540039 111.85559844970703
v 36.04299545288086 30.9068660736084 111.6363525390625
v 32.17192459106445 31.64129066467285 112.01785278320312
v 33.244754791259766 30.818082809448242 112.02655029296875
v 33.832000732421875 30.70458984375 112.05409240722656
v 34.78020095825195 30.69932746887207 112.03045654296875
v 35.490909576416016 30.632837295532227 111.71428680419922
v 31.76532554626465 32.022743225097656 111.8210220336914
v 36.44947814941406 31.650510787963867 111.78977966308594
v 32.26961898803711 32.18849563598633 112.3275375366211
v 35.614715576171875 31.22202491760254 112.21782684326172
v 31.756898880004883 32.679622650146484 111.9255142211914
v 36.516807556152344 32.748619079589844 112.0941390991211
v 32.50950241088867 33.01545715332031 112.52447509765625
v 35.89860916137695 32.163978576660156 112.49503326416016
v 31.8176212310791 33.54962921142578 111.86787414550781
v 36.43220138549805 33.59626007080078 112.197998046875
v 32.10476303100586 34.31221008300781 111.84954833984375
v 36.126564025878906 33.91813659667969 112.37936401367188
v 32.558563232421875 33.91905212402344 112.3550033569336
v 33.306541442871094 33.56489562988281 112.86474609375
v 35.83354568481445 33.28462219238281 112.64138793945312
v 32.60466384887695 34.52280807495117 112.1441650390625
v 35.65721893310547 34.23909378051758 112.42997741699219
v 32.92042922973633 34.97138977050781 111.93207550048828
v 33.81570053100586 35.03505325317383 112.11280822753906
v 34.81199264526367 34.67002487182617 112.3924560546875
v 33.210205078125 34.392417907714844 112.44490051269531
v 34.12388610839844 34.08058166503906 112.79405975341797
v 35.067562103271484 33.83462905883789 112.83271789550781
v 20.653276443481445 -24.428770065307617 102.01866912841797
v 21.348356246948242 -24.784578323364258 101.67647552490234
v 22.070249557495117 -24.962017059326172 101.41744232177734
v 22.823240280151367 -24.952640533447266 101.21207427978516
v 23.597929000854492 -24.775348663330078 100.99442291259766
v 20.00786781311035 -23.705528259277344 101.54167938232422
v 24.242395401000977 -24.614253997802734 101.60516357421875
v 24.836578369140625 -24.05680274963379 101.15412902832031
v 20.164777755737305 -24.064594268798828 102.45597076416016
v 19.479572296142578 -22.996782302856445 101.6795425415039
v 25.35573387145996 -23.495365142822266 101.64153289794922
v 19.214197158813477 -22.531631469726562 102.17943572998047
v 19.08111000061035 -21.8323974609375 101.76636505126953
v 25.726886749267578 -22.781972885131836 102.0084457397461
v 19.09767723083496 -21.21166229248047 102.13030242919922
v 25.903005599975586 -21.97110939025879 102.27494812011719
v 19.270872116088867 -20.647127151489258 102.55592346191406
v 25.920366287231445 -21.12890625 102.54363250732422
v 19.693477630615234 -19.961782455444336 102.2022933959961
v 25.636085510253906 -20.444561004638672 102.8427734375
v 25.995031356811523 -20.89934730529785 103.06639099121094
v 20.18012237548828 -19.5228271484375 102.82508850097656
v 25.063608169555664 -19.77825927734375 102.19076538085938
v 20.959012985229492 -18.869081497192383 102.35589599609375
v 24.429344177246094 -19.20843505859375 102.70482635498047
v 21.472034454345703 -18.628223419189453 103.02995300292969
v 23.84638023376465 -18.689502716064453 102.29674530029297
v 22.135282516479492 -18.363447189331055 102.77621459960938
v 22.744205474853516 -18.351865768432617 102.88422393798828
v 23.27789306640625 -18.439573287963867 102.65425109863281
v 33.49302291870117 31.205718994140625 112.47689056396484
v 34.352928161621094 31.082901000976562 112.56769561767578
v 34.99001693725586 31.18352699279785 112.57360076904297
v 32.79916000366211 31.675466537475586 112.47256469726562
v 35.273345947265625 31.724157333374023 112.7865982055664
v 33.52394485473633 31.903533935546875 112.92627716064453
v 34.18951416015625 31.61410903930664 112.93954467773438
v 34.74686813354492 31.47801971435547 112.87538146972656
v 32.952903747558594 32.34543228149414 112.81478118896484
v 35.3287467956543 32.499969482421875 112.9684066772461
v 33.18738555908203 32.90742492675781 112.99685668945312
v 33.600189208984375 32.55406951904297 113.15605163574219
v 34.17387390136719 32.26401138305664 113.19184875488281
v 34.77467727661133 32.020965576171875 113.08653259277344
v 33.642086029052734 33.07769775390625 113.18157196044922
v 35.152549743652344 33.15377426147461 113.05307006835938
v 33.96863555908203 33.42061996459961 113.1472396850586
v 34.56211471557617 33.370933532714844 113.1469955444336
v 34.13123321533203 32.9033203125 113.2698974609375
v 34.7243766784668 32.70204544067383 113.21417236328125
v 21.31058120727539 -24.862346649169922 102.6534652709961
v 22.03955078125 -25.053512573242188 102.2557373046875
v 22.66545867919922 -25.09092140197754 101.93093872070312
v 23.461528778076172 -24.977916717529297 101.98607635498047
v 20.6759090423584 -24.48192024230957 102.99351501464844
v 24.11331558227539 -24.762001037597656 102.45779418945312
v 20.12755584716797 -24.031679153442383 103.04859924316406
v 24.79080581665039 -24.221406936645508 102.35916900634766
v 21.146759033203125 -24.78958511352539 103.22587585449219
v 23.62679100036621 -24.960975646972656 102.84028625488281
v 19.680158615112305 -23.370546340942383 102.76080322265625
v 25.40151023864746 -23.481489181518555 102.70642852783203
v 19.249732971191406 -22.572248458862305 102.94939422607422
v 20.002166748046875 -23.81144905090332 103.3659896850586
v 19.067564010620117 -21.9008731842041 102.68009948730469
v 25.738239288330078 -22.6857967376709 103.00725555419922
v 19.180038452148438 -22.202661514282227 103.36375427246094
v 19.088804244995117 -21.249378204345703 102.85213470458984
v 25.923904418945312 -21.76384925842285 103.30931091308594
v 26.07023048400879 -21.1895809173584 103.14183807373047
v 19.283296585083008 -20.904184341430664 103.34956359863281
v 26.07015609741211 -21.020008087158203 103.2949447631836
v 19.602609634399414 -20.212783813476562 103.1187744140625
v 25.475921630859375 -20.405092239379883 103.56658935546875
v 25.861764907836914 -20.852218627929688 103.47152709960938
v 19.593257904052734 -20.55509376525879 103.82074737548828
v 26.0179386138916 -21.226173400878906 103.4505615234375
v 20.09842872619629 -19.951343536376953 103.8839111328125
v 25.02933120727539 -19.8678035736084 103.22527313232422
v 20.884212493896484 -19.191516876220703 103.55616760253906
v 24.219470977783203 -19.42868995666504 103.75527954101562
v 21.55371856689453 -18.81865882873535 103.69800567626953
v 23.76209831237793 -18.797508239746094 103.09658813476562
v 21.918846130371094 -18.541954040527344 103.38874816894531
v 22.468734741210938 -18.495685577392578 103.39661407470703
v 23.10959815979004 -18.560684204101562 103.30874633789062
v 22.13003158569336 -18.805973052978516 103.9443130493164
v 22.86265754699707 -18.83025360107422 103.93279266357422
v 23.496896743774414 -18.920228958129883 103.73271179199219
v 22.028364181518555 -25.049999237060547 103.08365631103516
v 22.848072052001953 -25.088563919067383 102.77071380615234
v 21.500526428222656 -24.921907424926758 103.3282699584961
v 23.34581756591797 -24.92498207092285 103.44999694824219
v 21.248645782470703 -24.590152740478516 103.87913513183594
v 24.129133224487305 -24.6106014251709 103.35651397705078
v 24.911754608154297 -24.023950576782227 103.45381927490234
v 21.90205192565918 -24.923931121826172 103.69698333740234
v 22.617843627929688 -24.95853042602539 103.66556549072266
v 20.42616844177246 -24.115947723388672 103.66310119628906
v 25.372007369995117 -23.36838722229004 103.66191864013672
v 20.030546188354492 -23.48664093017578 103.9407730102539
v 24.958786010742188 -23.804073333740234 104.15953826904297
v 19.50409507751465 -22.70354461669922 103.7177734375
v 25.581527709960938 -22.579587936401367 103.99095916748047
v 19.30013656616211 -22.09695053100586 103.85636901855469
v 25.163360595703125 -23.301122665405273 104.42969512939453
v 19.168052673339844 -21.630252838134766 103.49365997314453
v 25.7374324798584 -21.943862915039062 103.98938751220703
v 19.485271453857422 -21.25670623779297 104.11973571777344
v 19.335065841674805 -21.77431869506836 104.03178405761719
v 19.893461227416992 -20.62158966064453 104.46455383300781
v 25.743440628051758 -21.378108978271484 103.94895935058594
v 25.523086547851562 -20.781661987304688 103.99394226074219
v 20.34435272216797 -20.682802200317383 105.10962677001953
v 25.200658798217773 -21.128795623779297 104.63350677490234
v 20.29100227355957 -20.18914222717285 104.66596984863281
v 24.95409393310547 -20.28775405883789 104.17024993896484
v 20.748281478881836 -19.74151611328125 104.51788330078125
v 21.577177047729492 -19.315292358398438 104.43936157226562
v 22.549081802368164 -19.298641204833984 104.58446502685547
v 23.42837142944336 -19.354976654052734 104.37731170654297
v 24.12697982788086 -20.024383544921875 104.7119140625
v 20.68532371520996 -20.199129104614258 105.0869140625
v 24.650638580322266 -20.685577392578125 104.99031066894531
v 21.628633499145508 -24.296955108642578 104.89045715332031
v 22.195762634277344 -24.685020446777344 104.34735107421875
v 23.342374801635742 -24.563629150390625 104.37987518310547
v 24.381803512573242 -24.22046661376953 104.22821044921875
v 20.801328659057617 -23.894805908203125 104.61626434326172
v 24.624290466308594 -23.74451446533203 104.75646209716797
v 20.33243751525879 -23.262502670288086 104.77122497558594
v 23.376792907714844 -24.06361198425293 105.3413314819336
v 24.00047492980957 -24.0828914642334 104.90214538574219
v 19.90116310119629 -22.868818283081055 104.45426177978516
v 24.81852149963379 -23.199913024902344 104.98426818847656
v 25.200849533081055 -22.757856369018555 104.70381164550781
v 20.2674617767334 -22.613502502441406 105.0938491821289
v 24.085453033447266 -23.423585891723633 105.44264221191406
v 19.68103790283203 -22.080947875976562 104.47930145263672
v 25.37327766418457 -22.009048461914062 104.57450866699219
v 19.966690063476562 -21.30173110961914 104.88526916503906
v 24.908288955688477 -21.685468673706055 105.14459228515625
v 20.21275520324707 -21.90818214416504 105.22416687011719
v 24.02499008178711 -22.602758407592773 105.80101776123047
v 24.715049743652344 -22.4968204498291 105.26048278808594
v 20.551939010620117 -21.33735466003418 105.52025604248047
v 24.74397850036621 -21.202159881591797 105.24076080322266
v 24.462596893310547 -21.011390686035156 105.40074920654297
v 24.17354393005371 -21.597755432128906 105.6824722290039
v 21.012290954589844 -20.666807174682617 105.6269302368164
v 24.04521369934082 -20.673128128051758 105.3865966796875
v 21.284475326538086 -19.980022430419922 105.18799591064453
v 22.14154052734375 -19.872758865356445 105.25193786621094
v 23.1949405670166 -20.039051055908203 105.21875762939453
v 21.75293731689453 -20.444732666015625 105.79090881347656
v 22.557035446166992 -20.535634994506836 105.85088348388672
v 23.37614631652832 -20.9123592376709 105.84634399414062
v 21.866910934448242 -24.021461486816406 105.51959991455078
v 22.506271362304688 -24.27251434326172 105.23851776123047
v 21.34322166442871 -23.854881286621094 105.33903503417969
v 22.879350662231445 -23.919172286987305 105.76605987548828
v 23.345945358276367 -23.651012420654297 105.8272933959961
v 21.68020248413086 -23.523618698120117 105.83320617675781
v 22.320093154907227 -23.79188346862793 105.869384765625
v 20.935081481933594 -23.202756881713867 105.43694305419922
v 23.461956024169922 -23.07085418701172 106.03304290771484
v 21.560462951660156 -22.764497756958008 106.07606506347656
v 22.231891632080078 -23.157114028930664 106.19593811035156
v 22.849712371826172 -23.448200225830078 106.09810638427734
v 20.863265991210938 -22.1776180267334 105.75364685058594
v 23.477296829223633 -22.2794246673584 106.1572494506836
v 21.602291107177734 -21.95115852355957 106.25990295410156
v 22.20511245727539 -22.38992691040039 106.37666320800781
v 22.84974479675293 -22.751821517944336 106.30921173095703
v 21.184253692626953 -21.384159088134766 106.02228546142578
v 23.349742889404297 -21.59051513671875 106.1583480834961
v 21.53034782409668 -20.930728912353516 106.08818054199219
v 22.080101013183594 -20.988346099853516 106.21339416503906
v 22.745851516723633 -21.247312545776367 106.24224090576172
v 21.707368850708008 -21.355091094970703 106.3017578125
v 22.194538116455078 -21.638784408569336 106.40205383300781
v 22.8194637298584 -21.982656478881836 106.37828826904297
vn -0.11518523842096329 -0.05739811435341835 -0.9916843771934509
vn 0.12750181555747986 -0.09589461237192154 -0.9871917366981506
vn -0.18223050236701965 0.1754165142774582 -0.9674818515777588
vn 0.09402379393577576 0.1427135020494461 -0.9852880239486694
vn -0.2199966460466385 0.3975244462490082 -0.8908287286758423
vn 0.01695934124290943 0.3632849454879761 -0.9315237402915955
vn 0.29660189151763916 0.7768399715423584 -0.5554700493812561
vn -0.22339071333408356 -0.24573324620723724 -0.9432453513145447
vn 0.00358927552588284 -0.32959339022636414 -0.9441161751747131
vn -0.2909252941608429 -0.33684155344963074 -0.8954888582229614
vn -0.13609039783477783 -0.42976805567741394 -0.8926247358322144
vn 0.13507138192653656 -0.3953567147254944 -0.9085421562194824
vn 0.27044522762298584 -0.26910483837127686 -0.9243603348731995
vn 0.46969109773635864 -0.2231932431459427 -0.8541516661643982
vn -0.3554292917251587 0.012840171344578266 -0.9346149563789368
vn 0.2626439332962036 -0.24190890789031982 -0.934076189994812
vn -0.5125863552093506 -0.010165161453187466 -0.8585755228996277
vn -0.3717396557331085 -0.17946282029151917 -0.9108253121376038
vn 0.3944624662399292 -0.11449024081230164 -0.9117518067359924
vn 0.5119632482528687 -0.053769391030073166 -0.8573229312896729
vn -0.4184717535972595 0.25564712285995483 -0.8715079426765442
vn 0.3366338312625885 0.030633434653282166 -0.9411372542381287
vn -0.6274698972702026 0.17261973023414612 -0.7592653632164001
vn -0.5064359307289124 0.11409478634595871 -0.8546958565711975
vn 0.4476277530193329 0.12642605602741241 -0.8852377533912659
vn 0.5594746470451355 0.07214497774839401 -0.8257016539573669
vn -0.352097749710083 0.5230972766876221 -0.7761420607566833
vn 0.25904399156570435 0.26089218258857727 -0.9299631714820862
vn -0.1195288896560669 0.6044968366622925 -0.7875890135765076
vn 0.0850735530257225 0.5203744173049927 -0.8496899604797363
vn 0.09664956480264664 0.451832115650177 -0.8868521451950073
vn -0.4747799038887024 0.3866584897041321 -0.7906195521354675
vn 0.25770190358161926 0.3164859712123871 -0.9129219055175781
vn 0.5663149952888489 0.20828883349895477 -0.7974353432655334
vn -0.1447698473930359 0.7821571826934814 -0.6060296893119812
vn 0.6510507464408875 0.31958022713661194 -0.688477635383606
vn 0.4605904817581177 0.801179051399231 -0.38205844163894653
vn -0.3305782079696655 0.6182212829589844 -0.7131062150001526
vn -0.23676016926765442 0.6938270330429077 -0.6801093816757202
vn -0.058349091559648514 0.7165822386741638 -0.6950578093528748
vn 0.6374441385269165 0.3780635893344879 -0.6713664531707764
vn -0.39590510725975037 -0.523165762424469 -0.7546898126602173
vn -0.20865653455257416 -0.5508494973182678 -0.8081010580062866
vn -0.03362319990992546 -0.5255500674247742 -0.8500979542732239
vn 0.14621970057487488 -0.5015773773193359 -0.8526663780212402
vn 0.3054044842720032 -0.4552140533924103 -0.8363661170005798
vn -0.12113233655691147 -0.6814881563186646 -0.7217346429824829
vn 0.0019351935479789972 -0.650679349899292 -0.7593501210212708
vn 0.1745494306087494 -0.6169394254684448 -0.7674100995063782
vn -0.4485473036766052 -0.2525040805339813 -0.8573488593101501
vn 0.5404415726661682 -0.3997693955898285 -0.7403427958488464
vn -0.6809030771255493 -0.06180018559098244 -0.7297614812850952
vn -0.6487240195274353 -0.3572591245174408 -0.6719546914100647
vn -0.7455499768257141 0.08433296531438828 -0.6610924601554871
vn 0.6682769656181335 -0.1402467042207718 -0.7305729389190674
vn 0.7985745668411255 -0.04013949632644653 -0.600555956363678
vn -0.790730893611908 0.221671000123024 -0.5706196427345276
vn 0.6824439764022827 0.04278779774904251 -0.7296844720840454
vn -0.6586694717407227 0.29058054089546204 -0.6940587162971497
vn 0.7968696355819702 0.102146215736866 -0.5954535007476807
vn -0.5902894139289856 0.48340463638305664 -0.6464352011680603
vn 0.7013495564460754 0.2037167251110077 -0.6830874085426331
vn -0.761256217956543 0.41160181164741516 -0.5010718703269958
vn 0.7810261249542236 0.27422723174095154 -0.5610683560371399
vn -0.47247597575187683 0.7035472393035889 -0.5308368802070618
vn 0.6995809078216553 0.36211448907852173 -0.6160029172897339
vn -0.2881647050380707 0.8151026368141174 -0.5025621056556702
vn -0.10076024383306503 0.8385823965072632 -0.5353754758834839
vn 0.07919710129499435 0.8909377455711365 -0.4471663236618042
vn 0.44277524948120117 0.825341522693634 -0.350373238325119
vn 0.6562068462371826 0.6206907629966736 -0.4291102886199951
vn -0.6438941955566406 0.6454423069953918 -0.41085830330848694
vn -0.26768380403518677 0.9026713371276855 -0.3369419276714325
vn -0.10366067290306091 0.9230143427848816 -0.3705388307571411
vn 0.030517052859067917 0.9396681189537048 -0.34072360396385193
vn 0.2288433313369751 0.9230847358703613 -0.30910414457321167
vn -0.24188216030597687 -0.8211725950241089 -0.5168835520744324
vn -0.07901329547166824 -0.7976086735725403 -0.5979777574539185
vn 0.08414100110530853 -0.7885525822639465 -0.6091839671134949
vn -0.25548550486564636 -0.6972203850746155 -0.6697841882705688
vn 0.2604602575302124 -0.723850667476654 -0.6389058232307434
vn -0.6770821809768677 -0.49688664078712463 -0.5428290963172913
vn -0.4474979639053345 -0.6374005079269409 -0.6272688508033752
vn 0.4430074393749237 -0.5712807178497314 -0.6909289956092834
vn -0.3829592168331146 -0.7862910032272339 -0.48485949635505676
vn 0.45811259746551514 -0.7055848240852356 -0.5406320691108704
vn -0.8289896249771118 -0.18171189725399017 -0.5289206504821777
vn 0.6479365825653076 -0.4318886697292328 -0.627415657043457
vn 0.7736136317253113 -0.22329959273338318 -0.5930086970329285
vn 0.7832890748977661 -0.4214581251144409 -0.45698070526123047
vn -0.8389020562171936 -0.011622851714491844 -0.544158399105072
vn 0.8628166913986206 -0.23571303486824036 -0.4471988379955292
vn -0.8709855675697327 -0.1642506718635559 -0.46303993463516235
vn -0.8391352891921997 0.23926235735416412 -0.4884726405143738
vn 0.8546725511550903 0.008928767405450344 -0.5190905928611755
vn -0.9060626029968262 0.0820489451289177 -0.4151126742362976
vn 0.8867637515068054 0.13663578033447266 -0.44156622886657715
vn -0.8077031373977661 0.45871448516845703 -0.3704007863998413
vn 0.8773733973503113 0.22435986995697021 -0.42412102222442627
vn 0.8241181373596191 0.4148799180984497 -0.3856215178966522
vn -0.8910903334617615 0.3091600239276886 -0.33223193883895874
vn -0.7231172919273376 0.6298444271087646 -0.2835444211959839
vn 0.7295908331871033 0.48849305510520935 -0.47861436009407043
vn -0.5014264583587646 0.7919041514396667 -0.34851035475730896
vn 0.6676397919654846 0.698829710483551 -0.25669869780540466
vn 0.7614212036132812 0.5934637188911438 -0.2608420252799988
vn -0.3509901762008667 0.9234503507614136 -0.15506583452224731
vn 0.48590371012687683 0.8355352878570557 -0.25647297501564026
vn -0.12895768880844116 0.981691837310791 -0.1401820033788681
vn 0.01706858165562153 0.9890369772911072 -0.14667826890945435
vn 0.14872804284095764 0.9819714426994324 -0.11667093634605408
vn 0.32989954948425293 0.9366001486778259 -0.11809518188238144
vn -0.4584604501724243 -0.8420880436897278 -0.28408053517341614
vn -0.3315671980381012 -0.87997967004776 -0.3401455879211426
vn -0.20112721621990204 -0.8818034529685974 -0.4265801012516022
vn 0.08149165660142899 -0.8498194217681885 -0.5207360982894897
vn 0.32731983065605164 -0.8398554921150208 -0.4330178499221802
vn -0.12686769664287567 -0.9048315286636353 -0.4064289629459381
vn 0.19349323213100433 -0.8816536068916321 -0.43040376901626587
vn -0.5507716536521912 -0.7370898127555847 -0.3915983736515045
vn 0.5707472562789917 -0.6985267996788025 -0.43163400888442993
vn -0.677768349647522 -0.5964764356613159 -0.4299372732639313
vn 0.6644543409347534 -0.5802218317985535 -0.4710022211074829
vn -0.6791699528694153 -0.6784482002258301 -0.2800648808479309
vn 0.6927868127822876 -0.6550918817520142 -0.30149808526039124
vn -0.8083928227424622 -0.39972248673439026 -0.43211454153060913
vn 0.8105623126029968 -0.504590630531311 -0.297282874584198
vn -0.8815988898277283 -0.3554017245769501 -0.31060099601745605
vn -0.8061033487319946 -0.5367243885993958 -0.24924764037132263
vn -0.9564951062202454 -0.12473230808973312 -0.2637406587600708
vn 0.8289569616317749 -0.3777351975440979 -0.41248828172683716
vn 0.8709422945976257 -0.12848204374313354 -0.47429099678993225
vn 0.9099965691566467 -0.28272032737731934 -0.30327460169792175
vn -0.968667209148407 0.11951416730880737 -0.217715784907341
vn 0.9699000120162964 -0.015570675022900105 -0.24300526082515717
vn 0.9363077282905579 0.25859594345092773 -0.23760458827018738
vn -0.9392462372779846 0.3179163336753845 -0.12940526008605957
vn 0.8741182088851929 0.3583967089653015 -0.3278248608112335
vn -0.8448032140731812 0.4875505864620209 -0.220458522439003
vn 0.8930773138999939 0.44083601236343384 -0.08986960351467133
vn -0.7721394896507263 0.6251040101051331 -0.11421757191419601
vn 0.8702821731567383 0.451494961977005 -0.19687902927398682
vn -0.613568127155304 0.7735021114349365 -0.15883567929267883
vn 0.7014973163604736 0.7096759676933289 -0.06528055667877197
vn 0.7881466150283813 0.6084189414978027 -0.09301283955574036
vn -0.43232840299606323 0.9017127752304077 -0.0025109173730015755
vn 0.5405648946762085 0.8355492353439331 -0.0982196033000946
vn -0.19210073351860046 0.9801180362701416 0.04965838044881821
vn -0.004009160678833723 0.9990853667259216 0.042572587728500366
vn 0.151153102517128 0.986965537071228 0.05524316802620888
vn 0.31573325395584106 0.9463014006614685 0.06947072595357895
vn -0.6356854438781738 0.7713873386383057 0.029422054067254066
vn 0.5172555446624756 0.8536590933799744 0.06093362718820572
vn -0.2574753761291504 -0.9563818573951721 -0.13798633217811584
vn 0.03932316228747368 -0.9627176523208618 -0.2676347494125366
vn -0.3351031243801117 -0.9210476279258728 -0.19843704998493195
vn 0.34475991129875183 -0.9176533818244934 -0.1976182460784912
vn -0.5628448724746704 -0.809270977973938 -0.16818498075008392
vn -0.4173085689544678 -0.9035469889640808 -0.09724432975053787
vn -0.36326834559440613 -0.920224666595459 -0.14567987620830536
vn 0.39383816719055176 -0.8462963700294495 -0.35871171951293945
vn 0.5527389645576477 -0.7861124873161316 -0.27659866213798523
vn -0.7488709092140198 -0.6525450348854065 -0.11566075682640076
vn 0.7619655132293701 -0.6287857890129089 -0.15503866970539093
vn -0.8378186821937561 -0.5449942946434021 -0.032266754657030106
vn 0.6264959573745728 -0.7654868960380554 -0.1467403769493103
vn -0.9357463121414185 -0.3392026722431183 -0.09654240310192108
vn 0.8125718832015991 -0.5767597556114197 -0.08411362022161484
vn 0.850609540939331 -0.4905855059623718 -0.1891806274652481
vn -0.9001126289367676 -0.42589014768600464 0.09173267334699631
vn -0.9918981194496155 -0.1025017723441124 -0.07504364848136902
vn 0.9566424489021301 -0.2909594774246216 -0.013339067809283733
vn 0.845974862575531 -0.5258104801177979 0.08860058337450027
vn -0.9958873391151428 0.08912302553653717 -0.016297457739710808
vn 0.9991849064826965 -0.037910398095846176 0.013868226669728756
vn -0.9479671716690063 0.31120431423187256 0.06715766340494156
vn 0.9758806824684143 0.21572868525981903 0.033438540995121
vn -0.8680490255355835 0.4958467483520508 -0.02504032291471958
vn 0.8851730227470398 0.43329036235809326 0.1694936752319336
vn 0.9269219040870667 0.22495822608470917 0.30034908652305603
vn -0.7917872667312622 0.6054914593696594 0.0803307592868805
vn 0.8560484647750854 0.5163582563400269 0.023562557995319366
vn 0.7858222723007202 0.6137549877166748 0.0760803073644638
vn -0.6769310235977173 0.7273067235946655 0.11309005320072174
vn 0.6410576701164246 0.7532817721366882 0.14700907468795776
vn -0.4133145809173584 0.8985558152198792 0.14754197001457214
vn -0.16897915303707123 0.9629027247428894 0.2103910595178604
vn -0.006861300207674503 0.9776749610900879 0.21001097559928894
vn 0.13241110742092133 0.9672843217849731 0.21639887988567352
vn 0.2863752841949463 0.9297646880149841 0.23135881125926971
vn 0.4306192994117737 0.8667822480201721 0.2515067458152771
vn -0.2161080688238144 -0.9731925129890442 0.07870002090930939
vn 0.07087249308824539 -0.9969980716705322 -0.031176110729575157
vn -0.4007265567779541 -0.9054948687553406 0.13963285088539124
vn 0.31384187936782837 -0.9459468722343445 0.08177899569272995
vn -0.5421903729438782 -0.8390443921089172 0.04510147124528885
vn -0.4070357382297516 -0.9108917117118835 0.06781049817800522
vn -0.33431246876716614 -0.9350418448448181 0.1180335059762001
vn 0.45428773760795593 -0.8867972493171692 -0.0849311426281929
vn -0.2691027820110321 -0.913231372833252 0.30592846870422363
vn 0.04751506820321083 -0.9633699059486389 0.2639331519603729
vn -0.7300471067428589 -0.6831212639808655 -0.019404614344239235
vn 0.6089417934417725 -0.7913061380386353 0.05499664694070816
vn 0.7579326629638672 -0.6510639786720276 0.04066682606935501
vn -0.6816666722297668 -0.702759861946106 0.20361514389514923
vn -0.4725937843322754 -0.8359639644622803 0.2789612114429474
vn -0.3188992142677307 -0.9045985341072083 0.28285127878189087
vn -0.7970518469810486 -0.56141197681427 0.2225421518087387
vn 0.8273987770080566 -0.5502027869224548 0.11264204233884811
vn -0.8653319478034973 -0.43198785185813904 0.25414013862609863
vn -0.6822839379310608 -0.6309875845909119 0.36924707889556885
vn -0.9764478802680969 -0.1888134479522705 0.1043989509344101
vn 0.8425210118293762 -0.4275144338607788 0.3277037739753723
vn 0.9032556414604187 -0.3359292149543762 0.26698487997055054
vn -0.8995465040206909 -0.2987900674343109 0.31865444779396057
vn -0.9875941872596741 0.07020733505487442 0.14045900106430054
vn 0.961496889591217 -0.058599650859832764 0.2684954106807709
vn 0.8718904256820679 0.08057104796171188 0.4830274283885956
vn 0.8552355766296387 -0.19866275787353516 0.4786492884159088
vn -0.9256076812744141 0.2755942940711975 0.2594190835952759
vn 0.8617089986801147 0.3342181444168091 0.38177987933158875
vn -0.8666491508483887 0.4541836678981781 0.20648618042469025
vn -0.7901006937026978 0.5467835068702698 0.27707189321517944
vn 0.8713658452033997 0.43568894267082214 0.22560326755046844
vn 0.7651682496070862 0.5974416136741638 0.239960715174675
vn 0.7646688222885132 0.5083366632461548 0.39607515931129456
vn -0.7038663029670715 0.6518481969833374 0.2822520434856415
vn 0.604101300239563 0.7357450127601624 0.30617132782936096
vn -0.46185851097106934 0.8597152233123779 0.2181205153465271
vn -0.20917841792106628 0.9235829710960388 0.32130804657936096
vn -0.012474305927753448 0.9204257130622864 0.39071863889694214
vn 0.1203981265425682 0.9066739082336426 0.40428534150123596
vn 0.24441933631896973 0.8925215005874634 0.3790311813354492
vn 0.3866955041885376 0.8281199932098389 0.40581274032592773
vn -0.48457109928131104 0.7812338471412659 0.39352840185165405
vn 0.5676682591438293 0.6910967230796814 0.4473680257797241
vn -0.15830367803573608 -0.904178261756897 0.396738737821579
vn 0.20432016253471375 -0.9330234527587891 0.29617658257484436
vn 0.34463009238243103 -0.9223300218582153 0.17474991083145142
vn -0.2674843668937683 -0.8807594776153564 0.3907874822616577
vn 0.5211279988288879 -0.7879981398582458 0.3278484344482422
vn -0.3765971064567566 -0.8153518438339233 0.43974536657333374
vn -0.25833529233932495 -0.8468042612075806 0.46495747566223145
vn 0.6859103441238403 -0.6503611207008362 0.3264315128326416
vn -0.15812090039253235 -0.8658962845802307 0.4745749533176422
vn 0.056422747671604156 -0.8825383186340332 0.46684321761131287
vn 0.3124033510684967 -0.8293382525444031 0.46325191855430603
vn -0.5509301424026489 -0.7037460803985596 0.44857263565063477
vn 0.8158223628997803 -0.46444013714790344 0.34457114338874817
vn -0.6604977250099182 -0.5473865270614624 0.513917088508606
vn -0.483844131231308 -0.660071074962616 0.5746312737464905
vn -0.3300091624259949 -0.7355112433433533 0.5917070508003235
vn 0.6810961365699768 -0.5481573343276978 0.48541897535324097
vn -0.7542734146118164 -0.45807313919067383 0.47036224603652954
vn 0.8508256673812866 -0.23773980140686035 0.4685888886451721
vn -0.8139325380325317 -0.2669319212436676 0.5160049796104431
vn 0.751282811164856 -0.3238908052444458 0.5750381946563721
vn -0.9493265151977539 -0.05373045429587364 0.3096647262573242
vn 0.84195476770401 -0.02866629883646965 0.5387861132621765
vn -0.7899806499481201 -0.08274035155773163 0.6075234413146973
vn 0.7827059626579285 -0.10041479766368866 0.6142379641532898
vn -0.895283043384552 0.17634375393390656 0.40911033749580383
vn 0.8727655410766602 0.2183677703142166 0.43657276034355164
vn -0.779781699180603 0.39555418491363525 0.4852602183818817
vn 0.7996073365211487 0.2760402262210846 0.5333197116851807
vn -0.7466381788253784 0.20464377105236053 0.6329710483551025
vn 0.7620007395744324 0.11586295813322067 0.6371269226074219
vn -0.7269943952560425 0.43558552861213684 0.5307961106300354
vn 0.6831883192062378 0.4012942612171173 0.6100956201553345
vn -0.6230599284172058 0.5460706353187561 0.5600029230117798
vn 0.5156696438789368 0.5751833915710449 0.6350188255310059
vn -0.4650876224040985 0.4463520050048828 0.7645020484924316
vn -0.2392912358045578 0.5265564322471619 0.8157683610916138
vn 0.527690589427948 0.4286591708660126 0.7333444356918335
vn -0.3435775339603424 0.6703185439109802 0.6577442288398743
vn 0.35595235228538513 0.7104530930519104 0.6070868372917175
vn -0.20987874269485474 0.861855149269104 0.46168896555900574
vn -0.0399496853351593 0.8379032015800476 0.5443549156188965
vn 0.09701771289110184 0.8180805444717407 0.5668613314628601
vn 0.23652248084545135 0.8002731800079346 0.5510172247886658
vn -0.1577344685792923 0.6832792162895203 0.7129160761833191
vn 0.0039385524578392506 0.6918157935142517 0.7220633029937744
vn 0.15111549198627472 0.6926806569099426 0.7052358388900757
vn 0.2965811789035797 0.6455002427101135 0.7038246393203735
vn -0.09542004764080048 -0.8212652802467346 0.5625107288360596
vn 0.16639187932014465 -0.7991973161697388 0.5775789022445679
vn 0.46388065814971924 -0.7088540196418762 0.53135746717453
vn -0.21466463804244995 -0.7746229767799377 0.594876766204834
vn 0.5630417466163635 -0.4792073369026184 0.6733085513114929
vn -0.5654038786888123 -0.4660892188549042 0.680499255657196
vn -0.459504097700119 -0.5752649903297424 0.6767024397850037
vn -0.31906864047050476 -0.6493353843688965 0.6903324127197266
vn -0.08896233141422272 -0.7624131441116333 0.6409461498260498
vn 0.12318026274442673 -0.7170155048370361 0.6860870718955994
vn 0.3286445736885071 -0.64986652135849 0.6853220462799072
vn -0.6780111789703369 -0.392458975315094 0.621511697769165
vn 0.6377044320106506 -0.24673697352409363 0.7296943664550781
vn -0.5638607144355774 -0.23863297700881958 0.7906423807144165
vn -0.4686800241470337 -0.36667531728744507 0.8036717176437378
vn -0.41475191712379456 -0.45202237367630005 0.7897193431854248
vn 0.4320923686027527 -0.4684247672557831 0.7706325054168701
vn -0.673568069934845 -0.21873731911182404 0.7060170769691467
vn 0.6810893416404724 -0.04134030640125275 0.7310323715209961
vn -0.5278605222702026 -0.05863727256655693 0.8473045825958252
vn -0.4433610439300537 -0.09421910345554352 0.8913774490356445
vn 0.5448532104492188 -0.1564635932445526 0.8238046765327454
vn -0.640343427658081 0.09743593633174896 0.761883556842804
vn 0.6547078490257263 0.17212587594985962 0.7360233664512634
vn -0.6312146782875061 0.3015180826187134 0.7146012187004089
vn -0.43137314915657043 0.2937586009502411 0.8530082702636719
vn 0.46437638998031616 0.28913602232933044 0.8371111154556274
vn -0.5194681286811829 0.12267227470874786 0.8456385135650635
vn -0.3485194146633148 0.0878516286611557 0.9331753849983215
vn -0.20456531643867493 0.17553840577602386 0.9629846215248108
vn 0.07465526461601257 0.23332713544368744 0.9695282578468323
vn 0.3532712161540985 0.10780072957277298 0.9292892217636108
vn 0.4966832101345062 0.07786589115858078 0.8644320368766785
vn -0.25896355509757996 0.3009222149848938 0.9178146719932556
vn 0.3338216543197632 0.47501131892204285 0.8142035007476807
vn -0.07615040987730026 0.4927142858505249 0.8668527603149414
vn 0.059932783246040344 0.5146316289901733 0.8553142547607422
vn 0.17337217926979065 0.50632643699646 0.8447340726852417
vn -0.10861920565366745 0.2706376314163208 0.9565339088439941
vn 0.0417967326939106 0.3271733224391937 0.9440395832061768
vn 0.2490374743938446 0.28872913122177124 0.924454391002655
vn -0.08618892729282379 -0.6770249605178833 0.7308958172798157
vn 0.20419232547283173 -0.6125012636184692 0.7636411190032959
vn -0.23833534121513367 -0.6363628506660461 0.7336475253105164
vn 0.37046149373054504 -0.3816063702106476 0.8468382358551025
vn -0.28404343128204346 -0.46623721718788147 0.8378199338912964
vn -0.10793497413396835 -0.4959047734737396 0.8616428971290588
vn 0.07881246507167816 -0.5307585597038269 0.8438507318496704
vn -0.40540334582328796 -0.23566481471061707 0.8832384943962097
vn 0.3734791576862335 -0.11974351108074188 0.9198775887489319
vn -0.3205089867115021 0.028142480179667473 0.9468273520469666
vn -0.0980253666639328 0.09209326654672623 0.9909136891365051
vn 0.15282727777957916 0.033090703189373016 0.9876987338066101
vn -0.20869748294353485 -0.21852129697799683 0.9532543420791626
vn -0.027397850528359413 -0.1892496794462204 0.9815467000007629
vn 0.1410885900259018 -0.3010908365249634 0.9431003928184509
vn -0.24547429382801056 -0.09760545939207077 -0.9644768238067627
vn -0.08574244379997253 -0.09970235079526901 -0.9913161396980286
vn 0.0840814858675003 -0.07236235588788986 -0.9938279390335083
vn 0.2937423884868622 -0.06673071533441544 -0.9535525441169739
vn -0.27677786350250244 0.09957980364561081 -0.9557604193687439
vn -0.07181437313556671 0.08438459038734436 -0.9938420057296753
vn 0.09852001816034317 0.11425908654928207 -0.9885538816452026
vn 0.29375186562538147 0.13182103633880615 -0.9467487335205078
vn -0.30454549193382263 0.2833073139190674 -0.9093893766403198
vn -0.06826508790254593 0.2689211666584015 -0.9607399702072144
vn 0.11421538144350052 0.2760935127735138 -0.9543203115463257
vn 0.30098846554756165 0.2795722186565399 -0.9117265939712524
vn -0.10329592227935791 0.4967634081840515 -0.8617169260978699
vn 0.07657302916049957 0.48519718647003174 -0.8710455298423767
vn 0.2539807856082916 0.44231897592544556 -0.8601440191268921
vn -0.4159233272075653 -0.24967710673809052 -0.874453604221344
vn -0.23960641026496887 -0.30740252137184143 -0.9209194183349609
vn -0.032395701855421066 -0.2801192104816437 -0.9594184756278992
vn 0.18312594294548035 -0.29277530312538147 -0.9384815096855164
vn -0.10848883539438248 -0.4443264901638031 -0.8892717361450195
vn 0.10795135051012039 -0.4512692391872406 -0.8858343958854675
vn 0.3420315384864807 -0.3820511996746063 -0.8585169315338135
vn 0.49731481075286865 -0.3024616241455078 -0.813139021396637
vn -0.46678856015205383 -0.006506644655019045 -0.8843450546264648
vn 0.42870649695396423 -0.2072511911392212 -0.8793507218360901
vn -0.631513237953186 -0.1203659325838089 -0.7659655213356018
vn 0.5860527157783508 -0.11173243820667267 -0.8025322556495667
vn -0.5339456796646118 0.1788838654756546 -0.8263791799545288
vn 0.5122626423835754 0.03799391910433769 -0.8579880595207214
vn -0.6974244117736816 0.0917297750711441 -0.7107636332511902
vn 0.6693963408470154 0.0957140251994133 -0.7367139458656311
vn -0.5442661643028259 0.3764096200466156 -0.7497267723083496
vn 0.49330461025238037 0.2184734344482422 -0.8419739007949829
vn -0.35531559586524963 0.5117934942245483 -0.7821881175041199
vn -0.6713072061538696 0.29881638288497925 -0.6782739162445068
vn 0.6626536250114441 0.2237558364868164 -0.7147191762924194
vn -0.24179895222187042 0.6946300268173218 -0.6775119304656982
vn 0.4517555236816406 0.4166209101676941 -0.7888878583908081
vn -0.030712736770510674 0.7136164307594299 -0.699863076210022
vn 0.13499438762664795 0.6777926087379456 -0.7227542996406555
vn 0.32214927673339844 0.6038336157798767 -0.7291123270988464
vn -0.5897520184516907 0.4860471487045288 -0.6449425220489502
vn -0.4790171980857849 0.5960111021995544 -0.6444481015205383
vn 0.6330640912055969 0.3852234184741974 -0.6714407801628113
vn -0.3967011868953705 0.7175058126449585 -0.5725500583648682
vn -0.2028648406267166 0.800029993057251 -0.5646219253540039
vn 0.017174625769257545 0.837561309337616 -0.5460733771324158
vn 0.23271560668945312 0.7991548180580139 -0.5542518496513367
vn -0.1761763095855713 -0.6362714767456055 -0.7510796189308167
vn -0.004581035580486059 -0.6381130218505859 -0.7699291110038757
vn 0.1712527573108673 -0.5597252249717712 -0.8107898235321045
vn 0.4282752573490143 -0.5161958336830139 -0.7417022585868835
vn -0.21226820349693298 -0.7700543999671936 -0.6016298532485962
vn -0.026603354141116142 -0.7487925887107849 -0.6622702479362488
vn 0.15039417147636414 -0.6757957339286804 -0.72158282995224
vn 0.4236287474632263 -0.6453009247779846 -0.6357085704803467
vn -0.3157212734222412 -0.5482690930366516 -0.7744166851043701
vn 0.620280385017395 -0.3988965153694153 -0.6753768920898438
vn -0.6424124240875244 -0.339982807636261 -0.6868173480033875
vn -0.43631643056869507 -0.45729053020477295 -0.7749279737472534
vn -0.6208211779594421 -0.5434412956237793 -0.5650244951248169
vn -0.4269331693649292 -0.657438337802887 -0.620888888835907
vn 0.8114399313926697 -0.31078407168388367 -0.4949530363082886
vn -0.8006500005722046 -0.13044728338718414 -0.584758996963501
vn 0.7146300077438354 -0.14348629117012024 -0.6846280694007874
vn 0.8753353357315063 -0.09146317094564438 -0.47478699684143066
vn -0.7945626974105835 0.05480949580669403 -0.6047033667564392
vn 0.7659270763397217 0.03192707896232605 -0.6421342492103577
vn -0.8746855854988098 -0.08288127183914185 -0.47755196690559387
vn 0.8947330117225647 0.05226200073957443 -0.4435330331325531
vn -0.7539012432098389 0.2924128770828247 -0.5883261561393738
vn 0.8111143112182617 0.1862535923719406 -0.5544396042823792
vn -0.8688540458679199 0.16349546611309052 -0.46729207038879395
vn 0.899222195148468 0.19443820416927338 -0.3919098973274231
vn -0.7027722001075745 0.5218572616577148 -0.4835042655467987
vn 0.8021073341369629 0.34506791830062866 -0.4873930811882019
vn -0.5723621845245361 0.6710957288742065 -0.4712027609348297
vn 0.6318504810333252 0.5443735718727112 -0.551744818687439
vn -0.459817111492157 0.8049432635307312 -0.37501269578933716
vn 0.44515517354011536 0.6687564849853516 -0.5954844355583191
vn -0.26361170411109924 0.8593534827232361 -0.43820133805274963
vn -0.10198426991701126 0.8909125328063965 -0.44257664680480957
vn 0.18433399498462677 0.8782039880752563 -0.4413374066352844
vn 0.42191174626350403 0.823462724685669 -0.37934115529060364
vn 0.6111032962799072 0.694193959236145 -0.3803256154060364
vn -0.15384376049041748 0.9369953870773315 -0.3136426508426666
vn 0.025034012272953987 0.9410824775695801 -0.3372493386268616
vn -0.2611970901489258 -0.8842093348503113 -0.3872338533401489
vn -0.11456573009490967 -0.8682601451873779 -0.48269975185394287
vn 0.04445372894406319 -0.8656827211380005 -0.4986153841018677
vn 0.2761523425579071 -0.8300670981407166 -0.48448798060417175
vn -0.37432944774627686 -0.7823352217674255 -0.4978243410587311
vn 0.5635594129562378 -0.7159552574157715 -0.41207873821258545
vn -0.7571483850479126 -0.5638891458511353 -0.3297807574272156
vn -0.6088880300521851 -0.6969497799873352 -0.37883567810058594
vn 0.6492522954940796 -0.5752559304237366 -0.49754616618156433
vn -0.4544859528541565 -0.8361983895301819 -0.3069443702697754
vn -0.8066160678863525 -0.3691787123680115 -0.4616033434867859
vn 0.8206303715705872 -0.495317667722702 -0.2850024104118347
vn -0.872196614742279 -0.2553827464580536 -0.41719624400138855
vn 0.9244260787963867 -0.2861327528953552 -0.25212007761001587
vn -0.9396721720695496 -0.22447535395622253 -0.25812217593193054
vn -0.9528197646141052 0.04286395013332367 -0.30049481987953186
vn 0.9590911865234375 -0.10761432349681854 -0.2618459165096283
vn -0.9424899220466614 0.27276358008384705 -0.19316533207893372
vn 0.9734945893287659 0.05705524608492851 -0.22147901356220245
vn -0.873235821723938 0.3306345045566559 -0.35796648263931274
vn 0.9395821690559387 0.25818511843681335 -0.22477944195270538
vn -0.7991257309913635 0.4827765226364136 -0.35822468996047974
vn 0.8590807914733887 0.392189621925354 -0.3288883566856384
vn -0.7041456699371338 0.6687819361686707 -0.23855741322040558
vn -0.857207179069519 0.49231183528900146 -0.1510792374610901
vn 0.8951679468154907 0.4249604046344757 -0.13447286188602448
vn -0.5420883297920227 0.8114317655563354 -0.21844646334648132
vn 0.7881967425346375 0.540748655796051 -0.2938312292098999
vn -0.366728812456131 0.8937694430351257 -0.25823670625686646
vn 0.5301607847213745 0.8066437840461731 -0.2612572908401489
vn 0.671118438243866 0.7199854254722595 -0.17669466137886047
vn -0.6291764974594116 0.7711830139160156 -0.09702426940202713
vn -0.2379658818244934 0.9592296481132507 -0.152482271194458
vn 0.2637281119823456 0.9049734473228455 -0.3338721990585327
vn -0.046642255038022995 0.9936848878860474 -0.10205353796482086
vn 0.15424105525016785 0.981948971748352 -0.10948009788990021
vn -0.3919335901737213 0.9173628687858582 -0.06952299177646637
vn 0.4091900885105133 0.9025838375091553 -0.13381314277648926
vn -0.4376707971096039 -0.8877250552177429 -0.14278830587863922
vn -0.25415146350860596 -0.9452478885650635 -0.20472773909568787
vn -0.11185090243816376 -0.9473228454589844 -0.3001147508621216
vn 0.059885017573833466 -0.9449060559272766 -0.32181742787361145
vn 0.2956816852092743 -0.9066421985626221 -0.3009521961212158
vn -0.6194000244140625 -0.7699801921844482 -0.15321305394172668
vn 0.5416135787963867 -0.8186213970184326 -0.19108563661575317
vn -0.7555817365646362 -0.6426628232002258 -0.12680986523628235
vn 0.7063003182411194 -0.6783525943756104 -0.20242954790592194
vn -0.859842836856842 -0.45917803049087524 -0.22321723401546478
vn 0.8507638573646545 -0.52252596616745 -0.056281402707099915
vn -0.9018511176109314 -0.4019126892089844 -0.15852682292461395
vn 0.9401785135269165 -0.3334488868713379 -0.06982985138893127
vn -0.9643553495407104 -0.257505863904953 -0.06090657785534859
vn -0.9921953678131104 -0.004368442110717297 -0.12461686879396439
vn 0.9863153100013733 -0.145582377910614 -0.07738127559423447
vn -0.9766544699668884 0.21106624603271484 -0.03996487706899643
vn 0.9995723366737366 0.00703022675588727 -0.028385303914546967
vn -0.9016541838645935 0.4324248731136322 0.005336787551641464
vn 0.9753661155700684 0.2153370976448059 -0.04786403849720955
vn -0.794371485710144 0.6054222583770752 -0.049374669790267944
vn 0.8884955644607544 0.4588731825351715 0.003324338002130389
vn -0.7274239659309387 0.6839097738265991 0.055873095989227295
vn 0.8052379488945007 0.5840610861778259 -0.10229595005512238
vn -0.5600751042366028 0.8271501064300537 -0.04624582454562187
vn 0.713360071182251 0.7007817029953003 0.00473818089812994
vn -0.4287002384662628 0.8965824842453003 0.11115749925374985
vn 0.604668378829956 0.7963177561759949 -0.015944091603159904
vn -0.21603259444236755 0.9724081754684448 0.08804687112569809
vn -0.03178220987319946 0.9905009865760803 0.13378237187862396
vn 0.16862767934799194 0.9799486398696899 0.10613875091075897
vn 0.3777707517147064 0.919102132320404 0.11198483407497406
vn -0.43513619899749756 -0.8999630212783813 0.02689238451421261
vn -0.2543027997016907 -0.9667454361915588 -0.027080489322543144
vn -0.07643292844295502 -0.9949724078178406 -0.06471477448940277
vn 0.05811948701739311 -0.9878974556922913 -0.1438082903623581
vn 0.2610965967178345 -0.9567244648933411 -0.12847904860973358
vn -0.6539992094039917 -0.7561811804771423 0.021798817440867424
vn 0.5104044675827026 -0.859411895275116 -0.029976122081279755
vn -0.7483801245689392 -0.6615167856216431 0.04819578304886818
vn 0.696057140827179 -0.717094361782074 0.035778675228357315
vn -0.5490752458572388 -0.8231935501098633 0.1444604992866516
vn 0.4164380133152008 -0.9052736163139343 0.08401846140623093
vn -0.8553536534309387 -0.5178735256195068 -0.013312249444425106
vn 0.8552790284156799 -0.5081813931465149 0.10124003887176514
vn -0.8036974668502808 -0.5747106671333313 0.15420176088809967
vn 0.725735604763031 -0.6765872836112976 0.1246495172381401
vn -0.9027191400527954 -0.42391520738601685 0.07344508171081543
vn 0.9409443140029907 -0.3278288245201111 0.08457013964653015
vn -0.9528070688247681 -0.27915358543395996 0.11929769068956375
vn -0.9977306723594666 -0.007913700304925442 0.06686487048864365
vn 0.975314199924469 -0.17493829131126404 0.13475479185581207
vn -0.9626762866973877 -0.11887704581022263 0.24315142631530762
vn -0.9579653143882751 0.256840318441391 0.1278104931116104
vn 0.9930580854415894 0.0190489050000906 0.11607272177934647
vn -0.896210253238678 0.3658129572868347 0.2509744167327881
vn 0.9651732444763184 0.242588609457016 0.09793606400489807
vn -0.8388344049453735 0.5276962518692017 0.13376712799072266
vn 0.8702567219734192 0.47102147340774536 0.1441943496465683
vn -0.8385623097419739 0.41372254490852356 0.3544672429561615
vn -0.7822091579437256 0.5581779479980469 0.27674219012260437
vn 0.7722934484481812 0.6277220845222473 0.09761083871126175
vn -0.6406784057617188 0.7542542815208435 0.143637552857399
vn 0.6741603016853333 0.6895902752876282 0.26452431082725525
vn -0.4599635601043701 0.8445686101913452 0.27411210536956787
vn 0.5837124586105347 0.790855884552002 0.18392053246498108
vn -0.23427017033100128 0.9286534786224365 0.287611186504364
vn -0.06091156229376793 0.9401542544364929 0.3352607190608978
vn 0.1310071051120758 0.9382742047309875 0.3201228678226471
vn 0.32869115471839905 0.8906926512718201 0.3140522241592407
vn 0.5122939944267273 0.7832562327384949 0.35222798585891724
vn -0.2285333275794983 -0.9635127186775208 0.1393406242132187
vn -0.02874334529042244 -0.9923902750015259 0.11973055452108383
vn 0.12856964766979218 -0.9901347756385803 0.05570455640554428
vn -0.3951883316040039 -0.859907329082489 0.32308778166770935
vn 0.27542436122894287 -0.9406108260154724 0.19847598671913147
vn -0.5782468914985657 -0.764439582824707 0.285066157579422
vn 0.4535121023654938 -0.8627641797065735 0.22352805733680725
vn -0.2135189026594162 -0.9158622026443481 0.3400089740753174
vn -0.008654175326228142 -0.9504194855690002 0.31085023283958435
vn 0.15555255115032196 -0.9455893635749817 0.28576961159706116
vn -0.6952745318412781 -0.6629146933555603 0.2777363955974579
vn 0.634041965007782 -0.721275269985199 0.27884188294410706
vn -0.7526652216911316 -0.5644577741622925 0.33894336223602295
vn 0.7718393802642822 -0.5426725745201111 0.33131617307662964
vn -0.5573866367340088 -0.7234799861907959 0.4073043465614319
vn 0.5270413756370544 -0.7409282326698303 0.41623640060424805
vn -0.8719982504844666 -0.4321438670158386 0.22993671894073486
vn 0.8962950706481934 -0.3734857738018036 0.2390890121459961
vn -0.7884111404418945 -0.4376673996448517 0.432267427444458
vn 0.7712346911430359 -0.4955456554889679 0.39953920245170593
vn -0.8834394812583923 -0.3200492560863495 0.34220361709594727
vn 0.9451496601104736 -0.15738649666309357 0.2862195372581482
vn -0.8952201008796692 -0.11150461435317993 0.43144842982292175
vn 0.858649492263794 -0.3248554468154907 0.39647194743156433
vn -0.9396790862083435 0.16858471930027008 0.29762810468673706
vn 0.9649643898010254 0.03148302435874939 0.26048532128334045
vn -0.8177841901779175 0.2512853741645813 0.5177690386772156
vn -0.848687469959259 0.11677705496549606 0.5158417224884033
vn -0.7852862477302551 0.3352600038051605 0.5205057263374329
vn 0.9331544041633606 0.1987239569425583 0.29955244064331055
vn 0.8420013785362244 0.42194801568984985 0.33614519238471985
vn -0.6806262731552124 0.3261866569519043 0.6560108661651611
vn 0.8289328217506409 0.2711646556854248 0.48922398686408997
vn -0.7447391748428345 0.4638760983943939 0.47977349162101746
vn 0.7340400815010071 0.5910026431083679 0.33451610803604126
vn -0.6665738224983215 0.6617481708526611 0.3431745767593384
vn 0.489187628030777 0.7046951651573181 0.5139068961143494
vn 0.5905129909515381 0.6294093132019043 0.5051122903823853
vn -0.5984212756156921 0.5480037927627563 0.5844518542289734
vn -0.4801122546195984 0.4982147812843323 0.7219933271408081
vn 0.6787555813789368 0.4900696575641632 0.5469209551811218
vn -0.479019433259964 0.7424276471138 0.4683391749858856
vn 0.3204643726348877 0.8032588362693787 0.5020736455917358
vn -0.25129714608192444 0.8500219583511353 0.4629390239715576
vn -0.0411919429898262 0.8785131573677063 0.475939005613327
vn 0.1546783596277237 0.8548431396484375 0.49529579281806946
vn -0.3526832163333893 0.686192512512207 0.6362031698226929
vn -0.16554035246372223 -0.8544299006462097 0.4924895763397217
vn 0.08027198910713196 -0.8819906115531921 0.4643802344799042
vn 0.2627887725830078 -0.8791230916976929 0.3975986838340759
vn -0.3700242042541504 -0.755592942237854 0.540519654750824
vn 0.3777298629283905 -0.7451180815696716 0.5496538281440735
vn -0.5501803159713745 -0.6509818434715271 0.5229954719543457
vn 0.5531073808670044 -0.6200012564659119 0.5564807057380676
vn -0.21279269456863403 -0.7510846257209778 0.6249729990959167
vn -0.006771199405193329 -0.7850901484489441 0.6193445920944214
vn 0.21588017046451569 -0.7633069157600403 0.6088993549346924
vn -0.6495690941810608 -0.5070198774337769 0.5665605664253235
vn 0.6947161555290222 -0.44379329681396484 0.5660538077354431
vn -0.706519603729248 -0.3436431586742401 0.6186593770980835
vn -0.5149919390678406 -0.5301483869552612 0.6735919713973999
vn 0.5299177169799805 -0.5079606771469116 0.6790900230407715
vn -0.8445478677749634 -0.2623089551925659 0.46683284640312195
vn 0.7554423213005066 -0.24896542727947235 0.6060718894004822
vn 0.8650746941566467 -0.13452157378196716 0.48326990008354187
vn -0.7158606052398682 -0.16413557529449463 0.6786775588989258
vn 0.6014827489852905 -0.2781812846660614 0.7488883137702942
vn -0.8028340935707092 -0.04163600504398346 0.594747006893158
vn 0.8847090005874634 0.0030038151890039444 0.4661341905593872
vn -0.7112740278244019 0.149049773812294 0.6869304180145264
vn 0.7631378769874573 0.03123524785041809 0.6454803943634033
vn -0.7043911814689636 0.018567152321338654 0.7095690965652466
vn 0.5853065848350525 -0.08789908140897751 0.8060334920883179
vn 0.7237371802330017 -0.06836820393800735 0.6866806745529175
vn -0.5988283753395081 0.17714431881904602 0.781040608882904
vn 0.72275710105896 0.18969619274139404 0.6645582318305969
vn -0.5208340883255005 0.31554800271987915 0.7931969165802002
vn 0.5540280938148499 0.32730337977409363 0.7654576301574707
vn -0.3890988528728485 0.21753759682178497 0.8951421976089478
vn -0.2216704934835434 0.19972802698612213 0.9544479846954346
vn 0.011466115713119507 0.05818263068795204 0.9982401132583618
vn 0.546737015247345 0.12493249773979187 0.8279315233230591
vn -0.3424298167228699 0.4151739180088043 0.8428359627723694
vn 0.4669995605945587 0.4671759307384491 0.750771701335907
vn 0.41832971572875977 0.609882652759552 0.67308509349823
vn -0.23786433041095734 0.45128700137138367 0.860093355178833
vn 0.43757033348083496 0.388376921415329 0.8109843730926514
vn -0.24438846111297607 0.6079496145248413 0.75542813539505
vn 0.2991880774497986 0.706095278263092 0.6418067812919617
vn -0.11925563961267471 0.7779214978218079 0.6169410943984985
vn 0.11062489449977875 0.7914102077484131 0.6011922359466553
vn -0.04217129200696945 0.6829832196235657 0.7292157411575317
vn 0.20649951696395874 0.7555937170982361 0.6216399073600769
vn -0.1921900063753128 -0.6353504061698914 0.7479256987571716
vn 0.050357919186353683 -0.6886900067329407 0.7233051061630249
vn 0.32758602499961853 -0.6530939936637878 0.6827559471130371
vn -0.32648682594299316 -0.6101085543632507 0.7219238877296448
vn 0.3903908133506775 -0.4282822608947754 0.8149659037590027
vn -0.4555701017379761 -0.3979218602180481 0.7963128685951233
vn -0.24940891563892365 -0.4444490373134613 0.8603838086128235
vn -0.07363270223140717 -0.5109476447105408 0.8564524054527283
vn 0.15889078378677368 -0.5512282848358154 0.8190855979919434
vn -0.5645706653594971 -0.2964596152305603 0.7703062891960144
vn 0.40672796964645386 -0.2364829033613205 0.88241046667099
vn -0.4048652946949005 -0.2591731548309326 0.8768770694732666
vn -0.20608574151992798 -0.2704940438270569 0.9404050707817078
vn -0.055813051760196686 -0.3240448236465454 0.9443939328193665
vn 0.15299564599990845 -0.3615131676197052 0.9197285771369934
vn -0.5805677771568298 -0.07139464467763901 0.811075747013092
vn 0.4349406957626343 -0.0493384413421154 0.8991064429283142
vn -0.542646586894989 0.07526366412639618 0.8365824222564697
vn -0.3362366259098053 0.06088341027498245 0.9398075342178345
vn -0.10814222693443298 0.029741255566477776 0.9936904907226562
vn -0.44181203842163086 -0.07938537746667862 0.8935883641242981
vn -0.24873167276382446 -0.12019094079732895 0.9610862135887146
vn -0.024171318858861923 -0.11850186437368393 0.9926596283912659
vn 0.17942951619625092 -0.19474351406097412 0.9643028974533081
vn 0.10606938600540161 0.12541411817073822 0.9864180684089661
vn 0.4500320851802826 0.16209928691387177 0.8781770467758179
vn 0.36049941182136536 0.02088039182126522 0.9325257539749146
vn 0.2682671546936035 0.21091429889202118 0.9399723410606384
vn 0.2208888977766037 -0.023648805916309357 0.9750122427940369
vn -0.2094808667898178 0.15798182785511017 0.9649660587310791
vn 0.5076724290847778 0.6532511711120605 0.5617220997810364
vn -0.07010067999362946 0.7474434971809387 0.6606165170669556
vn 0.1852196902036667 0.4508521556854248 0.8731701374053955
vn -0.19207562506198883 -0.06423937529325485 -0.9792754054069519
vn 0.027797121554613113 -0.13238275051116943 -0.9908088445663452
vn 0.1776426136493683 -0.1822158843278885 -0.9670783281326294
vn 0.3035716414451599 -0.21470272541046143 -0.9283033013343811
vn -0.28893962502479553 0.09044744074344635 -0.9530651569366455
vn -0.04392978549003601 0.09986073523759842 -0.9940311908721924
vn 0.13594765961170197 0.06109686940908432 -0.9888303279876709
vn 0.29882022738456726 0.053907688707113266 -0.9527856111526489
vn -0.30736204981803894 0.2451711744070053 -0.9194670915603638
vn -0.07936219871044159 0.2882448136806488 -0.954262375831604
vn 0.10140818357467651 0.2935507595539093 -0.9505495429039001
vn 0.2515241205692291 0.25231242179870605 -0.9343843460083008
vn 0.40793007612228394 0.291926771402359 -0.8650848269462585
vn -0.31852367520332336 0.44677096605300903 -0.8360254168510437
vn -0.10783682018518448 0.4921497106552124 -0.8638055324554443
vn 0.07015952467918396 0.4752086102962494 -0.8770715594291687
vn 0.2591699957847595 0.4473690986633301 -0.8559741973876953
vn -0.31406936049461365 -0.23692533373832703 -0.9193621873855591
vn -0.08713655918836594 -0.32847777009010315 -0.9404836893081665
vn 0.0906822606921196 -0.3571836054325104 -0.9296217560768127
vn 0.30673280358314514 -0.39464494585990906 -0.8661237955093384
vn -0.31009310483932495 -0.3997247517108917 -0.8625905513763428
vn -0.05163193866610527 -0.5205428004264832 -0.8522730469703674
vn 0.10101822018623352 -0.5444789528846741 -0.8326692581176758
vn 0.2675880491733551 -0.5525791645050049 -0.7893370389938354
vn -0.4740690290927887 -0.0987442284822464 -0.8749332427978516
vn 0.4657018780708313 -0.36371615529060364 -0.8067418336868286
vn -0.5553669929504395 -0.2255396842956543 -0.8004370331764221
vn 0.639927089214325 -0.27516406774520874 -0.7174804210662842
vn -0.5406091213226318 0.08731775730848312 -0.8367302417755127
vn 0.47410085797309875 -0.12251447141170502 -0.8719051480293274
vn 0.49148207902908325 0.11956586688756943 -0.8626409769058228
vn -0.667477548122406 -0.010957181453704834 -0.7445493340492249
vn 0.659695029258728 -0.0445416234433651 -0.7502123713493347
vn -0.5986356735229492 0.26159432530403137 -0.7571022510528564
vn 0.6775956153869629 0.13483324646949768 -0.7229689955711365
vn 0.5677000284194946 0.28721094131469727 -0.7715092897415161
vn -0.7370787262916565 0.19972100853919983 -0.6456209421157837
vn -0.5436158776283264 0.5155028700828552 -0.662373423576355
vn 0.42332181334495544 0.5312099456787109 -0.7339037656784058
vn -0.3119294345378876 0.648781418800354 -0.6941056847572327
vn -0.03284677118062973 0.6477263569831848 -0.761164665222168
vn 0.1628183275461197 0.6163703203201294 -0.7704400420188904
vn 0.3455269932746887 0.6049740314483643 -0.717368483543396
vn -0.7000136971473694 0.45682042837142944 -0.548904299736023
vn 0.625997006893158 0.4359629154205322 -0.646578848361969
vn -0.28044918179512024 0.7570620775222778 -0.5900892615318298
vn -0.1082775890827179 0.7878038883209229 -0.6063340902328491
vn 0.061931632459163666 0.7705069184303284 -0.6344159245491028
vn 0.2757488489151001 0.7266895771026611 -0.6291937828063965
vn -0.294620543718338 -0.5769332647323608 -0.7618049383163452
vn -0.1213078647851944 -0.6261691451072693 -0.770192563533783
vn 0.08194885402917862 -0.7000155448913574 -0.7094100713729858
vn 0.23011311888694763 -0.7372456789016724 -0.635229766368866
vn -0.3282606899738312 -0.7247263789176941 -0.6058189868927002
vn -0.08515915274620056 -0.7609699368476868 -0.6431739330291748
vn 0.16609779000282288 -0.8014642000198364 -0.5745142102241516
vn -0.4743998050689697 -0.48823073506355286 -0.7325132489204407
vn 0.4343815743923187 -0.5753636360168457 -0.6930146813392639
vn -0.664790153503418 -0.36739933490753174 -0.6504397392272949
vn 0.5862258672714233 -0.4752340614795685 -0.6561187505722046
vn -0.5977426171302795 -0.584353506565094 -0.548848569393158
vn 0.569399356842041 -0.6157074570655823 -0.5446913242340088
vn -0.7558499574661255 -0.15788717567920685 -0.6354231238365173
vn 0.7220988869667053 -0.34397247433662415 -0.6002134084701538
vn 0.8367148637771606 -0.2596498131752014 -0.48217248916625977
vn -0.7843132019042969 0.07733321934938431 -0.6155261397361755
vn 0.7859308123588562 -0.10205203294754028 -0.6098345518112183
vn -0.8513185381889343 0.014764728024601936 -0.5244413614273071
vn 0.8951318264007568 -0.06307029724121094 -0.441317617893219
vn -0.7908150553703308 0.3743615448474884 -0.4842158854007721
vn 0.8259391188621521 0.06540926545858383 -0.5599520206451416
vn -0.8600424528121948 0.23734398186206818 -0.4516579508781433
vn 0.9055593013763428 0.12277188897132874 -0.40606585144996643
vn -0.7590420842170715 0.5527539849281311 -0.3439742624759674
vn 0.7958057522773743 0.24337129294872284 -0.5544940233230591
vn -0.602573812007904 0.5992156267166138 -0.5271105170249939
vn 0.6640431880950928 0.5259900689125061 -0.531395435333252
vn 0.855765700340271 0.31234675645828247 -0.41243743896484375
vn -0.4623454809188843 0.7913159132003784 -0.4000697731971741
vn 0.5057136416435242 0.678337037563324 -0.5330221056938171
vn -0.2719818651676178 0.8981082439422607 -0.3455827236175537
vn -0.04635822772979736 0.8926140666007996 -0.4484318196773529
vn 0.1443062424659729 0.868373453617096 -0.47445055842399597
vn 0.35913679003715515 0.8017409443855286 -0.4777366518974304
vn -0.6224111914634705 0.7436485886573792 -0.24411293864250183
vn 0.6869885921478271 0.5798889398574829 -0.4379219114780426
vn 0.8129979968070984 0.48694488406181335 -0.3192475438117981
vn -0.31797006726264954 0.9305146336555481 -0.18176236748695374
vn -0.10692101716995239 0.9618100523948669 -0.2519710063934326
vn 0.0625603049993515 0.9611806869506836 -0.26873400807380676
vn 0.25922903418540955 0.922768771648407 -0.2851282060146332
vn -0.3609347343444824 -0.8402721285820007 -0.4045601189136505
vn -0.17771118879318237 -0.8650669455528259 -0.46912455558776855
vn 0.027994992211461067 -0.8823698163032532 -0.4697231352329254
vn -0.5248790979385376 -0.7225000262260437 -0.44999510049819946
vn 0.2520023286342621 -0.9015547037124634 -0.35170161724090576
vn -0.7293914556503296 -0.5971506834030151 -0.33376529812812805
vn 0.3135005831718445 -0.8264672160148621 -0.467620849609375
vn 0.42795103788375854 -0.7734227180480957 -0.46762722730636597
vn -0.7877495288848877 -0.40843215584754944 -0.46112242341041565
vn 0.6279425024986267 -0.6739107370376587 -0.3892718553543091
vn 0.7128450274467468 -0.5119447708129883 -0.47933775186538696
vn -0.8172744512557983 -0.25390201807022095 -0.5172970294952393
vn 0.8408890962600708 -0.4215070307254791 -0.33946651220321655
vn -0.9142143130302429 -0.1564725786447525 -0.3738028109073639
vn -0.8811777234077454 -0.37044015526771545 -0.29376867413520813
vn -0.9540395140647888 0.07915502041578293 -0.2890382409095764
vn 0.9308806657791138 -0.21104349195957184 -0.2981976270675659
vn -0.9405155181884766 0.2794744074344635 -0.19319570064544678
vn 0.9610686898231506 -0.030548838898539543 -0.2746157944202423
vn -0.843849778175354 0.4201645851135254 -0.3337353467941284
vn -0.7786823511123657 0.5947737693786621 -0.19974485039710999
vn 0.9577581286430359 0.12735508382320404 -0.2578372359275818
vn -0.8684219717979431 0.48096156120300293 -0.12049655616283417
vn -0.7181892991065979 0.688084602355957 -0.10365239530801773
vn 0.9364423155784607 0.27493929862976074 -0.21790872514247894
vn -0.5466284155845642 0.8262647390365601 -0.13595618307590485
vn 0.672512412071228 0.6876044273376465 -0.2737283706665039
vn 0.8469074964523315 0.5116110444068909 -0.1449204832315445
vn -0.42926862835884094 0.903144121170044 -0.007696977350860834
vn 0.48527103662490845 0.8044731616973877 -0.34254202246665955
vn -0.16272199153900146 0.9861021637916565 -0.03352740779519081
vn 0.010588612407445908 0.9985073208808899 -0.0535818375647068
vn 0.17559923231601715 0.9825562834739685 -0.0612214021384716
vn 0.3577466607093811 0.9296339154243469 -0.08830735087394714
vn 0.544506847858429 0.8264530301094055 -0.14313536882400513
vn -0.4138698875904083 -0.8859443664550781 -0.209318608045578
vn -0.1674114167690277 -0.940521240234375 -0.2956235110759735
vn 0.040627915412187576 -0.9542547464370728 -0.29622170329093933
vn -0.594397783279419 -0.7628307342529297 -0.2545202374458313
vn 0.25579020380973816 -0.9508845210075378 -0.17432735860347748
vn -0.7574287056922913 -0.6370226144790649 -0.14319244027137756
vn 0.3956090211868286 -0.8895716667175293 -0.22837652266025543
vn 0.4883437752723694 -0.8235936164855957 -0.28846824169158936
vn -0.8293390274047852 -0.49369150400161743 -0.2616592049598694
vn 0.6265206336975098 -0.760737419128418 -0.16955964267253876
vn -0.9077062606811523 -0.40849387645721436 -0.09592742472887039
vn 0.7379074692726135 -0.6218954920768738 -0.2621805965900421
vn -0.9719694256782532 -0.18283222615718842 -0.1478104293346405
vn 0.8924492001533508 -0.4263707101345062 -0.14745332300662994
vn -0.9936856627464294 0.022177865728735924 -0.10998614877462387
vn 0.9702288508415222 -0.2087337076663971 -0.12282631546258926
vn -0.9740578532218933 0.2251676470041275 -0.02260209247469902
vn 0.995118260383606 -0.018521450459957123 -0.09693672508001328
vn -0.8989296555519104 0.4351658523082733 0.050559449940919876
vn 0.990881085395813 0.12320026755332947 -0.05455681309103966
vn -0.8011878728866577 0.5971489548683167 0.038874682039022446
vn -0.7353401780128479 0.6728386878967285 0.0810118168592453
vn 0.9471091628074646 0.32055288553237915 -0.015171651728451252
vn -0.6439329981803894 0.7605498433113098 0.08315183967351913
vn 0.8056460618972778 0.5922096371650696 -0.014901363290846348
vn -0.4801163673400879 0.8621185421943665 0.16198742389678955
vn 0.6670631766319275 0.7449313998222351 -0.010193698108196259
vn -0.21470995247364044 0.9661688804626465 0.14288952946662903
vn -0.028944969177246094 0.9868564605712891 0.15898612141609192
vn 0.1213688924908638 0.981338381767273 0.14914612472057343
vn 0.29764285683631897 0.9423580169677734 0.1528729498386383
vn 0.46762433648109436 0.8734331727027893 0.1358017474412918
vn -0.3173742890357971 0.896366536617279 0.30951687693595886
vn -0.4086228907108307 -0.9126114845275879 -0.012950423173606396
vn -0.19520625472068787 -0.9725353121757507 -0.1267658770084381
vn 0.04221722483634949 -0.9900758266448975 -0.13404327630996704
vn -0.6038401126861572 -0.794769823551178 -0.060976121574640274
vn 0.24450309574604034 -0.9696057438850403 -0.009107532911002636
vn -0.7213151454925537 -0.6923812627792358 0.01768418774008751
vn 0.37564757466316223 -0.9266179203987122 -0.016374340280890465
vn 0.5177226066589355 -0.849667489528656 -0.10014257580041885
vn 0.10404730588197708 -0.9910788536071777 0.08328834921121597
vn -0.8452028632164001 -0.5343656539916992 -0.009246736764907837
vn 0.6676190495491028 -0.7418231964111328 0.06311270594596863
vn -0.9099568128585815 -0.4081537425518036 0.07341121882200241
vn 0.7803548574447632 -0.6222282648086548 -0.062275633215904236
vn -0.9787137508392334 -0.2031785249710083 0.02894744649529457
vn 0.9260299801826477 -0.3742123544216156 0.049331068992614746
vn -0.9393711090087891 -0.27226048707962036 0.2084614634513855
vn 0.7954666614532471 -0.5901002883911133 0.1378931850194931
vn -0.997130811214447 -0.0046370732598006725 0.07555542886257172
vn 0.9828814268112183 -0.17171630263328552 0.06676585972309113
vn -0.9697101712226868 0.18568694591522217 0.1586901694536209
vn 0.9899550080299377 -0.022209197282791138 0.13962768018245697
vn -0.8988515138626099 0.39019647240638733 0.1995311975479126
vn 0.9791866540908813 0.1274387091398239 0.1579650193452835
vn -0.7634680271148682 0.5895567536354065 0.2637035846710205
vn -0.7525794506072998 0.5306644439697266 0.3898967504501343
vn -0.7190986275672913 0.632844090461731 0.2870635688304901
vn 0.9251823425292969 0.3459089994430542 0.15615586936473846
vn -0.6117923259735107 0.7431674003601074 0.27094724774360657
vn -0.5379976034164429 0.7743235230445862 0.3331388831138611
vn 0.7922922372817993 0.5816535949707031 0.1842612773180008
vn -0.5970561504364014 0.6910387873649597 0.40741798281669617
vn 0.788448691368103 0.4967944920063019 0.3626897931098938
vn -0.3190087676048279 0.833978533744812 0.45023682713508606
vn 0.6155217289924622 0.7519192695617676 0.23611533641815186
vn -0.07657886296510696 0.9388362169265747 0.33574140071868896
vn 0.09363286197185516 0.9334211945533752 0.34634917974472046
vn 0.23653307557106018 0.9149394631385803 0.32701364159584045
vn 0.3988928496837616 0.8461525440216064 0.35342660546302795
vn 0.5815606117248535 0.7015455365180969 0.41185081005096436
vn -0.30975550413131714 -0.93637615442276 0.16507947444915771
vn -0.10173589736223221 -0.9921703934669495 0.07244153320789337
vn -0.5287186503410339 -0.8196118474006653 0.22066494822502136
vn 0.04815454035997391 -0.9525313377380371 0.3006080985069275
vn -0.6391001343727112 -0.7356475591659546 0.2244408279657364
vn 0.2041378617286682 -0.9507175087928772 0.23337528109550476
vn 0.3148358166217804 -0.9333274364471436 0.17256399989128113
vn 0.5229197144508362 -0.8501001000404358 0.062328316271305084
vn -0.3505319356918335 -0.8390626907348633 0.41605427861213684
vn -0.09564239531755447 -0.9146650433540344 0.39273443818092346
vn -0.829383373260498 -0.5261799097061157 0.18777118623256683
vn 0.6858183145523071 -0.6834943890571594 0.24997739493846893
vn -0.6863584518432617 -0.5933141112327576 0.42058342695236206
vn 0.2670555114746094 -0.875421404838562 0.40288805961608887
vn 0.4851928651332855 -0.8296610116958618 0.27613508701324463
vn -0.8653167486190796 -0.4090734124183655 0.28963062167167664
vn 0.7510614395141602 -0.5396171808242798 0.380420982837677
vn -0.8852034211158752 -0.2395782768726349 0.39876940846443176
vn 0.8754318952560425 -0.39730560779571533 0.2752585709095001
vn -0.9640949964523315 -0.0825812816619873 0.25239112973213196
vn 0.9393051266670227 -0.18279005587100983 0.2903338372707367
vn -0.8664320707321167 -0.10373721271753311 0.4883996248245239
vn 0.8217853903770447 -0.3077647089958191 0.4795307517051697
vn -0.9384355545043945 0.08106701821088791 0.3358078598976135
vn 0.9281404614448547 -0.023778105154633522 0.3714699447154999
vn -0.8507592082023621 0.27818727493286133 0.4458931088447571
vn -0.8143429756164551 0.08988745510578156 0.5733810663223267
vn 0.8387832641601562 -0.13289779424667358 0.5279970765113831
vn -0.7239301800727844 0.37891775369644165 0.5764949321746826
vn 0.9249529242515564 0.15375059843063354 0.3475959599018097
vn -0.6939366459846497 0.5192646980285645 0.49881476163864136
vn 0.8327950239181519 0.24512377381324768 0.49635353684425354
vn 0.8029941320419312 0.07268011569976807 0.591538667678833
vn -0.5563900470733643 0.6153820157051086 0.5583323836326599
vn 0.7075541019439697 0.3957318067550659 0.5854601860046387
vn -0.40067192912101746 0.7478660941123962 0.5292999148368835
vn 0.5375117063522339 0.5871484875679016 0.6052584648132324
vn -0.3726957142353058 0.6471008062362671 0.6651003956794739
vn 0.5778082609176636 0.4318164587020874 0.6925836801528931
vn -0.24447180330753326 0.7463666200637817 0.6190075874328613
vn 0.37626054883003235 0.730327844619751 0.5701310038566589
vn -0.0914391279220581 0.8606162071228027 0.5009778141975403
vn 0.09452735632658005 0.8661397695541382 0.4907815158367157
vn 0.2456236332654953 0.8320600390434265 0.4973379969596863
vn -0.012922905385494232 0.7454397082328796 0.6664477586746216
vn 0.1637638956308365 0.7365172505378723 0.6562954783439636
vn 0.32989031076431274 0.6798931360244751 0.6549181938171387
vn -0.25888776779174805 -0.7799080610275269 0.5698426365852356
vn -0.0130364540964365 -0.8589342832565308 0.5119199156761169
vn 0.0904654935002327 -0.9022358059883118 0.4216475784778595
vn -0.4227408468723297 -0.7579430341720581 0.49680233001708984
vn 0.12412334978580475 -0.7743461728096008 0.6204687356948853
vn -0.5493012070655823 -0.5396124720573425 0.638033390045166
vn 0.34874993562698364 -0.7267228364944458 0.5918170809745789
vn 0.5870087146759033 -0.6576414108276367 0.4721532464027405
vn -0.33797553181648254 -0.6431110501289368 0.6871541142463684
vn -0.1442420929670334 -0.73152756690979 0.6663795709609985
vn -0.0035093300975859165 -0.7618352174758911 0.647761344909668
vn -0.7837926149368286 -0.3845638036727905 0.4876268208026886
vn 0.6972711086273193 -0.4657002389431 0.5449186563491821
vn -0.6110317707061768 -0.39106908440589905 0.6882625222206116
vn -0.4204842150211334 -0.49838191270828247 0.7581613063812256
vn -0.24365052580833435 -0.5859572887420654 0.7728444337844849
vn -0.04251636937260628 -0.6695112586021423 0.7415841221809387
vn 0.21345509588718414 -0.6315153241157532 0.7454028129577637
vn 0.4703730642795563 -0.5372569561004639 0.7000744342803955
vn -0.788716733455658 -0.2591428756713867 0.5574682354927063
vn 0.7186762690544128 -0.30452048778533936 0.6251174211502075
vn -0.685699999332428 -0.2237710952758789 0.6926342248916626
vn -0.5008059144020081 -0.3510438799858093 0.7911774516105652
vn 0.5554413795471191 -0.40932127833366394 0.7238377332687378
vn -0.7674343585968018 -0.027520913630723953 0.6405366659164429
vn 0.7333985567092896 -0.10912549495697021 0.670983076095581
vn -0.6531732678413391 -0.08937598764896393 0.7519153356552124
vn 0.6196720600128174 -0.16696125268936157 0.766896665096283
vn -0.7371706366539001 0.1521652340888977 0.6583504676818848
vn 0.7161784768104553 0.12288042902946472 0.6870144009590149
vn -0.6362332105636597 0.41072341799736023 0.6530800461769104
vn -0.4767439663410187 0.49839073419570923 0.7241007089614868
vn 0.54288250207901 0.26824864745140076 0.7958148121833801
vn -0.6124324202537537 0.19558027386665344 0.7659471035003662
vn 0.4279725253582001 0.14815719425678253 0.8915655016899109
vn 0.5580604076385498 0.025345338508486748 0.8294132351875305
vn -0.2471219152212143 0.6061782240867615 0.7559621334075928
vn 0.38856130838394165 0.5037938952445984 0.7714996933937073
vn -0.18297328054904938 0.6504327058792114 0.7371960878372192
vn 0.033484429121017456 0.6032502055168152 0.7968488335609436
vn 0.19620268046855927 0.5585188269615173 0.8059536814689636
vn -0.07524721324443817 0.5296265482902527 0.8448867797851562
vn 0.15130160748958588 0.423861026763916 0.8930003643035889
vn 0.3245084881782532 0.300053209066391 0.89702969789505
vn -0.10580559819936752 -0.5365636944770813 0.8372005224227905
vn 0.0854322612285614 -0.5841972827911377 0.8071027994155884
vn 0.3590303063392639 -0.5206072926521301 0.774638831615448
vn -0.28237292170524597 -0.4583466351032257 0.842724084854126
vn 0.4825234115123749 -0.30059370398521423 0.8226873874664307
vn -0.35086312890052795 -0.27189794182777405 0.8960840106010437
vn -0.15897813439369202 -0.29775580763816833 0.9413115978240967
vn 0.034299373626708984 -0.3947744071483612 0.9181376099586487
vn 0.24409882724285126 -0.4039199650287628 0.8816260099411011
vn -0.49870815873146057 -0.1440957635641098 0.8547084927558899
vn 0.4814886450767517 -0.09049894660711288 0.871767520904541
vn 0.29103216528892517 0.05636366456747055 0.9550515413284302
vn -0.28708764910697937 -0.014684109948575497 0.957791805267334
vn -0.10963510721921921 -0.010198038071393967 0.9939196109771729
vn 0.035763148218393326 -0.16495539247989655 0.9856524467468262
vn 0.24119235575199127 -0.17967388033866882 0.9536999464035034
vn -0.48164746165275574 0.09418001770973206 0.8712897896766663
vn 0.19868001341819763 0.28464746475219727 0.9378177523612976
vn -0.44206902384757996 0.3855508267879486 0.8098922967910767
vn -0.2203933298587799 0.4623490869998932 0.8588714599609375
vn -0.010708187706768513 0.38132554292678833 0.9243788719177246
vn -0.2958483397960663 0.2668907344341278 0.9171930551528931
vn -0.12316019833087921 0.2503293752670288 0.9602951407432556
vn 0.07200481742620468 0.11463309824466705 0.9907949566841125
vn 0.01921931467950344 0.10625521093606949 -0.9941531419754028
vn 0.31125155091285706 0.4149987995624542 -0.8549259901046753
vn -0.04500115290284157 -0.2807946503162384 -0.9587123394012451
vn 0.1899978518486023 -0.265196830034256 -0.9452890753746033
vn -0.20982925593852997 -0.2379525899887085 -0.9483408331871033
vn -0.31360602378845215 -0.08603887259960175 -0.9456471800804138
vn -0.12553517520427704 -0.13672035932540894 -0.982623279094696
vn 0.14237302541732788 -0.27239343523979187 -0.9515942931175232
vn 0.4050126075744629 -0.1609850972890854 -0.9000269770622253
vn -0.3695777952671051 0.42260730266571045 -0.8275357484817505
vn 0.3815902769565582 -0.21239034831523895 -0.8995994925498962
vn 0.23281621932983398 0.4327871799468994 -0.8709143996238708
vn 0.31436946988105774 -0.013189496472477913 -0.9492090940475464
vn -0.396733820438385 0.13909608125686646 -0.9073337912559509
vn -0.34471145272254944 0.10859572142362595 -0.9324060082435608
vn 0.3940788805484772 -0.02602672390639782 -0.918708086013794
vn 0.5828628540039062 -0.03082459606230259 -0.8119856715202332
vn -0.13063055276870728 0.40995556116104126 -0.9027026891708374
vn 0.679789662361145 0.18831922113895416 -0.7088173031806946
vn 0.23715488612651825 0.704227864742279 -0.6691941022872925
vn -0.3889593780040741 0.3507804572582245 -0.8518589735031128
vn -0.2528090178966522 0.40485963225364685 -0.8787356019020081
vn -0.13048739731311798 0.5237608551979065 -0.8418121337890625
vn 0.6406266689300537 0.058912020176649094 -0.7655892372131348
vn -0.25053533911705017 0.5714648365974426 -0.7814474105834961
vn -0.12112314254045486 0.6539732813835144 -0.7467584013938904
vn -0.004100392572581768 0.7407785654067993 -0.6717367768287659
vn -0.12174304574728012 -0.42468467354774475 -0.8971185088157654
vn 0.022833438590168953 -0.47176069021224976 -0.8814309239387512
vn -0.22126604616641998 -0.5509530901908875 -0.8046689033508301
vn -0.05441306531429291 -0.6115896701812744 -0.7893017530441284
vn -0.2648923695087433 -0.3306761682033539 -0.9058064222335815
vn 0.17718814313411713 -0.3695320188999176 -0.912168025970459
vn -0.4250750243663788 -0.17799223959445953 -0.8874852061271667
vn 0.4352453947067261 -0.28576475381851196 -0.8537563681602478
vn -0.4467202425003052 -0.30941683053970337 -0.8394654989242554
vn 0.3575516939163208 -0.44683802127838135 -0.8200564384460449
vn -0.539859414100647 -0.03903926536440849 -0.8408494591712952
vn 0.49521496891975403 -0.2674351632595062 -0.8265836834907532
vn 0.6142255067825317 -0.11538978666067123 -0.7806485891342163
vn -0.6580239534378052 -0.12757092714309692 -0.7421120405197144
vn 0.6166780591011047 -0.29249539971351624 -0.7308588027954102
vn -0.5679574608802795 0.11826345324516296 -0.8145171403884888
vn 0.7164463996887207 0.04106570780277252 -0.6964325308799744
vn -0.711414098739624 0.0319945402443409 -0.7020443677902222
vn 0.840046763420105 0.02039191871881485 -0.5421306490898132
vn -0.5789487361907959 0.32261019945144653 -0.7488265037536621
vn 0.7418626546859741 0.20565783977508545 -0.6382355690002441
vn -0.5342254042625427 0.5053319334983826 -0.6776745915412903
vn 0.7216939330101013 0.3622460961341858 -0.5898606777191162
vn -0.7171422839164734 0.2590115964412689 -0.6470084190368652
vn -0.3302922546863556 0.6659878492355347 -0.6688552498817444
vn 0.45992860198020935 0.6628365516662598 -0.5908581614494324
vn -0.16754533350467682 0.7768422365188599 -0.606996476650238
vn 0.04880278557538986 0.800096333026886 -0.5978829264640808
vn 0.3232983648777008 0.7871432900428772 -0.525246262550354
vn -0.46154558658599854 0.6792455911636353 -0.570614755153656
vn 0.6313470005989075 0.6165010929107666 -0.4704543948173523
vn -0.15959405899047852 0.8670951128005981 -0.4718853533267975
vn -0.015855375677347183 0.8876035809516907 -0.46033522486686707
vn -0.29976606369018555 -0.7003569602966309 -0.6477966904640198
vn -0.08182349801063538 -0.7159217596054077 -0.6933692693710327
vn -0.3166041970252991 -0.5724996328353882 -0.756310760974884
vn 0.10948610305786133 -0.6833215355873108 -0.7218617796897888
vn -0.4895777404308319 -0.4657929539680481 -0.7371231913566589
vn 0.1958092451095581 -0.6099101901054382 -0.7678986191749573
vn -0.5331751108169556 -0.6238369345664978 -0.5714470744132996
vn 0.34104084968566895 -0.6930808424949646 -0.6350827217102051
vn 0.5616024732589722 -0.6660789251327515 -0.49085795879364014
vn -0.6467546820640564 -0.3484428822994232 -0.6784511804580688
vn 0.4843966066837311 -0.5178034901618958 -0.7051520943641663
vn -0.7874458432197571 -0.23925365507602692 -0.568055272102356
vn 0.6167686581611633 -0.44449949264526367 -0.6496281623840332
vn -0.7542592287063599 -0.4573621451854706 -0.47107645869255066
vn 0.5864145755767822 -0.5558758974075317 -0.5891688466072083
vn -0.8329886198043823 -0.08198254555463791 -0.5471826195716858
vn 0.7267979979515076 -0.29490765929222107 -0.620317816734314
vn 0.7800743579864502 -0.13182476162910461 -0.6116423010826111
vn 0.8347517848014832 -0.26619288325309753 -0.4820071756839752
vn -0.8264636397361755 0.054217629134655 -0.5603734850883484
vn 0.9160584807395935 -0.11366560310125351 -0.3845999538898468
vn 0.9220616817474365 0.10297810286283493 -0.3730922341346741
vn -0.8904480934143066 0.0011703309137374163 -0.4550834000110626
vn -0.7855158448219299 0.28559935092926025 -0.5489971041679382
vn 0.8109385967254639 0.25708988308906555 -0.5256266593933105
vn -0.7120624780654907 0.4864061176776886 -0.5063360929489136
vn -0.8480724692344666 0.2992796301841736 -0.43726980686187744
vn 0.9003961086273193 0.27987203001976013 -0.33310428261756897
vn -0.5950021147727966 0.6584923267364502 -0.4608258605003357
vn 0.777900755405426 0.49485740065574646 -0.38728106021881104
vn -0.4186263382434845 0.7886229157447815 -0.4503619372844696
vn 0.36184391379356384 0.8226783871650696 -0.43848517537117004
vn 0.6148859262466431 0.7055730819702148 -0.3522526025772095
vn -0.6955084800720215 0.6477207541465759 -0.3110077977180481
vn 0.8504192233085632 0.4671505391597748 -0.24198667705059052
vn -0.23006612062454224 0.9134477376937866 -0.33568263053894043
vn 0.15078191459178925 0.8914704322814941 -0.42725324630737305
vn -0.03200265392661095 0.9602243304252625 -0.277389794588089
vn 0.15451866388320923 0.9619022607803345 -0.22553959488868713
vn -0.4298727214336395 0.8617523312568665 -0.2694298028945923
vn 0.342292457818985 0.9107300639152527 -0.2310989797115326
vn 0.556067705154419 0.8076509833335876 -0.1961853951215744
vn -0.5243756771087646 -0.7342950105667114 -0.431092768907547
vn -0.4145861268043518 -0.7512357831001282 -0.5135787129402161
vn -0.11221621185541153 -0.7414407730102539 -0.6615686416625977
vn 0.2224448174238205 -0.7610375881195068 -0.6093769073486328
vn 0.4083922505378723 -0.7883455157279968 -0.46013814210891724
vn -0.22956594824790955 -0.814236581325531 -0.5332151055335999
vn 0.08353135734796524 -0.7947399020195007 -0.6011746525764465
vn 0.3865967392921448 -0.7744728326797485 -0.5007343292236328
vn -0.6754254102706909 -0.629214882850647 -0.384563684463501
vn 0.6235969662666321 -0.722900927066803 -0.29755860567092896
vn -0.8268554210662842 -0.49961408972740173 -0.2582554817199707
vn -0.8839369416236877 -0.2861867845058441 -0.36980074644088745
vn 0.7035216689109802 -0.5827536582946777 -0.40676215291023254
vn 0.7549193501472473 -0.43591225147247314 -0.48997679352760315
vn 0.8091810345649719 -0.4777505099773407 -0.3420241177082062
vn -0.9087158441543579 -0.18028952181339264 -0.3764720559120178
vn 0.8931130766868591 -0.3114250600337982 -0.3245973587036133
vn -0.9536670446395874 -0.14603880047798157 -0.26304352283477783
vn -0.9346185326576233 0.12163661420345306 -0.334204763174057
vn 0.96682208776474 -0.12721623480319977 -0.22152003645896912
vn -0.9038520455360413 0.350882351398468 -0.24481239914894104
vn 0.9793033599853516 0.05778639391064644 -0.1939733773469925
vn -0.8031241297721863 0.5194134712219238 -0.29189255833625793
vn -0.7707159519195557 0.632858157157898 -0.07407844066619873
vn 0.9526049494743347 0.2773469388484955 -0.12498994171619415
vn -0.6406256556510925 0.7305412888526917 -0.23644939064979553
vn 0.8204245567321777 0.5635942816734314 -0.0962555781006813
vn -0.516265869140625 0.8539959788322449 -0.06450098752975464
vn 0.7376121878623962 0.6554590463638306 -0.16217805445194244
vn -0.2970937192440033 0.9461883902549744 -0.12830790877342224
vn -0.09453696012496948 0.9719750881195068 -0.2152378410100937
vn 0.2526501715183258 0.9525540471076965 -0.1697312891483307
vn 0.4268505275249481 0.9037193059921265 -0.03301591798663139
vn 0.6303187608718872 0.7763210535049438 -0.004892690107226372
vn -0.6819722652435303 0.7313121557235718 0.00982246920466423
vn -0.19200962781906128 0.9781844019889832 -0.07929418981075287
vn 0.10595843195915222 0.9851626753807068 -0.13500858843326569
vn -0.28603771328926086 -0.9263350963592529 -0.2451241910457611
vn -0.050661612302064896 -0.9203775525093079 -0.3877353370189667
vn 0.20868423581123352 -0.9160855412483215 -0.3424007296562195
vn -0.47436806559562683 -0.8115917444229126 -0.3410187065601349
vn 0.49263811111450195 -0.8430576324462891 -0.21578140556812286
vn -0.6162824034690857 -0.7610380053520203 -0.20252713561058044
vn 0.5468692779541016 -0.7884982824325562 -0.28143298625946045
vn 0.29551661014556885 -0.9550064206123352 -0.025153102353215218
vn -0.7006481289863586 -0.6837474703788757 -0.20391583442687988
vn 0.6854414939880371 -0.7187461853027344 -0.1165071427822113
vn -0.8221099376678467 -0.5620983839035034 -0.0904475674033165
vn 0.7562087774276733 -0.6121307611465454 -0.23118019104003906
vn -0.9085848331451416 -0.369172602891922 -0.19541046023368835
vn 0.8977960348129272 -0.4190700352191925 -0.13543495535850525
vn 0.7858813405036926 -0.6175929307937622 -0.03113740123808384
vn -0.9428293704986572 -0.30701056122779846 -0.12968187034130096
vn 0.9602082967758179 -0.2562587857246399 -0.11104731261730194
vn -0.9767419099807739 -0.21136172115802765 -0.03607567027211189
vn -0.9859116077423096 0.05349248647689819 -0.1584831327199936
vn 0.996354341506958 -0.08316809684038162 -0.019004033878445625
vn -0.9547686576843262 0.29352089762687683 -0.04756453260779381
vn 0.9971664547920227 0.07519622147083282 0.002169284736737609
vn -0.846105694770813 0.5287225246429443 -0.06751107424497604
vn -0.87224942445755 0.4574546813964844 0.17296282947063446
vn -0.8133100867271423 0.5556665062904358 0.17251504957675934
vn 0.9489116072654724 0.3143773078918457 0.027086999267339706
vn 0.8289194703102112 0.5428046584129333 0.1351136863231659
vn 0.9058929681777954 0.3330901265144348 0.26155129075050354
vn -0.7394931316375732 0.6569623947143555 0.1468006670475006
vn 0.747428834438324 0.6560119390487671 0.10487429052591324
vn -0.5526413917541504 0.8294934034347534 0.08079686015844345
vn -0.39922359585762024 0.9160634279251099 -0.03805750608444214
vn 0.5234072804450989 0.8468347787857056 0.09442339092493057
vn 0.6052037477493286 0.7831292748451233 0.14295831322669983
vn -0.36468976736068726 0.9235820174217224 0.1183118000626564
vn 0.40098100900650024 0.9149842262268066 -0.0449240505695343
vn -0.05293625593185425 0.9950202107429504 0.08445463329553604
vn 0.23604749143123627 0.9678688645362854 0.08666839450597763
vn -0.2572697699069977 -0.9655652046203613 0.03867945820093155
vn -0.0017471029423177242 -0.9990171790122986 -0.0442911833524704
vn -0.5225610136985779 -0.8500248193740845 -0.06623966991901398
vn 0.18794940412044525 -0.9583908319473267 0.21485377848148346
vn -0.5703728199005127 -0.8141969442367554 0.10843577980995178
vn 0.4593006372451782 -0.8852165341377258 0.07372111827135086
vn 0.5917019844055176 -0.8044256567955017 -0.052803754806518555
vn -0.3777214586734772 -0.9009649753570557 0.213515043258667
vn -0.06718618422746658 -0.9594651460647583 0.2737017571926117
vn -0.6983470320701599 -0.715720534324646 -0.0074560800567269325
vn 0.728162407875061 -0.6728391051292419 0.13064105808734894
vn -0.7948775887489319 -0.6018418669700623 0.07717569172382355
vn 0.5892975330352783 -0.7947366237640381 0.1453348696231842
vn -0.9041561484336853 -0.427145779132843 -0.006938811857253313
vn 0.7780788540840149 -0.5967155694961548 0.1962750405073166
vn 0.884618878364563 -0.45830002427101135 0.08608443289995193
vn -0.942922830581665 -0.293442964553833 0.15744128823280334
vn 0.962480902671814 -0.25130969285964966 0.10234303772449493
vn -0.95467609167099 -0.17951513826847076 0.23741912841796875
vn 0.8807302117347717 -0.38163861632347107 0.2804751992225647
vn -0.9976694583892822 0.001324647688306868 0.06822033226490021
vn 0.9786136150360107 -0.08726879209280014 0.18627797067165375
vn -0.9441389441490173 0.2408292442560196 0.2249511480331421
vn -0.9276419878005981 0.049417827278375626 0.37018680572509766
vn 0.9111889004707336 -0.2045215517282486 0.35763922333717346
vn -0.865909993648529 0.3008137345314026 0.39963868260383606
vn 0.9738307595252991 0.08149370551109314 0.2121613621711731
vn 0.8755314350128174 0.1792372614145279 0.4486856460571289
vn 0.9056141376495361 -0.04653184860944748 0.42154231667518616
vn -0.8456399440765381 0.44536927342414856 0.2941757142543793
vn 0.8101502656936646 0.44677096605300903 0.3795422613620758
vn -0.7674022912979126 0.5709394812583923 0.29175665974617004
vn 0.7501893639564514 0.6114794611930847 0.2516125440597534
vn -0.6191520094871521 0.7528644800186157 0.22326211631298065
vn -0.5250868201255798 0.8275074362754822 0.19878458976745605
vn 0.5124566555023193 0.759932279586792 0.39986395835876465
vn 0.5639782547950745 0.7614659667015076 0.3195280432701111
vn -0.6396715044975281 0.6835058331489563 0.35162508487701416
vn 0.7241747975349426 0.5999115109443665 0.34011319279670715
vn -0.4090060889720917 0.8397155404090881 0.3571999967098236
vn 0.45411768555641174 0.8644679188728333 0.21557466685771942
vn -0.1825762540102005 0.9464242458343506 0.266358882188797
vn 0.1572660505771637 0.9397989511489868 0.3033897876739502
vn 0.39580732583999634 0.8028589487075806 0.4458184838294983
vn -0.43981611728668213 -0.8621888160705566 0.2513807415962219
vn -0.20851941406726837 -0.9137287139892578 0.34873998165130615
vn 0.12194553017616272 -0.9304102063179016 0.34563887119293213
vn 0.3248135447502136 -0.9301095604896545 0.17144225537776947
vn -0.663284182548523 -0.7071138620376587 0.2450389266014099
vn 0.37390798330307007 -0.8552955389022827 0.3586954176425934
vn -0.7660261392593384 -0.5761579275131226 0.2850370407104492
vn 0.5573528409004211 -0.7323856949806213 0.3911125361919403
vn -0.4917478561401367 -0.7609815001487732 0.42319169640541077
vn -0.21374867856502533 -0.8449597358703613 0.49025964736938477
vn -0.012245619669556618 -0.877458393573761 0.47949638962745667
vn 0.1819620579481125 -0.8685811758041382 0.46093007922172546
vn -0.8839576840400696 -0.42453667521476746 0.19592724740505219
vn 0.7734498381614685 -0.5205973386764526 0.3615989685058594
vn -0.8061632513999939 -0.3947159945964813 0.44079485535621643
vn 0.5932245254516602 -0.6512184739112854 0.47328558564186096
vn -0.9040026068687439 -0.24678322672843933 0.349109411239624
vn 0.8200812339782715 -0.3688701391220093 0.4374946653842926
vn -0.8336531519889832 -0.18369269371032715 0.5208449959754944
vn -0.8984955549240112 -0.05556214228272438 0.4354522228240967
vn 0.8253898620605469 -0.1560688316822052 0.5425626039505005
vn -0.8231531977653503 -0.0012262630043551326 0.5678180456161499
vn -0.8773171305656433 0.1686958223581314 0.44928428530693054
vn 0.8315076231956482 0.08218277245759964 0.5494006276130676
vn -0.7747786641120911 0.11749036610126495 0.6212198138237
vn -0.8371631503105164 0.3391226530075073 0.42913126945495605
vn 0.8543811440467834 0.28164198994636536 0.4367044270038605
vn -0.6924360394477844 0.45270344614982605 0.5617756843566895
vn 0.735512375831604 0.4350617527961731 0.5193678140640259
vn -0.7198490500450134 0.27319014072418213 0.6381101012229919
vn 0.7026255130767822 0.28076910972595215 0.6538242101669312
vn -0.560762345790863 0.6230695843696594 0.5452796816825867
vn 0.5406183004379272 0.6376667618751526 0.5487375259399414
vn -0.3988476097583771 0.7739582657814026 0.49184268712997437
vn 0.2809504568576813 0.6678269505500793 0.6892561316490173
vn 0.38920825719833374 0.7038207054138184 0.5942671298980713
vn -0.31949424743652344 0.6506593823432922 0.6888874173164368
vn 0.46871569752693176 0.5324491858482361 0.7048428654670715
vn -0.277929425239563 0.7287786602973938 0.6258090138435364
vn 0.1832139939069748 0.8155010938644409 0.5489906072616577
vn -0.12188311666250229 0.8716676831245422 0.47469988465309143
vn 0.002621158491820097 0.7017056345939636 0.7124621868133545
vn -0.4344617426395416 -0.7097460031509399 0.5545300841331482
vn -0.113410085439682 -0.7782557010650635 0.6176214814186096
vn 0.08568071573972702 -0.7870460748672485 0.6109151244163513
vn 0.29231587052345276 -0.7729637026786804 0.5630972385406494
vn -0.6570435762405396 -0.5867568254470825 0.4732970893383026
vn 0.4460645318031311 -0.5722023844718933 0.6881939172744751
vn 0.6987570524215698 -0.4174330234527588 0.5809374451637268
vn -0.5310625433921814 -0.5848061442375183 0.6131674647331238
vn -0.25503504276275635 -0.7029793858528137 0.6639105081558228
vn 0.08397334069013596 -0.7045949101448059 0.7046236991882324
vn 0.2513338625431061 -0.6127909421920776 0.7492119669914246
vn -0.7077399492263794 -0.355122447013855 0.6107308268547058
vn 0.7512117028236389 -0.27864235639572144 0.598363995552063
vn -0.5436168909072876 -0.4675864577293396 0.6970248818397522
vn 0.4096210300922394 -0.46581536531448364 0.784363865852356
vn 0.5323927402496338 -0.3680505156517029 0.7622970342636108
vn -0.7471951842308044 -0.1276371330022812 0.6522331833839417
vn 0.7489532828330994 -0.1172090694308281 0.6521740555763245
vn 0.5295714139938354 -0.22286807000637054 0.818464457988739
vn 0.6189438104629517 -0.24075578153133392 0.7476263642311096
vn -0.6748770475387573 0.05619007349014282 0.7357878088951111
vn 0.7768659591674805 0.03678719326853752 0.6285905241966248
vn 0.6374235153198242 0.05588037148118019 0.7684847116470337
vn -0.44914332032203674 0.27025872468948364 0.851604700088501
vn 0.46175938844680786 0.021282391622662544 0.8867498636245728
vn 0.6201963424682617 -0.07778536528348923 0.7805805206298828
vn -0.560032069683075 0.24044963717460632 0.7928102016448975
vn 0.5250725150108337 0.2664543092250824 0.8082703351974487
vn -0.449524849653244 0.41234275698661804 0.7924020290374756
vn 0.29847270250320435 0.37693697214126587 0.8768310546875
vn -0.2797021269798279 0.3763916492462158 0.8832305073738098
vn -0.09270933270454407 0.39210042357444763 0.9152389764785767
vn 0.21056810021400452 0.282900333404541 0.9357502460479736
vn 0.38907334208488464 0.14627933502197266 0.9095187187194824
vn -0.17594076693058014 0.5822191834449768 0.7937667965888977
vn 0.23638805747032166 0.5755760073661804 0.7828365564346313
vn -0.08301447331905365 0.6168504357337952 0.7826903462409973
vn 0.12753964960575104 0.5972623825073242 0.7918404936790466
vn -0.051130056381225586 0.49442440271377563 0.8677155375480652
vn 0.11343676596879959 0.4069502651691437 0.9063794016838074
vn -0.06908389925956726 -0.6417148113250732 0.7638255953788757
vn 0.2245715856552124 -0.5980467200279236 0.7693554162979126
vn -0.31787392497062683 -0.5524070858955383 0.7705858945846558
vn 0.3605663776397705 -0.36787301301956177 0.8571239113807678
vn -0.4760908782482147 -0.3229871094226837 0.8179344534873962
vn -0.20424784719944 -0.38473111391067505 0.9001470804214478
vn 0.07805181294679642 -0.47413790225982666 0.876984179019928
vn -0.6468655467033386 -0.18039721250534058 0.7409601211547852
vn 0.3618166446685791 -0.14956960082054138 0.9201726317405701
vn -0.5930193066596985 0.02957697957754135 0.8046448826789856
vn -0.43652766942977905 -0.14573268592357635 0.8878094553947449
vn -0.1587105393409729 -0.18116167187690735 0.9705624580383301
vn 0.11092118173837662 -0.2780456840991974 0.9541420936584473
vn -0.42416736483573914 0.10507720708847046 0.8994669914245605
vn 0.2656680941581726 0.09762758761644363 0.9591086506843567
vn -0.22958098351955414 0.29027026891708374 0.9289972186088562
vn 0.019287874922156334 0.240531325340271 0.9704497456550598
vn -0.19640804827213287 0.04746336489915848 0.9793728590011597
vn 0.08661068975925446 -0.032889168709516525 0.9956992268562317
vn -0.17385739088058472 -0.10997554659843445 -0.9786107540130615
vn 0.0760113075375557 -0.13518281280994415 -0.9879007935523987
vn 0.2586178779602051 -0.09125048667192459 -0.9616601467132568
vn 0.4881313741207123 -0.061734478920698166 -0.8705841302871704
vn -0.264465868473053 0.08713462948799133 -0.9604506492614746
vn 0.0024522074963897467 0.0926811620593071 -0.9956928491592407
vn 0.2528418004512787 0.12573806941509247 -0.9593023657798767
vn 0.4643692672252655 0.1521046906709671 -0.8724823594093323
vn -0.28387656807899475 0.28046104311943054 -0.9169273376464844
vn -0.022388212382793427 0.3194383978843689 -0.947342574596405
vn 0.18369705975055695 0.31618162989616394 -0.9307441115379333
vn 0.3722561299800873 0.34109827876091003 -0.8631786108016968
vn -0.012218231335282326 0.5411329865455627 -0.8408483266830444
vn 0.15405970811843872 0.5428298115730286 -0.8255916237831116
vn -0.3123142123222351 -0.28202909231185913 -0.907149076461792
vn -0.0488089844584465 -0.3311432898044586 -0.9423173069953918
vn 0.173627108335495 -0.3762727379798889 -0.9100947976112366
vn 0.34771254658699036 -0.32847851514816284 -0.8781787157058716
vn -0.21979045867919922 -0.4592232406139374 -0.8607010245323181
vn 0.016521058976650238 -0.5188542604446411 -0.8547030687332153
vn 0.21742869913578033 -0.5160612463951111 -0.828495979309082
vn -0.42466452717781067 -0.10681675374507904 -0.8990273475646973
vn 0.5800397396087646 -0.27147388458251953 -0.7680206894874573
vn -0.5037041306495667 0.1375160664319992 -0.8528607487678528
vn 0.6601245403289795 -0.020283890888094902 -0.7508822083473206
vn -0.6430900692939758 0.16575227677822113 -0.747637152671814
vn 0.7181984782218933 0.008694685995578766 -0.6957840919494629
vn -0.5468843579292297 0.39022377133369446 -0.7407044172286987
vn 0.5741771459579468 0.2623092234134674 -0.7755736708641052
vn -0.3466816246509552 0.5227594375610352 -0.7788032293319702
vn 0.5275303721427917 0.38562339544296265 -0.7569718360900879
vn -0.6565045118331909 0.39667850732803345 -0.6415979862213135
vn 0.6922836899757385 0.22518013417720795 -0.6855926513671875
vn -0.19898349046707153 0.7368753552436829 -0.6460807919502258
vn 0.3104812800884247 0.5951582789421082 -0.7412071228027344
vn -0.07940111309289932 0.7924641370773315 -0.6047280430793762
vn 0.12426070123910904 0.7285168766975403 -0.6736634373664856
vn -0.6431450843811035 0.5791727304458618 -0.5009226202964783
vn -0.45336806774139404 0.6973715424537659 -0.5550948977470398
vn 0.5287383794784546 0.569238007068634 -0.6296061873435974
vn -0.10290636867284775 0.9051327109336853 -0.41248637437820435
vn 0.07039427757263184 0.8914759755134583 -0.4475659728050232
vn -0.3540675640106201 -0.5463870167732239 -0.7590108513832092
vn -0.13434667885303497 -0.6344884634017944 -0.7611671686172485
vn 0.127152219414711 -0.6509270668029785 -0.7484158873558044
vn -0.31427985429763794 -0.65945965051651 -0.6828917264938354
vn -0.1538681536912918 -0.7383238673210144 -0.6566601395606995
vn 0.036462023854255676 -0.7546075582504272 -0.6551625728607178
vn -0.46600985527038574 -0.36317363381385803 -0.8068084120750427
vn 0.30664119124412537 -0.6190220713615417 -0.7230373024940491
vn 0.4771600067615509 -0.4605332612991333 -0.7484834790229797
vn -0.4715454578399658 -0.40873703360557556 -0.7813955545425415
vn 0.5001546740531921 -0.587777316570282 -0.6358956694602966
vn -0.542858362197876 -0.10327599942684174 -0.8334499597549438
vn 0.6751367449760437 -0.3032027781009674 -0.6725016832351685
vn -0.7235816717147827 0.0007244075532071292 -0.6902384161949158
vn 0.7893956303596497 -0.20401601493358612 -0.5789922475814819
vn -0.7259091138839722 -0.20851269364356995 -0.6554223895072937
vn -0.6307299733161926 -0.2077798694372177 -0.7476678490638733
vn 0.7851935625076294 -0.35303959250450134 -0.5087574124336243
vn -0.7912144064903259 0.25979551672935486 -0.5536117553710938
vn 0.8373276591300964 -0.025266017764806747 -0.5461173057556152
vn -0.8354185819625854 0.022372392937541008 -0.5491588115692139
vn 0.899746298789978 -0.036298952996730804 -0.4349011480808258
vn -0.7851970195770264 0.48525863885879517 -0.38469427824020386
vn 0.8344979286193848 0.2179420292377472 -0.5060776472091675
vn 0.7086790800094604 0.42676404118537903 -0.5618242025375366
vn -0.8764163851737976 0.282169371843338 -0.39022397994995117
vn -0.6883509159088135 0.6824924349784851 -0.2457176297903061
vn 0.672468364238739 0.5588805675506592 -0.4852204918861389
vn -0.49994412064552307 0.7828189730644226 -0.37047311663627625
vn -0.3367345631122589 0.8568540811538696 -0.39039847254753113
vn 0.5170601010322571 0.7218903303146362 -0.4599165916442871
vn 0.7346718311309814 0.5860150456428528 -0.34182417392730713
vn -0.18758386373519897 0.9577999711036682 -0.21778778731822968
vn 0.27649715542793274 0.8193382620811462 -0.5022291541099548
vn 0.05223647877573967 0.9837743043899536 -0.17163783311843872
vn 0.2463422417640686 0.9455289244651794 -0.21281573176383972
vn -0.37626221776008606 0.9171259999275208 -0.1315549612045288
vn 0.45994529128074646 0.8481245040893555 -0.26293569803237915
vn -0.2642259895801544 -0.827063262462616 -0.4961360692977905
vn -0.18967092037200928 -0.8467442393302917 -0.49704039096832275
vn -0.029023414477705956 -0.8818618059158325 -0.4706139862537384
vn -0.31991079449653625 -0.6788164973258972 -0.6609578132629395
vn 0.24077385663986206 -0.7743445634841919 -0.5851653218269348
vn -0.4952507019042969 -0.5810964703559875 -0.6457969546318054
vn 0.47400835156440735 -0.7016897797584534 -0.5319281220436096
vn -0.49782097339630127 -0.7417309284210205 -0.4494546949863434
vn 0.4326404333114624 -0.7979273796081543 -0.41968342661857605
vn -0.6684452891349792 -0.46670371294021606 -0.5791102051734924
vn 0.6322911977767944 -0.5862331986427307 -0.5064963698387146
vn -0.8369377255439758 -0.32804423570632935 -0.43808943033218384
vn 0.69383305311203 -0.4803309738636017 -0.5365424752235413
vn -0.7600648999214172 -0.5747715830802917 -0.303214430809021
vn 0.7505785226821899 -0.5644767880439758 -0.34350815415382385
vn -0.9104281067848206 -0.10258449614048004 -0.4007456600666046
vn 0.8325952887535095 -0.4499664604663849 -0.32297876477241516
vn 0.8517330288887024 -0.3055398762226105 -0.42567166686058044
vn -0.9437750577926636 0.1039452999830246 -0.3138217329978943
vn 0.9504878520965576 -0.21551018953323364 -0.2238934338092804
vn 0.9585237503051758 0.12054816633462906 -0.2582642734050751
vn -0.9319087266921997 0.3266332447528839 -0.15766079723834991
vn 0.879536509513855 0.311958372592926 -0.35930150747299194
vn -0.8388224244117737 0.5023804903030396 -0.2097398042678833
vn 0.9112734198570251 0.3905441164970398 -0.1305992603302002
vn -0.7297486066818237 0.6785486340522766 -0.08389785140752792
vn 0.8376814126968384 0.46523013710975647 -0.28609588742256165
vn -0.548311710357666 0.8270614147186279 -0.12378881871700287
vn 0.735081672668457 0.664290189743042 -0.13554923236370087
vn -0.4238768219947815 0.9048535227775574 0.03960574418306351
vn 0.6606688499450684 0.7251717448234558 -0.19401708245277405
vn -0.16039568185806274 0.9869344830513 0.015282055363059044
vn 0.09738113731145859 0.9938063025474548 0.05353500694036484
vn 0.298152357339859 0.954308271408081 0.02002238668501377
vn 0.49186086654663086 0.8704875707626343 -0.01800777204334736
vn 0.0015211261343210936 -0.15794098377227783 -0.9874474406242371
vn 0.15870290994644165 -0.17677022516727448 -0.9713730812072754
vn 0.3888130486011505 -0.13133935630321503 -0.9119070172309875
vn -0.2008846253156662 0.0418928787112236 -0.9787187576293945
vn 0.0013731735525652766 0.09155315905809402 -0.9957992434501648
vn 0.193942129611969 0.06718210130929947 -0.978709876537323
vn 0.4163450002670288 0.11468501389026642 -0.9019446969032288
vn -0.25909772515296936 0.24455851316452026 -0.9343765377998352
vn -0.07039045542478561 0.2999958097934723 -0.9513399600982666
vn 0.16082076728343964 0.2989906966686249 -0.9406068921089172
vn 0.4186849594116211 0.2722267806529999 -0.8663691878318787
vn -0.2821577191352844 0.48420044779777527 -0.828213095664978
vn -0.1232060119509697 0.5409296751022339 -0.8319948315620422
vn 0.05613475292921066 0.5242668986320496 -0.8497018218040466
vn 0.3098692297935486 0.466365247964859 -0.8285436630249023
vn -0.3953351676464081 -0.8719255328178406 -0.288887619972229
vn -0.2177399843931198 -0.932113528251648 -0.2894023358821869
vn -0.11418198049068451 -0.9418252110481262 -0.3161136507987976
vn -0.003182047978043556 -0.9580725431442261 -0.2865080237388611
vn 0.22022871673107147 -0.9220702052116394 -0.3182545304298401
vn -0.6317523121833801 -0.7377604842185974 -0.2379046082496643
vn 0.5513239502906799 -0.7976011633872986 -0.24469219148159027
vn -0.7827634811401367 -0.6222411394119263 -0.009864415042102337
vn 0.6625688076019287 -0.6932876110076904 -0.2834692895412445
vn -0.615349531173706 -0.7878537774085999 -0.025128237903118134
vn -0.9116239547729492 -0.36602964997291565 -0.18698693811893463
vn 0.7868860363960266 -0.5975959300994873 -0.1539139300584793
vn -0.9780566096305847 -0.12349723279476166 -0.16779063642024994
vn 0.8735814690589905 -0.48595914244651794 -0.026443399488925934
vn 0.8859875798225403 -0.43005603551864624 -0.17342990636825562
vn -0.989553689956665 0.11873294413089752 -0.08176775276660919
vn 0.974988579750061 -0.21952269971370697 0.03474382311105728
vn 0.9080628752708435 -0.39927545189857483 0.12649476528167725
vn -0.9335781931877136 0.3546741306781769 0.051362354308366776
vn 0.9962916970252991 0.08438999205827713 -0.016769887879490852
vn -0.835831344127655 0.548981785774231 0.002247416879981756
vn 0.9084648489952087 0.40902093052864075 0.08598558604717255
vn -0.7168967723846436 0.6872972846031189 0.11696804314851761
vn 0.8258413076400757 0.5601953864097595 -0.06455472111701965
vn -0.6094328761100769 0.7900710701942444 0.06617733091115952
vn 0.7428872585296631 0.6636011600494385 0.0880453884601593
vn -0.45205721259117126 0.8734264373779297 0.18102627992630005
vn 0.6477051973342896 0.7595954537391663 0.05909961834549904
vn -0.20790445804595947 0.9616050124168396 0.17914122343063354
vn 0.030774816870689392 0.9768331050872803 0.21177828311920166
vn 0.3052624464035034 0.9255906343460083 0.22382311522960663
vn 0.49417176842689514 0.8483553528785706 0.18996714055538177
vn -0.09485485404729843 -0.39304119348526 -0.9146153330802917
vn 0.07700923830270767 -0.4353179633617401 -0.8969771265983582
vn 0.2781495451927185 -0.4488391578197479 -0.8492209911346436
vn -0.23089806735515594 -0.6191970705986023 -0.7505205273628235
vn -0.11369473487138748 -0.5902033448219299 -0.7992081046104431
vn 0.07993975281715393 -0.6070493459701538 -0.7906331419944763
vn -0.19901834428310394 -0.20062726736068726 -0.9592394828796387
vn 0.5746606588363647 -0.3042772710323334 -0.7597240209579468
vn -0.4014531970024109 -0.12693549692630768 -0.9070406556129456
vn -0.4838002622127533 -0.3386957049369812 -0.8069836497306824
vn -0.3228715658187866 -0.3755374550819397 -0.8687494397163391
vn 0.7917264699935913 -0.23720164597034454 -0.5629428625106812
vn -0.46629077196121216 0.04845908284187317 -0.8833032846450806
vn 0.669863224029541 0.03683503344655037 -0.7415702939033508
vn -0.5942134261131287 -0.12975206971168518 -0.7937725782394409
vn 0.8462035059928894 0.024940429255366325 -0.5322757959365845
vn -0.519696056842804 0.23806579411029816 -0.8205124735832214
vn 0.6692729592323303 0.24911075830459595 -0.7000125646591187
vn -0.6665242314338684 0.09538284689188004 -0.7393561601638794
vn 0.8385213613510132 0.19811652600765228 -0.5075743794441223
vn -0.490987628698349 0.5282777547836304 -0.6927148699760437
vn 0.5976700782775879 0.41426464915275574 -0.6864221692085266
vn -0.32926151156425476 0.691983163356781 -0.6424533128738403
vn -0.05656716600060463 0.7138622403144836 -0.6979978084564209
vn 0.16931010782718658 0.6971667408943176 -0.696629524230957
vn 0.44286489486694336 0.6129180192947388 -0.6543715596199036
vn -0.6291297078132629 0.438019722700119 -0.6421328783035278
vn -0.35868051648139954 0.744330108165741 -0.5633125901222229
vn -0.1239924430847168 0.8149711489677429 -0.566081166267395
vn 0.10016679018735886 0.8408486247062683 -0.5319212079048157
vn 0.37067463994026184 0.7870358824729919 -0.49312758445739746
vn -0.2549486756324768 -0.965328574180603 -0.056052833795547485
vn -0.07643056660890579 -0.9944162368774414 -0.07276512682437897
vn 0.07164859771728516 -0.9942699074745178 -0.07933396846055984
vn 0.25136393308639526 -0.9595659971237183 -0.12668603658676147
vn -0.4563261866569519 -0.8896466493606567 0.017183080315589905
vn 0.48488205671310425 -0.873776376247406 -0.03747398778796196
vn -0.7314279079437256 -0.6673679947853088 0.14011847972869873
vn -0.5804407596588135 -0.7829206585884094 0.2238834649324417
vn 0.6485726833343506 -0.7601756453514099 -0.0385550931096077
vn -0.35587456822395325 -0.9108567833900452 0.20902933180332184
vn -0.14183232188224792 -0.9750195145606995 0.17094020545482635
vn 0.07170859724283218 -0.9914029836654663 0.10944439470767975
vn 0.327820360660553 -0.9410440921783447 0.08348593860864639
vn -0.9088906645774841 -0.4164827764034271 -0.02144550532102585
vn 0.8139826655387878 -0.5792132019996643 0.044094737619161606
vn 0.6679332852363586 -0.7323310971260071 0.1325005441904068
vn -0.9897378087043762 -0.14052879810333252 0.025900255888700485
vn 0.8993183374404907 -0.4071010947227478 0.15967236459255219
vn -0.9862203598022461 0.10939723998308182 0.12410353124141693
vn 0.9101787209510803 -0.22105593979358673 0.3502984046936035
vn 0.9297359585762024 -0.14968998730182648 0.3364281952381134
vn -0.9134845733642578 0.3403606414794922 0.22293655574321747
vn 0.966966450214386 0.0702647939324379 0.2450283169746399
vn -0.8257911801338196 0.5319088697433472 0.1874617338180542
vn 0.877844512462616 0.3251044750213623 0.3517046272754669
vn 0.8563833236694336 0.15003104507923126 0.49406304955482483
vn -0.7161542177200317 0.6416476964950562 0.27461153268814087
vn 0.8151054382324219 0.511223316192627 0.2724955379962921
vn -0.5872596502304077 0.7616977095603943 0.27375665307044983
vn 0.7265046238899231 0.6163413524627686 0.3038328289985657
vn 0.7813487648963928 0.4532827138900757 0.4289858937263489
vn -0.4456934928894043 0.8183749914169312 0.36279430985450745
vn 0.6197410225868225 0.7284131646156311 0.2921219766139984
vn -0.19625693559646606 0.9242116808891296 0.3275913596153259
vn 0.0365203395485878 0.9256842732429504 0.3765302002429962
vn 0.23477692902088165 0.8961176872253418 0.37663373351097107
vn 0.44103583693504333 0.8122366666793823 0.38178393244743347
vn -0.23433944582939148 0.8261508345603943 0.5124059319496155
vn 0.6199661493301392 0.6663249135017395 0.41431039571762085
vn -0.3045821785926819 -0.8368394374847412 -0.4548950791358948
vn -0.1390576809644699 -0.7985398173332214 -0.5856596231460571
vn -0.013543457724153996 -0.79547119140625 -0.6058401465415955
vn -0.3953923285007477 -0.6481700539588928 -0.6507999897003174
vn 0.219464972615242 -0.7494741082191467 -0.6245989203453064
vn -0.6889081597328186 -0.4654669463634491 -0.5556492805480957
vn 0.3593350946903229 -0.5967313051223755 -0.7174887657165527
vn 0.5646658539772034 -0.5459553599357605 -0.6189387440681458
vn -0.571203887462616 -0.7412538528442383 -0.35251787304878235
vn 0.4602886438369751 -0.7449796199798584 -0.4828454852104187
vn -0.7727320194244385 -0.24181322753429413 -0.5868658423423767
vn 0.7748659253120422 -0.47383564710617065 -0.41840478777885437
vn -0.7691799402236938 -0.07997395843267441 -0.6340082287788391
vn 0.9081472754478455 -0.22946804761886597 -0.3501613438129425
vn -0.8585016131401062 -0.1725265085697174 -0.4829178750514984
vn -0.7645217776298523 0.20620349049568176 -0.6107263565063477
vn 0.9491376876831055 -0.01437318418174982 -0.31453317403793335
vn 0.906341552734375 0.24753603339195251 -0.3424485921859741
vn -0.8553507328033447 0.14418794214725494 -0.4975791573524475
vn -0.7255950570106506 0.44506335258483887 -0.5248147249221802
vn 0.7641814947128296 0.4330114424228668 -0.4780457019805908
vn -0.6234220862388611 0.6054752469062805 -0.4947167634963989
vn -0.8256790041923523 0.41566532850265503 -0.3814139664173126
vn 0.8641348481178284 0.4293530285358429 -0.2625395357608795
vn -0.47784650325775146 0.7819602489471436 -0.40025100111961365
vn 0.6499357223510742 0.6053686141967773 -0.4594697058200836
vn -0.24548853933811188 0.8910996913909912 -0.38167616724967957
vn -0.012992991134524345 0.9075499773025513 -0.419743150472641
vn 0.3327004909515381 0.8664876222610474 -0.3721689283847809
vn 0.5748336315155029 0.7584313154220581 -0.30716174840927124
vn -0.6518030762672424 0.7094376683235168 -0.2680504620075226
vn -0.058357805013656616 0.9610500335693359 -0.2701431214809418
vn 0.17452320456504822 0.9393399953842163 -0.2952660620212555
vn -0.7208956480026245 -0.6267179846763611 0.2958616316318512
vn -0.5379607081413269 -0.7714441418647766 0.33981209993362427
vn -0.31373196840286255 -0.8942005634307861 0.31933948397636414
vn -0.03752954304218292 -0.9588806629180908 0.28131741285324097
vn 0.22690004110336304 -0.9491003155708313 0.21846063435077667
vn 0.48820146918296814 -0.8567641973495483 0.16617600619792938
vn -0.897279679775238 -0.4186079800128937 0.14020183682441711
vn 0.619192361831665 -0.6690660119056702 0.4110371172428131
vn 0.7856918573379517 -0.5526768565177917 0.27791470289230347
vn -0.84639972448349 -0.3761044144630432 0.37703174352645874
vn -0.6858870387077332 -0.5447856783866882 0.4824599623680115
vn -0.955819845199585 -0.14527495205402374 0.25554585456848145
vn 0.8680651187896729 -0.3394436836242676 0.36227190494537354
vn -0.8423397541046143 -0.19077716767787933 0.5040515065193176
vn 0.7476938962936401 -0.4142676591873169 0.5189760327339172
vn -0.9411623477935791 0.03910324349999428 0.3356849253177643
vn 0.8525890111923218 -0.10130240768194199 0.5126692652702332
vn -0.8125324845314026 0.02839534357190132 0.5822239518165588
vn 0.7740849852561951 -0.1838359534740448 0.6058026552200317
vn -0.8848819136619568 0.2541894018650055 0.3903481662273407
vn 0.8699066638946533 0.08653724938631058 0.4855654239654541
vn -0.7808577418327332 0.45860400795936584 0.42419758439064026
vn 0.8055614829063416 0.24521514773368835 0.5393887162208557
vn -0.7554551362991333 0.28888994455337524 0.5880733132362366
vn 0.7529578804969788 0.08957895636558533 0.6519432663917542
vn -0.7011218070983887 0.5581819415092468 0.44369035959243774
vn 0.7105377316474915 0.39233508706092834 0.5841312408447266
vn -0.526160717010498 0.7312056422233582 0.4341580271720886
vn -0.38592329621315 0.728156566619873 0.566437304019928
vn 0.5575981736183167 0.5710336565971375 0.6024989485740662
vn -0.5358836650848389 0.5893226861953735 0.6045888066291809
vn 0.5477545261383057 0.437112957239151 0.7133703231811523
vn -0.12675133347511292 0.7217695116996765 0.6804285645484924
vn 0.3943592309951782 0.7072746157646179 0.5867226719856262
vn 0.038301773369312286 0.8467499017715454 0.5306106209754944
vn 0.24560637772083282 0.8033912777900696 0.5424389243125916
vn 0.10521525889635086 0.7026376128196716 0.7037259936332703
vn 0.2983696758747101 0.640183687210083 0.7079126834869385
vn -0.5701786279678345 -0.7946825623512268 -0.2082691192626953
vn -0.3405147194862366 -0.8981572985649109 -0.27814266085624695
vn -0.13885071873664856 -0.9150866866111755 -0.37859854102134705
vn 0.02349100448191166 -0.9156343340873718 -0.4013252258300781
vn 0.22360102832317352 -0.8895097970962524 -0.3984657824039459
vn -0.7933197617530823 -0.5400542616844177 -0.2810431718826294
vn 0.5059012174606323 -0.8204522132873535 -0.2663121521472931
vn 0.6326808929443359 -0.6608569025993347 -0.40371161699295044
vn -0.8391158580780029 -0.39199697971343994 -0.37712448835372925
vn 0.8269081711769104 -0.5093533992767334 -0.23828986287117004
vn -0.9258038997650146 -0.30296292901039124 -0.22605443000793457
vn -0.9511175155639648 -0.008281405083835125 -0.30871814489364624
vn 0.9356138706207275 -0.293072909116745 -0.19681216776371002
vn -0.9362837076187134 0.24267223477363586 -0.2539350390434265
vn 0.9823389053344727 -0.09920896589756012 -0.15864412486553192
vn -0.8844425082206726 0.4350726902484894 -0.16873998939990997
vn 0.969698429107666 0.16336371004581451 -0.18165168166160583
vn -0.7764935493469238 0.5804699659347534 -0.24517826735973358
vn 0.8683851361274719 0.4754716157913208 -0.14083318412303925
vn -0.6645431518554688 0.7461140155792236 -0.041185978800058365
vn 0.7510327696800232 0.6154605150222778 -0.23907777667045593
vn -0.4702948033809662 0.8679890632629395 -0.15942995250225067
vn -0.31254488229751587 0.9227873682975769 -0.2253425121307373
vn 0.6312645673751831 0.7628850340843201 -0.13968344032764435
vn -0.17707987129688263 0.9805396795272827 -0.0847623199224472
vn 0.45878851413726807 0.8626318573951721 -0.21302442252635956
vn 0.07595350593328476 0.9965763092041016 -0.03266218677163124
vn 0.31888553500175476 0.945602536201477 -0.06440474838018417
vn -0.3892458379268646 0.9211320877075195 -0.0018388036405667663
vn -0.3386498689651489 -0.8527438044548035 0.3976735472679138
vn -0.09863980859518051 -0.9089111685752869 0.4051552712917328
vn 0.12358691543340683 -0.9110691547393799 0.3932929039001465
vn 0.4027940630912781 -0.8449419140815735 0.35189497470855713
vn -0.49627190828323364 -0.6682491898536682 0.5542176365852356
vn 0.5400590300559998 -0.6305122375488281 0.5574859976768494
vn -0.5902513265609741 -0.4751875102519989 0.652533769607544
vn -0.3306012749671936 -0.7438545227050781 0.5808470249176025
vn -0.12025770545005798 -0.8200487494468689 0.5595160722732544
vn 0.12945838272571564 -0.8109139204025269 0.5706655979156494
vn 0.30640286207199097 -0.7738009691238403 0.554391086101532
vn -0.7320472598075867 -0.27820050716400146 0.6218612194061279
vn 0.6514654755592346 -0.3779388666152954 0.657841145992279
vn -0.5994237661361694 -0.18364644050598145 0.7790796756744385
vn 0.46782174706459045 -0.5545816421508789 0.6881729960441589
vn -0.7100604176521301 -0.026665309444069862 0.7036357522010803
vn 0.6816630363464355 -0.10645521432161331 0.7238803505897522
vn -0.5806497931480408 0.09483440220355988 0.8086113333702087
vn 0.6040221452713013 -0.23138916492462158 0.762637734413147
vn -0.6679800748825073 0.21731039881706238 0.7117435336112976
vn 0.6794494390487671 0.1301591992378235 0.7220852375030518
vn -0.6691429615020752 0.36030516028404236 0.649944543838501
vn 0.5101861953735352 0.2978209853172302 0.8068535923957825
vn -0.5108135342597961 0.27492251992225647 0.8145471811294556
vn -0.373832643032074 0.34353142976760864 0.8615307807922363
vn 0.5120354890823364 0.09936001151800156 0.853198230266571
vn -0.44176149368286133 0.4514293670654297 0.7752795219421387
vn 0.3380500376224518 0.45207828283309937 0.8254377245903015
vn -0.3104855418205261 0.6610998511314392 0.683041512966156
vn -0.12240538001060486 0.6227933168411255 0.7727518677711487
vn 0.12308412790298462 0.5700220465660095 0.8123578429222107
vn -0.2596677243709564 0.47773218154907227 0.8392524123191833
vn -0.05215151235461235 0.5036191344261169 0.8623502254486084
vn 0.2573692798614502 0.40624892711639404 0.8767684698104858
vn -0.588016927242279 -0.8019076585769653 -0.10573633015155792
vn -0.3932705223560333 -0.9089522957801819 -0.1383623331785202
vn -0.1673128455877304 -0.9659283757209778 -0.19745583832263947
vn 0.05209888890385628 -0.9690520167350769 -0.24129648506641388
vn 0.2623339295387268 -0.936208188533783 -0.23386988043785095
vn -0.7693890333175659 -0.6193081736564636 -0.15651822090148926
vn 0.5088982582092285 -0.8522371649742126 -0.12130296230316162
vn 0.7007868885993958 -0.6933989524841309 -0.16761760413646698
vn -0.725102961063385 -0.6862587332725525 -0.0572245791554451
vn -0.8548910021781921 -0.4989159405231476 -0.14228259027004242
vn 0.8423236608505249 -0.53125 -0.09090852737426758
vn -0.9380605220794678 -0.3449910283088684 -0.03199581056833267
vn -0.9932112693786621 -0.05447821691632271 -0.10277888923883438
vn 0.9460578560829163 -0.3200686275959015 -0.05030570179224014
vn -0.9785939455032349 0.19375531375408173 -0.06937412917613983
vn 0.9943407773971558 -0.09333513677120209 -0.050744011998176575
vn -0.9068704843521118 0.41990986466407776 0.035519856959581375
vn 0.9690644145011902 0.16549259424209595 -0.18310226500034332
vn -0.793450653553009 0.6085211038589478 -0.011754152365028858
vn 0.7950065732002258 0.606600821018219 -0.00026403111405670643
vn 0.8769807815551758 0.4710067808628082 -0.09517019242048264
vn -0.6604465842247009 0.735375702381134 0.15176627039909363
vn 0.7341103553771973 0.6782210469245911 -0.033138833940029144
vn -0.5407987236976624 0.8400529026985168 0.04298768937587738
vn 0.6438833475112915 0.7534375190734863 0.13321521878242493
vn -0.44609615206718445 0.8737328052520752 0.19387926161289215
vn 0.5510048270225525 0.8332837820053101 0.04507727921009064
vn -0.15878865122795105 0.9772604703903198 0.14052817225456238
vn 0.1001981571316719 0.9763469696044922 0.1915905773639679
vn 0.33236441016197205 0.9316741824150085 0.1466875821352005
vn -0.28277260065078735 -0.6012465357780457 0.7473568320274353
vn -0.028106188401579857 -0.6970294713973999 0.7164914011955261
vn 0.28221118450164795 -0.6569299697875977 0.6991422176361084
vn -0.4525580108165741 -0.4495830237865448 0.7701080441474915
vn 0.4495851695537567 -0.3771117627620697 0.8097283244132996
vn -0.29840782284736633 -0.38392728567123413 0.8738150000572205
vn -0.10091060400009155 -0.4700866639614105 0.8768327236175537
vn 0.15377435088157654 -0.5071425437927246 0.8480330109596252
vn -0.4886918067932129 -0.1784113496541977 0.8540197014808655
vn 0.46537020802497864 -0.11390619724988937 0.8777562379837036
vn -0.47737205028533936 0.07370393723249435 0.8756047487258911
vn -0.2896401584148407 -0.14453065395355225 0.9461603760719299
vn -0.05769387260079384 -0.24434413015842438 0.9679707884788513
vn 0.19902779161930084 -0.2789130210876465 0.9394655823707581
vn -0.2870278060436249 0.15778633952140808 0.9448378682136536
vn 0.36647772789001465 0.1643485575914383 0.9157967567443848
vn -0.11937882006168365 0.36053845286369324 0.9250733852386475
vn 0.12869486212730408 0.3037252426147461 0.9440279006958008
vn -0.03565187379717827 0.04880359768867493 0.9981719255447388
vn 0.20290184020996094 -0.031314022839069366 0.9786982536315918
vn -0.3884306252002716 -0.9207572937011719 -0.03643783926963806
vn -0.1747581958770752 -0.9833653569221497 -0.04951977729797363
vn 0.016282280907034874 -0.9951900243759155 -0.09660116583108902
vn 0.24657295644283295 -0.9644815325737 -0.0947481244802475
vn -0.588927149772644 -0.8027352690696716 0.0937066376209259
vn 0.4949718713760376 -0.8688095211982727 0.013147435151040554
vn -0.7254770398139954 -0.6821609139442444 0.09132085740566254
vn 0.6892671585083008 -0.7244991064071655 0.003438497195020318
vn -0.49157819151878357 -0.8566030859947205 0.15678665041923523
vn 0.30636778473854065 -0.9477911591529846 0.08849135041236877
vn -0.8569158315658569 -0.5119146108627319 0.06032215431332588
vn 0.8502867221832275 -0.5255071520805359 0.029236845672130585
vn -0.9186341762542725 -0.38115113973617554 0.10409180074930191
vn -0.7954875230789185 -0.5617789030075073 0.22716519236564636
vn -0.994296133518219 -0.09787850826978683 0.04236790910363197
vn 0.9494540095329285 -0.30263060331344604 0.08337775617837906
vn -0.9525876641273499 -0.23370470106601715 0.19483035802841187
vn -0.9796677827835083 0.1758500635623932 0.09658073633909225
vn 0.9748539924621582 -0.18815802037715912 0.11939981579780579
vn 0.9948994517326355 -0.05553261563181877 -0.08420977741479874
vn -0.9115351438522339 0.3318425416946411 0.24286682903766632
vn 0.937533438205719 0.2891819179058075 0.19340354204177856
vn -0.7989753484725952 0.5744580626487732 0.17786607146263123
vn 0.7033159732818604 0.6443260312080383 0.30031752586364746
vn 0.7825013995170593 0.5019867420196533 0.3683760166168213
vn -0.8233335614204407 0.4529601037502289 0.34197816252708435
vn 0.9216360449790955 -0.005048212129622698 0.38802260160446167
vn -0.6792178750038147 0.6611395478248596 0.3186810314655304
vn 0.6621665954589844 0.716917097568512 0.21809493005275726
vn -0.5406977534294128 0.7817254066467285 0.31072714924812317
vn 0.5506817698478699 0.7318125367164612 0.4014972150325775
vn -0.38442251086235046 0.8175432085990906 0.42876848578453064
vn 0.50943523645401 0.8184102773666382 0.2658579349517822
vn -0.2255389392375946 0.9146261215209961 0.3355462849140167
vn 0.016955232247710228 0.9264329075813293 0.3760779798030853
vn 0.2753702402114868 0.8946503400802612 0.3518124520778656
vn -0.10023827105760574 0.8324066400527954 0.5450243353843689
vn 0.16361449658870697 0.8265230059623718 0.5386000871658325
vn 0.39932695031166077 0.795466423034668 0.4558192789554596
vn -0.1228751540184021 -0.9889345169067383 0.08312808722257614
vn 0.06622661650180817 -0.9959959387779236 0.06005115061998367
vn -0.3072469234466553 -0.9354724287986755 0.17461563646793365
vn 0.23591075837612152 -0.9398611783981323 0.2469961941242218
vn -0.4447171688079834 -0.820000410079956 0.36031368374824524
vn 0.48685064911842346 -0.8499638438224792 0.20134040713310242
vn 0.6925535798072815 -0.710663914680481 0.12379974126815796
vn -0.17731846868991852 -0.9337448477745056 0.31093212962150574
vn 0.04510827362537384 -0.9603220224380493 0.2752215266227722
vn -0.6267430782318115 -0.7154772877693176 0.30868321657180786
vn 0.8681640625 -0.4649285078048706 0.173587828874588
vn -0.7791071534156799 -0.5235997438430786 0.3447250425815582
vn 0.7126016616821289 -0.636162281036377 0.2957979142665863
vn -0.8553388714790344 -0.41475626826286316 0.31043967604637146
vn 0.9146807193756104 -0.25344139337539673 0.31484389305114746
vn -0.9020589590072632 -0.21564269065856934 0.3738822340965271
vn 0.8110211491584778 -0.4107677936553955 0.41655078530311584
vn -0.9668763279914856 0.06334172189235687 0.24726106226444244
vn 0.9186767935752869 -0.1020248606801033 0.38160690665245056
vn -0.8642154335975647 0.2027476280927658 0.46046194434165955
vn -0.8877431154251099 0.019100019708275795 0.45994269847869873
vn -0.7861461043357849 0.39433711767196655 0.4758913516998291
vn 0.8642686009407043 0.10520808398723602 0.4919055998325348
vn 0.7406424880027771 0.4424532353878021 0.5056518316268921
vn -0.6753337979316711 0.348153680562973 0.650164008140564
vn 0.7589353322982788 0.2958492338657379 0.5800779461860657
vn -0.6576402187347412 0.5786094665527344 0.48241105675697327
vn 0.6181471943855286 0.6283912658691406 0.472248375415802
vn -0.46659278869628906 0.7558621168136597 0.45930778980255127
vn -0.26562753319740295 0.7827284336090088 0.5628306269645691
vn 0.0593002513051033 0.7621405124664307 0.644690215587616
vn 0.33050402998924255 0.7359556555747986 0.5908775925636292
vn 0.4500504732131958 0.6766741275787354 0.5827236175537109
vn -0.49277955293655396 0.5989149808883667 0.6312441229820251
vn 0.5924937725067139 0.5368702411651611 0.6006008982658386
vn -0.33821865916252136 -0.8333783149719238 0.4371369779109955
vn -0.09968630224466324 -0.9062516689300537 0.4108169972896576
vn 0.22917374968528748 -0.8937985301017761 0.38549137115478516
vn 0.4915969669818878 -0.8101527094841003 0.3193509578704834
vn -0.6010967493057251 -0.6574212908744812 0.4544007182121277
vn 0.5986180305480957 -0.6009800434112549 0.529603123664856
vn -0.6943877935409546 -0.48969724774360657 0.5272781848907471
vn 0.31657809019088745 -0.774328351020813 0.5478995442390442
vn 0.41690343618392944 -0.7453639507293701 0.5202154517173767
vn -0.8077311515808105 -0.366084486246109 0.46211743354797363
vn 0.6741751432418823 -0.34109795093536377 0.6550878882408142
vn 0.8077912926673889 -0.19095489382743835 0.5576822757720947
vn -0.7180020809173584 -0.27026596665382385 0.6414275765419006
vn 0.5398213863372803 -0.4440719485282898 0.7151174545288086
vn -0.8229433298110962 -0.1398027241230011 0.5506536960601807
vn 0.8178537487983704 -0.030043261125683784 0.5746413469314575
vn -0.7896466851234436 0.1360592097043991 0.5982858538627625
vn 0.711721658706665 0.039705317467451096 0.7013386487960815
vn -0.7331479787826538 -0.06075481325387955 0.6773499250411987
vn 0.5720881223678589 -0.1411290466785431 0.8079590797424316
vn 0.6600258350372314 -0.12021135538816452 0.7415626645088196
vn -0.6537656188011169 0.13593798875808716 0.7443865537643433
vn 0.6703743934631348 0.23361045122146606 0.704289972782135
vn 0.4872997999191284 0.37725499272346497 0.7875389456748962
vn 0.5153447985649109 0.14220699667930603 0.8451017141342163
vn -0.47975051403045654 0.4493257403373718 0.7536218166351318
vn 0.37805846333503723 0.5276919007301331 0.7606662511825562
vn -0.281693696975708 0.7073912620544434 0.6482639908790588
vn -0.01666967384517193 0.7358220219612122 0.6769698262214661
vn 0.25016433000564575 0.6722661256790161 0.6967611908912659
vn -0.1547892540693283 0.6387189030647278 0.7537097930908203
vn 0.14278244972229004 0.6101184487342834 0.7793386578559875
vn 0.3503129780292511 0.46769192814826965 0.8115079402923584
vn -0.2729080617427826 -0.7439044713973999 0.6100224256515503
vn -0.005915170069783926 -0.8703648447990417 0.49237191677093506
vn -0.5265406966209412 -0.625807523727417 0.5754302144050598
vn 0.13102826476097107 -0.7213132381439209 0.6801021099090576
vn 0.38399380445480347 -0.5438131093978882 0.7462010979652405
vn -0.4101986885070801 -0.4688680171966553 0.7822402715682983
vn -0.12270276993513107 -0.6311807632446289 0.7658687829971313
vn -0.6125211119651794 -0.40374404191970825 0.6795651316642761
vn 0.4200562834739685 -0.2736096978187561 0.8652690649032593
vn -0.443414568901062 -0.2575080096721649 0.8585296273231506
vn -0.16733671724796295 -0.3419362008571625 0.9247043132781982
vn 0.12935511767864227 -0.4311772286891937 0.8929465413093567
vn -0.6048433780670166 -0.14221884310245514 0.7835421562194824
vn 0.42075085639953613 -0.034063734114170074 0.9065365195274353
vn -0.3891059458255768 -0.07750814408063889 0.917926549911499
vn -0.13331472873687744 -0.13693203032016754 0.9815685749053955
vn 0.15891095995903015 -0.18835192918777466 0.9691599011421204
vn -0.5477808713912964 0.1291455328464508 0.8265939950942993
vn 0.38441821932792664 0.22107620537281036 0.8962967991828918
vn -0.33787816762924194 0.4270823895931244 0.838712751865387
vn -0.015283886343240738 0.44670772552490234 0.8945494294166565
vn 0.20289365947246552 0.35335806012153625 0.9132208228111267
vn -0.280839741230011 0.1819901019334793 0.9423421621322632
vn -0.0406121090054512 0.11154020577669144 0.9929297566413879
vn 0.18501275777816772 0.044117581099271774 0.9817453622817993

g grp1
usemtl mtl1
f 1//1 8//8 15//15 
f 1//1 2//2 9//9 
f 8//8 1//1 9//9 
f 9//9 2//2 16//16 
f 3//3 1//1 15//15 
f 21//21 3//3 15//15 
f 2//2 1//1 4//4 
f 4//4 1//1 3//3 
f 22//22 16//16 2//2 
f 4//4 22//22 2//2 
f 5//5 3//3 21//21 
f 27//27 5//5 21//21 
f 4//4 3//3 6//6 
f 6//6 3//3 5//5 
f 28//28 22//22 4//4 
f 6//6 28//28 4//4 
f 5//5 27//27 29//29 
f 6//6 5//5 29//29 
f 30//30 6//6 29//29 
f 31//31 35//35 7//7 
f 28//28 6//6 30//30 
f 31//31 7//7 36//36 
f 7//7 35//35 37//37 
f 36//36 7//7 37//37 
f 10//10 42//42 50//50 
f 10//10 11//11 43//43 
f 42//42 10//10 43//43 
f 11//11 12//12 44//44 
f 43//43 11//11 44//44 
f 12//12 13//13 45//45 
f 44//44 12//12 45//45 
f 13//13 14//14 46//46 
f 45//45 13//13 46//46 
f 46//46 14//14 51//51 
f 17//17 52//52 54//54 
f 50//50 52//52 17//17 
f 50//50 17//17 10//10 
f 10//10 17//17 18//18 
f 8//8 18//18 15//15 
f 8//8 11//11 18//18 
f 11//11 10//10 18//18 
f 9//9 11//11 8//8 
f 12//12 11//11 9//9 
f 16//16 12//12 9//9 
f 16//16 19//19 12//12 
f 19//19 13//13 12//12 
f 14//14 13//13 20//20 
f 20//20 13//13 19//19 
f 55//55 51//51 14//14 
f 20//20 55//55 14//14 
f 23//23 17//17 54//54 
f 57//57 23//23 54//54 
f 18//18 17//17 24//24 
f 24//24 17//17 23//23 
f 15//15 24//24 21//21 
f 18//18 24//24 15//15 
f 19//19 22//22 25//25 
f 16//16 22//22 19//19 
f 20//20 19//19 26//26 
f 26//26 19//19 25//25 
f 58//58 55//55 20//20 
f 26//26 58//58 20//20 
f 23//23 57//57 59//59 
f 59//59 61//61 32//32 
f 59//59 32//32 23//23 
f 23//23 32//32 24//24 
f 21//21 32//32 27//27 
f 24//24 32//32 21//21 
f 25//25 28//28 33//33 
f 22//22 28//28 25//25 
f 26//26 25//25 34//34 
f 34//34 25//25 33//33 
f 62//62 58//58 26//26 
f 34//34 62//62 26//26 
f 38//38 32//32 61//61 
f 65//65 38//38 61//61 
f 27//27 39//39 29//29 
f 27//27 32//32 39//39 
f 32//32 38//38 39//39 
f 29//29 40//40 30//30 
f 39//39 40//40 29//29 
f 30//30 33//33 28//28 
f 30//30 40//40 33//33 
f 31//31 33//33 35//35 
f 35//35 33//33 40//40 
f 36//36 33//33 31//31 
f 36//36 41//41 33//33 
f 41//41 34//34 33//33 
f 66//66 62//62 34//34 
f 41//41 66//66 34//34 
f 38//38 65//65 67//67 
f 39//39 38//38 67//67 
f 68//68 39//39 67//67 
f 40//40 39//39 68//68 
f 69//69 40//40 68//68 
f 35//35 40//40 69//69 
f 35//35 69//69 37//37 
f 37//37 69//69 70//70 
f 41//41 36//36 37//37 
f 41//41 37//37 71//71 
f 71//71 37//37 70//70 
f 66//66 41//41 71//71 
f 47//47 77//77 80//80 
f 47//47 48//48 78//78 
f 77//77 47//47 78//78 
f 48//48 49//49 79//79 
f 78//78 48//48 79//79 
f 79//79 49//49 81//81 
f 53//53 82//82 87//87 
f 53//53 50//50 42//42 
f 53//53 42//42 82//82 
f 82//82 42//42 83//83 
f 80//80 43//43 47//47 
f 80//80 83//83 43//43 
f 83//83 42//42 43//43 
f 44//44 47//47 43//43 
f 48//48 47//47 44//44 
f 45//45 48//48 44//44 
f 49//49 48//48 45//45 
f 49//49 84//84 81//81 
f 49//49 45//45 84//84 
f 45//45 46//46 84//84 
f 84//84 46//46 51//51 
f 88//88 84//84 51//51 
f 52//52 53//53 87//87 
f 52//52 87//87 54//54 
f 54//54 87//87 91//91 
f 50//50 53//53 52//52 
f 89//89 55//55 56//56 
f 89//89 88//88 55//55 
f 88//88 51//51 55//55 
f 89//89 56//56 92//92 
f 54//54 91//91 57//57 
f 91//91 94//94 57//57 
f 56//56 58//58 60//60 
f 55//55 58//58 56//56 
f 95//95 92//92 56//56 
f 60//60 95//95 56//56 
f 63//63 59//59 57//57 
f 63//63 57//57 98//98 
f 98//98 57//57 94//94 
f 59//59 63//63 61//61 
f 60//60 62//62 64//64 
f 58//58 62//62 60//60 
f 99//99 95//95 60//60 
f 64//64 99//99 60//60 
f 72//72 63//63 98//98 
f 102//102 72//72 98//98 
f 61//61 72//72 65//65 
f 63//63 72//72 61//61 
f 64//64 103//103 100//100 
f 64//64 62//62 103//103 
f 62//62 66//66 103//103 
f 99//99 64//64 100//100 
f 72//72 102//102 104//104 
f 73//73 104//104 107//107 
f 67//67 104//104 73//73 
f 67//67 72//72 104//104 
f 67//67 65//65 72//72 
f 67//67 74//74 68//68 
f 73//73 74//74 67//67 
f 68//68 75//75 69//69 
f 74//74 75//75 68//68 
f 69//69 76//76 70//70 
f 75//75 76//76 69//69 
f 108//108 70//70 76//76 
f 108//108 105//105 70//70 
f 105//105 71//71 70//70 
f 103//103 66//66 71//71 
f 105//105 103//103 71//71 
f 73//73 107//107 109//109 
f 74//74 73//73 109//109 
f 110//110 74//74 109//109 
f 75//75 74//74 110//110 
f 111//111 75//75 110//110 
f 76//76 75//75 111//111 
f 112//112 76//76 111//111 
f 108//108 76//76 112//112 
f 85//85 113//113 120//120 
f 85//85 80//80 77//77 
f 85//85 77//77 113//113 
f 113//113 77//77 114//114 
f 78//78 115//115 77//77 
f 77//77 115//115 114//114 
f 79//79 116//116 78//78 
f 78//78 116//116 115//115 
f 81//81 86//86 117//117 
f 81//81 117//117 79//79 
f 79//79 117//117 116//116 
f 117//117 86//86 121//121 
f 82//82 122//122 126//126 
f 87//87 82//82 126//126 
f 120//120 83//83 85//85 
f 120//120 122//122 83//83 
f 122//122 82//82 83//83 
f 80//80 85//85 83//83 
f 81//81 84//84 86//86 
f 88//88 90//90 123//123 
f 84//84 88//88 123//123 
f 84//84 123//123 121//121 
f 84//84 121//121 86//86 
f 123//123 90//90 127//127 
f 93//93 128//128 130//130 
f 93//93 126//126 128//128 
f 93//93 91//91 126//126 
f 91//91 87//87 126//126 
f 88//88 89//89 90//90 
f 90//90 89//89 92//92 
f 90//90 92//92 127//127 
f 127//127 92//92 131//131 
f 96//96 93//93 130//130 
f 134//134 96//96 130//130 
f 91//91 96//96 94//94 
f 93//93 96//96 91//91 
f 132//132 95//95 97//97 
f 132//132 131//131 95//95 
f 131//131 92//92 95//95 
f 132//132 97//97 135//135 
f 101//101 96//96 134//134 
f 137//137 101//101 134//134 
f 94//94 101//101 98//98 
f 96//96 101//101 94//94 
f 97//97 138//138 136//136 
f 97//97 95//95 138//138 
f 95//95 99//99 138//138 
f 135//135 97//97 136//136 
f 101//101 137//137 139//139 
f 139//139 98//98 101//101 
f 139//139 141//141 98//98 
f 141//141 102//102 98//98 
f 100//100 103//103 106//106 
f 100//100 106//106 142//142 
f 100//100 142//142 99//99 
f 99//99 142//142 138//138 
f 102//102 141//141 143//143 
f 104//104 102//102 143//143 
f 143//143 107//107 104//104 
f 146//146 107//107 143//143 
f 105//105 147//147 144//144 
f 108//108 147//147 105//105 
f 106//106 103//103 105//105 
f 106//106 105//105 145//145 
f 145//145 105//105 144//144 
f 142//142 106//106 145//145 
f 107//107 146//146 148//148 
f 109//109 107//107 148//148 
f 110//110 109//109 149//149 
f 109//109 148//148 149//149 
f 111//111 110//110 150//150 
f 110//110 149//149 150//150 
f 112//112 111//111 151//151 
f 111//111 150//150 151//151 
f 147//147 108//108 112//112 
f 151//151 147//147 112//112 
f 118//118 154//154 156//156 
f 118//118 119//119 155//155 
f 154//154 118//118 155//155 
f 155//155 119//119 157//157 
f 124//124 158//158 163//163 
f 124//124 120//120 113//113 
f 124//124 113//113 158//158 
f 158//158 113//113 159//159 
f 114//114 160//160 113//113 
f 113//113 160//160 159//159 
f 156//156 115//115 118//118 
f 156//156 160//160 115//115 
f 160//160 114//114 115//115 
f 116//116 118//118 115//115 
f 119//119 118//118 116//116 
f 119//119 161//161 157//157 
f 119//119 116//116 161//161 
f 116//116 117//117 161//161 
f 121//121 125//125 162//162 
f 121//121 162//162 117//117 
f 117//117 162//162 161//161 
f 162//162 125//125 164//164 
f 129//129 165//165 167//167 
f 163//163 165//165 129//129 
f 124//124 163//163 129//129 
f 124//124 129//129 126//126 
f 124//124 126//126 122//122 
f 120//120 124//124 122//122 
f 121//121 123//123 125//125 
f 125//125 123//123 127//127 
f 125//125 127//127 164//164 
f 164//164 127//127 168//168 
f 128//128 129//129 167//167 
f 128//128 167//167 130//130 
f 130//130 167//167 171//171 
f 126//126 129//129 128//128 
f 169//169 131//131 133//133 
f 169//169 168//168 131//131 
f 168//168 127//127 131//131 
f 169//169 133//133 172//172 
f 130//130 171//171 134//134 
f 171//171 174//174 134//134 
f 131//131 132//132 133//133 
f 133//133 132//132 135//135 
f 133//133 135//135 172//172 
f 172//172 135//135 175//175 
f 134//134 174//174 137//137 
f 174//174 176//176 137//137 
f 136//136 138//138 140//140 
f 136//136 140//140 177//177 
f 136//136 177//177 135//135 
f 135//135 177//177 175//175 
f 137//137 176//176 178//178 
f 139//139 137//137 178//178 
f 178//178 141//141 139//139 
f 181//181 141//141 178//178 
f 140//140 182//182 179//179 
f 140//140 138//138 182//182 
f 138//138 142//142 182//182 
f 177//177 140//140 179//179 
f 152//152 143//143 141//141 
f 152//152 141//141 184//184 
f 184//184 141//141 181//181 
f 143//143 152//152 146//146 
f 144//144 147//147 153//153 
f 185//185 144//144 153//153 
f 185//185 183//183 144//144 
f 183//183 145//145 144//144 
f 182//182 142//142 145//145 
f 183//183 182//182 145//145 
f 152//152 184//184 186//186 
f 146//146 152//152 186//186 
f 146//146 186//186 148//148 
f 148//148 186//186 187//187 
f 149//149 148//148 188//188 
f 148//148 187//187 188//188 
f 150//150 149//149 189//189 
f 149//149 188//188 189//189 
f 151//151 150//150 190//190 
f 150//150 189//189 190//190 
f 153//153 147//147 151//151 
f 153//153 151//151 191//191 
f 191//191 151//151 190//190 
f 185//185 153//153 191//191 
f 154//154 192//192 194//194 
f 156//156 154//154 194//194 
f 155//155 193//193 154//154 
f 154//154 193//193 192//192 
f 193//193 155//155 157//157 
f 195//195 193//193 157//157 
f 158//158 196//196 202//202 
f 163//163 158//158 202//202 
f 159//159 197//197 158//158 
f 158//158 197//197 196//196 
f 160//160 198//198 159//159 
f 159//159 198//198 197//197 
f 194//194 160//160 156//156 
f 198//198 160//160 194//194 
f 157//157 199//199 195//195 
f 161//161 199//199 157//157 
f 166//166 203//203 199//199 
f 166//166 199//199 162//162 
f 162//162 199//199 161//161 
f 162//162 164//164 166//166 
f 165//165 170//170 167//167 
f 165//165 208//208 170//170 
f 165//165 163//163 208//208 
f 163//163 202//202 208//208 
f 166//166 204//204 203//203 
f 204//204 166//166 164//164 
f 204//204 164//164 209//209 
f 209//209 164//164 168//168 
f 170//170 210//210 212//212 
f 170//170 212//212 167//167 
f 167//167 212//212 171//171 
f 208//208 210//210 170//170 
f 173//173 168//168 169//169 
f 173//173 213//213 168//168 
f 213//213 209//209 168//168 
f 169//169 172//172 173//173 
f 171//171 212//212 174//174 
f 212//212 216//216 174//174 
f 173//173 214//214 213//213 
f 214//214 173//173 172//172 
f 214//214 172//172 217//217 
f 217//217 172//172 175//175 
f 174//174 216//216 176//176 
f 216//216 220//220 176//176 
f 180//180 221//221 218//218 
f 180//180 218//218 217//217 
f 180//180 217//217 177//177 
f 177//177 217//217 175//175 
f 176//176 220//220 222//222 
f 178//178 176//176 222//222 
f 222//222 181//181 178//178 
f 223//223 181//181 222//222 
f 179//179 221//221 180//180 
f 179//179 182//182 221//221 
f 182//182 224//224 221//221 
f 177//177 179//179 180//180 
f 181//181 223//223 184//184 
f 223//223 227//227 184//184 
f 183//183 228//228 225//225 
f 185//185 228//228 183//183 
f 224//224 182//182 183//183 
f 225//225 224//224 183//183 
f 184//184 227//227 229//229 
f 186//186 184//184 229//229 
f 187//187 186//186 230//230 
f 186//186 229//229 230//230 
f 188//188 187//187 231//231 
f 187//187 230//230 231//231 
f 189//189 188//188 232//232 
f 188//188 231//231 232//232 
f 190//190 189//189 233//233 
f 189//189 232//232 233//233 
f 191//191 190//190 234//234 
f 190//190 233//233 234//234 
f 228//228 185//185 191//191 
f 234//234 228//228 191//191 
f 192//192 200//200 194//194 
f 192//192 193//193 201//201 
f 200//200 192//192 201//201 
f 193//193 195//195 201//201 
f 196//196 205//205 202//202 
f 196//196 197//197 206//206 
f 205//205 196//196 206//206 
f 197//197 198//198 207//207 
f 206//206 197//197 207//207 
f 198//198 240//240 207//207 
f 194//194 240//240 198//198 
f 194//194 237//237 240//240 
f 194//194 200//200 237//237 
f 201//201 237//237 200//200 
f 238//238 237//237 201//201 
f 195//195 238//238 201//201 
f 195//195 199//199 238//238 
f 199//199 239//239 238//238 
f 239//239 199//199 203//203 
f 241//241 239//239 203//203 
f 205//205 211//211 208//208 
f 202//202 205//205 208//208 
f 248//248 206//206 242//242 
f 248//248 211//211 206//206 
f 211//211 205//205 206//206 
f 207//207 242//242 206//206 
f 243//243 242//242 207//207 
f 240//240 243//243 207//207 
f 203//203 244//244 241//241 
f 204//204 244//244 203//203 
f 244//244 204//204 209//209 
f 249//249 244//244 209//209 
f 210//210 215//215 212//212 
f 210//210 254//254 215//215 
f 208//208 254//254 210//210 
f 208//208 250//250 254//254 
f 208//208 211//211 250//250 
f 248//248 250//250 211//211 
f 209//209 213//213 249//249 
f 249//249 213//213 255//255 
f 215//215 256//256 258//258 
f 215//215 258//258 212//212 
f 212//212 258//258 216//216 
f 254//254 256//256 215//215 
f 219//219 213//213 214//214 
f 219//219 259//259 213//213 
f 259//259 255//255 213//213 
f 214//214 217//217 219//219 
f 216//216 258//258 220//220 
f 258//258 262//262 220//220 
f 218//218 259//259 219//219 
f 218//218 221//221 259//259 
f 221//221 263//263 259//259 
f 217//217 218//218 219//219 
f 220//220 262//262 264//264 
f 222//222 220//220 264//264 
f 264//264 223//223 222//222 
f 268//268 223//223 264//264 
f 226//226 269//269 265//265 
f 226//226 265//265 263//263 
f 226//226 263//263 224//224 
f 224//224 263//263 221//221 
f 270//270 235//235 227//227 
f 270//270 227//227 268//268 
f 268//268 227//227 223//223 
f 270//270 275//275 235//235 
f 236//236 276//276 271//271 
f 269//269 236//236 271//271 
f 226//226 236//236 269//269 
f 226//226 228//228 236//236 
f 226//226 225//225 228//228 
f 224//224 225//225 226//226 
f 227//227 235//235 229//229 
f 235//235 275//275 277//277 
f 235//235 277//277 229//229 
f 229//229 277//277 230//230 
f 231//231 230//230 278//278 
f 230//230 277//277 278//278 
f 232//232 231//231 279//279 
f 231//231 278//278 279//279 
f 233//233 232//232 280//280 
f 232//232 279//279 280//280 
f 276//276 236//236 234//234 
f 276//276 234//234 280//280 
f 280//280 234//234 233//233 
f 228//228 234//234 236//236 
f 237//237 245//245 240//240 
f 237//237 238//238 246//246 
f 245//245 237//237 246//246 
f 238//238 239//239 247//247 
f 246//246 238//238 247//247 
f 239//239 241//241 247//247 
f 242//242 251//251 248//248 
f 242//242 243//243 252//252 
f 251//251 242//242 252//252 
f 243//243 288//288 252//252 
f 240//240 288//288 243//243 
f 240//240 285//285 288//288 
f 240//240 245//245 285//285 
f 246//246 285//285 245//245 
f 286//286 285//285 246//246 
f 247//247 286//286 246//246 
f 287//287 286//286 247//247 
f 253//253 289//289 287//287 
f 244//244 253//253 287//287 
f 244//244 287//287 247//247 
f 244//244 247//247 241//241 
f 244//244 249//249 253//253 
f 250//250 290//290 296//296 
f 254//254 250//250 296//296 
f 251//251 250//250 248//248 
f 251//251 291//291 250//250 
f 291//291 290//290 250//250 
f 252//252 291//291 251//251 
f 292//292 291//291 252//252 
f 288//288 292//292 252//252 
f 257//257 289//289 253//253 
f 297//297 289//289 257//257 
f 249//249 255//255 257//257 
f 253//253 249//249 257//257 
f 256//256 260//260 258//258 
f 256//256 302//302 260//260 
f 256//256 254//254 302//302 
f 254//254 296//296 302//302 
f 261//261 297//297 257//257 
f 303//303 297//297 261//261 
f 255//255 259//259 261//261 
f 257//257 255//255 261//261 
f 260//260 266//266 262//262 
f 258//258 260//260 262//262 
f 307//307 260//260 302//302 
f 266//266 260//260 307//307 
f 267//267 303//303 261//261 
f 308//308 303//303 267//267 
f 259//259 263//263 267//267 
f 261//261 259//259 267//267 
f 262//262 266//266 264//264 
f 268//268 309//309 272//272 
f 264//264 309//309 268//268 
f 264//264 307//307 309//309 
f 264//264 266//266 307//307 
f 272//272 310//310 273//273 
f 309//309 310//310 272//272 
f 310//310 318//318 273//273 
f 274//274 319//319 311//311 
f 308//308 274//274 311//311 
f 267//267 274//274 308//308 
f 267//267 269//269 274//274 
f 267//267 265//265 269//269 
f 263//263 265//265 267//267 
f 268//268 272//272 270//270 
f 275//275 270//270 272//272 
f 275//275 272//272 281//281 
f 281//281 272//272 273//273 
f 320//320 273//273 318//318 
f 320//320 282//282 273//273 
f 282//282 281//281 273//273 
f 282//282 321//321 283//283 
f 320//320 321//321 282//282 
f 283//283 322//322 284//284 
f 321//321 322//322 283//283 
f 319//319 284//284 322//322 
f 274//274 284//284 319//319 
f 274//274 276//276 284//284 
f 274//274 271//271 276//276 
f 269//269 271//271 274//274 
f 275//275 281//281 277//277 
f 278//278 277//277 281//281 
f 282//282 278//278 281//281 
f 279//279 278//278 282//282 
f 283//283 279//279 282//282 
f 280//280 279//279 283//283 
f 284//284 280//280 283//283 
f 276//276 280//280 284//284 
f 285//285 293//293 288//288 
f 285//285 286//286 294//294 
f 293//293 285//285 294//294 
f 286//286 287//287 295//295 
f 294//294 286//286 295//295 
f 287//287 289//289 295//295 
f 290//290 298//298 296//296 
f 290//290 291//291 299//299 
f 298//298 290//290 299//299 
f 291//291 292//292 300//300 
f 299//299 291//291 300//300 
f 292//292 328//328 300//300 
f 288//288 328//328 292//292 
f 288//288 326//326 328//328 
f 288//288 293//293 326//326 
f 294//294 326//326 293//293 
f 327//327 326//326 294//294 
f 327//327 301//301 329//329 
f 327//327 294//294 301//301 
f 294//294 295//295 301//301 
f 289//289 297//297 301//301 
f 295//295 289//289 301//301 
f 298//298 304//304 302//302 
f 296//296 298//298 302//302 
f 299//299 305//305 298//298 
f 305//305 304//304 298//298 
f 333//333 300//300 330//330 
f 333//333 305//305 300//300 
f 305//305 299//299 300//300 
f 328//328 330//330 300//300 
f 306//306 329//329 301//301 
f 334//334 329//329 306//306 
f 297//297 303//303 306//306 
f 301//301 297//297 306//306 
f 304//304 312//312 307//307 
f 302//302 304//304 307//307 
f 305//305 313//313 304//304 
f 313//313 312//312 304//304 
f 335//335 305//305 333//333 
f 335//335 314//314 305//305 
f 314//314 313//313 305//305 
f 314//314 336//336 315//315 
f 335//335 336//336 314//314 
f 315//315 337//337 316//316 
f 336//336 337//337 315//315 
f 334//334 316//316 337//337 
f 334//334 306//306 316//316 
f 306//306 317//317 316//316 
f 303//303 308//308 317//317 
f 306//306 303//303 317//317 
f 307//307 312//312 309//309 
f 310//310 309//309 312//312 
f 313//313 310//310 312//312 
f 318//318 310//310 313//313 
f 318//318 313//313 323//323 
f 323//323 313//313 314//314 
f 315//315 324//324 314//314 
f 324//324 323//323 314//314 
f 316//316 325//325 315//315 
f 325//325 324//324 315//315 
f 311//311 319//319 325//325 
f 311//311 325//325 317//317 
f 317//317 325//325 316//316 
f 308//308 311//311 317//317 
f 318//318 323//323 320//320 
f 321//321 320//320 323//323 
f 324//324 321//321 323//323 
f 322//322 321//321 324//324 
f 325//325 322//322 324//324 
f 319//319 322//322 325//325 
f 326//326 331//331 328//328 
f 326//326 327//327 332//332 
f 331//331 326//326 332//332 
f 327//327 329//329 332//332 
f 330//330 338//338 333//333 
f 330//330 328//328 331//331 
f 330//330 331//331 338//338 
f 338//338 331//331 339//339 
f 332//332 340//340 331//331 
f 340//340 339//339 331//331 
f 329//329 334//334 340//340 
f 332//332 329//329 340//340 
f 333//333 338//338 335//335 
f 336//336 335//335 338//338 
f 339//339 336//336 338//338 
f 337//337 336//336 339//339 
f 340//340 337//337 339//339 
f 334//334 337//337 340//340 
f 341//341 356//356 364//364 
f 341//341 342//342 357//357 
f 356//356 341//341 357//357 
f 342//342 343//343 358//358 
f 357//357 342//342 358//358 
f 343//343 344//344 359//359 
f 358//358 343//343 359//359 
f 359//359 344//344 365//365 
f 345//345 341//341 364//364 
f 368//368 345//345 364//364 
f 342//342 341//341 346//346 
f 346//346 341//341 345//345 
f 343//343 342//342 347//347 
f 347//347 342//342 346//346 
f 344//344 343//343 348//348 
f 348//348 343//343 347//347 
f 369//369 365//365 344//344 
f 348//348 369//369 344//344 
f 349//349 345//345 368//368 
f 372//372 349//349 368//368 
f 346//346 345//345 350//350 
f 350//350 345//345 349//349 
f 347//347 346//346 351//351 
f 351//351 346//346 350//350 
f 348//348 347//347 352//352 
f 352//352 347//347 351//351 
f 373//373 369//369 348//348 
f 352//352 373//373 348//348 
f 349//349 372//372 374//374 
f 374//374 377//377 353//353 
f 374//374 353//353 349//349 
f 349//349 353//353 350//350 
f 351//351 350//350 354//354 
f 354//354 350//350 353//353 
f 352//352 351//351 355//355 
f 355//355 351//351 354//354 
f 378//378 373//373 352//352 
f 355//355 378//378 352//352 
f 353//353 377//377 379//379 
f 354//354 353//353 379//379 
f 380//380 354//354 379//379 
f 355//355 354//354 380//380 
f 381//381 355//355 380//380 
f 378//378 355//355 381//381 
f 360//360 389//389 397//397 
f 360//360 361//361 390//390 
f 389//389 360//360 390//390 
f 361//361 362//362 391//391 
f 390//390 361//361 391//391 
f 362//362 363//363 392//392 
f 391//391 362//362 392//392 
f 392//392 363//363 398//398 
f 366//366 399//399 404//404 
f 366//366 364//364 356//356 
f 366//366 356//356 399//399 
f 399//399 356//356 400//400 
f 397//397 357//357 360//360 
f 397//397 400//400 357//357 
f 400//400 356//356 357//357 
f 358//358 360//360 357//357 
f 361//361 360//360 358//358 
f 359//359 361//361 358//358 
f 362//362 361//361 359//359 
f 365//365 362//362 359//359 
f 365//365 367//367 362//362 
f 367//367 363//363 362//362 
f 405//405 398//398 363//363 
f 367//367 405//405 363//363 
f 370//370 366//366 404//404 
f 407//407 370//370 404//404 
f 364//364 370//370 368//368 
f 366//366 370//370 364//364 
f 367//367 369//369 371//371 
f 365//365 369//369 367//367 
f 408//408 405//405 367//367 
f 371//371 408//408 367//367 
f 375//375 370//370 407//407 
f 411//411 375//375 407//407 
f 368//368 375//375 372//372 
f 370//370 375//375 368//368 
f 371//371 373//373 376//376 
f 369//369 373//373 371//371 
f 412//412 408//408 371//371 
f 376//376 412//412 371//371 
f 382//382 375//375 411//411 
f 415//415 382//382 411//411 
f 372//372 383//383 374//374 
f 372//372 375//375 383//383 
f 375//375 382//382 383//383 
f 374//374 383//383 377//377 
f 376//376 378//378 384//384 
f 373//373 378//378 376//376 
f 416//416 412//412 376//376 
f 384//384 416//416 376//376 
f 382//382 415//415 417//417 
f 417//417 419//419 385//385 
f 417//417 385//385 382//382 
f 382//382 385//385 383//383 
f 377//377 386//386 379//379 
f 377//377 383//383 386//386 
f 383//383 385//385 386//386 
f 379//379 387//387 380//380 
f 386//386 387//387 379//379 
f 380//380 388//388 381//381 
f 387//387 388//388 380//380 
f 381//381 388//388 420//420 
f 378//378 381//381 420//420 
f 378//378 420//420 418//418 
f 378//378 418//418 384//384 
f 416//416 384//384 418//418 
f 385//385 419//419 421//421 
f 386//386 385//385 421//421 
f 422//422 386//386 421//421 
f 387//387 386//386 422//422 
f 423//423 387//387 422//422 
f 388//388 387//387 423//423 
f 424//424 388//388 423//423 
f 420//420 388//388 424//424 
f 393//393 428//428 432//432 
f 393//393 394//394 429//429 
f 428//428 393//393 429//429 
f 394//394 395//395 430//430 
f 429//429 394//394 430//430 
f 395//395 396//396 431//431 
f 430//430 395//395 431//431 
f 431//431 396//396 433//433 
f 401//401 434//434 438//438 
f 401//401 402//402 435//435 
f 434//434 401//401 435//435 
f 432//432 435//435 402//402 
f 393//393 432//432 402//402 
f 393//393 402//402 397//397 
f 393//393 397//397 389//389 
f 390//390 393//393 389//389 
f 394//394 393//393 390//390 
f 391//391 394//394 390//390 
f 395//395 394//394 391//391 
f 392//392 395//395 391//391 
f 396//396 395//395 392//392 
f 398//398 403//403 436//436 
f 392//392 398//398 436//436 
f 392//392 436//436 433//433 
f 392//392 433//433 396//396 
f 436//436 403//403 439//439 
f 399//399 401//401 438//438 
f 399//399 438//438 404//404 
f 404//404 438//438 440//440 
f 400//400 401//401 399//399 
f 402//402 401//401 400//400 
f 397//397 402//402 400//400 
f 403//403 405//405 406//406 
f 398//398 405//405 403//403 
f 441//441 439//439 403//403 
f 406//406 441//441 403//403 
f 409//409 442//442 443//443 
f 409//409 440//440 442//442 
f 409//409 407//407 440//440 
f 407//407 404//404 440//440 
f 406//406 408//408 410//410 
f 405//405 408//408 406//406 
f 444//444 441//441 406//406 
f 410//410 444//444 406//406 
f 413//413 409//409 443//443 
f 445//445 413//413 443//443 
f 407//407 413//413 411//411 
f 409//409 413//413 407//407 
f 410//410 412//412 414//414 
f 408//408 412//412 410//410 
f 446//446 444//444 410//410 
f 414//414 446//446 410//410 
f 413//413 445//445 447//447 
f 447//447 411//411 413//413 
f 447//447 449//449 411//411 
f 449//449 415//415 411//411 
f 414//414 450//450 448//448 
f 414//414 412//412 450//450 
f 412//412 416//416 450//450 
f 446//446 414//414 448//448 
f 415//415 449//449 451//451 
f 417//417 415//415 451//451 
f 451//451 419//419 417//417 
f 454//454 419//419 451//451 
f 418//418 420//420 425//425 
f 418//418 425//425 455//455 
f 418//418 455//455 416//416 
f 416//416 455//455 450//450 
f 419//419 454//454 456//456 
f 421//421 419//419 456//456 
f 426//426 456//456 460//460 
f 426//426 422//422 456//456 
f 422//422 421//421 456//456 
f 422//422 427//427 423//423 
f 426//426 427//427 422//422 
f 461//461 423//423 427//427 
f 461//461 457//457 423//423 
f 457//457 424//424 423//423 
f 425//425 420//420 424//424 
f 425//425 424//424 458//458 
f 458//458 424//424 457//457 
f 455//455 425//425 458//458 
f 426//426 460//460 462//462 
f 427//427 426//426 462//462 
f 463//463 427//427 462//462 
f 461//461 427//427 463//463 
f 437//437 466//466 471//471 
f 437//437 432//432 428//428 
f 437//437 428//428 466//466 
f 466//466 428//428 467//467 
f 429//429 468//468 428//428 
f 428//428 468//468 467//467 
f 430//430 469//469 429//429 
f 429//429 469//469 468//468 
f 431//431 470//470 430//430 
f 430//430 470//470 469//469 
f 470//470 431//431 433//433 
f 472//472 470//470 433//433 
f 434//434 473//473 475//475 
f 438//438 434//434 475//475 
f 471//471 435//435 437//437 
f 471//471 473//473 435//435 
f 473//473 434//434 435//435 
f 432//432 437//437 435//435 
f 433//433 474//474 472//472 
f 436//436 474//474 433//433 
f 474//474 436//436 439//439 
f 476//476 474//474 439//439 
f 438//438 475//475 440//440 
f 475//475 477//477 440//440 
f 439//439 441//441 476//476 
f 476//476 441//441 478//478 
f 442//442 479//479 480//480 
f 443//443 442//442 480//480 
f 477//477 442//442 440//440 
f 479//479 442//442 477//477 
f 441//441 444//444 478//478 
f 478//478 444//444 481//481 
f 443//443 480//480 445//445 
f 480//480 482//482 445//445 
f 444//444 446//446 481//481 
f 481//481 446//446 483//483 
f 452//452 447//447 445//445 
f 452//452 445//445 484//484 
f 484//484 445//445 482//482 
f 447//447 452//452 449//449 
f 448//448 450//450 453//453 
f 448//448 453//453 485//485 
f 448//448 485//485 446//446 
f 446//446 485//485 483//483 
f 452//452 484//484 486//486 
f 459//459 486//486 488//488 
f 451//451 486//486 459//459 
f 451//451 452//452 486//486 
f 451//451 449//449 452//452 
f 451//451 459//459 454//454 
f 453//453 489//489 487//487 
f 453//453 450//450 489//489 
f 450//450 455//455 489//489 
f 485//485 453//453 487//487 
f 459//459 488//488 490//490 
f 464//464 490//490 492//492 
f 456//456 490//490 464//464 
f 456//456 459//459 490//490 
f 456//456 454//454 459//459 
f 456//456 464//464 460//460 
f 457//457 461//461 465//465 
f 493//493 457//457 465//465 
f 493//493 491//491 457//457 
f 491//491 458//458 457//457 
f 489//489 455//455 458//458 
f 491//491 489//489 458//458 
f 464//464 492//492 494//494 
f 460//460 464//464 494//494 
f 460//460 494//494 462//462 
f 462//462 494//494 495//495 
f 463//463 462//462 496//496 
f 462//462 495//495 496//496 
f 465//465 461//461 463//463 
f 465//465 463//463 497//497 
f 497//497 463//463 496//496 
f 493//493 465//465 497//497 
f 466//466 498//498 503//503 
f 471//471 466//466 503//503 
f 467//467 499//499 466//466 
f 466//466 499//499 498//498 
f 468//468 500//500 467//467 
f 467//467 500//500 499//499 
f 469//469 501//501 468//468 
f 468//468 501//501 500//500 
f 470//470 502//502 469//469 
f 469//469 502//502 501//501 
f 502//502 470//470 472//472 
f 504//504 502//502 472//472 
f 473//473 505//505 509//509 
f 475//475 473//473 509//509 
f 503//503 473//473 471//471 
f 505//505 473//473 503//503 
f 472//472 506//506 504//504 
f 474//474 506//506 472//472 
f 506//506 474//474 476//476 
f 510//510 506//506 476//476 
f 475//475 509//509 477//477 
f 509//509 513//513 477//477 
f 476//476 478//478 510//510 
f 510//510 478//478 514//514 
f 479//479 515//515 516//516 
f 480//480 479//479 516//516 
f 513//513 479//479 477//477 
f 515//515 479//479 513//513 
f 478//478 481//481 514//514 
f 514//514 481//481 517//517 
f 480//480 516//516 482//482 
f 516//516 519//519 482//482 
f 481//481 483//483 517//517 
f 517//517 483//483 520//520 
f 482//482 519//519 484//484 
f 519//519 521//521 484//484 
f 483//483 485//485 520//520 
f 520//520 485//485 522//522 
f 484//484 521//521 523//523 
f 486//486 484//484 523//523 
f 523//523 488//488 486//486 
f 526//526 488//488 523//523 
f 487//487 527//527 524//524 
f 489//489 527//527 487//487 
f 522//522 485//485 487//487 
f 524//524 522//522 487//487 
f 488//488 526//526 528//528 
f 490//490 488//488 528//528 
f 528//528 492//492 490//490 
f 530//530 492//492 528//528 
f 491//491 531//531 529//529 
f 493//493 531//531 491//491 
f 527//527 489//489 491//491 
f 529//529 527//527 491//491 
f 492//492 530//530 532//532 
f 494//494 492//492 532//532 
f 495//495 494//494 533//533 
f 494//494 532//532 533//533 
f 496//496 495//495 534//534 
f 495//495 533//533 534//534 
f 497//497 496//496 535//535 
f 496//496 534//534 535//535 
f 531//531 493//493 497//497 
f 535//535 531//531 497//497 
f 498//498 507//507 503//503 
f 540//540 507//507 498//498 
f 540//540 498//498 537//537 
f 537//537 498//498 499//499 
f 500//500 538//538 499//499 
f 499//499 538//538 537//537 
f 501//501 539//539 500//500 
f 500//500 539//539 538//538 
f 508//508 541//541 539//539 
f 508//508 539//539 502//502 
f 502//502 539//539 501//501 
f 502//502 504//504 508//508 
f 505//505 511//511 509//509 
f 505//505 547//547 511//511 
f 503//503 547//547 505//505 
f 503//503 542//542 547//547 
f 503//503 507//507 542//542 
f 540//540 542//542 507//507 
f 508//508 543//543 541//541 
f 512//512 548//548 543//543 
f 506//506 512//512 543//543 
f 506//506 543//543 508//508 
f 506//506 508//508 504//504 
f 506//506 510//510 512//512 
f 511//511 549//549 553//553 
f 511//511 553//553 509//509 
f 509//509 553//553 513//513 
f 547//547 549//549 511//511 
f 512//512 550//550 548//548 
f 550//550 512//512 510//510 
f 550//550 510//510 554//554 
f 554//554 510//510 514//514 
f 515//515 518//518 516//516 
f 515//515 557//557 518//518 
f 515//515 513//513 557//557 
f 513//513 553//553 557//557 
f 514//514 517//517 554//554 
f 554//554 517//517 558//558 
f 518//518 559//559 561//561 
f 518//518 561//561 516//516 
f 516//516 561//561 519//519 
f 557//557 559//559 518//518 
f 517//517 520//520 558//558 
f 558//558 520//520 562//562 
f 563//563 525//525 521//521 
f 563//563 521//521 561//561 
f 561//561 521//521 519//519 
f 563//563 565//565 525//525 
f 520//520 522//522 562//562 
f 562//562 522//522 566//566 
f 521//521 525//525 523//523 
f 525//525 526//526 523//523 
f 525//525 565//565 526//526 
f 565//565 570//570 526//526 
f 524//524 571//571 567//567 
f 527//527 571//571 524//524 
f 566//566 522//522 524//524 
f 567//567 566//566 524//524 
f 526//526 570//570 572//572 
f 528//528 526//526 572//572 
f 572//572 530//530 528//528 
f 578//578 530//530 572//572 
f 536//536 579//579 573//573 
f 536//536 529//529 531//531 
f 536//536 573//573 529//529 
f 573//573 574//574 529//529 
f 571//571 527//527 529//529 
f 574//574 571//571 529//529 
f 530//530 578//578 580//580 
f 532//532 530//530 580//580 
f 533//533 532//532 581//581 
f 532//532 580//580 581//581 
f 534//534 533//533 582//582 
f 533//533 581//581 582//582 
f 579//579 536//536 535//535 
f 579//579 535//535 582//582 
f 582//582 535//535 534//534 
f 531//531 535//535 536//536 
f 537//537 544//544 540//540 
f 537//537 538//538 545//545 
f 544//544 537//537 545//545 
f 538//538 539//539 546//546 
f 545//545 538//538 546//546 
f 539//539 541//541 546//546 
f 542//542 551//551 547//547 
f 542//542 587//587 551//551 
f 540//540 587//587 542//542 
f 540//540 584//584 587//587 
f 540//540 544//544 584//584 
f 545//545 584//584 544//544 
f 585//585 584//584 545//545 
f 546//546 585//585 545//545 
f 586//586 585//585 546//546 
f 552//552 588//588 586//586 
f 543//543 552//552 586//586 
f 543//543 586//586 546//546 
f 543//543 546//546 541//541 
f 543//543 548//548 552//552 
f 549//549 555//555 553//553 
f 549//549 594//594 555//555 
f 547//547 594//594 549//549 
f 547//547 589//589 594//594 
f 547//547 551//551 589//589 
f 587//587 589//589 551//551 
f 552//552 590//590 588//588 
f 556//556 595//595 590//590 
f 550//550 556//556 590//590 
f 550//550 590//590 552//552 
f 550//550 552//552 548//548 
f 550//550 554//554 556//556 
f 555//555 596//596 599//599 
f 555//555 599//599 553//553 
f 553//553 599//599 557//557 
f 594//594 596//596 555//555 
f 560//560 595//595 556//556 
f 600//600 595//595 560//560 
f 554//554 558//558 560//560 
f 556//556 554//554 560//560 
f 559//559 564//564 561//561 
f 559//559 604//604 564//564 
f 559//559 557//557 604//604 
f 557//557 599//599 604//604 
f 560//560 601//601 600//600 
f 601//601 560//560 558//558 
f 601//601 558//558 605//605 
f 605//605 558//558 562//562 
f 561//561 564//564 563//563 
f 565//565 606//606 568//568 
f 563//563 606//606 565//565 
f 563//563 604//604 606//606 
f 563//563 564//564 604//604 
f 606//606 611//611 568//568 
f 569//569 612//612 607//607 
f 569//569 607//607 605//605 
f 569//569 605//605 566//566 
f 566//566 605//605 562//562 
f 568//568 575//575 570//570 
f 565//565 568//568 570//570 
f 613//613 568//568 611//611 
f 613//613 576//576 568//568 
f 576//576 575//575 568//568 
f 613//613 619//619 576//576 
f 577//577 620//620 614//614 
f 612//612 577//577 614//614 
f 569//569 577//577 612//612 
f 569//569 571//571 577//577 
f 569//569 567//567 571//571 
f 566//566 567//567 569//569 
f 570//570 575//575 572//572 
f 578//578 572//572 575//575 
f 578//578 575//575 583//583 
f 583//583 575//575 576//576 
f 624//624 576//576 619//619 
f 583//583 576//576 624//624 
f 573//573 625//625 621//621 
f 579//579 625//625 573//573 
f 620//620 577//577 574//574 
f 620//620 574//574 621//621 
f 621//621 574//574 573//573 
f 571//571 574//574 577//577 
f 578//578 583//583 580//580 
f 583//583 624//624 626//626 
f 583//583 626//626 580//580 
f 580//580 626//626 581//581 
f 582//582 581//581 627//627 
f 581//581 626//626 627//627 
f 625//625 579//579 582//582 
f 627//627 625//625 582//582 
f 584//584 591//591 587//587 
f 584//584 585//585 592//592 
f 591//591 584//584 592//592 
f 585//585 586//586 593//593 
f 592//592 585//585 593//593 
f 586//586 588//588 593//593 
f 589//589 597//597 594//594 
f 589//589 633//633 597//597 
f 587//587 633//633 589//589 
f 587//587 630//630 633//633 
f 587//587 591//591 630//630 
f 592//592 630//630 591//591 
f 631//631 630//630 592//592 
f 593//593 631//631 592//592 
f 632//632 631//631 593//593 
f 598//598 634//634 632//632 
f 590//590 598//598 632//632 
f 590//590 632//632 593//593 
f 590//590 593//593 588//588 
f 590//590 595//595 598//598 
f 596//596 602//602 599//599 
f 596//596 639//639 602//602 
f 594//594 639//639 596//596 
f 594//594 635//635 639//639 
f 594//594 597//597 635//635 
f 633//633 635//635 597//597 
f 603//603 634//634 598//598 
f 640//640 634//634 603//603 
f 595//595 600//600 603//603 
f 598//598 595//595 603//603 
f 602//602 608//608 604//604 
f 599//599 602//602 604//604 
f 645//645 602//602 639//639 
f 608//608 602//602 645//645 
f 609//609 640//640 603//603 
f 646//646 640//640 609//609 
f 600//600 601//601 610//610 
f 600//600 610//610 603//603 
f 603//603 610//610 609//609 
f 601//601 605//605 610//610 
f 604//604 608//608 606//606 
f 611//611 647//647 615//615 
f 606//606 647//647 611//611 
f 606//606 645//645 647//647 
f 606//606 608//608 645//645 
f 615//615 648//648 616//616 
f 647//647 648//648 615//615 
f 616//616 649//649 617//617 
f 648//648 649//649 616//616 
f 649//649 654//654 617//617 
f 618//618 646//646 609//609 
f 655//655 646//646 618//618 
f 607//607 612//612 618//618 
f 607//607 618//618 610//610 
f 610//610 618//618 609//609 
f 605//605 607//607 610//610 
f 611//611 615//615 613//613 
f 619//619 613//613 615//615 
f 619//619 615//615 622//622 
f 622//622 615//615 616//616 
f 659//659 617//617 656//656 
f 659//659 622//622 617//617 
f 622//622 616//616 617//617 
f 656//656 623//623 660//660 
f 656//656 617//617 623//623 
f 657//657 623//623 654//654 
f 654//654 623//623 617//617 
f 655//655 623//623 657//657 
f 618//618 623//623 655//655 
f 618//618 620//620 623//623 
f 618//618 614//614 620//620 
f 612//612 614//614 618//618 
f 622//622 628//628 624//624 
f 619//619 622//622 624//624 
f 661//661 622//622 659//659 
f 661//661 629//629 622//622 
f 629//629 628//628 622//622 
f 660//660 629//629 661//661 
f 623//623 629//629 660//660 
f 623//623 625//625 629//629 
f 623//623 621//621 625//625 
f 620//620 621//621 623//623 
f 624//624 628//628 626//626 
f 627//627 626//626 628//628 
f 629//629 627//627 628//628 
f 625//625 627//627 629//629 
f 630//630 636//636 633//633 
f 630//630 631//631 637//637 
f 636//636 630//630 637//637 
f 631//631 632//632 638//638 
f 637//637 631//631 638//638 
f 632//632 634//634 638//638 
f 635//635 641//641 639//639 
f 635//635 633//633 636//636 
f 635//635 636//636 641//641 
f 641//641 636//636 642//642 
f 637//637 643//643 636//636 
f 643//643 642//642 636//636 
f 638//638 644//644 637//637 
f 644//644 643//643 637//637 
f 634//634 640//640 644//644 
f 638//638 634//634 644//644 
f 641//641 650//650 645//645 
f 639//639 641//641 645//645 
f 642//642 651//651 641//641 
f 651//651 650//650 641//641 
f 643//643 652//652 642//642 
f 652//652 651//651 642//642 
f 644//644 653//653 643//643 
f 653//653 652//652 643//643 
f 640//640 646//646 653//653 
f 644//644 640//640 653//653 
f 645//645 650//650 647//647 
f 648//648 647//647 650//650 
f 651//651 648//648 650//650 
f 649//649 648//648 651//651 
f 652//652 649//649 651//651 
f 654//654 649//649 652//652 
f 654//654 652//652 658//658 
f 658//658 652//652 653//653 
f 646//646 655//655 658//658 
f 653//653 646//646 658//658 
f 656//656 662//662 659//659 
f 657//657 654//654 658//658 
f 660//660 662//662 656//656 
f 655//655 657//657 658//658 
f 659//659 662//662 661//661 
f 660//660 661//661 662//662 
f 663//663 680//680 688//688 
f 663//663 664//664 681//681 
f 680//680 663//663 681//681 
f 664//664 665//665 682//682 
f 681//681 664//664 682//682 
f 665//665 666//666 683//683 
f 682//682 665//665 683//683 
f 683//683 666//666 689//689 
f 667//667 663//663 688//688 
f 692//692 667//667 688//688 
f 664//664 663//663 668//668 
f 668//668 663//663 667//667 
f 665//665 664//664 669//669 
f 669//669 664//664 668//668 
f 666//666 665//665 670//670 
f 670//670 665//665 669//669 
f 693//693 689//689 666//666 
f 670//670 693//693 666//666 
f 671//671 667//667 692//692 
f 697//697 671//671 692//692 
f 668//668 667//667 672//672 
f 672//672 667//667 671//671 
f 669//669 668//668 673//673 
f 673//673 668//668 672//672 
f 670//670 669//669 674//674 
f 674//674 669//669 673//673 
f 694//694 693//693 670//670 
f 694//694 670//670 675//675 
f 675//675 670//670 674//674 
f 694//694 675//675 698//698 
f 676//676 671//671 697//697 
f 701//701 676//676 697//697 
f 672//672 671//671 677//677 
f 677//677 671//671 676//676 
f 673//673 672//672 678//678 
f 678//678 672//672 677//677 
f 674//674 673//673 679//679 
f 679//679 673//673 678//678 
f 702//702 699//699 675//675 
f 702//702 675//675 679//679 
f 679//679 675//675 674//674 
f 698//698 675//675 699//699 
f 676//676 701//701 703//703 
f 677//677 676//676 703//703 
f 704//704 677//677 703//703 
f 678//678 677//677 704//704 
f 705//705 678//678 704//704 
f 679//679 678//678 705//705 
f 706//706 679//679 705//705 
f 702//702 679//679 706//706 
f 684//684 713//713 720//720 
f 684//684 685//685 714//714 
f 713//713 684//684 714//714 
f 685//685 686//686 715//715 
f 714//714 685//685 715//715 
f 686//686 687//687 716//716 
f 715//715 686//686 716//716 
f 716//716 687//687 721//721 
f 690//690 722//722 726//726 
f 720//720 722//722 690//690 
f 684//684 720//720 690//690 
f 684//684 690//690 688//688 
f 684//684 688//688 680//680 
f 681//681 684//684 680//680 
f 685//685 684//684 681//681 
f 682//682 685//685 681//681 
f 686//686 685//685 682//682 
f 683//683 686//686 682//682 
f 687//687 686//686 683//683 
f 689//689 691//691 723//723 
f 683//683 689//689 723//723 
f 683//683 723//723 721//721 
f 683//683 721//721 687//687 
f 723//723 691//691 727//727 
f 695//695 690//690 726//726 
f 729//729 695//695 726//726 
f 688//688 695//695 692//692 
f 690//690 695//695 688//688 
f 691//691 693//693 696//696 
f 689//689 693//693 691//691 
f 730//730 727//727 691//691 
f 696//696 730//730 691//691 
f 700//700 695//695 729//729 
f 733//733 700//700 729//729 
f 692//692 700//700 697//697 
f 695//695 700//700 692//692 
f 693//693 694//694 696//696 
f 696//696 694//694 698//698 
f 696//696 698//698 730//730 
f 730//730 698//698 734//734 
f 707//707 700//700 733//733 
f 737//737 707//707 733//733 
f 697//697 707//707 701//701 
f 700//700 707//707 697//697 
f 699//699 702//702 708//708 
f 699//699 708//708 738//738 
f 699//699 738//738 698//698 
f 698//698 738//738 734//734 
f 707//707 737//737 739//739 
f 709//709 739//739 742//742 
f 703//703 739//739 709//709 
f 703//703 707//707 739//739 
f 703//703 701//701 707//707 
f 703//703 710//710 704//704 
f 709//709 710//710 703//703 
f 704//704 711//711 705//705 
f 710//710 711//711 704//704 
f 705//705 712//712 706//706 
f 711//711 712//712 705//705 
f 706//706 712//712 743//743 
f 702//702 706//706 743//743 
f 702//702 743//743 740//740 
f 702//702 740//740 708//708 
f 738//738 708//708 740//740 
f 709//709 742//742 744//744 
f 710//710 709//709 744//744 
f 745//745 710//710 744//744 
f 711//711 710//710 745//745 
f 746//746 711//711 745//745 
f 712//712 711//711 746//746 
f 747//747 712//712 746//746 
f 743//743 712//712 747//747 
f 717//717 755//755 758//758 
f 717//717 718//718 756//756 
f 755//755 717//717 756//756 
f 718//718 719//719 757//757 
f 756//756 718//718 757//757 
f 757//757 719//719 759//759 
f 724//724 760//760 763//763 
f 758//758 760//760 724//724 
f 717//717 758//758 724//724 
f 717//717 724//724 720//720 
f 717//717 720//720 713//713 
f 714//714 717//717 713//713 
f 718//718 717//717 714//714 
f 715//715 718//718 714//714 
f 719//719 718//718 715//715 
f 719//719 761//761 759//759 
f 719//719 715//715 761//761 
f 715//715 716//716 761//761 
f 721//721 725//725 762//762 
f 721//721 762//762 716//716 
f 716//716 762//762 761//761 
f 762//762 725//725 764//764 
f 722//722 724//724 763//763 
f 722//722 763//763 726//726 
f 726//726 763//763 766//766 
f 720//720 724//724 722//722 
f 721//721 723//723 725//725 
f 727//727 728//728 765//765 
f 723//723 727//727 765//765 
f 723//723 765//765 764//764 
f 723//723 764//764 725//725 
f 765//765 728//728 767//767 
f 731//731 768//768 770//770 
f 731//731 766//766 768//768 
f 731//731 729//729 766//766 
f 729//729 726//726 766//766 
f 728//728 730//730 732//732 
f 727//727 730//730 728//728 
f 771//771 767//767 728//728 
f 732//732 771//771 728//728 
f 735//735 731//731 770//770 
f 772//772 735//735 770//770 
f 729//729 735//735 733//733 
f 731//731 735//735 729//729 
f 732//732 734//734 736//736 
f 730//730 734//734 732//732 
f 773//773 771//771 732//732 
f 736//736 773//773 732//732 
f 735//735 772//772 774//774 
f 774//774 733//733 735//735 
f 774//774 775//775 733//733 
f 775//775 737//737 733//733 
f 736//736 738//738 741//741 
f 734//734 738//738 736//736 
f 776//776 773//773 736//736 
f 741//741 776//776 736//736 
f 748//748 739//739 737//737 
f 748//748 737//737 778//778 
f 778//778 737//737 775//775 
f 739//739 748//748 742//742 
f 740//740 743//743 749//749 
f 740//740 741//741 738//738 
f 740//740 749//749 741//741 
f 749//749 750//750 741//741 
f 779//779 776//776 741//741 
f 750//750 779//779 741//741 
f 748//748 778//778 780//780 
f 751//751 780//780 783//783 
f 744//744 780//780 751//751 
f 744//744 748//748 780//780 
f 744//744 742//742 748//748 
f 744//744 752//752 745//745 
f 751//751 752//752 744//744 
f 745//745 753//753 746//746 
f 752//752 753//753 745//745 
f 746//746 754//754 747//747 
f 753//753 754//754 746//746 
f 747//747 754//754 784//784 
f 743//743 747//747 784//784 
f 743//743 784//784 781//781 
f 743//743 781//781 749//749 
f 750//750 749//749 781//781 
f 782//782 750//750 781//781 
f 779//779 750//750 782//782 
f 751//751 783//783 785//785 
f 752//752 751//751 785//785 
f 786//786 752//752 785//785 
f 753//753 752//752 786//786 
f 787//787 753//753 786//786 
f 754//754 753//753 787//787 
f 788//788 754//754 787//787 
f 784//784 754//754 788//788 
f 755//755 790//790 793//793 
f 758//758 755//755 793//793 
f 756//756 791//791 755//755 
f 755//755 791//791 790//790 
f 757//757 792//792 756//756 
f 756//756 792//792 791//791 
f 792//792 757//757 759//759 
f 794//794 792//792 759//759 
f 760//760 795//795 798//798 
f 763//763 760//760 798//798 
f 793//793 760//760 758//758 
f 795//795 760//760 793//793 
f 759//759 796//796 794//794 
f 761//761 796//796 759//759 
f 762//762 797//797 761//761 
f 761//761 797//797 796//796 
f 797//797 762//762 764//764 
f 799//799 797//797 764//764 
f 769//769 800//800 802//802 
f 769//769 798//798 800//800 
f 769//769 766//766 798//798 
f 766//766 763//763 798//798 
f 764//764 801//801 799//799 
f 765//765 801//801 764//764 
f 801//801 765//765 767//767 
f 803//803 801//801 767//767 
f 768//768 769//769 802//802 
f 768//768 802//802 770//770 
f 770//770 802//802 804//804 
f 766//766 769//769 768//768 
f 767//767 771//771 803//803 
f 803//803 771//771 805//805 
f 770//770 804//804 772//772 
f 804//804 806//806 772//772 
f 771//771 773//773 805//805 
f 805//805 773//773 807//807 
f 777//777 774//774 772//772 
f 777//777 772//772 808//808 
f 808//808 772//772 806//806 
f 774//774 777//777 775//775 
f 773//773 776//776 807//807 
f 807//807 776//776 809//809 
f 777//777 808//808 810//810 
f 810//810 775//775 777//777 
f 810//810 811//811 775//775 
f 811//811 778//778 775//775 
f 776//776 779//779 809//809 
f 809//809 779//779 812//812 
f 778//778 811//811 813//813 
f 780//780 778//778 813//813 
f 813//813 783//783 780//780 
f 815//815 783//783 813//813 
f 781//781 784//784 789//789 
f 816//816 781//781 789//789 
f 816//816 814//814 781//781 
f 814//814 782//782 781//781 
f 812//812 779//779 782//782 
f 814//814 812//812 782//782 
f 783//783 815//815 817//817 
f 785//785 783//783 817//817 
f 786//786 785//785 818//818 
f 785//785 817//817 818//818 
f 787//787 786//786 819//819 
f 786//786 818//818 819//819 
f 788//788 787//787 820//820 
f 787//787 819//819 820//820 
f 789//789 784//784 788//788 
f 789//789 788//788 821//821 
f 821//821 788//788 820//820 
f 816//816 789//789 821//821 
f 790//790 823//823 826//826 
f 793//793 790//790 826//826 
f 791//791 824//824 790//790 
f 790//790 824//824 823//823 
f 792//792 825//825 791//791 
f 791//791 825//825 824//824 
f 825//825 792//792 794//794 
f 827//827 825//825 794//794 
f 795//795 828//828 832//832 
f 798//798 795//795 832//832 
f 826//826 795//795 793//793 
f 828//828 795//795 826//826 
f 794//794 829//829 827//827 
f 796//796 829//829 794//794 
f 797//797 830//830 796//796 
f 796//796 830//830 829//829 
f 830//830 797//797 799//799 
f 833//833 830//830 799//799 
f 800//800 834//834 836//836 
f 802//802 800//800 836//836 
f 832//832 800//800 798//798 
f 834//834 800//800 832//832 
f 799//799 835//835 833//833 
f 801//801 835//835 799//799 
f 835//835 801//801 803//803 
f 837//837 835//835 803//803 
f 802//802 836//836 804//804 
f 836//836 840//840 804//804 
f 803//803 805//805 837//837 
f 837//837 805//805 841//841 
f 804//804 840//840 806//806 
f 840//840 842//842 806//806 
f 805//805 807//807 841//841 
f 841//841 807//807 843//843 
f 806//806 842//842 808//808 
f 842//842 844//844 808//808 
f 807//807 809//809 843//843 
f 843//843 809//809 845//845 
f 808//808 844//844 846//846 
f 810//810 808//808 846//846 
f 846//846 811//811 810//810 
f 848//848 811//811 846//846 
f 809//809 812//812 845//845 
f 845//845 812//812 849//849 
f 811//811 848//848 850//850 
f 813//813 811//811 850//850 
f 815//815 851//851 822//822 
f 815//815 813//813 851//851 
f 813//813 850//850 851//851 
f 851//851 855//855 822//822 
f 814//814 856//856 852//852 
f 816//816 856//856 814//814 
f 849//849 812//812 814//814 
f 852//852 849//849 814//814 
f 815//815 822//822 817//817 
f 822//822 855//855 857//857 
f 822//822 857//857 817//817 
f 817//817 857//857 818//818 
f 819//819 818//818 858//858 
f 818//818 857//857 858//858 
f 820//820 819//819 859//859 
f 819//819 858//858 859//859 
f 821//821 820//820 860//860 
f 820//820 859//859 860//860 
f 856//856 816//816 821//821 
f 860//860 856//856 821//821 
f 823//823 862//862 864//864 
f 826//826 823//823 864//864 
f 824//824 863//863 823//823 
f 823//823 863//863 862//862 
f 831//831 865//865 863//863 
f 831//831 863//863 825//825 
f 825//825 863//863 824//824 
f 825//825 827//827 831//831 
f 828//828 866//866 872//872 
f 832//832 828//828 872//872 
f 864//864 828//828 826//826 
f 866//866 828//828 864//864 
f 831//831 867//867 865//865 
f 827//827 867//867 831//831 
f 827//827 829//829 867//867 
f 829//829 868//868 867//867 
f 830//830 869//869 829//829 
f 829//829 869//869 868//868 
f 869//869 830//830 833//833 
f 873//873 869//869 833//833 
f 834//834 838//838 836//836 
f 834//834 877//877 838//838 
f 834//834 832//832 877//877 
f 832//832 872//872 877//877 
f 839//839 833//833 835//835 
f 839//839 878//878 833//833 
f 878//878 873//873 833//833 
f 835//835 837//837 839//839 
f 838//838 879//879 881//881 
f 838//838 881//881 836//836 
f 836//836 881//881 840//840 
f 877//877 879//879 838//838 
f 839//839 880//880 878//878 
f 880//880 839//839 837//837 
f 880//880 837//837 882//882 
f 882//882 837//837 841//841 
f 840//840 881//881 842//842 
f 881//881 885//885 842//842 
f 841//841 843//843 882//882 
f 882//882 843//843 886//886 
f 887//887 847//847 844//844 
f 887//887 844//844 885//885 
f 885//885 844//844 842//842 
f 887//887 890//890 847//847 
f 843//843 845//845 886//886 
f 886//886 845//845 891//891 
f 844//844 847//847 846//846 
f 848//848 892//892 853//853 
f 846//846 892//892 848//848 
f 846//846 890//890 892//892 
f 846//846 847//847 890//890 
f 892//892 895//895 853//853 
f 854//854 896//896 893//893 
f 854//854 893//893 891//891 
f 854//854 891//891 849//849 
f 849//849 891//891 845//845 
f 848//848 853//853 850//850 
f 853//853 895//895 897//897 
f 853//853 897//897 850//850 
f 850//850 897//897 851//851 
f 897//897 855//855 851//851 
f 901//901 855//855 897//897 
f 861//861 902//902 898//898 
f 896//896 861//861 898//898 
f 854//854 861//861 896//896 
f 854//854 856//856 861//861 
f 854//854 852//852 856//856 
f 849//849 852//852 854//854 
f 855//855 901//901 903//903 
f 857//857 855//855 903//903 
f 858//858 857//857 904//904 
f 857//857 903//903 904//904 
f 859//859 858//858 905//905 
f 858//858 904//904 905//905 
f 902//902 861//861 860//860 
f 902//902 860//860 905//905 
f 905//905 860//860 859//859 
f 856//856 860//860 861//861 
f 862//862 870//870 864//864 
f 862//862 863//863 871//871 
f 870//870 862//862 871//871 
f 863//863 865//865 871//871 
f 866//866 874//874 872//872 
f 866//866 912//912 874//874 
f 864//864 912//912 866//866 
f 864//864 909//909 912//912 
f 864//864 870//870 909//909 
f 871//871 909//909 870//870 
f 910//910 909//909 871//871 
f 865//865 910//910 871//871 
f 865//865 867//867 910//910 
f 867//867 911//911 910//910 
f 875//875 913//913 911//911 
f 875//875 911//911 868//868 
f 868//868 911//911 867//867 
f 868//868 869//869 876//876 
f 875//875 868//868 876//876 
f 869//869 873//873 876//876 
f 874//874 914//914 920//920 
f 874//874 920//920 872//872 
f 872//872 920//920 877//877 
f 912//912 914//914 874//874 
f 875//875 915//915 913//913 
f 876//876 915//915 875//875 
f 916//916 915//915 876//876 
f 916//916 876//876 873//873 
f 916//916 873//873 921//921 
f 921//921 873//873 878//878 
f 879//879 883//883 881//881 
f 879//879 928//928 883//883 
f 879//879 877//877 928//928 
f 877//877 920//920 928//928 
f 884//884 878//878 880//880 
f 884//884 929//929 878//878 
f 929//929 921//921 878//878 
f 880//880 882//882 884//884 
f 883//883 888//888 885//885 
f 881//881 883//883 885//885 
f 933//933 883//883 928//928 
f 888//888 883//883 933//933 
f 889//889 929//929 884//884 
f 934//934 929//929 889//889 
f 882//882 886//886 889//889 
f 884//884 882//882 889//889 
f 885//885 888//888 887//887 
f 888//888 890//890 887//887 
f 888//888 933//933 890//890 
f 933//933 937//937 890//890 
f 894//894 934//934 889//889 
f 938//938 934//934 894//894 
f 886//886 891//891 894//894 
f 889//889 886//886 894//894 
f 890//890 937//937 939//939 
f 892//892 890//890 939//939 
f 895//895 940//940 899//899 
f 895//895 892//892 940//940 
f 892//892 939//939 940//940 
f 940//940 945//945 899//899 
f 900//900 946//946 941//941 
f 938//938 900//900 941//941 
f 894//894 900//900 938//938 
f 894//894 896//896 900//900 
f 894//894 893//893 896//896 
f 891//891 893//893 894//894 
f 895//895 899//899 897//897 
f 901//901 947//947 906//906 
f 897//897 947//947 901//901 
f 897//897 945//945 947//947 
f 897//897 899//899 945//945 
f 906//906 948//948 907//907 
f 947//947 948//948 906//906 
f 907//907 949//949 908//908 
f 948//948 949//949 907//907 
f 946//946 908//908 949//949 
f 900//900 908//908 946//946 
f 900//900 902//902 908//908 
f 900//900 898//898 902//902 
f 896//896 898//898 900//900 
f 901//901 906//906 903//903 
f 904//904 903//903 906//906 
f 907//907 904//904 906//906 
f 905//905 904//904 907//907 
f 908//908 905//905 907//907 
f 902//902 905//905 908//908 
f 909//909 917//917 912//912 
f 909//909 910//910 918//918 
f 917//917 909//909 918//918 
f 910//910 911//911 919//919 
f 918//918 910//910 919//919 
f 911//911 913//913 919//919 
f 914//914 922//922 920//920 
f 914//914 912//912 917//917 
f 914//914 917//917 922//922 
f 922//922 917//917 923//923 
f 918//918 924//924 917//917 
f 924//924 923//923 917//917 
f 919//919 925//925 918//918 
f 925//925 924//924 918//918 
f 913//913 915//915 926//926 
f 913//913 926//926 919//919 
f 919//919 926//926 925//925 
f 915//915 916//916 927//927 
f 926//926 915//915 927//927 
f 916//916 921//921 927//927 
f 922//922 930//930 928//928 
f 920//920 922//922 928//928 
f 923//923 931//931 922//922 
f 931//931 930//930 922//922 
f 956//956 924//924 953//953 
f 956//956 931//931 924//924 
f 931//931 923//923 924//924 
f 925//925 953//953 924//924 
f 954//954 953//953 925//925 
f 926//926 954//954 925//925 
f 955//955 954//954 926//926 
f 955//955 932//932 957//957 
f 955//955 926//926 932//932 
f 926//926 927//927 932//932 
f 921//921 929//929 932//932 
f 927//927 921//921 932//932 
f 930//930 935//935 933//933 
f 928//928 930//930 933//933 
f 962//962 931//931 958//958 
f 962//962 935//935 931//931 
f 935//935 930//930 931//931 
f 956//956 958//958 931//931 
f 936//936 957//957 932//932 
f 963//963 957//957 936//936 
f 929//929 934//934 936//936 
f 932//932 929//929 936//936 
f 935//935 942//942 937//937 
f 933//933 935//935 937//937 
f 969//969 935//935 962//962 
f 942//942 935//935 969//969 
f 943//943 970//970 964//964 
f 963//963 943//943 964//964 
f 963//963 936//936 943//943 
f 936//936 944//944 943//943 
f 934//934 938//938 944//944 
f 936//936 934//934 944//944 
f 937//937 942//942 939//939 
f 942//942 969//969 971//971 
f 942//942 971//971 939//939 
f 939//939 971//971 940//940 
f 945//945 972//972 950//950 
f 945//945 940//940 972//972 
f 940//940 971//971 972//972 
f 950//950 973//973 951//951 
f 972//972 973//973 950//950 
f 970//970 951//951 973//973 
f 970//970 943//943 951//951 
f 943//943 952//952 951//951 
f 941//941 946//946 952//952 
f 941//941 952//952 944//944 
f 944//944 952//952 943//943 
f 938//938 941//941 944//944 
f 945//945 950//950 947//947 
f 948//948 947//947 950//950 
f 951//951 948//948 950//950 
f 949//949 948//948 951//951 
f 952//952 949//949 951//951 
f 946//946 949//949 952//952 
f 953//953 959//959 956//956 
f 953//953 954//954 960//960 
f 959//959 953//953 960//960 
f 954//954 955//955 961//961 
f 960//960 954//954 961//961 
f 955//955 957//957 961//961 
f 958//958 965//965 962//962 
f 958//958 956//956 959//959 
f 958//958 959//959 965//965 
f 965//965 959//959 966//966 
f 960//960 967//967 959//959 
f 967//967 966//966 959//959 
f 961//961 968//968 960//960 
f 968//968 967//967 960//960 
f 957//957 963//963 968//968 
f 961//961 957//957 968//968 
f 965//965 974//974 969//969 
f 962//962 965//965 969//969 
f 966//966 975//975 965//965 
f 975//975 974//974 965//965 
f 967//967 976//976 966//966 
f 976//976 975//975 966//966 
f 964//964 970//970 976//976 
f 964//964 976//976 968//968 
f 968//968 976//976 967//967 
f 963//963 964//964 968//968 
f 969//969 974//974 971//971 
f 972//972 971//971 974//974 
f 975//975 972//972 974//974 
f 973//973 972//972 975//975 
f 976//976 973//973 975//975 
f 970//970 973//973 976//976 
f 977//977 981//981 986//986 
f 981//981 977//977 987//987 
f 977//977 986//986 988//988 
f 989//989 994//994 978//978 
f 987//987 977//977 988//988 
f 989//989 978//978 995//995 
f 978//978 994//994 996//996 
f 995//995 978//978 996//996 
f 979//979 1004//1004 1008//1008 
f 979//979 980//980 1005//1005 
f 1004//1004 979//979 1005//1005 
f 1005//1005 980//980 1009//1009 
f 982//982 1010//1010 1014//1014 
f 1008//1008 1010//1010 982//982 
f 1008//1008 982//982 979//979 
f 979//979 982//982 983//983 
f 980//980 979//979 984//984 
f 984//984 979//979 983//983 
f 1011//1011 1009//1009 980//980 
f 1011//1011 980//980 985//985 
f 985//985 980//980 984//984 
f 1011//1011 985//985 1015//1015 
f 990//990 982//982 1014//1014 
f 1019//1019 990//990 1014//1014 
f 983//983 982//982 991//991 
f 991//991 982//982 990//990 
f 981//981 991//991 986//986 
f 981//981 984//984 991//991 
f 984//984 983//983 991//991 
f 987//987 984//984 981//981 
f 987//987 992//992 984//984 
f 992//992 985//985 984//984 
f 1016//1016 1015//1015 985//985 
f 1016//1016 985//985 993//993 
f 993//993 985//985 992//992 
f 1016//1016 993//993 1020//1020 
f 997//997 990//990 1019//1019 
f 1023//1023 997//997 1019//1019 
f 991//991 990//990 998//998 
f 998//998 990//990 997//997 
f 986//986 999//999 988//988 
f 986//986 991//991 999//999 
f 991//991 998//998 999//999 
f 988//988 992//992 987//987 
f 988//988 999//999 992//992 
f 989//989 992//992 994//994 
f 994//994 992//992 999//999 
f 995//995 992//992 989//989 
f 995//995 1000//1000 992//992 
f 1000//1000 993//993 992//992 
f 1024//1024 1020//1020 993//993 
f 1000//1000 1024//1024 993//993 
f 997//997 1023//1023 1025//1025 
f 1025//1025 1028//1028 1001//1001 
f 1025//1025 1001//1001 997//997 
f 997//997 1001//1001 998//998 
f 999//999 998//998 1002//1002 
f 1002//1002 998//998 1001//1001 
f 994//994 1003//1003 996//996 
f 994//994 999//999 1003//1003 
f 999//999 1002//1002 1003//1003 
f 996//996 1003//1003 1029//1029 
f 995//995 996//996 1029//1029 
f 995//995 1029//1029 1026//1026 
f 995//995 1026//1026 1000//1000 
f 1024//1024 1000//1000 1026//1026 
f 1001//1001 1028//1028 1030//1030 
f 1002//1002 1001//1001 1030//1030 
f 1031//1031 1002//1002 1030//1030 
f 1003//1003 1002//1002 1031//1031 
f 1032//1032 1003//1003 1031//1031 
f 1029//1029 1003//1003 1032//1032 
f 1006//1006 1037//1037 1039//1039 
f 1006//1006 1007//1007 1038//1038 
f 1037//1037 1006//1006 1038//1038 
f 1038//1038 1007//1007 1040//1040 
f 1012//1012 1041//1041 1046//1046 
f 1039//1039 1041//1041 1012//1012 
f 1006//1006 1039//1039 1012//1012 
f 1006//1006 1012//1012 1008//1008 
f 1006//1006 1008//1008 1004//1004 
f 1005//1005 1006//1006 1004//1004 
f 1007//1007 1006//1006 1005//1005 
f 1009//1009 1013//1013 1042//1042 
f 1005//1005 1009//1009 1042//1042 
f 1005//1005 1042//1042 1040//1040 
f 1005//1005 1040//1040 1007//1007 
f 1042//1042 1013//1013 1047//1047 
f 1017//1017 1048//1048 1052//1052 
f 1046//1046 1048//1048 1017//1017 
f 1012//1012 1046//1046 1017//1017 
f 1012//1012 1017//1017 1014//1014 
f 1012//1012 1014//1014 1010//1010 
f 1008//1008 1012//1012 1010//1010 
f 1009//1009 1011//1011 1013//1013 
f 1015//1015 1018//1018 1049//1049 
f 1011//1011 1015//1015 1049//1049 
f 1011//1011 1049//1049 1047//1047 
f 1011//1011 1047//1047 1013//1013 
f 1049//1049 1018//1018 1053//1053 
f 1021//1021 1017//1017 1052//1052 
f 1056//1056 1021//1021 1052//1052 
f 1014//1014 1021//1021 1019//1019 
f 1017//1017 1021//1021 1014//1014 
f 1015//1015 1016//1016 1018//1018 
f 1020//1020 1022//1022 1054//1054 
f 1016//1016 1020//1020 1054//1054 
f 1016//1016 1054//1054 1053//1053 
f 1016//1016 1053//1053 1018//1018 
f 1054//1054 1022//1022 1057//1057 
f 1027//1027 1021//1021 1056//1056 
f 1060//1060 1027//1027 1056//1056 
f 1019//1019 1027//1027 1023//1023 
f 1021//1021 1027//1027 1019//1019 
f 1022//1022 1061//1061 1058//1058 
f 1022//1022 1020//1020 1061//1061 
f 1020//1020 1024//1024 1061//1061 
f 1057//1057 1022//1022 1058//1058 
f 1027//1027 1060//1060 1062//1062 
f 1033//1033 1062//1062 1065//1065 
f 1025//1025 1062//1062 1033//1033 
f 1025//1025 1027//1027 1062//1062 
f 1025//1025 1023//1023 1027//1027 
f 1025//1025 1033//1033 1028//1028 
f 1026//1026 1029//1029 1034//1034 
f 1026//1026 1034//1034 1066//1066 
f 1026//1026 1066//1066 1024//1024 
f 1024//1024 1066//1066 1061//1061 
f 1033//1033 1065//1065 1067//1067 
f 1035//1035 1067//1067 1072//1072 
f 1030//1030 1067//1067 1035//1035 
f 1030//1030 1033//1033 1067//1067 
f 1030//1030 1028//1028 1033//1033 
f 1030//1030 1036//1036 1031//1031 
f 1035//1035 1036//1036 1030//1030 
f 1073//1073 1031//1031 1036//1036 
f 1073//1073 1068//1068 1031//1031 
f 1068//1068 1032//1032 1031//1031 
f 1034//1034 1029//1029 1032//1032 
f 1034//1034 1032//1032 1069//1069 
f 1069//1069 1032//1032 1068//1068 
f 1066//1066 1034//1034 1069//1069 
f 1035//1035 1072//1072 1074//1074 
f 1036//1036 1035//1035 1074//1074 
f 1075//1075 1036//1036 1074//1074 
f 1073//1073 1036//1036 1075//1075 
f 1043//1043 1079//1079 1087//1087 
f 1043//1043 1039//1039 1037//1037 
f 1043//1043 1037//1037 1079//1079 
f 1079//1079 1037//1037 1080//1080 
f 1038//1038 1081//1081 1037//1037 
f 1037//1037 1081//1081 1080//1080 
f 1040//1040 1044//1044 1082//1082 
f 1040//1040 1082//1082 1038//1038 
f 1038//1038 1082//1082 1081//1081 
f 1044//1044 1045//1045 1083//1083 
f 1082//1082 1044//1044 1083//1083 
f 1083//1083 1045//1045 1088//1088 
f 1050//1050 1089//1089 1090//1090 
f 1087//1087 1089//1089 1050//1050 
f 1043//1043 1087//1087 1050//1050 
f 1043//1043 1050//1050 1046//1046 
f 1043//1043 1046//1046 1041//1041 
f 1039//1039 1043//1043 1041//1041 
f 1040//1040 1042//1042 1044//1044 
f 1047//1047 1044//1044 1042//1042 
f 1047//1047 1051//1051 1044//1044 
f 1051//1051 1045//1045 1044//1044 
f 1091//1091 1088//1088 1045//1045 
f 1051//1051 1091//1091 1045//1045 
f 1048//1048 1050//1050 1090//1090 
f 1048//1048 1090//1090 1052//1052 
f 1052//1052 1090//1090 1094//1094 
f 1046//1046 1050//1050 1048//1048 
f 1047//1047 1049//1049 1051//1051 
f 1053//1053 1055//1055 1092//1092 
f 1049//1049 1053//1053 1092//1092 
f 1049//1049 1092//1092 1091//1091 
f 1049//1049 1091//1091 1051//1051 
f 1092//1092 1055//1055 1095//1095 
f 1059//1059 1096//1096 1097//1097 
f 1059//1059 1094//1094 1096//1096 
f 1059//1059 1056//1056 1094//1094 
f 1056//1056 1052//1052 1094//1094 
f 1053//1053 1054//1054 1055//1055 
f 1055//1055 1054//1054 1057//1057 
f 1055//1055 1057//1057 1095//1095 
f 1095//1095 1057//1057 1098//1098 
f 1063//1063 1059//1059 1097//1097 
f 1099//1099 1063//1063 1097//1097 
f 1056//1056 1063//1063 1060//1060 
f 1059//1059 1063//1063 1056//1056 
f 1058//1058 1061//1061 1064//1064 
f 1058//1058 1064//1064 1100//1100 
f 1058//1058 1100//1100 1057//1057 
f 1057//1057 1100//1100 1098//1098 
f 1063//1063 1099//1099 1101//1101 
f 1070//1070 1101//1101 1102//1102 
f 1062//1062 1101//1101 1070//1070 
f 1062//1062 1063//1063 1101//1101 
f 1062//1062 1060//1060 1063//1063 
f 1062//1062 1070//1070 1065//1065 
f 1064//1064 1066//1066 1071//1071 
f 1061//1061 1066//1066 1064//1064 
f 1103//1103 1100//1100 1064//1064 
f 1071//1071 1103//1103 1064//1064 
f 1070//1070 1102//1102 1104//1104 
f 1076//1076 1104//1104 1106//1106 
f 1067//1067 1104//1104 1076//1076 
f 1067//1067 1070//1070 1104//1104 
f 1067//1067 1065//1065 1070//1070 
f 1067//1067 1076//1076 1072//1072 
f 1068//1068 1073//1073 1077//1077 
f 1068//1068 1078//1078 1069//1069 
f 1077//1077 1078//1078 1068//1068 
f 1069//1069 1078//1078 1107//1107 
f 1066//1066 1069//1069 1107//1107 
f 1066//1066 1107//1107 1105//1105 
f 1066//1066 1105//1105 1071//1071 
f 1103//1103 1071//1071 1105//1105 
f 1076//1076 1106//1106 1108//1108 
f 1072//1072 1076//1076 1108//1108 
f 1072//1072 1108//1108 1074//1074 
f 1074//1074 1108//1108 1109//1109 
f 1075//1075 1074//1074 1110//1110 
f 1074//1074 1109//1109 1110//1110 
f 1077//1077 1073//1073 1075//1075 
f 1077//1077 1075//1075 1111//1111 
f 1111//1111 1075//1075 1110//1110 
f 1078//1078 1077//1077 1111//1111 
f 1112//1112 1078//1078 1111//1111 
f 1107//1107 1078//1078 1112//1112 
f 1084//1084 1116//1116 1119//1119 
f 1084//1084 1085//1085 1117//1117 
f 1116//1116 1084//1084 1117//1117 
f 1085//1085 1086//1086 1118//1118 
f 1117//1117 1085//1085 1118//1118 
f 1118//1118 1086//1086 1120//1120 
f 1079//1079 1121//1121 1124//1124 
f 1087//1087 1079//1079 1124//1124 
f 1119//1119 1080//1080 1084//1084 
f 1119//1119 1121//1121 1080//1080 
f 1121//1121 1079//1079 1080//1080 
f 1081//1081 1084//1084 1080//1080 
f 1085//1085 1084//1084 1081//1081 
f 1082//1082 1085//1085 1081//1081 
f 1086//1086 1085//1085 1082//1082 
f 1086//1086 1122//1122 1120//1120 
f 1086//1086 1082//1082 1122//1122 
f 1082//1082 1083//1083 1122//1122 
f 1122//1122 1083//1083 1088//1088 
f 1125//1125 1122//1122 1088//1088 
f 1089//1089 1126//1126 1128//1128 
f 1090//1090 1089//1089 1128//1128 
f 1124//1124 1089//1089 1087//1087 
f 1126//1126 1089//1089 1124//1124 
f 1127//1127 1091//1091 1093//1093 
f 1127//1127 1125//1125 1091//1091 
f 1125//1125 1088//1088 1091//1091 
f 1127//1127 1093//1093 1129//1129 
f 1090//1090 1128//1128 1094//1094 
f 1128//1128 1131//1131 1094//1094 
f 1091//1091 1092//1092 1093//1093 
f 1093//1093 1092//1092 1095//1095 
f 1093//1093 1095//1095 1129//1129 
f 1129//1129 1095//1095 1132//1132 
f 1096//1096 1133//1133 1134//1134 
f 1097//1097 1096//1096 1134//1134 
f 1131//1131 1096//1096 1094//1094 
f 1133//1133 1096//1096 1131//1131 
f 1095//1095 1098//1098 1132//1132 
f 1132//1132 1098//1098 1135//1135 
f 1097//1097 1134//1134 1099//1099 
f 1134//1134 1136//1136 1099//1099 
f 1098//1098 1100//1100 1135//1135 
f 1135//1135 1100//1100 1137//1137 
f 1099//1099 1136//1136 1138//1138 
f 1101//1101 1099//1099 1138//1138 
f 1138//1138 1102//1102 1101//1101 
f 1140//1140 1102//1102 1138//1138 
f 1100//1100 1103//1103 1137//1137 
f 1137//1137 1103//1103 1141//1141 
f 1113//1113 1104//1104 1102//1102 
f 1113//1113 1102//1102 1144//1144 
f 1144//1144 1102//1102 1140//1140 
f 1104//1104 1113//1113 1106//1106 
f 1105//1105 1145//1145 1142//1142 
f 1107//1107 1145//1145 1105//1105 
f 1141//1141 1103//1103 1105//1105 
f 1142//1142 1141//1141 1105//1105 
f 1113//1113 1144//1144 1146//1146 
f 1106//1106 1113//1113 1146//1146 
f 1106//1106 1146//1146 1108//1108 
f 1108//1108 1146//1146 1147//1147 
f 1114//1114 1147//1147 1150//1150 
f 1114//1114 1109//1109 1147//1147 
f 1109//1109 1108//1108 1147//1147 
f 1109//1109 1115//1115 1110//1110 
f 1114//1114 1115//1115 1109//1109 
f 1151//1151 1110//1110 1115//1115 
f 1151//1151 1148//1148 1110//1110 
f 1148//1148 1111//1111 1110//1110 
f 1112//1112 1111//1111 1149//1149 
f 1111//1111 1148//1148 1149//1149 
f 1145//1145 1107//1107 1112//1112 
f 1149//1149 1145//1145 1112//1112 
f 1114//1114 1150//1150 1152//1152 
f 1115//1115 1114//1114 1152//1152 
f 1153//1153 1115//1115 1152//1152 
f 1151//1151 1115//1115 1153//1153 
f 1116//1116 1154//1154 1156//1156 
f 1119//1119 1116//1116 1156//1156 
f 1117//1117 1155//1155 1116//1116 
f 1116//1116 1155//1155 1154//1154 
f 1123//1123 1157//1157 1155//1155 
f 1123//1123 1155//1155 1118//1118 
f 1118//1118 1155//1155 1117//1117 
f 1118//1118 1120//1120 1123//1123 
f 1121//1121 1158//1158 1163//1163 
f 1124//1124 1121//1121 1163//1163 
f 1156//1156 1121//1121 1119//1119 
f 1158//1158 1121//1121 1156//1156 
f 1123//1123 1159//1159 1157//1157 
f 1120//1120 1159//1159 1123//1123 
f 1120//1120 1122//1122 1159//1159 
f 1122//1122 1160//1160 1159//1159 
f 1160//1160 1122//1122 1125//1125 
f 1164//1164 1160//1160 1125//1125 
f 1126//1126 1165//1165 1167//1167 
f 1128//1128 1126//1126 1167//1167 
f 1163//1163 1126//1126 1124//1124 
f 1165//1165 1126//1126 1163//1163 
f 1130//1130 1125//1125 1127//1127 
f 1130//1130 1168//1168 1125//1125 
f 1168//1168 1164//1164 1125//1125 
f 1127//1127 1129//1129 1130//1130 
f 1128//1128 1167//1167 1131//1131 
f 1167//1167 1170//1170 1131//1131 
f 1130//1130 1169//1169 1168//1168 
f 1169//1169 1130//1130 1129//1129 
f 1169//1169 1129//1129 1171//1171 
f 1171//1171 1129//1129 1132//1132 
f 1133//1133 1172//1172 1174//1174 
f 1134//1134 1133//1133 1174//1174 
f 1170//1170 1133//1133 1131//1131 
f 1172//1172 1133//1133 1170//1170 
f 1132//1132 1135//1135 1171//1171 
f 1171//1171 1135//1135 1175//1175 
f 1176//1176 1139//1139 1136//1136 
f 1176//1176 1136//1136 1174//1174 
f 1174//1174 1136//1136 1134//1134 
f 1176//1176 1179//1179 1139//1139 
f 1135//1135 1137//1137 1175//1175 
f 1175//1175 1137//1137 1180//1180 
f 1136//1136 1139//1139 1138//1138 
f 1139//1139 1140//1140 1138//1138 
f 1139//1139 1179//1179 1140//1140 
f 1179//1179 1183//1183 1140//1140 
f 1143//1143 1184//1184 1181//1181 
f 1143//1143 1181//1181 1180//1180 
f 1143//1143 1180//1180 1141//1141 
f 1141//1141 1180//1180 1137//1137 
f 1140//1140 1183//1183 1144//1144 
f 1183//1183 1185//1185 1144//1144 
f 1142//1142 1184//1184 1143//1143 
f 1142//1142 1145//1145 1184//1184 
f 1145//1145 1186//1186 1184//1184 
f 1141//1141 1142//1142 1143//1143 
f 1144//1144 1185//1185 1187//1187 
f 1146//1146 1144//1144 1187//1187 
f 1147//1147 1146//1146 1188//1188 
f 1146//1146 1187//1187 1188//1188 
f 1188//1188 1150//1150 1147//1147 
f 1193//1193 1150//1150 1188//1188 
f 1148//1148 1194//1194 1189//1189 
f 1151//1151 1194//1194 1148//1148 
f 1149//1149 1148//1148 1190//1190 
f 1148//1148 1189//1189 1190//1190 
f 1186//1186 1145//1145 1149//1149 
f 1190//1190 1186//1186 1149//1149 
f 1150//1150 1193//1193 1195//1195 
f 1152//1152 1150//1150 1195//1195 
f 1153//1153 1152//1152 1196//1196 
f 1152//1152 1195//1195 1196//1196 
f 1194//1194 1151//1151 1153//1153 
f 1196//1196 1194//1194 1153//1153 
f 1154//1154 1161//1161 1156//1156 
f 1154//1154 1155//1155 1162//1162 
f 1161//1161 1154//1154 1162//1162 
f 1155//1155 1157//1157 1162//1162 
f 1158//1158 1198//1198 1202//1202 
f 1163//1163 1158//1158 1202//1202 
f 1161//1161 1158//1158 1156//1156 
f 1161//1161 1199//1199 1158//1158 
f 1199//1199 1198//1198 1158//1158 
f 1162//1162 1199//1199 1161//1161 
f 1200//1200 1199//1199 1162//1162 
f 1157//1157 1200//1200 1162//1162 
f 1157//1157 1159//1159 1200//1200 
f 1159//1159 1201//1201 1200//1200 
f 1166//1166 1203//1203 1201//1201 
f 1166//1166 1201//1201 1160//1160 
f 1160//1160 1201//1201 1159//1159 
f 1160//1160 1164//1164 1166//1166 
f 1165//1165 1204//1204 1210//1210 
f 1167//1167 1165//1165 1210//1210 
f 1202//1202 1165//1165 1163//1163 
f 1204//1204 1165//1165 1202//1202 
f 1166//1166 1205//1205 1203//1203 
f 1205//1205 1166//1166 1164//1164 
f 1205//1205 1164//1164 1211//1211 
f 1211//1211 1164//1164 1168//1168 
f 1167//1167 1210//1210 1170//1170 
f 1210//1210 1214//1214 1170//1170 
f 1173//1173 1168//1168 1169//1169 
f 1173//1173 1215//1215 1168//1168 
f 1215//1215 1211//1211 1168//1168 
f 1169//1169 1171//1171 1173//1173 
f 1172//1172 1177//1177 1174//1174 
f 1172//1172 1217//1217 1177//1177 
f 1172//1172 1170//1170 1217//1217 
f 1170//1170 1214//1214 1217//1217 
f 1178//1178 1215//1215 1173//1173 
f 1218//1218 1215//1215 1178//1178 
f 1171//1171 1175//1175 1178//1178 
f 1173//1173 1171//1171 1178//1178 
f 1174//1174 1177//1177 1176//1176 
f 1177//1177 1179//1179 1176//1176 
f 1177//1177 1217//1217 1179//1179 
f 1217//1217 1220//1220 1179//1179 
f 1182//1182 1218//1218 1178//1178 
f 1221//1221 1218//1218 1182//1182 
f 1175//1175 1180//1180 1182//1182 
f 1178//1178 1175//1175 1182//1182 
f 1179//1179 1220//1220 1183//1183 
f 1220//1220 1223//1223 1183//1183 
f 1181//1181 1221//1221 1182//1182 
f 1181//1181 1184//1184 1221//1221 
f 1184//1184 1224//1224 1221//1221 
f 1180//1180 1181//1181 1182//1182 
f 1225//1225 1191//1191 1185//1185 
f 1225//1225 1185//1185 1223//1223 
f 1223//1223 1185//1185 1183//1183 
f 1225//1225 1229//1229 1191//1191 
f 1192//1192 1230//1230 1226//1226 
f 1192//1192 1226//1226 1224//1224 
f 1192//1192 1224//1224 1186//1186 
f 1186//1186 1224//1224 1184//1184 
f 1185//1185 1191//1191 1187//1187 
f 1191//1191 1229//1229 1231//1231 
f 1191//1191 1231//1231 1187//1187 
f 1187//1187 1231//1231 1188//1188 
f 1231//1231 1193//1193 1188//1188 
f 1236//1236 1193//1193 1231//1231 
f 1197//1197 1237//1237 1232//1232 
f 1197//1197 1189//1189 1194//1194 
f 1197//1197 1232//1232 1189//1189 
f 1232//1232 1233//1233 1189//1189 
f 1230//1230 1192//1192 1190//1190 
f 1230//1230 1190//1190 1233//1233 
f 1233//1233 1190//1190 1189//1189 
f 1186//1186 1190//1190 1192//1192 
f 1193//1193 1236//1236 1238//1238 
f 1195//1195 1193//1193 1238//1238 
f 1237//1237 1197//1197 1196//1196 
f 1237//1237 1196//1196 1238//1238 
f 1238//1238 1196//1196 1195//1195 
f 1194//1194 1196//1196 1197//1197 
f 1198//1198 1206//1206 1202//1202 
f 1198//1198 1199//1199 1207//1207 
f 1206//1206 1198//1198 1207//1207 
f 1199//1199 1200//1200 1208//1208 
f 1207//1207 1199//1199 1208//1208 
f 1200//1200 1201//1201 1209//1209 
f 1208//1208 1200//1200 1209//1209 
f 1201//1201 1203//1203 1209//1209 
f 1204//1204 1212//1212 1210//1210 
f 1204//1204 1244//1244 1212//1212 
f 1202//1202 1244//1244 1204//1204 
f 1202//1202 1240//1240 1244//1244 
f 1202//1202 1206//1206 1240//1240 
f 1207//1207 1240//1240 1206//1206 
f 1241//1241 1240//1240 1207//1207 
f 1208//1208 1241//1241 1207//1207 
f 1242//1242 1241//1241 1208//1208 
f 1209//1209 1242//1242 1208//1208 
f 1243//1243 1242//1242 1209//1209 
f 1213//1213 1245//1245 1243//1243 
f 1205//1205 1213//1213 1243//1243 
f 1205//1205 1243//1243 1209//1209 
f 1205//1205 1209//1209 1203//1203 
f 1205//1205 1211//1211 1213//1213 
f 1212//1212 1216//1216 1214//1214 
f 1210//1210 1212//1212 1214//1214 
f 1251//1251 1212//1212 1244//1244 
f 1216//1216 1212//1212 1251//1251 
f 1213//1213 1246//1246 1245//1245 
f 1246//1246 1213//1213 1211//1211 
f 1246//1246 1211//1211 1252//1252 
f 1252//1252 1211//1211 1215//1215 
f 1216//1216 1219//1219 1217//1217 
f 1214//1214 1216//1216 1217//1217 
f 1256//1256 1216//1216 1251//1251 
f 1219//1219 1216//1216 1256//1256 
f 1215//1215 1218//1218 1252//1252 
f 1252//1252 1218//1218 1257//1257 
f 1219//1219 1222//1222 1220//1220 
f 1217//1217 1219//1219 1220//1220 
f 1260//1260 1219//1219 1256//1256 
f 1222//1222 1219//1219 1260//1260 
f 1218//1218 1221//1221 1257//1257 
f 1257//1257 1221//1221 1261//1261 
f 1222//1222 1227//1227 1223//1223 
f 1220//1220 1222//1222 1223//1223 
f 1266//1266 1222//1222 1260//1260 
f 1227//1227 1222//1222 1266//1266 
f 1228//1228 1267//1267 1262//1262 
f 1228//1228 1262//1262 1261//1261 
f 1228//1228 1261//1261 1224//1224 
f 1224//1224 1261//1261 1221//1221 
f 1223//1223 1227//1227 1225//1225 
f 1229//1229 1268//1268 1234//1234 
f 1225//1225 1268//1268 1229//1229 
f 1225//1225 1266//1266 1268//1268 
f 1225//1225 1227//1227 1266//1266 
f 1268//1268 1274//1274 1234//1234 
f 1235//1235 1275//1275 1269//1269 
f 1267//1267 1235//1235 1269//1269 
f 1228//1228 1235//1235 1267//1267 
f 1228//1228 1230//1230 1235//1235 
f 1228//1228 1226//1226 1230//1230 
f 1224//1224 1226//1226 1228//1228 
f 1229//1229 1234//1234 1231//1231 
f 1236//1236 1276//1276 1239//1239 
f 1231//1231 1276//1276 1236//1236 
f 1231//1231 1274//1274 1276//1276 
f 1231//1231 1234//1234 1274//1274 
f 1239//1239 1232//1232 1237//1237 
f 1239//1239 1276//1276 1232//1232 
f 1276//1276 1277//1277 1232//1232 
f 1275//1275 1235//1235 1233//1233 
f 1275//1275 1233//1233 1277//1277 
f 1277//1277 1233//1233 1232//1232 
f 1230//1230 1233//1233 1235//1235 
f 1236//1236 1239//1239 1238//1238 
f 1237//1237 1238//1238 1239//1239 
f 1240//1240 1247//1247 1244//1244 
f 1240//1240 1241//1241 1248//1248 
f 1247//1247 1240//1240 1248//1248 
f 1241//1241 1242//1242 1249//1249 
f 1248//1248 1241//1241 1249//1249 
f 1242//1242 1243//1243 1250//1250 
f 1249//1249 1242//1242 1250//1250 
f 1243//1243 1245//1245 1250//1250 
f 1247//1247 1253//1253 1251//1251 
f 1244//1244 1247//1247 1251//1251 
f 1282//1282 1248//1248 1280//1280 
f 1282//1282 1253//1253 1248//1248 
f 1253//1253 1247//1247 1248//1248 
f 1249//1249 1280//1280 1248//1248 
f 1281//1281 1280//1280 1249//1249 
f 1281//1281 1254//1254 1283//1283 
f 1281//1281 1249//1249 1254//1254 
f 1249//1249 1250//1250 1254//1254 
f 1245//1245 1246//1246 1255//1255 
f 1245//1245 1255//1255 1250//1250 
f 1250//1250 1255//1255 1254//1254 
f 1246//1246 1252//1252 1255//1255 
f 1253//1253 1284//1284 1287//1287 
f 1253//1253 1287//1287 1251//1251 
f 1251//1251 1287//1287 1256//1256 
f 1282//1282 1284//1284 1253//1253 
f 1258//1258 1283//1283 1254//1254 
f 1288//1288 1283//1283 1258//1258 
f 1255//1255 1259//1259 1254//1254 
f 1259//1259 1258//1258 1254//1254 
f 1252//1252 1257//1257 1259//1259 
f 1255//1255 1252//1252 1259//1259 
f 1289//1289 1263//1263 1260//1260 
f 1289//1289 1260//1260 1287//1287 
f 1287//1287 1260//1260 1256//1256 
f 1289//1289 1293//1293 1263//1263 
f 1264//1264 1288//1288 1258//1258 
f 1294//1294 1288//1288 1264//1264 
f 1259//1259 1265//1265 1258//1258 
f 1265//1265 1264//1264 1258//1258 
f 1257//1257 1261//1261 1265//1265 
f 1259//1259 1257//1257 1265//1265 
f 1263//1263 1270//1270 1266//1266 
f 1260//1260 1263//1263 1266//1266 
f 1295//1295 1263//1263 1293//1293 
f 1295//1295 1271//1271 1263//1263 
f 1271//1271 1270//1270 1263//1263 
f 1271//1271 1296//1296 1272//1272 
f 1295//1295 1296//1296 1271//1271 
f 1294//1294 1272//1272 1296//1296 
f 1294//1294 1264//1264 1272//1272 
f 1264//1264 1273//1273 1272//1272 
f 1262//1262 1267//1267 1273//1273 
f 1262//1262 1273//1273 1265//1265 
f 1265//1265 1273//1273 1264//1264 
f 1261//1261 1262//1262 1265//1265 
f 1266//1266 1270//1270 1268//1268 
f 1274//1274 1268//1268 1270//1270 
f 1274//1274 1270//1270 1278//1278 
f 1278//1278 1270//1270 1271//1271 
f 1272//1272 1279//1279 1271//1271 
f 1279//1279 1278//1278 1271//1271 
f 1269//1269 1275//1275 1279//1279 
f 1269//1269 1279//1279 1273//1273 
f 1273//1273 1279//1279 1272//1272 
f 1267//1267 1269//1269 1273//1273 
f 1274//1274 1278//1278 1276//1276 
f 1277//1277 1276//1276 1278//1278 
f 1279//1279 1277//1277 1278//1278 
f 1275//1275 1277//1277 1279//1279 
f 1280//1280 1285//1285 1282//1282 
f 1280//1280 1281//1281 1286//1286 
f 1285//1285 1280//1280 1286//1286 
f 1281//1281 1283//1283 1286//1286 
f 1284//1284 1290//1290 1287//1287 
f 1284//1284 1282//1282 1285//1285 
f 1284//1284 1285//1285 1290//1290 
f 1290//1290 1285//1285 1291//1291 
f 1286//1286 1292//1292 1285//1285 
f 1292//1292 1291//1291 1285//1285 
f 1283//1283 1288//1288 1292//1292 
f 1286//1286 1283//1283 1292//1292 
f 1287//1287 1290//1290 1289//1289 
f 1293//1293 1289//1289 1290//1290 
f 1293//1293 1290//1290 1297//1297 
f 1297//1297 1290//1290 1291//1291 
f 1292//1292 1298//1298 1291//1291 
f 1298//1298 1297//1297 1291//1291 
f 1288//1288 1294//1294 1298//1298 
f 1292//1292 1288//1288 1298//1298 
f 1293//1293 1297//1297 1295//1295 
f 1296//1296 1295//1295 1297//1297 
f 1298//1298 1296//1296 1297//1297 
f 1294//1294 1296//1296 1298//1298 
f 1299//1299 1313//1313 1320//1320 
f 1299//1299 1300//1300 1314//1314 
f 1313//1313 1299//1299 1314//1314 
f 1300//1300 1301//1301 1315//1315 
f 1314//1314 1300//1300 1315//1315 
f 1301//1301 1302//1302 1316//1316 
f 1315//1315 1301//1301 1316//1316 
f 1316//1316 1302//1302 1321//1321 
f 1303//1303 1299//1299 1320//1320 
f 1322//1322 1303//1303 1320//1320 
f 1300//1300 1299//1299 1304//1304 
f 1304//1304 1299//1299 1303//1303 
f 1301//1301 1300//1300 1305//1305 
f 1305//1305 1300//1300 1304//1304 
f 1302//1302 1301//1301 1306//1306 
f 1306//1306 1301//1301 1305//1305 
f 1323//1323 1321//1321 1302//1302 
f 1306//1306 1323//1323 1302//1302 
f 1307//1307 1303//1303 1322//1322 
f 1326//1326 1307//1307 1322//1322 
f 1304//1304 1303//1303 1308//1308 
f 1308//1308 1303//1303 1307//1307 
f 1305//1305 1304//1304 1309//1309 
f 1309//1309 1304//1304 1308//1308 
f 1306//1306 1305//1305 1310//1310 
f 1310//1310 1305//1305 1309//1309 
f 1327//1327 1323//1323 1306//1306 
f 1310//1310 1327//1327 1306//1306 
f 1307//1307 1326//1326 1328//1328 
f 1328//1328 1332//1332 1311//1311 
f 1328//1328 1311//1311 1307//1307 
f 1307//1307 1311//1311 1308//1308 
f 1309//1309 1308//1308 1312//1312 
f 1312//1312 1308//1308 1311//1311 
f 1333//1333 1329//1329 1310//1310 
f 1333//1333 1310//1310 1312//1312 
f 1312//1312 1310//1310 1309//1309 
f 1327//1327 1310//1310 1329//1329 
f 1311//1311 1332//1332 1334//1334 
f 1312//1312 1311//1311 1334//1334 
f 1335//1335 1312//1312 1334//1334 
f 1333//1333 1312//1312 1335//1335 
f 1317//1317 1341//1341 1347//1347 
f 1317//1317 1318//1318 1342//1342 
f 1341//1341 1317//1317 1342//1342 
f 1318//1318 1319//1319 1343//1343 
f 1342//1342 1318//1318 1343//1343 
f 1343//1343 1319//1319 1348//1348 
f 1313//1313 1317//1317 1347//1347 
f 1313//1313 1347//1347 1320//1320 
f 1320//1320 1347//1347 1352//1352 
f 1314//1314 1317//1317 1313//1313 
f 1318//1318 1317//1317 1314//1314 
f 1315//1315 1318//1318 1314//1314 
f 1319//1319 1318//1318 1315//1315 
f 1319//1319 1349//1349 1348//1348 
f 1319//1319 1315//1315 1349//1349 
f 1315//1315 1316//1316 1349//1349 
f 1349//1349 1316//1316 1321//1321 
f 1353//1353 1349//1349 1321//1321 
f 1324//1324 1354//1354 1359//1359 
f 1324//1324 1352//1352 1354//1354 
f 1324//1324 1322//1322 1352//1352 
f 1322//1322 1320//1320 1352//1352 
f 1355//1355 1323//1323 1325//1325 
f 1355//1355 1353//1353 1323//1323 
f 1353//1353 1321//1321 1323//1323 
f 1355//1355 1325//1325 1360//1360 
f 1330//1330 1324//1324 1359//1359 
f 1363//1363 1330//1330 1359//1359 
f 1322//1322 1330//1330 1326//1326 
f 1324//1324 1330//1330 1322//1322 
f 1325//1325 1327//1327 1331//1331 
f 1323//1323 1327//1327 1325//1325 
f 1364//1364 1360//1360 1325//1325 
f 1331//1331 1364//1364 1325//1325 
f 1336//1336 1330//1330 1363//1363 
f 1367//1367 1336//1336 1363//1363 
f 1326//1326 1337//1337 1328//1328 
f 1326//1326 1330//1330 1337//1337 
f 1330//1330 1336//1336 1337//1337 
f 1328//1328 1337//1337 1332//1332 
f 1329//1329 1333//1333 1338//1338 
f 1329//1329 1338//1338 1368//1368 
f 1327//1327 1329//1329 1368//1368 
f 1327//1327 1368//1368 1365//1365 
f 1327//1327 1365//1365 1331//1331 
f 1364//1364 1331//1331 1365//1365 
f 1336//1336 1367//1367 1369//1369 
f 1337//1337 1336//1336 1369//1369 
f 1370//1370 1337//1337 1369//1369 
f 1339//1339 1370//1370 1373//1373 
f 1334//1334 1370//1370 1339//1339 
f 1334//1334 1337//1337 1370//1370 
f 1334//1334 1332//1332 1337//1337 
f 1334//1334 1340//1340 1335//1335 
f 1339//1339 1340//1340 1334//1334 
f 1335//1335 1340//1340 1374//1374 
f 1333//1333 1335//1335 1374//1374 
f 1333//1333 1374//1374 1371//1371 
f 1333//1333 1371//1371 1338//1338 
f 1368//1368 1338//1338 1371//1371 
f 1339//1339 1373//1373 1375//1375 
f 1340//1340 1339//1339 1375//1375 
f 1376//1376 1340//1340 1375//1375 
f 1374//1374 1340//1340 1376//1376 
f 1344//1344 1379//1379 1382//1382 
f 1344//1344 1345//1345 1380//1380 
f 1379//1379 1344//1344 1380//1380 
f 1345//1345 1346//1346 1381//1381 
f 1380//1380 1345//1345 1381//1381 
f 1381//1381 1346//1346 1383//1383 
f 1350//1350 1384//1384 1388//1388 
f 1382//1382 1384//1384 1350//1350 
f 1344//1344 1382//1382 1350//1350 
f 1344//1344 1350//1350 1347//1347 
f 1344//1344 1347//1347 1341//1341 
f 1342//1342 1344//1344 1341//1341 
f 1345//1345 1344//1344 1342//1342 
f 1343//1343 1345//1345 1342//1342 
f 1346//1346 1345//1345 1343//1343 
f 1348//1348 1351//1351 1385//1385 
f 1343//1343 1348//1348 1385//1385 
f 1343//1343 1385//1385 1383//1383 
f 1343//1343 1383//1383 1346//1346 
f 1385//1385 1351//1351 1389//1389 
f 1356//1356 1390//1390 1394//1394 
f 1388//1388 1390//1390 1356//1356 
f 1388//1388 1356//1356 1350//1350 
f 1350//1350 1356//1356 1357//1357 
f 1347//1347 1357//1357 1352//1352 
f 1350//1350 1357//1357 1347//1347 
f 1348//1348 1349//1349 1351//1351 
f 1353//1353 1358//1358 1391//1391 
f 1349//1349 1353//1353 1391//1391 
f 1349//1349 1391//1391 1389//1389 
f 1349//1349 1389//1389 1351//1351 
f 1391//1391 1358//1358 1395//1395 
f 1361//1361 1356//1356 1394//1394 
f 1397//1397 1361//1361 1394//1394 
f 1354//1354 1361//1361 1359//1359 
f 1354//1354 1357//1357 1361//1361 
f 1357//1357 1356//1356 1361//1361 
f 1352//1352 1357//1357 1354//1354 
f 1353//1353 1355//1355 1358//1358 
f 1360//1360 1362//1362 1396//1396 
f 1355//1355 1360//1360 1396//1396 
f 1355//1355 1396//1396 1395//1395 
f 1355//1355 1395//1395 1358//1358 
f 1396//1396 1362//1362 1398//1398 
f 1366//1366 1361//1361 1397//1397 
f 1400//1400 1366//1366 1397//1397 
f 1359//1359 1366//1366 1363//1363 
f 1361//1361 1366//1366 1359//1359 
f 1362//1362 1401//1401 1399//1399 
f 1362//1362 1360//1360 1401//1401 
f 1360//1360 1364//1364 1401//1401 
f 1398//1398 1362//1362 1399//1399 
f 1366//1366 1400//1400 1402//1402 
f 1402//1402 1363//1363 1366//1366 
f 1402//1402 1404//1404 1363//1363 
f 1404//1404 1367//1367 1363//1363 
f 1365//1365 1368//1368 1372//1372 
f 1365//1365 1372//1372 1405//1405 
f 1365//1365 1405//1405 1364//1364 
f 1364//1364 1405//1405 1401//1401 
f 1367//1367 1404//1404 1406//1406 
f 1369//1369 1367//1367 1406//1406 
f 1377//1377 1406//1406 1408//1408 
f 1377//1377 1370//1370 1406//1406 
f 1370//1370 1369//1369 1406//1406 
f 1370//1370 1377//1377 1373//1373 
f 1371//1371 1374//1374 1378//1378 
f 1371//1371 1378//1378 1409//1409 
f 1368//1368 1371//1371 1409//1409 
f 1368//1368 1409//1409 1407//1407 
f 1368//1368 1407//1407 1372//1372 
f 1405//1405 1372//1372 1407//1407 
f 1377//1377 1408//1408 1410//1410 
f 1373//1373 1377//1377 1410//1410 
f 1373//1373 1410//1410 1375//1375 
f 1375//1375 1410//1410 1411//1411 
f 1376//1376 1375//1375 1412//1412 
f 1375//1375 1411//1411 1412//1412 
f 1378//1378 1374//1374 1376//1376 
f 1378//1378 1376//1376 1413//1413 
f 1413//1413 1376//1376 1412//1412 
f 1409//1409 1378//1378 1413//1413 
f 1386//1386 1429//1429 1434//1434 
f 1386//1386 1382//1382 1379//1379 
f 1386//1386 1379//1379 1429//1429 
f 1429//1429 1379//1379 1430//1430 
f 1380//1380 1431//1431 1379//1379 
f 1379//1379 1431//1431 1430//1430 
f 1381//1381 1432//1432 1380//1380 
f 1380//1380 1432//1432 1431//1431 
f 1383//1383 1387//1387 1433//1433 
f 1383//1383 1433//1433 1381//1381 
f 1381//1381 1433//1433 1432//1432 
f 1433//1433 1387//1387 1435//1435 
f 1392//1392 1436//1436 1439//1439 
f 1434//1434 1436//1436 1392//1392 
f 1386//1386 1434//1434 1392//1392 
f 1386//1386 1392//1392 1388//1388 
f 1386//1386 1388//1388 1384//1384 
f 1382//1382 1386//1386 1384//1384 
f 1383//1383 1385//1385 1387//1387 
f 1389//1389 1393//1393 1437//1437 
f 1385//1385 1389//1389 1437//1437 
f 1385//1385 1437//1437 1435//1435 
f 1385//1385 1435//1435 1387//1387 
f 1437//1437 1393//1393 1440//1440 
f 1390//1390 1392//1392 1439//1439 
f 1390//1390 1439//1439 1394//1394 
f 1394//1394 1439//1439 1441//1441 
f 1388//1388 1392//1392 1390//1390 
f 1389//1389 1391//1391 1393//1393 
f 1393//1393 1391//1391 1395//1395 
f 1393//1393 1395//1395 1440//1440 
f 1440//1440 1395//1395 1442//1442 
f 1394//1394 1441//1441 1397//1397 
f 1441//1441 1444//1444 1397//1397 
f 1395//1395 1443//1443 1442//1442 
f 1396//1396 1443//1443 1395//1395 
f 1443//1443 1396//1396 1398//1398 
f 1445//1445 1443//1443 1398//1398 
f 1397//1397 1444//1444 1400//1400 
f 1444//1444 1447//1447 1400//1400 
f 1399//1399 1401//1401 1403//1403 
f 1399//1399 1403//1403 1448//1448 
f 1399//1399 1448//1448 1398//1398 
f 1398//1398 1448//1448 1445//1445 
f 1400//1400 1447//1447 1449//1449 
f 1402//1402 1400//1400 1449//1449 
f 1449//1449 1404//1404 1402//1402 
f 1451//1451 1404//1404 1449//1449 
f 1403//1403 1452//1452 1450//1450 
f 1403//1403 1401//1401 1452//1452 
f 1401//1401 1405//1405 1452//1452 
f 1448//1448 1403//1403 1450//1450 
f 1404//1404 1451//1451 1453//1453 
f 1406//1406 1404//1404 1453//1453 
f 1453//1453 1408//1408 1406//1406 
f 1455//1455 1408//1408 1453//1453 
f 1407//1407 1456//1456 1454//1454 
f 1409//1409 1456//1456 1407//1407 
f 1452//1452 1405//1405 1407//1407 
f 1454//1454 1452//1452 1407//1407 
f 1408//1408 1455//1455 1457//1457 
f 1410//1410 1408//1408 1457//1457 
f 1411//1411 1410//1410 1458//1458 
f 1410//1410 1457//1457 1458//1458 
f 1412//1412 1411//1411 1459//1459 
f 1411//1411 1458//1458 1459//1459 
f 1413//1413 1412//1412 1460//1460 
f 1412//1412 1459//1459 1460//1460 
f 1456//1456 1409//1409 1413//1413 
f 1460//1460 1456//1456 1413//1413 
f 1414//1414 1461//1461 1467//1467 
f 1414//1414 1415//1415 1462//1462 
f 1461//1461 1414//1414 1462//1462 
f 1415//1415 1416//1416 1463//1463 
f 1462//1462 1415//1415 1463//1463 
f 1463//1463 1416//1416 1468//1468 
f 1417//1417 1469//1469 1473//1473 
f 1467//1467 1469//1469 1417//1417 
f 1467//1467 1417//1417 1414//1414 
f 1414//1414 1417//1417 1418//1418 
f 1415//1415 1414//1414 1419//1419 
f 1419//1419 1414//1414 1418//1418 
f 1416//1416 1415//1415 1420//1420 
f 1420//1420 1415//1415 1419//1419 
f 1474//1474 1468//1468 1416//1416 
f 1420//1420 1474//1474 1416//1416 
f 1421//1421 1417//1417 1473//1473 
f 1477//1477 1421//1421 1473//1473 
f 1418//1418 1417//1417 1422//1422 
f 1422//1422 1417//1417 1421//1421 
f 1419//1419 1418//1418 1423//1423 
f 1423//1423 1418//1418 1422//1422 
f 1420//1420 1419//1419 1424//1424 
f 1424//1424 1419//1419 1423//1423 
f 1478//1478 1474//1474 1420//1420 
f 1424//1424 1478//1478 1420//1420 
f 1425//1425 1421//1421 1477//1477 
f 1481//1481 1425//1425 1477//1477 
f 1422//1422 1421//1421 1426//1426 
f 1426//1426 1421//1421 1425//1425 
f 1423//1423 1422//1422 1427//1427 
f 1427//1427 1422//1422 1426//1426 
f 1424//1424 1423//1423 1428//1428 
f 1428//1428 1423//1423 1427//1427 
f 1482//1482 1478//1478 1424//1424 
f 1428//1428 1482//1482 1424//1424 
f 1425//1425 1481//1481 1483//1483 
f 1426//1426 1425//1425 1483//1483 
f 1484//1484 1426//1426 1483//1483 
f 1427//1427 1426//1426 1484//1484 
f 1485//1485 1427//1427 1484//1484 
f 1428//1428 1427//1427 1485//1485 
f 1486//1486 1428//1428 1485//1485 
f 1482//1482 1428//1428 1486//1486 
f 1429//1429 1438//1438 1434//1434 
f 1496//1496 1438//1438 1429//1429 
f 1496//1496 1429//1429 1492//1492 
f 1492//1492 1429//1429 1430//1430 
f 1431//1431 1493//1493 1430//1430 
f 1430//1430 1493//1493 1492//1492 
f 1432//1432 1494//1494 1431//1431 
f 1431//1431 1494//1494 1493//1493 
f 1433//1433 1495//1495 1432//1432 
f 1432//1432 1495//1495 1494//1494 
f 1495//1495 1433//1433 1435//1435 
f 1497//1497 1495//1495 1435//1435 
f 1436//1436 1498//1498 1505//1505 
f 1439//1439 1436//1436 1505//1505 
f 1438//1438 1436//1436 1434//1434 
f 1438//1438 1499//1499 1436//1436 
f 1499//1499 1498//1498 1436//1436 
f 1496//1496 1499//1499 1438//1438 
f 1435//1435 1500//1500 1497//1497 
f 1437//1437 1500//1500 1435//1435 
f 1500//1500 1437//1437 1440//1440 
f 1506//1506 1500//1500 1440//1440 
f 1439//1439 1505//1505 1441//1441 
f 1505//1505 1508//1508 1441//1441 
f 1440//1440 1442//1442 1506//1506 
f 1506//1506 1442//1442 1509//1509 
f 1441//1441 1508//1508 1444//1444 
f 1508//1508 1510//1510 1444//1444 
f 1446//1446 1442//1442 1443//1443 
f 1446//1446 1511//1511 1442//1442 
f 1511//1511 1509//1509 1442//1442 
f 1443//1443 1445//1445 1446//1446 
f 1444//1444 1510//1510 1447//1447 
f 1510//1510 1513//1513 1447//1447 
f 1446//1446 1512//1512 1511//1511 
f 1512//1512 1446//1446 1445//1445 
f 1512//1512 1445//1445 1514//1514 
f 1514//1514 1445//1445 1448//1448 
f 1447//1447 1513//1513 1515//1515 
f 1449//1449 1447//1447 1515//1515 
f 1515//1515 1451//1451 1449//1449 
f 1518//1518 1451//1451 1515//1515 
f 1450//1450 1519//1519 1516//1516 
f 1452//1452 1519//1519 1450//1450 
f 1514//1514 1448//1448 1450//1450 
f 1516//1516 1514//1514 1450//1450 
f 1451//1451 1518//1518 1520//1520 
f 1453//1453 1451//1451 1520//1520 
f 1520//1520 1455//1455 1453//1453 
f 1523//1523 1455//1455 1520//1520 
f 1454//1454 1524//1524 1521//1521 
f 1456//1456 1524//1524 1454//1454 
f 1519//1519 1452//1452 1454//1454 
f 1521//1521 1519//1519 1454//1454 
f 1455//1455 1523//1523 1525//1525 
f 1457//1457 1455//1455 1525//1525 
f 1458//1458 1457//1457 1526//1526 
f 1457//1457 1525//1525 1526//1526 
f 1459//1459 1458//1458 1527//1527 
f 1458//1458 1526//1526 1527//1527 
f 1460//1460 1459//1459 1528//1528 
f 1459//1459 1527//1527 1528//1528 
f 1524//1524 1456//1456 1460//1460 
f 1528//1528 1524//1524 1460//1460 
f 1464//1464 1531//1531 1534//1534 
f 1464//1464 1465//1465 1532//1532 
f 1531//1531 1464//1464 1532//1532 
f 1465//1465 1466//1466 1533//1533 
f 1532//1532 1465//1465 1533//1533 
f 1533//1533 1466//1466 1535//1535 
f 1470//1470 1536//1536 1541//1541 
f 1534//1534 1536//1536 1470//1470 
f 1534//1534 1470//1470 1464//1464 
f 1464//1464 1470//1470 1471//1471 
f 1461//1461 1471//1471 1467//1467 
f 1461//1461 1465//1465 1471//1471 
f 1465//1465 1464//1464 1471//1471 
f 1462//1462 1465//1465 1461//1461 
f 1466//1466 1465//1465 1462//1462 
f 1466//1466 1537//1537 1535//1535 
f 1466//1466 1462//1462 1537//1537 
f 1462//1462 1463//1463 1537//1537 
f 1468//1468 1472//1472 1538//1538 
f 1468//1468 1538//1538 1463//1463 
f 1463//1463 1538//1538 1537//1537 
f 1538//1538 1472//1472 1542//1542 
f 1475//1475 1470//1470 1541//1541 
f 1543//1543 1475//1475 1541//1541 
f 1469//1469 1475//1475 1473//1473 
f 1469//1469 1471//1471 1475//1475 
f 1471//1471 1470//1470 1475//1475 
f 1467//1467 1471//1471 1469//1469 
f 1472//1472 1474//1474 1476//1476 
f 1468//1468 1474//1474 1472//1472 
f 1544//1544 1542//1542 1472//1472 
f 1476//1476 1544//1544 1472//1472 
f 1479//1479 1475//1475 1543//1543 
f 1546//1546 1479//1479 1543//1543 
f 1473//1473 1479//1479 1477//1477 
f 1475//1475 1479//1479 1473//1473 
f 1476//1476 1478//1478 1480//1480 
f 1474//1474 1478//1478 1476//1476 
f 1547//1547 1544//1544 1476//1476 
f 1480//1480 1547//1547 1476//1476 
f 1487//1487 1479//1479 1546//1546 
f 1550//1550 1487//1487 1546//1546 
f 1477//1477 1487//1487 1481//1481 
f 1479//1479 1487//1487 1477//1477 
f 1480//1480 1551//1551 1548//1548 
f 1480//1480 1478//1478 1551//1551 
f 1478//1478 1482//1482 1551//1551 
f 1547//1547 1480//1480 1548//1548 
f 1487//1487 1550//1550 1552//1552 
f 1488//1488 1552//1552 1555//1555 
f 1483//1483 1552//1552 1488//1488 
f 1483//1483 1487//1487 1552//1552 
f 1483//1483 1481//1481 1487//1487 
f 1483//1483 1489//1489 1484//1484 
f 1488//1488 1489//1489 1483//1483 
f 1484//1484 1490//1490 1485//1485 
f 1489//1489 1490//1490 1484//1484 
f 1485//1485 1491//1491 1486//1486 
f 1490//1490 1491//1491 1485//1485 
f 1486//1486 1491//1491 1556//1556 
f 1486//1486 1556//1556 1482//1482 
f 1482//1482 1556//1556 1551//1551 
f 1488//1488 1555//1555 1557//1557 
f 1489//1489 1488//1488 1557//1557 
f 1558//1558 1489//1489 1557//1557 
f 1490//1490 1489//1489 1558//1558 
f 1559//1559 1490//1490 1558//1558 
f 1491//1491 1490//1490 1559//1559 
f 1560//1560 1491//1491 1559//1559 
f 1556//1556 1491//1491 1560//1560 
f 1492//1492 1501//1501 1496//1496 
f 1492//1492 1493//1493 1502//1502 
f 1501//1501 1492//1492 1502//1502 
f 1493//1493 1494//1494 1503//1503 
f 1502//1502 1493//1493 1503//1503 
f 1494//1494 1495//1495 1504//1504 
f 1503//1503 1494//1494 1504//1504 
f 1495//1495 1497//1497 1504//1504 
f 1498//1498 1564//1564 1570//1570 
f 1505//1505 1498//1498 1570//1570 
f 1499//1499 1565//1565 1498//1498 
f 1498//1498 1565//1565 1564//1564 
f 1501//1501 1499//1499 1496//1496 
f 1501//1501 1566//1566 1499//1499 
f 1566//1566 1565//1565 1499//1499 
f 1502//1502 1566//1566 1501//1501 
f 1567//1567 1566//1566 1502//1502 
f 1503//1503 1567//1567 1502//1502 
f 1568//1568 1567//1567 1503//1503 
f 1504//1504 1568//1568 1503//1503 
f 1569//1569 1568//1568 1504//1504 
f 1507//1507 1571//1571 1569//1569 
f 1500//1500 1507//1507 1569//1569 
f 1500//1500 1569//1569 1504//1504 
f 1500//1500 1504//1504 1497//1497 
f 1500//1500 1506//1506 1507//1507 
f 1505//1505 1570//1570 1508//1508 
f 1570//1570 1575//1575 1508//1508 
f 1507//1507 1572//1572 1571//1571 
f 1572//1572 1507//1507 1506//1506 
f 1572//1572 1506//1506 1576//1576 
f 1576//1576 1506//1506 1509//1509 
f 1508//1508 1575//1575 1510//1510 
f 1575//1575 1579//1579 1510//1510 
f 1509//1509 1511//1511 1576//1576 
f 1576//1576 1511//1511 1580//1580 
f 1510//1510 1579//1579 1513//1513 
f 1579//1579 1583//1583 1513//1513 
f 1517//1517 1511//1511 1512//1512 
f 1517//1517 1584//1584 1511//1511 
f 1584//1584 1580//1580 1511//1511 
f 1512//1512 1514//1514 1517//1517 
f 1513//1513 1583//1583 1585//1585 
f 1515//1515 1513//1513 1585//1585 
f 1585//1585 1518//1518 1515//1515 
f 1589//1589 1518//1518 1585//1585 
f 1522//1522 1590//1590 1586//1586 
f 1584//1584 1522//1522 1586//1586 
f 1517//1517 1522//1522 1584//1584 
f 1517//1517 1519//1519 1522//1522 
f 1517//1517 1516//1516 1519//1519 
f 1514//1514 1516//1516 1517//1517 
f 1518//1518 1589//1589 1591//1591 
f 1520//1520 1518//1518 1591//1591 
f 1523//1523 1592//1592 1529//1529 
f 1523//1523 1520//1520 1592//1592 
f 1520//1520 1591//1591 1592//1592 
f 1592//1592 1596//1596 1529//1529 
f 1530//1530 1597//1597 1593//1593 
f 1590//1590 1530//1530 1593//1593 
f 1522//1522 1530//1530 1590//1590 
f 1522//1522 1524//1524 1530//1530 
f 1522//1522 1521//1521 1524//1524 
f 1519//1519 1521//1521 1522//1522 
f 1523//1523 1529//1529 1525//1525 
f 1529//1529 1596//1596 1598//1598 
f 1529//1529 1598//1598 1525//1525 
f 1525//1525 1598//1598 1526//1526 
f 1527//1527 1526//1526 1599//1599 
f 1526//1526 1598//1598 1599//1599 
f 1597//1597 1530//1530 1528//1528 
f 1597//1597 1528//1528 1599//1599 
f 1599//1599 1528//1528 1527//1527 
f 1524//1524 1528//1528 1530//1530 
f 1539//1539 1602//1602 1607//1607 
f 1539//1539 1534//1534 1531//1531 
f 1539//1539 1531//1531 1602//1602 
f 1602//1602 1531//1531 1603//1603 
f 1532//1532 1604//1604 1531//1531 
f 1531//1531 1604//1604 1603//1603 
f 1533//1533 1605//1605 1532//1532 
f 1532//1532 1605//1605 1604//1604 
f 1535//1535 1540//1540 1606//1606 
f 1535//1535 1606//1606 1533//1533 
f 1533//1533 1606//1606 1605//1605 
f 1606//1606 1540//1540 1608//1608 
f 1536//1536 1539//1539 1607//1607 
f 1536//1536 1607//1607 1541//1541 
f 1541//1541 1607//1607 1610//1610 
f 1534//1534 1539//1539 1536//1536 
f 1535//1535 1537//1537 1540//1540 
f 1540//1540 1609//1609 1608//1608 
f 1540//1540 1537//1537 1609//1609 
f 1537//1537 1538//1538 1609//1609 
f 1609//1609 1538//1538 1542//1542 
f 1611//1611 1609//1609 1542//1542 
f 1545//1545 1612//1612 1613//1613 
f 1545//1545 1610//1610 1612//1612 
f 1545//1545 1543//1543 1610//1610 
f 1543//1543 1541//1541 1610//1610 
f 1542//1542 1544//1544 1611//1611 
f 1611//1611 1544//1544 1614//1614 
f 1549//1549 1545//1545 1613//1613 
f 1615//1615 1549//1549 1613//1613 
f 1543//1543 1549//1549 1546//1546 
f 1545//1545 1549//1549 1543//1543 
f 1544//1544 1547//1547 1614//1614 
f 1614//1614 1547//1547 1616//1616 
f 1553//1553 1549//1549 1615//1615 
f 1617//1617 1553//1553 1615//1615 
f 1546//1546 1553//1553 1550//1550 
f 1549//1549 1553//1553 1546//1546 
f 1548//1548 1551//1551 1554//1554 
f 1548//1548 1554//1554 1618//1618 
f 1548//1548 1618//1618 1547//1547 
f 1547//1547 1618//1618 1616//1616 
f 1553//1553 1617//1617 1619//1619 
f 1561//1561 1619//1619 1621//1621 
f 1552//1552 1619//1619 1561//1561 
f 1552//1552 1553//1553 1619//1619 
f 1552//1552 1550//1550 1553//1553 
f 1552//1552 1561//1561 1555//1555 
f 1554//1554 1622//1622 1620//1620 
f 1554//1554 1551//1551 1622//1622 
f 1551//1551 1556//1556 1622//1622 
f 1618//1618 1554//1554 1620//1620 
f 1561//1561 1621//1621 1623//1623 
f 1555//1555 1561//1561 1623//1623 
f 1555//1555 1623//1623 1557//1557 
f 1557//1557 1623//1623 1624//1624 
f 1562//1562 1624//1624 1626//1626 
f 1562//1562 1558//1558 1624//1624 
f 1558//1558 1557//1557 1624//1624 
f 1558//1558 1563//1563 1559//1559 
f 1562//1562 1563//1563 1558//1558 
f 1627//1627 1559//1559 1563//1563 
f 1627//1627 1625//1625 1559//1559 
f 1625//1625 1560//1560 1559//1559 
f 1622//1622 1556//1556 1560//1560 
f 1625//1625 1622//1622 1560//1560 
f 1562//1562 1626//1626 1628//1628 
f 1563//1563 1562//1562 1628//1628 
f 1629//1629 1563//1563 1628//1628 
f 1627//1627 1563//1563 1629//1629 
f 1564//1564 1573//1573 1570//1570 
f 1564//1564 1565//1565 1574//1574 
f 1573//1573 1564//1564 1574//1574 
f 1635//1635 1574//1574 1565//1565 
f 1635//1635 1565//1565 1631//1631 
f 1631//1631 1565//1565 1566//1566 
f 1567//1567 1632//1632 1566//1566 
f 1566//1566 1632//1632 1631//1631 
f 1568//1568 1633//1633 1567//1567 
f 1567//1567 1633//1633 1632//1632 
f 1569//1569 1634//1634 1568//1568 
f 1568//1568 1634//1634 1633//1633 
f 1634//1634 1569//1569 1571//1571 
f 1636//1636 1634//1634 1571//1571 
f 1573//1573 1577//1577 1575//1575 
f 1570//1570 1573//1573 1575//1575 
f 1642//1642 1574//1574 1637//1637 
f 1642//1642 1577//1577 1574//1574 
f 1577//1577 1573//1573 1574//1574 
f 1635//1635 1637//1637 1574//1574 
f 1578//1578 1571//1571 1572//1572 
f 1578//1578 1643//1643 1571//1571 
f 1643//1643 1636//1636 1571//1571 
f 1572//1572 1576//1576 1578//1578 
f 1577//1577 1581//1581 1579//1579 
f 1575//1575 1577//1577 1579//1579 
f 1646//1646 1577//1577 1642//1642 
f 1581//1581 1577//1577 1646//1646 
f 1582//1582 1643//1643 1578//1578 
f 1647//1647 1643//1643 1582//1582 
f 1576//1576 1580//1580 1582//1582 
f 1578//1578 1576//1576 1582//1582 
f 1581//1581 1587//1587 1583//1583 
f 1579//1579 1581//1581 1583//1583 
f 1650//1650 1581//1581 1646//1646 
f 1587//1587 1581//1581 1650//1650 
f 1588//1588 1647//1647 1582//1582 
f 1651//1651 1647//1647 1588//1588 
f 1580//1580 1584//1584 1588//1588 
f 1582//1582 1580//1580 1588//1588 
f 1583//1583 1587//1587 1585//1585 
f 1589//1589 1652//1652 1594//1594 
f 1585//1585 1652//1652 1589//1589 
f 1585//1585 1650//1650 1652//1652 
f 1585//1585 1587//1587 1650//1650 
f 1652//1652 1657//1657 1594//1594 
f 1595//1595 1658//1658 1653//1653 
f 1651//1651 1595//1595 1653//1653 
f 1588//1588 1595//1595 1651//1651 
f 1588//1588 1590//1590 1595//1595 
f 1588//1588 1586//1586 1590//1590 
f 1584//1584 1586//1586 1588//1588 
f 1589//1589 1594//1594 1591//1591 
f 1594//1594 1657//1657 1659//1659 
f 1594//1594 1659//1659 1591//1591 
f 1591//1591 1659//1659 1592//1592 
f 1596//1596 1660//1660 1600//1600 
f 1596//1596 1592//1592 1660//1660 
f 1592//1592 1659//1659 1660//1660 
f 1600//1600 1661//1661 1601//1601 
f 1660//1660 1661//1661 1600//1600 
f 1658//1658 1601//1601 1661//1661 
f 1595//1595 1601//1601 1658//1658 
f 1595//1595 1597//1597 1601//1601 
f 1595//1595 1593//1593 1597//1597 
f 1590//1590 1593//1593 1595//1595 
f 1596//1596 1600//1600 1598//1598 
f 1599//1599 1598//1598 1600//1600 
f 1601//1601 1599//1599 1600//1600 
f 1597//1597 1599//1599 1601//1601 
f 1602//1602 1665//1665 1670//1670 
f 1607//1607 1602//1602 1670//1670 
f 1603//1603 1666//1666 1602//1602 
f 1602//1602 1666//1666 1665//1665 
f 1604//1604 1667//1667 1603//1603 
f 1603//1603 1667//1667 1666//1666 
f 1605//1605 1668//1668 1604//1604 
f 1604//1604 1668//1668 1667//1667 
f 1606//1606 1669//1669 1605//1605 
f 1605//1605 1669//1669 1668//1668 
f 1669//1669 1606//1606 1608//1608 
f 1671//1671 1669//1669 1608//1608 
f 1607//1607 1670//1670 1610//1610 
f 1670//1670 1674//1674 1610//1610 
f 1608//1608 1672//1672 1671//1671 
f 1609//1609 1672//1672 1608//1608 
f 1672//1672 1609//1609 1611//1611 
f 1675//1675 1672//1672 1611//1611 
f 1612//1612 1676//1676 1677//1677 
f 1613//1613 1612//1612 1677//1677 
f 1674//1674 1612//1612 1610//1610 
f 1676//1676 1612//1612 1674//1674 
f 1611//1611 1614//1614 1675//1675 
f 1675//1675 1614//1614 1678//1678 
f 1613//1613 1677//1677 1615//1615 
f 1677//1677 1679//1679 1615//1615 
f 1614//1614 1616//1616 1678//1678 
f 1678//1678 1616//1616 1680//1680 
f 1615//1615 1679//1679 1617//1617 
f 1679//1679 1681//1681 1617//1617 
f 1616//1616 1618//1618 1680//1680 
f 1680//1680 1618//1618 1682//1682 
f 1617//1617 1681//1681 1683//1683 
f 1619//1619 1617//1617 1683//1683 
f 1683//1683 1621//1621 1619//1619 
f 1686//1686 1621//1621 1683//1683 
f 1620//1620 1687//1687 1684//1684 
f 1622//1622 1687//1687 1620//1620 
f 1682//1682 1618//1618 1620//1620 
f 1684//1684 1682//1682 1620//1620 
f 1621//1621 1686//1686 1688//1688 
f 1623//1623 1621//1621 1688//1688 
f 1630//1630 1688//1688 1690//1690 
f 1630//1630 1624//1624 1688//1688 
f 1624//1624 1623//1623 1688//1688 
f 1624//1624 1630//1630 1626//1626 
f 1625//1625 1691//1691 1689//1689 
f 1627//1627 1691//1691 1625//1625 
f 1687//1687 1622//1622 1625//1625 
f 1689//1689 1687//1687 1625//1625 
f 1630//1630 1690//1690 1692//1692 
f 1626//1626 1630//1630 1692//1692 
f 1626//1626 1692//1692 1628//1628 
f 1628//1628 1692//1692 1693//1693 
f 1629//1629 1628//1628 1694//1694 
f 1628//1628 1693//1693 1694//1694 
f 1691//1691 1627//1627 1629//1629 
f 1694//1694 1691//1691 1629//1629 
f 1631//1631 1638//1638 1635//1635 
f 1631//1631 1632//1632 1639//1639 
f 1638//1638 1631//1631 1639//1639 
f 1632//1632 1633//1633 1640//1640 
f 1639//1639 1632//1632 1640//1640 
f 1633//1633 1634//1634 1641//1641 
f 1640//1640 1633//1633 1641//1641 
f 1634//1634 1636//1636 1641//1641 
f 1637//1637 1644//1644 1642//1642 
f 1637//1637 1698//1698 1644//1644 
f 1635//1635 1698//1698 1637//1637 
f 1635//1635 1695//1695 1698//1698 
f 1635//1635 1638//1638 1695//1695 
f 1639//1639 1695//1695 1638//1638 
f 1696//1696 1695//1695 1639//1639 
f 1640//1640 1696//1696 1639//1639 
f 1697//1697 1696//1696 1640//1640 
f 1697//1697 1645//1645 1699//1699 
f 1697//1697 1640//1640 1645//1645 
f 1640//1640 1641//1641 1645//1645 
f 1636//1636 1643//1643 1645//1645 
f 1641//1641 1636//1636 1645//1645 
f 1644//1644 1648//1648 1646//1646 
f 1642//1642 1644//1644 1646//1646 
f 1703//1703 1644//1644 1698//1698 
f 1648//1648 1644//1644 1703//1703 
f 1649//1649 1699//1699 1645//1645 
f 1704//1704 1699//1699 1649//1649 
f 1643//1643 1647//1647 1649//1649 
f 1645//1645 1643//1643 1649//1649 
f 1648//1648 1654//1654 1650//1650 
f 1646//1646 1648//1648 1650//1650 
f 1705//1705 1648//1648 1703//1703 
f 1705//1705 1655//1655 1648//1648 
f 1655//1655 1654//1654 1648//1648 
f 1705//1705 1709//1709 1655//1655 
f 1656//1656 1704//1704 1649//1649 
f 1710//1710 1704//1704 1656//1656 
f 1647//1647 1651//1651 1656//1656 
f 1649//1649 1647//1647 1656//1656 
f 1650//1650 1654//1654 1652//1652 
f 1657//1657 1652//1652 1654//1654 
f 1657//1657 1654//1654 1662//1662 
f 1662//1662 1654//1654 1655//1655 
f 1711//1711 1655//1655 1709//1709 
f 1711//1711 1663//1663 1655//1655 
f 1663//1663 1662//1662 1655//1655 
f 1663//1663 1712//1712 1664//1664 
f 1711//1711 1712//1712 1663//1663 
f 1710//1710 1664//1664 1712//1712 
f 1656//1656 1664//1664 1710//1710 
f 1656//1656 1658//1658 1664//1664 
f 1656//1656 1653//1653 1658//1658 
f 1651//1651 1653//1653 1656//1656 
f 1657//1657 1662//1662 1659//1659 
f 1660//1660 1659//1659 1662//1662 
f 1663//1663 1660//1660 1662//1662 
f 1661//1661 1660//1660 1663//1663 
f 1664//1664 1661//1661 1663//1663 
f 1658//1658 1661//1661 1664//1664 
f 1665//1665 1673//1673 1670//1670 
f 1719//1719 1673//1673 1665//1665 
f 1719//1719 1665//1665 1715//1715 
f 1715//1715 1665//1665 1666//1666 
f 1667//1667 1716//1716 1666//1666 
f 1666//1666 1716//1716 1715//1715 
f 1668//1668 1717//1717 1667//1667 
f 1667//1667 1717//1717 1716//1716 
f 1669//1669 1718//1718 1668//1668 
f 1668//1668 1718//1718 1717//1717 
f 1718//1718 1669//1669 1671//1671 
f 1720//1720 1718//1718 1671//1671 
f 1673//1673 1721//1721 1725//1725 
f 1673//1673 1725//1725 1670//1670 
f 1670//1670 1725//1725 1674//1674 
f 1719//1719 1721//1721 1673//1673 
f 1671//1671 1722//1722 1720//1720 
f 1672//1672 1722//1722 1671//1671 
f 1722//1722 1672//1672 1675//1675 
f 1726//1726 1722//1722 1675//1675 
f 1676//1676 1727//1727 1729//1729 
f 1677//1677 1676//1676 1729//1729 
f 1725//1725 1676//1676 1674//1674 
f 1727//1727 1676//1676 1725//1725 
f 1675//1675 1678//1678 1726//1726 
f 1726//1726 1678//1678 1730//1730 
f 1677//1677 1729//1729 1679//1679 
f 1729//1729 1732//1732 1679//1679 
f 1678//1678 1680//1680 1730//1730 
f 1730//1730 1680//1680 1733//1733 
f 1679//1679 1732//1732 1681//1681 
f 1732//1732 1735//1735 1681//1681 
f 1734//1734 1682//1682 1685//1685 
f 1734//1734 1733//1733 1682//1682 
f 1733//1733 1680//1680 1682//1682 
f 1734//1734 1685//1685 1736//1736 
f 1681//1681 1735//1735 1737//1737 
f 1683//1683 1681//1681 1737//1737 
f 1737//1737 1686//1686 1683//1683 
f 1742//1742 1686//1686 1737//1737 
f 1684//1684 1743//1743 1738//1738 
f 1687//1687 1743//1743 1684//1684 
f 1685//1685 1682//1682 1684//1684 
f 1685//1685 1684//1684 1739//1739 
f 1739//1739 1684//1684 1738//1738 
f 1736//1736 1685//1685 1739//1739 
f 1686//1686 1742//1742 1744//1744 
f 1688//1688 1686//1686 1744//1744 
f 1744//1744 1690//1690 1688//1688 
f 1746//1746 1690//1690 1744//1744 
f 1689//1689 1747//1747 1745//1745 
f 1691//1691 1747//1747 1689//1689 
f 1743//1743 1687//1687 1689//1689 
f 1745//1745 1743//1743 1689//1689 
f 1690//1690 1746//1746 1748//1748 
f 1692//1692 1690//1690 1748//1748 
f 1693//1693 1692//1692 1749//1749 
f 1692//1692 1748//1748 1749//1749 
f 1694//1694 1693//1693 1750//1750 
f 1693//1693 1749//1749 1750//1750 
f 1747//1747 1691//1691 1694//1694 
f 1750//1750 1747//1747 1694//1694 
f 1695//1695 1700//1700 1698//1698 
f 1695//1695 1696//1696 1701//1701 
f 1700//1700 1695//1695 1701//1701 
f 1696//1696 1697//1697 1702//1702 
f 1701//1701 1696//1696 1702//1702 
f 1697//1697 1699//1699 1702//1702 
f 1700//1700 1706//1706 1703//1703 
f 1698//1698 1700//1700 1703//1703 
f 1701//1701 1707//1707 1700//1700 
f 1707//1707 1706//1706 1700//1700 
f 1702//1702 1708//1708 1701//1701 
f 1708//1708 1707//1707 1701//1701 
f 1699//1699 1704//1704 1708//1708 
f 1702//1702 1699//1699 1708//1708 
f 1703//1703 1706//1706 1705//1705 
f 1709//1709 1705//1705 1706//1706 
f 1709//1709 1706//1706 1713//1713 
f 1713//1713 1706//1706 1707//1707 
f 1708//1708 1714//1714 1707//1707 
f 1714//1714 1713//1713 1707//1707 
f 1704//1704 1710//1710 1714//1714 
f 1708//1708 1704//1704 1714//1714 
f 1709//1709 1713//1713 1711//1711 
f 1712//1712 1711//1711 1713//1713 
f 1714//1714 1712//1712 1713//1713 
f 1710//1710 1712//1712 1714//1714 
f 1715//1715 1723//1723 1719//1719 
f 1756//1756 1723//1723 1715//1715 
f 1756//1756 1715//1715 1754//1754 
f 1754//1754 1715//1715 1716//1716 
f 1717//1717 1755//1755 1716//1716 
f 1716//1716 1755//1755 1754//1754 
f 1724//1724 1757//1757 1755//1755 
f 1724//1724 1755//1755 1718//1718 
f 1718//1718 1755//1755 1717//1717 
f 1718//1718 1720//1720 1724//1724 
f 1721//1721 1728//1728 1725//1725 
f 1721//1721 1763//1763 1728//1728 
f 1719//1719 1763//1763 1721//1721 
f 1719//1719 1758//1758 1763//1763 
f 1719//1719 1723//1723 1758//1758 
f 1756//1756 1758//1758 1723//1723 
f 1724//1724 1759//1759 1757//1757 
f 1720//1720 1759//1759 1724//1724 
f 1720//1720 1722//1722 1759//1759 
f 1722//1722 1760//1760 1759//1759 
f 1760//1760 1722//1722 1726//1726 
f 1764//1764 1760//1760 1726//1726 
f 1727//1727 1731//1731 1729//1729 
f 1727//1727 1767//1767 1731//1731 
f 1725//1725 1767//1767 1727//1727 
f 1725//1725 1765//1765 1767//1767 
f 1725//1725 1728//1728 1765//1765 
f 1763//1763 1765//1765 1728//1728 
f 1726//1726 1730//1730 1764//1764 
f 1764//1764 1730//1730 1768//1768 
f 1731//1731 1769//1769 1771//1771 
f 1731//1731 1771//1771 1729//1729 
f 1729//1729 1771//1771 1732//1732 
f 1767//1767 1769//1769 1731//1731 
f 1730//1730 1733//1733 1768//1768 
f 1768//1768 1733//1733 1772//1772 
f 1773//1773 1740//1740 1735//1735 
f 1773//1773 1735//1735 1771//1771 
f 1771//1771 1735//1735 1732//1732 
f 1773//1773 1775//1775 1740//1740 
f 1741//1741 1733//1733 1734//1734 
f 1741//1741 1776//1776 1733//1733 
f 1776//1776 1772//1772 1733//1733 
f 1734//1734 1736//1736 1741//1741 
f 1735//1735 1740//1740 1737//1737 
f 1740//1740 1742//1742 1737//1737 
f 1740//1740 1775//1775 1742//1742 
f 1775//1775 1780//1780 1742//1742 
f 1738//1738 1781//1781 1777//1777 
f 1743//1743 1781//1781 1738//1738 
f 1776//1776 1741//1741 1739//1739 
f 1776//1776 1739//1739 1777//1777 
f 1777//1777 1739//1739 1738//1738 
f 1736//1736 1739//1739 1741//1741 
f 1742//1742 1780//1780 1782//1782 
f 1744//1744 1742//1742 1782//1782 
f 1746//1746 1783//1783 1751//1751 
f 1746//1746 1744//1744 1783//1783 
f 1744//1744 1782//1782 1783//1783 
f 1751//1751 1784//1784 1752//1752 
f 1783//1783 1784//1784 1751//1751 
f 1752//1752 1785//1785 1753//1753 
f 1784//1784 1785//1785 1752//1752 
f 1753//1753 1745//1745 1747//1747 
f 1753//1753 1785//1785 1745//1745 
f 1785//1785 1786//1786 1745//1745 
f 1781//1781 1743//1743 1745//1745 
f 1786//1786 1781//1781 1745//1745 
f 1746//1746 1751//1751 1748//1748 
f 1749//1749 1748//1748 1751//1751 
f 1752//1752 1749//1749 1751//1751 
f 1750//1750 1749//1749 1752//1752 
f 1753//1753 1750//1750 1752//1752 
f 1747//1747 1750//1750 1753//1753 
f 1754//1754 1761//1761 1756//1756 
f 1754//1754 1755//1755 1762//1762 
f 1761//1761 1754//1754 1762//1762 
f 1755//1755 1757//1757 1762//1762 
f 1758//1758 1789//1789 1793//1793 
f 1763//1763 1758//1758 1793//1793 
f 1761//1761 1758//1758 1756//1756 
f 1761//1761 1790//1790 1758//1758 
f 1790//1790 1789//1789 1758//1758 
f 1762//1762 1790//1790 1761//1761 
f 1791//1791 1790//1790 1762//1762 
f 1757//1757 1791//1791 1762//1762 
f 1757//1757 1759//1759 1791//1791 
f 1759//1759 1792//1792 1791//1791 
f 1766//1766 1794//1794 1792//1792 
f 1766//1766 1792//1792 1760//1760 
f 1760//1760 1792//1792 1759//1759 
f 1760//1760 1764//1764 1766//1766 
f 1765//1765 1795//1795 1798//1798 
f 1767//1767 1765//1765 1798//1798 
f 1793//1793 1765//1765 1763//1763 
f 1795//1795 1765//1765 1793//1793 
f 1770//1770 1794//1794 1766//1766 
f 1799//1799 1794//1794 1770//1770 
f 1764//1764 1768//1768 1770//1770 
f 1766//1766 1764//1764 1770//1770 
f 1769//1769 1774//1774 1771//1771 
f 1769//1769 1803//1803 1774//1774 
f 1769//1769 1767//1767 1803//1803 
f 1767//1767 1798//1798 1803//1803 
f 1770//1770 1800//1800 1799//1799 
f 1800//1800 1770//1770 1768//1768 
f 1800//1800 1768//1768 1804//1804 
f 1804//1804 1768//1768 1772//1772 
f 1771//1771 1774//1774 1773//1773 
f 1775//1775 1805//1805 1778//1778 
f 1773//1773 1805//1805 1775//1775 
f 1773//1773 1803//1803 1805//1805 
f 1773//1773 1774//1774 1803//1803 
f 1805//1805 1810//1810 1778//1778 
f 1779//1779 1811//1811 1806//1806 
f 1779//1779 1806//1806 1804//1804 
f 1779//1779 1804//1804 1776//1776 
f 1776//1776 1804//1804 1772//1772 
f 1778//1778 1787//1787 1780//1780 
f 1775//1775 1778//1778 1780//1780 
f 1814//1814 1778//1778 1810//1810 
f 1787//1787 1778//1778 1814//1814 
f 1788//1788 1815//1815 1812//1812 
f 1811//1811 1788//1788 1812//1812 
f 1779//1779 1788//1788 1811//1811 
f 1779//1779 1781//1781 1788//1788 
f 1779//1779 1777//1777 1781//1781 
f 1776//1776 1777//1777 1779//1779 
f 1780//1780 1787//1787 1782//1782 
f 1787//1787 1814//1814 1816//1816 
f 1787//1787 1816//1816 1782//1782 
f 1782//1782 1816//1816 1783//1783 
f 1784//1784 1783//1783 1817//1817 
f 1783//1783 1816//1816 1817//1817 
f 1785//1785 1784//1784 1818//1818 
f 1784//1784 1817//1817 1818//1818 
f 1815//1815 1788//1788 1786//1786 
f 1815//1815 1786//1786 1818//1818 
f 1818//1818 1786//1786 1785//1785 
f 1781//1781 1786//1786 1788//1788 
f 1789//1789 1822//1822 1824//1824 
f 1793//1793 1789//1789 1824//1824 
f 1790//1790 1823//1823 1789//1789 
f 1789//1789 1823//1823 1822//1822 
f 1796//1796 1825//1825 1823//1823 
f 1796//1796 1823//1823 1791//1791 
f 1791//1791 1823//1823 1790//1790 
f 1791//1791 1792//1792 1797//1797 
f 1796//1796 1791//1791 1797//1797 
f 1792//1792 1794//1794 1797//1797 
f 1795//1795 1801//1801 1798//1798 
f 1795//1795 1829//1829 1801//1801 
f 1795//1795 1793//1793 1829//1829 
f 1793//1793 1824//1824 1829//1829 
f 1796//1796 1826//1826 1825//1825 
f 1826//1826 1802//1802 1830//1830 
f 1826//1826 1796//1796 1802//1802 
f 1796//1796 1797//1797 1802//1802 
f 1794//1794 1799//1799 1802//1802 
f 1797//1797 1794//1794 1802//1802 
f 1801//1801 1807//1807 1803//1803 
f 1798//1798 1801//1801 1803//1803 
f 1834//1834 1801//1801 1829//1829 
f 1807//1807 1801//1801 1834//1834 
f 1808//1808 1830//1830 1802//1802 
f 1835//1835 1830//1830 1808//1808 
f 1799//1799 1800//1800 1809//1809 
f 1799//1799 1809//1809 1802//1802 
f 1802//1802 1809//1809 1808//1808 
f 1800//1800 1804//1804 1809//1809 
f 1803//1803 1807//1807 1805//1805 
f 1807//1807 1810//1810 1805//1805 
f 1807//1807 1834//1834 1810//1810 
f 1834//1834 1839//1839 1810//1810 
f 1813//1813 1835//1835 1808//1808 
f 1840//1840 1835//1835 1813//1813 
f 1806//1806 1811//1811 1813//1813 
f 1806//1806 1813//1813 1809//1809 
f 1809//1809 1813//1813 1808//1808 
f 1804//1804 1806//1806 1809//1809 
f 1841//1841 1819//1819 1814//1814 
f 1841//1841 1814//1814 1839//1839 
f 1839//1839 1814//1814 1810//1810 
f 1819//1819 1842//1842 1820//1820 
f 1841//1841 1842//1842 1819//1819 
f 1820//1820 1843//1843 1821//1821 
f 1842//1842 1843//1843 1820//1820 
f 1840//1840 1821//1821 1843//1843 
f 1813//1813 1821//1821 1840//1840 
f 1813//1813 1815//1815 1821//1821 
f 1813//1813 1812//1812 1815//1815 
f 1811//1811 1812//1812 1813//1813 
f 1814//1814 1819//1819 1816//1816 
f 1817//1817 1816//1816 1819//1819 
f 1820//1820 1817//1817 1819//1819 
f 1818//1818 1817//1817 1820//1820 
f 1821//1821 1818//1818 1820//1820 
f 1815//1815 1818//1818 1821//1821 
f 1822//1822 1827//1827 1824//1824 
f 1822//1822 1823//1823 1828//1828 
f 1827//1827 1822//1822 1828//1828 
f 1823//1823 1825//1825 1828//1828 
f 1827//1827 1831//1831 1829//1829 
f 1824//1824 1827//1827 1829//1829 
f 1828//1828 1832//1832 1827//1827 
f 1832//1832 1831//1831 1827//1827 
f 1825//1825 1826//1826 1833//1833 
f 1825//1825 1833//1833 1828//1828 
f 1828//1828 1833//1833 1832//1832 
f 1826//1826 1830//1830 1833//1833 
f 1831//1831 1836//1836 1834//1834 
f 1829//1829 1831//1831 1834//1834 
f 1832//1832 1837//1837 1831//1831 
f 1837//1837 1836//1836 1831//1831 
f 1833//1833 1838//1838 1832//1832 
f 1838//1838 1837//1837 1832//1832 
f 1830//1830 1835//1835 1838//1838 
f 1833//1833 1830//1830 1838//1838 
f 1836//1836 1844//1844 1839//1839 
f 1834//1834 1836//1836 1839//1839 
f 1837//1837 1845//1845 1836//1836 
f 1845//1845 1844//1844 1836//1836 
f 1838//1838 1846//1846 1837//1837 
f 1846//1846 1845//1845 1837//1837 
f 1835//1835 1840//1840 1846//1846 
f 1838//1838 1835//1835 1846//1846 
f 1839//1839 1844//1844 1841//1841 
f 1842//1842 1841//1841 1844//1844 
f 1845//1845 1842//1842 1844//1844 
f 1843//1843 1842//1842 1845//1845 
f 1846//1846 1843//1843 1845//1845 
f 1840//1840 1843//1843 1846//1846 
