#  3D Slicer output. SPACE=LPS

mtllib Markers.mtl

v 58.55237579345703 39.51788330078125 103.51905059814453
v 59.58666229248047 39.43634033203125 103.65504455566406
v 60.49161911010742 39.42523193359375 103.8561782836914
v 61.09724807739258 39.46791076660156 104.04163360595703
v 56.70805358886719 40.15534591674805 103.66485595703125
v 57.637325286865234 40.04506301879883 103.46031188964844
v 58.48085403442383 40.35868453979492 103.31730651855469
v 59.26987838745117 40.23723602294922 103.40386199951172
v 60.178131103515625 40.1436882019043 103.6146469116211
v 60.95296096801758 40.01792907714844 103.90515899658203
v 56.426513671875 40.93260192871094 103.73043823242188
v 57.212215423583984 40.94388198852539 103.4759750366211
v 58.087039947509766 40.97700500488281 103.33197021484375
v 58.95646667480469 41.0359001159668 103.35100555419922
v 59.864295959472656 40.99390411376953 103.54637145996094
v 60.74269104003906 40.83943176269531 103.89055633544922
v 56.844051361083984 41.71015548706055 103.68541717529297
v 57.778743743896484 41.725181579589844 103.51969909667969
v 58.571739196777344 41.648372650146484 103.44261932373047
v 59.457542419433594 41.88999557495117 103.65602111816406
v 60.4301872253418 41.70862579345703 103.94281768798828
v 57.46688461303711 42.404727935791016 103.90583801269531
v 58.569644927978516 42.4176139831543 103.83773040771484
v 58.33134460449219 38.883846282958984 103.77728271484375
v 58.9780158996582 38.79862976074219 103.89471435546875
v 60.02067184448242 38.72987365722656 104.17181396484375
v 60.90528106689453 39.0045280456543 104.26770782470703
v 58.17176818847656 38.323951721191406 104.2684326171875
v 59.28196716308594 38.21648406982422 104.4388427734375
v 60.00410842895508 38.178680419921875 104.7042236328125
v 57.7566032409668 39.08162307739258 103.7431640625
v 61.38422775268555 39.29831314086914 104.33312225341797
v 56.32744216918945 39.519248962402344 103.9803695678711
v 56.94969940185547 39.34857177734375 103.78759765625
v 56.456974029541016 38.843109130859375 104.22051239013672
v 57.17292022705078 38.59718322753906 104.12097930908203
v 61.7162971496582 39.47987747192383 104.70307922363281
v 56.02302169799805 40.147308349609375 104.0467758178711
v 61.47282791137695 39.798492431640625 104.26221466064453
v 61.836917877197266 40.136863708496094 104.75189971923828
v 55.7890625 40.99700164794922 104.18050384521484
v 61.42814636230469 40.54414749145508 104.30087280273438
v 56.25692367553711 41.49998474121094 103.83377838134766
v 61.83511734008789 40.89532470703125 104.88568115234375
v 56.39328384399414 41.87094497680664 103.85429382324219
v 61.305728912353516 41.53617477416992 104.56771850585938
v 56.57633590698242 42.290748596191406 104.09989166259766
v 60.140899658203125 42.44823455810547 104.11257934570312
v 60.76899719238281 42.254173278808594 104.40324401855469
v 56.02941131591797 41.7866325378418 104.14486694335938
v 61.808738708496094 41.407230377197266 105.07910919189453
v 57.10030746459961 42.826351165771484 104.32877349853516
v 59.47925567626953 42.632572174072266 104.01484680175781
v 58.00037384033203 43.10277557373047 104.49671173095703
v 59.150238037109375 43.08863830566406 104.45706176757812
v 56.537254333496094 42.77027893066406 104.57112884521484
v 59.89479446411133 42.953590393066406 104.43649291992188
v 60.50821304321289 42.81731033325195 104.71231079101562
v 57.87265396118164 37.6337890625 105.14827728271484
v 58.882694244384766 37.781517028808594 104.98565673828125
v 59.6141357421875 37.8797607421875 104.96341705322266
v 57.34320831298828 38.04781723022461 104.55821228027344
v 60.21903991699219 37.94780349731445 105.31543731689453
v 56.167354583740234 38.41423797607422 104.73070526123047
v 56.70738220214844 38.203853607177734 104.5651626586914
v 60.73979949951172 38.470149993896484 104.88114929199219
v 61.38858413696289 38.97121810913086 104.75170135498047
v 56.44215393066406 37.86168670654297 105.14623260498047
v 57.034324645996094 37.75733947753906 104.98754119873047
v 55.832489013671875 39.18375015258789 104.5541763305664
v 61.75035095214844 39.17799758911133 105.17821502685547
v 55.419708251953125 40.08543395996094 104.62364196777344
v 61.978233337402344 39.711063385009766 105.29534149169922
v 55.190982818603516 40.830902099609375 104.83777618408203
v 62.08620071411133 40.43576431274414 105.41813659667969
v 54.78205108642578 40.70361328125 105.4200668334961
v 55.540283203125 41.50911331176758 104.58967590332031
v 62.03924560546875 41.15875244140625 105.52684020996094
v 55.86347579956055 42.27131652832031 104.80374908447266
v 61.71926498413086 41.8549919128418 105.53091430664062
v 55.08411407470703 41.46403884887695 105.34951782226562
v 56.288543701171875 42.91059875488281 105.03142547607422
v 61.13871383666992 42.41221237182617 105.04393005371094
v 57.01432418823242 43.23465347290039 104.98908233642578
v 57.872398376464844 43.65830612182617 105.34918975830078
v 58.82625198364258 43.583038330078125 105.1552963256836
v 59.948509216308594 43.36164474487305 105.25227355957031
v 60.78235626220703 42.969173431396484 105.40476989746094
v 55.867034912109375 42.75693893432617 105.45308685302734
v 57.819278717041016 43.94891357421875 105.99446868896484
v 58.51401138305664 43.94266128540039 105.86882019042969
v 59.35767364501953 43.84507751464844 105.8609848022461
v 56.30474090576172 37.60313415527344 105.65316009521484
v 57.04420471191406 37.33527755737305 105.78817749023438
v 58.02144241333008 37.22527313232422 105.99203491210938
v 58.77350997924805 37.40729522705078 105.77570343017578
v 59.57505798339844 37.630184173583984 105.57771301269531
v 56.19522476196289 37.2740478515625 106.39044189453125
v 56.98335647583008 36.92936325073242 106.58926391601562
v 55.74083709716797 38.19721984863281 105.47926330566406
v 60.25453186035156 37.756813049316406 106.12931823730469
v 60.865482330322266 38.198143005371094 105.80644989013672
v 61.40576934814453 38.72316360473633 105.47103118896484
v 55.3483772277832 37.803199768066406 106.45508575439453
v 55.17900848388672 39.25102233886719 105.26364135742188
v 61.837890625 39.227962493896484 105.86500549316406
v 54.968238830566406 38.60063934326172 106.06303405761719
v 54.8912467956543 40.09581756591797 105.26370239257812
v 62.099327087402344 39.9488525390625 106.0758056640625
v 54.5418701171875 40.21457290649414 105.84397888183594
v 54.64179992675781 39.487098693847656 105.94020080566406
v 54.532737731933594 40.827049255371094 106.08982849121094
v 62.18260955810547 40.72124481201172 106.17603302001953
v 54.753074645996094 41.605159759521484 106.3455810546875
v 62.07399368286133 41.42391586303711 106.2599105834961
v 55.342777252197266 42.25368881225586 105.7777099609375
v 61.785552978515625 42.04970932006836 106.51461791992188
v 55.730194091796875 42.84805679321289 106.26305389404297
v 61.310516357421875 42.59294509887695 105.94930267333984
v 56.36451721191406 43.20779800415039 105.69795227050781
v 57.122039794921875 43.68745422363281 105.94721984863281
v 60.6689338684082 43.23691177368164 106.26551055908203
v 57.51482009887695 43.99432373046875 106.42264556884766
v 60.006553649902344 43.6931266784668 106.11893463134766
v 58.177635192871094 44.092681884765625 106.6007080078125
v 59.01734161376953 44.04434585571289 106.50515747070312
v 59.652278900146484 43.917598724365234 106.47764587402344
v 57.0811767578125 43.85940933227539 106.67039489746094
v 56.118324279785156 36.88624954223633 107.32913970947266
v 56.72922897338867 36.7653694152832 107.10884094238281
v 55.61884307861328 37.273616790771484 107.02083587646484
v 57.28364562988281 36.7196159362793 107.07732391357422
v 55.099037170410156 37.67538070678711 107.23301696777344
v 57.749778747558594 36.93701934814453 106.72351837158203
v 58.68905258178711 37.149314880371094 106.65695190429688
v 59.531829833984375 37.42727279663086 106.43121337890625
v 57.72760772705078 36.72987365722656 107.42672729492188
v 54.830360412597656 38.211097717285156 106.77346801757812
v 60.22863006591797 37.69845199584961 107.0447769165039
v 60.793338775634766 38.0512809753418 106.61603546142578
v 61.39065933227539 38.63796615600586 106.49620819091797
v 54.492191314697266 38.93103790283203 106.72881317138672
v 61.869503021240234 39.40913009643555 106.75394439697266
v 61.51313400268555 38.95011520385742 107.35650634765625
v 54.21812057495117 39.95008087158203 106.7448959350586
v 62.08774948120117 40.270870208740234 106.99437713623047
v 53.889312744140625 39.79029846191406 107.50601196289062
v 61.765228271484375 39.62443542480469 107.63488006591797
v 54.24094772338867 40.91326141357422 107.09089660644531
v 62.16608810424805 40.998043060302734 106.8141098022461
v 53.873374938964844 40.2774772644043 107.4842300415039
v 54.61323547363281 41.67572784423828 107.22331237792969
v 62.03432846069336 41.52645492553711 107.02030944824219
v 55.110225677490234 42.277183532714844 106.76951599121094
v 61.780120849609375 41.977203369140625 107.25697326660156
v 61.89266586303711 41.557464599609375 107.60613250732422
v 55.60292053222656 42.82057571411133 107.28972625732422
v 61.319454193115234 42.59360885620117 107.04798889160156
v 56.4392204284668 43.43086242675781 106.84214782714844
v 60.71212387084961 43.21259307861328 107.3222885131836
v 57.00986862182617 43.82326889038086 107.21046447753906
v 60.16524887084961 43.66018295288086 106.84837341308594
v 57.54744338989258 44.03417205810547 107.06576538085938
v 58.150272369384766 44.09880447387695 107.2942886352539
v 58.78135681152344 44.05986022949219 107.21144104003906
v 59.533447265625 43.909236907958984 107.11973571777344
v 57.319984436035156 43.90550994873047 107.61092376708984
v 56.12681198120117 36.73966979980469 107.97169494628906
v 56.651546478271484 36.653072357177734 107.7770767211914
v 57.23727798461914 36.638797760009766 107.62109375
v 55.57207107543945 37.14646911621094 107.83695220947266
v 57.82440185546875 36.76655197143555 108.0782699584961
v 54.99250793457031 37.72697448730469 107.90201568603516
v 58.48887634277344 36.983829498291016 107.64252471923828
v 59.444732666015625 37.3299560546875 107.3984146118164
v 55.875885009765625 36.828853607177734 108.16524505615234
v 54.590614318847656 38.34934616088867 107.53593444824219
v 60.117835998535156 37.73617935180664 108.02275848388672
v 60.89211654663086 38.28913879394531 107.53764343261719
v 54.72251510620117 38.14215087890625 108.26126861572266
v 54.15589904785156 39.22539138793945 107.484375
v 61.24811935424805 39.03065872192383 108.18629455566406
v 53.88315963745117 39.58043670654297 108.00055694580078
v 53.7368049621582 39.98475646972656 107.84375762939453
v 61.48493194580078 39.98607635498047 108.45915222167969
v 61.903099060058594 40.293155670166016 107.80754852294922
v 53.735877990722656 40.321990966796875 107.98645782470703
v 62.022430419921875 40.95248794555664 107.53705596923828
v 53.92523193359375 40.69102096557617 107.77281951904297
v 61.756752014160156 41.256927490234375 108.06144714355469
v 53.88496780395508 40.641571044921875 108.19544219970703
v 61.758445739746094 40.70561218261719 108.18172454833984
v 54.310665130615234 41.227142333984375 108.0981674194336
v 61.489131927490234 41.940216064453125 107.95426940917969
v 55.00887680053711 42.1687126159668 107.88424682617188
v 55.56958770751953 42.727325439453125 108.12126922607422
v 60.9948844909668 42.71623229980469 107.94479370117188
v 56.11758804321289 43.14078903198242 107.9346694946289
v 56.893714904785156 43.56932067871094 107.91383361816406
v 60.6387939453125 43.14613723754883 107.92256927490234
v 55.91767120361328 42.86060333251953 108.59166717529297
v 60.488224029541016 42.90447998046875 108.49227142333984
v 57.51393127441406 43.78466796875 108.1090316772461
v 60.12355041503906 43.492103576660156 107.76724243164062
v 57.831844329833984 43.99003601074219 107.73096466064453
v 58.503726959228516 43.95511245727539 107.85794067382812
v 59.28048324584961 43.79506301879883 107.87222290039062
v 58.10939025878906 43.749576568603516 108.37116241455078
v 58.886905670166016 43.60131072998047 108.53559112548828
v 59.71504211425781 43.311004638671875 108.57232666015625
v 56.573612213134766 36.72885513305664 108.39067077636719
v 57.19392013549805 36.70976638793945 108.28997039794922
v 56.117088317871094 36.77043151855469 108.37311553955078
v 57.75065994262695 36.92724609375 108.7416000366211
v 55.81077575683594 37.045719146728516 108.49011993408203
v 58.45161056518555 37.093650817871094 108.6523208618164
v 59.36238098144531 37.397132873535156 108.44999694824219
v 56.31410217285156 36.99113845825195 108.8231201171875
v 57.105812072753906 37.0673713684082 109.05699920654297
v 55.27674102783203 37.70363998413086 108.64987182617188
v 59.975730895996094 37.75907897949219 108.65922546386719
v 54.74287033081055 38.310585021972656 108.72702026367188
v 60.470157623291016 38.33907699584961 108.77793884277344
v 55.9088134765625 37.37861633300781 109.03028106689453
v 56.4872932434082 37.48989486694336 109.46446990966797
v 59.74623107910156 37.830421447753906 109.15383911132812
v 54.34023666381836 38.944847106933594 108.42738342285156
v 60.93209457397461 39.28049850463867 109.03350067138672
v 53.947784423828125 39.66967010498047 108.46451568603516
v 54.651607513427734 38.64334487915039 108.94116973876953
v 60.431026458740234 38.889041900634766 109.5054931640625
v 53.740814208984375 39.98677444458008 108.2195053100586
v 61.02785110473633 40.08340835571289 109.18892669677734
v 53.78229522705078 40.32443618774414 108.3527603149414
v 53.88939666748047 40.076072692871094 108.56932067871094
v 60.54928207397461 39.62077331542969 109.6810531616211
v 54.09651565551758 40.57022476196289 108.6874771118164
v 61.25150680541992 41.06800079345703 108.7705307006836
v 60.59469985961914 40.58872985839844 109.65929412841797
v 54.4927978515625 41.169193267822266 109.01831817626953
v 60.93016815185547 42.17470169067383 108.67132568359375
v 54.831722259521484 41.754817962646484 108.8108901977539
v 55.477783203125 42.37055587768555 108.84080505371094
v 60.53950119018555 42.42641067504883 109.02075958251953
v 54.818939208984375 41.505393981933594 109.35648345947266
v 60.4227180480957 41.7822380065918 109.48703002929688
v 56.07036209106445 42.69535827636719 109.11641693115234
v 60.067630767822266 42.67771911621094 109.17042541503906
v 56.58064270019531 43.08218002319336 108.80146026611328
v 57.555660247802734 43.37807083129883 108.80644226074219
v 58.41244125366211 43.37641906738281 108.98213195800781
v 59.19803237915039 43.00553894042969 109.29102325439453
v 56.518035888671875 42.68545150756836 109.46019744873047
v 59.71338653564453 42.33992004394531 109.76668548583984
v 58.105308532714844 37.40349197387695 109.46780395507812
v 59.01757049560547 37.53550720214844 109.29640197753906
v 57.32589340209961 37.794654846191406 109.97852325439453
v 59.42094421386719 37.97185134887695 109.71570587158203
v 55.81840133666992 38.06404495239258 109.56885528564453
v 56.57164001464844 38.08479690551758 110.05470275878906
v 59.95151138305664 38.377647399902344 109.6326904296875
v 58.15180206298828 37.97542190551758 110.19112396240234
v 58.81147003173828 37.93360137939453 109.97126770019531
v 55.05182647705078 38.41230392456055 109.20687103271484
v 59.97428512573242 39.08429718017578 110.04200744628906
v 54.7436637878418 39.098384857177734 109.2472915649414
v 55.43021011352539 38.97333526611328 109.83541870117188
v 56.278564453125 38.81845474243164 110.37677764892578
v 58.62237548828125 38.58488845825195 110.56402587890625
v 59.37778854370117 38.50093460083008 110.16334533691406
v 54.3057861328125 39.840694427490234 108.97982788085938
v 59.98487091064453 40.007755279541016 110.21847534179688
v 55.08362579345703 39.96614456176758 109.79718780517578
v 55.90969467163086 39.66997528076172 110.42530059814453
v 59.255619049072266 39.36398696899414 110.5969467163086
v 54.571922302246094 40.61841583251953 109.36719512939453
v 59.95979309082031 41.019317626953125 110.17889404296875
v 54.749786376953125 41.155521392822266 109.5231704711914
v 55.116455078125 40.90704345703125 109.86519622802734
v 55.911582946777344 40.659366607666016 110.39178466796875
v 59.25545120239258 40.476924896240234 110.69542694091797
v 55.064205169677734 41.4127082824707 109.70249938964844
v 59.81853485107422 41.757450103759766 110.09479522705078
v 55.26213073730469 41.830039978027344 109.44943237304688
v 56.03854751586914 42.18764114379883 109.65780639648438
v 59.365997314453125 42.0482292175293 110.19676208496094
v 55.64471435546875 41.46530532836914 109.98497772216797
v 56.712364196777344 41.54658889770508 110.40800476074219
v 57.83597946166992 41.4706916809082 110.71018981933594
v 58.64871597290039 41.13452911376953 110.80228424072266
v 59.33057403564453 41.43463897705078 110.46446228027344
v 56.801788330078125 42.3481330871582 109.91297912597656
v 59.0759391784668 42.49441146850586 109.92341613769531
v 57.21001052856445 42.81624221801758 109.5257339477539
v 58.256526947021484 42.81535720825195 109.64378356933594
v 57.583621978759766 42.21976852416992 110.16667938232422
v 58.62290573120117 41.993526458740234 110.35009002685547
v 57.81886672973633 38.45184326171875 110.61480712890625
v 57.05842208862305 38.529624938964844 110.55735778808594
v 58.166053771972656 38.9507942199707 110.92964935302734
v 56.877384185791016 39.13059616088867 110.85172271728516
v 58.605953216552734 39.22709655761719 110.92911529541016
v 57.552207946777344 39.136680603027344 110.99678802490234
v 56.50192642211914 39.497169494628906 110.80762481689453
v 58.69887924194336 39.857078552246094 111.01277160644531
v 57.0877799987793 39.769901275634766 111.08905029296875
v 57.70429992675781 39.767276763916016 111.20726776123047
v 58.1607551574707 39.49916458129883 111.12952423095703
v 56.49119567871094 40.13752365112305 110.85960388183594
v 58.588966369628906 40.486515045166016 111.0378189086914
v 56.670814514160156 40.75851821899414 110.83087158203125
v 57.305206298828125 40.9069938659668 110.9694595336914
v 58.03309631347656 40.76515579223633 111.06917572021484
v 57.012351989746094 40.39677047729492 111.079345703125
v 57.55263137817383 40.30576705932617 111.19031524658203
v 58.1425666809082 40.12246322631836 111.19336700439453
v 45.35980987548828 -3.063387870788574 111.67095184326172
v 46.0825080871582 -3.131573438644409 111.70066833496094
v 46.66682815551758 -3.149503707885742 111.8275146484375
v 45.11606979370117 -2.339724063873291 111.66525268554688
v 45.835350036621094 -2.4222640991210938 111.64557647705078
v 46.53896713256836 -2.528059959411621 111.79398345947266
v 44.87429428100586 -1.6963632106781006 111.81756591796875
v 45.5711784362793 -1.7142665386199951 111.76045227050781
v 46.301395416259766 -1.7871568202972412 111.86897277832031
v 45.2403450012207 -1.114466667175293 112.05687713623047
v 45.98831558227539 -1.1270920038223267 112.08477783203125
v 29.558977127075195 73.16152954101562 114.8408203125
v 30.4042911529541 73.04229736328125 115.06085968017578
v 28.764005661010742 73.75897979736328 114.68657684326172
v 29.48659324645996 73.99889373779297 114.60515594482422
v 30.154369354248047 73.84149932861328 114.77095794677734
v 30.878244400024414 73.70454406738281 115.08423614501953
v 28.333600997924805 74.64852905273438 114.69022369384766
v 29.124513626098633 74.6270980834961 114.57341766357422
v 29.887773513793945 74.6427001953125 114.65715026855469
v 30.68067169189453 74.56632232666016 114.96434020996094
v 28.027482986450195 75.3890380859375 114.86524963378906
v 28.827089309692383 75.3626480102539 114.72893524169922
v 29.539207458496094 75.25591278076172 114.69186401367188
v 30.32560920715332 75.4629135131836 114.96391296386719
v 28.499361038208008 76.01231384277344 115.10296630859375
v 29.527259826660156 75.9902572631836 115.05982208251953
v 44.933433532714844 -3.6347498893737793 111.88091278076172
v 45.635643005371094 -3.7683444023132324 111.88007354736328
v 46.44823455810547 -3.7206897735595703 111.96766662597656
v 44.23474884033203 -4.590632438659668 112.49836730957031
v 45.00300598144531 -4.391109943389893 112.2632064819336
v 46.08618927001953 -4.420435905456543 112.33502197265625
v 47.14711380004883 -4.141239643096924 112.51531219482422
v 48.081504821777344 -4.031369209289551 112.979248046875
v 44.63734436035156 -2.9901857376098633 111.81473541259766
v 47.0479621887207 -3.4480161666870117 112.09101867675781
v 44.194278717041016 -3.80513596534729 112.21111297607422
v 47.73324203491211 -3.257826328277588 112.5238265991211
v 48.5084228515625 -3.342658042907715 113.14552307128906
v 44.46028518676758 -2.2329158782958984 111.84591674804688
v 47.14849853515625 -2.7908544540405273 112.06260681152344
v 43.9349365234375 -2.8276591300964355 112.13899230957031
v 47.65744400024414 -2.4150514602661133 112.43870544433594
v 48.29041290283203 -2.4622740745544434 112.95638275146484
v 44.41230010986328 -1.7419443130493164 111.93444061279297
v 47.091617584228516 -1.8792245388031006 112.23554992675781
v 44.458797454833984 -1.2610812187194824 112.1942367553711
v 43.90910339355469 -1.9339402914047241 112.22797393798828
v 47.842899322509766 -1.7163702249526978 112.79934692382812
v 49.61267852783203 -1.649925947189331 113.26033782958984
v 44.86848449707031 -0.7050537467002869 112.4523696899414
v 46.6469841003418 -1.2266592979431152 112.26070404052734
v 45.616790771484375 -0.5189333558082581 112.581298828125
v 46.4095344543457 -0.7280588150024414 112.52545928955078
v 44.32979202270508 -0.7501335144042969 112.64806365966797
v 29.34832763671875 72.55436706542969 115.07534790039062
v 29.981342315673828 72.30650329589844 115.35661315917969
v 29.054443359375 72.08649444580078 115.46637725830078
v 29.71625328063965 71.82653045654297 115.65078735351562
v 28.83065414428711 72.88195037841797 114.94926452636719
v 30.685321807861328 72.51215362548828 115.40894317626953
v 28.34134292602539 73.26807403564453 114.86970520019531
v 31.08725929260254 72.96276092529297 115.40665435791016
v 28.05045509338379 72.71669006347656 115.2488784790039
v 31.016626358032227 72.46648406982422 115.60809326171875
v 27.861656188964844 73.82130432128906 114.92997741699219
v 31.411970138549805 73.58612060546875 115.44681549072266
v 27.20939826965332 73.31285095214844 115.38833618164062
v 31.86711311340332 73.87732696533203 115.89632415771484
v 27.588909149169922 74.80876159667969 114.93525695800781
v 31.38800811767578 74.31046295166016 115.39179229736328
v 27.057846069335938 74.25897979736328 115.27850341796875
v 31.932167053222656 74.71973419189453 115.96353149414062
v 27.515247344970703 75.36043548583984 115.0209732055664
v 31.312503814697266 75.32804107666016 115.50350952148438
v 27.60387420654297 75.85990142822266 115.28690338134766
v 30.82976722717285 75.96420288085938 115.33711242675781
v 27.028751373291016 75.1835708618164 115.35828399658203
v 31.913597106933594 75.291748046875 116.0311050415039
v 28.105043411254883 76.42194366455078 115.527587890625
v 30.331890106201172 76.14877319335938 115.23085021972656
v 29.010448455810547 76.67401885986328 115.72175598144531
v 30.08899688720703 76.5809097290039 115.66244506835938
v 27.51885986328125 76.36919403076172 115.76961517333984
v 30.71681022644043 76.38624572753906 115.59903717041016
v 44.04835891723633 -4.93339204788208 112.7956771850586
v 44.61373519897461 -5.05473518371582 112.78279876708984
v 45.59034729003906 -5.089598655700684 112.81057739257812
v 46.746246337890625 -5.0450263023376465 113.0501708984375
v 47.741397857666016 -4.6789469718933105 113.18668365478516
v 43.99109649658203 -5.342889308929443 113.37024688720703
v 45.111915588378906 -5.575766086578369 113.37617492675781
v 46.11151885986328 -5.608039379119873 113.46128845214844
v 46.87248992919922 -5.585023403167725 113.6657485961914
v 43.610191345214844 -4.505845069885254 112.81180572509766
v 48.35162353515625 -4.444774627685547 113.36333465576172
v 48.72697067260742 -4.030213832855225 113.50245666503906
v 43.099483489990234 -4.945432662963867 113.43753051757812
v 48.62446975708008 -4.436129570007324 113.64675903320312
v 43.362274169921875 -3.497122287750244 112.61969757080078
v 49.0327262878418 -3.468712329864502 113.66764831542969
v 42.8192253112793 -4.114658355712891 113.23887634277344
v 49.30179977416992 -3.609365701675415 113.9582748413086
v 43.2983512878418 -2.5447514057159424 112.58494567871094
v 48.85417938232422 -2.6680538654327393 113.5584945678711
v 48.65626525878906 -2.191063404083252 113.32080078125
v 49.6126594543457 -1.6503335237503052 113.2607192993164
v 42.694454193115234 -3.1151742935180664 113.15045166015625
v 43.3736572265625 -1.919071912765503 112.62804412841797
v 48.45423126220703 -1.701622486114502 113.31790161132812
v 49.61228561401367 -1.649946689605713 113.26071166992188
v 49.613059997558594 -1.649946689605713 113.26075744628906
v 43.63397979736328 -1.2599780559539795 112.82218170166016
v 48.03481674194336 -1.1824373006820679 113.22308349609375
v 49.61265563964844 -1.649559736251831 113.26075744628906
v 42.8265266418457 -2.0926926136016846 113.15805053710938
v 48.817169189453125 -2.009589910507202 113.635009765625
v 49.61263656616211 -1.649967074394226 113.26112365722656
v 44.05769729614258 -0.6406536102294922 112.96533966064453
v 47.286415100097656 -0.8658100962638855 113.01084899902344
v 44.68245315551758 -0.2231869250535965 113.20789337158203
v 45.649532318115234 -0.005938683170825243 113.22521209716797
v 46.36537170410156 -0.24443042278289795 113.08580780029297
v 43.662410736083984 -0.606069028377533 113.4813461303711
v 47.96506118774414 -0.8344862461090088 113.50122833251953
v 49.368099212646484 -0.5899984836578369 114.948974609375
v 44.716976165771484 0.2685457468032837 114.08773803710938
v 45.38274002075195 0.30040183663368225 113.83497619628906
v 46.14702224731445 0.22578920423984528 113.74409484863281
v 28.71142578125 71.42469787597656 116.24125671386719
v 29.58806037902832 71.50314331054688 116.07365417480469
v 28.248218536376953 71.98307037353516 115.67039489746094
v 30.176467895507812 71.7020492553711 115.93961334228516
v 27.805320739746094 72.19532775878906 115.61319732666016
v 30.805095672607422 72.06014251708984 115.96171569824219
v 27.7231502532959 71.78768157958984 116.10845947265625
v 30.5660457611084 71.60969543457031 116.3162841796875
v 27.338401794433594 72.49556732177734 115.69255065917969
v 31.34364891052246 72.55452728271484 115.90715789794922
v 26.74698829650879 72.9459457397461 115.8448257446289
v 31.645572662353516 73.14862823486328 115.84889221191406
v 26.163818359375 72.41354370117188 116.74565124511719
v 26.78609848022461 72.23544311523438 116.34539031982422
v 31.770505905151367 72.75725555419922 116.33780670166016
v 26.546497344970703 73.70829772949219 115.76029205322266
v 32.1005744934082 73.33244323730469 116.4760971069336
v 26.18404769897461 73.0628433227539 116.35133361816406
v 26.48494529724121 74.60087585449219 115.75737762451172
v 32.40346908569336 74.1755599975586 116.65440368652344
v 26.03925323486328 74.02210998535156 116.32954406738281
v 32.77165603637695 74.59323120117188 117.2126235961914
v 26.548433303833008 75.2121810913086 115.8095474243164
v 32.35172653198242 75.14999389648438 116.7182388305664
v 26.831636428833008 75.84786224365234 115.99205780029297
v 31.802913665771484 75.75585174560547 116.21270751953125
v 26.149715423583984 75.00836181640625 116.42384338378906
v 32.74112319946289 75.0130615234375 117.30643463134766
v 27.254396438598633 76.5188980102539 116.2620849609375
v 31.236204147338867 76.14657592773438 115.83999633789062
v 28.031755447387695 76.83501434326172 116.19937896728516
v 28.923669815063477 77.23118591308594 116.56019592285156
v 29.89764404296875 77.12529754638672 116.5123519897461
v 30.855823516845703 76.68997955322266 116.3376693725586
v 26.802091598510742 76.33935546875 116.68589782714844
v 31.548763275146484 76.29400634765625 116.49705505371094
v 28.891122817993164 77.5139389038086 117.16141510009766
v 29.480182647705078 77.51599884033203 117.08878326416016
v 43.820587158203125 -5.8064351081848145 114.34373474121094
v 44.79043960571289 -5.912631034851074 114.10488891601562
v 45.75199508666992 -5.957437515258789 114.06273651123047
v 46.59661102294922 -5.881871700286865 114.10354614257812
v 43.29787826538086 -5.448695659637451 113.80278778076172
v 47.20402526855469 -5.700333595275879 114.12911987304688
v 42.83799743652344 -5.23694372177124 113.90604400634766
v 47.580726623535156 -5.256874084472656 113.79569244384766
v 48.29534149169922 -4.746921539306641 113.74351501464844
v 43.08515167236328 -5.554568290710449 114.25660705566406
v 47.64153289794922 -5.514545917510986 114.49332427978516
v 42.49020004272461 -4.6865620613098145 113.88032531738281
v 48.85334396362305 -4.291621685028076 114.12924194335938
v 49.1693115234375 -3.8819029331207275 113.87765502929688
v 42.112648010253906 -3.7560222148895264 113.90878295898438
v 49.35353469848633 -3.786879777908325 114.01885223388672
v 49.3353271484375 -3.644381284713745 114.17256927490234
v 41.61276626586914 -3.8495285511016846 114.56755828857422
v 49.25569152832031 -3.8891799449920654 114.15119171142578
v 42.1627082824707 -2.6993355751037598 113.74986267089844
v 49.19759750366211 -3.136387348175049 114.16857147216797
v 41.621864318847656 -3.125748634338379 114.44161224365234
v 42.31915283203125 -2.0302467346191406 113.7381362915039
v 49.047607421875 -2.080375909805298 114.28480529785156
v 42.707733154296875 -1.3126622438430786 113.84815979003906
v 48.790679931640625 -1.5350912809371948 113.87848663330078
v 49.316131591796875 -0.7055965065956116 114.87540435791016
v 41.85837173461914 -2.1512203216552734 114.3832778930664
v 43.16217041015625 -0.5569787621498108 114.19447326660156
v 48.40736389160156 -1.0689949989318848 113.74549102783203
v 49.194190979003906 -0.631812334060669 114.89680480957031
v 49.38971710205078 -0.6483688354492188 115.01519012451172
v 43.92781066894531 -0.053094860166311264 114.22756958007812
v 47.957889556884766 -0.4839172065258026 114.19895935058594
v 49.24725341796875 -0.5843756198883057 115.09278106689453
v 42.61575698852539 -0.8284820914268494 114.60667419433594
v 48.939414978027344 -1.0122288465499878 114.57177734375
v 44.482017517089844 0.3844650685787201 114.8106918334961
v 46.93989181518555 -0.06683605909347534 113.8128662109375
v 45.19330978393555 0.5143592953681946 114.606689453125
v 45.915863037109375 0.4876031279563904 114.44461822509766
v 46.546546936035156 0.3329286277294159 114.33476257324219
v 28.073387145996094 71.1735610961914 116.73904418945312
v 28.74724769592285 70.8613510131836 117.14364624023438
v 29.52446937561035 71.07747650146484 116.86511993408203
v 30.20972442626953 71.3575439453125 116.57222747802734
v 27.929838180541992 70.74022674560547 117.58434295654297
v 28.705198287963867 70.52983856201172 117.81000518798828
v 27.29707908630371 71.40914154052734 116.88371276855469
v 30.887189865112305 71.62036895751953 116.93993377685547
v 25.929412841796875 72.33598327636719 117.20038604736328
v 26.451068878173828 71.800537109375 117.19658660888672
v 31.458179473876953 72.23877716064453 116.6098861694336
v 27.01874351501465 71.09535217285156 117.65351867675781
v 25.842750549316406 72.78263854980469 116.8895263671875
v 32.01301193237305 72.7274398803711 117.06665802001953
v 25.717872619628906 73.39923858642578 116.9259033203125
v 32.52251434326172 73.44712829589844 117.3191909790039
v 32.784027099609375 74.0510025024414 117.30094146728516
v 32.86473083496094 73.79083251953125 117.70343017578125
v 25.67496681213379 74.231689453125 117.09870147705078
v 32.95783996582031 74.25055694580078 117.72803497314453
v 25.785480499267578 75.04100036621094 117.45796203613281
v 32.9088249206543 74.78951263427734 117.73522186279297
v 26.289939880371094 75.7799301147461 116.95458984375
v 32.60142517089844 75.36653137207031 117.6638412475586
v 26.623703002929688 76.3575210571289 117.51651000976562
v 32.0495491027832 75.92234802246094 117.06332397460938
v 27.37816619873047 76.83671569824219 117.04118347167969
v 28.261192321777344 77.26918029785156 117.03378295898438
v 30.663101196289062 77.15862274169922 117.36146545410156
v 31.458309173583984 76.56011199951172 117.29932403564453
v 28.614110946655273 77.5322265625 117.69393920898438
v 30.058868408203125 77.4710464477539 117.23774719238281
v 29.231409072875977 77.66140747070312 117.6316909790039
v 29.803447723388672 77.64757537841797 117.65699768066406
v 30.279470443725586 77.52064514160156 117.71307373046875
v 43.2119255065918 -5.68239688873291 115.04396057128906
v 44.02193069458008 -6.0112152099609375 115.20172882080078
v 44.700401306152344 -6.123036861419678 114.94365692138672
v 45.53936767578125 -6.159643650054932 114.78633880615234
v 46.371315002441406 -6.0720720291137695 114.76164245605469
v 47.1282844543457 -5.832306861877441 114.72563171386719
v 42.59614181518555 -5.220184803009033 114.4534683227539
v 47.767677307128906 -5.409022331237793 115.33738708496094
v 48.25033950805664 -4.976240634918213 114.55864715576172
v 42.44208908081055 -5.202805519104004 115.25418853759766
v 41.94915008544922 -4.543043613433838 114.67528533935547
v 48.75399398803711 -4.313406467437744 115.07805633544922
v 41.493690490722656 -4.118924617767334 114.95813751220703
v 41.60283279418945 -4.399730205535889 115.14701843261719
v 48.378761291503906 -4.838179111480713 115.41580200195312
v 41.31312942504883 -3.539964437484741 115.037109375
v 49.13434982299805 -3.6671745777130127 114.64910125732422
v 41.19390869140625 -2.719815969467163 115.20682525634766
v 49.13423538208008 -2.7297356128692627 115.0179214477539
v 40.83901596069336 -2.8598809242248535 115.62176513671875
v 41.52328872680664 -1.9654532670974731 115.13725280761719
v 49.129547119140625 -1.604359745979309 115.29366302490234
v 42.0517692565918 -1.3867706060409546 114.78627014160156
v 49.29389953613281 -0.8982996940612793 115.04975891113281
v 42.331966400146484 -0.8722380995750427 115.32536315917969
v 49.31308364868164 -0.7137279510498047 115.20189666748047
v 43.14020919799805 -0.3210410475730896 115.03714752197266
v 43.87295150756836 0.14964517951011658 115.11093139648438
v 47.87546920776367 -0.17223693430423737 115.32062530517578
v 48.722312927246094 -0.5353742241859436 115.08621215820312
v 49.03125762939453 -0.7031506896018982 115.47929382324219
v 49.20792007446289 -0.9704926013946533 115.4073257446289
v 44.33734130859375 0.38190242648124695 115.61750030517578
v 47.17668151855469 0.12019603699445724 114.7252197265625
v 45.00220489501953 0.5523445010185242 115.4041519165039
v 45.73605728149414 0.5636264085769653 115.2453842163086
v 46.47831344604492 0.43038150668144226 115.05608367919922
v 27.889429092407227 70.41496276855469 118.44669342041016
v 28.383949279785156 70.38384246826172 118.18688201904297
v 27.38074493408203 70.67831420898438 118.16108703613281
v 28.926040649414062 70.37548828125 118.4258804321289
v 26.841203689575195 70.9609375 118.41502380371094
v 29.44167137145996 70.68669891357422 117.8682861328125
v 30.253110885620117 71.09855651855469 117.4969482421875
v 26.451072692871094 71.4117202758789 117.94641876220703
v 30.942903518676758 71.4160385131836 118.13260650634766
v 25.943042755126953 72.05908203125 117.93109130859375
v 31.575286865234375 72.06355285644531 117.63528442382812
v 25.650497436523438 72.79058837890625 117.45292663574219
v 32.23409652709961 72.79044342041016 118.1507797241211
v 32.722110748291016 73.42292022705078 118.00895690917969
v 25.47386932373047 73.50142669677734 117.69852447509766
v 32.92476272583008 73.85519409179688 118.20101165771484
v 25.46441650390625 74.27142333984375 118.02372741699219
v 32.98749923706055 74.40615844726562 118.2710952758789
v 25.646272659301758 74.97093963623047 118.50237274169922
v 32.8797721862793 74.959228515625 118.2966079711914
v 26.065187454223633 75.71731567382812 118.00812530517578
v 32.62092590332031 75.40433502197266 118.4322509765625
v 32.761817932128906 75.06015014648438 118.81159210205078
v 26.522781372070312 76.2635726928711 118.56450653076172
v 32.079586029052734 76.00640869140625 118.1957778930664
v 27.17171287536621 76.79647827148438 118.14518737792969
v 27.920520782470703 77.23014068603516 117.84769439697266
v 31.14910888671875 76.8302993774414 118.49494171142578
v 28.480892181396484 77.46011352539062 118.41549682617188
v 30.586301803588867 77.36027526855469 118.09674072265625
v 29.052885055541992 77.64696502685547 118.21430206298828
v 29.552902221679688 77.69475555419922 118.09317779541016
v 30.086233139038086 77.5853271484375 118.26070404052734
v 30.52048110961914 77.3290786743164 118.6330337524414
v 43.87430191040039 -5.8917951583862305 116.00725555419922
v 44.685089111328125 -6.125964164733887 115.78756713867188
v 45.47178268432617 -6.197766304016113 115.58209228515625
v 46.14155197143555 -6.16193962097168 115.38228607177734
v 46.91498565673828 -5.9078898429870605 115.59453582763672
v 43.0380859375 -5.52588415145874 116.02214050292969
v 47.46140670776367 -5.456669807434082 116.29914093017578
v 41.87422561645508 -4.678268909454346 115.55560302734375
v 42.383758544921875 -5.12371826171875 115.95235443115234
v 43.576045989990234 -5.698953628540039 116.470703125
v 46.911617279052734 -5.816032886505127 116.39403533935547
v 41.41654968261719 -4.032934188842773 115.51628875732422
v 48.137142181396484 -4.833413600921631 116.21541595458984
v 48.59510803222656 -4.363781929016113 115.82437133789062
v 41.696563720703125 -4.27959680557251 116.11083221435547
v 42.144126892089844 -4.708991050720215 116.37396240234375
v 41.08488082885742 -3.2351553440093994 115.67266082763672
v 48.829681396484375 -3.4640896320343018 115.85569763183594
v 40.84607696533203 -2.881788969039917 115.84126281738281
v 48.46763610839844 -4.135513782501221 116.42781829833984
v 40.74464797973633 -2.7727510929107666 115.74846649169922
v 49.00605010986328 -2.4041364192962646 115.82999420166016
v 40.86750030517578 -2.6524667739868164 115.65171813964844
v 40.874576568603516 -2.67437481880188 115.8712158203125
v 41.22846984863281 -2.237448215484619 115.81291198730469
v 48.92955780029297 -1.8036296367645264 116.13670349121094
v 41.73586654663086 -1.4717891216278076 115.55994415283203
v 42.105098724365234 -1.0337461233139038 116.05472564697266
v 48.89849853515625 -1.135284423828125 115.98007202148438
v 42.76762771606445 -0.5468170046806335 115.97942352294922
v 43.66691589355469 -0.028930947184562683 115.99002838134766
v 47.669883728027344 -0.16344018280506134 116.10901641845703
v 48.38197708129883 -0.5692880153656006 116.04573822021484
v 48.518775939941406 -1.0062267780303955 116.57247924804688
v 44.33903884887695 0.2833692729473114 116.29789733886719
v 47.11328887939453 0.1604488343000412 115.6538314819336
v 44.84883499145508 0.46819233894348145 116.1454086303711
v 45.53399658203125 0.49212726950645447 116.05213928222656
v 46.32940673828125 0.3694026470184326 115.9233627319336
v 44.72305679321289 0.28805866837501526 116.69385528564453
v 27.92255210876465 70.3371353149414 119.20953369140625
v 28.42647361755371 70.27069091796875 118.8133544921875
v 27.36127281188965 70.5877456665039 118.88448333740234
v 28.982133865356445 70.34405517578125 119.18197631835938
v 26.820714950561523 70.99205017089844 119.29222869873047
v 29.473581314086914 70.51929473876953 118.77769470214844
v 30.197988510131836 70.8882827758789 118.67323303222656
v 26.301660537719727 71.46829223632812 118.70883178710938
v 30.852054595947266 71.29241943359375 119.0623550415039
v 25.826778411865234 72.14452362060547 118.92681121826172
v 31.500667572021484 71.95636749267578 118.9275894165039
v 30.416410446166992 71.03575134277344 119.55860137939453
v 25.541549682617188 72.78669738769531 118.27824401855469
v 32.109169006347656 72.8617935180664 119.37771606445312
v 32.649845123291016 73.38006591796875 118.6575698852539
v 25.381813049316406 73.5272445678711 118.58602905273438
v 32.85471725463867 73.98438262939453 118.7948226928711
v 32.553977966308594 73.58123016357422 119.2842788696289
v 25.423168182373047 74.2266616821289 118.9544677734375
v 32.87757110595703 74.57727813720703 118.8258056640625
v 32.643348693847656 74.81490325927734 119.25147247314453
v 32.62068557739258 74.2113037109375 119.3877182006836
v 25.640016555786133 74.78951263427734 119.41878509521484
v 32.361839294433594 75.42887115478516 119.14104461669922
v 26.069604873657227 75.54405212402344 119.27735900878906
v 25.851346969604492 75.06653594970703 119.79347229003906
v 26.608118057250977 76.16773986816406 119.43653106689453
v 31.784286499023438 76.12310791015625 119.25822448730469
v 27.090723037719727 76.60643005371094 119.15478515625
v 27.91120719909668 77.0649185180664 118.9250717163086
v 30.463428497314453 77.05625915527344 119.33415222167969
v 31.182146072387695 76.4892349243164 119.66101837158203
v 27.022541046142578 76.33416748046875 119.8860855102539
v 31.61528778076172 76.05936431884766 119.93940734863281
v 28.629728317260742 77.34130859375 119.06089782714844
v 30.11353874206543 77.45291137695312 118.86399841308594
v 28.967649459838867 77.54541015625 118.75029754638672
v 29.549030303955078 77.58839416503906 118.69383239746094
v 29.223915100097656 77.36125183105469 119.27188110351562
v 29.824668884277344 77.35813903808594 119.24105072021484
v 44.68092727661133 -5.963571071624756 116.591552734375
v 45.4370002746582 -6.057563781738281 116.41058349609375
v 46.27556610107422 -6.040421962738037 116.1814956665039
v 44.13898849487305 -5.662497520446777 116.9522933959961
v 46.63389587402344 -5.838833332061768 116.70172119140625
v 43.40208435058594 -5.398845672607422 116.86756896972656
v 46.98847961425781 -5.460636138916016 117.027587890625
v 44.72966003417969 -5.780940532684326 117.12144470214844
v 45.273136138916016 -5.792807579040527 117.14017486572266
v 46.158878326416016 -5.743406295776367 117.04344940185547
v 42.73064422607422 -5.12670373916626 116.6104965209961
v 47.647457122802734 -4.8984694480896 117.02190399169922
v 41.98134994506836 -4.046421051025391 116.87139892578125
v 42.58019256591797 -4.599937438964844 117.12095642089844
v 43.14633560180664 -4.968266010284424 117.26531982421875
v 47.169132232666016 -4.852902412414551 117.62651824951172
v 41.44047546386719 -3.6476833820343018 116.24425506591797
v 48.1019401550293 -4.336208343505859 116.94444274902344
v 48.28018569946289 -3.4714181423187256 117.0920181274414
v 41.731632232666016 -3.25469708442688 116.97582244873047
v 47.60600280761719 -4.113331317901611 117.70410919189453
v 41.22665786743164 -2.817164659500122 116.27405548095703
v 48.637271881103516 -2.422647714614868 116.69827270507812
v 41.849464416503906 -2.41823410987854 117.15254974365234
v 48.10658645629883 -2.522432804107666 117.60418701171875
v 41.50273895263672 -2.1303815841674805 116.50584411621094
v 48.635032653808594 -1.528501272201538 116.68119812011719
v 41.68381118774414 -1.5897303819656372 116.25853729248047
v 48.25914764404297 -1.181275725364685 117.03413391113281
v 41.95459747314453 -1.680046796798706 116.9126205444336
v 42.51906967163086 -1.7901114225387573 117.65107727050781
v 47.740482330322266 -1.9013521671295166 117.93147277832031
v 48.20642852783203 -1.7429503202438354 117.30335998535156
v 42.07799530029297 -1.210288166999817 116.59981536865234
v 48.14413833618164 -0.7978814244270325 116.81834411621094
v 42.47979736328125 -0.8446528911590576 116.54762268066406
v 43.23444366455078 -0.5813055038452148 116.89537811279297
v 44.26063919067383 -0.09307150542736053 116.97937774658203
v 47.7892951965332 -0.46821147203445435 116.6678466796875
v 42.52432632446289 -1.1570994853973389 117.0939712524414
v 43.21835708618164 -1.157847285270691 117.71724700927734
v 47.54289245605469 -0.9805348515510559 117.42432403564453
v 44.97854995727539 0.06316080689430237 117.16902160644531
v 47.025508880615234 -0.11406132578849792 116.62222290039062
v 45.2885856628418 0.3139588236808777 116.73423767089844
v 46.06224822998047 0.17642323672771454 116.74082946777344
v 45.650630950927734 -0.09269414097070694 117.3818588256836
v 46.524723052978516 -0.3768458962440491 117.43852233886719
v 28.021183013916016 70.3429183959961 119.7689208984375
v 28.431428909301758 70.27198791503906 119.49182891845703
v 27.51689910888672 70.65322875976562 119.85635375976562
v 28.88910484313965 70.41681671142578 119.82025909423828
v 26.898775100708008 71.1172103881836 120.05591583251953
v 29.642301559448242 70.68616485595703 119.70394897460938
v 27.972946166992188 70.46247100830078 120.1020278930664
v 28.3822078704834 70.42118072509766 120.07599639892578
v 26.328447341918945 71.6462173461914 119.79383850097656
v 30.244571685791016 71.15288543701172 120.28570556640625
v 25.81214714050293 72.34898376464844 119.66851043701172
v 30.883821487426758 71.51533508300781 119.85335540771484
v 31.407812118530273 72.19831085205078 120.06609344482422
v 26.75094985961914 71.40279388427734 120.38127899169922
v 25.524850845336914 72.85630798339844 119.15625
v 31.754865646362305 72.83949279785156 120.26004791259766
v 25.67806053161621 72.95478820800781 119.95104217529297
v 31.2767333984375 72.52751922607422 120.73655700683594
v 25.443239212036133 73.55084991455078 119.44973754882812
v 32.12289047241211 73.63606262207031 120.02090454101562
v 25.651674270629883 73.6304931640625 120.17723846435547
v 31.505094528198242 73.23741149902344 120.80965423583984
v 25.53028678894043 74.15569305419922 119.76399993896484
v 32.18014907836914 74.74822235107422 119.91941833496094
v 25.8354434967041 74.58092498779297 120.19923400878906
v 25.68547821044922 74.08544921875 120.25703430175781
v 31.610319137573242 74.19711303710938 120.7478256225586
v 26.1706600189209 75.19316864013672 120.23400115966797
v 31.909082412719727 75.61029052734375 119.9095230102539
v 26.702606201171875 75.77022552490234 120.30670928955078
v 31.626834869384766 75.7927017211914 120.26517486572266
v 26.50408172607422 75.2757568359375 120.6936264038086
v 31.476898193359375 75.30272674560547 120.63725280761719
v 27.303239822387695 76.1929931640625 120.4599380493164
v 31.26433753967285 76.04119110107422 120.3416519165039
v 27.71575927734375 76.60240936279297 119.99353790283203
v 28.71973419189453 76.94136810302734 119.83150482177734
v 29.717622756958008 76.99385833740234 119.83717346191406
v 30.505308151245117 76.4700698852539 120.31294250488281
v 27.80731964111328 76.23052978515625 120.76795196533203
v 30.86720848083496 75.8553695678711 120.86939239501953
v 44.84749984741211 -5.418908596038818 117.64922332763672
v 45.721466064453125 -5.365414619445801 117.7666244506836
v 46.52569580078125 -5.154050350189209 117.75226593017578
v 44.01004409790039 -4.976125240325928 117.75936889648438
v 46.77640151977539 -4.373611927032471 118.29544830322266
v 42.57733154296875 -3.9720141887664795 117.63471221923828
v 43.208744049072266 -4.426971912384033 117.79542541503906
v 44.74337387084961 -4.989015579223633 118.13158416748047
v 45.31570816040039 -4.94093132019043 118.27881622314453
v 46.061851501464844 -4.789559841156006 118.34752655029297
v 42.15643310546875 -3.5323424339294434 117.47271728515625
v 47.09558868408203 -3.4751908779144287 118.46376037597656
v 47.722415924072266 -3.110844373703003 117.99885559082031
v 42.61595153808594 -3.309898853302002 118.00472259521484
v 43.20614242553711 -3.6901633739471436 118.24927520751953
v 42.16773986816406 -2.9377174377441406 117.65064239501953
v 47.70173263549805 -2.442155599594116 118.15410614013672
v 42.33879470825195 -2.3879663944244385 117.81419372558594
v 47.48448944091797 -2.1257340908050537 118.30882263183594
v 42.65952682495117 -2.684860944747925 118.16307067871094
v 43.194114685058594 -2.9557034969329834 118.47809600830078
v 47.19562911987305 -2.5276923179626465 118.50477600097656
v 42.758853912353516 -2.183055877685547 118.15199279785156
v 47.112789154052734 -1.6526168584823608 118.28785705566406
v 43.339839935302734 -1.8007475137710571 118.32064056396484
v 43.1299934387207 -2.386319637298584 118.45732879638672
v 46.395511627197266 -1.9858283996582031 118.78175354003906
v 43.87179946899414 -1.245658278465271 118.25382232666016
v 46.747859954833984 -0.9447701573371887 118.00552368164062
v 44.02212905883789 -0.7162683606147766 117.7392807006836
v 45.02414321899414 -0.4921218752861023 117.8207015991211
v 46.01221466064453 -0.6813753247261047 118.0214614868164
v 44.63002014160156 -1.138126254081726 118.41461944580078
v 45.615699768066406 -1.2748215198516846 118.5722427368164
v 46.406394958496094 -1.2657376527786255 118.42524719238281
v 28.08790397644043 70.77253723144531 120.56385803222656
v 28.97883415222168 70.75543975830078 120.48693084716797
v 29.71076774597168 70.97064208984375 120.54185485839844
v 27.356250762939453 71.28793334960938 120.7634506225586
v 30.03432273864746 71.26506805419922 120.78743743896484
v 26.658796310424805 71.8549575805664 120.6950454711914
v 30.526342391967773 71.86058807373047 120.90592956542969
v 27.998018264770508 71.1812515258789 121.09119415283203
v 28.595548629760742 71.19780731201172 121.17062377929688
v 29.528974533081055 71.3455581665039 121.12240600585938
v 26.10263442993164 72.38104248046875 120.36355590820312
v 30.884065628051758 72.78433990478516 121.29953002929688
v 26.540075302124023 72.62975311279297 121.08309173583984
v 30.309425354003906 72.47276306152344 121.64523315429688
v 26.011112213134766 73.14007568359375 120.65628814697266
v 30.997167587280273 73.68719482421875 121.39204406738281
v 26.46513557434082 73.44493865966797 121.24894714355469
v 30.376705169677734 73.20088195800781 121.83613586425781
v 26.016178131103516 73.9405746459961 120.73565673828125
v 30.99799346923828 74.64669036865234 121.31793975830078
v 26.450698852539062 74.66259002685547 120.98109436035156
v 26.43242645263672 74.0143051147461 121.22525024414062
v 30.287351608276367 74.199462890625 121.87171936035156
v 26.896690368652344 75.29328918457031 121.08789825439453
v 30.898706436157227 75.34336853027344 121.21541595458984
v 27.499805450439453 75.70539855957031 121.16344451904297
v 30.513288497924805 75.65705871582031 121.29257202148438
v 27.29415512084961 75.26373291015625 121.47098541259766
v 29.63289451599121 74.98959350585938 121.91778564453125
v 30.412460327148438 75.1152114868164 121.58645629882812
v 28.200180053710938 75.95706176757812 121.23788452148438
v 30.293909072875977 76.06562042236328 120.9951171875
v 28.47624397277832 76.37560272216797 120.72827911376953
v 29.52613639831543 76.3883056640625 120.72122192382812
v 29.00006866455078 75.75828552246094 121.46965789794922
v 29.92006492614746 75.70629119873047 121.41077423095703
v 44.804161071777344 -4.428014755249023 118.55387878417969
v 45.631126403808594 -4.379924297332764 118.75148010253906
v 46.200889587402344 -4.256953716278076 118.74323272705078
v 43.94028091430664 -4.091353416442871 118.41481018066406
v 46.43397521972656 -3.7010202407836914 118.85293579101562
v 44.61735153198242 -3.607100009918213 118.9229507446289
v 45.3443603515625 -3.7936346530914307 119.02189636230469
v 45.92040252685547 -3.885558605194092 119.00077056884766
v 43.88182830810547 -3.2682199478149414 118.74002838134766
v 46.52967071533203 -2.8979175090789795 118.90410614013672
v 45.978416442871094 -2.4915692806243896 119.09870910644531
v 44.56630325317383 -2.847520589828491 119.0648422241211
v 45.14610290527344 -3.1833386421203613 119.16471099853516
v 45.83525848388672 -3.206428050994873 119.13240814208984
v 43.835655212402344 -2.4271252155303955 118.77427673339844
v 45.684635162353516 -1.964831829071045 119.00410461425781
v 44.21334457397461 -1.7131803035736084 118.704833984375
v 45.01863479614258 -1.7533626556396484 118.90923309326172
v 44.59217071533203 -2.210883855819702 119.02186584472656
v 45.28215408325195 -2.4970250129699707 119.16027069091797
v 28.067758560180664 71.75251007080078 121.54850006103516
v 28.979673385620117 71.7927017211914 121.7143783569336
v 29.762191772460938 72.03667449951172 121.68132019042969
v 27.22146224975586 72.1512451171875 121.37783813476562
v 29.79908561706543 72.72357940673828 122.0572280883789
v 27.842910766601562 72.64683532714844 121.95419311523438
v 28.627832412719727 72.41606140136719 122.0911865234375
v 29.280588150024414 72.34746551513672 122.0740737915039
v 27.093631744384766 73.03780364990234 121.66450500488281
v 29.729639053344727 73.5234603881836 122.20704650878906
v 27.70637321472168 73.51617431640625 122.08741760253906
v 28.43303680419922 73.21102905273438 122.29460144042969
v 29.159509658813477 72.98994445800781 122.29124450683594
v 26.97198486328125 73.9806137084961 121.63370513916016
v 29.582225799560547 74.24418640136719 122.21748352050781
v 27.14943504333496 74.80176544189453 121.57372283935547
v 29.13149070739746 74.59587860107422 122.23046112060547
v 27.700305938720703 74.34185028076172 122.02024841308594
v 28.257164001464844 73.92353057861328 122.29462432861328
v 28.981021881103516 73.87641906738281 122.35214233398438
v 27.719301223754883 75.070068359375 121.76976776123047
v 28.913116455078125 75.11902618408203 121.99348449707031
v 28.292329788208008 75.42269134521484 121.716552734375
v 28.436710357666016 74.64676666259766 122.15634155273438
v -49.44195556640625 9.707283973693848 121.0523681640625
v -49.00741958618164 9.645584106445312 121.10676574707031
v -49.553646087646484 10.120999336242676 121.04537963867188
v -49.12306213378906 10.057625770568848 121.07223510742188
v -49.805015563964844 9.378458976745605 121.24527740478516
v -49.222225189208984 9.240139961242676 121.26880645751953
v -50.54868698120117 8.65139389038086 121.92440795898438
v -49.74882507324219 8.750457763671875 121.6705093383789
v -48.680667877197266 8.748592376708984 121.7717514038086
v -47.86122131347656 8.741135597229004 122.08985900878906
v -49.97319793701172 9.889124870300293 121.1590805053711
v -48.70206069946289 9.387948989868164 121.33739471435547
v -50.606204986572266 9.430532455444336 121.54736328125
v -48.074398040771484 9.508605003356934 121.72921752929688
v -49.878013610839844 10.412059783935547 121.20435333251953
v -48.62886428833008 9.922264099121094 121.28937530517578
v -49.37249755859375 10.541679382324219 121.21932220458984
v -48.827796936035156 10.4288330078125 121.29882049560547
v -51.36104202270508 10.15100383758545 121.7500228881836
v -50.49919891357422 10.3318510055542 121.42874145507812
v -48.188751220703125 10.551127433776855 121.76181030273438
v -51.720977783203125 10.729360580444336 122.0228271484375
v -51.051727294921875 10.928496360778809 121.82456970214844
v -49.96296691894531 11.12154769897461 121.63419342041016
v -48.946075439453125 11.026771545410156 121.6151351928711
v -48.30641555786133 11.496857643127441 122.14662170410156
v -49.15056228637695 11.848194122314453 122.13973236083984
v -2.819647789001465 -32.19437026977539 123.58052825927734
v -2.1000618934631348 -32.33718490600586 123.67436218261719
v -3.418806552886963 -31.654617309570312 123.4455795288086
v -2.792616844177246 -31.497570037841797 123.39517974853516
v -2.202773094177246 -31.68699073791504 123.50516510009766
v -3.161057472229004 -31.02579689025879 123.40194702148438
v -2.4532885551452637 -30.897947311401367 123.48522186279297
v -3.0523455142974854 -30.422985076904297 123.56207275390625
v -50.90625762939453 8.206135749816895 122.5548324584961
v -50.10987091064453 8.166654586791992 122.20344543457031
v -49.212730407714844 7.940045356750488 122.34719848632812
v -48.05099105834961 7.9552083015441895 122.58125305175781
v -48.61944580078125 7.433338165283203 122.86963653564453
v -48.14265441894531 7.427267551422119 122.99490356445312
v -51.22780990600586 8.940385818481445 122.05854797363281
v -47.33877944946289 8.4768705368042 122.52559661865234
v -51.60785675048828 8.671651840209961 122.55987548828125
v -46.5991325378418 8.745672225952148 122.9266586303711
v -45.9266357421875 8.676769256591797 123.42963409423828
v -51.44183349609375 9.528573036193848 121.85755157470703
v -47.29181671142578 9.201438903808594 122.27893829345703
v -51.77048110961914 9.823737144470215 121.96837615966797
v -51.95905685424805 9.393975257873535 122.38309478759766
v -46.702449798583984 9.726457595825195 122.70303344726562
v -46.09646987915039 9.389531135559082 123.25697326660156
v -52.04911422729492 10.253703117370605 122.2129898071289
v -47.37635803222656 10.132512092590332 122.22113037109375
v -52.51023864746094 10.011322975158691 122.84249114990234
v -46.83674621582031 10.523372650146484 122.72359466552734
v -46.266029357910156 10.35317325592041 123.2924575805664
v -52.061283111572266 10.814774513244629 122.28976440429688
v -47.412654876708984 11.243566513061523 122.63359069824219
v -51.73625183105469 11.361835479736328 122.4535903930664
v -50.751739501953125 11.684163093566895 122.17086791992188
v -49.98393249511719 11.924324035644531 122.15528869628906
v -47.92700958251953 11.953550338745117 122.67239379882812
v -52.41500473022461 10.791528701782227 122.78068542480469
v -46.67530059814453 11.03757095336914 123.13589477539062
v -49.63665771484375 12.359087944030762 122.56672668457031
v -48.45049285888672 12.103607177734375 122.49296569824219
v -48.892112731933594 12.538061141967773 122.8728256225586
v -51.81258010864258 11.951515197753906 123.10128784179688
v -51.18305969238281 12.12123966217041 122.78353118896484
v -50.3690071105957 12.320080757141113 122.64004516601562
v -48.1745719909668 12.390544891357422 122.93960571289062
v -3.363581657409668 -32.76144027709961 123.9771728515625
v -2.4146554470062256 -32.968727111816406 124.04376220703125
v -1.506664514541626 -33.328033447265625 124.44351959228516
v -0.6386025547981262 -33.29528045654297 124.63946533203125
v -3.530825614929199 -32.222164154052734 123.63636779785156
v -1.6596794128417969 -32.67012023925781 123.9425277709961
v -3.952723264694214 -31.921770095825195 123.64972686767578
v -4.599189758300781 -32.51491928100586 124.31427764892578
v -4.059813022613525 -32.39912033081055 123.93997955322266
v -0.901917576789856 -32.49315643310547 124.24832153320312
v -0.15673910081386566 -32.74250030517578 124.79344177246094
v -3.9964253902435303 -31.49062156677246 123.5839614868164
v -1.5443041324615479 -31.978614807128906 123.76407623291016
v -3.681920051574707 -31.145227432250977 123.46214294433594
v -4.664585590362549 -31.72650146484375 124.04308319091797
v -0.9597994685173035 -31.400253295898438 124.09596252441406
v -0.19489289820194244 -31.743511199951172 124.69435119628906
v -3.6280698776245117 -30.626216888427734 123.56935119628906
v -1.695620059967041 -31.13706398010254 123.68688201904297
v -1.960314154624939 -30.439205169677734 123.7493667602539
v -5.428690433502197 -31.0631160736084 124.52590942382812
v -4.757909297943115 -30.829078674316406 124.07905578613281
v -4.174127101898193 -30.980083465576172 123.71897888183594
v -1.305680513381958 -30.46135711669922 124.07646942138672
v -0.42760995030403137 -30.574073791503906 124.6594009399414
v -3.4993834495544434 -30.20841407775879 123.71155548095703
v -2.5018370151519775 -30.202999114990234 123.71693420410156
v -3.1313085556030273 -29.812273025512695 123.98914337158203
v -5.107029914855957 -30.323701858520508 124.43273162841797
v -4.159117698669434 -30.168169021606445 124.04680633544922
v -2.025139331817627 -29.66727638244629 124.22156524658203
v -1.0409759283065796 -29.740447998046875 124.57152557373047
v -2.862759828567505 -29.104694366455078 124.6251449584961
v -2.136411428451538 -28.939531326293945 124.83467102050781
v -1.4653923511505127 -29.114938735961914 124.8357925415039
v -48.83894729614258 7.1014485359191895 123.41744995117188
v -48.29458236694336 7.204879283905029 123.28810119628906
v -49.251991271972656 7.362772464752197 122.94983673095703
v -47.68239974975586 7.372218132019043 123.46726989746094
v -51.61103057861328 8.253847122192383 123.19681549072266
v -50.91710662841797 7.597400665283203 123.51860046386719
v -50.043548583984375 7.578418254852295 122.90422058105469
v -47.029605865478516 7.9411420822143555 123.15540313720703
v -46.05039596557617 7.987255096435547 123.67321014404297
v -50.64965057373047 7.161005973815918 124.05986022949219
v -45.22487258911133 7.643153190612793 124.2608642578125
v -44.72661590576172 7.502223014831543 124.50454711914062
v -44.538272857666016 7.528780937194824 124.67344665527344
v -52.036865234375 8.811321258544922 122.94519805908203
v -45.44728088378906 8.34421443939209 123.92321014404297
v -44.88880157470703 7.983948707580566 124.45162200927734
v -52.45301055908203 9.311400413513184 123.1907730102539
v -45.63807678222656 9.02209758758545 123.70926666259766
v -52.83611297607422 9.893197059631348 123.5576400756836
v -52.809814453125 10.43776798248291 123.28837585449219
v -45.705230712890625 9.812058448791504 123.90967559814453
v -45.92560958862305 10.610847473144531 123.92538452148438
v -52.78230285644531 10.973612785339355 123.5755386352539
v -46.28255844116211 11.175424575805664 123.82945251464844
v -52.321102142333984 11.490129470825195 123.24896240234375
v -46.86048126220703 11.677990913391113 123.49170684814453
v -45.94662857055664 10.968466758728027 124.23573303222656
v -52.05103302001953 12.041590690612793 123.8031997680664
v -47.54267501831055 12.255353927612305 123.43550872802734
v -51.3825569152832 12.416778564453125 123.51407623291016
v -50.71263885498047 12.586766242980957 123.21473693847656
v -49.791595458984375 12.83107852935791 123.34085083007812
v -48.92995834350586 12.978717803955078 123.5216293334961
v -48.29183578491211 12.772992134094238 123.46403503417969
v -46.997108459472656 12.134010314941406 123.8996353149414
v -49.85790252685547 13.172296524047852 124.15457153320312
v -49.227989196777344 13.217057228088379 124.03838348388672
v -48.5460319519043 13.146738052368164 124.04935455322266
v -22.94681739807129 57.080509185791016 128.20797729492188
v -1.849631428718567 -33.9853515625 125.20159149169922
v -0.9617828130722046 -33.78676986694336 124.98603057861328
v -2.3276824951171875 -33.61320877075195 124.62012481689453
v -0.42354878783226013 -33.65388870239258 124.95784759521484
v -4.85211181640625 -32.880558013916016 124.89417266845703
v -4.082577228546143 -32.99301528930664 124.47599792480469
v -3.211820125579834 -33.468379974365234 124.6607894897461
v -0.17847220599651337 -33.34563446044922 124.90774536132812
v -2.682960271835327 -33.933738708496094 125.11578369140625
v -0.12480174750089645 -33.57588195800781 125.21468353271484
v -5.100548267364502 -32.33298873901367 124.55380249023438
v 0.15680661797523499 -33.09318923950195 125.32571411132812
v -5.503450393676758 -31.8632755279541 124.66925048828125
v 0.453678697347641 -32.17510223388672 125.43645477294922
v -5.886159420013428 -31.482147216796875 124.96489715576172
v -5.917518615722656 -31.95847511291504 125.13134002685547
v 0.93924880027771 -31.540542602539062 125.93695831298828
v -5.955724716186523 -30.85181999206543 125.20710754394531
v 0.4530293941497803 -30.992263793945312 125.43321990966797
v -5.592763423919678 -30.44422721862793 124.74658966064453
v 0.0670965164899826 -30.175010681152344 125.25074005126953
v 0.9404466152191162 -31.07033920288086 125.96821594238281
v -5.393505573272705 -30.07192611694336 124.73926544189453
v -0.4176423251628876 -29.70524787902832 125.0625
v -4.899165630340576 -29.634042739868164 124.8935317993164
v -3.807802200317383 -29.330476760864258 124.5940933227539
v -5.6457295417785645 -30.101778030395508 125.16182708740234
v -0.010000383481383324 -29.68169593811035 125.5906982421875
v -3.413196325302124 -28.791181564331055 125.11256408691406
v -0.8775368928909302 -29.250171661376953 125.03475952148438
v -2.6373417377471924 -28.557079315185547 125.4084701538086
v -1.7629148960113525 -28.648479461669922 125.40264892578125
v -1.1420340538024902 -28.881622314453125 125.34362030029297
v -4.884983539581299 -29.105989456176758 125.63641357421875
v -4.189995288848877 -28.923128128051758 125.32150268554688
v -50.61735916137695 7.078392505645752 124.68416595458984
v -49.09113693237305 6.894102573394775 124.22844696044922
v -48.27667999267578 7.023224353790283 123.92538452148438
v -45.270381927490234 7.284981727600098 124.63826751708984
v -44.805747985839844 7.305629253387451 124.6229248046875
v -44.53580093383789 7.3185882568359375 124.66802215576172
v -51.044586181640625 7.377870082855225 124.32098388671875
v -50.25599670410156 6.966988563537598 124.25865173339844
v -49.550537109375 7.099404811859131 123.50132751464844
v -47.51591491699219 7.083247661590576 124.49555969238281
v -45.7660026550293 7.454498767852783 124.2667465209961
v -44.44130325317383 7.324535369873047 124.80648803710938
v -51.64183807373047 7.943186283111572 124.2321548461914
v -50.22826385498047 7.1500773429870605 123.67987060546875
v -46.621212005615234 7.4090256690979 124.12686920166016
v -44.50304412841797 7.521389007568359 124.9408187866211
v -49.80832290649414 6.9277238845825195 124.08750915527344
v -52.19624710083008 8.657705307006836 123.6794662475586
v -44.62779235839844 7.8275628089904785 124.81105041503906
v -44.88601303100586 8.374062538146973 124.88748931884766
v -52.67680740356445 9.281773567199707 124.02418518066406
v -45.25225067138672 8.914891242980957 124.33544158935547
v -52.986026763916016 9.92036247253418 124.29861450195312
v -53.00920867919922 10.452558517456055 123.91993713378906
v -45.41661834716797 9.720855712890625 124.62250518798828
v -52.9512939453125 10.959110260009766 124.35147094726562
v -45.71574020385742 10.530402183532715 124.57209777832031
v -52.58424758911133 11.514503479003906 124.09922790527344
v -46.1085205078125 11.338534355163574 124.72982025146484
v -52.18227005004883 11.998208045959473 124.68012237548828
v -46.61968994140625 11.865057945251465 124.25773620605469
v -51.51530456542969 12.489160537719727 124.40370178222656
v -50.63173294067383 12.866806983947754 124.05631256103516
v -47.21708297729492 12.454325675964355 124.50452423095703
v -50.093448638916016 13.19449520111084 124.7696304321289
v -47.90522384643555 12.8812894821167 124.15518951416016
v -49.457149505615234 13.349056243896484 124.6553955078125
v -48.81941604614258 13.338293075561523 124.61212921142578
v -48.274234771728516 13.204519271850586 124.58456420898438
v -23.44736671447754 55.66377258300781 128.8037872314453
v -22.551992416381836 55.51877212524414 128.85813903808594
v -23.060184478759766 56.92543411254883 128.27691650390625
v -24.098093032836914 56.19914245605469 128.80055236816406
v -23.523448944091797 56.29982376098633 128.5765838623047
v -22.897127151489258 56.43465805053711 128.52024841308594
v -21.807727813720703 56.147254943847656 128.9064483642578
v -20.834041595458984 56.1794548034668 129.29884338378906
v -20.223453521728516 56.51198959350586 129.6190948486328
v -23.0884952545166 57.16513442993164 128.31918334960938
v -22.817419052124023 56.95359420776367 128.30055236816406
v -22.845745086669922 57.19329833984375 128.34280395507812
v -24.42257308959961 56.93507766723633 128.86962890625
v -23.54519271850586 56.912193298339844 128.53509521484375
v -22.367572784423828 57.050174713134766 128.65321350097656
v -21.165958404541016 57.089237213134766 129.29006958007812
v -24.74460792541504 57.45784378051758 129.12307739257812
v -24.05689239501953 57.59688949584961 128.93417358398438
v -23.043920516967773 57.5875244140625 128.7329864501953
v -22.076322555541992 57.80150604248047 129.1374053955078
v -2.6820285320281982 -34.24674606323242 125.98907470703125
v -1.7711116075515747 -34.287532806396484 125.99121856689453
v -1.1064149141311646 -34.104671478271484 125.67655181884766
v -0.47402939200401306 -33.8515625 125.41566467285156
v -3.2977471351623535 -33.939090728759766 125.39567565917969
v 0.001987784169614315 -33.52927017211914 125.80525207519531
v -5.21099853515625 -33.049930572509766 125.72901916503906
v -4.193074703216553 -33.5585823059082 125.46641540527344
v -3.5840015411376953 -34.06791305541992 125.9883041381836
v -5.564265251159668 -32.464107513427734 125.15007781982422
v 0.5580649375915527 -32.806304931640625 126.1920394897461
v -6.009411334991455 -32.20276641845703 125.55175018310547
v 0.9341925382614136 -32.104068756103516 126.13362884521484
v -5.795002460479736 -32.60413360595703 125.84495544433594
v -6.171121120452881 -31.617124557495117 125.56098937988281
v 1.2051652669906616 -31.71579933166504 126.45098876953125
v -6.264751434326172 -31.041765213012695 125.86864471435547
v 1.2050797939300537 -31.17003631591797 126.51020050048828
v 0.8722285032272339 -30.649005889892578 126.1985855102539
v -6.026270866394043 -30.3205509185791 125.98989868164062
v 0.4296114146709442 -30.1422176361084 125.85126495361328
v -5.463743209838867 -29.583040237426758 125.74876403808594
v 0.12223105132579803 -29.532379150390625 126.38510131835938
v 0.6807718276977539 -30.112648010253906 126.5528793334961
v -5.118514537811279 -29.076688766479492 126.34815979003906
v -0.5456443428993225 -29.154918670654297 125.68087768554688
v -4.396568775177002 -28.712200164794922 126.13043212890625
v -3.439525604248047 -28.473047256469727 125.910888671875
v -2.730835199356079 -28.28626251220703 126.054931640625
v -2.079888105392456 -28.266111373901367 126.25687408447266
v -1.233847975730896 -28.629947662353516 126.02581024169922
v -2.203977108001709 -28.02317237854004 126.7551040649414
v -50.5251350402832 7.052373886108398 125.4072265625
v -49.838565826416016 6.880316734313965 124.91484832763672
v -48.999237060546875 6.819587230682373 125.0772933959961
v -48.327117919921875 6.884063243865967 124.80633544921875
v -45.35550308227539 7.220325469970703 125.0380630493164
v -44.91685485839844 7.223637104034424 124.94759368896484
v -44.569087982177734 7.231299877166748 124.8431396484375
v -51.15955352783203 7.473418712615967 125.23486328125
v -47.674095153808594 6.999153137207031 125.44575500488281
v -45.86759948730469 7.242222309112549 124.77227020263672
v -44.49740219116211 7.314780235290527 124.98171997070312
v -51.827056884765625 8.05813980102539 125.13670349121094
v -46.650352478027344 7.2012434005737305 125.22772979736328
v -44.70618438720703 7.510639190673828 125.23666381835938
v -50.79740524291992 7.222770690917969 125.75273132324219
v -45.78848648071289 7.266016006469727 125.33792877197266
v -45.199378967285156 7.405911445617676 125.4468002319336
v -44.69981384277344 7.277520179748535 125.09668731689453
v -52.30739974975586 8.648768424987793 124.70030212402344
v -44.73051834106445 7.916445732116699 125.18623352050781
v -45.05860900878906 8.541034698486328 125.51240539550781
v -52.10517883300781 8.455065727233887 125.49635314941406
v -52.757877349853516 9.448946952819824 124.84387969970703
v -45.203834533691406 9.172747611999512 125.10548400878906
v -52.98299789428711 10.041032791137695 124.9111099243164
v -53.08154296875 10.462386131286621 124.59490966796875
v -45.51398468017578 10.05849552154541 125.30490112304688
v -52.964439392089844 10.49280834197998 125.182373046875
v -53.00450134277344 10.848340034484863 124.9029541015625
v -45.824981689453125 10.890080451965332 125.41608428955078
v -52.64316177368164 11.329845428466797 125.08407592773438
v -46.18494415283203 11.504570960998535 125.6604995727539
v -52.896018981933594 10.880699157714844 125.24871063232422
v -52.140926361083984 11.901749610900879 125.4375228881836
v -46.63756561279297 11.994800567626953 125.18560791015625
v -51.65412902832031 12.352551460266113 125.29693603515625
v -50.782814025878906 12.82574462890625 125.1766586303711
v -47.390289306640625 12.53189468383789 125.65858459472656
v -51.773677825927734 12.086015701293945 125.90389251708984
v -50.03644943237305 13.141465187072754 125.40917205810547
v -47.83730697631836 12.975240707397461 124.95128631591797
v -49.63401412963867 13.32474136352539 125.16070556640625
v -49.07435607910156 13.349068641662598 125.18772888183594
v -48.434261322021484 13.256505012512207 125.13118743896484
v -49.44145584106445 13.173165321350098 125.70259094238281
v -48.69035720825195 13.137953758239746 125.74356079101562
v -48.066463470458984 13.011505126953125 125.58023071289062
v -23.740930557250977 55.05198287963867 129.1747589111328
v -23.006025314331055 54.80400466918945 129.2322235107422
v -22.196809768676758 54.24099349975586 129.6998748779297
v -21.23708724975586 54.20683670043945 130.02615356445312
v -24.088623046875 55.497108459472656 129.0463409423828
v -22.23598289489746 54.89459228515625 129.17025756835938
v -24.608047485351562 55.7329216003418 129.2487030029297
v -21.840282440185547 55.33510971069336 129.04818725585938
v -21.0848388671875 55.47939682006836 129.30853271484375
v -20.0678768157959 55.69977569580078 129.78639221191406
v -21.522724151611328 54.79472732543945 129.43942260742188
v -20.5682373046875 54.872352600097656 129.87515258789062
v -19.928638458251953 55.16561508178711 130.12545776367188
v -24.74016761779785 56.37638473510742 129.10198974609375
v -19.560447692871094 56.22044372558594 129.9543914794922
v -19.795141220092773 56.69982147216797 129.9379119873047
v -19.25176239013672 56.042415618896484 130.04776000976562
v -25.0408935546875 56.91967010498047 129.2522430419922
v -20.239824295043945 57.15871810913086 129.88916015625
v -20.753156661987305 57.65297317504883 129.76193237304688
v -19.786161422729492 56.950469970703125 130.15582275390625
v -25.174625396728516 57.49515914916992 129.43685913085938
v -21.307987213134766 58.042945861816406 129.6968994140625
v -24.709543228149414 58.118194580078125 129.57122802734375
v -23.643016815185547 58.289154052734375 129.3269500732422
v -22.702068328857422 58.360389709472656 129.3603973388672
v -21.989675521850586 58.402320861816406 129.58596801757812
v -25.474157333374023 57.71803665161133 129.91883850097656
v -20.82438850402832 58.00259780883789 129.9872283935547
v -24.73349380493164 58.726322174072266 130.21817016601562
v -24.041961669921875 58.803279876708984 129.97874450683594
v -23.14956283569336 58.85756301879883 129.89613342285156
v -22.338132858276367 58.822261810302734 129.95143127441406
v -3.445338249206543 -34.230316162109375 126.84976959228516
v -2.68442440032959 -34.41896057128906 126.91348266601562
v -2.0297529697418213 -34.404266357421875 126.72000122070312
v -1.2432117462158203 -34.24311828613281 126.53883361816406
v -0.5226357579231262 -33.93638610839844 126.20313262939453
v -4.111431121826172 -33.93633270263672 126.39730834960938
v 0.06439544260501862 -33.4466438293457 126.75886535644531
v -5.615350246429443 -32.86164855957031 126.68204498291016
v -4.80345344543457 -33.51265335083008 126.5312271118164
v -6.13147497177124 -32.148319244384766 126.25313568115234
v 0.6730819344520569 -32.772552490234375 127.2685546875
v 1.141522765159607 -32.15846252441406 126.8603515625
v -6.044594764709473 -32.31816101074219 127.04867553710938
v -6.333735942840576 -31.49409294128418 126.219482421875
v 1.4189523458480835 -31.564565658569336 126.9677505493164
v 1.5759727954864502 -31.405183792114258 127.46282958984375
v -6.318315029144287 -30.942562103271484 126.53408813476562
v 1.4284693002700806 -31.144100189208984 127.13262176513672
v 1.4507097005844116 -31.061023712158203 127.60347747802734
v -6.153596878051758 -30.315839767456055 126.90808868408203
v 1.0974780321121216 -30.60710334777832 127.12216186523438
v -5.6893815994262695 -29.644378662109375 126.74569702148438
v -0.06193524971604347 -29.293224334716797 127.22853088378906
v 0.5423060059547424 -29.89267921447754 127.33098602294922
v 0.9070685505867004 -30.333410263061523 127.67327880859375
v -5.194024085998535 -29.122089385986328 127.08448791503906
v -0.5935859084129333 -28.914026260375977 126.645263671875
v -4.63175106048584 -28.75230598449707 126.93901824951172
v -3.7771997451782227 -28.45973014831543 126.85026550292969
v -2.7223074436187744 -28.206798553466797 126.7625732421875
v -1.459840178489685 -28.407184600830078 127.0014419555664
v -4.838402271270752 -28.952415466308594 127.55786895751953
v -2.211033344268799 -28.041059494018555 127.0339584350586
v -1.9441804885864258 -28.063486099243164 126.80564880371094
v -2.0726983547210693 -27.967191696166992 126.92546844482422
v -1.9512301683425903 -28.081344604492188 127.08452606201172
v -49.997127532958984 6.978905200958252 125.8476791381836
v -49.258216857910156 6.892427921295166 125.75379943847656
v -48.47837448120117 6.8851318359375 125.63477325439453
v -50.50432205200195 7.126880645751953 125.97247314453125
v -47.98548126220703 7.055144786834717 126.14580535888672
v -50.80857849121094 7.537317752838135 126.33247375488281
v -47.21186065673828 7.279903888702393 126.17938995361328
v -46.106475830078125 7.56781530380249 126.0780258178711
v -45.44691848754883 7.704084396362305 125.92430114746094
v -50.18550109863281 7.2182488441467285 126.40461730957031
v -49.50687789916992 7.1439971923828125 126.49710845947266
v -48.67728805541992 7.067466735839844 126.38348388671875
v -51.588409423828125 8.09327507019043 125.99246978759766
v -45.093326568603516 7.925745964050293 125.70226287841797
v -52.032196044921875 8.702397346496582 126.04032135009766
v -45.38182830810547 8.549344062805176 126.09385681152344
v -46.24066162109375 8.159883499145508 126.77540588378906
v -45.64207077026367 8.096930503845215 126.28028869628906
v -52.41320037841797 9.052713394165039 125.5103988647461
v -45.50571823120117 9.38424301147461 125.98851013183594
v -52.150997161865234 9.38393497467041 126.25434875488281
v -45.960411071777344 8.876648902893066 126.75352478027344
v -52.665931701660156 9.908575057983398 125.5736312866211
v -45.815895080566406 10.45368480682373 126.08763885498047
v -52.21629333496094 10.253599166870117 126.35289001464844
v -46.091190338134766 9.96641731262207 126.81275939941406
v -52.60344696044922 10.758575439453125 125.73624420166016
v -46.01555633544922 11.12732219696045 126.05643463134766
v -52.06608581542969 11.465954780578613 126.12163543701172
v -46.24274444580078 11.442566871643066 126.20711517333984
v -52.20331573486328 10.848604202270508 126.33100128173828
v -46.35464096069336 11.05068302154541 126.72423553466797
v -51.5571403503418 12.001188278198242 126.38721466064453
v -46.68754577636719 11.827518463134766 126.2161865234375
v -51.126220703125 12.416626930236816 126.10078430175781
v -50.107967376708984 12.784737586975098 126.1305160522461
v -49.06930923461914 12.798332214355469 126.38545989990234
v -48.1603889465332 12.719586372375488 126.25086975097656
v -47.48826599121094 12.164276123046875 126.69178771972656
v -51.1405029296875 12.107885360717773 126.71338653564453
v -46.9573974609375 11.603594779968262 127.0723648071289
v -22.46542739868164 53.7518310546875 130.1327667236328
v -21.79370880126953 53.58279037475586 130.54408264160156
v -22.77788734436035 53.40184783935547 130.6750946044922
v -22.16280746459961 53.18879318237305 130.94874572753906
v -23.027963638305664 54.060386657714844 129.88516235351562
v -20.942096710205078 53.82619094848633 130.57981872558594
v -23.63981056213379 54.527687072753906 129.58522033691406
v -20.46379852294922 54.250057220458984 130.44305419921875
v -19.89046859741211 54.76536178588867 130.4989013671875
v -23.911903381347656 54.022979736328125 130.40025329589844
v -20.44274139404297 53.8721809387207 130.91061401367188
v -24.306718826293945 54.97426986694336 129.57594299316406
v -19.399045944213867 55.43183517456055 130.587158203125
v -24.83529281616211 55.38849639892578 129.66636657714844
v -19.36506462097168 55.866065979003906 130.08609008789062
v -24.950794219970703 54.89112091064453 130.3645782470703
v -19.154281616210938 55.18571472167969 131.2116241455078
v -25.217283248901367 56.066558837890625 129.72860717773438
v -19.17656135559082 55.976226806640625 130.13157653808594
v -19.228717803955078 56.13903045654297 130.2606964111328
v -25.64727783203125 55.68473434448242 130.63800048828125
v -19.19116973876953 55.89667510986328 130.36293029785156
v -25.510438919067383 57.02825927734375 129.74781799316406
v -19.48582649230957 56.60865020751953 130.3883514404297
v -25.826330184936523 57.24595642089844 130.26512145996094
v -19.878629684448242 57.26483917236328 130.6295928955078
v -25.804523468017578 56.54798889160156 130.338134765625
v -25.795194625854492 57.77692794799805 130.6416473388672
v -20.455232620239258 57.77975082397461 130.27041625976562
v -25.295551300048828 58.329620361328125 130.3259735107422
v -20.95721435546875 58.33515167236328 130.43936157226562
v -24.99430274963379 58.84834289550781 130.88372802734375
v -21.642107009887695 58.65114974975586 130.1251220703125
v -24.292449951171875 59.11285400390625 130.7092742919922
v -23.47263526916504 59.19960021972656 130.5987091064453
v -22.63361167907715 59.15907669067383 130.56285095214844
v -21.990816116333008 59.01469802856445 130.5229034423828
v -3.6265532970428467 -34.10018539428711 127.83965301513672
v -2.900510549545288 -34.345279693603516 127.62010955810547
v -2.279527425765991 -34.42538070678711 127.40917205810547
v -1.5312403440475464 -34.26189422607422 127.5360336303711
v -0.6490465402603149 -33.92145919799805 127.20162200927734
v -4.2678117752075195 -33.89061737060547 127.24394989013672
v -0.025002093985676765 -33.279579162597656 127.94637298583984
v -5.0152058601379395 -33.307403564453125 127.73983001708984
v -4.257595539093018 -33.76112747192383 128.06817626953125
v -1.5248242616653442 -34.107505798339844 128.3772430419922
v -0.8804486989974976 -33.86198425292969 128.18409729003906
v -5.707723617553711 -32.633270263671875 127.66618347167969
v 0.6946443915367126 -32.476776123046875 128.15435791015625
v -6.03196382522583 -32.06273651123047 127.63054656982422
v 1.184623122215271 -32.172916412353516 127.64493560791016
v 1.4790772199630737 -31.78908920288086 127.43533325195312
v -6.265948295593262 -31.63504981994629 126.98556518554688
v 1.6021045446395874 -31.57292938232422 127.74091339111328
v -6.061221599578857 -31.42902374267578 127.87483215332031
v 1.18599534034729 -31.8818302154541 128.15943908691406
v 1.4685581922531128 -31.798812866210938 127.83546447753906
v -6.247883319854736 -30.878210067749023 127.32083129882812
v 1.5914438962936401 -31.34317970275879 127.79533386230469
v 1.1015979051589966 -30.792598724365234 127.98663330078125
v 1.4353777170181274 -31.201547622680664 127.98548126220703
v -5.978490829467773 -30.638275146484375 128.05027770996094
v 1.1473586559295654 -31.365278244018555 128.32241821289062
v 1.486464023590088 -31.52516746520996 128.01663208007812
v -6.130095958709717 -30.344846725463867 127.51589965820312
v 0.5967956185340881 -30.230030059814453 128.16525268554688
v -5.9264044761657715 -29.94325828552246 127.38482666015625
v -5.336124420166016 -29.54232406616211 127.8729476928711
v -0.014978492632508278 -29.55611228942871 128.12600708007812
v -5.887089729309082 -30.08421516418457 127.8476791381836
v -5.6554341316223145 -30.13726234436035 128.2939910888672
v -4.626276016235352 -29.0316219329834 128.11016845703125
v -0.6539488434791565 -28.935564041137695 127.61383819580078
v -4.124687671661377 -28.68252944946289 127.73980712890625
v -3.1487574577331543 -28.449222564697266 127.68014526367188
v -2.12217116355896 -28.35101318359375 127.6042251586914
v -1.3040181398391724 -28.68027114868164 127.92514038085938
v -4.129096984863281 -28.92642593383789 128.449462890625
v -50.71098327636719 7.962493896484375 127.10298919677734
v -49.937435150146484 7.674117088317871 127.180419921875
v -48.88118362426758 7.467031002044678 127.12732696533203
v -47.96949768066406 7.380392074584961 126.82005310058594
v -47.062660217285156 7.8491716384887695 127.01974487304688
v -51.189537048339844 8.095398902893066 126.7377700805664
v -46.69594955444336 8.596860885620117 127.36862182617188
v -50.996803283691406 8.427702903747559 127.25253295898438
v -50.37641143798828 8.398628234863281 127.71308898925781
v -47.36650848388672 8.371553421020508 127.7182388305664
v -51.55363082885742 8.7652587890625 126.75643920898438
v -46.59964370727539 9.46894645690918 127.47701263427734
v -50.88364028930664 9.178031921386719 127.62218475341797
v -47.23653030395508 9.039361953735352 127.94405364990234
v -51.60366439819336 9.780012130737305 127.0011978149414
v -46.703956604003906 10.435724258422852 127.468017578125
v -50.82022476196289 10.332451820373535 127.72034454345703
v -47.245208740234375 9.912126541137695 128.01515197753906
v -51.65304183959961 10.82732105255127 126.89356994628906
v -46.85794448852539 11.128933906555176 127.41385650634766
v -51.40678787231445 11.646048545837402 126.8405990600586
v -47.14801025390625 11.386960983276367 127.53569030761719
v -50.87255859375 11.299491882324219 127.41787719726562
v -50.072837829589844 11.050912857055664 128.01527404785156
v -47.4344596862793 10.9109525680542 127.89865112304688
v -50.86728286743164 11.885300636291504 127.11898803710938
v -47.57326889038086 11.673195838928223 127.45254516601562
v -50.538330078125 12.285041809082031 126.81812286376953
v -49.60971450805664 12.31113338470459 127.02665710449219
v -48.458030700683594 12.170804023742676 127.14823150634766
v -50.217472076416016 11.797341346740723 127.4489974975586
v -49.25010681152344 11.595417976379395 127.83252716064453
v -48.24684143066406 11.416877746582031 127.91753387451172
v -22.891019821166992 52.94184494018555 131.51072692871094
v -22.366361618041992 52.998775482177734 131.27880859375
v -23.474111557006836 53.287086486816406 131.14486694335938
v -21.707481384277344 53.08903884887695 131.5021209716797
v -24.16971778869629 53.496376037597656 131.47183227539062
v -20.871686935424805 53.51259231567383 131.26702880859375
v -24.629304885864258 54.066898345947266 130.93978881835938
v -20.21858024597168 53.798500061035156 131.38040161132812
v -25.073564529418945 54.35158920288086 131.14797973632812
v -19.897958755493164 54.242427825927734 131.11831665039062
v -19.400453567504883 54.8310546875 131.15274047851562
v -24.79405975341797 53.896358489990234 131.5257568359375
v -19.846927642822266 53.991920471191406 131.76846313476562
v -25.48741912841797 54.913421630859375 131.2298583984375
v -19.0891056060791 55.036582946777344 131.73709106445312
v -25.925148010253906 55.59352493286133 131.456298828125
v -19.053089141845703 55.51151657104492 131.45155334472656
v -26.013427734375 56.216976165771484 130.98439025878906
v -19.19127655029297 56.11585235595703 130.9925079345703
v -19.032058715820312 55.929386138916016 131.9138641357422
v -26.06474494934082 56.99072265625 131.01422119140625
v -19.458555221557617 56.803958892822266 131.12258911132812
v -19.769256591796875 57.34432601928711 131.64439392089844
v -25.971128463745117 57.71433639526367 131.5346221923828
v -20.37278938293457 58.00532150268555 131.1966094970703
v -25.557676315307617 58.37116241455078 131.16644287109375
v -20.93491554260254 58.58330154418945 131.219970703125
v -25.14384651184082 58.85532760620117 131.7229766845703
v -21.442642211914062 58.85137939453125 130.84226989746094
v -24.500263214111328 59.19089889526367 131.5177001953125
v -23.70945930480957 59.34792709350586 131.4111785888672
v -22.869844436645508 59.34489440917969 131.338134765625
v -22.000892639160156 59.1622200012207 131.30960083007812
v -21.311573028564453 58.89080047607422 131.5666046142578
v -3.004446268081665 -34.12495422363281 128.40626525878906
v -2.225691556930542 -34.25389862060547 128.1930389404297
v -3.627253532409668 -33.75101089477539 128.7074737548828
v -1.8444143533706665 -33.986106872558594 128.8216552734375
v -5.023793697357178 -33.04560852050781 128.59158325195312
v -4.465260982513428 -33.36207580566406 128.65789794921875
v -1.231751561164856 -33.755462646484375 128.91770935058594
v -0.5332687497138977 -33.36882781982422 128.87327575683594
v -3.022312879562378 -33.87832260131836 128.91014099121094
v -2.4744832515716553 -33.932125091552734 128.91317749023438
v -5.398305892944336 -32.8062744140625 128.29554748535156
v 0.05797653645277023 -32.65998458862305 128.9381103515625
v -5.2246198654174805 -32.64209747314453 128.81455993652344
v -4.658945083618164 -32.78181457519531 129.20819091796875
v -0.43944665789604187 -32.9903450012207 129.39788818359375
v -5.624115943908691 -32.09735107421875 128.4650421142578
v 0.6653487086296082 -31.870080947875977 128.69439697265625
v -5.051642894744873 -32.2100944519043 129.23326110839844
v -5.685535907745361 -31.169986724853516 128.61878967285156
v 0.5426077246665955 -30.96872901916504 128.76852416992188
v -5.597831726074219 -30.53614044189453 128.646240234375
v -5.122844219207764 -30.064485549926758 128.8502197265625
v 0.07615365833044052 -30.130338668823242 128.84690856933594
v -4.491170406341553 -29.40521240234375 128.777587890625
v -0.2625734508037567 -29.646045684814453 128.7969207763672
v -0.5875562429428101 -29.91840362548828 129.33718872070312
v -3.795423746109009 -29.109254837036133 128.9308624267578
v -0.7810677289962769 -29.227205276489258 128.5992431640625
v -3.4884860515594482 -28.762832641601562 128.4626922607422
v -2.606509208679199 -28.72557830810547 128.52435302734375
v -1.6881333589553833 -28.874103546142578 128.61158752441406
v -3.0871634483337402 -29.13520622253418 129.15472412109375
v -2.1953611373901367 -29.23645782470703 129.2978515625
v -1.3364108800888062 -29.468883514404297 129.34494018554688
v -49.07197952270508 7.994925498962402 127.81965637207031
v -48.10001754760742 7.95448112487793 127.63712310791016
v -49.71463394165039 8.21864128112793 127.93810272216797
v -47.906654357910156 8.642184257507324 128.1514434814453
v -49.86191177368164 8.672863960266113 128.21435546875
v -49.19534683227539 8.641838073730469 128.34242248535156
v -48.54597091674805 8.38736629486084 128.18104553222656
v -50.24068069458008 9.02139663696289 128.14071655273438
v -47.848758697509766 9.387398719787598 128.36412048339844
v -49.637123107910156 9.304484367370605 128.4890594482422
v -48.9783935546875 9.267557144165039 128.61679077148438
v -48.48084259033203 8.965505599975586 128.4770965576172
v -50.26424026489258 9.712557792663574 128.22451782226562
v -47.92696762084961 10.191122055053711 128.39381408691406
v -50.132720947265625 10.385590553283691 128.28411865234375
v -49.68898391723633 10.084855079650879 128.54681396484375
v -49.096954345703125 9.871759414672852 128.6707763671875
v -48.47228240966797 9.668445587158203 128.61595153808594
v -49.71086120605469 10.643131256103516 128.44859313964844
v -48.167423248291016 10.814537048339844 128.31997680664062
v -49.40667724609375 11.007508277893066 128.3388214111328
v -48.795562744140625 10.998740196228027 128.35369873046875
v -49.212223052978516 10.52433967590332 128.5860137939453
v -48.59401321411133 10.366532325744629 128.58509826660156
v -22.888391494750977 52.71544647216797 132.32614135742188
v -22.288593292236328 52.79116439819336 131.9718780517578
v -23.498952865600586 52.978736877441406 131.8819580078125
v -21.63630485534668 52.867950439453125 132.5205841064453
v -24.632089614868164 53.6324577331543 132.35836791992188
v -23.99065589904785 53.13285446166992 132.28587341308594
v -20.933095932006836 53.23210144042969 132.2273406982422
v -20.270673751831055 53.63489532470703 131.99859619140625
v -25.216339111328125 54.28117752075195 131.85948181152344
v -19.75233268737793 54.0319709777832 132.5045166015625
v -19.405162811279297 54.4810905456543 131.9220733642578
v -25.690166473388672 54.943599700927734 132.1018524169922
v -19.074586868286133 54.897308349609375 132.37588500976562
v -26.04600715637207 55.66691970825195 132.26339721679688
v -26.164798736572266 56.29591751098633 131.67428588867188
v -18.960704803466797 55.421043395996094 132.3319549560547
v -19.06393051147461 55.990509033203125 132.70079040527344
v -26.190750122070312 57.00042724609375 131.9720001220703
v -19.316219329833984 56.59408187866211 132.06350708007812
v -19.777986526489258 57.3095703125 132.69456481933594
v -26.03049087524414 57.592838287353516 132.42681884765625
v -20.168277740478516 57.87931823730469 132.16651916503906
v -25.608680725097656 58.309078216552734 132.19728088378906
v -25.12285614013672 58.81632614135742 132.45652770996094
v -20.776853561401367 58.48454284667969 132.09768676757812
v -24.63951301574707 59.12022018432617 132.32608032226562
v -23.898244857788086 59.30697250366211 132.27830505371094
v -23.047056198120117 59.34847640991211 132.20773315429688
v -22.32877540588379 59.27222442626953 132.05613708496094
v -21.551712036132812 58.9742546081543 132.3484344482422
v -24.758087158203125 58.938377380371094 132.92202758789062
v -20.978099822998047 58.5877685546875 132.94598388671875
v -2.886586904525757 -33.40525436401367 129.38002014160156
v -1.815049648284912 -33.487220764160156 129.40386962890625
v -0.9599993824958801 -33.27362060546875 129.44857788085938
v -3.8513925075531006 -33.105430603027344 129.33787536621094
v -0.6981848478317261 -32.83396911621094 129.72866821289062
v -4.05908727645874 -32.50276565551758 129.7093505859375
v -0.3202313780784607 -32.548370361328125 129.56883239746094
v -3.166846752166748 -32.48527145385742 129.93624877929688
v -2.134552240371704 -32.76385498046875 129.92868041992188
v -1.267967939376831 -32.84170150756836 129.8563232421875
v -4.521793365478516 -32.228336334228516 129.641845703125
v -0.06606175005435944 -31.788745880126953 129.4228973388672
v -4.696435928344727 -31.763389587402344 129.64122009277344
v -3.894685745239258 -31.713048934936523 129.99952697753906
v -2.961113929748535 -31.687969207763672 130.2727508544922
v -2.272597312927246 -31.97454071044922 130.26771545410156
v -1.461274266242981 -32.13894271850586 130.1502685546875
v -0.7345172762870789 -32.280696868896484 129.8912811279297
v -5.199923515319824 -31.524341583251953 129.2068328857422
v -0.22745691239833832 -30.755794525146484 129.46641540527344
v -5.207888603210449 -30.776348114013672 129.14901733398438
v -0.8321998119354248 -30.52078628540039 129.8659210205078
v -4.567930221557617 -31.046598434448242 129.6990509033203
v -3.8310182094573975 -30.867324829101562 130.05361938476562
v -3.1374645233154297 -31.02217674255371 130.2603302001953
v -2.326735258102417 -31.203044891357422 130.35963439941406
v -1.668648600578308 -31.472061157226562 130.30548095703125
v -0.8854492902755737 -31.37145233154297 130.0045623779297
v -4.739266395568848 -30.400266647338867 129.44500732421875
v -1.1862632036209106 -30.04701042175293 129.82252502441406
v -4.4724626541137695 -29.926435470581055 129.34400939941406
v -3.733253002166748 -29.6523380279541 129.4815216064453
v -2.766151189804077 -29.722326278686523 129.76885986328125
v -1.8807142972946167 -29.882301330566406 129.8706817626953
v -4.134054183959961 -30.333614349365234 129.76942443847656
v -3.3439955711364746 -30.30392837524414 130.02517700195312
v -2.479506015777588 -30.436264038085938 130.1884765625
v -1.5658420324325562 -30.678024291992188 130.17298889160156
v -22.879512786865234 52.64656448364258 133.13433837890625
v -22.284936904907227 52.65937805175781 132.82936096191406
v -23.465852737426758 52.82334518432617 132.70263671875
v -21.732376098632812 52.80554962158203 133.40396118164062
v -24.63134765625 53.673126220703125 133.43946838378906
v -24.033987045288086 53.15944290161133 133.084228515625
v -21.029447555541992 53.130531311035156 133.20994567871094
v -20.32054901123047 53.58177185058594 132.92636108398438
v -25.25775909423828 54.316287994384766 132.9100799560547
v -19.793895721435547 54.20802307128906 133.53700256347656
v -19.315792083740234 54.557682037353516 132.8284454345703
v -25.041837692260742 54.13951873779297 133.77281188964844
v -25.766008377075195 55.16446304321289 132.95745849609375
v -19.05581283569336 55.08448028564453 132.97935485839844
v -26.033971786499023 55.824249267578125 132.93350219726562
v -19.34038734436035 54.81414794921875 133.5033721923828
v -26.189167022705078 56.34880447387695 132.4847869873047
v -18.996694564819336 55.5433349609375 133.03636169433594
v -19.15599250793457 55.874874114990234 133.37924194335938
v -26.0134334564209 56.38352966308594 133.26171875
v -19.213895797729492 55.35976028442383 133.5963897705078
v -26.14555549621582 56.977718353271484 132.79222106933594
v -19.439348220825195 56.540889739990234 133.30174255371094
v -19.94423484802246 57.280357360839844 133.6945037841797
v -25.91231918334961 57.03791809082031 133.486572265625
v -25.99979019165039 57.44264602661133 133.0637969970703
v -20.390602111816406 57.99921417236328 133.11245727539062
v -25.723495483398438 57.923866271972656 133.03076171875
v -25.1396541595459 58.47908020019531 133.16940307617188
v -20.93206024169922 58.35151672363281 133.69552612304688
v -25.76963996887207 57.554412841796875 133.500244140625
v -24.544797897338867 58.78324508666992 133.49142456054688
v -21.421777725219727 58.775390625 133.2617645263672
v -24.104909896850586 59.0916748046875 133.14031982421875
v -23.214740753173828 59.17872619628906 133.10870361328125
v -22.226146697998047 59.067745208740234 133.03273010253906
v -24.06844711303711 58.79561233520508 133.8592071533203
v -22.864971160888672 52.71415328979492 133.75619506835938
v -22.359983444213867 52.67587661743164 133.5971221923828
v -23.39691925048828 52.851993560791016 133.5171661376953
v -21.940153121948242 52.87978744506836 134.05267333984375
v -23.876480102539062 53.354400634765625 134.15435791015625
v -21.311399459838867 53.13904571533203 134.06820678710938
v -20.51496696472168 53.60920333862305 133.9882049560547
v -23.140201568603516 52.958412170410156 134.1371612548828
v -22.521329879760742 52.9032096862793 134.23089599609375
v -24.617305755615234 53.883514404296875 134.24806213378906
v -20.09973907470703 54.171974182128906 134.38058471679688
v -24.99961280822754 54.340206146240234 134.294189453125
v -20.480051040649414 53.90191650390625 134.73211669921875
v -25.367450714111328 54.80619812011719 133.83566284179688
v -19.778627395629883 54.97740936279297 134.35243225097656
v -25.04595184326172 54.78581237792969 134.5521697998047
v -20.316133499145508 54.39850616455078 134.9891357421875
v -25.736913681030273 55.67648696899414 133.6306915283203
v -19.505664825439453 55.91731643676758 134.02230834960938
v -25.568201065063477 56.479522705078125 134.1004180908203
v -19.836950302124023 56.68753433227539 134.24061584472656
v -20.0948429107666 57.20661163330078 134.30357360839844
v -25.05807876586914 57.052207946777344 134.6707000732422
v -20.356590270996094 57.0029296875 134.82672119140625
v -25.511287689208984 57.30857849121094 134.01939392089844
v -20.491472244262695 57.71730422973633 134.18092346191406
v -25.338035583496094 57.904151916503906 133.75173950195312
v -24.486488342285156 58.222171783447266 134.23928833007812
v -20.983509063720703 58.13082504272461 134.27378845214844
v -25.0572566986084 57.65727615356445 134.3385772705078
v -24.67677879333496 57.58128356933594 134.7509002685547
v -21.117631912231445 57.70726776123047 134.89505004882812
v -23.69696044921875 58.57270812988281 134.35125732421875
v -21.58026123046875 58.5076904296875 134.0467529296875
v -23.43514060974121 58.90591812133789 133.8784637451172
v -22.56292152404785 58.80695724487305 133.9584503173828
v -22.970964431762695 58.47794723510742 134.59121704101562
v -22.072246551513672 58.209999084472656 134.7799530029297
v -1.859704852104187 15.13650131225586 135.22845458984375
v -0.9627041220664978 15.027440071105957 135.18577575683594
v -0.04883967712521553 15.01943302154541 135.2486114501953
v 0.787167489528656 15.062580108642578 135.44808959960938
v -2.155628204345703 15.871323585510254 135.03213500976562
v -1.3159902095794678 15.748151779174805 134.93385314941406
v -0.43987613916397095 15.668228149414062 134.95791625976562
v 0.41839727759361267 15.671576499938965 135.12222290039062
v 1.239750862121582 15.683669090270996 135.45635986328125
v -2.3425090312957764 16.61671257019043 135.02517700195312
v -1.5828180313110352 16.51045036315918 134.8936767578125
v -0.7177674174308777 16.40520477294922 134.87832641601562
v 0.03370648995041847 16.2491397857666 134.95846557617188
v 0.8324149250984192 16.44562339782715 135.21705627441406
v -1.8131788969039917 17.211349487304688 135.02468872070312
v -0.9698450565338135 17.173255920410156 134.99600219726562
v 0.024038398638367653 17.02211570739746 135.06983947753906
v -23.702720642089844 53.71248245239258 134.9476318359375
v -22.95431137084961 53.409358978271484 134.81610107421875
v -21.880691528320312 53.3099365234375 134.7382049560547
v -21.011808395385742 53.569705963134766 134.73704528808594
v -24.209678649902344 53.82681655883789 134.7340545654297
v -20.79385757446289 54.05052947998047 135.22518920898438
v -23.99276351928711 54.148956298828125 135.195556640625
v -23.25714111328125 54.173465728759766 135.53323364257812
v -22.1785945892334 53.98957824707031 135.545166015625
v -21.387868881225586 53.81864547729492 135.27342224121094
v -24.570863723754883 54.376182556152344 134.8582000732422
v -20.658336639404297 54.46299362182617 135.41468811035156
v -24.72402572631836 55.07740020751953 135.01779174804688
v -20.517040252685547 55.09160232543945 135.38075256347656
v -23.951196670532227 54.944149017333984 135.57972717285156
v -21.250469207763672 54.49247741699219 135.73190307617188
v -25.213600158691406 55.555023193359375 134.5116729736328
v -20.10401153564453 56.04707336425781 134.90330505371094
v -25.062047958374023 56.331302642822266 134.80477905273438
v -20.455963134765625 56.53147506713867 135.29428100585938
v -24.5235652923584 55.888893127441406 135.28497314453125
v -23.69455909729004 55.92219924926758 135.91481018066406
v -20.786182403564453 56.09418487548828 135.6800994873047
v -24.677345275878906 56.65861129760742 135.14944458007812
v -20.846435546875 56.91274642944336 135.44435119628906
v -24.533695220947266 57.1623649597168 135.10781860351562
v -21.24976348876953 57.25165557861328 135.52447509765625
v -24.010292053222656 56.76034164428711 135.53164672851562
v -23.107885360717773 56.553382873535156 136.08985900878906
v -21.474773406982422 56.711097717285156 135.949951171875
v -24.100418090820312 57.577674865722656 135.08583068847656
v -21.777788162231445 57.509742736816406 135.4774627685547
v -23.525527954101562 58.074684143066406 134.91786193847656
v -22.641809463500977 57.83943557739258 135.2858428955078
v -23.28764533996582 57.35702896118164 135.55335998535156
v -22.376737594604492 57.03658676147461 135.9426727294922
v -2.4049739837646484 14.688055038452148 135.7638397216797
v -1.4723435640335083 14.451754570007324 135.6793212890625
v -0.4989836513996124 14.414817810058594 135.65142822265625
v 0.3975822925567627 14.520182609558105 135.69821166992188
v -2.584132671356201 15.335442543029785 135.3428497314453
v 1.031171202659607 14.665657997131348 135.78598022460938
v 1.5262508392333984 15.059647560119629 135.898681640625
v 1.3370954990386963 14.621377944946289 136.066162109375
v -2.961582899093628 16.03887176513672 135.32090759277344
v 1.9145171642303467 15.680212020874023 135.8844757080078
v -3.6933670043945312 15.880304336547852 135.775146484375
v 2.4323902130126953 16.122533798217773 136.2477264404297
v 2.9493157863616943 16.14760398864746 136.70843505859375
v -2.8423314094543457 16.842060089111328 135.24815368652344
v 1.6892971992492676 16.29792594909668 135.65155029296875
v -2.416475772857666 17.21746253967285 135.14686584472656
v 1.3565047979354858 16.925081253051758 135.5228271484375
v -4.12718391418457 16.494218826293945 136.12867736816406
v -3.4175617694854736 16.722917556762695 135.61044311523438
v 1.9722380638122559 16.92410659790039 136.00389099121094
v 2.676924228668213 16.772048950195312 136.65951538085938
v -2.06905198097229 17.70216178894043 135.2835235595703
v 0.8084401488304138 17.176342010498047 135.3196258544922
v -1.3086262941360474 17.85579490661621 135.28515625
v -0.35926514863967896 17.80154800415039 135.30667114257812
v 0.42858192324638367 17.636943817138672 135.3815155029297
v -3.6654069423675537 17.51464080810547 136.11924743652344
v -2.783259391784668 17.586090087890625 135.55653381347656
v 1.1982282400131226 17.630401611328125 135.78509521484375
v 2.0262298583984375 17.660999298095703 136.50289916992188
v -3.566744565963745 18.235490798950195 136.54270935058594
v -2.8457322120666504 18.446151733398438 136.2415008544922
v -1.8472031354904175 18.39497947692871 135.77928161621094
v -0.7033753395080566 18.476816177368164 135.74984741210938
v 0.3128149211406708 18.24112319946289 135.78005981445312
v 1.1094119548797607 18.443389892578125 136.41995239257812
v -1.9640356302261353 19.086536407470703 136.47213745117188
v -1.0596882104873657 19.080402374267578 136.3178253173828
v 0.0301410723477602 18.959989547729492 136.38941955566406
v -22.5958251953125 54.5775260925293 136.07968139648438
v -21.957569122314453 54.56730270385742 136.08058166503906
v -23.193992614746094 54.814998626708984 136.03952026367188
v -21.64447784423828 54.969085693359375 136.21432495117188
v -21.177759170532227 55.347843170166016 136.0204315185547
v -22.73719024658203 55.144718170166016 136.37481689453125
v -22.17377471923828 55.0234489440918 136.37225341796875
v -23.27185821533203 55.401397705078125 136.20372009277344
v -21.35051727294922 55.981510162353516 136.1717987060547
v -23.131078720092773 55.95554733276367 136.31298828125
v -21.748706817626953 56.1706428527832 136.35671997070312
v -22.756376266479492 55.6940803527832 136.4822540283203
v -22.340633392333984 55.480140686035156 136.51918029785156
v -21.78873062133789 55.5620002746582 136.4007110595703
v -22.748802185058594 56.15917205810547 136.4350128173828
v -22.040531158447266 56.51089859008789 136.30738830566406
v -22.49193000793457 56.48377990722656 136.3434295654297
v -22.259157180786133 56.02004623413086 136.49830627441406
v -2.975480079650879 14.455970764160156 136.51480102539062
v -1.9665865898132324 13.97143268585205 136.49606323242188
v -0.9386624097824097 13.883739471435547 136.27694702148438
v 0.08918531239032745 13.964383125305176 136.34805297851562
v 0.939466655254364 14.341897964477539 136.20689392089844
v -1.231752634048462 13.482016563415527 137.01388549804688
v -0.4497888684272766 13.501160621643066 136.90097045898438
v 0.18458358943462372 13.592153549194336 137.06045532226562
v -3.246953248977661 15.198556900024414 135.82015991210938
v 1.6683712005615234 14.652250289916992 136.63198852539062
v -3.8024516105651855 15.387504577636719 136.02066040039062
v 2.3354105949401855 15.365941047668457 136.48895263671875
v 2.8563320636749268 15.774011611938477 136.67481994628906
v -3.8144898414611816 15.033088684082031 136.55380249023438
v -4.135916709899902 15.674947738647461 136.22628784179688
v 3.1182847023010254 15.88453483581543 136.98683166503906
v -4.477630615234375 16.027088165283203 136.5008087158203
v -4.388113021850586 15.514017105102539 136.7812957763672
v -4.603557586669922 16.594560623168945 136.7096710205078
v 3.1179773807525635 16.289255142211914 137.11227416992188
v -4.291226387023926 17.13159942626953 136.46336364746094
v 2.9476051330566406 16.85236358642578 137.2981414794922
v -4.094449520111084 17.772964477539062 136.79832458496094
v 2.6099050045013428 17.35511589050293 136.979248046875
v 2.298999071121216 17.88019561767578 137.1010284423828
v -4.512106895446777 17.195968627929688 136.8878936767578
v -3.700670003890991 18.392793655395508 136.9921417236328
v 1.7973129749298096 18.27983856201172 136.87562561035156
v -3.1647398471832275 18.750032424926758 136.87757873535156
v -2.5535426139831543 19.072248458862305 136.78964233398438
v 1.3385605812072754 18.736040115356445 137.07386779785156
v -1.98411226272583 19.44625473022461 137.09976196289062
v 0.7309028506278992 19.007946014404297 136.84454345703125
v -1.310272216796875 19.508312225341797 136.90338134765625
v -0.5140524506568909 19.445390701293945 136.89903259277344
v 0.20446930825710297 19.306171417236328 137.01519775390625
v -1.3580855131149292 13.287531852722168 137.80963134765625
v -0.6855335831642151 13.256032943725586 137.56491088867188
v -0.12774688005447388 13.346636772155762 137.4339599609375
v -1.8718225955963135 13.538854598999023 137.318603515625
v 0.39502546191215515 13.545351028442383 137.7158660888672
v -3.4606430530548096 14.429110527038574 137.46165466308594
v -2.579329013824463 13.89841079711914 137.35101318359375
v 0.907691240310669 14.015524864196777 137.08816528320312
v -4.143587112426758 15.048202514648438 137.4429168701172
v 1.7656800746917725 14.526083946228027 137.66835021972656
v -4.553915023803711 15.594250679016113 137.2953643798828
v 2.4360339641571045 15.04570484161377 137.26942443847656
v 2.9171783924102783 15.518943786621094 137.08070373535156
v -3.847541093826294 14.657588005065918 137.8760223388672
v -4.675405025482178 16.007537841796875 136.9557342529297
v 3.178826332092285 15.855685234069824 137.42193603515625
v -4.6966352462768555 16.050615310668945 137.51666259765625
v -4.771244525909424 16.427730560302734 137.182373046875
v 3.1634914875030518 16.32282257080078 137.6603240966797
v 2.8587417602539062 16.872928619384766 137.96319580078125
v -4.700107097625732 16.616107940673828 137.6731719970703
v -4.6990461349487305 16.90123176574707 137.23255920410156
v 2.6441915035247803 17.46027183532715 137.46458435058594
v -4.3983306884765625 17.46336555480957 137.49163818359375
v 2.352961540222168 17.893592834472656 137.4925994873047
v -4.627186298370361 17.02741241455078 137.66644287109375
v 2.2638816833496094 17.710905075073242 138.0042724609375
v -3.929347515106201 18.170452117919922 137.48251342773438
v 1.895509958267212 18.319223403930664 137.45069885253906
v -3.3726632595062256 18.704200744628906 137.5122833251953
v -2.586494207382202 19.18096923828125 137.4901580810547
v 1.4007545709609985 18.746545791625977 137.53402709960938
v -3.5789942741394043 18.44647216796875 138.05685424804688
v 1.3681159019470215 18.50501823425293 138.17852783203125
v -1.9035344123840332 19.544086456298828 137.6564483642578
v 0.8004779815673828 19.08378028869629 137.48046875
v -1.411618709564209 19.67729949951172 137.47247314453125
v -0.8476138710975647 19.661741256713867 137.3474578857422
v -0.1309337466955185 19.487396240234375 137.5876007080078
v -1.4785629510879517 19.62479591369629 137.9616241455078
v 0.44249773025512695 19.11618423461914 138.21145629882812
v -1.4093849658966064 13.30115032196045 138.6309814453125
v -0.7793925404548645 13.197745323181152 138.3204803466797
v -0.16042901575565338 13.278776168823242 138.05630493164062
v -2.044070243835449 13.524880409240723 138.1064910888672
v 0.35294297337532043 13.542028427124023 138.52413940429688
v -2.8411669731140137 14.01413345336914 138.3992919921875
v 1.0190993547439575 13.996674537658691 138.1775665283203
v -3.5369527339935303 14.46216869354248 138.2550811767578
v 1.6891227960586548 14.736186981201172 138.7255859375
v -3.9499144554138184 14.98654842376709 138.36354064941406
v 2.4484903812408447 15.07873249053955 138.0708465576172
v 2.9377853870391846 15.44108772277832 137.68783569335938
v -4.422654151916504 15.561238288879395 137.91619873046875
v 3.1328327655792236 15.868292808532715 137.95376586914062
v 2.43499493598938 15.482147216796875 138.67080688476562
v 2.873771905899048 15.527859687805176 138.20484924316406
v -4.504776477813721 16.22003173828125 138.1905975341797
v 3.082564115524292 16.280210494995117 138.1247100830078
v 2.400756597518921 16.965307235717773 138.61355590820312
v 2.8304126262664795 16.449569702148438 138.4441680908203
v 2.425347089767456 16.19898796081543 138.8734588623047
v 2.898531198501587 15.947192192077637 138.4277801513672
v -4.338315963745117 17.042076110839844 138.33712768554688
v 1.7897237539291382 17.662832260131836 138.80337524414062
v -3.960782051086426 17.88353157043457 138.22520446777344
v 1.194995641708374 18.152984619140625 139.06439208984375
v -3.4073758125305176 18.301925659179688 138.744384765625
v 0.7375351786613464 18.676780700683594 138.79354858398438
v -2.8961472511291504 18.829431533813477 138.34156799316406
v -1.9349876642227173 19.28959083557129 138.312744140625
v -0.060339849442243576 18.985963821411133 138.89170837402344
v -1.2193515300750732 19.472497940063477 138.40194702148438
v -0.243733212351799 19.41867446899414 138.25514221191406
v -0.8603460788726807 19.636066436767578 137.94583129882812
v -0.6906061172485352 19.385690689086914 138.55294799804688
v -1.348349928855896 13.388050079345703 139.2400360107422
v -0.8279321789741516 13.307059288024902 139.04180908203125
v -0.22208182513713837 13.327823638916016 138.77000427246094
v -1.966430425643921 13.674833297729492 139.15069580078125
v 0.1848781853914261 13.553579330444336 139.0386199951172
v -2.6643764972686768 14.099093437194824 139.25430297851562
v 0.6926884651184082 14.051497459411621 139.22421264648438
v -1.453630805015564 13.563773155212402 139.53929138183594
v -0.980792224407196 13.557612419128418 139.60386657714844
v -0.20511478185653687 13.62757682800293 139.4467315673828
v -3.2395849227905273 14.609237670898438 139.12437438964844
v 1.2274832725524902 14.78184700012207 139.5303192138672
v -3.7518608570098877 15.277546882629395 139.11679077148438
v -2.758660078048706 14.365092277526855 139.57872009277344
v 0.7344354391098022 14.550884246826172 139.9041290283203
v -4.17806339263916 15.699931144714355 138.69097900390625
v 1.724534511566162 15.599784851074219 139.38853454589844
v -3.7960152626037598 15.91839599609375 139.41091918945312
v 0.9779723882675171 15.211063385009766 140.03448486328125
v -4.176377296447754 16.410938262939453 138.94363403320312
v 1.7288711071014404 16.798858642578125 139.34994506835938
v -3.7723371982574463 16.618661880493164 139.57896423339844
v 1.0598077774047852 16.15960693359375 140.03053283691406
v -4.009971618652344 16.96592140197754 139.17874145507812
v 1.3760405778884888 17.599809646606445 139.38600158691406
v -3.663989543914795 17.57119369506836 139.20567321777344
v 1.037474513053894 17.87822723388672 139.51455688476562
v -3.743518829345703 17.07992172241211 139.54859924316406
v 0.8198617696762085 17.31370735168457 139.91709899902344
v -3.132303237915039 18.153417587280273 139.3712921142578
v 0.5370782017707825 18.26019287109375 139.4588623046875
v -2.875185966491699 18.544483184814453 139.0889434814453
v -2.2025816440582275 18.78915786743164 139.10592651367188
v -1.1131060123443604 18.956186294555664 139.1317596435547
v -0.2687437832355499 18.525009155273438 139.57150268554688
v -2.5449070930480957 18.300312042236328 139.6503143310547
v -1.7281570434570312 18.362977981567383 139.82923889160156
v -0.8393982648849487 18.213335037231445 139.99900817871094
v -0.01049299631267786 17.881948471069336 140.0612335205078
v -1.4256396293640137 13.986989974975586 139.92401123046875
v -0.5758283734321594 13.991508483886719 140.04779052734375
v 0.1651945561170578 14.181631088256836 139.974609375
v -2.249602794647217 14.22581958770752 139.7690887451172
v 0.35110583901405334 14.796740531921387 140.3336181640625
v -2.6668481826782227 14.8029146194458 139.90614318847656
v -1.7675837278366089 14.851387023925781 140.36911010742188
v -0.8557666540145874 14.562947273254395 140.44972229003906
v -0.20554590225219727 14.463282585144043 140.38546752929688
v -3.248687267303467 15.385293006896973 139.7342071533203
v 0.41284117102622986 15.57930850982666 140.48397827148438
v -2.457331895828247 15.692737579345703 140.37646484375
v -1.6184512376785278 15.670164108276367 140.73138427734375
v -0.9583861827850342 15.337697982788086 140.74658203125
v -0.2304471731185913 15.066865921020508 140.63406372070312
v -3.2432029247283936 16.21903419494629 140.0038299560547
v 0.321015864610672 16.483051300048828 140.49578857421875
v -2.6021792888641357 16.65947723388672 140.43431091308594
v -1.8283426761627197 16.3946533203125 140.74009704589844
v -1.0416489839553833 16.160005569458008 140.8636932373047
v -0.2890340983867645 15.880598068237305 140.77105712890625
v -3.2783679962158203 17.059036254882812 139.93898010253906
v 0.06153834983706474 17.20517921447754 140.4386749267578
v -2.95050048828125 17.753393173217773 139.86473083496094
v -2.227804660797119 17.822593688964844 140.2059326171875
v -1.4267979860305786 17.717702865600586 140.41366577148438
v -0.6127301454544067 17.488245010375977 140.50128173828125
v -2.637576103210449 17.32970428466797 140.30979919433594
v -1.9963724613189697 17.17893409729004 140.58778381347656
v -1.2087734937667847 16.966577529907227 140.75482177734375
v -0.4288182556629181 16.713722229003906 140.74546813964844
vn 0.017810499295592308 -0.3168408274650574 -0.9483115077018738
vn 0.1635507047176361 -0.3595317602157593 -0.9186882972717285
vn 0.2626291811466217 -0.3583332598209381 -0.8958923816680908
vn 0.45112577080726624 -0.305870920419693 -0.838408350944519
vn -0.34935739636421204 -0.13787883520126343 -0.9267895221710205
vn -0.15717080235481262 -0.18054601550102234 -0.9709276556968689
vn -0.004334868863224983 -0.10537000000476837 -0.9944236278533936
vn 0.15461218357086182 -0.11905338615179062 -0.9807759523391724
vn 0.2848554253578186 -0.08050405234098434 -0.9551839828491211
vn 0.4509058892726898 -0.019183119758963585 -0.8923653364181519
vn -0.4273552894592285 0.00242803106084466 -0.9040805101394653
vn -0.22524438798427582 0.048293933272361755 -0.9731046557426453
vn -0.08616103231906891 0.07636912167072296 -0.9933499097824097
vn 0.12195835262537003 0.10833141207695007 -0.9866055846214294
vn 0.29081857204437256 0.1261122226715088 -0.9484304189682007
vn 0.4793245494365692 0.16785697638988495 -0.8614360094070435
vn -0.2304438054561615 0.291259765625 -0.928473711013794
vn -0.1148354634642601 0.3249204158782959 -0.9387435913085938
vn 0.029878685250878334 0.3091098964214325 -0.9505568742752075
vn 0.20552469789981842 0.3385992646217346 -0.9182103276252747
vn 0.4544014036655426 0.2829403877258301 -0.8446680307388306
vn -0.14091357588768005 0.5562716722488403 -0.8189659714698792
vn -0.0045508695766329765 0.5573989152908325 -0.8302323222160339
vn -0.019821694120764732 -0.5227014422416687 -0.8522853851318359
vn 0.10867178440093994 -0.554113507270813 -0.8253173232078552
vn 0.2481476068496704 -0.6143025159835815 -0.7490361928939819
vn 0.3757830858230591 -0.6362369060516357 -0.673787534236908
vn -0.010546601377427578 -0.6994357109069824 -0.7146177291870117
vn 0.12168524414300919 -0.7298917770385742 -0.6726446151733398
vn 0.3206506669521332 -0.7521592378616333 -0.5757079124450684
vn -0.12302550673484802 -0.4382474422454834 -0.8903954029083252
vn 0.636702299118042 -0.4507784843444824 -0.6256268620491028
vn -0.49510085582733154 -0.277832955121994 -0.8232156038284302
vn -0.26343294978141785 -0.3407236933708191 -0.9025023579597473
vn -0.43076226115226746 -0.457428902387619 -0.777947723865509
vn -0.17334385216236115 -0.5556899309158325 -0.8131178617477417
vn 0.8427872061729431 -0.3153829276561737 -0.43616896867752075
vn -0.5961132645606995 -0.14111416041851044 -0.790402352809906
vn 0.7048012614250183 -0.07804425060749054 -0.7050988078117371
vn 0.8779093623161316 -0.0146596385166049 -0.47860246896743774
vn -0.6854114532470703 0.05210748687386513 -0.7262892127037048
vn 0.6715394854545593 0.15725019574165344 -0.7240906357765198
vn -0.5124399662017822 0.14120523631572723 -0.8470339179039001
vn 0.8447981476783752 0.17244881391525269 -0.5065348148345947
vn -0.43075788021087646 0.4099649488925934 -0.8039754033088684
vn 0.6801912188529968 0.3542816638946533 -0.6417354345321655
vn -0.4000968933105469 0.576513946056366 -0.7124283909797668
vn 0.38021042943000793 0.4975854158401489 -0.779646635055542
vn 0.5972689986228943 0.4538296163082123 -0.6612929701805115
vn -0.6716400384902954 0.384455144405365 -0.6333198547363281
vn 0.8130449056625366 0.3809691071510315 -0.4402506351470947
vn -0.23014940321445465 0.7130074501037598 -0.662307858467102
vn 0.14080436527729034 0.5870147347450256 -0.7972376346588135
vn -0.07505746185779572 0.7668367028236389 -0.6374385356903076
vn 0.07137294858694077 0.7838418483734131 -0.6168450713157654
vn -0.46149736642837524 0.6846243143081665 -0.5641894936561584
vn 0.27570661902427673 0.7496039271354675 -0.6017307043075562
vn 0.5111346244812012 0.6924842000007629 -0.5091238617897034
vn 0.02255546860396862 -0.8599005341529846 -0.5099631547927856
vn 0.07627201825380325 -0.8602257966995239 -0.504176676273346
vn 0.20961996912956238 -0.8557366132736206 -0.4730478823184967
vn -0.07577724754810333 -0.7358007431030273 -0.6729450821876526
vn 0.4118459224700928 -0.8485275506973267 -0.33224084973335266
vn -0.5578808784484863 -0.5549352765083313 -0.6171026825904846
vn -0.30678415298461914 -0.660373330116272 -0.6854127645492554
vn 0.4689984619617462 -0.7623344659805298 -0.44596704840660095
vn 0.6266807913780212 -0.6657931804656982 -0.40495765209198
vn -0.3939933776855469 -0.7535257339477539 -0.5262777805328369
vn -0.16236011683940887 -0.8221263885498047 -0.5456624031066895
vn -0.6630616188049316 -0.35499340295791626 -0.65903639793396
vn 0.8278246521949768 -0.5177860260009766 -0.2158794105052948
vn -0.7242227792739868 -0.15782925486564636 -0.6712609529495239
vn 0.9510007500648499 -0.23473626375198364 -0.2012375146150589
vn -0.7970718145370483 0.10032019764184952 -0.5954934358596802
vn 0.9718473553657532 -0.007052191533148289 -0.23550604283809662
vn -0.8680986762046814 0.14159056544303894 -0.4757697284221649
vn -0.771571159362793 0.3034000098705292 -0.5591300129890442
vn 0.943958580493927 0.2312406301498413 -0.23552079498767853
vn -0.6920521855354309 0.5312639474868774 -0.4886946976184845
vn 0.821557343006134 0.4957551062107086 -0.2815501391887665
vn -0.829544186592102 0.37078335881233215 -0.41758379340171814
vn -0.5350432991981506 0.7372347712516785 -0.412569522857666
vn 0.723980188369751 0.5542758107185364 -0.4106470048427582
vn -0.3036328852176666 0.8381673693656921 -0.45308127999305725
vn -0.1467522382736206 0.8721054196357727 -0.4667932689189911
vn 0.07400117814540863 0.8629949688911438 -0.499763548374176
vn 0.35138949751853943 0.8492593169212341 -0.3940609097480774
vn 0.5938053727149963 0.7549660205841064 -0.27824726700782776
vn -0.6739317178726196 0.672874391078949 -0.30505093932151794
vn -0.16304054856300354 0.9364364743232727 -0.3106519281864166
vn 0.021205537021160126 0.9459696412086487 -0.32356125116348267
vn 0.21290503442287445 0.9206957817077637 -0.3270943760871887
vn -0.4121566712856293 -0.7859874367713928 -0.4608151316642761
vn -0.12308033555746078 -0.8866513967514038 -0.4457584619522095
vn 0.07952537387609482 -0.9272440671920776 -0.3659156262874603
vn 0.15271428227424622 -0.9293559193611145 -0.33611905574798584
vn 0.24590708315372467 -0.9229725003242493 -0.2960599958896637
vn -0.3901713192462921 -0.8150011897087097 -0.42841506004333496
vn -0.09332150220870972 -0.9012380838394165 -0.42315617203712463
vn -0.6228881478309631 -0.5917460322380066 -0.5117099285125732
vn 0.4420985281467438 -0.8858440518379211 -0.14081594347953796
vn 0.5902004837989807 -0.7877731919288635 -0.17628616094589233
vn 0.6805960536003113 -0.7135695815086365 -0.1661553829908371
vn -0.62517911195755 -0.6543446779251099 -0.4254223704338074
vn -0.73761385679245 -0.35486292839050293 -0.574454665184021
vn 0.8760238885879517 -0.4818980097770691 -0.018881764262914658
vn -0.7546759843826294 -0.45751699805259705 -0.47025778889656067
vn -0.8154178261756897 -0.13165460526943207 -0.5637028217315674
vn 0.9762241244316101 -0.21658362448215485 -0.008835498243570328
vn -0.9097773432731628 -0.027473026886582375 -0.4141865670681
vn -0.8548339605331421 -0.2668898105621338 -0.4450041651725769
vn -0.9144365191459656 0.23251600563526154 -0.33127361536026
vn 0.9987195730209351 0.018472254276275635 -0.04709679260849953
vn -0.8527768850326538 0.45579397678375244 -0.2549969255924225
vn 0.9464153051376343 0.3126027286052704 -0.08110284805297852
vn -0.7802238464355469 0.5541270971298218 -0.2901618778705597
vn 0.845420241355896 0.5329033732414246 -0.035758670419454575
vn -0.6665593981742859 0.7326334714889526 -0.13764715194702148
vn 0.7481937408447266 0.6481592655181885 -0.14175939559936523
vn -0.5132518410682678 0.8248406052589417 -0.23708759248256683
vn -0.4022590219974518 0.8662331104278564 -0.29635781049728394
vn 0.6260278224945068 0.7713609337806702 -0.11441778391599655
vn -0.25778302550315857 0.9517119526863098 -0.1667102426290512
vn 0.46901994943618774 0.8548226952552795 -0.22203262150287628
vn -0.030080968514084816 0.9951714277267456 -0.0934293270111084
vn 0.13204266130924225 0.9871596097946167 -0.0898929312825203
vn 0.3212890326976776 0.9436385035514832 -0.07949663698673248
vn -0.45159757137298584 0.8864906430244446 -0.10096506774425507
vn -0.39025387167930603 -0.885024905204773 -0.2538362443447113
vn -0.18547950685024261 -0.9422913193702698 -0.27871930599212646
vn -0.5572777390480042 -0.7752658128738403 -0.29732877016067505
vn 0.052921585738658905 -0.9609856605529785 -0.271488219499588
vn -0.7320087552070618 -0.655236005783081 -0.18662512302398682
vn 0.16643169522285461 -0.9334433078765869 -0.3177800476551056
vn 0.23650990426540375 -0.9540896415710449 -0.1837826818227768
vn 0.31647583842277527 -0.9380603432655334 -0.14101716876029968
vn 0.25074994564056396 -0.9598391652107239 -0.1258304864168167
vn -0.7967204451560974 -0.5208796858787537 -0.3064652681350708
vn 0.5013354420661926 -0.8647106885910034 0.03062940016388893
vn 0.6163980960845947 -0.7874070405960083 0.006597026716917753
vn 0.7575263977050781 -0.6519052982330322 0.03425252065062523
vn -0.8795638680458069 -0.3573625087738037 -0.31410112977027893
vn 0.906070351600647 -0.40669190883636475 0.11678286641836166
vn 0.8156932592391968 -0.5401622653007507 0.20704881846904755
vn -0.9225412607192993 -0.08252999186515808 -0.376970112323761
vn 0.9745457172393799 -0.16677625477313995 0.14982090890407562
vn -0.9089824557304382 -0.26070737838745117 -0.32524240016937256
vn 0.8925429582595825 -0.33889394998550415 0.2975197434425354
vn -0.8924688696861267 0.36995306611061096 -0.25813570618629456
vn 0.9927197098731995 0.082163967192173 0.08807241171598434
vn -0.9216426610946655 0.14291241765022278 -0.3607642352581024
vn -0.8372915387153625 0.5406075119972229 -0.08177059143781662
vn 0.9418306350708008 0.3158036172389984 0.1149919405579567
vn -0.7696133255958557 0.6292681097984314 -0.10824545472860336
vn 0.8221290111541748 0.5323803424835205 0.20168063044548035
vn 0.8831078410148621 0.33089759945869446 0.3326069414615631
vn -0.6578711867332458 0.7530986666679382 0.006924408953636885
vn 0.7541776299476624 0.6471762657165527 0.1112615242600441
vn -0.5671620965003967 0.8230588436126709 -0.03002147562801838
vn 0.6560729146003723 0.7466134428977966 0.11016654968261719
vn -0.48623591661453247 0.8688357472419739 0.09326905757188797
vn 0.5142623782157898 0.8563443422317505 0.04699573293328285
vn -0.23198573291301727 0.9720001816749573 0.0373946875333786
vn -0.021338364109396935 0.993543267250061 0.11142987012863159
vn 0.13681848347187042 0.9838706254959106 0.11523587256669998
vn 0.30185458064079285 0.9429569244384766 0.14041388034820557
vn -0.33972856402397156 0.9129267930984497 0.22616209089756012
vn -0.3117210566997528 -0.9470870494842529 -0.07652520388364792
vn -0.11729130893945694 -0.9922472238540649 -0.04108794778585434
vn 0.049355581402778625 -0.9981083273887634 -0.03665868192911148
vn -0.6667153835296631 -0.7447055578231812 -0.030070580542087555
vn 0.24096378684043884 -0.9619958400726318 0.12845392525196075
vn -0.7590138912200928 -0.6475409865379333 0.06773919612169266
vn 0.3295944333076477 -0.9438949227333069 -0.0207337886095047
vn 0.38249289989471436 -0.9239253997802734 0.007815513759851456
vn -0.5686360597610474 -0.8165565729141235 0.09944090247154236
vn -0.8667322397232056 -0.4917801320552826 -0.08323182165622711
vn 0.5710294842720032 -0.8081825375556946 0.14410515129566193
vn 0.6921992301940918 -0.6968799829483032 0.18766629695892334
vn -0.8144216537475586 -0.5598341822624207 0.15265382826328278
vn -0.8844441175460815 -0.4258227050304413 -0.19087620079517365
vn 0.8033418655395508 -0.47211217880249023 0.362976610660553
vn -0.895006537437439 -0.4459967315196991 0.007094005588442087
vn -0.9757379293441772 -0.13941988348960876 -0.16881230473518372
vn 0.8436407446861267 -0.18600891530513763 0.5036576390266418
vn 0.923923134803772 -0.15696954727172852 0.34889358282089233
vn -0.9738746881484985 0.2198633998632431 -0.05681706592440605
vn 0.9557327032089233 0.06207523122429848 0.2876136898994446
vn -0.8698738813400269 0.46758928894996643 -0.15709823369979858
vn 0.8338385224342346 0.23016828298568726 0.5017330050468445
vn -0.8488069772720337 0.4976586401462555 0.17850108444690704
vn 0.8585706949234009 0.008389268070459366 0.5126265287399292
vn -0.81833416223526 0.5676385760307312 0.09008722752332687
vn 0.7762432098388672 0.4621087610721588 0.4288380444049835
vn -0.7508487701416016 0.6547953486442566 0.0864248126745224
vn -0.6518115997314453 0.7413411736488342 0.15985940396785736
vn 0.7518854141235352 0.5768967270851135 0.3191528022289276
vn -0.5081360936164856 0.8464218378067017 0.15927304327487946
vn -0.45805931091308594 0.8401513695716858 0.2903917133808136
vn 0.6053255200386047 0.7345919609069824 0.30652183294296265
vn -0.5156495571136475 0.8023412823677063 0.300589382648468
vn 0.5705057978630066 0.6743903756141663 0.46874383091926575
vn -0.2713216245174408 0.8687916398048401 0.41422903537750244
vn 0.4386327862739563 0.8512583374977112 0.2880288064479828
vn -0.11939559131860733 0.956248939037323 0.26708194613456726
vn 0.08821963518857956 0.9474075436592102 0.3076300323009491
vn 0.2654961049556732 0.911328136920929 0.3146313726902008
vn -0.04740384593605995 0.8867260813713074 0.4598585069179535
vn 0.17134320735931396 0.8644102811813354 0.47269052267074585
vn 0.3610934019088745 0.8034396767616272 0.4733881652355194
vn -0.058735284954309464 -0.9559869766235352 0.28747013211250305
vn 0.0575883723795414 -0.9683211445808411 0.24297690391540527
vn -0.3010384738445282 -0.8967697620391846 0.32431453466415405
vn 0.15479502081871033 -0.9111219048500061 0.38196247816085815
vn -0.6070709824562073 -0.6865754127502441 0.4000987708568573
vn 0.30216243863105774 -0.9126160740852356 0.2753722071647644
vn 0.4003867208957672 -0.8959066271781921 0.19246262311935425
vn -0.250750333070755 -0.7902510762214661 0.5591310858726501
vn -0.02131080813705921 -0.8423599004745483 0.5384939312934875
vn -0.6622477173805237 -0.639833390712738 0.3899247348308563
vn 0.5756695866584778 -0.7742564082145691 0.2629287540912628
vn -0.755927562713623 -0.5413433909416199 0.36813169717788696
vn 0.7166028022766113 -0.5991275906562805 0.3571087718009949
vn -0.48753708600997925 -0.6426030993461609 0.5910742878913879
vn -0.2651439607143402 -0.6941179633140564 0.6692525148391724
vn 0.525800883769989 -0.7496373057365417 0.40196695923805237
vn -0.8686686754226685 -0.4202791154384613 0.26225990056991577
vn 0.8003135323524475 -0.33347898721694946 0.49828705191612244
vn -0.8284710049629211 -0.36788150668144226 0.42225468158721924
vn -0.7846953868865967 -0.36098501086235046 0.5039275884628296
vn 0.7168192267417908 -0.4026584029197693 0.5692420601844788
vn -0.9646315574645996 -0.16749435663223267 0.20354779064655304
vn 0.8002200722694397 -0.06207269802689552 0.596485435962677
vn -0.915273904800415 0.21323731541633606 0.3417653739452362
vn -0.8195807337760925 -0.05308325216174126 0.5704995393753052
vn 0.7182467579841614 -0.1567455232143402 0.6779029965400696
vn -0.8058833479881287 0.29851824045181274 0.5113109350204468
vn 0.7776194214820862 0.16992712020874023 0.6053370237350464
vn 0.7159053087234497 0.0835798978805542 0.693176805973053
vn -0.8502616882324219 0.39318621158599854 0.3499424457550049
vn 0.7539804577827454 0.40881821513175964 0.5141801238059998
vn -0.7305852174758911 0.639918327331543 0.23822203278541565
vn -0.6273461580276489 0.6927477121353149 0.3557209074497223
vn 0.6304450035095215 0.5010818243026733 0.5928373336791992
vn -0.7126128673553467 0.5476964712142944 0.438419371843338
vn 0.6732810735702515 0.3259675204753876 0.6636548638343811
vn -0.4737633764743805 0.7384623885154724 0.47981417179107666
vn 0.468299925327301 0.6362565755844116 0.6130846738815308
vn -0.3306956887245178 0.8532581329345703 0.40322577953338623
vn -0.20426109433174133 0.8241084218025208 0.5283206105232239
vn 0.014292767271399498 0.8094974756240845 0.5869494080543518
vn 0.23457643389701843 0.7602065205574036 0.6058546900749207
vn -0.3138854503631592 0.7451025247573853 0.5884711146354675
vn 0.46000897884368896 0.5890315771102905 0.6644046306610107
vn 0.13440275192260742 -0.8286647796630859 0.543369710445404
vn 0.31703272461891174 -0.8454482555389404 0.42977622151374817
vn -0.08793216943740845 -0.7167054414749146 0.6918100714683533
vn 0.4314621388912201 -0.683588981628418 0.5886821150779724
vn -0.5074343681335449 -0.538672685623169 0.6725637912750244
vn -0.32434195280075073 -0.5926156640052795 0.7372984290122986
vn 0.6122037172317505 -0.5379663705825806 0.5794814229011536
vn 0.09803196787834167 -0.7001277804374695 0.7072558999061584
vn 0.25905469059944153 -0.7031593322753906 0.6621612906455994
vn -0.6151379346847534 -0.4800196588039398 0.6254490613937378
vn 0.5950918197631836 -0.29613739252090454 0.747106671333313
vn -0.7371306419372559 -0.249734029173851 0.6279102563858032
vn -0.5995979905128479 -0.3174806535243988 0.7346348166465759
vn -0.4766932725906372 -0.41425642371177673 0.7753419280052185
vn 0.29198408126831055 -0.5287580490112305 0.7969694137573242
vn 0.4451158046722412 -0.4764280915260315 0.7582138776779175
vn -0.7515808343887329 -0.16786277294158936 0.6379250884056091
vn 0.603891909122467 -0.0527024082839489 0.7953220009803772
vn -0.6515491604804993 -0.10116651654243469 0.7518304586410522
vn -0.5948066115379333 -0.1331825852394104 0.7927594780921936
vn 0.5028670430183411 -0.23350083827972412 0.8322272300720215
vn -0.7718586325645447 0.04466652870178223 0.6342233419418335
vn 0.6066350340843201 0.14485780894756317 0.781671404838562
vn -0.752688467502594 0.23566202819347382 0.614754855632782
vn -0.57737797498703 0.10626547783613205 0.8095322251319885
vn -0.5256991386413574 0.17714078724384308 0.8320226073265076
vn 0.49016493558883667 0.08209585398435593 0.8677549362182617
vn -0.5512903332710266 0.4226933717727661 0.7193117141723633
vn 0.5503451228141785 0.34779539704322815 0.7590511441230774
vn -0.5298909544944763 0.6625295877456665 0.5294054746627808
vn -0.436083048582077 0.613842785358429 0.6580491065979004
vn 0.3061652183532715 0.49761348962783813 0.8115686774253845
vn -0.4177636504173279 0.4265894591808319 0.8021814227104187
vn -0.3048931956291199 0.48981672525405884 0.8167739510536194
vn -0.03880201280117035 0.5126911997795105 0.8576958179473877
vn 0.24262253940105438 0.36799928545951843 0.8976140022277832
vn 0.3666347861289978 0.29468050599098206 0.882463812828064
vn -0.2481413632631302 0.6238671541213989 0.7410909533500671
vn 0.17340214550495148 0.6762785911560059 0.7159462571144104
vn -0.15442140400409698 0.7705078125 0.6184430718421936
vn -0.012740366160869598 0.7330664396286011 0.6800376772880554
vn -0.09570204466581345 0.6212376356124878 0.7777563333511353
vn 0.0848846286535263 0.5447738766670227 0.8342757821083069
vn -0.006764980498701334 -0.5955337882041931 0.8033018112182617
vn -0.22303195297718048 -0.550238311290741 0.804670512676239
vn 0.12070395797491074 -0.45606186985969543 0.8817245364189148
vn -0.3101543188095093 -0.3749864101409912 0.8736072182655334
vn 0.36137160658836365 -0.3205033242702484 0.8756073713302612
vn -0.10951565206050873 -0.3900744616985321 0.9142473340034485
vn -0.4700496792793274 -0.21224065124988556 0.856742262840271
vn 0.40241456031799316 -0.07692895829677582 0.9122195839881897
vn -0.2716657519340515 -0.13395749032497406 0.9530231952667236
vn -0.05615956708788872 -0.13634036481380463 0.9890689849853516
vn 0.149306520819664 -0.22767867147922516 0.9622213840484619
vn -0.49007880687713623 0.033355217427015305 0.8710397481918335
vn 0.322657972574234 0.17510364949703217 0.9301777482032776
vn -0.4108685851097107 0.325560063123703 0.8515853881835938
vn -0.16845622658729553 0.4067389965057373 0.8978785872459412
vn 0.07115890830755234 0.3313990533351898 0.9408034682273865
vn -0.29675325751304626 0.15723375976085663 0.9419209361076355
vn -0.09177260845899582 0.1365901529788971 0.9863675832748413
vn 0.15525628626346588 0.04636295512318611 0.9867856502532959
vn -0.07634956389665604 -0.1581764817237854 -0.9844546914100647
vn 0.1317654848098755 -0.17041733860969543 -0.9765222668647766
vn 0.33891215920448303 -0.149642214179039 -0.9288411140441895
vn -0.13932669162750244 0.06395337730646133 -0.9881791472434998
vn 0.10026386380195618 0.07706806063652039 -0.9919716119766235
vn 0.3302268981933594 0.1034129187464714 -0.9382196068763733
vn -0.19268737733364105 0.3176061809062958 -0.9284384250640869
vn 0.0389678031206131 0.3090575039386749 -0.9502447247505188
vn 0.2897304594516754 0.2930017113685608 -0.9111565947532654
vn -0.08576147258281708 0.5473319888114929 -0.8325098156929016
vn 0.1629440039396286 0.5293186902999878 -0.8326290249824524
vn 0.1043897494673729 -0.33391785621643066 -0.9368039965629578
vn 0.29000213742256165 -0.3402664065361023 -0.8944929838180542
vn -0.12753139436244965 -0.18279901146888733 -0.9748437404632568
vn 0.08393026888370514 -0.1359958052635193 -0.987147867679596
vn 0.28807148337364197 -0.14513224363327026 -0.9465471506118774
vn 0.4610174000263214 -0.1315457820892334 -0.8775869011878967
vn -0.22448430955410004 0.0236829686909914 -0.9741898775100708
vn -0.029406579211354256 0.052921026945114136 -0.9981656670570374
vn 0.24287913739681244 0.06844634562730789 -0.9676387906074524
vn 0.44939151406288147 0.07049541175365448 -0.8905490636825562
vn -0.2408660501241684 0.3086855709552765 -0.9201613068580627
vn -0.07850790023803711 0.31975057721138 -0.9442436695098877
vn 0.11445124447345734 0.2871352732181549 -0.9510279893875122
vn 0.3262512683868408 0.2664201259613037 -0.9069622159004211
vn -0.12363797426223755 0.5723585486412048 -0.8106290102005005
vn 0.046975430101156235 0.5577498078346252 -0.8286787271499634
vn -0.19793091714382172 -0.3364522159099579 -0.9206646084785461
vn 0.02502097189426422 -0.41240817308425903 -0.9106554985046387
vn 0.23955969512462616 -0.42205551266670227 -0.8743456602096558
vn -0.2747226059436798 -0.46577227115631104 -0.8411799073219299
vn -0.08293808996677399 -0.5199856162071228 -0.8501389622688293
vn 0.1574150025844574 -0.5785729289054871 -0.8002961874008179
vn 0.39057958126068115 -0.47631511092185974 -0.7877635955810547
vn 0.5251468420028687 -0.3222683370113373 -0.7876318693161011
vn -0.320235013961792 -0.13324148952960968 -0.9379212260246277
vn 0.47335338592529297 -0.28294387459754944 -0.8341938853263855
vn -0.39141011238098145 -0.2934578061103821 -0.872170090675354
vn 0.5833572149276733 -0.14846627414226532 -0.7985312938690186
vn 0.6668468117713928 -0.07646492123603821 -0.74126136302948
vn -0.3834094703197479 0.06152726337313652 -0.9215267896652222
vn 0.5107095241546631 0.02720838412642479 -0.859322726726532
vn -0.5130420327186584 -0.06279820203781128 -0.8560632467269897
vn 0.5846028327941895 0.12772339582443237 -0.8012030720710754
vn 0.6574544310569763 0.09161914885044098 -0.7479035258293152
vn -0.41650187969207764 0.2982313632965088 -0.8588272333145142
vn 0.488365113735199 0.3042154014110565 -0.817895233631134
vn -0.39318740367889404 0.4976617693901062 -0.773134171962738
vn -0.5622220039367676 0.2369503527879715 -0.7923136949539185
vn 0.550373911857605 0.3386360704898834 -0.7631606459617615
vn 0.030333057045936584 0.04980297386646271 -0.9982983469963074
vn -0.20025043189525604 0.6941128373146057 -0.6914529204368591
vn 0.4168164134025574 0.4656141400337219 -0.7806840538978577
vn 0.02039662003517151 0.7399913668632507 -0.6723070740699768
vn 0.29670771956443787 0.6615597009658813 -0.6886968612670898
vn -0.4035395085811615 0.6426661610603333 -0.6512572765350342
vn 0.03359825164079666 -0.5136163830757141 -0.857361912727356
vn 0.20281556248664856 -0.5634626150131226 -0.8008593916893005
vn -0.08354826271533966 -0.6473366022109985 -0.7576114535331726
vn 0.08596298843622208 -0.6968924403190613 -0.7120051383972168
vn -0.11590266972780228 -0.4302895963191986 -0.8952192664146423
vn 0.3207322657108307 -0.5383045077323914 -0.7793325185775757
vn -0.265272319316864 -0.3065793216228485 -0.9141333699226379
vn 0.5399944186210632 -0.32796889543533325 -0.7751402854919434
vn -0.2959703505039215 -0.44083860516548157 -0.8473859429359436
vn 0.5141176581382751 -0.5540289878845215 -0.6547785997390747
vn -0.37746021151542664 -0.18244817852973938 -0.9078747034072876
vn 0.6442707777023315 -0.15592870116233826 -0.7487332820892334
vn -0.4818496108055115 -0.27848511934280396 -0.8308230638504028
vn 0.7827922105789185 -0.10749693959951401 -0.6129279732704163
vn -0.4262111783027649 0.018368223682045937 -0.9044371843338013
vn 0.6261790990829468 0.03113778866827488 -0.7790572643280029
vn -0.561819851398468 -0.07175008952617645 -0.8241422176361084
vn 0.769355297088623 0.06545326858758926 -0.6354591250419617
vn -0.45945701003074646 0.2858046293258667 -0.8409607410430908
vn 0.6086466312408447 0.22671210765838623 -0.7603623270988464
vn -0.42840775847435 0.5203548669815063 -0.7387135624885559
vn 0.4897907078266144 0.3949401080608368 -0.7772563695907593
vn -0.6238441467285156 0.23874256014823914 -0.7441912293434143
vn 0.7520396113395691 0.25003716349601746 -0.6098506450653076
vn -0.21490377187728882 0.716485857963562 -0.6636748909950256
vn 0.2021668404340744 0.5581745505332947 -0.8047172427177429
vn -0.026813223958015442 0.782660186290741 -0.6218715310096741
vn 0.12967441976070404 0.7986149787902832 -0.5877063870429993
vn -0.451378732919693 0.6803829669952393 -0.5773528218269348
vn 0.3795450031757355 0.7154971361160278 -0.586523175239563
vn -0.36175695061683655 -0.6315802931785583 -0.6857392191886902
vn -0.10135582834482193 -0.6997538805007935 -0.7071573734283447
vn 0.06829685717821121 -0.6868476867675781 -0.7235854864120483
vn 0.2751087546348572 -0.6609457731246948 -0.698187530040741
vn 0.40575891733169556 -0.6225531697273254 -0.6691690683364868
vn -0.27554500102996826 -0.7774456739425659 -0.5653787851333618
vn -0.06159732863306999 -0.8326826691627502 -0.5503138303756714
vn 0.11334133893251419 -0.8079389929771423 -0.5782632827758789
vn 0.30205121636390686 -0.7778993844985962 -0.5510332584381104
vn -0.5092099905014038 -0.42617636919021606 -0.7477158308029175
vn 0.5411981344223022 -0.5332987308502197 -0.6501516699790955
vn 0.6956896185874939 -0.3304899334907532 -0.6378027200698853
vn -0.502875804901123 -0.5214369297027588 -0.6893616914749146
vn 0.7187424898147583 -0.5685641765594482 -0.4001801311969757
vn -0.580341100692749 -0.17550744116306305 -0.7952367067337036
vn 0.7611564993858337 0.02945973537862301 -0.6478989124298096
vn -0.6545823812484741 -0.2698006331920624 -0.7062079310417175
vn 0.8661532998085022 0.1489725410938263 -0.4770594835281372
vn -0.6416831612586975 0.047847624868154526 -0.765475869178772
vn 0.8415429592132568 0.08313298970460892 -0.5337550640106201
vn 0.7475376725196838 0.15593339502811432 -0.6456564664840698
vn -0.022783193737268448 -0.9987844228744507 -0.04370969533920288
vn -0.7108592987060547 -0.03900039568543434 -0.7022520899772644
vn -0.6437170505523682 0.2867889106273651 -0.7094931602478027
vn 0.6833468079566956 0.33507564663887024 -0.6486613154411316
vn -0.9989023804664612 -0.002436337759718299 -0.0467776395380497
vn 0.9979169368743896 0.0005423962720669806 0.06451015174388885
vn -0.6045247912406921 0.48336610198020935 -0.6331722736358643
vn 0.5575528740882874 0.49511513113975525 -0.666330099105835
vn -0.03021266497671604 0.9978250861167908 0.058586448431015015
vn -0.7112022042274475 0.26068854331970215 -0.6528652310371399
vn 0.8632795214653015 0.2120470553636551 -0.45802247524261475
vn -0.08319394290447235 -0.05089064687490463 0.9952331185340881
vn -0.48891758918762207 0.689903199672699 -0.5338475108146667
vn 0.45146384835243225 0.6298807263374329 -0.6320053339004517
vn -0.27922025322914124 0.818006157875061 -0.5028936266899109
vn -0.00009429171041119844 0.8358606696128845 -0.5489417314529419
vn 0.28221145272254944 0.7740045189857483 -0.5668101906776428
vn -0.5437659025192261 0.6978650689125061 -0.46615785360336304
vn 0.4876755177974701 0.7075778245925903 -0.5113768577575684
vn 0.5316383838653564 0.7550947070121765 -0.3836570084095001
vn -0.2881636917591095 0.8934907913208008 -0.3444356620311737
vn -0.083616241812706 0.9169235229492188 -0.390204519033432
vn 0.19050715863704681 0.8899559378623962 -0.41434943675994873
vn -0.08282405883073807 -0.8050463199615479 -0.5874015688896179
vn 0.04826630279421806 -0.8324049711227417 -0.5520618557929993
vn -0.16837917268276215 -0.6665432453155518 -0.7262014746665955
vn 0.27908265590667725 -0.7444859147071838 -0.6065093278884888
vn -0.33338838815689087 -0.5791006684303284 -0.7439722418785095
vn 0.48043400049209595 -0.6960038542747498 -0.5336307883262634
vn -0.34959280490875244 -0.7110307812690735 -0.6100985407829285
vn 0.4660564064979553 -0.7790877223014832 -0.4193015992641449
vn -0.4721231162548065 -0.4870375394821167 -0.7347750067710876
vn 0.6657884120941162 -0.5372000336647034 -0.5178242325782776
vn -0.5936824679374695 -0.36953720450401306 -0.7148311138153076
vn 0.7412489652633667 -0.3127436339855194 -0.5939204692840576
vn -0.648512601852417 -0.5105257630348206 -0.564619243144989
vn -0.5384147763252258 -0.5737600326538086 -0.6171782612800598
vn 0.7763820290565491 -0.4868769645690918 -0.4002271890640259
vn -0.6743238568305969 -0.1530754566192627 -0.7223955392837524
vn 0.8440654277801514 -0.31259703636169434 -0.43570253252983093
vn -0.7200407981872559 -0.27281469106674194 -0.6380544304847717
vn -0.7455888390541077 0.059652406722307205 -0.6637310981750488
vn 0.8431077003479004 -0.100572869181633 -0.5282561779022217
vn -0.83690345287323 0.0016780318692326546 -0.5473480820655823
vn 0.8991115689277649 0.06435547769069672 -0.4329628348350525
vn -0.7530616521835327 0.3046540319919586 -0.583167314529419
vn 0.8361322283744812 0.30095940828323364 -0.4585917592048645
vn -0.6880456805229187 0.5072384476661682 -0.5189434885978699
vn 0.7427739500999451 0.45545971393585205 -0.49075794219970703
vn -0.8615342974662781 0.28374600410461426 -0.421006977558136
vn 0.8755829930305481 0.35855069756507874 -0.3237217962741852
vn -0.5247211456298828 0.7527270913124084 -0.39757978916168213
vn 0.618884801864624 0.5576395392417908 -0.5531906485557556
vn -0.281105101108551 0.8504356741905212 -0.44467857480049133
vn -0.09254952520132065 0.8694395422935486 -0.4852932393550873
vn 0.21316036581993103 0.8492481112480164 -0.4830530881881714
vn 0.4353972375392914 0.8242161273956299 -0.36207330226898193
vn -0.6784312725067139 0.6761783361434937 -0.28725215792655945
vn 0.651739776134491 0.687847912311554 -0.31953173875808716
vn -0.17882603406906128 0.9377326965332031 -0.29778966307640076
vn 0.057898685336112976 0.9248347282409668 -0.37593692541122437
vn -0.2415550798177719 -0.930386483669281 -0.2757393419742584
vn -0.12713313102722168 -0.923258364200592 -0.3625345528125763
vn 0.03192012012004852 -0.9310107827186584 -0.3635932207107544
vn 0.20450681447982788 -0.9222686886787415 -0.3280205726623535
vn -0.33580052852630615 -0.7888199090957642 -0.514782726764679
vn 0.42185816168785095 -0.8503513932228088 -0.3145446181297302
vn -0.6060774922370911 -0.6460897326469421 -0.4639376699924469
vn 0.5028901100158691 -0.7355852723121643 -0.4538898468017578
vn 0.568468451499939 -0.7487548589706421 -0.34089550375938416
vn -0.4545550048351288 -0.8604188561439514 -0.23034575581550598
vn 0.5910602807998657 -0.7921289801597595 -0.15224815905094147
vn -0.7354606986045837 -0.4204167127609253 -0.5313637256622314
vn 0.7600775361061096 -0.6444566249847412 -0.08341363817453384
vn 0.6949216723442078 -0.4597763121128082 -0.5528920888900757
vn -0.7617027163505554 -0.19969981908798218 -0.6163837909698486
vn 0.9322560429573059 -0.2931995987892151 -0.21197324991226196
vn 0.9799949526786804 0.024559367448091507 0.19750143587589264
vn -0.8043146729469299 -0.25483375787734985 -0.5367845892906189
vn 0.7850107550621033 -0.597616970539093 0.1631321907043457
vn -0.7760395407676697 0.08174749463796616 -0.6253639459609985
vn 0.9699904322624207 0.20010365545749664 -0.13812007009983063
vn -0.830571174621582 0.012230155989527702 -0.5567783117294312
vn -0.7504450678825378 0.321320116519928 -0.577568769454956
vn 0.963667094707489 0.1387186497449875 -0.22826068103313446
vn -0.684084415435791 0.5189764499664307 -0.5125349760055542
vn 0.8259921669960022 0.32700279355049133 -0.45913636684417725
vn 0.7108583450317383 0.009755723178386688 -0.7032676339149475
vn -0.8046619892120361 0.3171895742416382 -0.5019063353538513
vn -0.5808756351470947 0.7253308892250061 -0.3694300353527069
vn 0.6536895036697388 0.5677492022514343 -0.5003508925437927
vn 0.02466622367501259 0.7927091121673584 -0.609100878238678
vn 0.9826709628105164 0.1439189463853836 0.11681234836578369
vn -0.45999518036842346 0.8277477622032166 -0.3213070034980774
vn 0.47322219610214233 0.8039475083351135 -0.3601793944835663
vn 0.30529507994651794 0.9208019971847534 0.2427317351102829
vn -0.655184805393219 0.6846899390220642 -0.3192687928676605
vn 0.7277893424034119 0.36045366525650024 -0.5834344625473022
vn -0.3265607953071594 0.9320726990699768 -0.15683947503566742
vn 0.42617765069007874 0.8036066889762878 -0.41543835401535034
vn -0.10742387175559998 0.9786263704299927 -0.175358384847641
vn 0.10161957144737244 0.9755371809005737 -0.1949375569820404
vn 0.3199305832386017 0.9170389175415039 -0.23808430135250092
vn -0.2143927365541458 -0.817175030708313 -0.5350333452224731
vn 0.014811685308814049 -0.8863381147384644 -0.4628017544746399
vn 0.1510511040687561 -0.9014603495597839 -0.4056512117385864
vn 0.301759272813797 -0.8809309601783752 -0.3645572364330292
vn -0.2392038106918335 -0.8700642585754395 -0.4310101568698883
vn 0.06626438349485397 -0.9201648831367493 -0.38588300347328186
vn -0.42021119594573975 -0.7450259327888489 -0.5180338025093079
vn 0.5809561014175415 -0.7750980854034424 -0.24842104315757751
vn -0.7834392786026001 -0.5293838381767273 -0.3255389332771301
vn -0.6104565858840942 -0.6704812049865723 -0.42166057229042053
vn 0.6721535325050354 -0.6727648973464966 -0.30918774008750916
vn -0.4915531575679779 -0.7824183702468872 -0.3823571503162384
vn -0.8296346068382263 -0.3072500228881836 -0.4661587178707123
vn 0.801335334777832 -0.5514456629753113 -0.2318822741508484
vn -0.9029719829559326 -0.0869276374578476 -0.4208149313926697
vn 0.8268262147903442 -0.4506099224090576 -0.336614191532135
vn 0.8802814483642578 -0.20333321392536163 -0.4286726713180542
vn 0.9125337600708008 -0.34017413854599 -0.2270764708518982
vn -0.93413907289505 0.13145829737186432 -0.33181771636009216
vn 0.9795069694519043 -0.05631232261657715 -0.19337807595729828
vn -0.9116623401641846 0.35602134466171265 -0.20523299276828766
vn 0.9588320851325989 0.24231217801570892 -0.14807382225990295
vn -0.8185182809829712 0.5073502063751221 -0.2694879472255707
vn 0.8188309669494629 0.5546701550483704 -0.1478409767150879
vn -0.6932216286659241 0.714958131313324 -0.09098783135414124
vn 0.7728228569030762 0.5968014001846313 -0.21580788493156433
vn -0.4985472857952118 0.8466599583625793 -0.186057910323143
vn -0.35050129890441895 0.8960179686546326 -0.2725815773010254
vn 0.5519814491271973 0.7984809279441833 -0.24030128121376038
vn 0.6331713795661926 0.7646520733833313 -0.12000547349452972
vn -0.3121222257614136 0.946929931640625 -0.07683391124010086
vn 0.32119742035865784 0.8767960071563721 -0.35785624384880066
vn -0.08358509838581085 0.9873481392860413 -0.13474887609481812
vn 0.15991736948490143 0.9759293794631958 -0.1482844203710556
vn 0.4167810082435608 0.8987030386924744 -0.13647878170013428
vn -0.44451868534088135 -0.8953772783279419 -0.026508906856179237
vn -0.2780816853046417 -0.9600176811218262 -0.03219795227050781
vn -0.13303492963314056 -0.9831184148788452 -0.12561841309070587
vn 0.006053441669791937 -0.9863300323486328 -0.1646708995103836
vn 0.20236817002296448 -0.9701254963874817 -0.13380488753318787
vn 0.4061516225337982 -0.9112277626991272 -0.06859269738197327
vn -0.6777624487876892 -0.7050365805625916 -0.2087138295173645
vn 0.6126573085784912 -0.7856447100639343 0.0861009806394577
vn 0.6969431638717651 -0.711514949798584 -0.08953682333230972
vn -0.6258445978164673 -0.778763473033905 -0.042965929955244064
vn -0.7358987331390381 -0.570102870464325 -0.3652886152267456
vn 0.871785044670105 -0.4737483859062195 0.12471278756856918
vn -0.8700886368751526 -0.38798221945762634 -0.3039993941783905
vn -0.7894179224967957 -0.6018235683441162 -0.12094587087631226
vn 0.7644475698471069 -0.6339131593704224 0.11736307293176651
vn -0.9267741441726685 -0.17607612907886505 -0.3317933678627014
vn 0.9246156811714172 -0.25085774064064026 0.2866291403770447
vn -0.8466705679893494 0.1541762351989746 -0.5092923641204834
vn 0.9935978651046753 -0.027641823515295982 0.10954096168279648
vn -0.832992672920227 -0.3070802688598633 -0.46024447679519653
vn -0.8378175497055054 0.4439549148082733 -0.3177511692047119
vn 0.9955633282661438 -0.0609021820127964 0.07172621041536331
vn -0.7517565488815308 0.5546324253082275 -0.3567141592502594
vn 0.9327636361122131 -0.34417852759361267 -0.10720675438642502
vn -0.6625767350196838 0.737708568572998 -0.1295304000377655
vn 0.8384099006652832 0.2490731179714203 0.4848005175590515
vn -0.5495272874832153 0.8261643052101135 -0.12438765913248062
vn -0.481526255607605 0.872454047203064 -0.08340532332658768
vn 0.440653532743454 0.8976636528968811 -0.004952381365001202
vn 0.2624218463897705 0.9530554413795471 -0.15106330811977386
vn 0.5438364148139954 0.6702873110771179 0.5049325823783875
vn 0.904271125793457 0.00989831518381834 0.42684394121170044
vn -0.36013922095298767 0.9317327737808228 0.04662438854575157
vn 0.43692564964294434 0.886899471282959 -0.15001767873764038
vn -0.12420976907014847 0.992190957069397 0.011358770541846752
vn 0.08882422000169754 0.9958435297012329 0.020151110365986824
vn 0.2763349115848541 0.9610249400138855 -0.008373716846108437
vn -0.2741243541240692 -0.9415016770362854 -0.19603706896305084
vn -0.06718645989894867 -0.9552332758903503 -0.2881239354610443
vn -0.4198722839355469 -0.8690066337585449 -0.2617913782596588
vn 0.20321346819400787 -0.9625335335731506 -0.17953698337078094
vn -0.6063675284385681 -0.7858948707580566 -0.12119322270154953
vn 0.29704442620277405 -0.9141830205917358 -0.27574267983436584
vn 0.41625648736953735 -0.8829098343849182 -0.2172575294971466
vn -0.6873922944068909 -0.6884838342666626 -0.2312614470720291
vn 0.6140882968902588 -0.783780574798584 -0.09264744818210602
vn -0.8231237530708313 -0.547482430934906 -0.15076589584350586
vn 0.7156234383583069 -0.6884346008300781 -0.11807168275117874
vn -0.9289570450782776 -0.29860445857048035 -0.21880196034908295
vn 0.7859247922897339 -0.6174271702766418 -0.03325478732585907
vn 0.8439638614654541 -0.5292405486106873 -0.08734671771526337
vn -0.97939532995224 -0.06368108093738556 -0.19164955615997314
vn 0.9600971341133118 -0.27706578373908997 0.03805461898446083
vn -0.9777852892875671 0.1700797975063324 -0.1225106418132782
vn 0.9974961280822754 0.02998817153275013 0.06404870748519897
vn -0.9165350198745728 0.39995425939559937 0.00034148720442317426
vn 0.9362205266952515 0.3484392464160919 0.04562041163444519
vn -0.8334939479827881 0.5511032938957214 -0.03966277465224266
vn 0.7963980436325073 0.5965315103530884 0.09950065612792969
vn 0.872245192527771 0.40245184302330017 0.277886301279068
vn -0.701143205165863 0.7086334824562073 0.07897390425205231
vn 0.721032977104187 0.691631019115448 0.04192895069718361
vn -0.5408611297607422 0.8402291536331177 0.03852657973766327
vn -0.4558010697364807 0.8900228142738342 -0.010240813717246056
vn 0.6414933800697327 0.7595400810241699 0.10763406753540039
vn -0.3621862530708313 0.9218094944953918 0.138160839676857
vn 0.5724208354949951 0.8199593424797058 0.001044012955389917
vn -0.16351069509983063 0.9831491708755493 0.08174388110637665
vn 0.0453159473836422 0.9975969791412354 0.052410200238227844
vn 0.2904415428638458 0.9516557455062866 0.09997592121362686
vn 0.5132865905761719 0.8292255997657776 0.22118297219276428
vn -0.30732589960098267 -0.9374551773071289 0.16348879039287567
vn -0.14336621761322021 -0.9838494658470154 0.10717491060495377
vn 0.0011610599467530847 -0.9981048703193665 0.06152491271495819
vn 0.16927862167358398 -0.9854909181594849 0.012346724979579449
vn 0.40455523133277893 -0.9121585488319397 0.06558870524168015
vn -0.4852231442928314 -0.8559610247612 0.17857544124126434
vn 0.6025315523147583 -0.757462203502655 0.25140970945358276
vn -0.7348302006721497 -0.6753780841827393 0.062361884862184525
vn -0.625697135925293 -0.7584087252616882 0.18253576755523682
vn -0.3705826699733734 -0.8757932782173157 0.3092809319496155
vn 0.4419175088405609 -0.8674558401107788 0.2285374253988266
vn -0.8977484703063965 -0.4350096583366394 0.06938488036394119
vn 0.7369595766067505 -0.6043622493743896 0.30271583795547485
vn 0.8735471963882446 -0.41976580023765564 0.24639804661273956
vn -0.8048123121261597 -0.5130600333213806 0.29840677976608276
vn -0.7020979523658752 -0.6139020919799805 0.3608085811138153
vn -0.8983149528503418 -0.43931514024734497 0.0056940708309412
vn 0.9325165152549744 -0.19460812211036682 0.304205060005188
vn -0.7969613075256348 -0.4278372824192047 0.4263894259929657
vn 0.8616459965705872 -0.32943296432495117 0.38605716824531555
vn -0.9957762956619263 0.08259909600019455 0.04008782282471657
vn 0.9565081596374512 -0.08279489725828171 0.27970898151397705
vn -0.7657694220542908 0.5392244458198547 -0.35047706961631775
vn -0.7569513320922852 0.42389097809791565 0.4973341226577759
vn -0.8424304127693176 0.5350576639175415 0.06343816220760345
vn 0.9342139959335327 0.035978734493255615 0.3548939526081085
vn -0.7918907999992371 0.6008291244506836 -0.10914850234985352
vn -0.6872926354408264 0.7220250964164734 0.0794273167848587
vn 0.8503485918045044 0.2729718089103699 0.4498818516731262
vn -0.5285087823867798 0.8423089981079102 0.10580164194107056
vn -0.49653905630111694 0.8507242798805237 0.17238681018352509
vn 0.4224012494087219 0.8718435168266296 0.24792352318763733
vn 0.5459265112876892 0.7743167281150818 0.3199968636035919
vn 0.7383335828781128 0.4839775860309601 0.46971189975738525
vn -0.4011199176311493 0.8787329792976379 0.25871047377586365
vn 0.3631892800331116 0.9227716326713562 0.12878715991973877
vn -0.14812351763248444 0.9712499976158142 0.18636764585971832
vn 0.08597415685653687 0.9767394065856934 0.19643986225128174
vn 0.2522472143173218 0.9453341364860535 0.2066754400730133
vn -0.23172180354595184 0.8889021873474121 0.3951682150363922
vn -0.30848461389541626 -0.9510726928710938 0.01726643554866314
vn -0.01969064027070999 -0.9964046478271484 -0.08240262418985367
vn -0.4805891513824463 -0.8769264817237854 -0.005839396733790636
vn 0.26001501083374023 -0.9644963145256042 0.04625072330236435
vn -0.6393260359764099 -0.7607771754264832 0.1117156594991684
vn 0.3905031383037567 -0.9191728234291077 -0.05127096548676491
vn 0.4713430404663086 -0.8803439736366272 -0.05320056900382042
vn -0.7610214352607727 -0.6487239003181458 0.001935984822921455
vn 0.636707067489624 -0.7690680623054504 0.05602205917239189
vn -0.8630464673042297 -0.5032827258110046 0.043096087872982025
vn 0.7471907138824463 -0.6587831974029541 0.0878114327788353
vn 0.5310136079788208 -0.8336046934127808 0.15207825601100922
vn -0.9470430016517639 -0.31404054164886475 -0.06699370592832565
vn 0.8137428760528564 -0.516357421875 0.26682883501052856
vn 0.859237551689148 -0.48573392629623413 0.16054122149944305
vn -0.9976551532745361 -0.06640776246786118 -0.016562584787607193
vn 0.9446243643760681 -0.18793794512748718 0.2690058648586273
vn 0.8607566356658936 -0.322722464799881 0.3936347961425781
vn -0.9838282465934753 0.1696092188358307 0.057573623955249786
vn 0.9509453773498535 0.10305393487215042 0.2916894555091858
vn 0.8350627422332764 0.25660422444343567 0.48664620518684387
vn 0.8661118745803833 -0.03480197861790657 0.49863719940185547
vn -0.9136688113212585 0.3682647943496704 0.17201867699623108
vn 0.7752808332443237 0.5285969972610474 0.3457236588001251
vn -0.7939109206199646 0.5794671177864075 0.18418295681476593
vn -0.8284070491790771 0.472319096326828 0.3010922968387604
vn -0.6822356581687927 0.6870507597923279 0.2500317394733429
vn 0.714040219783783 0.6679211258888245 0.2098284661769867
vn -0.5078442692756653 0.8371537327766418 0.20314504206180573
vn -0.4083396792411804 0.8772624135017395 0.2523280382156372
vn 0.42242106795310974 0.8077571392059326 0.41120409965515137
vn 0.51619952917099 0.7864682078361511 0.33912500739097595
vn -0.5253908038139343 0.7739160060882568 0.35357964038848877
vn 0.6630940437316895 0.6509652137756348 0.3695274591445923
vn -0.29864993691444397 0.880017101764679 0.369294136762619
vn 0.2942317724227905 0.903954803943634 0.3103117346763611
vn -0.17294833064079285 0.9485300183296204 0.2652917504310608
vn 0.04630718007683754 0.965286910533905 0.2570543587207794
vn -0.06636357307434082 0.8890908360481262 0.45289450883865356
vn 0.1622435599565506 0.8775438070297241 0.4512138366699219
vn -0.15881671011447906 -0.9455384016036987 0.2841380834579468
vn 0.018437430262565613 -0.9650024175643921 0.2615920603275299
vn 0.16995248198509216 -0.9658149480819702 0.19574901461601257
vn -0.2992035746574402 -0.839754045009613 0.45308980345726013
vn 0.2777625620365143 -0.8822824358940125 0.38003379106521606
vn -0.4195164442062378 -0.7782940864562988 0.46718764305114746
vn 0.4629743993282318 -0.7463620901107788 0.4781195819377899
vn -0.16906729340553284 -0.8697749972343445 0.4635813534259796
vn 0.010069395415484905 -0.8928332924842834 0.4502747654914856
vn 0.16336318850517273 -0.8714852929115295 0.4624132215976715
vn -0.5524601936340332 -0.73122638463974 0.40011975169181824
vn 0.6592969298362732 -0.5881632566452026 0.46839264035224915
vn -0.7485851645469666 -0.43273666501045227 0.5023537874221802
vn -0.6089714169502258 -0.5666540265083313 0.5550289154052734
vn -0.4637378454208374 -0.6670194268226624 0.5831229090690613
vn 0.5484761595726013 -0.5772269368171692 0.604965329170227
vn -0.8593744039535522 -0.342320054769516 0.3798586428165436
vn 0.7710416316986084 -0.40629395842552185 0.490326464176178
vn 0.8421818614006042 -0.1924271583557129 0.5036880373954773
vn -0.8266205191612244 -0.17520390450954437 0.5347916483879089
vn 0.6896042823791504 -0.3603229522705078 0.6281825304031372
vn -0.8280603289604187 -0.022332701832056046 0.5601940751075745
vn 0.8848198652267456 -0.05429982393980026 0.4627584218978882
vn -0.8046606183052063 0.17311164736747742 0.5679381489753723
vn 0.826309084892273 0.0037392079830169678 0.5632045269012451
vn -0.8506733775138855 0.31899142265319824 0.41785097122192383
vn 0.8394838571548462 0.1605311632156372 0.5191307067871094
vn -0.8174024224281311 0.5317179560661316 0.22165130078792572
vn 0.6599379181861877 0.38269683718681335 0.6465485692024231
vn -0.7434271574020386 0.4287630319595337 0.5133013725280762
vn -0.6410870552062988 0.45459678769111633 0.6183438301086426
vn 0.6985704302787781 0.33090314269065857 0.6344308853149414
vn 0.7485721111297607 0.2133883535861969 0.6277780532836914
vn -0.6963903307914734 0.6234551668167114 0.3554494082927704
vn 0.5533607602119446 0.642283022403717 0.530343770980835
vn -0.5450126528739929 0.7820175886154175 0.3023405373096466
vn -0.4444625973701477 0.7983238697052002 0.40636447072029114
vn -0.3808201253414154 0.7906908988952637 0.47935792803764343
vn 0.4233408272266388 0.7767787575721741 0.4662588834762573
vn -0.5657481551170349 0.6328065991401672 0.5286632180213928
vn -0.47955846786499023 0.6378553509712219 0.6026310324668884
vn 0.4911656677722931 0.5923164486885071 0.6386842131614685
vn -0.1424597203731537 0.8112147450447083 0.5671296119689941
vn 0.3422434329986572 0.8460088968276978 0.40882566571235657
vn 0.03574647381901741 0.9215883612632751 0.386519193649292
vn 0.22849981486797333 0.8919686079025269 0.3901025354862213
vn 0.10292338579893112 0.8133420944213867 0.5726093053817749
vn 0.32072222232818604 0.77632737159729 0.5426353812217712
vn -0.2495274394750595 -0.9486231803894043 0.1945512294769287
vn 0.030619006603956223 -0.9928333163261414 0.11551876366138458
vn -0.501296877861023 -0.8148770332336426 0.29099294543266296
vn 0.25263601541519165 -0.9277951717376709 0.2745380699634552
vn -0.5810142159461975 -0.7497608065605164 0.31667229533195496
vn 0.39141324162483215 -0.8992248773574829 0.19542361795902252
vn -0.3031781315803528 -0.8453949689865112 0.439761757850647
vn 0.040654245764017105 -0.9115344882011414 0.40920910239219666
vn -0.7716891765594482 -0.5858932137489319 0.2474370002746582
vn 0.544342577457428 -0.7691988348960876 0.33470043540000916
vn -0.8663243651390076 -0.43875735998153687 0.23869235813617706
vn 0.675086259841919 -0.6830837726593018 0.2786666750907898
vn 0.7321045398712158 -0.5963501930236816 0.3292255997657776
vn -0.6388072967529297 -0.6210640072822571 0.454097718000412
vn -0.9540773034095764 -0.2815268337726593 0.10236762464046478
vn 0.8142279386520386 -0.381187379360199 0.4378688931465149
vn -0.9075077772140503 -0.24789363145828247 0.33908459544181824
vn 0.7040481567382812 -0.45677340030670166 0.5437593460083008
vn -0.9819642305374146 -0.0661257803440094 0.1771264225244522
vn 0.83029705286026 -0.16447792947292328 0.5324977040290833
vn -0.9080836772918701 -0.0667480006814003 0.41343531012535095
vn 0.7592546939849854 -0.17885668575763702 0.6257337331771851
vn -0.9536622166633606 0.16254855692386627 0.25319257378578186
vn 0.8005668520927429 0.1787884384393692 0.5719505548477173
vn -0.8303482532501221 0.32685136795043945 0.4513202905654907
vn -0.8757550716400146 0.14977023005485535 0.45893561840057373
vn 0.7629917860031128 0.048129744827747345 0.6446138620376587
vn -0.7505956292152405 0.5019142031669617 0.4297538697719574
vn 0.8176726698875427 0.38838401436805725 0.4249345362186432
vn -0.6385452747344971 0.6305122971534729 0.4412643015384674
vn 0.6800498366355896 0.45610398054122925 0.5740221738815308
vn -0.6923404335975647 0.48536521196365356 0.5339338779449463
vn 0.7030601501464844 0.2881230413913727 0.6501473784446716
vn -0.4623245596885681 0.7347008585929871 0.4964582622051239
vn 0.5008914470672607 0.6473566293716431 0.574488639831543
vn -0.3052830398082733 0.8698819875717163 0.38743725419044495
vn -0.1659054160118103 0.8536015152931213 0.4938015341758728
vn 0.11277945339679718 0.8279508948326111 0.5493434071540833
vn 0.31871432065963745 0.7902576327323914 0.5233681201934814
vn -0.2763521671295166 0.7875996232032776 0.5507416725158691
vn 0.5066167712211609 0.5965154767036438 0.6225020289421082
vn -0.16637784242630005 -0.7803305387496948 0.6028289794921875
vn 0.09346340596675873 -0.7962921261787415 0.5976482629776001
vn 0.33155086636543274 -0.7181276082992554 0.6118552088737488
vn -0.3518003225326538 -0.6629522442817688 0.6608561873435974
vn 0.5103796720504761 -0.4791885018348694 0.7140665054321289
vn -0.6040263772010803 -0.4407636523246765 0.6639875769615173
vn -0.46468719840049744 -0.5383435487747192 0.7030305862426758
vn -0.245238795876503 -0.6609266996383667 0.7092488408088684
vn -0.05037882924079895 -0.6905480623245239 0.7215299606323242
vn 0.221756711602211 -0.6720842123031616 0.706489086151123
vn -0.7297839522361755 -0.29597073793411255 0.6162927746772766
vn 0.598523736000061 -0.21557432413101196 0.7715550065040588
vn 0.7174257636070251 -0.18116354942321777 0.6726664304733276
vn -0.6112973093986511 -0.25005900859832764 0.7508569955825806
vn -0.47666609287261963 -0.36989670991897583 0.7974746823310852
vn -0.7645447850227356 -0.06519941985607147 0.6412646770477295
vn 0.715265691280365 0.018397219479084015 0.6986104846000671
vn -0.7372581958770752 0.20195499062538147 0.6447206139564514
vn 0.5613601803779602 0.241169735789299 0.7916513681411743
vn -0.6297305822372437 -0.004309018142521381 0.7768017053604126
vn -0.47507813572883606 -0.1346372365951538 0.8695824146270752
vn 0.5108885169029236 0.04689311981201172 0.8583670854568481
vn -0.5975562334060669 0.31223589181900024 0.7385359406471252
vn 0.46483123302459717 0.42506375908851624 0.7766934633255005
vn -0.46159031987190247 0.4408246874809265 0.7698103785514832
vn -0.4787461757659912 0.159772589802742 0.8632929921150208
vn 0.35351866483688354 0.33522698283195496 0.873296856880188
vn -0.3572635054588318 0.6067022085189819 0.7101234793663025
vn 0.38465386629104614 0.6386505365371704 0.6664585471153259
vn -0.3198530077934265 0.7436068058013916 0.5871481895446777
vn -0.11864279210567474 0.7343370318412781 0.668336033821106
vn 0.14539773762226105 0.709094226360321 0.6899601221084595
vn -0.15946055948734283 0.6475180983543396 0.7451795935630798
vn 0.07679934054613113 0.5925299525260925 0.8018791079521179
vn 0.27531489729881287 0.5355174541473389 0.7983875870704651
vn -0.20698857307434082 -0.7954694628715515 0.5695472955703735
vn 0.17839893698692322 -0.8501346111297607 0.4954240620136261
vn 0.32087790966033936 -0.847560703754425 0.4227035939693451
vn -0.45309150218963623 -0.6673858761787415 0.5910196900367737
vn 0.46287858486175537 -0.6973269581794739 0.5472462773323059
vn -0.6588577628135681 -0.49287423491477966 0.5683146715164185
vn 0.5869466662406921 -0.5894931554794312 0.5549697279930115
vn -0.25511136651039124 -0.6913354992866516 0.6759980916976929
vn 0.01329824235290289 -0.7389681339263916 0.6736091375350952
vn 0.27230536937713623 -0.7065373063087463 0.6531882286071777
vn -0.7903448939323425 -0.4044624865055084 0.4601793587207794
vn 0.6520487070083618 -0.31462207436561584 0.6898154616355896
vn -0.6708309650421143 -0.3157321810722351 0.6710432171821594
vn 0.542746365070343 -0.4168045222759247 0.7291778922080994
vn -0.8058348894119263 -0.18324783444404602 0.5630722641944885
vn 0.6604561805725098 -0.03628240153193474 0.7499875426292419
vn -0.6848671436309814 -0.08969774097204208 0.7231260538101196
vn 0.554421603679657 -0.12876638770103455 0.8222140073776245
vn -0.789951503276825 0.09404121339321136 0.6059149503707886
vn 0.6357124447822571 0.14347514510154724 0.7584751844406128
vn -0.7057432532310486 0.3038318157196045 0.640009880065918
vn -0.682815432548523 0.13649989664554596 0.7177261710166931
vn 0.4926081895828247 0.13077615201473236 0.8603690266609192
vn -0.5991460084915161 0.5073930621147156 0.6193354725837708
vn 0.5833788514137268 0.34602710604667664 0.7348023056983948
vn -0.39910534024238586 0.6453210115432739 0.6513645052909851
vn 0.36518552899360657 0.5310013294219971 0.7646418809890747
vn -0.46758270263671875 0.4984987676143646 0.7299762964248657
vn 0.2609441876411438 0.4334211051464081 0.8625857830047607
vn 0.39811885356903076 0.31976017355918884 0.859799325466156
vn -0.16138805449008942 0.7137622237205505 0.6815404891967773
vn 0.24192503094673157 0.7302168011665344 0.638948917388916
vn -0.08710542321205139 0.8259442448616028 0.5569817423820496
vn 0.06033112108707428 0.7936686277389526 0.605351448059082
vn 0.039771176874637604 0.6810094714164734 0.7311937808990479
vn 0.1551041305065155 0.6028927564620972 0.7826001644134521
vn -0.25410446524620056 -0.5236384272575378 0.8131628036499023
vn -0.006531812250614166 -0.553711473941803 0.8326830267906189
vn 0.31897878646850586 -0.49565041065216064 0.8078262805938721
vn -0.37104421854019165 -0.468874990940094 0.801550030708313
vn 0.44873547554016113 -0.23605355620384216 0.8619252443313599
vn -0.288277268409729 -0.3237514793872833 0.9011555314064026
vn -0.10151379555463791 -0.34596875309944153 0.932738184928894
vn 0.15959975123405457 -0.3263663351535797 0.9316720962524414
vn -0.38914254307746887 -0.22045865654945374 0.8944082260131836
vn 0.44366738200187683 0.005635451525449753 0.8961738348007202
vn 0.25025975704193115 0.15052886307239532 0.9564053416252136
vn -0.2762795686721802 -0.04417911916971207 0.9600613713264465
vn -0.10973062366247177 -0.1345503181219101 0.9848123788833618
vn 0.16967108845710754 -0.09290876984596252 0.981111466884613
vn -0.38636332750320435 0.12514398992061615 0.9138175249099731
vn 0.13321426510810852 0.3904748260974884 0.91092449426651
vn -0.30456480383872986 0.43541643023490906 0.8471439480781555
vn -0.08176945894956589 0.456378310918808 0.8860206604003906
vn -0.23159722983837128 0.2315329611301422 0.9448572397232056
vn -0.02937016449868679 0.13923004269599915 0.9898244738578796
vn -0.26787352561950684 -0.5526243448257446 0.7892085313796997
vn 0.05715915188193321 -0.6282140612602234 0.775938093662262
vn 0.37230098247528076 -0.5766611099243164 0.7272234559059143
vn -0.4949958622455597 -0.44890764355659485 0.7439496517181396
vn 0.3821272850036621 -0.29299071431159973 0.876433253288269
vn -0.3672574460506439 -0.32675015926361084 0.8708365559577942
vn -0.13040612637996674 -0.41093575954437256 0.9022893309593201
vn 0.1576390266418457 -0.4501969814300537 0.8789042234420776
vn -0.5444190502166748 -0.19552211463451385 0.8157076835632324
vn 0.3462434709072113 -0.032653432339429855 0.9375762939453125
vn -0.42516836524009705 -0.06353913247585297 0.9028813242912292
vn -0.18050740659236908 -0.15594016015529633 0.9711332321166992
vn 0.09891320765018463 -0.18898479640483856 0.9769856333732605
vn -0.5715555548667908 0.0938854068517685 0.8151747584342957
vn 0.30643314123153687 0.18161700665950775 0.9344057440757751
vn -0.5623756051063538 0.28452008962631226 0.7763903737068176
vn 0.08995074778795242 0.3091122806072235 0.9467620849609375
vn -0.408200204372406 0.19859623908996582 0.8910287022590637
vn -0.22737793624401093 0.08654674887657166 0.9699530601501465
vn 0.037699855864048004 0.06192848086357117 0.997368335723877
vn -0.32323363423347473 0.4447823762893677 0.8352776169776917
vn 0.020535631105303764 0.5202557444572449 0.8537636399269104
vn -0.17598770558834076 0.5771005749702454 0.7974855899810791
vn -0.16714993119239807 0.32580938935279846 0.9305424094200134
vn -0.05565667152404785 -0.20830780267715454 -0.9764785170555115
vn 0.2793252766132355 -0.21244637668132782 -0.9363994598388672
vn -0.09503014385700226 0.1682383418083191 -0.9811550378799438
vn 0.2304914891719818 0.15379156172275543 -0.9608443379402161
vn -0.22863097488880157 -0.42248213291168213 -0.8770614266395569
vn 0.07782197743654251 -0.5229586362838745 -0.8487980365753174
vn -0.29690054059028625 -0.5616118907928467 -0.7722967267036438
vn -0.10489778965711594 -0.5934284329414368 -0.7980220913887024
vn 0.2517843544483185 -0.554159939289093 -0.7934175729751587
vn 0.402129590511322 -0.40484702587127686 -0.8212129473686218
vn -0.3432749807834625 -0.06129801273345947 -0.9372325539588928
vn 0.4296734929084778 -0.3621523976325989 -0.8271797895431519
vn -0.3559696078300476 -0.3002912402153015 -0.8849354982376099
vn 0.5368692874908447 -0.14808623492717743 -0.8305671811103821
vn -0.2493053376674652 0.33802229166030884 -0.9075173735618591
vn 0.5268174409866333 0.043348755687475204 -0.8488724231719971
vn 0.06801559776067734 0.462286114692688 -0.8841184973716736
vn 0.37997421622276306 0.36136969923973083 -0.8514878749847412
vn -0.42113643884658813 0.04749288409948349 -0.9057530164718628
vn -0.3655487895011902 0.18470153212547302 -0.9122825264930725
vn 0.533880889415741 0.2834170460700989 -0.7966467142105103
vn -0.47784119844436646 0.2820996344089508 -0.8319180607795715
vn -0.32804033160209656 0.39562180638313293 -0.8578304052352905
vn -0.12508220970630646 0.5131685733795166 -0.849124550819397
vn 0.2365180402994156 0.5216978192329407 -0.8196893930435181
vn 0.39117321372032166 0.47059953212738037 -0.7908979654312134
vn 0.11468769609928131 0.6121522784233093 -0.7823786735534668
vn 0.0011014676420018077 -0.3831431567668915 -0.9236883521080017
vn 0.16351202130317688 -0.36182522773742676 -0.9177942872047424
vn -0.14622941613197327 -0.16950124502182007 -0.9746211171150208
vn 0.0623469203710556 -0.08674616366624832 -0.9942776560783386
vn 0.21686777472496033 -0.10480237007141113 -0.9705590605735779
vn -0.04713758826255798 0.1284988969564438 -0.9905887842178345
vn 0.18487009406089783 0.18499289453029633 -0.9651946425437927
vn -0.006613702513277531 0.3966096341609955 -0.9179635643959045
vn -0.40022847056388855 -0.708974301815033 -0.5806657075881958
vn -0.18904262781143188 -0.6969319581985474 -0.6917721629142761
vn 0.014367595314979553 -0.679774284362793 -0.7332806587219238
vn 0.307495653629303 -0.6165280342102051 -0.7248032093048096
vn 0.09444157779216766 -0.7613192200660706 -0.6414622664451599
vn 0.31689855456352234 -0.7301005125045776 -0.6054159998893738
vn -0.4528987407684326 -0.5046947598457336 -0.7349598407745361
vn 0.4719788730144501 -0.45605626702308655 -0.7544857263565063
vn -0.561560332775116 -0.5955120325088501 -0.5744696855545044
vn 0.5700327754020691 -0.2720804214477539 -0.7752644419670105
vn 0.624991774559021 -0.16533227264881134 -0.7629224061965942
vn -0.469728022813797 -0.30400559306144714 -0.8288161754608154
vn 0.561786949634552 -0.16313251852989197 -0.8110384345054626
vn -0.6078864336013794 -0.1517464518547058 -0.779388964176178
vn -0.7004898190498352 -0.3636956214904785 -0.6140354871749878
vn 0.6586174964904785 0.034384872764348984 -0.7516918778419495
vn 0.7107241749763489 0.06153270974755287 -0.7007744908332825
vn -0.7114118933677673 -0.0024027144536376 -0.7027712464332581
vn 0.572726845741272 0.13890340924263 -0.8078922033309937
vn -0.8296319246292114 -0.1484687626361847 -0.5382080674171448
vn 0.6403777599334717 0.25144144892692566 -0.7257366180419922
vn 0.760364294052124 0.24409757554531097 -0.6018825173377991
vn -0.6674530506134033 0.3136345148086548 -0.6753813028335571
vn 0.5687986016273499 0.4275667667388916 -0.7026057839393616
vn -0.5203865766525269 0.5426010489463806 -0.6593799591064453
vn -0.2864947021007538 0.579249918460846 -0.7631450295448303
vn -0.08698124438524246 0.6332975625991821 -0.7690048217773438
vn 0.5184339284896851 0.5528988242149353 -0.6523259282112122
vn -0.7936003804206848 0.2766888439655304 -0.5418872833251953
vn 0.6836115717887878 0.40862447023391724 -0.6047324538230896
vn -0.0059441328048706055 0.766440212726593 -0.6422882080078125
vn 0.2731457054615021 0.6381834745407104 -0.7198008894920349
vn 0.12152708321809769 0.7884250283241272 -0.6030067205429077
vn -0.5704537034034729 0.6855150461196899 -0.4523845911026001
vn -0.38493266701698303 0.7209066152572632 -0.5762990713119507
vn -0.19504733383655548 0.7658897042274475 -0.6126739382743835
vn 0.38457968831062317 0.7292795777320862 -0.5659062266349792
vn -0.1673600822687149 -0.620712161064148 -0.7659680843353271
vn -0.00020495589706115425 -0.6052395105361938 -0.7960434556007385
vn 0.17104265093803406 -0.6244208812713623 -0.762130618095398
vn 0.33281025290489197 -0.42945900559425354 -0.839525043964386
vn -0.18714384734630585 -0.4322379231452942 -0.8821268081665039
vn 0.283851683139801 -0.44560256600379944 -0.8490386605262756
vn -0.3798866271972656 -0.2862246036529541 -0.8796372413635254
vn -0.4655185341835022 -0.5160999894142151 -0.7189807891845703
vn -0.3811652958393097 -0.49562662839889526 -0.7804276347160339
vn 0.48144960403442383 -0.2331092208623886 -0.8449061512947083
vn 0.6657522916793823 -0.14025335013866425 -0.7328731417655945
vn -0.41768819093704224 -0.07156576961278915 -0.905767560005188
vn 0.40966060757637024 -0.14825353026390076 -0.9001106023788452
vn -0.2764867842197418 0.08093761652708054 -0.9576033353805542
vn -0.5402829647064209 -0.17520034313201904 -0.8230426907539368
vn 0.564826250076294 0.05243249237537384 -0.8235424757003784
vn 0.6696529388427734 0.006901084445416927 -0.7426421642303467
vn -0.2772247791290283 0.3068176805973053 -0.9104995131492615
vn 0.403729110956192 0.11303316801786423 -0.9078691005706787
vn 0.3290758430957794 0.36300280690193176 -0.8717442750930786
vn -0.6484395265579224 0.040359657257795334 -0.7601956129074097
vn -0.5058640837669373 0.15786144137382507 -0.8480456471443176
vn -0.47342559695243835 0.1678406149148941 -0.8646951913833618
vn 0.47340458631515503 0.318385511636734 -0.8212909698486328
vn 0.6193651556968689 0.22689944505691528 -0.7516006827354431
vn -0.2091665267944336 0.5253571271896362 -0.824772298336029
vn 0.1385044902563095 0.48445919156074524 -0.8637799620628357
vn -0.07595516741275787 0.6438576579093933 -0.7613659501075745
vn -0.47680628299713135 0.3567398488521576 -0.8033632040023804
vn -0.3748331069946289 0.4985111355781555 -0.7816564440727234
vn 0.21616454422473907 0.5829985737800598 -0.7831893563270569
vn 0.4496423900127411 0.4567352831363678 -0.7676031589508057
vn -0.0351368747651577 0.7370750904083252 -0.6748968958854675
vn 0.1048690676689148 0.7680314779281616 -0.6317675113677979
vn 0.28612658381462097 0.6947827339172363 -0.6598550081253052
vn 0.030772825703024864 -0.926776647567749 -0.37435030937194824
vn 0.19822178781032562 -0.8879223465919495 -0.4150928854942322
vn -0.07667473703622818 -0.8133293986320496 -0.5767289996147156
vn 0.35903942584991455 -0.8171173334121704 -0.4510100483894348
vn -0.5971044301986694 -0.7154566049575806 -0.36275094747543335
vn -0.5032373666763306 -0.7662917375564575 -0.3994360566139221
vn -0.24329815804958344 -0.7851698398590088 -0.5694860219955444
vn 0.4060569107532501 -0.6349561810493469 -0.6572279334068298
vn 0.3977813124656677 -0.5247877836227417 -0.7525742053985596
vn -0.45463499426841736 -0.8552687764167786 -0.24864119291305542
vn 0.3454965651035309 -0.4655539095401764 -0.8147954940795898
vn 0.46617022156715393 -0.19587676227092743 -0.8627384901046753
vn 0.8493447303771973 0.23215559124946594 -0.474043607711792
vn -0.7190483808517456 -0.549319863319397 -0.42569607496261597
vn 0.679568886756897 -0.08994321525096893 -0.728077232837677
vn 0.7516915202140808 0.212333545088768 -0.6243991255760193
vn -0.8290339708328247 -0.41281160712242126 -0.37721261382102966
vn 0.7854659557342529 0.09391745179891586 -0.6117374897003174
vn -0.9187723994255066 -0.25697359442710876 -0.29970303177833557
vn -0.9036789536476135 0.05626685172319412 -0.4244978725910187
vn 0.8588705062866211 0.24280484020709991 -0.4509848356246948
vn 0.8506946563720703 0.3205142319202423 -0.41664040088653564
vn -0.8723723292350769 0.37515681982040405 -0.3134068548679352
vn 0.7619942426681519 0.49518391489982605 -0.41732215881347656
vn -0.731806218624115 0.5459635257720947 -0.4079013764858246
vn 0.6518968939781189 0.5627938508987427 -0.5082259178161621
vn 0.8496022820472717 0.46186336874961853 -0.25467291474342346
vn -0.649867594242096 0.7358277440071106 -0.19034092128276825
vn 0.5565289258956909 0.6888392567634583 -0.4645170271396637
vn -0.4561614990234375 0.8417586088180542 -0.2887197732925415
vn -0.2836148738861084 0.8671391606330872 -0.40942925214767456
vn -0.12259432673454285 0.8808717727661133 -0.457204133272171
vn 0.0949060246348381 0.8732402920722961 -0.47795847058296204
vn 0.3517298698425293 0.8152932524681091 -0.45998165011405945
vn 0.6195282936096191 0.7084273099899292 -0.3381057679653168
vn -0.23172684013843536 0.9349883198738098 -0.26851367950439453
vn -0.017481308430433273 0.9452481865882874 -0.32588398456573486
vn 0.24930934607982635 0.9099405407905579 -0.33144089579582214
vn 0.07105647027492523 0.18615607917308807 -0.9799474477767944
vn 0.040448207408189774 -0.881169319152832 -0.47106748819351196
vn 0.1428852379322052 -0.8123008608818054 -0.5654654502868652
vn -0.017784731462597847 -0.7541701793670654 -0.6564381718635559
vn 0.3836531639099121 -0.7137799263000488 -0.5859424471855164
vn -0.4936770498752594 -0.7040020823478699 -0.5105526447296143
vn -0.340872585773468 -0.7076253890991211 -0.6189283132553101
vn -0.22812917828559875 -0.752437174320221 -0.6178960204124451
vn 0.6546130776405334 -0.3605312705039978 -0.6644538044929504
vn -0.1133304089307785 -0.8699893951416016 -0.479869544506073
vn 0.7048200368881226 -0.6379605531692505 -0.310217946767807
vn -0.5662245750427246 -0.4535673260688782 -0.6882343888282776
vn 0.858626127243042 -0.3333471417427063 -0.38941091299057007
vn -0.6401344537734985 -0.254370778799057 -0.7249299883842468
vn 0.7993518114089966 -0.16334927082061768 -0.5782332420349121
vn -0.80042964220047 -0.0284836757928133 -0.598749577999115
vn -0.7904777526855469 -0.30979859828948975 -0.5283651351928711
vn 0.8304703831672668 -0.044355276972055435 -0.5552940964698792
vn -0.8723176717758179 0.1927691400051117 -0.44933509826660156
vn 0.7463281750679016 0.16765858232975006 -0.6441155672073364
vn -0.7397162318229675 0.2460952252149582 -0.6263042688369751
vn 0.7204669117927551 0.34652456641197205 -0.6007063984870911
vn 0.8242762684822083 0.2144082635641098 -0.5240206718444824
vn -0.5897737741470337 0.5431813597679138 -0.5975959897041321
vn 0.6112871766090393 0.4985034763813019 -0.6146725416183472
vn -0.4612356126308441 0.6821979880332947 -0.5673337578773499
vn -0.2619382441043854 0.6935438513755798 -0.6711075901985168
vn -0.7710214257240295 0.5270552635192871 -0.35740557312965393
vn 0.6986584663391113 0.5908659100532532 -0.40342769026756287
vn -0.1743248999118805 0.8401822447776794 -0.5135217905044556
vn 0.5044139623641968 0.643157958984375 -0.5761200785636902
vn -0.011509638279676437 0.8903158903121948 -0.4551979601383209
vn 0.21358726918697357 0.8778484463691711 -0.42867541313171387
vn 0.4064503610134125 0.8155524730682373 -0.41191303730010986
vn -0.5198138356208801 0.7790303826332092 -0.3505786061286926
vn -0.33726766705513 0.8250511884689331 -0.45336636900901794
vn -0.4329829216003418 -0.9012448191642761 -0.01684313826262951
vn 0.01695873774588108 -0.9863089323043823 -0.16403400897979736
vn 0.18370100855827332 -0.9558966755867004 -0.22916261851787567
vn 0.047790370881557465 -0.9177528619766235 -0.39426612854003906
vn 0.0860820934176445 -0.8212304711341858 -0.5640660524368286
vn 0.531775176525116 -0.5181313157081604 -0.669891893863678
vn -0.6126462817192078 -0.7783429026603699 -0.1372843235731125
vn -0.2553223669528961 -0.9554165601730347 -0.14828944206237793
vn -0.1050550788640976 -0.9127383232116699 -0.3948066234588623
vn 0.23060764372348785 -0.9578909873962402 -0.17107026278972626
vn 0.14478449523448944 -0.8041852712631226 -0.5764750242233276
vn 0.9519194960594177 -0.27704760432243347 -0.1307438164949417
vn -0.6844396591186523 -0.7153408527374268 -0.14081838726997375
vn -0.27688103914260864 -0.8709903359413147 -0.40584802627563477
vn 0.2067287564277649 -0.8839026689529419 -0.419499009847641
vn 0.9365763068199158 0.2571592926979065 0.23810496926307678
vn -0.09976733475923538 -0.9724360108375549 -0.21074801683425903
vn -0.7666429281234741 -0.6081987619400024 -0.20579837262630463
vn 0.8989010453224182 0.41915658116340637 -0.12761130928993225
vn 0.9167044758796692 0.39320510625839233 -0.07101202756166458
vn -0.8739648461341858 -0.4697743058204651 -0.12448928505182266
vn 0.8896152377128601 0.25591641664505005 -0.37827444076538086
vn -0.9583234786987305 -0.2796793282032013 -0.05827213078737259
vn -0.9778043031692505 0.049886539578437805 -0.20349468290805817
vn 0.934694230556488 0.3102562129497528 -0.17345862090587616
vn -0.9132417440414429 0.40069708228111267 -0.07369755208492279
vn 0.9238287210464478 0.3525027632713318 -0.14927272498607635
vn -0.8003972172737122 0.5896128416061401 -0.10826348513364792
vn 0.8178126811981201 0.5645063519477844 -0.11187039315700531
vn -0.6985770463943481 0.7145550847053528 0.03743349015712738
vn 0.7350127100944519 0.6412763595581055 -0.2202746421098709
vn -0.5076690912246704 0.8604375123977661 -0.0438116230070591
vn -0.363602876663208 0.9123080372810364 -0.18837997317314148
vn 0.6113835573196411 0.7803457379341125 -0.1314183920621872
vn -0.3537670969963074 0.934997022151947 -0.025089533999562263
vn 0.5149168968200684 0.8097632527351379 -0.2813258171081543
vn -0.10780077427625656 0.9888951778411865 -0.10230015963315964
vn 0.12278873473405838 0.9856414794921875 -0.11590440571308136
vn 0.3774333894252777 0.9168274998664856 -0.13027428090572357
vn -0.12863150238990784 -0.3920992314815521 -0.9108853936195374
vn 0.0988449901342392 -0.34715536236763 -0.9325839877128601
vn -0.2588294744491577 -0.27023178339004517 -0.927352249622345
vn -0.3802325427532196 -0.2194882184267044 -0.8984699249267578
vn -0.18433430790901184 -0.2132543921470642 -0.9594495892524719
vn 0.11393403261899948 -0.31361961364746094 -0.9426886439323425
vn 0.3398342430591583 -0.0928545743227005 -0.9358903765678406
vn 0.4221382439136505 -0.028250383213162422 -0.9060912132263184
vn 0.47076013684272766 0.14796999096870422 -0.8697642087936401
vn -0.3714836835861206 0.49438905715942383 -0.785862147808075
vn 0.4733409285545349 -0.18889176845550537 -0.860388457775116
vn 0.3839881420135498 0.5738084316253662 -0.7233927249908447
vn -0.4229859411716461 0.06408599764108658 -0.9038671851158142
vn -0.3705921471118927 0.08619634062051773 -0.9247873425483704
vn 0.4929685592651367 0.20676644146442413 -0.8451210856437683
vn 0.44095516204833984 0.2711951434612274 -0.8555768728256226
vn -0.45372575521469116 0.31281059980392456 -0.8344354629516602
vn -0.26438552141189575 0.4423474669456482 -0.8569883704185486
vn 0.004416878800839186 0.6177741885185242 -0.7863432168960571
vn 0.3293883502483368 0.48025673627853394 -0.8129310011863708
vn -0.11129109561443329 -0.961222767829895 -0.25231948494911194
vn 0.0783095732331276 -0.9714348316192627 -0.22401361167430878
vn 0.2204856127500534 -0.9449052214622498 -0.2419508546590805
vn 0.4127955734729767 -0.8857914805412292 -0.21206936240196228
vn -0.2682041525840759 -0.8670356869697571 -0.4198995530605316
vn 0.7302446365356445 -0.6789647936820984 -0.07582581043243408
vn -0.5722272396087646 -0.7761620879173279 -0.2648177444934845
vn -0.43174830079078674 -0.8143714070320129 -0.38780489563941956
vn -0.31155529618263245 -0.9163780212402344 -0.25136545300483704
vn -0.6421042680740356 -0.5899261832237244 -0.48958078026771545
vn 0.8267927169799805 -0.522820770740509 -0.2075386792421341
vn -0.8456128835678101 -0.4485829770565033 -0.28933069109916687
vn 0.8403229713439941 -0.3413741886615753 -0.42109498381614685
vn -0.7275475859642029 -0.6597181558609009 -0.18827255070209503
vn -0.9417361617088318 -0.11723270267248154 -0.31526097655296326
vn 0.9067350029945374 -0.17302940785884857 -0.38456791639328003
vn -0.9576058387756348 0.1613834947347641 -0.23863452672958374
vn 0.9045659303665161 0.21630094945430756 -0.36738866567611694
vn 0.8266885876655579 0.41178053617477417 -0.38343551754951477
vn -0.8789017200469971 0.433461993932724 -0.19910427927970886
vn 0.7892074584960938 0.4624049663543701 -0.4041450321674347
vn -0.7115265130996704 0.6470938920974731 -0.273860365152359
vn 0.6961997747421265 0.6994425058364868 -0.16151180863380432
vn 0.7914111614227295 0.5817428827285767 -0.18773280084133148
vn -0.6098110675811768 0.7838644981384277 -0.11699125170707703
vn 0.5922948718070984 0.74554842710495 -0.3055230975151062
vn -0.37432655692100525 0.9093125462532043 -0.18174269795417786
vn -0.2276991754770279 0.9399101138114929 -0.25440528988838196
vn -0.07601159065961838 0.9645346403121948 -0.2527749240398407
vn 0.18413317203521729 0.9246299266815186 -0.3333984315395355
vn 0.42175915837287903 0.8834912776947021 -0.20386871695518494
vn -0.137705460190773 0.9549208283424377 -0.26298946142196655
vn -0.3711051344871521 -0.9266167879104614 0.06051724776625633
vn -0.13689139485359192 -0.9905551075935364 0.007833173498511314
vn 0.005267278756946325 -0.9999688267707825 0.005890079773962498
vn 0.13595379889011383 -0.98859041929245 -0.06485042721033096
vn 0.03699681907892227 -0.9943994879722595 0.0989999994635582
vn 0.021498188376426697 -0.9985206127166748 0.04994434118270874
vn 0.2910797894001007 -0.9553574323654175 -0.05064385384321213
vn -0.6479550004005432 -0.7560884952545166 0.09211204946041107
vn 0.2051793783903122 -0.9753040671348572 0.08175255358219147
vn 0.011545362882316113 -0.9850853085517883 -0.1716790646314621
vn 0.7538955807685852 -0.4343591034412384 0.4929235279560089
vn -0.7176864743232727 -0.6920744180679321 0.07719536125659943
vn 0.1452551782131195 -0.9871585369110107 0.06647564470767975
vn 0.6787713170051575 -0.17576517164707184 0.7130050659179688
vn -0.5861626267433167 -0.7840710282325745 0.20407380163669586
vn 0.0628412738442421 -0.9648497700691223 0.2551781237125397
vn 0.29042646288871765 -0.768071711063385 0.5707173347473145
vn 0.2977359890937805 -0.7959250211715698 0.5271210670471191
vn -0.8227124810218811 -0.5683649182319641 0.010271926410496235
vn 0.8873289823532104 0.27595633268356323 0.36945274472236633
vn 0.9006744027137756 0.25482767820358276 0.351921021938324
vn -0.8008724451065063 -0.558997631072998 0.2147672027349472
vn -0.8984788656234741 -0.41383254528045654 0.14655493199825287
vn 0.9432527422904968 0.32861849665641785 0.04779384285211563
vn -0.9458072185516357 -0.24468159675598145 0.21349404752254486
vn -0.999445915222168 0.014123382978141308 0.030141351744532585
vn 0.9438378810882568 0.3153388500213623 0.09864886105060577
vn -0.9305012226104736 -0.017559152096509933 0.3658677041530609
vn -0.9386447072029114 0.3147149384021759 0.1410699337720871
vn 0.9132221341133118 0.40374624729156494 0.05490284785628319
vn -0.8023328185081482 0.5509679317474365 0.22955718636512756
vn 0.7814886569976807 0.6190004348754883 0.07819193601608276
vn -0.8525910377502441 0.33202508091926575 0.40354418754577637
vn -0.738706648349762 0.6249170899391174 0.2525691092014313
vn 0.683810830116272 0.7293715476989746 0.020493032410740852
vn -0.5515486001968384 0.8199039697647095 0.15346519649028778
vn -0.43413740396499634 0.8898032903671265 0.1406233012676239
vn 0.5690697431564331 0.7945702075958252 0.21170231699943542
vn -0.6448014974594116 0.6851269602775574 0.33886897563934326
vn -0.34262505173683167 0.9005233645439148 0.26770472526550293
vn 0.5452579259872437 0.8381766080856323 0.012401588261127472
vn -0.1855861395597458 0.9715470671653748 0.14715373516082764
vn 0.0419880673289299 0.9862565994262695 0.15979650616645813
vn 0.2865012288093567 0.9503315091133118 0.12160229682922363
vn -0.10412689298391342 0.9103708863258362 0.40047773718833923
vn 0.15137968957424164 0.9092594981193542 0.38772597908973694
vn 0.41759786009788513 0.8643843531608582 0.2800922989845276
vn -0.2643047571182251 -0.5468713641166687 -0.7944021821022034
vn -0.061745911836624146 -0.5698837637901306 -0.8194022178649902
vn 0.118233822286129 -0.6652536392211914 -0.7371963858604431
vn 0.3105783760547638 -0.6493504643440247 -0.6941794753074646
vn -0.3813610076904297 -0.4253096878528595 -0.8207773566246033
vn 0.1208919882774353 -0.5140979886054993 -0.8491691946983337
vn -0.5605461001396179 -0.3735150694847107 -0.7391039133071899
vn 0.2686665952205658 -0.3224189579486847 -0.907669723033905
vn 0.40419861674308777 -0.2805882394313812 -0.870570957660675
vn 0.49315592646598816 -0.27781563997268677 -0.8243880867958069
vn 0.30983203649520874 -0.5151869654655457 -0.7991161346435547
vn 0.4585041105747223 -0.48390457034111023 -0.7453927397727966
vn 0.6103160977363586 -0.41243958473205566 -0.6763193607330322
vn -0.579081654548645 -0.1964396983385086 -0.7912495732307434
vn 0.553429365158081 0.2154596596956253 -0.8045452833175659
vn 0.6501768827438354 0.3794569671154022 -0.6582419872283936
vn 0.6123532652854919 0.16097711026668549 -0.7740219235420227
vn -0.64476478099823 -0.03682795912027359 -0.7634934186935425
vn 0.5878542065620422 0.4898286759853363 -0.6438130736351013
vn 0.5514440536499023 0.46838507056236267 -0.6903078556060791
vn 0.7068649530410767 0.5612374544143677 -0.4305282235145569
vn -0.6473430395126343 0.2953709065914154 -0.7026400566101074
vn 0.4430844783782959 0.582622766494751 -0.6813420057296753
vn -0.4192931354045868 0.5982996821403503 -0.68281090259552
vn -0.1426931619644165 0.6597353219985962 -0.7378265857696533
vn 0.10562053322792053 0.6673586964607239 -0.7372087240219116
vn 0.3160664737224579 0.6542564034461975 -0.6870593428611755
vn -0.7453351616859436 0.3946424722671509 -0.5373387336730957
vn 0.5586619973182678 0.6461371183395386 -0.5200034976005554
vn -0.42524880170822144 0.7640939354896545 -0.48510193824768066
vn -0.1988244652748108 0.799407958984375 -0.5669354796409607
vn -0.010288502089679241 0.825669527053833 -0.5640603303909302
vn 0.19210436940193176 0.8184916973114014 -0.5414491891860962
vn -0.2928205132484436 -0.9550385475158691 -0.046449024230241776
vn -0.11847420781850815 -0.9912390112876892 -0.05838804692029953
vn 0.08999954909086227 -0.9937975406646729 -0.06531878560781479
vn 0.2954733371734619 -0.9551858901977539 -0.017762186005711555
vn 0.4913025498390198 -0.8709567785263062 -0.0074941422790288925
vn -0.4519025683403015 -0.8781447410583496 -0.15699037909507751
vn 0.6819038391113281 -0.728927493095398 0.06059710681438446
vn -0.7112799882888794 -0.7028305530548096 -0.0104910209774971
vn -0.5737900137901306 -0.8120664358139038 -0.10636338591575623
vn -0.9066994190216064 -0.41761550307273865 -0.0591060034930706
vn 0.7333389520645142 -0.6764279007911682 0.06825876981019974
vn 0.8439923524856567 -0.5035592913627625 -0.184675395488739
vn -0.8764165639877319 -0.4726874530315399 0.0919819101691246
vn -0.9901756048202515 -0.11548341810703278 -0.07884098589420319
vn 0.9418757557868958 -0.117902010679245 -0.314593642950058
vn 0.9793166518211365 0.08342599123716354 -0.18433411419391632
vn -0.9878115057945251 0.15466690063476562 -0.017512161284685135
vn 0.9099788665771484 0.33016303181648254 -0.250860333442688
vn 0.8416949510574341 0.5377761125564575 0.04844149574637413
vn -0.9199638962745667 0.3914722800254822 -0.02039477229118347
vn 0.8339887261390686 0.5436378121376038 -0.09444963186979294
vn -0.7698356509208679 0.6378471851348877 -0.022452516481280327
vn 0.637790858745575 0.7678629159927368 0.06007877737283707
vn 0.7274720072746277 0.682849645614624 0.06708873808383942
vn 0.7830560207366943 0.5987238883972168 0.16838335990905762
vn -0.6563220620155334 0.747665286064148 0.10118352621793747
vn 0.5569508075714111 0.8277280926704407 -0.06835240870714188
vn -0.4334523379802704 0.9003569483757019 0.038424134254455566
vn -0.2657756805419922 0.9636329412460327 0.027836069464683533
vn -0.24809987843036652 0.9686344265937805 0.013925155624747276
vn 0.497157484292984 0.865784764289856 0.05701915919780731
vn -0.5287397503852844 0.8171466588973999 0.2295772135257721
vn -0.25510933995246887 0.9040052890777588 0.3430651128292084
vn 0.4774530231952667 0.8470422029495239 -0.23357707262039185
vn 0.12770089507102966 0.98942631483078 0.06876103579998016
vn 0.38284966349601746 0.848859429359436 0.36450493335723877
vn -0.1607566773891449 -0.9635582566261292 0.21380561590194702
vn -0.04609864577651024 -0.9811714887619019 0.18755662441253662
vn 0.08890868723392487 -0.9867205023765564 0.13593342900276184
vn -0.37091630697250366 -0.8777050375938416 0.3034057021141052
vn 0.17734554409980774 -0.9396699666976929 0.29252177476882935
vn -0.5538865327835083 -0.7228798866271973 0.41310349106788635
vn 0.2648714780807495 -0.8993074297904968 0.34797894954681396
vn 0.27790117263793945 -0.7933582067489624 0.5416213870048523
vn 0.486695796251297 -0.5271279811859131 0.6966084241867065
vn -0.27902862429618835 -0.8429231643676758 0.4600256383419037
vn -0.09788642823696136 -0.9010785222053528 0.42246395349502563
vn 0.04176454618573189 -0.9289255142211914 0.36790379881858826
vn -0.6993316411972046 -0.6321374177932739 0.3336728513240814
vn 0.7368408441543579 -0.14768433570861816 0.6597385406494141
vn -0.78963303565979 -0.4325532615184784 0.4351751506328583
vn 0.7997832298278809 0.048057377338409424 0.5983622670173645
vn 0.5309434533119202 -0.46837571263313293 0.7062034606933594
vn 0.5883285999298096 -0.3390524387359619 0.7341068983078003
vn -0.8773914575576782 -0.3817826211452484 0.2905620038509369
vn 0.8870759010314941 0.22171010076999664 0.4048962891101837
vn -0.811915397644043 -0.22180874645709991 0.5399946570396423
vn 0.7350917458534241 -0.06226727366447449 0.675102174282074
vn -0.8749822974205017 -0.19453178346157074 0.44335469603538513
vn 0.9021816253662109 0.26625606417655945 0.3393760621547699
vn -0.7920894026756287 -0.028321541845798492 0.6097477674484253
vn 0.8144024610519409 0.1517591029405594 0.5601052045822144
vn -0.8287749886512756 0.1942269504070282 0.524793267250061
vn 0.8784199953079224 0.3949155807495117 0.26910966634750366
vn -0.7645323872566223 0.4111331105232239 0.49644720554351807
vn 0.7343522310256958 0.5840095281600952 0.34591877460479736
vn -0.7655396461486816 0.20190103352069855 0.6108887791633606
vn 0.7746027112007141 0.38291677832603455 0.5033541321754456
vn -0.6312304735183716 0.6109966039657593 0.4777354896068573
vn 0.6205981969833374 0.7214224934577942 0.3072580397129059
vn -0.42097005248069763 0.842103898525238 0.33711308240890503
vn -0.25721311569213867 0.8608527183532715 0.4390604496002197
vn 0.011361231096088886 0.8391816020011902 0.5437325835227966
vn 0.3067753314971924 0.8254929780960083 0.4737618863582611
vn 0.4155822992324829 0.790317714214325 0.4502102732658386
vn -0.47261908650398254 0.690481424331665 0.5476007461547852
vn 0.5934971570968628 0.6507123112678528 0.4736398756504059
vn 0.032356683164834976 -0.7659990191459656 -0.642026960849762
vn 0.21911755204200745 -0.7953242659568787 -0.5651962161064148
vn -0.12258876860141754 -0.8188489079475403 -0.5607660412788391
vn 0.15425345301628113 -0.8425838351249695 -0.5160024166107178
vn -0.15860633552074432 -0.7234091758728027 -0.6719548106193542
vn 0.3418964743614197 -0.7642220258712769 -0.5468741655349731
vn -0.29085999727249146 -0.67625892162323 -0.6768119931221008
vn 0.5019406676292419 -0.613283634185791 -0.6098678112030029
vn 0.6334292888641357 -0.5323567986488342 -0.5615723729133606
vn -0.40446311235427856 -0.7302653789520264 -0.550565242767334
vn 0.4959526062011719 -0.7396352887153625 -0.4549403786659241
vn -0.49160003662109375 -0.5948763489723206 -0.6359650492668152
vn 0.8066015243530273 -0.38624611496925354 -0.4474460780620575
vn -0.6569424867630005 -0.4742259979248047 -0.5861196517944336
vn 0.4853876531124115 -0.5247960686683655 -0.6992767453193665
vn -0.6632437109947205 -0.5494247078895569 -0.5081734657287598
vn 0.896271288394928 -0.30034521222114563 -0.3263290524482727
vn -0.7474459409713745 -0.31031912565231323 -0.5873897075653076
vn 0.9020782709121704 -0.18108436465263367 -0.39174389839172363
vn 0.8606098890304565 0.46031737327575684 -0.2178497463464737
vn -0.8074483871459961 -0.399346262216568 -0.43422308564186096
vn 0.946042537689209 -0.30791860818862915 -0.1009441390633583
vn -0.7970234751701355 -0.015828827396035194 -0.6037408709526062
vn 0.8266740441322327 0.47457438707351685 -0.3023063838481903
vn -0.90264493227005 0.12177690118551254 -0.4127984344959259
vn 0.7529050707817078 0.6110300421714783 -0.2444918006658554
vn -0.8752317428588867 -0.17675907909870148 -0.4502507150173187
vn -0.8792569041252136 0.39155346155166626 -0.2712806463241577
vn 0.7006099820137024 0.6043310165405273 -0.3793807029724121
vn -0.6711190938949585 0.6127738356590271 -0.41726189851760864
vn 0.5862656235694885 0.731886625289917 -0.3473249077796936
vn -0.5469533801078796 0.8060822486877441 -0.22599443793296814
vn 0.43948808312416077 0.7581407427787781 -0.48173943161964417
vn -0.2593812048435211 0.9197697639465332 -0.2945251762866974
vn -0.055598367005586624 0.9428882598876953 -0.3284365236759186
vn 0.1197829619050026 0.9418448805809021 -0.31397512555122375
vn 0.30854809284210205 0.8956761956214905 -0.3202533721923828
vn -0.34088134765625 -0.9180527925491333 0.20243270695209503
vn -0.17398867011070251 -0.9737077355384827 0.14704152941703796
vn 0.04903365299105644 -0.9935134053230286 0.10260071605443954
vn 0.27892714738845825 -0.9520869851112366 0.1254197359085083
vn 0.5037579536437988 -0.8548761606216431 0.12415630370378494
vn -0.48023805022239685 -0.8757449388504028 0.04941960424184799
vn 0.6493119597434998 -0.7226067185401917 0.23713621497154236
vn -0.6171669960021973 -0.7718701958656311 0.15271319448947906
vn -0.466764897108078 -0.8413019180297852 0.2726566791534424
vn 0.27138006687164307 -0.9182590842247009 0.28836292028427124
vn 0.48194050788879395 -0.8432320356369019 0.23810327053070068
vn -0.7968560457229614 -0.5646868944168091 0.21482360363006592
vn 0.694928765296936 -0.6092625260353088 0.38193368911743164
vn -0.9038617014884949 -0.3142383098602295 0.29032444953918457
vn 0.7435417175292969 -0.6534234285354614 0.14206886291503906
vn 0.8907172083854675 -0.43471044301986694 -0.13285230100154877
vn -0.9776330590248108 -0.16663356125354767 0.12832340598106384
vn 0.9684159159660339 -0.2220481038093567 0.11342509090900421
vn -0.9248331189155579 -0.09268110990524292 0.36890915036201477
vn 0.6915505528450012 -0.4399626553058624 0.5728793144226074
vn 0.804887056350708 -0.5232252478599548 0.279986172914505
vn -0.9796828031539917 0.07228327542543411 0.18707436323165894
vn 0.9470956921577454 0.24037685990333557 0.21267063915729523
vn 0.7449396252632141 0.5319268107414246 0.4026397466659546
vn 0.7577956318855286 0.4137292504310608 0.5045531392097473
vn -0.8880301713943481 0.1593165248632431 0.4313012361526489
vn 0.6695652604103088 0.11850301921367645 0.7332389950752258
vn 0.8059009313583374 -0.10868147760629654 0.5819897055625916
vn -0.9237893223762512 0.3167215883731842 0.21517612040042877
vn 0.7153887152671814 0.5729919672012329 0.3998740017414093
vn -0.785359263420105 0.6057239174842834 0.1277085393667221
vn -0.654414713382721 0.6764006018638611 0.33796995878219604
vn 0.6434858441352844 0.7112003564834595 0.2830548882484436
vn -0.7900430560112 0.4943341016769409 0.36258214712142944
vn -0.7278591990470886 0.47470030188560486 0.4948541522026062
vn -0.5100396275520325 0.769750714302063 0.3838534355163574
vn 0.5193043947219849 0.8345547318458557 0.1839604377746582
vn -0.309608519077301 0.9222188591957092 0.23163524270057678
vn -0.14248119294643402 0.9568856954574585 0.25311851501464844
vn 0.07289379090070724 0.9121731519699097 0.4032699167728424
vn 0.3514825701713562 0.8845526576042175 0.30663761496543884
vn -0.35972172021865845 0.8243224620819092 0.4371415972709656
vn -0.47269970178604126 -0.6642877459526062 0.5790309906005859
vn -0.26201969385147095 -0.7717649936676025 0.5794174075126648
vn 0.0011841506930068135 -0.8332508206367493 0.552893877029419
vn 0.19293567538261414 -0.8427186012268066 0.502594530582428
vn 0.3667104244232178 -0.6994972825050354 0.6133734583854675
vn -0.6708135604858398 -0.5681813955307007 0.47663310170173645
vn 0.5886296629905701 -0.34578198194503784 0.7307187914848328
vn -0.6394063234329224 -0.407283753156662 0.6521345376968384
vn -0.49032482504844666 -0.5085859894752502 0.7077583074569702
vn 0.4281235933303833 -0.5278013944625854 0.7335774898529053
vn -0.7476345896720886 -0.332608163356781 0.5748168230056763
vn 0.6956116557121277 -0.02704988420009613 0.7179085612297058
vn -0.6712639331817627 -0.17282578349113464 0.7207884192466736
vn 0.5445964932441711 -0.2175377458333969 0.8099950551986694
vn -0.7220034003257751 -0.07748729735612869 0.6875367760658264
vn 0.706646740436554 0.1719832867383957 0.6863470077514648
vn -0.6430242657661438 0.11783409118652344 0.7567264437675476
vn 0.5789886713027954 0.06291219592094421 0.8129047751426697
vn -0.6894587278366089 0.17214959859848022 0.7035703659057617
vn 0.6868801116943359 0.344957172870636 0.6396876573562622
vn -0.6437323093414307 0.3898733854293823 0.6584887504577637
vn 0.47941482067108154 0.5363790392875671 0.6945926547050476
vn -0.528302788734436 0.33277419209480286 0.7811258435249329
vn -0.4253913462162018 0.46433523297309875 0.7768107652664185
vn 0.4624002277851105 0.3473941683769226 0.8157838582992554
vn -0.41688138246536255 0.5598841309547424 0.7160584330558777
vn 0.30357858538627625 0.6902554631233215 0.6568009853363037
vn -0.2549680173397064 0.7918902635574341 0.5548883676528931
vn -0.08727036416530609 0.7833371758460999 0.6154403686523438
vn 0.14223767817020416 0.7737898826599121 0.6172662973403931
vn -0.25574639439582825 0.6166326999664307 0.7445521950721741
vn -0.06777406483888626 0.6874440908432007 0.7230679392814636
vn 0.205938458442688 0.6348021626472473 0.7447251677513123
vn -0.14743228256702423 -0.9187067151069641 -0.36639007925987244
vn 0.055054038763046265 -0.9144726395606995 -0.4008851945400238
vn -0.3275745213031769 -0.822554349899292 -0.4648647904396057
vn 0.31639939546585083 -0.8912671804428101 -0.32486048340797424
vn -0.4968067407608032 -0.8007828593254089 -0.3345594108104706
vn 0.37378549575805664 -0.8668408989906311 -0.3299565613269806
vn -0.5387753248214722 -0.6969435214996338 -0.4732767641544342
vn 0.550934910774231 -0.784400999546051 -0.2849313020706177
vn -0.7155277729034424 -0.6004448533058167 -0.35705193877220154
vn 0.6741018891334534 -0.6227673888206482 -0.3971744179725647
vn 0.7635344862937927 -0.5296297073364258 -0.36946916580200195
vn -0.6352712512016296 -0.7331213355064392 -0.24282428622245789
vn 0.686364471912384 -0.7061776518821716 -0.17383059859275818
vn -0.8095152378082275 -0.5026300549507141 -0.3033944368362427
vn 0.9172093272209167 -0.3617256283760071 -0.16697798669338226
vn -0.9003392457962036 -0.3820580244064331 -0.20837686955928802
vn 0.9760307669639587 -0.03892290219664574 -0.2141236662864685
vn -0.9294230341911316 -0.2141275852918625 -0.300536572933197
vn 0.9765515923500061 0.19271065294742584 -0.0959664136171341
vn 0.971644937992096 0.22922641038894653 -0.05797738581895828
vn -0.9725552797317505 0.07674610614776611 -0.21965044736862183
vn 0.8690062761306763 0.4836612045764923 -0.10440312325954437
vn 0.812959611415863 0.5800521969795227 -0.051343128085136414
vn -0.9215670824050903 0.3802921175956726 -0.07805167138576508
vn 0.725762665271759 0.6726351380348206 -0.14432795345783234
vn -0.7828578948974609 0.6074984073638916 -0.13445943593978882
vn 0.6378837823867798 0.7566180229187012 -0.14364378154277802
vn -0.6156580448150635 0.7878177762031555 -0.017561988905072212
vn 0.4851526916027069 0.8417904376983643 -0.23667657375335693
vn -0.3340050280094147 0.9403589963912964 -0.06454196572303772
vn -0.09954116493463516 0.9913617968559265 -0.08540098369121552
vn 0.09055546671152115 0.9904928803443909 -0.10355494916439056
vn 0.30118730664253235 0.948769748210907 -0.09551029652357101
vn 0.500667929649353 0.8647305369377136 -0.03965754806995392
vn -0.19211775064468384 -0.9169011116027832 0.34983310103416443
vn 0.03412619233131409 -0.9577258825302124 0.28565114736557007
vn -0.3478260934352875 -0.7903580665588379 0.5043323636054993
vn 0.11400765925645828 -0.86027991771698 0.4969111979007721
vn -0.5819202661514282 -0.6994290351867676 0.41493120789527893
vn -0.4545002579689026 -0.7612472176551819 0.4625280797481537
vn 0.329986572265625 -0.8155413866043091 0.4753958284854889
vn 0.5727476477622986 -0.7332132458686829 0.3665495216846466
vn -0.21681593358516693 -0.7825120091438293 0.5836658477783203
vn -0.04504711925983429 -0.825623095035553 0.5624209046363831
vn -0.7686387896537781 -0.5595134496688843 0.310062974691391
vn 0.7407729625701904 -0.4702833592891693 0.47967591881752014
vn -0.711180567741394 -0.4490535855293274 0.5409003496170044
vn -0.47619953751564026 -0.5654778480529785 0.6734009385108948
vn 0.6044965386390686 -0.5878432393074036 0.5376098155975342
vn -0.8442384004592896 -0.25593656301498413 0.4709118902683258
vn 0.6906924843788147 -0.22810396552085876 0.6862306594848633
vn -0.6818123459815979 -0.2656457722187042 0.6815895438194275
vn -0.8294306397438049 -0.013059032149612904 0.5584571361541748
vn 0.7023646235466003 0.2411804050207138 0.6697133779525757
vn -0.7656729817390442 0.2563895881175995 0.5899232029914856
vn -0.6302770972251892 0.5055718421936035 0.5891926884651184
vn 0.6933686137199402 0.46493032574653625 0.5505268573760986
vn -0.5011109709739685 0.6608101725578308 0.5587644577026367
vn 0.5791329145431519 0.6614019870758057 0.4766051471233368
vn 0.5148606896400452 0.5472258925437927 0.659895658493042
vn -0.2833317518234253 0.7517321109771729 0.5955014824867249
vn 0.42989155650138855 0.794391930103302 0.4291093349456787
vn -0.158952996134758 0.8965632915496826 0.4134105443954468
vn 0.00033892024657689035 0.892732560634613 0.45058688521385193
vn 0.20997582376003265 0.8572815656661987 0.47008344531059265
vn -0.10031584650278091 0.774848997592926 0.6241360306739807
vn 0.073691226541996 0.7699407339096069 0.6338461637496948
vn 0.28474655747413635 0.7276608347892761 0.6240425705909729
vn -0.04154355451464653 -0.7366306781768799 0.6750181317329407
vn 0.20776459574699402 -0.7243070006370544 0.6574292778968811
vn -0.24672789871692657 -0.6546618342399597 0.7145230770111084
vn 0.34314945340156555 -0.446733683347702 0.826242983341217
vn -0.34449952840805054 -0.42870745062828064 0.8351826071739197
vn -0.09517785906791687 -0.4859786927700043 0.8687726855278015
vn 0.11907229572534561 -0.5942513346672058 0.7954164147377014
vn -0.5372153520584106 -0.24761296808719635 0.8062800168991089
vn 0.41797009110450745 -0.1340118795633316 0.8985220789909363
vn -0.3048340380191803 -0.19415363669395447 0.9324058294296265
vn -0.03360997885465622 -0.2313392460346222 0.972292423248291
vn 0.18151892721652985 -0.33711570501327515 0.923798680305481
vn -0.5640439987182617 -0.04695481061935425 0.8244086503982544
vn 0.4169255793094635 0.13767126202583313 0.8984540700912476
vn -0.5482704639434814 0.186709463596344 0.815192699432373
vn -0.33841297030448914 0.039807673543691635 0.9401553273200989
vn -0.06669431924819946 0.0009555837023071945 0.9977729916572571
vn 0.21797046065330505 -0.050661757588386536 0.9746395945549011
vn -0.3434906005859375 0.323809415102005 0.8815677762031555
vn 0.30631834268569946 0.4079664945602417 0.8600770235061646
vn -0.165540412068367 0.5493625998497009 0.8190221190452576
vn 0.08455142378807068 0.5243542194366455 0.8472920060157776
vn -0.07369577884674072 0.27354565262794495 0.9590316414833069
vn 0.17278729379177094 0.21611829102039337 0.9609565138816833
vn -0.1276947259902954 -0.9770660400390625 -0.17039993405342102
vn 0.12481912970542908 -0.964626669883728 -0.23219728469848633
vn -0.3525172770023346 -0.8968325853347778 -0.26725059747695923
vn 0.3451247215270996 -0.9312495589256287 -0.11688955873250961
vn -0.6604416370391846 -0.748625636100769 -0.0581088662147522
vn -0.531201958656311 -0.8375857472419739 -0.12757237255573273
vn 0.45155277848243713 -0.8823907375335693 -0.1322372704744339
vn 0.5400547981262207 -0.834367036819458 -0.11032948642969131
vn -0.7783324122428894 -0.6165347695350647 -0.11867443472146988
vn 0.6997511982917786 -0.7138802409172058 0.026895595714449883
vn 0.787079393863678 -0.5982154607772827 -0.15048030018806458
vn -0.8636342883110046 -0.5002437829971313 -0.06238526850938797
vn 0.9110535383224487 -0.4119773805141449 -0.01600402407348156
vn -0.9444091320037842 -0.3287580907344818 -0.0030856705270707607
vn -0.983866810798645 -0.13798438012599945 -0.11387014389038086
vn 0.9987189769744873 -0.04708586633205414 -0.01852942444384098
vn 0.9447574019432068 0.3154393434524536 0.08905905485153198
vn -0.9914131760597229 0.12642687559127808 -0.033410027623176575
vn 0.89164799451828 0.4525158107280731 0.013906769454479218
vn 0.8275656700134277 0.5533713102340698 0.09442099928855896
vn -0.9196495413780212 0.38563233613967896 0.07438068836927414
vn 0.7544991374015808 0.6561583280563354 0.013686285354197025
vn -0.7929681539535522 0.6014724373817444 0.09712084382772446
vn -0.6402713060379028 0.7479916214942932 0.1748177707195282
vn 0.6503425240516663 0.7594216465950012 0.018260225653648376
vn -0.37778136134147644 0.9189157485961914 0.11346859484910965
vn -0.13944895565509796 0.9838352799415588 0.11234848946332932
vn 0.050632815808057785 0.9931830763816833 0.10499406605958939
vn 0.22331224381923676 0.9724077582359314 0.06748966127634048
vn 0.4120218753814697 0.9072144627571106 0.08485227823257446
vn -0.4749239683151245 0.8272640705108643 0.3001357913017273
vn 0.5806558132171631 0.8036988973617554 0.13002675771713257
vn -0.16856232285499573 -0.6352147459983826 0.753716766834259
vn 0.05400523170828819 -0.6918606162071228 0.7200085520744324
vn 0.304277628660202 -0.7120033502578735 0.6328241229057312
vn -0.29368749260902405 -0.6430811882019043 0.7072442173957825
vn 0.4003288149833679 -0.4464890658855438 0.8002402186393738
vn -0.29975661635398865 -0.4474383592605591 0.8425822854042053
vn 0.6761754155158997 -0.25882667303085327 0.6897794604301453
vn -0.1834811419248581 -0.4366495907306671 0.8807223439216614
vn -0.032560788094997406 -0.487545371055603 0.8724902868270874
vn 0.14252787828445435 -0.46988046169281006 0.871147632598877
vn -0.46094971895217896 -0.318410724401474 0.828335702419281
vn 0.6744390726089478 -0.05017970874905586 0.7366233468055725
vn -0.5529122352600098 -0.08920115232467651 0.8284511566162109
vn -0.32710739970207214 -0.14581382274627686 0.9336696863174438
vn -0.17160290479660034 -0.17526333034038544 0.9694510698318481
vn -0.016212940216064453 -0.2665601074695587 0.9636819362640381
vn 0.19624879956245422 -0.2424851655960083 0.9500986337661743
vn 0.423132061958313 -0.15269599854946136 0.8931087851524353
vn -0.7279210686683655 -0.04582560807466507 0.684127926826477
vn 0.6362012624740601 0.21856750547885895 0.7399163842201233
vn -0.6929014921188354 0.1736472100019455 0.6998101472854614
vn 0.48066598176956177 0.2760099768638611 0.8323333263397217
vn -0.5287690162658691 0.09070976078510284 0.8439046144485474
vn -0.3482305705547333 0.13878701627254486 0.9270780086517334
vn -0.1919717788696289 0.10290271043777466 0.9759907722473145
vn 0.0016761724837124348 0.05562327429652214 0.9984504580497742
vn 0.2013283669948578 -0.03171338513493538 0.979010283946991
vn 0.4547731578350067 0.0325276218354702 0.8900130987167358
vn -0.5747464895248413 0.32537633180618286 0.7508639693260193
vn 0.3212442696094513 0.5033374428749084 0.8021555542945862
vn -0.47157859802246094 0.5480998754501343 0.6907967329025269
vn -0.2834956645965576 0.61239093542099 0.7379752993583679
vn -0.07777179032564163 0.6044999361038208 0.792799711227417
vn 0.11195292323827744 0.5624803900718689 0.8191961646080017
vn -0.3941839933395386 0.3678777515888214 0.8421906232833862
vn -0.20963753759860992 0.398866206407547 0.8927249908447266
vn -0.019480330869555473 0.35127463936805725 0.9360697865486145
vn 0.2183169275522232 0.2501426339149475 0.9432743191719055
vn -0.14978209137916565 -0.9884356260299683 0.023671887814998627
vn 0.13304466009140015 -0.9893119931221008 -0.0596734993159771
vn -0.37667134404182434 -0.9252455234527588 -0.04515998438000679
vn 0.3350335955619812 -0.9375791549682617 0.09326250851154327
vn -0.6494883894920349 -0.7499348521232605 0.1255490779876709
vn -0.5600348114967346 -0.8233291506767273 0.09214205294847488
vn 0.48914971947669983 -0.8701745271682739 0.05940410494804382
vn 0.6023082137107849 -0.7961134314537048 0.05855141580104828
vn -0.8061304092407227 -0.5887640714645386 0.05925177410244942
vn 0.7511638402938843 -0.6129264831542969 0.24510009586811066
vn 0.8078505992889404 -0.5784489512443542 0.11302386969327927
vn -0.7834413647651672 -0.5929629802703857 0.18605001270771027
vn -0.8918687701225281 -0.4228706359863281 0.1604696810245514
vn 0.9380139708518982 -0.29197388887405396 0.1867649257183075
vn -0.9452930092811584 -0.2463534027338028 0.21384848654270172
vn 0.8296761512756348 -0.4283994734287262 0.35792669653892517
vn -0.9917795062065125 -0.09207483381032944 0.08885747194290161
vn 0.979686439037323 0.04038413614034653 0.19642721116542816
vn 0.9093387126922607 0.2502460181713104 0.33238545060157776
vn -0.9357237815856934 -0.06597283482551575 0.34650918841362
vn 0.8941264152526855 -0.09748820215463638 0.4370743930339813
vn -0.9783026576042175 0.10372189432382584 0.17934803664684296
vn 0.8739225268363953 0.4272029995918274 0.23185567557811737
vn 0.8105654120445251 0.5391729474067688 0.22864006459712982
vn -0.8936106562614441 0.11605112254619598 0.4335807263851166
vn -0.9097815752029419 0.32256749272346497 0.2612428665161133
vn 0.7234166264533997 0.6731396913528442 0.1534648835659027
vn -0.7730689644813538 0.5750678181648254 0.2676966190338135
vn -0.6477057933807373 0.6638869047164917 0.3738067150115967
vn 0.5610523819923401 0.7760928869247437 0.2879239022731781
vn -0.8002011179924011 0.40329769253730774 0.4438795745372772
vn -0.45970961451530457 0.765613317489624 0.45000383257865906
vn 0.38415029644966125 0.8885353207588196 0.2508655786514282
vn -0.2158612310886383 0.9302078485488892 0.2968456447124481
vn 0.02119990438222885 0.9638607501983643 0.26556169986724854
vn 0.21049711108207703 0.9452666640281677 0.2493230700492859
vn -0.3019736111164093 0.8154268860816956 0.49385321140289307
vn -0.16557301580905914 -0.9483722448348999 0.27051013708114624
vn 0.09653200209140778 -0.9789137244224548 0.18002653121948242
vn -0.4122472107410431 -0.8921075463294983 0.18492268025875092
vn 0.2320815920829773 -0.90395587682724 0.35916849970817566
vn -0.4585510194301605 -0.8138522505760193 0.3568969964981079
vn 0.40857234597206116 -0.8624074459075928 0.29886797070503235
vn 0.6019711494445801 -0.7689980268478394 0.21511122584342957
vn -0.3022066652774811 -0.837156355381012 0.45589521527290344
vn -0.016322903335094452 -0.8720757961273193 0.48909854888916016
vn -0.6330848932266235 -0.6898845434188843 0.3510882258415222
vn 0.7930498123168945 -0.5097486972808838 0.33350902795791626
vn -0.7738319039344788 -0.48313888907432556 0.4095865488052368
vn 0.6279050707817078 -0.6551656126976013 0.42011114954948425
vn -0.8850437998771667 -0.3556898832321167 0.30030351877212524
vn 0.8324131369590759 -0.21383258700370789 0.5112376809120178
vn -0.8010338544845581 -0.2695234715938568 0.5345108509063721
vn 0.7586667537689209 -0.34543338418006897 0.5523591041564941
vn -0.8902044892311096 -0.21765711903572083 0.400201678276062
vn 0.8558141589164734 0.15654943883419037 0.49302586913108826
vn -0.8402296900749207 0.0075301737524569035 0.5421783924102783
vn 0.8473271131515503 0.3213348686695099 0.4228246510028839
vn 0.7662699818611145 0.5002339482307434 0.4032324552536011
vn -0.7139313220977783 0.24110159277915955 0.6573980450630188
vn 0.7106174826622009 0.445877343416214 0.5442575812339783
vn -0.7694017887115479 0.2843121290206909 0.5720030665397644
vn 0.6653263568878174 0.6396970152854919 0.38487473130226135
vn -0.653717041015625 0.5793119668960571 0.4868795573711395
vn -0.4652056097984314 0.6583671569824219 0.5917233228683472
vn 0.48762044310569763 0.7423731088638306 0.45946550369262695
vn -0.6341818571090698 0.49174946546554565 0.596653938293457
vn -0.5318628549575806 0.5044549107551575 0.6801816821098328
vn 0.4587744474411011 0.6812242865562439 0.5704906582832336
vn -0.23017458617687225 0.7571607232093811 0.611332356929779
vn 0.3011985719203949 0.8474582433700562 0.4371430277824402
vn -0.060325685888528824 0.8981941342353821 0.4354402422904968
vn 0.1436382234096527 0.8955435752868652 0.42115291953086853
vn -0.0037308617029339075 0.7966957688331604 0.604369044303894
vn 0.2053576111793518 0.7842868566513062 0.5854250192642212
vn -0.18522273004055023 -0.47429153323173523 -0.860662579536438
vn -0.02323998138308525 -0.4843834638595581 -0.8745470643043518
vn 0.14504443109035492 -0.46444958448410034 -0.8736410737037659
vn 0.3426651656627655 -0.4052984416484833 -0.8475339412689209
vn -0.23990076780319214 -0.1899099349975586 -0.9520409107208252
vn -0.06493640691041946 -0.21418295800685883 -0.9746327996253967
vn 0.08944134414196014 -0.22635206580162048 -0.9699304103851318
vn 0.28016725182533264 -0.20273129642009735 -0.9382997751235962
vn 0.45680567622184753 -0.1999097615480423 -0.8668129444122314
vn -0.2762989103794098 0.046913061290979385 -0.9599261283874512
vn -0.08544515073299408 0.04175158590078354 -0.9954677224159241
vn 0.053707364946603775 0.04078034684062004 -0.9977236390113831
vn 0.20318171381950378 0.0008501816191710532 -0.9791406989097595
vn 0.367091566324234 0.043120674788951874 -0.9291847944259644
vn -0.10928072035312653 0.28278258442878723 -0.9529384970664978
vn 0.038144875317811966 0.2763258218765259 -0.9603067636489868
vn 0.1867435723543167 0.23380130529403687 -0.9541822671890259
vn -0.31159886717796326 -0.73843914270401 0.5980082750320435
vn -0.16547569632530212 -0.7696811556816101 0.6166107058525085
vn 0.13919201493263245 -0.8116003274917603 0.567389190196991
vn 0.3904929459095001 -0.8032639026641846 0.44975823163986206
vn -0.5197715163230896 -0.6755253076553345 0.5229753851890564
vn 0.4718099534511566 -0.6002904176712036 0.6457916498184204
vn -0.4562140703201294 -0.5082736611366272 0.7304291129112244
vn -0.27606627345085144 -0.6122208833694458 0.7409271001815796
vn 0.02465253695845604 -0.7088229060173035 0.7049556374549866
vn 0.2191319465637207 -0.7007617950439453 0.6789066195487976
vn -0.6420709490776062 -0.4325293302536011 0.632979691028595
vn 0.589085042476654 -0.30273234844207764 0.7492209076881409
vn -0.6843623518943787 -0.17987656593322754 0.7066064476966858
vn 0.7087152600288391 -0.0983823612332344 0.6986011862754822
vn -0.5591346621513367 -0.27087193727493286 0.7835795283317566
vn 0.39394325017929077 -0.45652785897254944 0.7977412343025208
vn -0.8146165013313293 -0.12811078131198883 0.5656744837760925
vn 0.8097699880599976 0.092681884765625 0.5793812274932861
vn -0.7488014698028564 0.013186030089855194 0.6626632213592529
vn 0.727631151676178 0.25446826219558716 0.637023389339447
vn -0.6366668939590454 -0.02992537058889866 0.7705580592155457
vn -0.5842927694320679 0.07207236438989639 0.8083362579345703
vn 0.6591378450393677 0.12290362268686295 0.7419111132621765
vn -0.6166597008705139 0.12928161025047302 0.7765417695045471
vn 0.5862448811531067 0.43288275599479675 0.6847842931747437
vn -0.5260422229766846 0.3505973219871521 0.7748297452926636
vn 0.40990421175956726 0.584770143032074 0.7000160813331604
vn -0.4656173586845398 0.27334997057914734 0.8417127132415771
vn -0.37583112716674805 0.418671578168869 0.8267195224761963
vn 0.3999652862548828 0.4485887885093689 0.7992470860481262
vn -0.3680019676685333 0.5378993153572083 0.7584450840950012
vn 0.20532728731632233 0.6658576726913452 0.717268705368042
vn -0.23704825341701508 0.6603168249130249 0.7125937938690186
vn -0.014266892336308956 0.6837694048881531 0.7295587062835693
vn -0.2509784400463104 0.5371889472007751 0.8052564263343811
vn -0.0020796030294150114 0.6034979224205017 0.7973619103431702
vn -0.3342031240463257 -0.6728829741477966 -0.6599521040916443
vn -0.14603291451931 -0.6962946057319641 -0.7027433514595032
vn 0.05007549747824669 -0.6960164308547974 -0.7162776589393616
vn 0.20523875951766968 -0.6856969594955444 -0.6983529329299927
vn -0.36634376645088196 -0.4112200140953064 -0.8346798419952393
vn 0.3877164423465729 -0.6134135723114014 -0.6880406141281128
vn 0.5847949981689453 -0.452346533536911 -0.6733478903770447
vn 0.5625154972076416 -0.6717789769172668 -0.481964111328125
vn -0.45683279633522034 -0.14182600378990173 -0.878173828125
vn 0.6060187816619873 -0.25073885917663574 -0.754898190498352
vn -0.5639349222183228 -0.15739230811595917 -0.8106818795204163
vn 0.6566203236579895 -0.03552170470356941 -0.7533844113349915
vn 0.7866603136062622 0.09071668982505798 -0.6106849312782288
vn -0.4797708988189697 0.17280054092407227 -0.8602092266082764
vn 0.5552175045013428 0.02095232903957367 -0.8314412832260132
vn -0.3278723657131195 0.31765133142471313 -0.8897175788879395
vn 0.5090514421463013 0.2354496568441391 -0.8279070854187012
vn -0.6784972548484802 0.08982796221971512 -0.72909015417099
vn -0.5674948692321777 0.17206142842769623 -0.8051984310150146
vn 0.6326018571853638 0.2835645377635956 -0.720698356628418
vn 0.7566491961479187 0.32201725244522095 -0.5690228343009949
vn -0.22957897186279297 0.512872040271759 -0.8271975517272949
vn 0.3649730384349823 0.29358550906181335 -0.8835170269012451
vn -0.03186719864606857 0.509415328502655 -0.8599305152893066
vn 0.12361589819192886 0.47759321331977844 -0.8698412775993347
vn 0.2827596962451935 0.4557284116744995 -0.8440133929252625
vn -0.5746756792068481 0.40877294540405273 -0.7089799642562866
vn -0.452292263507843 0.4710007607936859 -0.7573572993278503
vn 0.4851476550102234 0.4852624535560608 -0.7274284362792969
vn 0.6300941705703735 0.4909488260746002 -0.6016233563423157
vn -0.5784637331962585 0.598061740398407 -0.5547088384628296
vn -0.40201401710510254 0.6276458501815796 -0.6666674017906189
vn -0.1937292069196701 0.6397510766983032 -0.7437658309936523
vn 0.06436771899461746 0.6478031277656555 -0.7590835690498352
vn 0.28198671340942383 0.6164049506187439 -0.7352064251899719
vn 0.45846378803253174 0.6512766480445862 -0.6046897768974304
vn -0.22882337868213654 0.7589259147644043 -0.609648585319519
vn 0.0049622803926467896 0.7493219375610352 -0.6621872782707214
vn 0.2383151799440384 0.7461709380149841 -0.621638834476471
vn -0.13214589655399323 -0.58794105052948 0.7980368137359619
vn 0.15741124749183655 -0.5905607342720032 0.7914921045303345
vn -0.4045712351799011 -0.4392569959163666 0.8021069169044495
vn 0.37765365839004517 -0.34028196334838867 0.8611538410186768
vn 0.591378390789032 -0.14480112493038177 0.7932870388031006
vn -0.23768749833106995 -0.3362340033054352 0.9112911224365234
vn 0.08985891938209534 -0.3830411732196808 0.9193502068519592
vn -0.5044487118721008 -0.16030357778072357 0.8484305143356323
vn 0.5519973635673523 0.12716534733772278 0.8240921497344971
vn -0.4841756224632263 0.13453353941440582 0.8645662069320679
vn 0.3584586977958679 0.23312602937221527 0.903968870639801
vn -0.2595164477825165 -0.0334811732172966 0.9651581645011902
vn 0.026431825011968613 -0.14071999490261078 0.9896965622901917
vn 0.34524402022361755 -0.08327020704746246 0.9348115921020508
vn -0.2500695586204529 0.2656303942203522 0.9310777187347412
vn 0.1747293621301651 0.4685015380382538 0.8660115003585815
vn -0.10007235407829285 0.4678535759449005 0.8781222105026245
vn 0.07141418755054474 0.16541656851768494 0.9836348295211792
vn -0.47245025634765625 -0.7671840786933899 -0.4338425397872925
vn -0.30530327558517456 -0.8169373273849487 -0.48928871750831604
vn -0.04447010159492493 -0.8138978481292725 -0.5793037414550781
vn 0.2366211861371994 -0.8207516074180603 -0.5199781656265259
vn 0.37693944573402405 -0.8268184661865234 -0.4174780249595642
vn -0.14916762709617615 -0.9086953997612 -0.38989973068237305
vn 0.09624272584915161 -0.8922966122627258 -0.4410715401172638
vn 0.37977364659309387 -0.8539367318153381 -0.355758398771286
vn -0.4633360505104065 -0.5383758544921875 -0.7038971185684204
vn 0.6014404892921448 -0.7389867901802063 -0.303591787815094
vn -0.5833288431167603 -0.4880242943763733 -0.6492763161659241
vn 0.633894145488739 -0.5404908061027527 -0.5532159805297852
vn 0.6945703625679016 -0.34718209505081177 -0.6301084756851196
vn -0.6097831726074219 -0.691113293170929 -0.3879779279232025
vn -0.7231671810150146 -0.3302873373031616 -0.6065801978111267
vn 0.9041844606399536 -0.2102382630109787 -0.3718203008174896
vn -0.8226848840713501 -0.1701027899980545 -0.5424524545669556
vn -0.786505937576294 -0.5229672193527222 -0.3285021483898163
vn -0.8860571980476379 0.11606909334659576 -0.448810338973999
vn 0.9367826581001282 0.2182173728942871 -0.27353137731552124
vn -0.7256549596786499 0.33517321944236755 -0.6009025573730469
vn 0.9038515686988831 0.4022552967071533 -0.1457500159740448
vn -0.7654637694358826 0.5383450984954834 -0.3524909019470215
vn 0.8038209080696106 0.461063027381897 -0.37588945031166077
vn 0.7390029430389404 0.6163938045501709 -0.27190691232681274
vn -0.8620392084121704 0.4178643226623535 -0.2868413031101227
vn -0.6860254406929016 0.6930886507034302 -0.22135303914546967
vn 0.6194345951080322 0.6770596504211426 -0.39735502004623413
vn -0.5146400332450867 0.7919610142707825 -0.3285473883152008
vn -0.41858890652656555 0.8127539157867432 -0.405233770608902
vn 0.5524612665176392 0.7937413454055786 -0.2544825077056885
vn -0.32527396082878113 0.9027698636054993 -0.28143104910850525
vn 0.4192235469818115 0.8155057430267334 -0.3990013897418976
vn -0.06813691556453705 0.8896104097366333 -0.4516090154647827
vn 0.17295001447200775 0.8888145089149475 -0.42437851428985596
vn 0.32462045550346375 0.8986605405807495 -0.2950098514556885
vn -0.21490062773227692 -0.9694907665252686 -0.11792153120040894
vn 0.012331780977547169 -0.9798284769058228 -0.19945961236953735
vn 0.25981125235557556 -0.9392833113670349 -0.22415387630462646
vn -0.3521777391433716 -0.8994182348251343 -0.2588779032230377
vn 0.499269962310791 -0.8617608547210693 -0.08998754620552063
vn -0.5703141689300537 -0.8060192465782166 -0.15835028886795044
vn -0.4838922321796417 -0.8504152894020081 -0.20649997889995575
vn 0.5147675275802612 -0.8264536261558533 -0.22801081836223602
vn -0.764903724193573 -0.6414089798927307 -0.059302348643541336
vn 0.5882138609886169 -0.808672308921814 0.007315459195524454
vn -0.8840181231498718 -0.46725884079933167 -0.0134581932798028
vn 0.6201099157333374 -0.7676734328269958 -0.1616823673248291
vn 0.7332979440689087 -0.6190442442893982 -0.28117313981056213
vn -0.7143112421035767 -0.6979780793190002 0.05085277929902077
vn -0.9427117705345154 -0.23622076213359833 -0.2355722188949585
vn 0.9681486487388611 -0.24489648640155792 -0.052096087485551834
vn -0.9645867347717285 -0.21327604353427887 0.15519584715366364
vn -0.9967966675758362 0.004655417986214161 -0.0798422172665596
vn 0.9745144248008728 0.21496041119098663 0.06413829326629639
vn 0.8367763161659241 0.4615754783153534 0.2945396602153778
vn -0.9658158421516418 0.07654915750026703 0.24766910076141357
vn -0.955264151096344 0.28685054183006287 -0.07202222943305969
vn 0.8530988693237305 0.5198473334312439 0.044509973376989365
vn -0.8504543900489807 0.52080237865448 0.07410956919193268
vn 0.7551237940788269 0.6461028456687927 0.111082062125206
vn -0.9130487442016602 0.3471461534500122 0.21408303081989288
vn 0.7156254053115845 0.5880321860313416 0.3769594132900238
vn -0.7824351191520691 0.6217564940452576 0.03484683856368065
vn 0.6715636253356934 0.7384850382804871 0.06035125255584717
vn -0.5933189988136292 0.8042935132980347 0.03293239325284958
vn -0.48758652806282043 0.8727783560752869 0.022746114060282707
vn 0.5722183585166931 0.8122925758361816 0.11290253698825836
vn -0.6715395450592041 0.708588719367981 0.21664857864379883
vn 0.5963327288627625 0.7277960181236267 0.33867424726486206
vn -0.3855479955673218 0.9177370071411133 0.09545435756444931
vn 0.4621121883392334 0.8859639763832092 0.03898940235376358
vn -0.12443391978740692 0.9885297417640686 -0.08558758348226547
vn 0.12123698741197586 0.9784718751907349 -0.16701601445674896
vn 0.3200717866420746 0.9473688006401062 0.006813302170485258
vn -0.18939080834388733 0.9463274478912354 0.2619076669216156
vn 0.44501397013664246 0.8458534479141235 0.29409971833229065
vn -0.2627365291118622 -0.9590692520141602 0.10562071949243546
vn 0.007068716920912266 -0.9991753101348877 0.03998516872525215
vn 0.2736177146434784 -0.9618067741394043 -0.00781447533518076
vn -0.4364379346370697 -0.8996703624725342 0.01073430571705103
vn 0.5174786448478699 -0.8462004065513611 0.1271253526210785
vn -0.5477997660636902 -0.828890860080719 0.11338158696889877
vn 0.6142820715904236 -0.7837927341461182 0.09124945104122162
vn -0.6232019662857056 -0.7597507238388062 0.18546763062477112
vn 0.6545815467834473 -0.654387354850769 0.37855008244514465
vn -0.7913439273834229 -0.5368316173553467 0.29255184531211853
vn 0.6237033605575562 -0.7472169995307922 0.22947968542575836
vn 0.7697377800941467 -0.6364845037460327 0.04889989271759987
vn -0.8785378932952881 -0.41072553396224976 0.24387654662132263
vn 0.9412224888801575 -0.22520405054092407 0.2517607510089874
vn 0.6458742022514343 -0.4424602687358856 0.6221538782119751
vn 0.7491118907928467 -0.5271903276443481 0.40112563967704773
vn -0.9266592860221863 -0.0859251394867897 0.3659501075744629
vn 0.9082121253013611 0.17988517880439758 0.37787848711013794
vn 0.7028394937515259 0.4039364159107208 0.5855357050895691
vn 0.7550966143608093 0.27164140343666077 0.5966908931732178
vn 0.6592586636543274 0.03778987005352974 0.7509660720825195
vn 0.7769079208374023 -0.1352023482322693 0.6149263381958008
vn -0.8810182809829712 0.29833781719207764 0.3671531677246094
vn 0.6953774690628052 0.5037418603897095 0.5125371217727661
vn -0.8040779232978821 0.5187227129936218 0.29049184918403625
vn 0.5862336158752441 0.6334541440010071 0.5050405859947205
vn -0.6611537933349609 0.6540157198905945 0.36761271953582764
vn 0.4625347852706909 0.7564493417739868 0.4624349772930145
vn -0.47380688786506653 0.8363790512084961 0.2756394147872925
vn -0.34531182050704956 0.8500526547431946 0.3977062404155731
vn 0.27970024943351746 0.7924133539199829 0.5420782566070557
vn -0.10908659547567368 0.8750462532043457 0.4715869426727295
vn 0.30040377378463745 0.898740291595459 0.31941109895706177
vn 0.10194779932498932 0.974528431892395 0.19975218176841736
vn 0.11428961157798767 0.862761914730072 0.4925239682197571
vn -0.21203014254570007 -0.9236023426055908 0.31937751173973083
vn 0.05187119171023369 -0.956638753414154 0.28662121295928955
vn 0.25315865874290466 -0.943419337272644 0.21417449414730072
vn -0.45905086398124695 -0.8193276524543762 0.3434741497039795
vn 0.44760167598724365 -0.8261308073997498 0.3422873914241791
vn -0.5346314311027527 -0.7651451230049133 0.3587787449359894
vn 0.5843507051467896 -0.7141129970550537 0.38545671105384827
vn -0.31581777334213257 -0.7579931616783142 0.5707061886787415
vn 0.013942676596343517 -0.8139588832855225 0.5807552337646484
vn 0.2880740463733673 -0.816953182220459 0.49960073828697205
vn -0.6829601526260376 -0.583733081817627 0.43911412358283997
vn 0.6992211937904358 -0.48388761281967163 0.5262532830238342
vn -0.7456334233283997 -0.42499881982803345 0.5132316946983337
vn -0.5757286548614502 -0.5751228928565979 0.5811799764633179
vn 0.5798754692077637 -0.5365599989891052 0.6130642890930176
vn -0.8591105937957764 -0.29125145077705383 0.42083433270454407
vn 0.6895660161972046 -0.21102017164230347 0.6927980780601501
vn -0.7593623399734497 -0.2171638011932373 0.6133586168289185
vn 0.6350544691085815 -0.22962847352027893 0.737547755241394
vn -0.8849611282348633 -0.027407467365264893 0.46485766768455505
vn 0.6612937450408936 0.20522847771644592 0.721506655216217
vn -0.7482320070266724 -0.0016803581966087222 0.6634350419044495
vn 0.6218317747116089 0.06060600280761719 0.780802309513092
vn -0.8571516871452332 0.22890719771385193 0.46140268445014954
vn 0.6569967865943909 0.39107730984687805 0.6445260643959045
vn -0.7315405607223511 0.47066423296928406 0.4932784140110016
vn 0.49646779894828796 0.5186408758163452 0.6960828900337219
vn -0.7190976142883301 0.298918753862381 0.6273326277732849
vn 0.5151216387748718 0.33720842003822327 0.7879975438117981
vn -0.5847705602645874 0.6007369160652161 0.5451225638389587
vn 0.3821946680545807 0.6467339396476746 0.6600473523139954
vn -0.4491521716117859 0.7781925797462463 0.4389518201351166
vn -0.2503751516342163 0.8350232243537903 0.48994749784469604
vn -0.03567081689834595 0.8000367283821106 0.5988897085189819
vn 0.20312638580799103 0.727411150932312 0.6554484963417053
vn -0.3365664482116699 0.6972668766975403 0.6328839063644409
vn -0.11337275803089142 0.7288776636123657 0.6751918196678162
vn 0.08260133117437363 0.6747598052024841 0.7334005236625671
vn 0.3188788592815399 0.5635141730308533 0.7620813846588135
vn -0.2589940130710602 -0.6247966289520264 0.7365808486938477
vn 0.07861017435789108 -0.6903058290481567 0.7192345261573792
vn 0.3932330012321472 -0.6749702095985413 0.6243261694908142
vn -0.3781697750091553 -0.6438825130462646 0.6651337742805481
vn 0.44459548592567444 -0.3756926655769348 0.8131358027458191
vn -0.5304804444313049 -0.40209126472473145 0.7462661862373352
vn -0.3048408627510071 -0.41956859827041626 0.8550054430961609
vn -0.08587450534105301 -0.4746040105819702 0.8760004043579102
vn 0.19685275852680206 -0.5212778449058533 0.8303725123405457
vn -0.6259298920631409 -0.34889334440231323 0.6974849700927734
vn 0.4657941460609436 -0.08675641566514969 0.8806299567222595
vn -0.4534606337547302 -0.22690266370773315 0.8619099259376526
vn -0.2520751655101776 -0.20639990270137787 0.9454402327537537
vn -0.05481716990470886 -0.25976964831352234 0.9641135334968567
vn 0.19161126017570496 -0.26869484782218933 0.9439746737480164
vn -0.5995166301727295 -0.1149153783917427 0.792069673538208
vn 0.46209195256233215 0.1366564780473709 0.8762397170066833
vn -0.4548714756965637 0.03178811073303223 0.8899896144866943
vn -0.2671680450439453 0.01222376711666584 0.9635724425315857
vn -0.020460518077015877 -0.006428193300962448 0.9997699856758118
vn 0.22961561381816864 -0.04381483793258667 0.9722947478294373
vn -0.6039603352546692 0.22941482067108154 0.7632828950881958
vn 0.3758023977279663 0.3565906286239624 0.8553453683853149
vn -0.5374715924263 0.4809415340423584 0.6926900744438171
vn -0.26469284296035767 0.551124095916748 0.7913280129432678
vn -0.05113410949707031 0.5312148928642273 0.8456926941871643
vn 0.1525389850139618 0.4645841717720032 0.8722920417785645
vn -0.44078031182289124 0.31473997235298157 0.8406257033348083
vn -0.23613092303276062 0.28431272506713867 0.9291977882385254
vn -0.030706774443387985 0.2600932717323303 0.9650951027870178
vn 0.21081772446632385 0.1947910636663437 0.9579208493232727

g grp1
usemtl mtl1
f 1//1 24//24 31//31 
f 1//1 2//2 25//25 
f 24//24 1//1 25//25 
f 2//2 3//3 26//26 
f 25//25 2//2 26//26 
f 3//3 4//4 27//27 
f 26//26 3//3 27//27 
f 27//27 4//4 32//32 
f 5//5 33//33 38//38 
f 5//5 6//6 34//34 
f 33//33 5//5 34//34 
f 31//31 34//34 6//6 
f 31//31 6//6 1//1 
f 1//1 6//6 7//7 
f 2//2 1//1 8//8 
f 8//8 1//1 7//7 
f 3//3 2//2 9//9 
f 9//9 2//2 8//8 
f 4//4 3//3 10//10 
f 10//10 3//3 9//9 
f 39//39 32//32 4//4 
f 10//10 39//39 4//4 
f 11//11 5//5 38//38 
f 41//41 11//11 38//38 
f 6//6 5//5 12//12 
f 12//12 5//5 11//11 
f 7//7 6//6 13//13 
f 13//13 6//6 12//12 
f 8//8 7//7 14//14 
f 14//14 7//7 13//13 
f 9//9 8//8 15//15 
f 15//15 8//8 14//14 
f 10//10 9//9 16//16 
f 16//16 9//9 15//15 
f 42//42 39//39 10//10 
f 16//16 42//42 10//10 
f 11//11 41//41 43//43 
f 43//43 45//45 17//17 
f 43//43 17//17 11//11 
f 11//11 17//17 12//12 
f 13//13 12//12 18//18 
f 18//18 12//12 17//17 
f 14//14 13//13 19//19 
f 19//19 13//13 18//18 
f 15//15 14//14 20//20 
f 20//20 14//14 19//19 
f 16//16 15//15 21//21 
f 21//21 15//15 20//20 
f 46//46 42//42 16//16 
f 21//21 46//46 16//16 
f 17//17 45//45 47//47 
f 47//47 52//52 22//22 
f 47//47 22//22 17//17 
f 17//17 22//22 18//18 
f 19//19 18//18 23//23 
f 23//23 18//18 22//22 
f 53//53 48//48 20//20 
f 53//53 20//20 23//23 
f 23//23 20//20 19//19 
f 21//21 20//20 48//48 
f 49//49 21//21 48//48 
f 46//46 21//21 49//49 
f 22//22 52//52 54//54 
f 23//23 22//22 54//54 
f 55//55 23//23 54//54 
f 53//53 23//23 55//55 
f 28//28 59//59 62//62 
f 28//28 29//29 60//60 
f 59//59 28//28 60//60 
f 29//29 30//30 61//61 
f 60//60 29//29 61//61 
f 61//61 30//30 63//63 
f 35//35 64//64 70//70 
f 35//35 36//36 65//65 
f 64//64 35//35 65//65 
f 62//62 65//65 36//36 
f 28//28 62//62 36//36 
f 28//28 36//36 31//31 
f 28//28 31//31 24//24 
f 25//25 28//28 24//24 
f 29//29 28//28 25//25 
f 26//26 29//29 25//25 
f 30//30 29//29 26//26 
f 30//30 66//66 63//63 
f 30//30 26//26 66//66 
f 26//26 27//27 66//66 
f 32//32 37//37 67//67 
f 32//32 67//67 27//27 
f 27//27 67//67 66//66 
f 67//67 37//37 71//71 
f 33//33 35//35 70//70 
f 33//33 70//70 38//38 
f 38//38 70//70 72//72 
f 34//34 35//35 33//33 
f 36//36 35//35 34//34 
f 31//31 36//36 34//34 
f 37//37 39//39 40//40 
f 32//32 39//39 37//37 
f 73//73 71//71 37//37 
f 40//40 73//73 37//37 
f 38//38 72//72 41//41 
f 72//72 74//74 41//41 
f 40//40 42//42 44//44 
f 39//39 42//42 40//40 
f 75//75 73//73 40//40 
f 44//44 75//75 40//40 
f 50//50 43//43 41//41 
f 50//50 41//41 77//77 
f 77//77 41//41 74//74 
f 43//43 50//50 45//45 
f 44//44 46//46 51//51 
f 42//42 46//46 44//44 
f 78//78 75//75 44//44 
f 51//51 78//78 44//44 
f 50//50 77//77 79//79 
f 56//56 79//79 82//82 
f 47//47 79//79 56//56 
f 47//47 50//50 79//79 
f 47//47 45//45 50//50 
f 47//47 56//56 52//52 
f 48//48 53//53 57//57 
f 48//48 58//58 49//49 
f 57//57 58//58 48//48 
f 49//49 58//58 83//83 
f 46//46 49//49 83//83 
f 46//46 83//83 80//80 
f 46//46 80//80 51//51 
f 78//78 51//51 80//80 
f 56//56 82//82 84//84 
f 52//52 56//56 84//84 
f 52//52 84//84 54//54 
f 54//54 84//84 85//85 
f 55//55 54//54 86//86 
f 54//54 85//85 86//86 
f 57//57 53//53 55//55 
f 57//57 55//55 87//87 
f 87//87 55//55 86//86 
f 58//58 57//57 87//87 
f 88//88 58//58 87//87 
f 83//83 58//58 88//88 
f 68//68 93//93 100//100 
f 68//68 69//69 94//94 
f 93//93 68//68 94//94 
f 69//69 62//62 59//59 
f 69//69 59//59 94//94 
f 94//94 59//59 95//95 
f 60//60 96//96 59//59 
f 59//59 96//96 95//95 
f 61//61 97//97 60//60 
f 60//60 97//97 96//96 
f 97//97 61//61 63//63 
f 101//101 97//97 63//63 
f 64//64 68//68 100//100 
f 64//64 100//100 70//70 
f 70//70 100//100 105//105 
f 65//65 68//68 64//64 
f 69//69 68//68 65//65 
f 62//62 69//69 65//65 
f 63//63 102//102 101//101 
f 66//66 102//102 63//63 
f 67//67 103//103 66//66 
f 66//66 103//103 102//102 
f 103//103 67//67 71//71 
f 106//106 103//103 71//71 
f 70//70 105//105 72//72 
f 105//105 108//108 72//72 
f 71//71 73//73 106//106 
f 106//106 73//73 109//109 
f 76//76 110//110 112//112 
f 76//76 108//108 110//110 
f 76//76 74//74 108//108 
f 74//74 72//72 108//108 
f 73//73 75//75 109//109 
f 109//109 75//75 113//113 
f 81//81 76//76 112//112 
f 114//114 81//81 112//112 
f 74//74 81//81 77//77 
f 76//76 81//81 74//74 
f 75//75 78//78 113//113 
f 113//113 78//78 115//115 
f 81//81 114//114 116//116 
f 89//89 116//116 118//118 
f 79//79 116//116 89//89 
f 79//79 81//81 116//116 
f 79//79 77//77 81//81 
f 79//79 89//89 82//82 
f 80//80 119//119 117//117 
f 83//83 119//119 80//80 
f 115//115 78//78 80//80 
f 117//117 115//115 80//80 
f 89//89 118//118 120//120 
f 82//82 89//89 120//120 
f 82//82 120//120 84//84 
f 84//84 120//120 121//121 
f 90//90 121//121 123//123 
f 90//90 85//85 121//121 
f 85//85 84//84 121//121 
f 85//85 91//91 86//86 
f 90//90 91//91 85//85 
f 86//86 92//92 87//87 
f 91//91 92//92 86//86 
f 124//124 87//87 92//92 
f 124//124 122//122 87//87 
f 122//122 88//88 87//87 
f 119//119 83//83 88//88 
f 122//122 119//119 88//88 
f 90//90 123//123 125//125 
f 91//91 90//90 125//125 
f 126//126 91//91 125//125 
f 92//92 91//91 126//126 
f 127//127 92//92 126//126 
f 124//124 92//92 127//127 
f 98//98 129//129 131//131 
f 98//98 99//99 130//130 
f 129//129 98//98 130//130 
f 130//130 99//99 132//132 
f 104//104 133//133 138//138 
f 131//131 133//133 104//104 
f 98//98 131//131 104//104 
f 98//98 104//104 100//100 
f 98//98 100//100 93//93 
f 94//94 98//98 93//93 
f 99//99 98//98 94//94 
f 99//99 134//134 132//132 
f 99//99 94//94 134//134 
f 94//94 95//95 134//134 
f 96//96 135//135 95//95 
f 95//95 135//135 134//134 
f 97//97 136//136 96//96 
f 96//96 136//136 135//135 
f 136//136 97//97 101//101 
f 139//139 136//136 101//101 
f 107//107 104//104 138//138 
f 142//142 107//107 138//138 
f 100//100 107//107 105//105 
f 104//104 107//107 100//100 
f 101//101 140//140 139//139 
f 102//102 140//140 101//101 
f 103//103 141//141 102//102 
f 102//102 141//141 140//140 
f 141//141 103//103 106//106 
f 143//143 141//141 106//106 
f 111//111 107//107 142//142 
f 145//145 111//111 142//142 
f 105//105 111//111 108//108 
f 107//107 111//111 105//105 
f 106//106 109//109 143//143 
f 143//143 109//109 146//146 
f 110//110 111//111 145//145 
f 110//110 145//145 112//112 
f 112//112 145//145 149//149 
f 108//108 111//111 110//110 
f 109//109 113//113 146//146 
f 146//146 113//113 150//150 
f 112//112 149//149 114//114 
f 149//149 152//152 114//114 
f 113//113 115//115 150//150 
f 150//150 115//115 153//153 
f 114//114 152//152 154//154 
f 116//116 114//114 154//154 
f 154//154 118//118 116//116 
f 157//157 118//118 154//154 
f 117//117 158//158 155//155 
f 119//119 158//158 117//117 
f 153//153 115//115 117//117 
f 155//155 153//153 117//117 
f 118//118 157//157 159//159 
f 120//120 118//118 159//159 
f 128//128 159//159 161//161 
f 128//128 121//121 159//159 
f 121//121 120//120 159//159 
f 121//121 128//128 123//123 
f 122//122 162//162 160//160 
f 124//124 162//162 122//122 
f 158//158 119//119 122//122 
f 160//160 158//158 122//122 
f 128//128 161//161 163//163 
f 123//123 128//128 163//163 
f 123//123 163//163 125//125 
f 125//125 163//163 164//164 
f 126//126 125//125 165//165 
f 125//125 164//164 165//165 
f 127//127 126//126 166//166 
f 126//126 165//165 166//166 
f 162//162 124//124 127//127 
f 166//166 162//162 127//127 
f 129//129 168//168 171//171 
f 131//131 129//129 171//171 
f 130//130 169//169 129//129 
f 129//129 169//169 168//168 
f 132//132 137//137 170//170 
f 132//132 170//170 130//130 
f 130//130 170//170 169//169 
f 170//170 137//137 172//172 
f 133//133 173//173 177//177 
f 138//138 133//133 177//177 
f 171//171 133//133 131//131 
f 173//173 133//133 171//171 
f 132//132 134//134 137//137 
f 137//137 174//174 172//172 
f 137//137 134//134 174//174 
f 134//134 135//135 174//174 
f 136//136 175//175 135//135 
f 135//135 175//175 174//174 
f 175//175 136//136 139//139 
f 178//178 175//175 139//139 
f 138//138 177//177 142//142 
f 177//177 181//181 142//142 
f 139//139 179//179 178//178 
f 140//140 179//179 139//139 
f 144//144 182//182 179//179 
f 144//144 179//179 141//141 
f 141//141 179//179 140//140 
f 141//141 143//143 144//144 
f 147//147 183//183 184//184 
f 147//147 181//181 183//183 
f 147//147 145//145 181//181 
f 145//145 142//142 181//181 
f 148//148 182//182 144//144 
f 185//185 182//182 148//148 
f 143//143 146//146 148//148 
f 144//144 143//143 148//148 
f 151//151 147//147 184//184 
f 187//187 151//151 184//184 
f 145//145 151//151 149//149 
f 147//147 151//151 145//145 
f 148//148 186//186 185//185 
f 186//186 148//148 146//146 
f 186//186 146//146 188//188 
f 188//188 146//146 150//150 
f 151//151 187//187 189//189 
f 189//189 149//149 151//151 
f 189//189 193//193 149//149 
f 193//193 152//152 149//149 
f 156//156 194//194 190//190 
f 156//156 190//190 188//188 
f 156//156 188//188 153//153 
f 153//153 188//188 150//150 
f 152//152 193//193 195//195 
f 154//154 152//152 195//195 
f 195//195 157//157 154//154 
f 196//196 157//157 195//195 
f 155//155 194//194 156//156 
f 155//155 158//158 194//194 
f 158//158 197//197 194//194 
f 153//153 155//155 156//156 
f 157//157 196//196 198//198 
f 159//159 157//157 198//198 
f 161//161 199//199 167//167 
f 161//161 159//159 199//199 
f 159//159 198//198 199//199 
f 199//199 203//203 167//167 
f 160//160 204//204 200//200 
f 162//162 204//204 160//160 
f 197//197 158//158 160//160 
f 200//200 197//197 160//160 
f 161//161 167//167 163//163 
f 167//167 203//203 205//205 
f 167//167 205//205 163//163 
f 163//163 205//205 164//164 
f 165//165 164//164 206//206 
f 164//164 205//205 206//206 
f 166//166 165//165 207//207 
f 165//165 206//206 207//207 
f 204//204 162//162 166//166 
f 207//207 204//204 166//166 
f 168//168 176//176 171//171 
f 213//213 176//176 168//168 
f 213//213 168//168 211//211 
f 211//211 168//168 169//169 
f 170//170 212//212 169//169 
f 169//169 212//212 211//211 
f 212//212 170//170 172//172 
f 214//214 212//212 172//172 
f 173//173 180//180 177//177 
f 173//173 220//220 180//180 
f 171//171 220//220 173//173 
f 171//171 215//215 220//220 
f 171//171 176//176 215//215 
f 213//213 215//215 176//176 
f 172//172 216//216 214//214 
f 174//174 216//216 172//172 
f 175//175 217//217 174//174 
f 174//174 217//217 216//216 
f 217//217 175//175 178//178 
f 221//221 217//217 178//178 
f 180//180 222//222 227//227 
f 180//180 227//227 177//177 
f 177//177 227//227 181//181 
f 220//220 222//222 180//180 
f 178//178 223//223 221//221 
f 179//179 223//223 178//178 
f 223//223 179//179 182//182 
f 228//228 223//223 182//182 
f 183//183 229//229 232//232 
f 184//184 183//183 232//232 
f 227//227 183//183 181//181 
f 229//229 183//183 227//227 
f 182//182 185//185 228//228 
f 228//228 185//185 233//233 
f 234//234 191//191 187//187 
f 234//234 187//187 232//232 
f 232//232 187//187 184//184 
f 234//234 237//237 191//191 
f 192//192 185//185 186//186 
f 192//192 238//238 185//185 
f 238//238 233//233 185//185 
f 186//186 188//188 192//192 
f 187//187 191//191 189//189 
f 191//191 193//193 189//189 
f 191//191 237//237 193//193 
f 237//237 240//240 193//193 
f 190//190 238//238 192//192 
f 190//190 194//194 238//238 
f 194//194 241//241 238//238 
f 188//188 190//190 192//192 
f 193//193 240//240 242//242 
f 195//195 193//193 242//242 
f 196//196 243//243 201//201 
f 196//196 195//195 243//243 
f 195//195 242//242 243//243 
f 243//243 247//247 201//201 
f 202//202 248//248 244//244 
f 202//202 244//244 241//241 
f 202//202 241//241 197//197 
f 197//197 241//241 194//194 
f 196//196 201//201 198//198 
f 201//201 247//247 249//249 
f 201//201 249//249 198//198 
f 198//198 249//249 199//199 
f 203//203 250//250 208//208 
f 203//203 199//199 250//250 
f 199//199 249//249 250//250 
f 208//208 251//251 209//209 
f 250//250 251//251 208//208 
f 209//209 252//252 210//210 
f 251//251 252//252 209//209 
f 248//248 210//210 252//252 
f 202//202 210//210 248//248 
f 202//202 204//204 210//210 
f 202//202 200//200 204//204 
f 197//197 200//200 202//202 
f 203//203 208//208 205//205 
f 206//206 205//205 208//208 
f 209//209 206//206 208//208 
f 207//207 206//206 209//209 
f 210//210 207//207 209//209 
f 204//204 207//207 210//210 
f 211//211 218//218 213//213 
f 211//211 212//212 219//219 
f 218//218 211//211 219//219 
f 212//212 214//214 219//219 
f 215//215 224//224 220//220 
f 215//215 213//213 218//218 
f 215//215 218//218 224//224 
f 224//224 218//218 225//225 
f 257//257 219//219 255//255 
f 257//257 225//225 219//219 
f 225//225 218//218 219//219 
f 214//214 255//255 219//219 
f 214//214 216//216 255//255 
f 216//216 256//256 255//255 
f 226//226 258//258 256//256 
f 226//226 256//256 217//217 
f 217//217 256//256 216//216 
f 217//217 221//221 226//226 
f 222//222 230//230 227//227 
f 222//222 264//264 230//230 
f 220//220 264//264 222//222 
f 220//220 259//259 264//264 
f 220//220 224//224 259//259 
f 225//225 259//259 224//224 
f 260//260 259//259 225//225 
f 257//257 260//260 225//225 
f 226//226 261//261 258//258 
f 231//231 265//265 261//261 
f 223//223 231//231 261//261 
f 223//223 261//261 226//226 
f 223//223 226//226 221//221 
f 223//223 228//228 231//231 
f 229//229 235//235 232//232 
f 229//229 271//271 235//235 
f 227//227 271//271 229//229 
f 227//227 266//266 271//271 
f 227//227 230//230 266//266 
f 264//264 266//266 230//230 
f 236//236 265//265 231//231 
f 272//272 265//265 236//236 
f 228//228 233//233 236//236 
f 231//231 228//228 236//236 
f 232//232 235//235 234//234 
f 235//235 237//237 234//234 
f 235//235 271//271 237//237 
f 271//271 276//276 237//237 
f 239//239 272//272 236//236 
f 277//277 272//272 239//239 
f 233//233 238//238 239//239 
f 236//236 233//233 239//239 
f 278//278 245//245 240//240 
f 278//278 240//240 276//276 
f 276//276 240//240 237//237 
f 278//278 282//282 245//245 
f 246//246 277//277 239//239 
f 283//283 277//277 246//246 
f 238//238 241//241 246//246 
f 239//239 238//238 246//246 
f 240//240 245//245 242//242 
f 245//245 282//282 284//284 
f 245//245 284//284 242//242 
f 242//242 284//284 243//243 
f 247//247 285//285 253//253 
f 247//247 243//243 285//285 
f 243//243 284//284 285//285 
f 285//285 292//292 253//253 
f 254//254 293//293 286//286 
f 283//283 254//254 286//286 
f 246//246 254//254 283//283 
f 246//246 248//248 254//254 
f 246//246 244//244 248//248 
f 241//241 244//244 246//246 
f 247//247 253//253 249//249 
f 253//253 292//292 294//294 
f 253//253 294//294 249//249 
f 249//249 294//294 250//250 
f 251//251 250//250 295//295 
f 250//250 294//294 295//295 
f 293//293 254//254 252//252 
f 293//293 252//252 295//295 
f 295//295 252//252 251//251 
f 248//248 252//252 254//254 
f 255//255 262//262 257//257 
f 255//255 256//256 263//263 
f 262//262 255//255 263//263 
f 256//256 258//258 263//263 
f 259//259 267//267 264//264 
f 259//259 260//260 268//268 
f 267//267 259//259 268//268 
f 260//260 299//299 268//268 
f 257//257 299//299 260//260 
f 257//257 298//298 299//299 
f 257//257 262//262 298//298 
f 298//298 269//269 300//300 
f 298//298 262//262 269//269 
f 262//262 263//263 269//269 
f 258//258 261//261 270//270 
f 258//258 270//270 263//263 
f 263//263 270//270 269//269 
f 261//261 265//265 270//270 
f 266//266 273//273 271//271 
f 266//266 264//264 267//267 
f 266//266 267//267 273//273 
f 273//273 267//267 274//274 
f 304//304 268//268 301//301 
f 304//304 274//274 268//268 
f 274//274 267//267 268//268 
f 299//299 301//301 268//268 
f 269//269 302//302 300//300 
f 302//302 275//275 305//305 
f 302//302 269//269 275//275 
f 269//269 270//270 275//275 
f 265//265 272//272 275//275 
f 270//270 265//265 275//275 
f 273//273 279//279 276//276 
f 271//271 273//273 276//276 
f 274//274 280//280 273//273 
f 280//280 279//279 273//273 
f 309//309 274//274 304//304 
f 280//280 274//274 309//309 
f 281//281 305//305 275//275 
f 310//310 305//305 281//281 
f 272//272 277//277 281//281 
f 275//275 272//272 281//281 
f 276//276 279//279 278//278 
f 282//282 278//278 279//279 
f 282//282 279//279 287//287 
f 287//287 279//279 280//280 
f 311//311 280//280 309//309 
f 311//311 288//288 280//280 
f 288//288 287//287 280//280 
f 288//288 312//312 289//289 
f 311//311 312//312 288//288 
f 289//289 313//313 290//290 
f 312//312 313//313 289//289 
f 310//310 290//290 313//313 
f 310//310 281//281 290//290 
f 281//281 291//291 290//290 
f 277//277 283//283 291//291 
f 281//281 277//277 291//291 
f 282//282 287//287 284//284 
f 285//285 284//284 287//287 
f 288//288 285//285 287//287 
f 292//292 285//285 288//288 
f 292//292 288//288 296//296 
f 296//296 288//288 289//289 
f 290//290 297//297 289//289 
f 297//297 296//296 289//289 
f 286//286 293//293 297//297 
f 286//286 297//297 291//291 
f 291//291 297//297 290//290 
f 283//283 286//286 291//291 
f 292//292 296//296 294//294 
f 295//295 294//294 296//296 
f 297//297 295//295 296//296 
f 293//293 295//295 297//297 
f 298//298 303//303 299//299 
f 298//298 300//300 303//303 
f 301//301 306//306 304//304 
f 301//301 299//299 303//303 
f 301//301 303//303 306//306 
f 306//306 303//303 307//307 
f 300//300 302//302 308//308 
f 300//300 308//308 303//303 
f 303//303 308//308 307//307 
f 302//302 305//305 308//308 
f 306//306 314//314 309//309 
f 304//304 306//306 309//309 
f 307//307 315//315 306//306 
f 315//315 314//314 306//306 
f 308//308 316//316 307//307 
f 316//316 315//315 307//307 
f 305//305 310//310 316//316 
f 308//308 305//305 316//316 
f 309//309 314//314 311//311 
f 312//312 311//311 314//314 
f 315//315 312//312 314//314 
f 313//313 312//312 315//315 
f 316//316 313//313 315//315 
f 310//310 313//313 316//316 
f 317//317 344//344 352//352 
f 317//317 318//318 345//345 
f 344//344 317//317 345//345 
f 318//318 319//319 346//346 
f 345//345 318//318 346//346 
f 346//346 319//319 353//353 
f 320//320 317//317 352//352 
f 357//357 320//320 352//352 
f 318//318 317//317 321//321 
f 321//321 317//317 320//320 
f 319//319 318//318 322//322 
f 322//322 318//318 321//321 
f 358//358 353//353 319//319 
f 322//322 358//358 319//319 
f 323//323 320//320 357//357 
f 362//362 323//323 357//357 
f 321//321 320//320 324//324 
f 324//324 320//320 323//323 
f 322//322 321//321 325//325 
f 325//325 321//321 324//324 
f 363//363 358//358 322//322 
f 325//325 363//363 322//322 
f 323//323 362//362 364//364 
f 364//364 368//368 326//326 
f 364//364 326//326 323//323 
f 323//323 326//326 324//324 
f 325//325 324//324 327//327 
f 327//327 324//324 326//326 
f 369//369 363//363 325//325 
f 327//327 369//369 325//325 
f 326//326 368//368 370//370 
f 327//327 326//326 370//370 
f 371//371 327//327 370//370 
f 369//369 327//327 371//371 
f 328//328 373//373 377//377 
f 328//328 329//329 374//374 
f 373//373 328//328 374//374 
f 374//374 329//329 378//378 
f 330//330 379//379 383//383 
f 377//377 379//379 330//330 
f 377//377 330//330 328//328 
f 328//328 330//330 331//331 
f 329//329 328//328 332//332 
f 332//332 328//328 331//331 
f 380//380 378//378 329//329 
f 380//380 329//329 333//333 
f 333//333 329//329 332//332 
f 380//380 333//333 384//384 
f 334//334 330//330 383//383 
f 387//387 334//334 383//383 
f 331//331 330//330 335//335 
f 335//335 330//330 334//334 
f 332//332 331//331 336//336 
f 336//336 331//331 335//335 
f 333//333 332//332 337//337 
f 337//337 332//332 336//336 
f 388//388 384//384 333//333 
f 337//337 388//388 333//333 
f 338//338 334//334 387//387 
f 391//391 338//338 387//387 
f 335//335 334//334 339//339 
f 339//339 334//334 338//338 
f 336//336 335//335 340//340 
f 340//340 335//335 339//339 
f 337//337 336//336 341//341 
f 341//341 336//336 340//340 
f 392//392 388//388 337//337 
f 341//341 392//392 337//337 
f 338//338 391//391 393//393 
f 393//393 397//397 342//342 
f 393//393 342//342 338//338 
f 338//338 342//342 339//339 
f 340//340 339//339 343//343 
f 343//343 339//339 342//342 
f 398//398 394//394 341//341 
f 398//398 341//341 343//343 
f 343//343 341//341 340//340 
f 392//392 341//341 394//394 
f 342//342 397//397 399//399 
f 343//343 342//342 399//399 
f 400//400 343//343 399//399 
f 398//398 343//343 400//400 
f 347//347 403//403 412//412 
f 347//347 348//348 404//404 
f 403//403 347//347 404//404 
f 348//348 349//349 405//405 
f 404//404 348//348 405//405 
f 349//349 350//350 406//406 
f 405//405 349//349 406//406 
f 350//350 351//351 407//407 
f 406//406 350//350 407//407 
f 407//407 351//351 413//413 
f 354//354 347//347 412//412 
f 417//417 354//354 412//412 
f 344//344 354//354 352//352 
f 344//344 348//348 354//354 
f 348//348 347//347 354//354 
f 345//345 348//348 344//344 
f 349//349 348//348 345//345 
f 346//346 349//349 345//345 
f 350//350 349//349 346//346 
f 353//353 350//350 346//346 
f 353//353 355//355 350//350 
f 355//355 351//351 350//350 
f 414//414 413//413 351//351 
f 414//414 351//351 356//356 
f 356//356 351//351 355//355 
f 414//414 356//356 418//418 
f 359//359 354//354 417//417 
f 421//421 359//359 417//417 
f 352//352 359//359 357//357 
f 354//354 359//359 352//352 
f 355//355 358//358 360//360 
f 353//353 358//358 355//355 
f 356//356 355//355 361//361 
f 361//361 355//355 360//360 
f 422//422 418//418 356//356 
f 361//361 422//422 356//356 
f 365//365 359//359 421//421 
f 426//426 365//365 421//421 
f 357//357 365//365 362//362 
f 359//359 365//365 357//357 
f 360//360 363//363 366//366 
f 358//358 363//363 360//360 
f 427//427 423//423 361//361 
f 427//427 361//361 366//366 
f 366//366 361//361 360//360 
f 424//424 428//428 367//367 
f 422//422 361//361 423//423 
f 424//424 367//367 429//429 
f 365//365 426//426 430//430 
f 372//372 430//430 436//436 
f 364//364 430//430 372//372 
f 364//364 365//365 430//430 
f 364//364 362//362 365//365 
f 364//364 372//372 368//368 
f 366//366 437//437 431//431 
f 366//366 363//363 437//437 
f 363//363 369//369 437//437 
f 427//427 366//366 431//431 
f 367//367 428//428 432//432 
f 429//429 367//367 432//432 
f 372//372 436//436 438//438 
f 368//368 372//372 438//438 
f 368//368 438//438 370//370 
f 370//370 438//438 439//439 
f 371//371 370//370 440//440 
f 370//370 439//439 440//440 
f 437//437 369//369 371//371 
f 440//440 437//437 371//371 
f 375//375 447//447 449//449 
f 375//375 376//376 448//448 
f 447//447 375//375 448//448 
f 448//448 376//376 450//450 
f 381//381 451//451 455//455 
f 449//449 451//451 381//381 
f 375//375 449//449 381//381 
f 375//375 381//381 377//377 
f 375//375 377//377 373//373 
f 374//374 375//375 373//373 
f 376//376 375//375 374//374 
f 378//378 382//382 452//452 
f 374//374 378//378 452//452 
f 374//374 452//452 450//450 
f 374//374 450//450 376//376 
f 452//452 382//382 456//456 
f 385//385 457//457 462//462 
f 455//455 457//457 385//385 
f 381//381 455//455 385//385 
f 381//381 385//385 383//383 
f 381//381 383//383 379//379 
f 377//377 381//381 379//379 
f 378//378 380//380 382//382 
f 384//384 386//386 458//458 
f 380//380 384//384 458//458 
f 380//380 458//458 456//456 
f 380//380 456//456 382//382 
f 458//458 386//386 463//463 
f 389//389 385//385 462//462 
f 465//465 389//389 462//462 
f 383//383 389//389 387//387 
f 385//385 389//389 383//383 
f 386//386 388//388 390//390 
f 384//384 388//388 386//386 
f 466//466 463//463 386//386 
f 390//390 466//466 386//386 
f 395//395 389//389 465//465 
f 469//469 395//395 465//465 
f 387//387 395//395 391//391 
f 389//389 395//395 387//387 
f 390//390 392//392 396//396 
f 388//388 392//392 390//390 
f 470//470 466//466 390//390 
f 396//396 470//470 390//390 
f 395//395 469//469 471//471 
f 401//401 471//471 475//475 
f 393//393 471//471 401//401 
f 393//393 395//395 471//471 
f 393//393 391//391 395//395 
f 393//393 401//401 397//397 
f 394//394 398//398 402//402 
f 394//394 402//402 476//476 
f 392//392 394//394 476//476 
f 392//392 476//476 472//472 
f 392//392 472//472 396//396 
f 470//470 396//396 472//472 
f 401//401 475//475 477//477 
f 397//397 401//401 477//477 
f 397//397 477//477 399//399 
f 399//399 477//477 478//478 
f 400//400 399//399 479//479 
f 399//399 478//478 479//479 
f 402//402 398//398 400//400 
f 402//402 400//400 480//480 
f 480//480 400//400 479//479 
f 476//476 402//402 480//480 
f 408//408 485//485 489//489 
f 408//408 409//409 486//486 
f 485//485 408//408 486//486 
f 409//409 410//410 487//487 
f 486//486 409//409 487//487 
f 410//410 411//411 488//488 
f 487//487 410//410 488//488 
f 488//488 411//411 490//490 
f 415//415 491//491 496//496 
f 489//489 491//491 415//415 
f 408//408 489//489 415//415 
f 408//408 415//415 412//412 
f 408//408 412//412 403//403 
f 404//404 408//408 403//403 
f 409//409 408//408 404//404 
f 405//405 409//409 404//404 
f 410//410 409//409 405//405 
f 406//406 410//410 405//405 
f 411//411 410//410 406//406 
f 411//411 492//492 490//490 
f 411//411 406//406 492//492 
f 406//406 407//407 492//492 
f 413//413 416//416 493//493 
f 413//413 493//493 407//407 
f 407//407 493//493 492//492 
f 493//493 416//416 497//497 
f 419//419 415//415 496//496 
f 499//499 419//419 496//496 
f 412//412 419//419 417//417 
f 415//415 419//419 412//412 
f 413//413 414//414 416//416 
f 418//418 420//420 498//498 
f 414//414 418//418 498//498 
f 414//414 498//498 497//497 
f 414//414 497//497 416//416 
f 498//498 420//420 500//500 
f 425//425 419//419 499//499 
f 504//504 425//425 499//499 
f 417//417 425//425 421//421 
f 419//419 425//425 417//417 
f 420//420 505//505 501//501 
f 420//420 418//418 505//505 
f 418//418 422//422 505//505 
f 500//500 420//420 501//501 
f 433//433 425//425 504//504 
f 507//507 433//433 504//504 
f 421//421 433//433 426//426 
f 425//425 433//433 421//421 
f 423//423 427//427 434//434 
f 424//424 435//435 428//428 
f 423//423 434//434 422//422 
f 422//422 434//434 508//508 
f 422//422 508//508 505//505 
f 424//424 429//429 435//435 
f 433//433 507//507 509//509 
f 441//441 509//509 513//513 
f 430//430 509//509 441//441 
f 430//430 433//433 509//509 
f 430//430 426//426 433//433 
f 430//430 441//441 436//436 
f 431//431 437//437 442//442 
f 431//431 442//442 514//514 
f 427//427 431//431 514//514 
f 427//427 514//514 510//510 
f 427//427 510//510 434//434 
f 432//432 428//428 435//435 
f 511//511 515//515 443//443 
f 434//434 510//510 508//508 
f 432//432 435//435 429//429 
f 443//443 516//516 511//511 
f 441//441 513//513 517//517 
f 444//444 517//517 522//522 
f 438//438 517//517 444//444 
f 438//438 441//441 517//517 
f 438//438 436//436 441//441 
f 438//438 445//445 439//439 
f 444//444 445//445 438//438 
f 439//439 446//446 440//440 
f 445//445 446//446 439//439 
f 440//440 446//446 523//523 
f 437//437 440//440 523//523 
f 437//437 523//523 518//518 
f 437//437 518//518 442//442 
f 514//514 442//442 518//518 
f 443//443 515//515 519//519 
f 516//516 443//443 519//519 
f 444//444 522//522 524//524 
f 445//445 444//444 524//524 
f 525//525 445//445 524//524 
f 446//446 445//445 525//525 
f 526//526 446//446 525//525 
f 523//523 446//446 526//526 
f 453//453 527//527 533//533 
f 453//453 449//449 447//447 
f 453//453 447//447 527//527 
f 527//527 447//447 528//528 
f 448//448 529//529 447//447 
f 447//447 529//529 528//528 
f 450//450 454//454 530//530 
f 450//450 530//530 448//448 
f 448//448 530//530 529//529 
f 530//530 454//454 534//534 
f 459//459 535//535 539//539 
f 459//459 460//460 536//536 
f 535//535 459//459 536//536 
f 533//533 536//536 460//460 
f 453//453 533//533 460//460 
f 453//453 460//460 455//455 
f 453//453 455//455 451//451 
f 449//449 453//453 451//451 
f 450//450 452//452 454//454 
f 456//456 461//461 537//537 
f 452//452 456//456 537//537 
f 452//452 537//537 534//534 
f 452//452 534//534 454//454 
f 537//537 461//461 540//540 
f 464//464 459//459 539//539 
f 541//541 464//464 539//539 
f 457//457 464//464 462//462 
f 457//457 460//460 464//464 
f 460//460 459//459 464//464 
f 455//455 460//460 457//457 
f 456//456 458//458 461//461 
f 461//461 458//458 463//463 
f 461//461 463//463 540//540 
f 540//540 463//463 542//542 
f 467//467 464//464 541//541 
f 545//545 467//467 541//541 
f 462//462 467//467 465//465 
f 464//464 467//467 462//462 
f 543//543 466//466 468//468 
f 543//543 542//542 466//466 
f 542//542 463//463 466//466 
f 543//543 468//468 546//546 
f 473//473 467//467 545//545 
f 547//547 473//473 545//545 
f 465//465 473//473 469//469 
f 467//467 473//473 465//465 
f 468//468 470//470 474//474 
f 466//466 470//470 468//468 
f 548//548 546//546 468//468 
f 474//474 548//548 468//468 
f 473//473 547//547 549//549 
f 481//481 549//549 551//551 
f 471//471 549//549 481//481 
f 471//471 473//473 549//549 
f 471//471 469//469 473//473 
f 471//471 481//481 475//475 
f 472//472 476//476 482//482 
f 472//472 482//482 552//552 
f 470//470 472//472 552//552 
f 470//470 552//552 550//550 
f 470//470 550//550 474//474 
f 548//548 474//474 550//550 
f 481//481 551//551 553//553 
f 475//475 481//481 553//553 
f 475//475 553//553 477//477 
f 477//477 553//553 554//554 
f 483//483 554//554 557//557 
f 483//483 478//478 554//554 
f 478//478 477//477 554//554 
f 478//478 484//484 479//479 
f 483//483 484//484 478//478 
f 558//558 479//479 484//484 
f 558//558 555//555 479//479 
f 555//555 480//480 479//479 
f 482//482 476//476 480//480 
f 482//482 480//480 556//556 
f 556//556 480//480 555//555 
f 552//552 482//482 556//556 
f 483//483 557//557 559//559 
f 484//484 483//483 559//559 
f 560//560 484//484 559//559 
f 558//558 484//484 560//560 
f 494//494 562//562 568//568 
f 494//494 489//489 485//485 
f 494//494 485//485 562//562 
f 562//562 485//485 563//563 
f 486//486 564//564 485//485 
f 485//485 564//564 563//563 
f 487//487 565//565 486//486 
f 486//486 565//565 564//564 
f 488//488 566//566 487//487 
f 487//487 566//566 565//565 
f 490//490 495//495 567//567 
f 490//490 567//567 488//488 
f 488//488 567//567 566//566 
f 567//567 495//495 569//569 
f 491//491 494//494 568//568 
f 491//491 568//568 496//496 
f 496//496 568//568 572//572 
f 489//489 494//494 491//491 
f 490//490 492//492 495//495 
f 495//495 570//570 569//569 
f 495//495 492//492 570//570 
f 492//492 493//493 570//570 
f 570//570 493//493 497//497 
f 573//573 570//570 497//497 
f 502//502 574//574 577//577 
f 502//502 572//572 574//574 
f 502//502 499//499 572//572 
f 499//499 496//496 572//572 
f 503//503 497//497 498//498 
f 503//503 578//578 497//497 
f 578//578 573//573 497//497 
f 498//498 500//500 503//503 
f 506//506 502//502 577//577 
f 579//579 506//506 577//577 
f 499//499 506//506 504//504 
f 502//502 506//506 499//499 
f 501//501 578//578 503//503 
f 501//501 505//505 578//578 
f 505//505 580//580 578//578 
f 500//500 501//501 503//503 
f 512//512 506//506 579//579 
f 582//582 512//512 579//579 
f 504//504 512//512 507//507 
f 506//506 512//512 504//504 
f 505//505 508//508 580//580 
f 580//580 508//508 583//583 
f 512//512 582//582 584//584 
f 520//520 584//584 586//586 
f 509//509 584//584 520//520 
f 509//509 512//512 584//584 
f 509//509 507//507 512//512 
f 509//509 520//520 513//513 
f 510//510 514//514 521//521 
f 508//508 521//521 583//583 
f 508//508 510//510 521//521 
f 583//583 521//521 585//585 
f 515//515 511//511 521//521 
f 585//585 521//521 511//511 
f 585//585 511//511 516//516 
f 587//587 585//585 516//516 
f 520//520 586//586 588//588 
f 513//513 520//520 588//588 
f 513//513 588//588 517//517 
f 517//517 588//588 589//589 
f 589//589 522//522 517//517 
f 594//594 522//522 589//589 
f 518//518 595//595 590//590 
f 523//523 595//595 518//518 
f 521//521 514//514 518//518 
f 521//521 518//518 591//591 
f 591//591 518//518 590//590 
f 515//515 521//521 591//591 
f 515//515 591//591 519//519 
f 519//519 591//591 592//592 
f 587//587 516//516 519//519 
f 592//592 587//587 519//519 
f 522//522 594//594 596//596 
f 524//524 522//522 596//596 
f 525//525 524//524 597//597 
f 524//524 596//596 597//597 
f 526//526 525//525 598//598 
f 525//525 597//597 598//598 
f 595//595 523//523 526//526 
f 598//598 595//595 526//526 
f 531//531 599//599 601//601 
f 531//531 532//532 600//600 
f 599//599 531//531 600//600 
f 600//600 532//532 602//602 
f 538//538 603//603 606//606 
f 601//601 603//603 538//538 
f 531//531 601//601 538//538 
f 531//531 538//538 533//533 
f 531//531 533//533 527//527 
f 528//528 531//531 527//527 
f 532//532 531//531 528//528 
f 532//532 604//604 602//602 
f 532//532 528//528 604//604 
f 528//528 529//529 604//604 
f 530//530 605//605 529//529 
f 529//529 605//605 604//604 
f 605//605 530//530 534//534 
f 607//607 605//605 534//534 
f 535//535 608//608 610//610 
f 539//539 535//535 610//610 
f 606//606 536//536 538//538 
f 606//606 608//608 536//536 
f 608//608 535//535 536//536 
f 533//533 538//538 536//536 
f 534//534 609//609 607//607 
f 537//537 609//609 534//534 
f 609//609 537//537 540//540 
f 611//611 609//609 540//540 
f 539//539 610//610 541//541 
f 610//610 613//613 541//541 
f 612//612 542//542 544//544 
f 612//612 611//611 542//542 
f 611//611 540//540 542//542 
f 612//612 544//544 614//614 
f 541//541 613//613 545//545 
f 613//613 615//615 545//545 
f 542//542 543//543 544//544 
f 544//544 543//543 546//546 
f 544//544 546//546 614//614 
f 614//614 546//546 616//616 
f 545//545 615//615 547//547 
f 615//615 617//617 547//547 
f 546//546 548//548 616//616 
f 616//616 548//548 618//618 
f 547//547 617//617 619//619 
f 549//549 547//547 619//619 
f 619//619 551//551 549//549 
f 622//622 551//551 619//619 
f 550//550 623//623 620//620 
f 552//552 623//623 550//550 
f 618//618 548//548 550//550 
f 620//620 618//618 550//550 
f 551//551 622//622 624//624 
f 553//553 551//551 624//624 
f 554//554 553//553 625//625 
f 553//553 624//624 625//625 
f 625//625 557//557 554//554 
f 627//627 557//557 625//625 
f 555//555 558//558 561//561 
f 628//628 555//555 561//561 
f 628//628 626//626 555//555 
f 626//626 556//556 555//555 
f 623//623 552//552 556//556 
f 626//626 623//623 556//556 
f 557//557 627//627 629//629 
f 559//559 557//557 629//629 
f 560//560 559//559 630//630 
f 559//559 629//629 630//630 
f 561//561 558//558 560//560 
f 561//561 560//560 631//631 
f 631//631 560//560 630//630 
f 628//628 561//561 631//631 
f 562//562 571//571 568//568 
f 638//638 571//571 562//562 
f 638//638 562//562 633//633 
f 633//633 562//562 563//563 
f 564//564 634//634 563//563 
f 563//563 634//634 633//633 
f 565//565 635//635 564//564 
f 564//564 635//635 634//634 
f 566//566 636//636 565//565 
f 565//565 636//636 635//635 
f 567//567 637//637 566//566 
f 566//566 637//637 636//636 
f 637//637 567//567 569//569 
f 639//639 637//637 569//569 
f 575//575 640//640 644//644 
f 571//571 641//641 640//640 
f 571//571 640//640 572//572 
f 571//571 572//572 568//568 
f 572//572 640//640 575//575 
f 638//638 641//641 571//571 
f 576//576 569//569 570//570 
f 576//576 645//645 569//569 
f 645//645 639//639 569//569 
f 570//570 573//573 576//576 
f 574//574 575//575 644//644 
f 574//574 644//644 577//577 
f 577//577 644//644 649//649 
f 572//572 575//575 574//574 
f 576//576 646//646 645//645 
f 646//646 576//576 573//573 
f 646//646 573//573 650//650 
f 650//650 573//573 578//578 
f 581//581 651//651 653//653 
f 581//581 649//649 651//651 
f 581//581 579//579 649//649 
f 579//579 577//577 649//649 
f 578//578 580//580 650//650 
f 650//650 580//580 654//654 
f 581//581 653//653 655//655 
f 655//655 579//579 581//581 
f 655//655 657//657 579//579 
f 657//657 582//582 579//579 
f 580//580 583//583 654//654 
f 654//654 583//583 658//658 
f 582//582 657//657 659//659 
f 584//584 582//582 659//659 
f 659//659 586//586 584//584 
f 660//660 586//586 659//659 
f 593//593 583//583 585//585 
f 593//593 661//661 583//583 
f 661//661 658//658 583//583 
f 585//585 587//587 593//593 
f 586//586 660//660 662//662 
f 588//588 586//586 662//662 
f 589//589 588//588 663//663 
f 588//588 662//662 663//663 
f 663//663 594//594 589//589 
f 667//667 594//594 663//663 
f 590//590 668//668 664//664 
f 595//595 668//668 590//590 
f 591//591 590//590 665//665 
f 590//590 664//664 665//665 
f 661//661 593//593 592//592 
f 661//661 592//592 665//665 
f 665//665 592//592 591//591 
f 587//587 592//592 593//593 
f 594//594 667//667 669//669 
f 596//596 594//594 669//669 
f 597//597 596//596 670//670 
f 596//596 669//669 670//670 
f 598//598 597//597 671//671 
f 597//597 670//670 671//671 
f 668//668 595//595 598//598 
f 671//671 668//668 598//598 
f 599//599 673//673 675//675 
f 601//601 599//599 675//675 
f 600//600 674//674 599//599 
f 599//599 674//674 673//673 
f 674//674 600//600 602//602 
f 676//676 674//674 602//602 
f 603//603 677//677 680//680 
f 606//606 603//603 680//680 
f 675//675 603//603 601//601 
f 677//677 603//603 675//675 
f 602//602 678//678 676//676 
f 604//604 678//678 602//602 
f 605//605 679//679 604//604 
f 604//604 679//679 678//678 
f 679//679 605//605 607//607 
f 681//681 679//679 607//607 
f 608//608 682//682 685//685 
f 610//610 608//608 685//685 
f 680//680 608//608 606//606 
f 682//682 608//608 680//680 
f 607//607 683//683 681//681 
f 609//609 683//683 607//607 
f 683//683 609//609 611//611 
f 686//686 683//683 611//611 
f 610//610 685//685 613//613 
f 685//685 688//688 613//613 
f 611//611 687//687 686//686 
f 612//612 687//687 611//611 
f 687//687 612//612 614//614 
f 689//689 687//687 614//614 
f 613//613 688//688 615//615 
f 688//688 691//691 615//615 
f 614//614 616//616 689//689 
f 689//689 616//616 692//692 
f 615//615 691//691 617//617 
f 691//691 695//695 617//617 
f 621//621 696//696 693//693 
f 621//621 693//693 692//692 
f 621//621 692//692 618//618 
f 618//618 692//692 616//616 
f 617//617 695//695 697//697 
f 619//619 617//617 697//697 
f 697//697 622//622 619//619 
f 699//699 622//622 697//697 
f 620//620 696//696 621//621 
f 620//620 623//623 696//696 
f 623//623 700//700 696//696 
f 618//618 620//620 621//621 
f 622//622 699//699 701//701 
f 624//624 622//622 701//701 
f 625//625 624//624 702//702 
f 624//624 701//701 702//702 
f 702//702 627//627 625//625 
f 707//707 627//627 702//702 
f 632//632 708//708 703//703 
f 632//632 626//626 628//628 
f 632//632 703//703 626//626 
f 703//703 704//704 626//626 
f 700//700 623//623 626//626 
f 704//704 700//700 626//626 
f 627//627 707//707 709//709 
f 629//629 627//627 709//709 
f 630//630 629//629 710//710 
f 629//629 709//709 710//710 
f 708//708 632//632 631//631 
f 708//708 631//631 710//710 
f 710//710 631//631 630//630 
f 628//628 631//631 632//632 
f 633//633 642//642 638//638 
f 716//716 642//642 633//633 
f 716//716 633//633 713//713 
f 713//713 633//633 634//634 
f 635//635 714//714 634//634 
f 634//634 714//714 713//713 
f 636//636 715//715 635//635 
f 635//635 715//715 714//714 
f 643//643 717//717 715//715 
f 643//643 715//715 637//637 
f 637//637 715//715 636//636 
f 637//637 639//639 643//643 
f 640//640 647//647 644//644 
f 640//640 641//641 648//648 
f 647//647 640//640 648//648 
f 641//641 723//723 648//648 
f 638//638 723//723 641//641 
f 638//638 718//718 723//723 
f 638//638 642//642 718//718 
f 716//716 718//718 642//642 
f 643//643 719//719 717//717 
f 719//719 643//643 639//639 
f 719//719 639//639 724//724 
f 724//724 639//639 645//645 
f 647//647 725//725 729//729 
f 647//647 729//729 644//644 
f 644//644 729//729 649//649 
f 648//648 725//725 647//647 
f 726//726 725//725 648//648 
f 723//723 726//726 648//648 
f 652//652 645//645 646//646 
f 652//652 730//730 645//645 
f 730//730 724//724 645//645 
f 646//646 650//650 652//652 
f 651//651 656//656 653//653 
f 651//651 734//734 656//656 
f 651//651 649//649 734//734 
f 649//649 729//729 734//734 
f 652//652 731//731 730//730 
f 731//731 652//652 650//650 
f 731//731 650//650 735//735 
f 735//735 650//650 654//654 
f 653//653 656//656 655//655 
f 656//656 657//657 655//655 
f 656//656 734//734 657//657 
f 734//734 738//738 657//657 
f 654//654 658//658 735//735 
f 735//735 658//658 739//739 
f 657//657 738//738 740//740 
f 659//659 657//657 740//740 
f 740//740 660//660 659//659 
f 746//746 660//660 740//740 
f 666//666 747//747 741//741 
f 666//666 741//741 739//739 
f 666//666 739//739 661//661 
f 661//661 739//739 658//658 
f 660//660 746//746 748//748 
f 662//662 660//660 748//748 
f 663//663 662//662 749//749 
f 662//662 748//748 749//749 
f 667//667 750//750 672//672 
f 667//667 663//663 750//750 
f 663//663 749//749 750//750 
f 750//750 755//755 672//672 
f 664//664 756//756 751//751 
f 668//668 756//756 664//664 
f 747//747 666//666 665//665 
f 747//747 665//665 751//751 
f 751//751 665//665 664//664 
f 661//661 665//665 666//666 
f 667//667 672//672 669//669 
f 672//672 755//755 757//757 
f 672//672 757//757 669//669 
f 669//669 757//757 670//670 
f 671//671 670//670 758//758 
f 670//670 757//757 758//758 
f 756//756 668//668 671//671 
f 758//758 756//756 671//671 
f 673//673 761//761 763//763 
f 675//675 673//673 763//763 
f 674//674 762//762 673//673 
f 673//673 762//762 761//761 
f 762//762 674//674 676//676 
f 764//764 762//762 676//676 
f 677//677 765//765 769//769 
f 680//680 677//677 769//769 
f 763//763 677//677 675//675 
f 765//765 677//677 763//763 
f 676//676 766//766 764//764 
f 678//678 766//766 676//676 
f 684//684 770//770 766//766 
f 684//684 766//766 679//679 
f 679//679 766//766 678//678 
f 679//679 681//681 684//684 
f 682//682 771//771 775//775 
f 685//685 682//682 775//775 
f 769//769 682//682 680//680 
f 771//771 682//682 769//769 
f 684//684 772//772 770//770 
f 681//681 772//772 684//684 
f 681//681 683//683 772//772 
f 683//683 773//773 772//772 
f 773//773 683//683 686//686 
f 776//776 773//773 686//686 
f 685//685 775//775 688//688 
f 775//775 779//779 688//688 
f 690//690 686//686 687//687 
f 690//690 780//780 686//686 
f 780//780 776//776 686//686 
f 687//687 689//689 690//690 
f 688//688 779//779 691//691 
f 779//779 783//783 691//691 
f 694//694 780//780 690//690 
f 784//784 780//780 694//694 
f 689//689 692//692 694//694 
f 690//690 689//689 694//694 
f 785//785 698//698 695//695 
f 785//785 695//695 783//783 
f 783//783 695//695 691//691 
f 785//785 788//788 698//698 
f 693//693 784//784 694//694 
f 693//693 696//696 784//784 
f 696//696 789//789 784//784 
f 692//692 693//693 694//694 
f 695//695 698//698 697//697 
f 699//699 790//790 705//705 
f 697//697 790//790 699//699 
f 697//697 788//788 790//790 
f 697//697 698//698 788//788 
f 790//790 794//794 705//705 
f 706//706 795//795 791//791 
f 706//706 791//791 789//789 
f 706//706 789//789 700//700 
f 700//700 789//789 696//696 
f 699//699 705//705 701//701 
f 705//705 794//794 796//796 
f 705//705 796//796 701//701 
f 701//701 796//796 702//702 
f 707//707 797//797 711//711 
f 707//707 702//702 797//797 
f 702//702 796//796 797//797 
f 711//711 798//798 712//712 
f 797//797 798//798 711//711 
f 712//712 703//703 708//708 
f 712//712 798//798 703//703 
f 798//798 799//799 703//703 
f 795//795 706//706 704//704 
f 795//795 704//704 799//799 
f 799//799 704//704 703//703 
f 700//700 704//704 706//706 
f 707//707 711//711 709//709 
f 710//710 709//709 711//711 
f 712//712 710//710 711//711 
f 708//708 710//710 712//712 
f 713//713 720//720 716//716 
f 713//713 714//714 721//721 
f 720//720 713//713 721//721 
f 714//714 715//715 722//722 
f 721//721 714//714 722//722 
f 715//715 717//717 722//722 
f 718//718 727//727 723//723 
f 718//718 805//805 727//727 
f 716//716 805//805 718//718 
f 716//716 802//802 805//805 
f 716//716 720//720 802//802 
f 721//721 802//802 720//720 
f 803//803 802//802 721//721 
f 722//722 803//803 721//721 
f 804//804 803//803 722//722 
f 728//728 806//806 804//804 
f 719//719 728//728 804//804 
f 719//719 804//804 722//722 
f 719//719 722//722 717//717 
f 719//719 724//724 728//728 
f 725//725 732//732 729//729 
f 812//812 732//732 725//725 
f 812//812 725//725 807//807 
f 807//807 725//725 726//726 
f 727//727 726//726 723//723 
f 727//727 808//808 726//726 
f 808//808 807//807 726//726 
f 805//805 808//808 727//727 
f 733//733 806//806 728//728 
f 813//813 806//806 733//733 
f 724//724 730//730 733//733 
f 728//728 724//724 733//733 
f 732//732 736//736 734//734 
f 729//729 732//732 734//734 
f 817//817 732//732 812//812 
f 736//736 732//732 817//817 
f 733//733 814//814 813//813 
f 737//737 818//818 814//814 
f 731//731 737//737 814//814 
f 731//731 814//814 733//733 
f 731//731 733//733 730//730 
f 731//731 735//735 737//737 
f 736//736 742//742 738//738 
f 734//734 736//736 738//738 
f 819//819 736//736 817//817 
f 819//819 743//743 736//736 
f 743//743 742//742 736//736 
f 819//819 824//824 743//743 
f 744//744 825//825 820//820 
f 818//818 744//744 820//820 
f 818//818 737//737 744//744 
f 737//737 745//745 744//744 
f 735//735 739//739 745//745 
f 737//737 735//735 745//745 
f 738//738 742//742 740//740 
f 746//746 740//740 742//742 
f 746//746 742//742 752//752 
f 752//752 742//742 743//743 
f 826//826 743//743 824//824 
f 826//826 753//753 743//743 
f 753//753 752//752 743//743 
f 826//826 829//829 753//753 
f 754//754 825//825 744//744 
f 830//830 825//825 754//754 
f 741//741 747//747 754//754 
f 741//741 754//754 745//745 
f 745//745 754//754 744//744 
f 739//739 741//741 745//745 
f 746//746 752//752 748//748 
f 749//749 748//748 752//752 
f 753//753 749//749 752//752 
f 753//753 829//829 831//831 
f 753//753 831//831 749//749 
f 749//749 831//831 750//750 
f 755//755 832//832 759//759 
f 755//755 750//750 832//832 
f 750//750 831//831 832//832 
f 759//759 833//833 760//760 
f 832//832 833//833 759//759 
f 830//830 760//760 833//833 
f 754//754 760//760 830//830 
f 754//754 756//756 760//760 
f 754//754 751//751 756//756 
f 747//747 751//751 754//754 
f 755//755 759//759 757//757 
f 758//758 757//757 759//759 
f 760//760 758//758 759//759 
f 756//756 758//758 760//760 
f 761//761 767//767 763//763 
f 761//761 762//762 768//768 
f 767//767 761//761 768//768 
f 762//762 764//764 768//768 
f 765//765 774//774 769//769 
f 765//765 840//840 774//774 
f 763//763 840//840 765//765 
f 763//763 837//837 840//840 
f 763//763 767//767 837//837 
f 768//768 837//837 767//767 
f 838//838 837//837 768//768 
f 764//764 838//838 768//768 
f 764//764 766//766 838//838 
f 766//766 839//839 838//838 
f 839//839 766//766 770//770 
f 841//841 839//839 770//770 
f 771//771 777//777 775//775 
f 771//771 847//847 777//777 
f 769//769 847//847 771//771 
f 769//769 842//842 847//847 
f 769//769 774//774 842//842 
f 840//840 842//842 774//774 
f 770//770 843//843 841//841 
f 772//772 843//843 770//770 
f 778//778 848//848 843//843 
f 778//778 843//843 773//773 
f 773//773 843//843 772//772 
f 773//773 776//776 778//778 
f 777//777 781//781 779//779 
f 775//775 777//777 779//779 
f 851//851 777//777 847//847 
f 781//781 777//777 851//851 
f 782//782 848//848 778//778 
f 852//852 848//848 782//782 
f 776//776 780//780 782//782 
f 778//778 776//776 782//782 
f 781//781 786//786 783//783 
f 779//779 781//781 783//783 
f 855//855 781//781 851//851 
f 786//786 781//781 855//855 
f 787//787 852//852 782//782 
f 856//856 852//852 787//787 
f 780//780 784//784 787//787 
f 782//782 780//780 787//787 
f 783//783 786//786 785//785 
f 788//788 857//857 792//792 
f 785//785 857//857 788//788 
f 785//785 855//855 857//857 
f 785//785 786//786 855//855 
f 857//857 860//860 792//792 
f 793//793 856//856 787//787 
f 861//861 856//856 793//793 
f 784//784 789//789 793//793 
f 787//787 784//784 793//793 
f 788//788 792//792 790//790 
f 794//794 862//862 800//800 
f 790//790 862//862 794//794 
f 790//790 860//860 862//862 
f 790//790 792//792 860//860 
f 862//862 867//867 800//800 
f 801//801 868//868 863//863 
f 861//861 801//801 863//863 
f 793//793 801//801 861//861 
f 793//793 795//795 801//801 
f 793//793 791//791 795//795 
f 789//789 791//791 793//793 
f 794//794 800//800 796//796 
f 800//800 867//867 869//869 
f 800//800 869//869 796//796 
f 796//796 869//869 797//797 
f 798//798 797//797 870//870 
f 797//797 869//869 870//870 
f 868//868 801//801 799//799 
f 868//868 799//799 870//870 
f 870//870 799//799 798//798 
f 795//795 799//799 801//801 
f 802//802 809//809 805//805 
f 802//802 803//803 810//810 
f 809//809 802//802 810//810 
f 803//803 804//804 811//811 
f 810//810 803//803 811//811 
f 804//804 806//806 811//811 
f 807//807 815//815 812//812 
f 807//807 808//808 816//816 
f 815//815 807//807 816//816 
f 808//808 876//876 816//816 
f 805//805 876//876 808//808 
f 805//805 873//873 876//876 
f 805//805 809//809 873//873 
f 810//810 873//873 809//809 
f 874//874 873//873 810//810 
f 811//811 874//874 810//810 
f 875//875 874//874 811//811 
f 875//875 811//811 806//806 
f 875//875 806//806 877//877 
f 877//877 806//806 813//813 
f 815//815 821//821 817//817 
f 812//812 815//815 817//817 
f 816//816 822//822 815//815 
f 822//822 821//821 815//815 
f 881//881 816//816 876//876 
f 822//822 816//816 881//881 
f 823//823 813//813 814//814 
f 823//823 882//882 813//813 
f 882//882 877//877 813//813 
f 814//814 818//818 823//823 
f 817//817 821//821 819//819 
f 824//824 819//819 821//821 
f 824//824 821//821 827//827 
f 827//827 821//821 822//822 
f 887//887 822//822 881//881 
f 827//827 822//822 887//887 
f 828//828 888//888 883//883 
f 882//882 828//828 883//883 
f 823//823 828//828 882//882 
f 823//823 825//825 828//828 
f 823//823 820//820 825//825 
f 818//818 820//820 823//823 
f 824//824 827//827 826//826 
f 829//829 889//889 834//834 
f 826//826 889//889 829//829 
f 826//826 887//887 889//889 
f 826//826 827//827 887//887 
f 834//834 890//890 835//835 
f 889//889 890//890 834//834 
f 888//888 835//835 890//890 
f 888//888 828//828 835//835 
f 828//828 836//836 835//835 
f 825//825 830//830 836//836 
f 828//828 825//825 836//836 
f 829//829 834//834 831//831 
f 832//832 831//831 834//834 
f 835//835 832//832 834//834 
f 833//833 832//832 835//835 
f 836//836 833//833 835//835 
f 830//830 833//833 836//836 
f 837//837 844//844 840//840 
f 837//837 838//838 845//845 
f 844//844 837//837 845//845 
f 838//838 839//839 846//846 
f 845//845 838//838 846//846 
f 839//839 841//841 846//846 
f 842//842 849//849 847//847 
f 842//842 896//896 849//849 
f 840//840 896//896 842//842 
f 840//840 893//893 896//896 
f 840//840 844//844 893//893 
f 845//845 893//893 844//844 
f 894//894 893//893 845//845 
f 846//846 894//894 845//845 
f 895//895 894//894 846//846 
f 850//850 897//897 895//895 
f 843//843 850//850 895//895 
f 843//843 895//895 846//846 
f 843//843 846//846 841//841 
f 843//843 848//848 850//850 
f 849//849 853//853 851//851 
f 847//847 849//849 851//851 
f 901//901 849//849 896//896 
f 853//853 849//849 901//901 
f 854//854 897//897 850//850 
f 902//902 897//897 854//854 
f 848//848 852//852 854//854 
f 850//850 848//848 854//854 
f 853//853 858//858 855//855 
f 851//851 853//853 855//855 
f 906//906 853//853 901//901 
f 858//858 853//853 906//906 
f 859//859 902//902 854//854 
f 907//907 902//902 859//859 
f 852//852 856//856 859//859 
f 854//854 852//852 859//859 
f 855//855 858//858 857//857 
f 860//860 908//908 864//864 
f 857//857 908//908 860//860 
f 857//857 906//906 908//908 
f 857//857 858//858 906//906 
f 908//908 913//913 864//864 
f 865//865 914//914 909//909 
f 907//907 865//865 909//909 
f 907//907 859//859 865//865 
f 859//859 866//866 865//865 
f 856//856 861//861 866//866 
f 859//859 856//856 866//866 
f 860//860 864//864 862//862 
f 867//867 915//915 871//871 
f 862//862 915//915 867//867 
f 862//862 913//913 915//915 
f 862//862 864//864 913//913 
f 914//914 871//871 915//915 
f 914//914 865//865 871//871 
f 865//865 872//872 871//871 
f 863//863 868//868 872//872 
f 863//863 872//872 866//866 
f 866//866 872//872 865//865 
f 861//861 863//863 866//866 
f 867//867 871//871 869//869 
f 870//870 869//869 871//871 
f 872//872 870//870 871//871 
f 868//868 870//870 872//872 
f 873//873 878//878 876//876 
f 873//873 874//874 879//879 
f 878//878 873//873 879//879 
f 874//874 875//875 880//880 
f 879//879 874//874 880//880 
f 875//875 877//877 880//880 
f 878//878 884//884 881//881 
f 876//876 878//878 881//881 
f 879//879 885//885 878//878 
f 885//885 884//884 878//878 
f 880//880 886//886 879//879 
f 886//886 885//885 879//879 
f 877//877 882//882 886//886 
f 880//880 877//877 886//886 
f 884//884 891//891 887//887 
f 881//881 884//884 887//887 
f 885//885 892//892 884//884 
f 892//892 891//891 884//884 
f 883//883 888//888 892//892 
f 883//883 892//892 886//886 
f 886//886 892//892 885//885 
f 882//882 883//883 886//886 
f 887//887 891//891 889//889 
f 890//890 889//889 891//891 
f 892//892 890//890 891//891 
f 888//888 890//890 892//892 
f 893//893 898//898 896//896 
f 893//893 894//894 899//899 
f 898//898 893//893 899//899 
f 894//894 895//895 900//900 
f 899//899 894//894 900//900 
f 895//895 897//897 900//900 
f 898//898 903//903 901//901 
f 896//896 898//898 901//901 
f 899//899 904//904 898//898 
f 904//904 903//903 898//898 
f 900//900 905//905 899//899 
f 905//905 904//904 899//899 
f 897//897 902//902 905//905 
f 900//900 897//897 905//905 
f 903//903 910//910 906//906 
f 901//901 903//903 906//906 
f 904//904 911//911 903//903 
f 911//911 910//910 903//903 
f 905//905 912//912 904//904 
f 912//912 911//911 904//904 
f 902//902 907//907 912//912 
f 905//905 902//902 912//912 
f 906//906 910//910 908//908 
f 913//913 908//908 910//910 
f 913//913 910//910 916//916 
f 916//916 910//910 911//911 
f 909//909 914//914 916//916 
f 909//909 916//916 912//912 
f 912//912 916//916 911//911 
f 907//907 909//909 912//912 
f 913//913 916//916 915//915 
f 914//914 915//915 916//916 
f 917//917 921//921 927//927 
f 917//917 918//918 922//922 
f 921//921 917//917 922//922 
f 922//922 918//918 928//928 
f 919//919 917//917 927//927 
f 931//931 919//919 927//927 
f 918//918 917//917 920//920 
f 920//920 917//917 919//919 
f 932//932 928//928 918//918 
f 920//920 932//932 918//918 
f 919//919 931//931 933//933 
f 920//920 919//919 933//933 
f 934//934 920//920 933//933 
f 932//932 920//920 934//934 
f 923//923 952//952 958//958 
f 923//923 924//924 953//953 
f 952//952 923//923 953//953 
f 924//924 925//925 954//954 
f 953//953 924//924 954//954 
f 925//925 926//926 955//955 
f 954//954 925//925 955//955 
f 955//955 926//926 959//959 
f 929//929 923//923 958//958 
f 963//963 929//929 958//958 
f 921//921 929//929 927//927 
f 921//921 924//924 929//929 
f 924//924 923//923 929//929 
f 922//922 924//924 921//921 
f 925//925 924//924 922//922 
f 928//928 925//925 922//922 
f 928//928 930//930 925//925 
f 930//930 926//926 925//925 
f 964//964 959//959 926//926 
f 930//930 964//964 926//926 
f 935//935 965//965 969//969 
f 963//963 965//965 935//935 
f 963//963 935//935 929//929 
f 929//929 935//935 936//936 
f 927//927 936//936 931//931 
f 929//929 936//936 927//927 
f 930//930 932//932 937//937 
f 928//928 932//932 930//930 
f 970//970 964//964 930//930 
f 937//937 970//970 930//930 
f 938//938 935//935 969//969 
f 974//974 938//938 969//969 
f 936//936 935//935 939//939 
f 939//939 935//935 938//938 
f 931//931 940//940 933//933 
f 931//931 936//936 940//940 
f 936//936 939//939 940//940 
f 933//933 941//941 934//934 
f 940//940 941//941 933//933 
f 934//934 937//937 932//932 
f 934//934 941//941 937//937 
f 941//941 942//942 937//937 
f 975//975 970//970 937//937 
f 942//942 975//975 937//937 
f 938//938 974//974 976//976 
f 939//939 938//938 976//976 
f 977//977 939//939 976//976 
f 940//940 939//939 977//977 
f 978//978 940//940 977//977 
f 978//978 982//982 943//943 
f 978//978 943//943 940//940 
f 940//940 943//943 941//941 
f 983//983 979//979 942//942 
f 983//983 942//942 943//943 
f 943//943 942//942 941//941 
f 975//975 942//942 979//979 
f 943//943 982//982 984//984 
f 983//983 943//943 984//984 
f 944//944 989//989 993//993 
f 944//944 945//945 990//990 
f 989//989 944//944 990//990 
f 990//990 945//945 994//994 
f 946//946 995//995 1000//1000 
f 993//993 995//995 946//946 
f 993//993 946//946 944//944 
f 944//944 946//946 947//947 
f 945//945 944//944 948//948 
f 948//948 944//944 947//947 
f 1001//1001 994//994 945//945 
f 948//948 1001//1001 945//945 
f 946//946 1000//1000 1002//1002 
f 1002//1002 1006//1006 949//949 
f 1002//1002 949//949 946//946 
f 946//946 949//949 947//947 
f 948//948 947//947 950//950 
f 950//950 947//947 949//949 
f 1007//1007 1001//1001 948//948 
f 950//950 1007//1007 948//948 
f 951//951 949//949 1006//1006 
f 1014//1014 951//951 1006//1006 
f 1015//1015 1008//1008 950//950 
f 1015//1015 950//950 951//951 
f 951//951 950//950 949//949 
f 1007//1007 950//950 1008//1008 
f 951//951 1014//1014 1016//1016 
f 1015//1015 951//951 1016//1016 
f 956//956 1024//1024 1026//1026 
f 956//956 957//957 1025//1025 
f 1024//1024 956//956 1025//1025 
f 1025//1025 957//957 1027//1027 
f 960//960 1028//1028 1037//1037 
f 960//960 958//958 952//952 
f 960//960 952//952 1028//1028 
f 1028//1028 952//952 1029//1029 
f 953//953 1030//1030 952//952 
f 952//952 1030//1030 1029//1029 
f 1026//1026 954//954 956//956 
f 1026//1026 1030//1030 954//954 
f 1030//1030 953//953 954//954 
f 955//955 956//956 954//954 
f 957//957 956//956 955//955 
f 959//959 961//961 1031//1031 
f 955//955 959//959 1031//1031 
f 955//955 1031//1031 1027//1027 
f 955//955 1027//1027 957//957 
f 961//961 962//962 1032//1032 
f 1031//1031 961//961 1032//1032 
f 1032//1032 962//962 1038//1038 
f 966//966 960//960 1037//1037 
f 1040//1040 966//966 1037//1037 
f 958//958 966//966 963//963 
f 960//960 966//966 958//958 
f 961//961 964//964 967//967 
f 959//959 964//964 961//961 
f 962//962 961//961 968//968 
f 968//968 961//961 967//967 
f 1041//1041 1038//1038 962//962 
f 968//968 1041//1041 962//962 
f 971//971 1042//1042 1043//1043 
f 1040//1040 1042//1042 971//971 
f 966//966 1040//1040 971//971 
f 966//966 971//971 969//969 
f 966//966 969//969 965//965 
f 963//963 966//966 965//965 
f 967//967 970//970 972//972 
f 964//964 970//970 967//967 
f 968//968 967//967 973//973 
f 973//973 967//967 972//972 
f 1044//1044 1041//1041 968//968 
f 973//973 1044//1044 968//968 
f 980//980 971//971 1043//1043 
f 1046//1046 980//980 1043//1043 
f 969//969 980//980 974//974 
f 971//971 980//980 969//969 
f 972//972 975//975 981//981 
f 970//970 975//975 972//972 
f 1047//1047 1045//1045 973//973 
f 1047//1047 973//973 981//981 
f 981//981 973//973 972//972 
f 1044//1044 973//973 1045//1045 
f 980//980 1046//1046 1048//1048 
f 985//985 1048//1048 1051//1051 
f 976//976 1048//1048 985//985 
f 976//976 980//980 1048//1048 
f 976//976 974//974 980//980 
f 976//976 986//986 977//977 
f 985//985 986//986 976//976 
f 977//977 987//987 978//978 
f 986//986 987//987 977//977 
f 978//978 987//987 982//982 
f 979//979 983//983 988//988 
f 979//979 988//988 1052//1052 
f 975//975 979//979 1052//1052 
f 975//975 1052//1052 1049//1049 
f 975//975 1049//1049 981//981 
f 1047//1047 981//981 1049//1049 
f 985//985 1051//1051 1053//1053 
f 986//986 985//985 1053//1053 
f 1054//1054 986//986 1053//1053 
f 987//987 986//986 1054//1054 
f 1055//1055 987//987 1054//1054 
f 982//982 987//987 1055//1055 
f 982//982 1055//1055 984//984 
f 984//984 1055//1055 1056//1056 
f 988//988 983//983 984//984 
f 988//988 984//984 1057//1057 
f 1057//1057 984//984 1056//1056 
f 1052//1052 988//988 1057//1057 
f 991//991 1063//1063 1065//1065 
f 991//991 992//992 1064//1064 
f 1063//1063 991//991 1064//1064 
f 1064//1064 992//992 1066//1066 
f 996//996 1067//1067 1073//1073 
f 996//996 997//997 1068//1068 
f 1067//1067 996//996 1068//1068 
f 997//997 993//993 989//989 
f 997//997 989//989 1068//1068 
f 1068//1068 989//989 1069//1069 
f 1065//1065 990//990 991//991 
f 1065//1065 1069//1069 990//990 
f 1069//1069 989//989 990//990 
f 994//994 991//991 990//990 
f 994//994 998//998 991//991 
f 998//998 992//992 991//991 
f 1070//1070 1066//1066 992//992 
f 1070//1070 992//992 999//999 
f 999//999 992//992 998//998 
f 1070//1070 999//999 1074//1074 
f 1003//1003 996//996 1073//1073 
f 1075//1075 1003//1003 1073//1073 
f 995//995 1003//1003 1000//1000 
f 995//995 997//997 1003//1003 
f 997//997 996//996 1003//1003 
f 993//993 997//997 995//995 
f 998//998 1001//1001 1004//1004 
f 994//994 1001//1001 998//998 
f 999//999 998//998 1005//1005 
f 1005//1005 998//998 1004//1004 
f 1076//1076 1074//1074 999//999 
f 1005//1005 1076//1076 999//999 
f 1009//1009 1077//1077 1080//1080 
f 1075//1075 1077//1077 1009//1009 
f 1075//1075 1009//1009 1003//1003 
f 1003//1003 1009//1009 1010//1010 
f 1000//1000 1011//1011 1002//1002 
f 1000//1000 1003//1003 1011//1011 
f 1003//1003 1010//1010 1011//1011 
f 1002//1002 1011//1011 1006//1006 
f 1004//1004 1007//1007 1012//1012 
f 1001//1001 1007//1007 1004//1004 
f 1005//1005 1004//1004 1013//1013 
f 1013//1013 1004//1004 1012//1012 
f 1081//1081 1076//1076 1005//1005 
f 1013//1013 1081//1081 1005//1005 
f 1009//1009 1080//1080 1082//1082 
f 1082//1082 1085//1085 1017//1017 
f 1082//1082 1017//1017 1009//1009 
f 1009//1009 1017//1017 1010//1010 
f 1011//1011 1010//1010 1018//1018 
f 1018//1018 1010//1010 1017//1017 
f 1006//1006 1018//1018 1014//1014 
f 1011//1011 1018//1018 1006//1006 
f 1008//1008 1015//1015 1019//1019 
f 1008//1008 1012//1012 1007//1007 
f 1008//1008 1019//1019 1012//1012 
f 1019//1019 1020//1020 1012//1012 
f 1086//1086 1083//1083 1013//1013 
f 1086//1086 1013//1013 1020//1020 
f 1020//1020 1013//1013 1012//1012 
f 1081//1081 1013//1013 1083//1083 
f 1017//1017 1085//1085 1087//1087 
f 1018//1018 1017//1017 1087//1087 
f 1088//1088 1018//1018 1087//1087 
f 1021//1021 1088//1088 1091//1091 
f 1016//1016 1088//1088 1021//1021 
f 1016//1016 1018//1018 1088//1088 
f 1016//1016 1014//1014 1018//1018 
f 1016//1016 1019//1019 1015//1015 
f 1016//1016 1021//1021 1019//1019 
f 1021//1021 1022//1022 1019//1019 
f 1020//1020 1019//1019 1023//1023 
f 1023//1023 1019//1019 1022//1022 
f 1092//1092 1086//1086 1020//1020 
f 1023//1023 1092//1092 1020//1020 
f 1021//1021 1091//1091 1093//1093 
f 1022//1022 1021//1021 1093//1093 
f 1094//1094 1022//1022 1093//1093 
f 1023//1023 1022//1022 1094//1094 
f 1095//1095 1023//1023 1094//1094 
f 1092//1092 1023//1023 1095//1095 
f 1033//1033 1098//1098 1104//1104 
f 1098//1098 1033//1033 1105//1105 
f 1024//1024 1099//1099 1106//1106 
f 1026//1026 1024//1024 1106//1106 
f 1025//1025 1100//1100 1024//1024 
f 1024//1024 1100//1100 1099//1099 
f 1100//1100 1025//1025 1027//1027 
f 1107//1107 1100//1100 1027//1027 
f 1034//1034 1101//1101 1108//1108 
f 1034//1034 1035//1035 1102//1102 
f 1101//1101 1034//1034 1102//1102 
f 1035//1035 1036//1036 1103//1103 
f 1102//1102 1035//1035 1103//1103 
f 1103//1103 1036//1036 1109//1109 
f 1028//1028 1110//1110 1115//1115 
f 1037//1037 1028//1028 1115//1115 
f 1104//1104 1029//1029 1033//1033 
f 1104//1104 1110//1110 1029//1029 
f 1110//1110 1028//1028 1029//1029 
f 1033//1033 1111//1111 1105//1105 
f 1033//1033 1029//1029 1111//1111 
f 1029//1029 1030//1030 1111//1111 
f 1106//1106 1030//1030 1026//1026 
f 1111//1111 1030//1030 1106//1106 
f 1027//1027 1112//1112 1107//1107 
f 1031//1031 1112//1112 1027//1027 
f 1108//1108 1032//1032 1034//1034 
f 1108//1108 1112//1112 1032//1032 
f 1112//1112 1031//1031 1032//1032 
f 1038//1038 1034//1034 1032//1032 
f 1038//1038 1039//1039 1034//1034 
f 1039//1039 1035//1035 1034//1034 
f 1116//1116 1113//1113 1036//1036 
f 1116//1116 1036//1036 1039//1039 
f 1039//1039 1036//1036 1035//1035 
f 1109//1109 1036//1036 1113//1113 
f 1037//1037 1115//1115 1040//1040 
f 1115//1115 1118//1118 1040//1040 
f 1039//1039 1119//1119 1117//1117 
f 1039//1039 1038//1038 1119//1119 
f 1038//1038 1041//1041 1119//1119 
f 1116//1116 1039//1039 1117//1117 
f 1042//1042 1120//1120 1121//1121 
f 1043//1043 1042//1042 1121//1121 
f 1118//1118 1042//1042 1040//1040 
f 1120//1120 1042//1042 1118//1118 
f 1041//1041 1044//1044 1119//1119 
f 1119//1119 1044//1044 1122//1122 
f 1043//1043 1121//1121 1046//1046 
f 1121//1121 1123//1123 1046//1046 
f 1045//1045 1047//1047 1050//1050 
f 1045//1045 1050//1050 1124//1124 
f 1045//1045 1124//1124 1044//1044 
f 1044//1044 1124//1124 1122//1122 
f 1046//1046 1123//1123 1125//1125 
f 1048//1048 1046//1046 1125//1125 
f 1125//1125 1051//1051 1048//1048 
f 1127//1127 1051//1051 1125//1125 
f 1049//1049 1052//1052 1058//1058 
f 1049//1049 1058//1058 1128//1128 
f 1047//1047 1049//1049 1128//1128 
f 1047//1047 1128//1128 1126//1126 
f 1047//1047 1126//1126 1050//1050 
f 1124//1124 1050//1050 1126//1126 
f 1051//1051 1127//1127 1129//1129 
f 1053//1053 1051//1051 1129//1129 
f 1054//1054 1053//1053 1130//1130 
f 1053//1053 1129//1129 1130//1130 
f 1059//1059 1130//1130 1132//1132 
f 1059//1059 1055//1055 1130//1130 
f 1055//1055 1054//1054 1130//1130 
f 1055//1055 1060//1060 1056//1056 
f 1059//1059 1060//1060 1055//1055 
f 1056//1056 1061//1061 1057//1057 
f 1060//1060 1061//1061 1056//1056 
f 1057//1057 1061//1061 1133//1133 
f 1052//1052 1057//1057 1133//1133 
f 1052//1052 1133//1133 1131//1131 
f 1052//1052 1131//1131 1058//1058 
f 1128//1128 1058//1058 1131//1131 
f 1059//1059 1132//1132 1134//1134 
f 1060//1060 1059//1059 1134//1134 
f 1135//1135 1060//1060 1134//1134 
f 1061//1061 1060//1060 1135//1135 
f 1136//1136 1061//1061 1135//1135 
f 1133//1133 1061//1061 1136//1136 
f 1062//1062 1139//1139 1146//1146 
f 1139//1139 1062//1062 1147//1147 
f 1062//1062 1146//1146 1148//1148 
f 1147//1147 1062//1062 1148//1148 
f 1071//1071 1157//1157 1161//1161 
f 1071//1071 1065//1065 1063//1063 
f 1071//1071 1063//1063 1157//1157 
f 1157//1157 1063//1063 1158//1158 
f 1064//1064 1159//1159 1063//1063 
f 1063//1063 1159//1159 1158//1158 
f 1066//1066 1072//1072 1160//1160 
f 1066//1066 1160//1160 1064//1064 
f 1064//1064 1160//1160 1159//1159 
f 1160//1160 1072//1072 1162//1162 
f 1067//1067 1163//1163 1166//1166 
f 1073//1073 1067//1067 1166//1166 
f 1068//1068 1164//1164 1067//1067 
f 1067//1067 1164//1164 1163//1163 
f 1161//1161 1069//1069 1071//1071 
f 1161//1161 1164//1164 1069//1069 
f 1164//1164 1068//1068 1069//1069 
f 1065//1065 1071//1071 1069//1069 
f 1066//1066 1070//1070 1072//1072 
f 1072//1072 1070//1070 1074//1074 
f 1072//1072 1074//1074 1162//1162 
f 1162//1162 1074//1074 1167//1167 
f 1078//1078 1168//1168 1171//1171 
f 1078//1078 1166//1166 1168//1168 
f 1078//1078 1075//1075 1166//1166 
f 1075//1075 1073//1073 1166//1166 
f 1169//1169 1076//1076 1079//1079 
f 1169//1169 1167//1167 1076//1076 
f 1167//1167 1074//1074 1076//1076 
f 1169//1169 1079//1079 1172//1172 
f 1077//1077 1078//1078 1171//1171 
f 1077//1077 1171//1171 1080//1080 
f 1080//1080 1171//1171 1173//1173 
f 1075//1075 1078//1078 1077//1077 
f 1079//1079 1081//1081 1084//1084 
f 1076//1076 1081//1081 1079//1079 
f 1174//1174 1172//1172 1079//1079 
f 1084//1084 1174//1174 1079//1079 
f 1089//1089 1082//1082 1080//1080 
f 1089//1089 1080//1080 1176//1176 
f 1176//1176 1080//1080 1173//1173 
f 1082//1082 1089//1089 1085//1085 
f 1083//1083 1086//1086 1090//1090 
f 1083//1083 1090//1090 1177//1177 
f 1081//1081 1083//1083 1177//1177 
f 1081//1081 1177//1177 1175//1175 
f 1081//1081 1175//1175 1084//1084 
f 1174//1174 1084//1084 1175//1175 
f 1089//1089 1176//1176 1178//1178 
f 1096//1096 1178//1178 1181//1181 
f 1087//1087 1178//1178 1096//1096 
f 1087//1087 1089//1089 1178//1178 
f 1087//1087 1085//1085 1089//1089 
f 1087//1087 1097//1097 1088//1088 
f 1096//1096 1097//1097 1087//1087 
f 1088//1088 1097//1097 1091//1091 
f 1090//1090 1182//1182 1179//1179 
f 1090//1090 1086//1086 1182//1182 
f 1086//1086 1092//1092 1182//1182 
f 1177//1177 1090//1090 1179//1179 
f 1096//1096 1181//1181 1183//1183 
f 1097//1097 1096//1096 1183//1183 
f 1184//1184 1097//1097 1183//1183 
f 1091//1091 1097//1097 1184//1184 
f 1091//1091 1184//1184 1093//1093 
f 1093//1093 1184//1184 1185//1185 
f 1094//1094 1093//1093 1186//1186 
f 1093//1093 1185//1185 1186//1186 
f 1095//1095 1094//1094 1187//1187 
f 1094//1094 1186//1186 1187//1187 
f 1182//1182 1092//1092 1095//1095 
f 1187//1187 1182//1182 1095//1095 
f 1098//1098 1189//1189 1196//1196 
f 1104//1104 1098//1098 1196//1196 
f 1105//1105 1114//1114 1190//1190 
f 1105//1105 1190//1190 1098//1098 
f 1098//1098 1190//1190 1189//1189 
f 1114//1114 1106//1106 1099//1099 
f 1114//1114 1099//1099 1190//1190 
f 1190//1190 1099//1099 1191//1191 
f 1100//1100 1192//1192 1099//1099 
f 1099//1099 1192//1192 1191//1191 
f 1192//1192 1100//1100 1107//1107 
f 1197//1197 1192//1192 1107//1107 
f 1101//1101 1193//1193 1198//1198 
f 1108//1108 1101//1101 1198//1198 
f 1102//1102 1194//1194 1101//1101 
f 1101//1101 1194//1194 1193//1193 
f 1103//1103 1195//1195 1102//1102 
f 1102//1102 1195//1195 1194//1194 
f 1195//1195 1103//1103 1109//1109 
f 1199//1199 1195//1195 1109//1109 
f 1110//1110 1200//1200 1207//1207 
f 1115//1115 1110//1110 1207//1207 
f 1196//1196 1110//1110 1104//1104 
f 1200//1200 1110//1110 1196//1196 
f 1105//1105 1111//1111 1114//1114 
f 1106//1106 1114//1114 1111//1111 
f 1107//1107 1201//1201 1197//1197 
f 1112//1112 1201//1201 1107//1107 
f 1198//1198 1112//1112 1108//1108 
f 1201//1201 1112//1112 1198//1198 
f 1113//1113 1208//1208 1202//1202 
f 1116//1116 1208//1208 1113//1113 
f 1199//1199 1109//1109 1113//1113 
f 1202//1202 1199//1199 1113//1113 
f 1115//1115 1207//1207 1118//1118 
f 1207//1207 1211//1211 1118//1118 
f 1117//1117 1212//1212 1209//1209 
f 1119//1119 1212//1212 1117//1117 
f 1208//1208 1116//1116 1117//1117 
f 1209//1209 1208//1208 1117//1117 
f 1120//1120 1213//1213 1214//1214 
f 1121//1121 1120//1120 1214//1214 
f 1211//1211 1120//1120 1118//1118 
f 1213//1213 1120//1120 1211//1211 
f 1119//1119 1122//1122 1212//1212 
f 1212//1212 1122//1122 1215//1215 
f 1121//1121 1214//1214 1123//1123 
f 1214//1214 1217//1217 1123//1123 
f 1122//1122 1124//1124 1215//1215 
f 1215//1215 1124//1124 1218//1218 
f 1123//1123 1217//1217 1219//1219 
f 1125//1125 1123//1123 1219//1219 
f 1219//1219 1127//1127 1125//1125 
f 1222//1222 1127//1127 1219//1219 
f 1126//1126 1223//1223 1220//1220 
f 1128//1128 1223//1223 1126//1126 
f 1218//1218 1124//1124 1126//1126 
f 1220//1220 1218//1218 1126//1126 
f 1127//1127 1222//1222 1224//1224 
f 1129//1129 1127//1127 1224//1224 
f 1130//1130 1129//1129 1225//1225 
f 1129//1129 1224//1224 1225//1225 
f 1225//1225 1132//1132 1130//1130 
f 1228//1228 1132//1132 1225//1225 
f 1131//1131 1229//1229 1226//1226 
f 1133//1133 1229//1229 1131//1131 
f 1223//1223 1128//1128 1131//1131 
f 1226//1226 1223//1223 1131//1131 
f 1132//1132 1228//1228 1230//1230 
f 1134//1134 1132//1132 1230//1230 
f 1135//1135 1134//1134 1231//1231 
f 1134//1134 1230//1230 1231//1231 
f 1136//1136 1135//1135 1232//1232 
f 1135//1135 1231//1231 1232//1232 
f 1229//1229 1133//1133 1136//1136 
f 1232//1232 1229//1229 1136//1136 
f 1137//1137 1236//1236 1240//1240 
f 1137//1137 1138//1138 1237//1237 
f 1236//1236 1137//1137 1237//1237 
f 1237//1237 1138//1138 1241//1241 
f 1140//1140 1242//1242 1249//1249 
f 1240//1240 1242//1242 1140//1140 
f 1240//1240 1140//1140 1137//1137 
f 1137//1137 1140//1140 1141//1141 
f 1138//1138 1137//1137 1142//1142 
f 1142//1142 1137//1137 1141//1141 
f 1243//1243 1241//1241 1138//1138 
f 1243//1243 1138//1138 1143//1143 
f 1143//1143 1138//1138 1142//1142 
f 1143//1143 1144//1144 1244//1244 
f 1243//1243 1143//1143 1244//1244 
f 1144//1144 1145//1145 1245//1245 
f 1244//1244 1144//1144 1245//1245 
f 1245//1245 1145//1145 1250//1250 
f 1149//1149 1140//1140 1249//1249 
f 1253//1253 1149//1149 1249//1249 
f 1141//1141 1140//1140 1150//1150 
f 1150//1150 1140//1140 1149//1149 
f 1139//1139 1150//1150 1146//1146 
f 1139//1139 1142//1142 1150//1150 
f 1142//1142 1141//1141 1150//1150 
f 1147//1147 1142//1142 1139//1139 
f 1147//1147 1151//1151 1142//1142 
f 1151//1151 1143//1143 1142//1142 
f 1144//1144 1143//1143 1152//1152 
f 1152//1152 1143//1143 1151//1151 
f 1254//1254 1251//1251 1145//1145 
f 1254//1254 1145//1145 1152//1152 
f 1152//1152 1145//1145 1144//1144 
f 1250//1250 1145//1145 1251//1251 
f 1153//1153 1149//1149 1253//1253 
f 1257//1257 1153//1153 1253//1253 
f 1150//1150 1149//1149 1154//1154 
f 1154//1154 1149//1149 1153//1153 
f 1146//1146 1155//1155 1148//1148 
f 1146//1146 1150//1150 1155//1155 
f 1150//1150 1154//1154 1155//1155 
f 1148//1148 1151//1151 1147//1147 
f 1148//1148 1155//1155 1151//1151 
f 1155//1155 1156//1156 1151//1151 
f 1258//1258 1255//1255 1152//1152 
f 1258//1258 1152//1152 1156//1156 
f 1156//1156 1152//1152 1151//1151 
f 1254//1254 1152//1152 1255//1255 
f 1153//1153 1257//1257 1259//1259 
f 1154//1154 1153//1153 1259//1259 
f 1260//1260 1154//1154 1259//1259 
f 1155//1155 1154//1154 1260//1260 
f 1261//1261 1155//1155 1260//1260 
f 1156//1156 1155//1155 1261//1261 
f 1262//1262 1156//1156 1261//1261 
f 1258//1258 1156//1156 1262//1262 
f 1165//1165 1269//1269 1274//1274 
f 1165//1165 1161//1161 1157//1157 
f 1165//1165 1157//1157 1269//1269 
f 1269//1269 1157//1157 1270//1270 
f 1158//1158 1271//1271 1157//1157 
f 1157//1157 1271//1271 1270//1270 
f 1159//1159 1272//1272 1158//1158 
f 1158//1158 1272//1272 1271//1271 
f 1160//1160 1273//1273 1159//1159 
f 1159//1159 1273//1273 1272//1272 
f 1273//1273 1160//1160 1162//1162 
f 1275//1275 1273//1273 1162//1162 
f 1170//1170 1276//1276 1278//1278 
f 1170//1170 1166//1166 1163//1163 
f 1170//1170 1163//1163 1276//1276 
f 1276//1276 1163//1163 1277//1277 
f 1274//1274 1164//1164 1165//1165 
f 1274//1274 1277//1277 1164//1164 
f 1277//1277 1163//1163 1164//1164 
f 1161//1161 1165//1165 1164//1164 
f 1162//1162 1167//1167 1275//1275 
f 1275//1275 1167//1167 1279//1279 
f 1168//1168 1170//1170 1278//1278 
f 1168//1168 1278//1278 1171//1171 
f 1171//1171 1278//1278 1282//1282 
f 1166//1166 1170//1170 1168//1168 
f 1167//1167 1280//1280 1279//1279 
f 1169//1169 1280//1280 1167//1167 
f 1280//1280 1169//1169 1172//1172 
f 1283//1283 1280//1280 1172//1172 
f 1171//1171 1282//1282 1173//1173 
f 1282//1282 1285//1285 1173//1173 
f 1172//1172 1174//1174 1283//1283 
f 1283//1283 1174//1174 1286//1286 
f 1173//1173 1285//1285 1176//1176 
f 1285//1285 1288//1288 1176//1176 
f 1175//1175 1177//1177 1180//1180 
f 1175//1175 1180//1180 1289//1289 
f 1175//1175 1289//1289 1174//1174 
f 1174//1174 1289//1289 1286//1286 
f 1176//1176 1288//1288 1290//1290 
f 1178//1178 1176//1176 1290//1290 
f 1290//1290 1181//1181 1178//1178 
f 1294//1294 1181//1181 1290//1290 
f 1179//1179 1295//1295 1291//1291 
f 1182//1182 1295//1295 1179//1179 
f 1180//1180 1177//1177 1179//1179 
f 1180//1180 1179//1179 1292//1292 
f 1292//1292 1179//1179 1291//1291 
f 1289//1289 1180//1180 1292//1292 
f 1181//1181 1294//1294 1296//1296 
f 1183//1183 1181//1181 1296//1296 
f 1184//1184 1183//1183 1297//1297 
f 1183//1183 1296//1296 1297//1297 
f 1185//1185 1184//1184 1298//1298 
f 1184//1184 1297//1297 1298//1298 
f 1188//1188 1298//1298 1301//1301 
f 1188//1188 1186//1186 1298//1298 
f 1186//1186 1185//1185 1298//1298 
f 1302//1302 1186//1186 1188//1188 
f 1302//1302 1299//1299 1186//1186 
f 1299//1299 1187//1187 1186//1186 
f 1295//1295 1182//1182 1187//1187 
f 1299//1299 1295//1295 1187//1187 
f 1188//1188 1301//1301 1303//1303 
f 1302//1302 1188//1188 1303//1303 
f 1189//1189 1203//1203 1196//1196 
f 1308//1308 1203//1203 1189//1189 
f 1308//1308 1189//1189 1305//1305 
f 1305//1305 1189//1189 1190//1190 
f 1191//1191 1306//1306 1190//1190 
f 1190//1190 1306//1306 1305//1305 
f 1192//1192 1307//1307 1191//1191 
f 1191//1191 1307//1307 1306//1306 
f 1307//1307 1192//1192 1197//1197 
f 1309//1309 1307//1307 1197//1197 
f 1193//1193 1204//1204 1198//1198 
f 1193//1193 1194//1194 1205//1205 
f 1204//1204 1193//1193 1205//1205 
f 1194//1194 1195//1195 1206//1206 
f 1205//1205 1194//1194 1206//1206 
f 1195//1195 1199//1199 1206//1206 
f 1200//1200 1210//1210 1207//1207 
f 1200//1200 1317//1317 1210//1210 
f 1196//1196 1317//1317 1200//1200 
f 1196//1196 1310//1310 1317//1317 
f 1196//1196 1203//1203 1310//1310 
f 1308//1308 1310//1310 1203//1203 
f 1197//1197 1311//1311 1309//1309 
f 1201//1201 1311//1311 1197//1197 
f 1204//1204 1201//1201 1198//1198 
f 1204//1204 1312//1312 1201//1201 
f 1312//1312 1311//1311 1201//1201 
f 1205//1205 1312//1312 1204//1204 
f 1313//1313 1312//1312 1205//1205 
f 1202//1202 1208//1208 1318//1318 
f 1202//1202 1318//1318 1205//1205 
f 1202//1202 1205//1205 1206//1206 
f 1205//1205 1318//1318 1313//1313 
f 1199//1199 1202//1202 1206//1206 
f 1210//1210 1319//1319 1323//1323 
f 1210//1210 1323//1323 1207//1207 
f 1207//1207 1323//1323 1211//1211 
f 1317//1317 1319//1319 1210//1210 
f 1209//1209 1324//1324 1320//1320 
f 1212//1212 1324//1324 1209//1209 
f 1318//1318 1208//1208 1209//1209 
f 1320//1320 1318//1318 1209//1209 
f 1213//1213 1216//1216 1214//1214 
f 1213//1213 1327//1327 1216//1216 
f 1213//1213 1211//1211 1327//1327 
f 1211//1211 1323//1323 1327//1327 
f 1212//1212 1215//1215 1324//1324 
f 1324//1324 1215//1215 1328//1328 
f 1216//1216 1221//1221 1217//1217 
f 1214//1214 1216//1216 1217//1217 
f 1331//1331 1216//1216 1327//1327 
f 1221//1221 1216//1216 1331//1331 
f 1215//1215 1218//1218 1328//1328 
f 1328//1328 1218//1218 1332//1332 
f 1217//1217 1221//1221 1219//1219 
f 1222//1222 1333//1333 1227//1227 
f 1219//1219 1333//1333 1222//1222 
f 1219//1219 1331//1331 1333//1333 
f 1219//1219 1221//1221 1331//1331 
f 1333//1333 1337//1337 1227//1227 
f 1220//1220 1338//1338 1334//1334 
f 1223//1223 1338//1338 1220//1220 
f 1332//1332 1218//1218 1220//1220 
f 1334//1334 1332//1332 1220//1220 
f 1222//1222 1227//1227 1224//1224 
f 1227//1227 1337//1337 1339//1339 
f 1227//1227 1339//1339 1224//1224 
f 1224//1224 1339//1339 1225//1225 
f 1228//1228 1340//1340 1233//1233 
f 1228//1228 1225//1225 1340//1340 
f 1225//1225 1339//1339 1340//1340 
f 1233//1233 1341//1341 1234//1234 
f 1340//1340 1341//1341 1233//1233 
f 1234//1234 1342//1342 1235//1235 
f 1341//1341 1342//1342 1234//1234 
f 1235//1235 1226//1226 1229//1229 
f 1235//1235 1342//1342 1226//1226 
f 1342//1342 1343//1343 1226//1226 
f 1338//1338 1223//1223 1226//1226 
f 1343//1343 1338//1338 1226//1226 
f 1228//1228 1233//1233 1230//1230 
f 1231//1231 1230//1230 1233//1233 
f 1234//1234 1231//1231 1233//1233 
f 1232//1232 1231//1231 1234//1234 
f 1235//1235 1232//1232 1234//1234 
f 1229//1229 1232//1232 1235//1235 
f 1238//1238 1346//1346 1350//1350 
f 1238//1238 1239//1239 1347//1347 
f 1346//1346 1238//1238 1347//1347 
f 1347//1347 1239//1239 1351//1351 
f 1236//1236 1352//1352 1357//1357 
f 1240//1240 1236//1236 1357//1357 
f 1350//1350 1237//1237 1238//1238 
f 1350//1350 1352//1352 1237//1237 
f 1352//1352 1236//1236 1237//1237 
f 1241//1241 1238//1238 1237//1237 
f 1241//1241 1246//1246 1238//1238 
f 1246//1246 1239//1239 1238//1238 
f 1353//1353 1351//1351 1239//1239 
f 1353//1353 1239//1239 1247//1247 
f 1247//1247 1239//1239 1246//1246 
f 1247//1247 1248//1248 1354//1354 
f 1353//1353 1247//1247 1354//1354 
f 1354//1354 1248//1248 1358//1358 
f 1242//1242 1359//1359 1363//1363 
f 1249//1249 1242//1242 1363//1363 
f 1357//1357 1242//1242 1240//1240 
f 1359//1359 1242//1242 1357//1357 
f 1241//1241 1243//1243 1246//1246 
f 1244//1244 1246//1246 1243//1243 
f 1247//1247 1246//1246 1244//1244 
f 1245//1245 1247//1247 1244//1244 
f 1248//1248 1247//1247 1245//1245 
f 1250//1250 1252//1252 1360//1360 
f 1245//1245 1250//1250 1360//1360 
f 1245//1245 1360//1360 1358//1358 
f 1245//1245 1358//1358 1248//1248 
f 1360//1360 1252//1252 1364//1364 
f 1249//1249 1363//1363 1253//1253 
f 1363//1363 1368//1368 1253//1253 
f 1251//1251 1254//1254 1256//1256 
f 1251//1251 1256//1256 1369//1369 
f 1250//1250 1251//1251 1369//1369 
f 1250//1250 1369//1369 1365//1365 
f 1250//1250 1365//1365 1252//1252 
f 1364//1364 1252//1252 1365//1365 
f 1263//1263 1370//1370 1373//1373 
f 1263//1263 1368//1368 1370//1370 
f 1263//1263 1257//1257 1368//1368 
f 1257//1257 1253//1253 1368//1368 
f 1255//1255 1258//1258 1264//1264 
f 1255//1255 1264//1264 1374//1374 
f 1254//1254 1255//1255 1374//1374 
f 1254//1254 1374//1374 1371//1371 
f 1254//1254 1371//1371 1256//1256 
f 1369//1369 1256//1256 1371//1371 
f 1263//1263 1373//1373 1375//1375 
f 1265//1265 1375//1375 1377//1377 
f 1259//1259 1375//1375 1265//1265 
f 1259//1259 1263//1263 1375//1375 
f 1259//1259 1257//1257 1263//1263 
f 1259//1259 1266//1266 1260//1260 
f 1265//1265 1266//1266 1259//1259 
f 1260//1260 1267//1267 1261//1261 
f 1266//1266 1267//1267 1260//1260 
f 1261//1261 1268//1268 1262//1262 
f 1267//1267 1268//1268 1261//1261 
f 1262//1262 1268//1268 1378//1378 
f 1258//1258 1262//1262 1378//1378 
f 1258//1258 1378//1378 1376//1376 
f 1258//1258 1376//1376 1264//1264 
f 1374//1374 1264//1264 1376//1376 
f 1265//1265 1377//1377 1379//1379 
f 1266//1266 1265//1265 1379//1379 
f 1380//1380 1266//1266 1379//1379 
f 1267//1267 1266//1266 1380//1380 
f 1381//1381 1267//1267 1380//1380 
f 1268//1268 1267//1267 1381//1381 
f 1382//1382 1268//1268 1381//1381 
f 1378//1378 1268//1268 1382//1382 
f 1269//1269 1383//1383 1388//1388 
f 1274//1274 1269//1269 1388//1388 
f 1270//1270 1384//1384 1269//1269 
f 1269//1269 1384//1384 1383//1383 
f 1271//1271 1385//1385 1270//1270 
f 1270//1270 1385//1385 1384//1384 
f 1272//1272 1386//1386 1271//1271 
f 1271//1271 1386//1386 1385//1385 
f 1273//1273 1387//1387 1272//1272 
f 1272//1272 1387//1387 1386//1386 
f 1387//1387 1273//1273 1275//1275 
f 1389//1389 1387//1387 1275//1275 
f 1276//1276 1281//1281 1278//1278 
f 1394//1394 1281//1281 1276//1276 
f 1394//1394 1276//1276 1390//1390 
f 1390//1390 1276//1276 1277//1277 
f 1388//1388 1277//1277 1274//1274 
f 1390//1390 1277//1277 1388//1388 
f 1275//1275 1279//1279 1389//1389 
f 1389//1389 1279//1279 1395//1395 
f 1281//1281 1396//1396 1399//1399 
f 1281//1281 1399//1399 1278//1278 
f 1278//1278 1399//1399 1282//1282 
f 1394//1394 1396//1396 1281//1281 
f 1279//1279 1397//1397 1395//1395 
f 1280//1280 1397//1397 1279//1279 
f 1283//1283 1284//1284 1398//1398 
f 1283//1283 1398//1398 1280//1280 
f 1280//1280 1398//1398 1397//1397 
f 1398//1398 1284//1284 1400//1400 
f 1282//1282 1399//1399 1285//1285 
f 1399//1399 1404//1404 1285//1285 
f 1284//1284 1286//1286 1287//1287 
f 1283//1283 1286//1286 1284//1284 
f 1405//1405 1400//1400 1284//1284 
f 1287//1287 1405//1405 1284//1284 
f 1285//1285 1404//1404 1288//1288 
f 1404//1404 1411//1411 1288//1288 
f 1293//1293 1412//1412 1406//1406 
f 1287//1287 1406//1406 1407//1407 
f 1287//1287 1289//1289 1406//1406 
f 1287//1287 1286//1286 1289//1289 
f 1289//1289 1293//1293 1406//1406 
f 1405//1405 1287//1287 1407//1407 
f 1288//1288 1411//1411 1413//1413 
f 1290//1290 1288//1288 1413//1413 
f 1294//1294 1414//1414 1300//1300 
f 1294//1294 1290//1290 1414//1414 
f 1290//1290 1413//1413 1414//1414 
f 1414//1414 1418//1418 1300//1300 
f 1291//1291 1419//1419 1415//1415 
f 1295//1295 1419//1419 1291//1291 
f 1412//1412 1293//1293 1292//1292 
f 1412//1412 1292//1292 1415//1415 
f 1415//1415 1292//1292 1291//1291 
f 1289//1289 1292//1292 1293//1293 
f 1294//1294 1300//1300 1296//1296 
f 1300//1300 1418//1418 1420//1420 
f 1300//1300 1420//1420 1296//1296 
f 1296//1296 1420//1420 1297//1297 
f 1298//1298 1297//1297 1421//1421 
f 1297//1297 1420//1420 1421//1421 
f 1301//1301 1422//1422 1304//1304 
f 1301//1301 1298//1298 1422//1422 
f 1298//1298 1421//1421 1422//1422 
f 1304//1304 1299//1299 1302//1302 
f 1304//1304 1422//1422 1299//1299 
f 1422//1422 1423//1423 1299//1299 
f 1419//1419 1295//1295 1299//1299 
f 1423//1423 1419//1419 1299//1299 
f 1301//1301 1304//1304 1303//1303 
f 1302//1302 1303//1303 1304//1304 
f 1305//1305 1314//1314 1308//1308 
f 1305//1305 1306//1306 1315//1315 
f 1314//1314 1305//1305 1315//1315 
f 1306//1306 1307//1307 1316//1316 
f 1315//1315 1306//1306 1316//1316 
f 1307//1307 1309//1309 1316//1316 
f 1310//1310 1425//1425 1430//1430 
f 1317//1317 1310//1310 1430//1430 
f 1314//1314 1310//1310 1308//1308 
f 1314//1314 1426//1426 1310//1310 
f 1426//1426 1425//1425 1310//1310 
f 1315//1315 1426//1426 1314//1314 
f 1427//1427 1426//1426 1315//1315 
f 1316//1316 1427//1427 1315//1315 
f 1428//1428 1427//1427 1316//1316 
f 1309//1309 1428//1428 1316//1316 
f 1309//1309 1311//1311 1428//1428 
f 1311//1311 1429//1429 1428//1428 
f 1321//1321 1431//1431 1429//1429 
f 1321//1321 1429//1429 1312//1312 
f 1312//1312 1429//1429 1311//1311 
f 1312//1312 1313//1313 1322//1322 
f 1321//1321 1312//1312 1322//1322 
f 1313//1313 1318//1318 1322//1322 
f 1319//1319 1325//1325 1323//1323 
f 1319//1319 1435//1435 1325//1325 
f 1319//1319 1317//1317 1435//1435 
f 1317//1317 1430//1430 1435//1435 
f 1326//1326 1431//1431 1321//1321 
f 1436//1436 1431//1431 1326//1326 
f 1320//1320 1324//1324 1326//1326 
f 1320//1320 1326//1326 1322//1322 
f 1322//1322 1326//1326 1321//1321 
f 1318//1318 1320//1320 1322//1322 
f 1325//1325 1329//1329 1327//1327 
f 1323//1323 1325//1325 1327//1327 
f 1439//1439 1325//1325 1435//1435 
f 1329//1329 1325//1325 1439//1439 
f 1330//1330 1436//1436 1326//1326 
f 1440//1440 1436//1436 1330//1330 
f 1324//1324 1328//1328 1330//1330 
f 1326//1326 1324//1324 1330//1330 
f 1329//1329 1335//1335 1331//1331 
f 1327//1327 1329//1329 1331//1331 
f 1443//1443 1329//1329 1439//1439 
f 1335//1335 1329//1329 1443//1443 
f 1336//1336 1440//1440 1330//1330 
f 1444//1444 1440//1440 1336//1336 
f 1328//1328 1332//1332 1336//1336 
f 1330//1330 1328//1328 1336//1336 
f 1331//1331 1335//1335 1333//1333 
f 1337//1337 1445//1445 1344//1344 
f 1333//1333 1445//1445 1337//1337 
f 1333//1333 1443//1443 1445//1445 
f 1333//1333 1335//1335 1443//1443 
f 1445//1445 1450//1450 1344//1344 
f 1345//1345 1451//1451 1446//1446 
f 1444//1444 1345//1345 1446//1446 
f 1336//1336 1345//1345 1444//1444 
f 1336//1336 1338//1338 1345//1345 
f 1336//1336 1334//1334 1338//1338 
f 1332//1332 1334//1334 1336//1336 
f 1337//1337 1344//1344 1339//1339 
f 1344//1344 1450//1450 1452//1452 
f 1344//1344 1452//1452 1339//1339 
f 1339//1339 1452//1452 1340//1340 
f 1341//1341 1340//1340 1453//1453 
f 1340//1340 1452//1452 1453//1453 
f 1342//1342 1341//1341 1454//1454 
f 1341//1341 1453//1453 1454//1454 
f 1451//1451 1345//1345 1343//1343 
f 1451//1451 1343//1343 1454//1454 
f 1454//1454 1343//1343 1342//1342 
f 1338//1338 1343//1343 1345//1345 
f 1348//1348 1458//1458 1460//1460 
f 1348//1348 1349//1349 1459//1459 
f 1458//1458 1348//1348 1459//1459 
f 1459//1459 1349//1349 1461//1461 
f 1355//1355 1462//1462 1464//1464 
f 1460//1460 1462//1462 1355//1355 
f 1348//1348 1460//1460 1355//1355 
f 1348//1348 1355//1355 1350//1350 
f 1348//1348 1350//1350 1346//1346 
f 1347//1347 1348//1348 1346//1346 
f 1349//1349 1348//1348 1347//1347 
f 1351//1351 1356//1356 1463//1463 
f 1347//1347 1351//1351 1463//1463 
f 1347//1347 1463//1463 1461//1461 
f 1347//1347 1461//1461 1349//1349 
f 1463//1463 1356//1356 1465//1465 
f 1361//1361 1466//1466 1471//1471 
f 1464//1464 1466//1466 1361//1361 
f 1355//1355 1464//1464 1361//1361 
f 1355//1355 1361//1361 1357//1357 
f 1355//1355 1357//1357 1352//1352 
f 1350//1350 1355//1355 1352//1352 
f 1351//1351 1353//1353 1356//1356 
f 1356//1356 1467//1467 1465//1465 
f 1356//1356 1353//1353 1467//1467 
f 1353//1353 1354//1354 1467//1467 
f 1358//1358 1362//1362 1468//1468 
f 1358//1358 1468//1468 1354//1354 
f 1354//1354 1468//1468 1467//1467 
f 1468//1468 1362//1362 1472//1472 
f 1366//1366 1473//1473 1475//1475 
f 1471//1471 1473//1473 1366//1366 
f 1361//1361 1471//1471 1366//1366 
f 1361//1361 1366//1366 1363//1363 
f 1361//1361 1363//1363 1359//1359 
f 1357//1357 1361//1361 1359//1359 
f 1367//1367 1358//1358 1360//1360 
f 1367//1367 1476//1476 1358//1358 
f 1362//1362 1358//1358 1474//1474 
f 1474//1474 1358//1358 1476//1476 
f 1362//1362 1474//1474 1472//1472 
f 1360//1360 1364//1364 1367//1367 
f 1372//1372 1366//1366 1475//1475 
f 1478//1478 1372//1372 1475//1475 
f 1363//1363 1372//1372 1368//1368 
f 1366//1366 1372//1372 1363//1363 
f 1365//1365 1476//1476 1367//1367 
f 1365//1365 1369//1369 1476//1476 
f 1369//1369 1479//1479 1476//1476 
f 1364//1364 1365//1365 1367//1367 
f 1370//1370 1372//1372 1478//1478 
f 1370//1370 1478//1478 1373//1373 
f 1373//1373 1478//1478 1481//1481 
f 1368//1368 1372//1372 1370//1370 
f 1371//1371 1482//1482 1480//1480 
f 1374//1374 1482//1482 1371//1371 
f 1479//1479 1369//1369 1371//1371 
f 1480//1480 1479//1479 1371//1371 
f 1373//1373 1481//1481 1483//1483 
f 1375//1375 1373//1373 1483//1483 
f 1483//1483 1377//1377 1375//1375 
f 1485//1485 1377//1377 1483//1483 
f 1376//1376 1486//1486 1484//1484 
f 1378//1378 1486//1486 1376//1376 
f 1482//1482 1374//1374 1376//1376 
f 1484//1484 1482//1482 1376//1376 
f 1377//1377 1485//1485 1487//1487 
f 1379//1379 1377//1377 1487//1487 
f 1380//1380 1379//1379 1488//1488 
f 1379//1379 1487//1487 1488//1488 
f 1381//1381 1380//1380 1489//1489 
f 1380//1380 1488//1488 1489//1489 
f 1382//1382 1381//1381 1490//1490 
f 1381//1381 1489//1489 1490//1490 
f 1486//1486 1378//1378 1382//1382 
f 1490//1490 1486//1486 1382//1382 
f 1383//1383 1391//1391 1388//1388 
f 1494//1494 1391//1391 1383//1383 
f 1494//1494 1383//1383 1492//1492 
f 1492//1492 1383//1383 1384//1384 
f 1385//1385 1493//1493 1384//1384 
f 1384//1384 1493//1493 1492//1492 
f 1392//1392 1495//1495 1493//1493 
f 1392//1392 1493//1493 1386//1386 
f 1386//1386 1493//1493 1385//1385 
f 1386//1386 1387//1387 1393//1393 
f 1392//1392 1386//1386 1393//1393 
f 1387//1387 1389//1389 1393//1393 
f 1390//1390 1496//1496 1502//1502 
f 1394//1394 1390//1390 1502//1502 
f 1391//1391 1390//1390 1388//1388 
f 1391//1391 1497//1497 1390//1390 
f 1497//1497 1496//1496 1390//1390 
f 1494//1494 1497//1497 1391//1391 
f 1392//1392 1498//1498 1495//1495 
f 1393//1393 1498//1498 1392//1392 
f 1499//1499 1498//1498 1393//1393 
f 1499//1499 1393//1393 1389//1389 
f 1499//1499 1389//1389 1503//1503 
f 1503//1503 1389//1389 1395//1395 
f 1396//1396 1401//1401 1399//1399 
f 1396//1396 1507//1507 1401//1401 
f 1396//1396 1394//1394 1507//1507 
f 1394//1394 1502//1502 1507//1507 
f 1402//1402 1395//1395 1397//1397 
f 1402//1402 1508//1508 1395//1395 
f 1508//1508 1503//1503 1395//1395 
f 1397//1397 1398//1398 1403//1403 
f 1402//1402 1397//1397 1403//1403 
f 1398//1398 1400//1400 1403//1403 
f 1401//1401 1408//1408 1404//1404 
f 1399//1399 1401//1401 1404//1404 
f 1510//1510 1401//1401 1507//1507 
f 1408//1408 1401//1401 1510//1510 
f 1409//1409 1508//1508 1402//1402 
f 1511//1511 1508//1508 1409//1409 
f 1403//1403 1410//1410 1402//1402 
f 1410//1410 1409//1409 1402//1402 
f 1400//1400 1405//1405 1410//1410 
f 1403//1403 1400//1400 1410//1410 
f 1408//1408 1416//1416 1411//1411 
f 1404//1404 1408//1408 1411//1411 
f 1512//1512 1408//1408 1510//1510 
f 1512//1512 1417//1417 1408//1408 
f 1417//1417 1416//1416 1408//1408 
f 1512//1512 1513//1513 1417//1417 
f 1406//1406 1511//1511 1409//1409 
f 1406//1406 1412//1412 1511//1511 
f 1412//1412 1514//1514 1511//1511 
f 1407//1407 1406//1406 1409//1409 
f 1410//1410 1407//1407 1409//1409 
f 1405//1405 1407//1407 1410//1410 
f 1411//1411 1416//1416 1413//1413 
f 1414//1414 1413//1413 1416//1416 
f 1417//1417 1414//1414 1416//1416 
f 1418//1418 1515//1515 1424//1424 
f 1414//1414 1515//1515 1418//1418 
f 1414//1414 1513//1513 1515//1515 
f 1414//1414 1417//1417 1513//1513 
f 1515//1515 1518//1518 1424//1424 
f 1415//1415 1519//1519 1516//1516 
f 1419//1419 1519//1519 1415//1415 
f 1514//1514 1412//1412 1415//1415 
f 1516//1516 1514//1514 1415//1415 
f 1418//1418 1424//1424 1420//1420 
f 1424//1424 1518//1518 1520//1520 
f 1424//1424 1520//1520 1420//1420 
f 1420//1420 1520//1520 1421//1421 
f 1422//1422 1421//1421 1521//1521 
f 1421//1421 1520//1520 1521//1521 
f 1423//1423 1422//1422 1522//1522 
f 1422//1422 1521//1521 1522//1522 
f 1519//1519 1419//1419 1423//1423 
f 1522//1522 1519//1519 1423//1423 
f 1425//1425 1432//1432 1430//1430 
f 1425//1425 1426//1426 1433//1433 
f 1432//1432 1425//1425 1433//1433 
f 1528//1528 1433//1433 1426//1426 
f 1528//1528 1426//1426 1526//1526 
f 1526//1526 1426//1426 1427//1427 
f 1428//1428 1527//1527 1427//1427 
f 1427//1427 1527//1527 1526//1526 
f 1434//1434 1529//1529 1527//1527 
f 1434//1434 1527//1527 1429//1429 
f 1429//1429 1527//1527 1428//1428 
f 1429//1429 1431//1431 1434//1434 
f 1432//1432 1437//1437 1435//1435 
f 1430//1430 1432//1432 1435//1435 
f 1533//1533 1433//1433 1530//1530 
f 1533//1533 1437//1437 1433//1433 
f 1437//1437 1432//1432 1433//1433 
f 1528//1528 1530//1530 1433//1433 
f 1438//1438 1529//1529 1434//1434 
f 1534//1534 1529//1529 1438//1438 
f 1431//1431 1436//1436 1438//1438 
f 1434//1434 1431//1431 1438//1438 
f 1437//1437 1441//1441 1439//1439 
f 1435//1435 1437//1437 1439//1439 
f 1538//1538 1437//1437 1533//1533 
f 1441//1441 1437//1437 1538//1538 
f 1442//1442 1534//1534 1438//1438 
f 1539//1539 1534//1534 1442//1442 
f 1436//1436 1440//1440 1442//1442 
f 1438//1438 1436//1436 1442//1442 
f 1441//1441 1447//1447 1443//1443 
f 1439//1439 1441//1441 1443//1443 
f 1540//1540 1441//1441 1538//1538 
f 1540//1540 1448//1448 1441//1441 
f 1448//1448 1447//1447 1441//1441 
f 1540//1540 1544//1544 1448//1448 
f 1449//1449 1539//1539 1442//1442 
f 1545//1545 1539//1539 1449//1449 
f 1440//1440 1444//1444 1449//1449 
f 1442//1442 1440//1440 1449//1449 
f 1443//1443 1447//1447 1445//1445 
f 1450//1450 1445//1445 1447//1447 
f 1450//1450 1447//1447 1455//1455 
f 1455//1455 1447//1447 1448//1448 
f 1546//1546 1448//1448 1544//1544 
f 1546//1546 1456//1456 1448//1448 
f 1456//1456 1455//1455 1448//1448 
f 1456//1456 1547//1547 1457//1457 
f 1546//1546 1547//1547 1456//1456 
f 1545//1545 1457//1457 1547//1547 
f 1449//1449 1457//1457 1545//1545 
f 1449//1449 1451//1451 1457//1457 
f 1449//1449 1446//1446 1451//1451 
f 1444//1444 1446//1446 1449//1449 
f 1450//1450 1455//1455 1452//1452 
f 1453//1453 1452//1452 1455//1455 
f 1456//1456 1453//1453 1455//1455 
f 1454//1454 1453//1453 1456//1456 
f 1457//1457 1454//1454 1456//1456 
f 1451//1451 1454//1454 1457//1457 
f 1458//1458 1550//1550 1552//1552 
f 1460//1460 1458//1458 1552//1552 
f 1459//1459 1551//1551 1458//1458 
f 1458//1458 1551//1551 1550//1550 
f 1551//1551 1459//1459 1461//1461 
f 1553//1553 1551//1551 1461//1461 
f 1469//1469 1554//1554 1558//1558 
f 1469//1469 1464//1464 1462//1462 
f 1469//1469 1462//1462 1554//1554 
f 1554//1554 1462//1462 1555//1555 
f 1552//1552 1462//1462 1460//1460 
f 1555//1555 1462//1462 1552//1552 
f 1461//1461 1556//1556 1553//1553 
f 1463//1463 1556//1556 1461//1461 
f 1465//1465 1470//1470 1557//1557 
f 1465//1465 1557//1557 1463//1463 
f 1463//1463 1557//1557 1556//1556 
f 1557//1557 1470//1470 1559//1559 
f 1466//1466 1469//1469 1558//1558 
f 1466//1466 1558//1558 1471//1471 
f 1471//1471 1558//1558 1561//1561 
f 1464//1464 1469//1469 1466//1466 
f 1465//1465 1467//1467 1470//1470 
f 1470//1470 1560//1560 1559//1559 
f 1470//1470 1467//1467 1560//1560 
f 1467//1467 1468//1468 1560//1560 
f 1560//1560 1468//1468 1472//1472 
f 1562//1562 1560//1560 1472//1472 
f 1473//1473 1563//1563 1564//1564 
f 1475//1475 1473//1473 1564//1564 
f 1561//1561 1473//1473 1471//1471 
f 1563//1563 1473//1473 1561//1561 
f 1474//1474 1476//1476 1477//1477 
f 1474//1474 1477//1477 1565//1565 
f 1474//1474 1565//1565 1472//1472 
f 1472//1472 1565//1565 1562//1562 
f 1475//1475 1564//1564 1478//1478 
f 1564//1564 1567//1567 1478//1478 
f 1477//1477 1568//1568 1566//1566 
f 1477//1477 1476//1476 1568//1568 
f 1476//1476 1479//1479 1568//1568 
f 1565//1565 1477//1477 1566//1566 
f 1478//1478 1567//1567 1481//1481 
f 1567//1567 1570//1570 1481//1481 
f 1480//1480 1571//1571 1569//1569 
f 1482//1482 1571//1571 1480//1480 
f 1568//1568 1479//1479 1480//1480 
f 1569//1569 1568//1568 1480//1480 
f 1481//1481 1570//1570 1572//1572 
f 1483//1483 1481//1481 1572//1572 
f 1572//1572 1485//1485 1483//1483 
f 1573//1573 1485//1485 1572//1572 
f 1484//1484 1486//1486 1491//1491 
f 1484//1484 1491//1491 1574//1574 
f 1484//1484 1574//1574 1482//1482 
f 1482//1482 1574//1574 1571//1571 
f 1485//1485 1573//1573 1575//1575 
f 1487//1487 1485//1485 1575//1575 
f 1488//1488 1487//1487 1576//1576 
f 1487//1487 1575//1575 1576//1576 
f 1489//1489 1488//1488 1577//1577 
f 1488//1488 1576//1576 1577//1577 
f 1490//1490 1489//1489 1578//1578 
f 1489//1489 1577//1577 1578//1578 
f 1491//1491 1486//1486 1490//1490 
f 1491//1491 1490//1490 1579//1579 
f 1579//1579 1490//1490 1578//1578 
f 1574//1574 1491//1491 1579//1579 
f 1492//1492 1500//1500 1494//1494 
f 1492//1492 1493//1493 1501//1501 
f 1500//1500 1492//1492 1501//1501 
f 1493//1493 1495//1495 1501//1501 
f 1496//1496 1504//1504 1502//1502 
f 1496//1496 1497//1497 1505//1505 
f 1504//1504 1496//1496 1505//1505 
f 1497//1497 1585//1585 1505//1505 
f 1494//1494 1585//1585 1497//1497 
f 1494//1494 1582//1582 1585//1585 
f 1494//1494 1500//1500 1582//1582 
f 1501//1501 1582//1582 1500//1500 
f 1583//1583 1582//1582 1501//1501 
f 1495//1495 1583//1583 1501//1501 
f 1495//1495 1498//1498 1583//1583 
f 1498//1498 1584//1584 1583//1583 
f 1506//1506 1586//1586 1584//1584 
f 1506//1506 1584//1584 1499//1499 
f 1499//1499 1584//1584 1498//1498 
f 1499//1499 1503//1503 1506//1506 
f 1504//1504 1509//1509 1507//1507 
f 1502//1502 1504//1504 1507//1507 
f 1592//1592 1505//1505 1587//1587 
f 1592//1592 1509//1509 1505//1505 
f 1509//1509 1504//1504 1505//1505 
f 1585//1585 1587//1587 1505//1505 
f 1506//1506 1588//1588 1586//1586 
f 1588//1588 1506//1506 1503//1503 
f 1588//1588 1503//1503 1593//1593 
f 1593//1593 1503//1503 1508//1508 
f 1509//1509 1594//1594 1600//1600 
f 1509//1509 1600//1600 1507//1507 
f 1507//1507 1600//1600 1510//1510 
f 1592//1592 1594//1594 1509//1509 
f 1508//1508 1511//1511 1593//1593 
f 1593//1593 1511//1511 1601//1601 
f 1510//1510 1600//1600 1602//1602 
f 1512//1512 1510//1510 1602//1602 
f 1602//1602 1513//1513 1512//1512 
f 1610//1610 1513//1513 1602//1602 
f 1517//1517 1611//1611 1603//1603 
f 1517//1517 1603//1603 1601//1601 
f 1517//1517 1601//1601 1514//1514 
f 1514//1514 1601//1601 1511//1511 
f 1513//1513 1610//1610 1612//1612 
f 1515//1515 1513//1513 1612//1612 
f 1518//1518 1613//1613 1523//1523 
f 1518//1518 1515//1515 1613//1613 
f 1515//1515 1612//1612 1613//1613 
f 1523//1523 1614//1614 1524//1524 
f 1613//1613 1614//1614 1523//1523 
f 1524//1524 1615//1615 1525//1525 
f 1614//1614 1615//1615 1524//1524 
f 1611//1611 1525//1525 1615//1615 
f 1517//1517 1525//1525 1611//1611 
f 1517//1517 1519//1519 1525//1525 
f 1517//1517 1516//1516 1519//1519 
f 1514//1514 1516//1516 1517//1517 
f 1518//1518 1523//1523 1520//1520 
f 1521//1521 1520//1520 1523//1523 
f 1524//1524 1521//1521 1523//1523 
f 1522//1522 1521//1521 1524//1524 
f 1525//1525 1522//1522 1524//1524 
f 1519//1519 1522//1522 1525//1525 
f 1526//1526 1531//1531 1528//1528 
f 1526//1526 1527//1527 1532//1532 
f 1531//1531 1526//1526 1532//1532 
f 1527//1527 1529//1529 1532//1532 
f 1530//1530 1535//1535 1533//1533 
f 1530//1530 1528//1528 1531//1531 
f 1530//1530 1531//1531 1535//1535 
f 1535//1535 1531//1531 1536//1536 
f 1532//1532 1537//1537 1531//1531 
f 1537//1537 1536//1536 1531//1531 
f 1529//1529 1534//1534 1537//1537 
f 1532//1532 1529//1529 1537//1537 
f 1535//1535 1541//1541 1538//1538 
f 1533//1533 1535//1535 1538//1538 
f 1536//1536 1542//1542 1535//1535 
f 1542//1542 1541//1541 1535//1535 
f 1537//1537 1543//1543 1536//1536 
f 1543//1543 1542//1542 1536//1536 
f 1534//1534 1539//1539 1543//1543 
f 1537//1537 1534//1534 1543//1543 
f 1538//1538 1541//1541 1540//1540 
f 1544//1544 1540//1540 1541//1541 
f 1544//1544 1541//1541 1548//1548 
f 1548//1548 1541//1541 1542//1542 
f 1543//1543 1549//1549 1542//1542 
f 1549//1549 1548//1548 1542//1542 
f 1539//1539 1545//1545 1549//1549 
f 1543//1543 1539//1539 1549//1549 
f 1544//1544 1548//1548 1546//1546 
f 1547//1547 1546//1546 1548//1548 
f 1549//1549 1547//1547 1548//1548 
f 1545//1545 1547//1547 1549//1549 
f 1550//1550 1620//1620 1622//1622 
f 1552//1552 1550//1550 1622//1622 
f 1551//1551 1621//1621 1550//1550 
f 1550//1550 1621//1621 1620//1620 
f 1621//1621 1551//1551 1553//1553 
f 1623//1623 1621//1621 1553//1553 
f 1554//1554 1624//1624 1628//1628 
f 1558//1558 1554//1554 1628//1628 
f 1555//1555 1625//1625 1554//1554 
f 1554//1554 1625//1625 1624//1624 
f 1622//1622 1555//1555 1552//1552 
f 1625//1625 1555//1555 1622//1622 
f 1553//1553 1626//1626 1623//1623 
f 1556//1556 1626//1626 1553//1553 
f 1557//1557 1627//1627 1556//1556 
f 1556//1556 1627//1627 1626//1626 
f 1627//1627 1557//1557 1559//1559 
f 1629//1629 1627//1627 1559//1559 
f 1558//1558 1628//1628 1561//1561 
f 1628//1628 1632//1632 1561//1561 
f 1559//1559 1630//1630 1629//1629 
f 1560//1560 1630//1630 1559//1559 
f 1630//1630 1560//1560 1562//1562 
f 1633//1633 1630//1630 1562//1562 
f 1563//1563 1634//1634 1636//1636 
f 1564//1564 1563//1563 1636//1636 
f 1632//1632 1563//1563 1561//1561 
f 1634//1634 1563//1563 1632//1632 
f 1562//1562 1565//1565 1633//1633 
f 1633//1633 1565//1565 1637//1637 
f 1564//1564 1636//1636 1567//1567 
f 1636//1636 1641//1641 1567//1567 
f 1566//1566 1642//1642 1638//1638 
f 1568//1568 1642//1642 1566//1566 
f 1637//1637 1565//1565 1566//1566 
f 1638//1638 1637//1637 1566//1566 
f 1567//1567 1641//1641 1570//1570 
f 1641//1641 1645//1645 1570//1570 
f 1569//1569 1646//1646 1643//1643 
f 1571//1571 1646//1646 1569//1569 
f 1642//1642 1568//1568 1569//1569 
f 1643//1643 1642//1642 1569//1569 
f 1570//1570 1645//1645 1647//1647 
f 1572//1572 1570//1570 1647//1647 
f 1573//1573 1648//1648 1580//1580 
f 1573//1573 1572//1572 1648//1648 
f 1572//1572 1647//1647 1648//1648 
f 1648//1648 1651//1651 1580//1580 
f 1581//1581 1652//1652 1649//1649 
f 1581//1581 1649//1649 1646//1646 
f 1581//1581 1646//1646 1574//1574 
f 1574//1574 1646//1646 1571//1571 
f 1573//1573 1580//1580 1575//1575 
f 1580//1580 1651//1651 1653//1653 
f 1580//1580 1653//1653 1575//1575 
f 1575//1575 1653//1653 1576//1576 
f 1577//1577 1576//1576 1654//1654 
f 1576//1576 1653//1653 1654//1654 
f 1578//1578 1577//1577 1655//1655 
f 1577//1577 1654//1654 1655//1655 
f 1652//1652 1581//1581 1579//1579 
f 1652//1652 1579//1579 1655//1655 
f 1655//1655 1579//1579 1578//1578 
f 1574//1574 1579//1579 1581//1581 
f 1582//1582 1589//1589 1585//1585 
f 1582//1582 1583//1583 1590//1590 
f 1589//1589 1582//1582 1590//1590 
f 1583//1583 1584//1584 1591//1591 
f 1590//1590 1583//1583 1591//1591 
f 1584//1584 1586//1586 1591//1591 
f 1587//1587 1595//1595 1592//1592 
f 1587//1587 1585//1585 1589//1589 
f 1587//1587 1589//1589 1595//1595 
f 1595//1595 1589//1589 1596//1596 
f 1590//1590 1597//1597 1589//1589 
f 1597//1597 1596//1596 1589//1589 
f 1591//1591 1598//1598 1590//1590 
f 1598//1598 1597//1597 1590//1590 
f 1586//1586 1588//1588 1599//1599 
f 1586//1586 1599//1599 1591//1591 
f 1591//1591 1599//1599 1598//1598 
f 1588//1588 1593//1593 1599//1599 
f 1594//1594 1604//1604 1600//1600 
f 1594//1594 1592//1592 1595//1595 
f 1594//1594 1595//1595 1604//1604 
f 1604//1604 1595//1595 1605//1605 
f 1596//1596 1606//1606 1595//1595 
f 1606//1606 1605//1605 1595//1595 
f 1597//1597 1607//1607 1596//1596 
f 1607//1607 1606//1606 1596//1596 
f 1598//1598 1608//1608 1597//1597 
f 1608//1608 1607//1607 1597//1597 
f 1599//1599 1609//1609 1598//1598 
f 1609//1609 1608//1608 1598//1598 
f 1593//1593 1601//1601 1609//1609 
f 1599//1599 1593//1593 1609//1609 
f 1600//1600 1604//1604 1602//1602 
f 1610//1610 1602//1602 1604//1604 
f 1610//1610 1604//1604 1616//1616 
f 1616//1616 1604//1604 1605//1605 
f 1606//1606 1617//1617 1605//1605 
f 1617//1617 1616//1616 1605//1605 
f 1607//1607 1618//1618 1606//1606 
f 1618//1618 1617//1617 1606//1606 
f 1608//1608 1619//1619 1607//1607 
f 1619//1619 1618//1618 1607//1607 
f 1603//1603 1611//1611 1619//1619 
f 1603//1603 1619//1619 1609//1609 
f 1609//1609 1619//1619 1608//1608 
f 1601//1601 1603//1603 1609//1609 
f 1610//1610 1616//1616 1612//1612 
f 1613//1613 1612//1612 1616//1616 
f 1617//1617 1613//1613 1616//1616 
f 1614//1614 1613//1613 1617//1617 
f 1618//1618 1614//1614 1617//1617 
f 1615//1615 1614//1614 1618//1618 
f 1619//1619 1615//1615 1618//1618 
f 1611//1611 1615//1615 1619//1619 
f 1620//1620 1657//1657 1659//1659 
f 1622//1622 1620//1620 1659//1659 
f 1621//1621 1658//1658 1620//1620 
f 1620//1620 1658//1658 1657//1657 
f 1658//1658 1621//1621 1623//1623 
f 1660//1660 1658//1658 1623//1623 
f 1624//1624 1631//1631 1628//1628 
f 1666//1666 1631//1631 1624//1624 
f 1666//1666 1624//1624 1661//1661 
f 1661//1661 1624//1624 1625//1625 
f 1659//1659 1625//1625 1622//1622 
f 1661//1661 1625//1625 1659//1659 
f 1623//1623 1662//1662 1660//1660 
f 1626//1626 1662//1662 1623//1623 
f 1627//1627 1663//1663 1626//1626 
f 1626//1626 1663//1663 1662//1662 
f 1663//1663 1627//1627 1629//1629 
f 1667//1667 1663//1663 1629//1629 
f 1631//1631 1668//1668 1670//1670 
f 1631//1631 1670//1670 1628//1628 
f 1628//1628 1670//1670 1632//1632 
f 1666//1666 1668//1668 1631//1631 
f 1635//1635 1629//1629 1630//1630 
f 1635//1635 1671//1671 1629//1629 
f 1671//1671 1667//1667 1629//1629 
f 1630//1630 1633//1633 1635//1635 
f 1634//1634 1639//1639 1636//1636 
f 1634//1634 1674//1674 1639//1639 
f 1634//1634 1632//1632 1674//1674 
f 1632//1632 1670//1670 1674//1674 
f 1640//1640 1671//1671 1635//1635 
f 1675//1675 1671//1671 1640//1640 
f 1633//1633 1637//1637 1640//1640 
f 1635//1635 1633//1633 1640//1640 
f 1639//1639 1644//1644 1641//1641 
f 1636//1636 1639//1639 1641//1641 
f 1676//1676 1639//1639 1674//1674 
f 1644//1644 1639//1639 1676//1676 
f 1638//1638 1675//1675 1640//1640 
f 1638//1638 1642//1642 1675//1675 
f 1642//1642 1677//1677 1675//1675 
f 1637//1637 1638//1638 1640//1640 
f 1644//1644 1650//1650 1645//1645 
f 1641//1641 1644//1644 1645//1645 
f 1681//1681 1644//1644 1676//1676 
f 1650//1650 1644//1644 1681//1681 
f 1643//1643 1682//1682 1678//1678 
f 1646//1646 1682//1682 1643//1643 
f 1677//1677 1642//1642 1643//1643 
f 1678//1678 1677//1677 1643//1643 
f 1645//1645 1650//1650 1647//1647 
f 1650//1650 1681//1681 1683//1683 
f 1650//1650 1683//1683 1647//1647 
f 1647//1647 1683//1683 1648//1648 
f 1651//1651 1684//1684 1656//1656 
f 1651//1651 1648//1648 1684//1684 
f 1648//1648 1683//1683 1684//1684 
f 1684//1684 1689//1689 1656//1656 
f 1649//1649 1690//1690 1685//1685 
f 1652//1652 1690//1690 1649//1649 
f 1682//1682 1646//1646 1649//1649 
f 1685//1685 1682//1682 1649//1649 
f 1651//1651 1656//1656 1653//1653 
f 1656//1656 1689//1689 1691//1691 
f 1656//1656 1691//1691 1653//1653 
f 1653//1653 1691//1691 1654//1654 
f 1655//1655 1654//1654 1692//1692 
f 1654//1654 1691//1691 1692//1692 
f 1690//1690 1652//1652 1655//1655 
f 1692//1692 1690//1690 1655//1655 
f 1657//1657 1664//1664 1659//1659 
f 1657//1657 1658//1658 1665//1665 
f 1664//1664 1657//1657 1665//1665 
f 1658//1658 1660//1660 1665//1665 
f 1661//1661 1712//1712 1716//1716 
f 1666//1666 1661//1661 1716//1716 
f 1664//1664 1661//1661 1659//1659 
f 1664//1664 1713//1713 1661//1661 
f 1713//1713 1712//1712 1661//1661 
f 1665//1665 1713//1713 1664//1664 
f 1714//1714 1713//1713 1665//1665 
f 1660//1660 1714//1714 1665//1665 
f 1660//1660 1662//1662 1714//1714 
f 1662//1662 1715//1715 1714//1714 
f 1669//1669 1717//1717 1715//1715 
f 1669//1669 1715//1715 1663//1663 
f 1663//1663 1715//1715 1662//1662 
f 1663//1663 1667//1667 1669//1669 
f 1668//1668 1672//1672 1670//1670 
f 1668//1668 1722//1722 1672//1672 
f 1668//1668 1666//1666 1722//1722 
f 1666//1666 1716//1716 1722//1722 
f 1673//1673 1717//1717 1669//1669 
f 1723//1723 1717//1717 1673//1673 
f 1667//1667 1671//1671 1673//1673 
f 1669//1669 1667//1667 1673//1673 
f 1672//1672 1724//1724 1728//1728 
f 1672//1672 1728//1728 1670//1670 
f 1670//1670 1728//1728 1674//1674 
f 1722//1722 1724//1724 1672//1672 
f 1673//1673 1725//1725 1723//1723 
f 1725//1725 1673//1673 1671//1671 
f 1725//1725 1671//1671 1729//1729 
f 1729//1729 1671//1671 1675//1675 
f 1730//1730 1679//1679 1676//1676 
f 1730//1730 1676//1676 1728//1728 
f 1728//1728 1676//1676 1674//1674 
f 1730//1730 1735//1735 1679//1679 
f 1680//1680 1736//1736 1731//1731 
f 1680//1680 1731//1731 1729//1729 
f 1680//1680 1729//1729 1677//1677 
f 1677//1677 1729//1729 1675//1675 
f 1679//1679 1686//1686 1681//1681 
f 1676//1676 1679//1679 1681//1681 
f 1737//1737 1679//1679 1735//1735 
f 1737//1737 1687//1687 1679//1679 
f 1687//1687 1686//1686 1679//1679 
f 1737//1737 1742//1742 1687//1687 
f 1688//1688 1743//1743 1738//1738 
f 1736//1736 1688//1688 1738//1738 
f 1680//1680 1688//1688 1736//1736 
f 1680//1680 1682//1682 1688//1688 
f 1680//1680 1678//1678 1682//1682 
f 1677//1677 1678//1678 1680//1680 
f 1681//1681 1686//1686 1683//1683 
f 1684//1684 1683//1683 1686//1686 
f 1687//1687 1684//1684 1686//1686 
f 1689//1689 1744//1744 1693//1693 
f 1684//1684 1744//1744 1689//1689 
f 1684//1684 1742//1742 1744//1744 
f 1684//1684 1687//1687 1742//1742 
f 1693//1693 1745//1745 1694//1694 
f 1744//1744 1745//1745 1693//1693 
f 1743//1743 1694//1694 1745//1745 
f 1688//1688 1694//1694 1743//1743 
f 1688//1688 1690//1690 1694//1694 
f 1688//1688 1685//1685 1690//1690 
f 1682//1682 1685//1685 1688//1688 
f 1689//1689 1693//1693 1691//1691 
f 1692//1692 1691//1691 1693//1693 
f 1694//1694 1692//1692 1693//1693 
f 1690//1690 1692//1692 1694//1694 
f 1695//1695 1748//1748 1752//1752 
f 1695//1695 1696//1696 1749//1749 
f 1748//1748 1695//1695 1749//1749 
f 1696//1696 1697//1697 1750//1750 
f 1749//1749 1696//1696 1750//1750 
f 1697//1697 1698//1698 1751//1751 
f 1750//1750 1697//1697 1751//1751 
f 1751//1751 1698//1698 1753//1753 
f 1699//1699 1695//1695 1752//1752 
f 1756//1756 1699//1699 1752//1752 
f 1696//1696 1695//1695 1700//1700 
f 1700//1700 1695//1695 1699//1699 
f 1697//1697 1696//1696 1701//1701 
f 1701//1701 1696//1696 1700//1700 
f 1698//1698 1697//1697 1702//1702 
f 1702//1702 1697//1697 1701//1701 
f 1754//1754 1753//1753 1698//1698 
f 1754//1754 1698//1698 1703//1703 
f 1703//1703 1698//1698 1702//1702 
f 1754//1754 1703//1703 1757//1757 
f 1704//1704 1699//1699 1756//1756 
f 1761//1761 1704//1704 1756//1756 
f 1700//1700 1699//1699 1705//1705 
f 1705//1705 1699//1699 1704//1704 
f 1701//1701 1700//1700 1706//1706 
f 1706//1706 1700//1700 1705//1705 
f 1702//1702 1701//1701 1707//1707 
f 1707//1707 1701//1701 1706//1706 
f 1703//1703 1702//1702 1708//1708 
f 1708//1708 1702//1702 1707//1707 
f 1762//1762 1757//1757 1703//1703 
f 1708//1708 1762//1762 1703//1703 
f 1704//1704 1761//1761 1763//1763 
f 1763//1763 1769//1769 1709//1709 
f 1763//1763 1709//1709 1704//1704 
f 1704//1704 1709//1709 1705//1705 
f 1706//1706 1705//1705 1710//1710 
f 1710//1710 1705//1705 1709//1709 
f 1707//1707 1706//1706 1711//1711 
f 1711//1711 1706//1706 1710//1710 
f 1770//1770 1764//1764 1708//1708 
f 1770//1770 1708//1708 1711//1711 
f 1711//1711 1708//1708 1707//1707 
f 1762//1762 1708//1708 1764//1764 
f 1709//1709 1769//1769 1771//1771 
f 1710//1710 1709//1709 1771//1771 
f 1772//1772 1710//1710 1771//1771 
f 1711//1711 1710//1710 1772//1772 
f 1773//1773 1711//1711 1772//1772 
f 1770//1770 1711//1711 1773//1773 
f 1712//1712 1718//1718 1716//1716 
f 1712//1712 1713//1713 1719//1719 
f 1718//1718 1712//1712 1719//1719 
f 1713//1713 1714//1714 1720//1720 
f 1719//1719 1713//1713 1720//1720 
f 1714//1714 1715//1715 1721//1721 
f 1720//1720 1714//1714 1721//1721 
f 1715//1715 1717//1717 1721//1721 
f 1718//1718 1726//1726 1722//1722 
f 1716//1716 1718//1718 1722//1722 
f 1789//1789 1719//1719 1787//1787 
f 1789//1789 1726//1726 1719//1719 
f 1726//1726 1718//1718 1719//1719 
f 1720//1720 1787//1787 1719//1719 
f 1788//1788 1787//1787 1720//1720 
f 1788//1788 1727//1727 1790//1790 
f 1788//1788 1720//1720 1727//1727 
f 1720//1720 1721//1721 1727//1727 
f 1717//1717 1723//1723 1727//1727 
f 1721//1721 1717//1717 1727//1727 
f 1724//1724 1732//1732 1728//1728 
f 1724//1724 1722//1722 1726//1726 
f 1724//1724 1726//1726 1732//1732 
f 1732//1732 1726//1726 1733//1733 
f 1794//1794 1726//1726 1789//1789 
f 1733//1733 1726//1726 1794//1794 
f 1727//1727 1791//1791 1790//1790 
f 1734//1734 1795//1795 1791//1791 
f 1725//1725 1734//1734 1791//1791 
f 1725//1725 1791//1791 1727//1727 
f 1725//1725 1727//1727 1723//1723 
f 1725//1725 1729//1729 1734//1734 
f 1728//1728 1732//1732 1730//1730 
f 1735//1735 1730//1730 1732//1732 
f 1735//1735 1732//1732 1739//1739 
f 1739//1739 1732//1732 1733//1733 
f 1796//1796 1733//1733 1794//1794 
f 1796//1796 1740//1740 1733//1733 
f 1740//1740 1739//1739 1733//1733 
f 1796//1796 1801//1801 1740//1740 
f 1741//1741 1802//1802 1797//1797 
f 1795//1795 1741//1741 1797//1797 
f 1734//1734 1741//1741 1795//1795 
f 1734//1734 1736//1736 1741//1741 
f 1734//1734 1731//1731 1736//1736 
f 1729//1729 1731//1731 1734//1734 
f 1735//1735 1739//1739 1737//1737 
f 1742//1742 1737//1737 1739//1739 
f 1742//1742 1739//1739 1746//1746 
f 1746//1746 1739//1739 1740//1740 
f 1803//1803 1740//1740 1801//1801 
f 1803//1803 1747//1747 1740//1740 
f 1747//1747 1746//1746 1740//1740 
f 1802//1802 1747//1747 1803//1803 
f 1741//1741 1747//1747 1802//1802 
f 1741//1741 1743//1743 1747//1747 
f 1741//1741 1738//1738 1743//1743 
f 1736//1736 1738//1738 1741//1741 
f 1742//1742 1746//1746 1744//1744 
f 1745//1745 1744//1744 1746//1746 
f 1747//1747 1745//1745 1746//1746 
f 1743//1743 1745//1745 1747//1747 
f 1748//1748 1805//1805 1813//1813 
f 1752//1752 1748//1748 1813//1813 
f 1749//1749 1806//1806 1748//1748 
f 1748//1748 1806//1806 1805//1805 
f 1750//1750 1807//1807 1749//1749 
f 1749//1749 1807//1807 1806//1806 
f 1751//1751 1808//1808 1750//1750 
f 1750//1750 1808//1808 1807//1807 
f 1753//1753 1755//1755 1809//1809 
f 1753//1753 1809//1809 1751//1751 
f 1751//1751 1809//1809 1808//1808 
f 1809//1809 1755//1755 1814//1814 
f 1758//1758 1815//1815 1819//1819 
f 1758//1758 1813//1813 1815//1815 
f 1758//1758 1756//1756 1813//1813 
f 1756//1756 1752//1752 1813//1813 
f 1753//1753 1754//1754 1755//1755 
f 1757//1757 1759//1759 1816//1816 
f 1754//1754 1757//1757 1816//1816 
f 1754//1754 1816//1816 1814//1814 
f 1754//1754 1814//1814 1755//1755 
f 1759//1759 1760//1760 1817//1817 
f 1816//1816 1759//1759 1817//1817 
f 1817//1817 1760//1760 1820//1820 
f 1765//1765 1821//1821 1823//1823 
f 1819//1819 1821//1821 1765//1765 
f 1819//1819 1765//1765 1758//1758 
f 1758//1758 1765//1765 1766//1766 
f 1756//1756 1766//1766 1761//1761 
f 1758//1758 1766//1766 1756//1756 
f 1759//1759 1762//1762 1767//1767 
f 1757//1757 1762//1762 1759//1759 
f 1760//1760 1759//1759 1768//1768 
f 1768//1768 1759//1759 1767//1767 
f 1824//1824 1820//1820 1760//1760 
f 1768//1768 1824//1824 1760//1760 
f 1765//1765 1823//1823 1825//1825 
f 1825//1825 1827//1827 1774//1774 
f 1825//1825 1774//1774 1765//1765 
f 1765//1765 1774//1774 1766//1766 
f 1761//1761 1775//1775 1763//1763 
f 1761//1761 1766//1766 1775//1775 
f 1766//1766 1774//1774 1775//1775 
f 1763//1763 1775//1775 1769//1769 
f 1764//1764 1770//1770 1776//1776 
f 1764//1764 1767//1767 1762//1762 
f 1764//1764 1776//1776 1767//1767 
f 1776//1776 1777//1777 1767//1767 
f 1828//1828 1826//1826 1768//1768 
f 1828//1828 1768//1768 1777//1777 
f 1777//1777 1768//1768 1767//1767 
f 1824//1824 1768//1768 1826//1826 
f 1778//1778 1774//1774 1827//1827 
f 1831//1831 1778//1778 1827//1827 
f 1775//1775 1774//1774 1779//1779 
f 1779//1779 1774//1774 1778//1778 
f 1769//1769 1780//1780 1771//1771 
f 1769//1769 1775//1775 1780//1780 
f 1775//1775 1779//1779 1780//1780 
f 1771//1771 1781//1781 1772//1772 
f 1780//1780 1781//1781 1771//1771 
f 1772//1772 1782//1782 1773//1773 
f 1781//1781 1782//1782 1772//1772 
f 1773//1773 1776//1776 1770//1770 
f 1773//1773 1782//1782 1776//1776 
f 1782//1782 1783//1783 1776//1776 
f 1832//1832 1829//1829 1777//1777 
f 1832//1832 1777//1777 1783//1783 
f 1783//1783 1777//1777 1776//1776 
f 1828//1828 1777//1777 1829//1829 
f 1778//1778 1831//1831 1833//1833 
f 1779//1779 1778//1778 1833//1833 
f 1834//1834 1779//1779 1833//1833 
f 1834//1834 1836//1836 1784//1784 
f 1834//1834 1784//1784 1779//1779 
f 1779//1779 1784//1784 1780//1780 
f 1781//1781 1780//1780 1785//1785 
f 1785//1785 1780//1780 1784//1784 
f 1782//1782 1781//1781 1786//1786 
f 1786//1786 1781//1781 1785//1785 
f 1837//1837 1835//1835 1783//1783 
f 1837//1837 1783//1783 1786//1786 
f 1786//1786 1783//1783 1782//1782 
f 1832//1832 1783//1783 1835//1835 
f 1784//1784 1836//1836 1838//1838 
f 1785//1785 1784//1784 1838//1838 
f 1839//1839 1785//1785 1838//1838 
f 1786//1786 1785//1785 1839//1839 
f 1840//1840 1786//1786 1839//1839 
f 1837//1837 1786//1786 1840//1840 
f 1787//1787 1792//1792 1789//1789 
f 1787//1787 1788//1788 1793//1793 
f 1792//1792 1787//1787 1793//1793 
f 1788//1788 1790//1790 1793//1793 
f 1792//1792 1798//1798 1794//1794 
f 1789//1789 1792//1792 1794//1794 
f 1793//1793 1799//1799 1792//1792 
f 1799//1799 1798//1798 1792//1792 
f 1790//1790 1791//1791 1800//1800 
f 1790//1790 1800//1800 1793//1793 
f 1793//1793 1800//1800 1799//1799 
f 1791//1791 1795//1795 1800//1800 
f 1794//1794 1798//1798 1796//1796 
f 1801//1801 1796//1796 1798//1798 
f 1801//1801 1798//1798 1804//1804 
f 1804//1804 1798//1798 1799//1799 
f 1797//1797 1802//1802 1804//1804 
f 1797//1797 1804//1804 1800//1800 
f 1800//1800 1804//1804 1799//1799 
f 1795//1795 1797//1797 1800//1800 
f 1801//1801 1804//1804 1803//1803 
f 1802//1802 1803//1803 1804//1804 
f 1810//1810 1841//1841 1844//1844 
f 1810//1810 1811//1811 1842//1842 
f 1841//1841 1810//1810 1842//1842 
f 1811//1811 1812//1812 1843//1843 
f 1842//1842 1811//1811 1843//1843 
f 1843//1843 1812//1812 1845//1845 
f 1818//1818 1846//1846 1849//1849 
f 1818//1818 1813//1813 1805//1805 
f 1818//1818 1805//1805 1846//1846 
f 1846//1846 1805//1805 1847//1847 
f 1844//1844 1806//1806 1810//1810 
f 1844//1844 1847//1847 1806//1806 
f 1847//1847 1805//1805 1806//1806 
f 1807//1807 1810//1810 1806//1806 
f 1811//1811 1810//1810 1807//1807 
f 1808//1808 1811//1811 1807//1807 
f 1812//1812 1811//1811 1808//1808 
f 1812//1812 1848//1848 1845//1845 
f 1812//1812 1808//1808 1848//1848 
f 1808//1808 1809//1809 1848//1848 
f 1848//1848 1809//1809 1814//1814 
f 1850//1850 1848//1848 1814//1814 
f 1822//1822 1851//1851 1855//1855 
f 1849//1849 1851//1851 1822//1822 
f 1818//1818 1849//1849 1822//1822 
f 1818//1818 1822//1822 1819//1819 
f 1818//1818 1819//1819 1815//1815 
f 1813//1813 1818//1818 1815//1815 
f 1814//1814 1852//1852 1850//1850 
f 1816//1816 1852//1852 1814//1814 
f 1817//1817 1853//1853 1816//1816 
f 1816//1816 1853//1853 1852//1852 
f 1853//1853 1817//1817 1820//1820 
f 1856//1856 1853//1853 1820//1820 
f 1821//1821 1822//1822 1855//1855 
f 1821//1821 1855//1855 1823//1823 
f 1823//1823 1855//1855 1858//1858 
f 1819//1819 1822//1822 1821//1821 
f 1820//1820 1824//1824 1856//1856 
f 1856//1856 1824//1824 1859//1859 
f 1830//1830 1825//1825 1823//1823 
f 1830//1830 1823//1823 1862//1862 
f 1862//1862 1823//1823 1858//1858 
f 1825//1825 1830//1830 1827//1827 
f 1826//1826 1863//1863 1860//1860 
f 1828//1828 1863//1863 1826//1826 
f 1859//1859 1824//1824 1826//1826 
f 1860//1860 1859//1859 1826//1826 
f 1830//1830 1862//1862 1864//1864 
f 1864//1864 1827//1827 1830//1830 
f 1864//1864 1868//1868 1827//1827 
f 1868//1868 1831//1831 1827//1827 
f 1829//1829 1869//1869 1865//1865 
f 1832//1832 1869//1869 1829//1829 
f 1863//1863 1828//1828 1829//1829 
f 1865//1865 1863//1863 1829//1829 
f 1831//1831 1868//1868 1870//1870 
f 1833//1833 1831//1831 1870//1870 
f 1834//1834 1833//1833 1871//1871 
f 1833//1833 1870//1870 1871//1871 
f 1871//1871 1836//1836 1834//1834 
f 1875//1875 1836//1836 1871//1871 
f 1835//1835 1876//1876 1872//1872 
f 1837//1837 1876//1876 1835//1835 
f 1869//1869 1832//1832 1835//1835 
f 1872//1872 1869//1869 1835//1835 
f 1836//1836 1875//1875 1877//1877 
f 1838//1838 1836//1836 1877//1877 
f 1839//1839 1838//1838 1878//1878 
f 1838//1838 1877//1877 1878//1878 
f 1840//1840 1839//1839 1879//1879 
f 1839//1839 1878//1878 1879//1879 
f 1876//1876 1837//1837 1840//1840 
f 1879//1879 1876//1876 1840//1840 
f 1841//1841 1882//1882 1885//1885 
f 1844//1844 1841//1841 1885//1885 
f 1842//1842 1883//1883 1841//1841 
f 1841//1841 1883//1883 1882//1882 
f 1843//1843 1884//1884 1842//1842 
f 1842//1842 1884//1884 1883//1883 
f 1884//1884 1843//1843 1845//1845 
f 1886//1886 1884//1884 1845//1845 
f 1846//1846 1854//1854 1849//1849 
f 1889//1889 1854//1854 1846//1846 
f 1889//1889 1846//1846 1887//1887 
f 1887//1887 1846//1846 1847//1847 
f 1885//1885 1847//1847 1844//1844 
f 1887//1887 1847//1847 1885//1885 
f 1845//1845 1888//1888 1886//1886 
f 1848//1848 1888//1888 1845//1845 
f 1888//1888 1848//1848 1850//1850 
f 1890//1890 1888//1888 1850//1850 
f 1851//1851 1857//1857 1855//1855 
f 1851//1851 1894//1894 1857//1857 
f 1849//1849 1894//1894 1851//1851 
f 1849//1849 1891//1891 1894//1894 
f 1849//1849 1854//1854 1891//1891 
f 1889//1889 1891//1891 1854//1854 
f 1850//1850 1892//1892 1890//1890 
f 1852//1852 1892//1892 1850//1850 
f 1853//1853 1893//1893 1852//1852 
f 1852//1852 1893//1893 1892//1892 
f 1893//1893 1853//1853 1856//1856 
f 1895//1895 1893//1893 1856//1856 
f 1857//1857 1861//1861 1858//1858 
f 1855//1855 1857//1857 1858//1858 
f 1898//1898 1857//1857 1894//1894 
f 1861//1861 1857//1857 1898//1898 
f 1856//1856 1859//1859 1895//1895 
f 1895//1895 1859//1859 1899//1899 
f 1861//1861 1866//1866 1862//1862 
f 1858//1858 1861//1861 1862//1862 
f 1904//1904 1861//1861 1898//1898 
f 1866//1866 1861//1861 1904//1904 
f 1867//1867 1905//1905 1900//1900 
f 1867//1867 1860//1860 1863//1863 
f 1867//1867 1900//1900 1860//1860 
f 1900//1900 1901//1901 1860//1860 
f 1899//1899 1859//1859 1860//1860 
f 1901//1901 1899//1899 1860//1860 
f 1862//1862 1866//1866 1864//1864 
f 1868//1868 1906//1906 1873//1873 
f 1864//1864 1906//1906 1868//1868 
f 1864//1864 1904//1904 1906//1906 
f 1864//1864 1866//1866 1904//1904 
f 1906//1906 1908//1908 1873//1873 
f 1874//1874 1909//1909 1907//1907 
f 1905//1905 1874//1874 1907//1907 
f 1867//1867 1874//1874 1905//1905 
f 1867//1867 1869//1869 1874//1874 
f 1867//1867 1865//1865 1869//1869 
f 1863//1863 1865//1865 1867//1867 
f 1868//1868 1873//1873 1870//1870 
f 1873//1873 1908//1908 1910//1910 
f 1873//1873 1910//1910 1870//1870 
f 1870//1870 1910//1910 1871//1871 
f 1875//1875 1911//1911 1880//1880 
f 1875//1875 1871//1871 1911//1911 
f 1871//1871 1910//1910 1911//1911 
f 1911//1911 1913//1913 1880//1880 
f 1881//1881 1914//1914 1912//1912 
f 1909//1909 1881//1881 1912//1912 
f 1874//1874 1881//1881 1909//1909 
f 1874//1874 1876//1876 1881//1881 
f 1874//1874 1872//1872 1876//1876 
f 1869//1869 1872//1872 1874//1874 
f 1875//1875 1880//1880 1877//1877 
f 1880//1880 1913//1913 1915//1915 
f 1880//1880 1915//1915 1877//1877 
f 1877//1877 1915//1915 1878//1878 
f 1914//1914 1881//1881 1879//1879 
f 1914//1914 1879//1879 1915//1915 
f 1915//1915 1879//1879 1878//1878 
f 1876//1876 1879//1879 1881//1881 
f 1882//1882 1917//1917 1920//1920 
f 1885//1885 1882//1882 1920//1920 
f 1883//1883 1918//1918 1882//1882 
f 1882//1882 1918//1918 1917//1917 
f 1884//1884 1919//1919 1883//1883 
f 1883//1883 1919//1919 1918//1918 
f 1919//1919 1884//1884 1886//1886 
f 1921//1921 1919//1919 1886//1886 
f 1887//1887 1922//1922 1927//1927 
f 1889//1889 1887//1887 1927//1927 
f 1920//1920 1887//1887 1885//1885 
f 1922//1922 1887//1887 1920//1920 
f 1886//1886 1923//1923 1921//1921 
f 1888//1888 1923//1923 1886//1886 
f 1923//1923 1888//1888 1890//1890 
f 1928//1928 1923//1923 1890//1890 
f 1891//1891 1929//1929 1932//1932 
f 1894//1894 1891//1891 1932//1932 
f 1927//1927 1891//1891 1889//1889 
f 1929//1929 1891//1891 1927//1927 
f 1896//1896 1890//1890 1892//1892 
f 1896//1896 1933//1933 1890//1890 
f 1933//1933 1928//1928 1890//1890 
f 1892//1892 1893//1893 1897//1897 
f 1896//1896 1892//1892 1897//1897 
f 1893//1893 1895//1895 1897//1897 
f 1894//1894 1932//1932 1898//1898 
f 1932//1932 1936//1936 1898//1898 
f 1902//1902 1933//1933 1896//1896 
f 1937//1937 1933//1933 1902//1902 
f 1897//1897 1903//1903 1896//1896 
f 1903//1903 1902//1902 1896//1896 
f 1895//1895 1899//1899 1903//1903 
f 1897//1897 1895//1895 1903//1903 
f 1898//1898 1936//1936 1904//1904 
f 1936//1936 1940//1940 1904//1904 
f 1900//1900 1937//1937 1902//1902 
f 1900//1900 1905//1905 1937//1937 
f 1905//1905 1941//1941 1937//1937 
f 1901//1901 1900//1900 1902//1902 
f 1903//1903 1901//1901 1902//1902 
f 1899//1899 1901//1901 1903//1903 
f 1904//1904 1940//1940 1942//1942 
f 1906//1906 1904//1904 1942//1942 
f 1942//1942 1908//1908 1906//1906 
f 1946//1946 1908//1908 1942//1942 
f 1907//1907 1947//1947 1943//1943 
f 1909//1909 1947//1947 1907//1907 
f 1941//1941 1905//1905 1907//1907 
f 1943//1943 1941//1941 1907//1907 
f 1908//1908 1946//1946 1948//1948 
f 1910//1910 1908//1908 1948//1948 
f 1911//1911 1910//1910 1949//1949 
f 1910//1910 1948//1948 1949//1949 
f 1913//1913 1950//1950 1916//1916 
f 1913//1913 1911//1911 1950//1950 
f 1911//1911 1949//1949 1950//1950 
f 1916//1916 1912//1912 1914//1914 
f 1916//1916 1950//1950 1912//1912 
f 1950//1950 1951//1951 1912//1912 
f 1947//1947 1909//1909 1912//1912 
f 1951//1951 1947//1947 1912//1912 
f 1913//1913 1916//1916 1915//1915 
f 1914//1914 1915//1915 1916//1916 
f 1917//1917 1924//1924 1920//1920 
f 1917//1917 1918//1918 1925//1925 
f 1924//1924 1917//1917 1925//1925 
f 1918//1918 1919//1919 1926//1926 
f 1925//1925 1918//1918 1926//1926 
f 1919//1919 1921//1921 1926//1926 
f 1922//1922 1930//1930 1927//1927 
f 1922//1922 1959//1959 1930//1930 
f 1920//1920 1959//1959 1922//1922 
f 1920//1920 1956//1956 1959//1959 
f 1920//1920 1924//1924 1956//1956 
f 1925//1925 1956//1956 1924//1924 
f 1957//1957 1956//1956 1925//1925 
f 1926//1926 1957//1957 1925//1925 
f 1958//1958 1957//1957 1926//1926 
f 1931//1931 1960//1960 1958//1958 
f 1923//1923 1931//1931 1958//1958 
f 1923//1923 1958//1958 1926//1926 
f 1923//1923 1926//1926 1921//1921 
f 1923//1923 1928//1928 1931//1931 
f 1929//1929 1934//1934 1932//1932 
f 1929//1929 1965//1965 1934//1934 
f 1927//1927 1965//1965 1929//1929 
f 1927//1927 1961//1961 1965//1965 
f 1927//1927 1930//1930 1961//1961 
f 1959//1959 1961//1961 1930//1930 
f 1935//1935 1960//1960 1931//1931 
f 1966//1966 1960//1960 1935//1935 
f 1928//1928 1933//1933 1935//1935 
f 1931//1931 1928//1928 1935//1935 
f 1934//1934 1938//1938 1936//1936 
f 1932//1932 1934//1934 1936//1936 
f 1971//1971 1934//1934 1965//1965 
f 1938//1938 1934//1934 1971//1971 
f 1939//1939 1966//1966 1935//1935 
f 1972//1972 1966//1966 1939//1939 
f 1933//1933 1937//1937 1939//1939 
f 1935//1935 1933//1933 1939//1939 
f 1938//1938 1944//1944 1940//1940 
f 1936//1936 1938//1938 1940//1940 
f 1977//1977 1938//1938 1971//1971 
f 1944//1944 1938//1938 1977//1977 
f 1945//1945 1972//1972 1939//1939 
f 1978//1978 1972//1972 1945//1945 
f 1937//1937 1941//1941 1945//1945 
f 1939//1939 1937//1937 1945//1945 
f 1940//1940 1944//1944 1942//1942 
f 1946//1946 1979//1979 1952//1952 
f 1942//1942 1979//1979 1946//1946 
f 1942//1942 1977//1977 1979//1979 
f 1942//1942 1944//1944 1977//1977 
f 1952//1952 1980//1980 1953//1953 
f 1979//1979 1980//1980 1952//1952 
f 1953//1953 1981//1981 1954//1954 
f 1980//1980 1981//1981 1953//1953 
f 1954//1954 1982//1982 1955//1955 
f 1981//1981 1982//1982 1954//1954 
f 1978//1978 1955//1955 1982//1982 
f 1945//1945 1955//1955 1978//1978 
f 1945//1945 1947//1947 1955//1955 
f 1945//1945 1943//1943 1947//1947 
f 1941//1941 1943//1943 1945//1945 
f 1946//1946 1952//1952 1948//1948 
f 1949//1949 1948//1948 1952//1952 
f 1953//1953 1949//1949 1952//1952 
f 1950//1950 1949//1949 1953//1953 
f 1954//1954 1950//1950 1953//1953 
f 1951//1951 1950//1950 1954//1954 
f 1955//1955 1951//1951 1954//1954 
f 1947//1947 1951//1951 1955//1955 
f 1956//1956 1962//1962 1959//1959 
f 1956//1956 1957//1957 1963//1963 
f 1962//1962 1956//1956 1963//1963 
f 1957//1957 1958//1958 1964//1964 
f 1963//1963 1957//1957 1964//1964 
f 1958//1958 1960//1960 1964//1964 
f 1961//1961 1967//1967 1965//1965 
f 1961//1961 1959//1959 1962//1962 
f 1961//1961 1962//1962 1967//1967 
f 1967//1967 1962//1962 1968//1968 
f 1963//1963 1969//1969 1962//1962 
f 1969//1969 1968//1968 1962//1962 
f 1964//1964 1970//1970 1963//1963 
f 1970//1970 1969//1969 1963//1963 
f 1960//1960 1966//1966 1970//1970 
f 1964//1964 1960//1960 1970//1970 
f 1967//1967 1973//1973 1971//1971 
f 1965//1965 1967//1967 1971//1971 
f 1968//1968 1974//1974 1967//1967 
f 1974//1974 1973//1973 1967//1967 
f 1969//1969 1975//1975 1968//1968 
f 1975//1975 1974//1974 1968//1968 
f 1970//1970 1976//1976 1969//1969 
f 1976//1976 1975//1975 1969//1969 
f 1966//1966 1972//1972 1976//1976 
f 1970//1970 1966//1966 1976//1976 
f 1973//1973 1983//1983 1977//1977 
f 1971//1971 1973//1973 1977//1977 
f 1974//1974 1984//1984 1973//1973 
f 1984//1984 1983//1983 1973//1973 
f 1975//1975 1985//1985 1974//1974 
f 1985//1985 1984//1984 1974//1974 
f 1976//1976 1986//1986 1975//1975 
f 1986//1986 1985//1985 1975//1975 
f 1972//1972 1978//1978 1986//1986 
f 1976//1976 1972//1972 1986//1986 
f 1977//1977 1983//1983 1979//1979 
f 1980//1980 1979//1979 1983//1983 
f 1984//1984 1980//1980 1983//1983 
f 1981//1981 1980//1980 1984//1984 
f 1985//1985 1981//1981 1984//1984 
f 1982//1982 1981//1981 1985//1985 
f 1986//1986 1982//1982 1985//1985 
f 1978//1978 1982//1982 1986//1986 
