#  3D Slicer output. SPACE=LPS

mtllib Markers.mtl

v 52.83571243286133 59.729164123535156 113.74319458007812
v 52.245304107666016 60.357425689697266 113.77742767333984
v 53.02027130126953 60.45669174194336 113.7430419921875
v 53.69728088378906 60.09186553955078 113.85166931152344
v 52.03263473510742 60.98161315917969 113.98404693603516
v 52.774967193603516 61.114749908447266 113.89990997314453
v 53.5852165222168 60.9171257019043 113.91770935058594
v 54.32543182373047 60.68119812011719 114.14495086669922
v 53.445518493652344 61.568668365478516 114.13695526123047
v 54.15424346923828 61.38084030151367 114.27936553955078
v 52.32124328613281 59.04347610473633 113.97418975830078
v 52.10309600830078 59.71980667114258 113.77498626708984
v 53.090335845947266 59.06175994873047 113.92221069335938
v 51.77626037597656 60.0049934387207 113.83383178710938
v 53.488624572753906 59.436580657958984 113.83829498291016
v 51.542415618896484 59.519386291503906 114.03924560546875
v 53.79188537597656 58.88389205932617 114.15647888183594
v 54.3921012878418 58.74126434326172 114.4973373413086
v 51.417842864990234 60.43296432495117 114.12750244140625
v 53.99622344970703 59.490909576416016 113.9778823852539
v 54.52396011352539 59.87287902832031 114.2382583618164
v 50.84889602661133 59.77028274536133 114.45069885253906
v 54.35429382324219 59.214935302734375 114.23541259765625
v 51.6171760559082 61.29030990600586 114.3486099243164
v 54.91228103637695 60.48943328857422 114.49885559082031
v 52.29337692260742 61.56050491333008 114.20075225830078
v 52.885616302490234 61.717769622802734 114.17072296142578
v 55.37975311279297 60.6812629699707 115.07223510742188
v 53.262813568115234 62.003265380859375 114.45279693603516
v 54.82853698730469 61.130069732666016 114.6008071899414
v 53.914756774902344 61.94378662109375 114.62100982666016
v 54.58419418334961 61.7041130065918 114.76715087890625
v 51.92973327636719 61.89554214477539 114.70500183105469
v 52.668785095214844 62.057830810546875 114.57617950439453
v 55.24324035644531 61.52409744262695 115.30968475341797
v 52.357948303222656 62.37236022949219 115.2086181640625
v 53.33832931518555 62.37919998168945 115.15150451660156
v 54.492530822753906 62.184932708740234 115.40149688720703
v 55.253639221191406 62.021209716796875 115.79376983642578
v 51.668296813964844 58.76819610595703 114.26817321777344
v 52.17892074584961 58.35686492919922 114.3839340209961
v 53.04139709472656 58.35519790649414 114.35952758789062
v 54.03578186035156 58.094600677490234 114.8365249633789
v 51.48500061035156 58.09991455078125 114.90415954589844
v 52.518699645996094 57.74910354614258 114.8632583618164
v 53.353031158447266 57.62883377075195 114.95867156982422
v 53.82283401489258 57.541927337646484 115.16948699951172
v 51.044559478759766 58.991004943847656 114.50769805908203
v 54.69420623779297 58.512264251708984 114.91014099121094
v 50.49306106567383 59.2943115234375 114.83452606201172
v 50.60516357421875 58.62748718261719 115.08045196533203
v 55.160888671875 58.6992073059082 115.34485626220703
v 50.277706146240234 59.966739654541016 115.092529296875
v 54.87202453613281 59.16789245605469 114.69303894042969
v 50.73923873901367 60.40203094482422 114.60372924804688
v 55.19606399536133 59.92692565917969 114.82292938232422
v 55.38577651977539 59.341487884521484 115.2491455078125
v 50.998313903808594 61.0085334777832 114.67041015625
v 55.696815490722656 59.95599365234375 115.57365417480469
v 50.51250457763672 60.707088470458984 115.05078125
v 51.31614685058594 61.59355545043945 114.85917663574219
v 55.94320297241211 60.847007751464844 116.01102447509766
v 51.531620025634766 62.102638244628906 115.43636322021484
v 50.77584457397461 61.365657806396484 115.44734954833984
v 56.324790954589844 60.890785217285156 116.7116928100586
v 52.04379653930664 62.56572341918945 115.79788970947266
v 55.68121337890625 61.63791275024414 115.96015167236328
v 52.75811004638672 62.73371124267578 115.92178344726562
v 53.81814193725586 62.77365493774414 116.30883026123047
v 54.917396545410156 62.35651779174805 116.27696990966797
v 55.53947830200195 61.9860725402832 116.28203582763672
v 51.59755325317383 62.43022537231445 116.1430892944336
v 53.475807189941406 63.14712905883789 116.94062042236328
v 14.525070190429688 76.30155181884766 116.05402374267578
v 15.244712829589844 76.21603393554688 116.17359161376953
v 15.90030288696289 76.20545196533203 116.42265319824219
v 14.294440269470215 76.7490234375 116.1502456665039
v 14.858942985534668 76.80921173095703 116.23171997070312
v 15.61481761932373 76.77589416503906 116.45455932617188
v 51.309181213378906 57.43422317504883 115.76486206054688
v 52.129146575927734 57.25684356689453 115.54103088378906
v 52.98495864868164 57.167545318603516 115.48820495605469
v 53.60225296020508 57.270050048828125 115.42692565917969
v 50.775115966796875 58.001182556152344 115.47667694091797
v 54.15924835205078 57.46213150024414 115.6753921508789
v 50.1838264465332 58.39105224609375 115.79084014892578
v 54.74302673339844 58.072303771972656 115.46214294433594
v 50.06281661987305 59.14921569824219 115.43477630615234
v 55.226497650146484 58.30196762084961 115.96064758300781
v 49.69680404663086 59.7296257019043 115.98848724365234
v 55.645259857177734 59.03940963745117 116.06010437011719
v 49.32221221923828 59.36013412475586 116.42008972167969
v 50.1448860168457 60.58493423461914 115.75189208984375
v 56.149322509765625 59.881866455078125 116.50113677978516
v 56.372398376464844 60.46470642089844 116.64301300048828
v 56.46866226196289 60.13304138183594 116.97557830810547
v 50.36507797241211 61.18769836425781 116.47161102294922
v 56.51015853881836 60.53073501586914 117.11399841308594
v 51.030757904052734 61.937740325927734 116.2461929321289
v 56.34532928466797 61.00841522216797 117.24694061279297
v 51.48512649536133 62.358787536621094 116.91764068603516
v 55.97895431518555 61.46971130371094 116.63705444335938
v 52.1423454284668 62.73359680175781 116.49586486816406
v 52.91483688354492 63.019840240478516 116.8144760131836
v 54.5751838684082 62.595184326171875 117.15894317626953
v 55.442115783691406 62.0498046875 116.92840576171875
v 53.19016647338867 63.23151397705078 117.22088623046875
v 53.89762496948242 63.02972412109375 117.06612396240234
v 53.553462982177734 63.205726623535156 117.36732482910156
v 52.86427688598633 63.12483215332031 117.40348815917969
v 14.134416580200195 75.86273956298828 116.1323013305664
v 14.78242301940918 75.64257049560547 116.14488983154297
v 15.709837913513184 75.44669342041016 116.39238739013672
v 13.358858108520508 75.09245300292969 116.5951156616211
v 14.086276054382324 75.12918090820312 116.36851501464844
v 15.031464576721191 74.88388061523438 116.3990249633789
v 15.602349281311035 74.7730941772461 116.51007843017578
v 13.95417308807373 76.39472198486328 116.182373046875
v 16.311473846435547 75.89382934570312 116.6541976928711
v 13.50401496887207 75.79283142089844 116.46328735351562
v 16.780424118041992 75.8843994140625 117.11772155761719
v 13.981571197509766 76.81005096435547 116.28524017333984
v 16.410900115966797 76.60226440429688 116.93939971923828
v 14.297307968139648 77.24524688720703 116.56616973876953
v 15.195086479187012 77.34224700927734 116.64886474609375
v 15.893269538879395 77.25859832763672 116.9122085571289
v 13.542257308959961 76.6900405883789 116.67922973632812
v 16.90919303894043 76.32902526855469 117.32524871826172
v 14.215333938598633 77.88533020019531 117.19367218017578
v 14.83335018157959 77.78167724609375 116.99009704589844
v 15.579447746276855 77.8469009399414 117.2955322265625
v 14.85898494720459 78.22996520996094 117.64566040039062
v 51.24879455566406 57.05105972290039 116.6202163696289
v 51.87987518310547 56.89317321777344 116.22457122802734
v 52.700538635253906 56.628334045410156 116.37224578857422
v 53.535438537597656 56.943233489990234 116.09774017333984
v 52.89584732055664 56.23124694824219 116.8764877319336
v 50.6011848449707 57.684234619140625 116.1977767944336
v 54.21847915649414 57.122894287109375 116.71686553955078
v 49.91514205932617 58.14738082885742 116.70963287353516
v 54.83676528930664 57.7249755859375 116.29524993896484
v 49.60370635986328 58.919700622558594 116.21114349365234
v 55.404605865478516 58.263671875 116.7779769897461
v 49.249759674072266 59.050193786621094 116.64356994628906
v 49.413291931152344 58.68019104003906 116.8028335571289
v 49.16884231567383 59.35270690917969 116.837158203125
v 55.957801818847656 59.08104705810547 117.20186614990234
v 49.34975814819336 59.70740509033203 116.59505462646484
v 56.35733413696289 59.736839294433594 117.18456268310547
v 49.72080612182617 60.29054260253906 116.738525390625
v 56.50238037109375 60.104515075683594 117.46633911132812
v 50.16177749633789 60.87126159667969 117.56053161621094
v 56.486270904541016 60.55592727661133 117.66053771972656
v 50.801292419433594 61.695125579833984 117.26115417480469
v 56.27755355834961 60.95478820800781 117.8729248046875
v 51.39784240722656 62.09592819213867 117.92351531982422
v 55.93565368652344 61.48644256591797 117.47686767578125
v 52.26749801635742 62.727840423583984 117.54772186279297
v 54.412235260009766 62.43402862548828 118.14505767822266
v 55.252784729003906 61.961517333984375 117.8145751953125
v 52.86606216430664 62.99235153198242 117.83558654785156
v 53.98393249511719 62.96152114868164 117.60465240478516
v 53.210693359375 63.1916389465332 117.61805725097656
v 53.570838928222656 63.11882019042969 117.7621841430664
v 53.319007873535156 62.93708801269531 118.08727264404297
v 53.80879592895508 62.856143951416016 118.072021484375
v 12.994285583496094 74.82460021972656 116.93778991699219
v 13.542267799377441 74.42192077636719 116.83344268798828
v 14.487624168395996 74.27885437011719 116.70780181884766
v 15.46362018585205 74.14568328857422 116.84297943115234
v 14.00516414642334 73.69120788574219 117.18305969238281
v 14.853984832763672 73.60521697998047 117.1274185180664
v 15.377907752990723 73.56808471679688 117.175048828125
v 12.983124732971191 75.34220886230469 116.84262084960938
v 16.060443878173828 74.71186065673828 116.76470184326172
v 16.462675094604492 75.28495788574219 116.85977935791016
v 16.570871353149414 74.6719741821289 117.2061996459961
v 12.878613471984863 75.96464538574219 117.14110565185547
v 16.94443130493164 75.16261291503906 117.5245361328125
v 12.910825729370117 76.88848876953125 117.64051055908203
v 17.191530227661133 75.97576904296875 117.86842346191406
v 13.64238166809082 77.46028137207031 117.138671875
v 16.934595108032227 76.75164794921875 117.656005859375
v 13.774176597595215 77.90933990478516 117.42574310302734
v 16.438793182373047 77.45858001708984 117.62850189208984
v 14.007453918457031 78.21711730957031 117.84205627441406
v 16.018089294433594 78.06239318847656 117.83534240722656
v 13.379816055297852 77.74639129638672 117.80130767822266
v 16.94232940673828 77.163818359375 118.0180892944336
v 14.512618064880371 78.4918212890625 118.2669448852539
v 15.556032180786133 78.27812194824219 117.85743713378906
v 15.243637084960938 78.48729705810547 118.44252014160156
v 14.013053894042969 78.465576171875 118.48189544677734
v 15.877972602844238 78.31832122802734 118.25968170166016
v 52.787166595458984 56.09648513793945 116.98531341552734
v 52.63976287841797 56.22515106201172 116.86225891113281
v 52.90779113769531 56.169227600097656 117.13618469238281
v 51.27470779418945 56.840492248535156 117.5770263671875
v 52.127532958984375 56.49214553833008 117.05078887939453
v 53.3621940612793 56.52975082397461 117.1081314086914
v 52.6517219543457 56.16313171386719 117.12195587158203
v 50.56864929199219 57.403072357177734 117.13436889648438
v 54.220664978027344 57.021724700927734 117.90008544921875
v 49.54985427856445 58.42346954345703 117.49098205566406
v 50.06689453125 57.79783248901367 117.57697296142578
v 54.89849853515625 57.578636169433594 117.29541778564453
v 49.2086296081543 58.955894470214844 117.10160827636719
v 55.433502197265625 58.243709564208984 117.88854217529297
v 49.28776168823242 58.988670349121094 117.67449951171875
v 54.89653778076172 57.58269119262695 118.15087890625
v 49.15314865112305 59.29384994506836 117.26513671875
v 55.88008499145508 59.097801208496094 118.19986724853516
v 49.293060302734375 59.69996643066406 117.1362075805664
v 56.28095626831055 59.618011474609375 117.76380157470703
v 49.281002044677734 59.4527587890625 117.63280487060547
v 49.62994384765625 59.985626220703125 117.83555603027344
v 56.37972640991211 60.14981460571289 118.02816009521484
v 56.11875915527344 59.73844528198242 118.35810852050781
v 50.14097595214844 60.48215103149414 118.56426239013672
v 56.359493255615234 60.57252883911133 118.12263488769531
v 50.76710510253906 61.26355743408203 118.51716613769531
v 56.20106506347656 60.790592193603516 118.2666015625
v 50.45646667480469 60.70656967163086 119.01153564453125
v 56.02360153198242 60.393524169921875 118.59373474121094
v 51.42744064331055 61.8045654296875 118.74435424804688
v 55.812076568603516 61.18638610839844 118.300537109375
v 51.976112365722656 62.24439239501953 118.52428436279297
v 52.801937103271484 62.5418815612793 118.4705581665039
v 53.731910705566406 62.415523529052734 118.63441467285156
v 54.3490104675293 62.08924102783203 118.76395416259766
v 54.967071533203125 61.63335037231445 118.7437515258789
v 51.821624755859375 61.83516311645508 119.14305114746094
v 55.49778366088867 60.85383605957031 119.02721405029297
v 13.52202033996582 73.2234115600586 117.86634826660156
v 14.457802772521973 73.07901763916016 117.68954467773438
v 15.251984596252441 73.18263244628906 117.58319854736328
v 13.325531005859375 73.8311996459961 117.31444549560547
v 15.789076805114746 73.55789947509766 117.40514373779297
v 12.901196479797363 74.30640411376953 117.32379913330078
v 16.225496292114258 74.11062622070312 117.26912689208984
v 12.938674926757812 73.7364501953125 117.73477935791016
v 16.281705856323242 73.60943603515625 117.81723022460938
v 12.557672500610352 75.04686737060547 117.51273345947266
v 16.792585372924805 74.23374938964844 117.96366882324219
v 12.218371391296387 75.92080688476562 118.17266082763672
v 17.377511978149414 75.00180053710938 118.51713562011719
v 11.763574600219727 75.47393035888672 118.74726104736328
v 17.76100730895996 75.23145294189453 119.26689910888672
v 12.415960311889648 76.70069122314453 118.31768035888672
v 17.56365966796875 75.85853576660156 118.81885528564453
v 17.772802352905273 75.74502563476562 119.48859405517578
v 12.767646789550781 77.38516235351562 118.66350555419922
v 17.226404190063477 76.73751831054688 118.49158477783203
v 13.477639198303223 78.141845703125 118.43260955810547
v 16.833690643310547 77.48189544677734 118.450439453125
v 13.731618881225586 78.4040756225586 118.92815399169922
v 16.34971046447754 77.99945831298828 118.32796478271484
v 14.465254783630371 78.55408477783203 119.07606506347656
v 15.296682357788086 78.53997802734375 119.18107604980469
v 15.954721450805664 78.31002044677734 118.93753051757812
v 13.243368148803711 78.06216430664062 119.07657623291016
v 16.562044143676758 77.87561798095703 118.9700698852539
v 51.29264831542969 56.7740592956543 118.29745483398438
v 51.97437286376953 56.52483367919922 118.14045715332031
v 52.75837707519531 56.32524490356445 117.63301849365234
v 53.42978286743164 56.5542106628418 118.1871566772461
v 50.7111930847168 57.27529525756836 118.2656478881836
v 53.87266540527344 56.8859977722168 118.80758666992188
v 49.994380950927734 57.9989013671875 118.32157135009766
v 51.1597900390625 56.90793228149414 118.65521240234375
v 51.58336639404297 56.72949981689453 118.77493286132812
v 53.38710021972656 56.605648040771484 118.87173461914062
v 49.596168518066406 58.61155700683594 118.30070495605469
v 54.508243560791016 57.514869689941406 118.89173126220703
v 55.098453521728516 57.95784378051758 118.6241455078125
v 49.94694519042969 58.311100006103516 118.90511322021484
v 49.49978256225586 59.2572135925293 118.25376892089844
v 55.39704513549805 58.61277770996094 118.78130340576172
v 54.918495178222656 58.18544387817383 119.1734619140625
v 49.89830017089844 59.66548538208008 118.92977142333984
v 55.635921478271484 59.56346893310547 118.97246551513672
v 50.35677719116211 60.16891860961914 119.3976821899414
v 50.16547393798828 59.67119216918945 119.52405548095703
v 54.99044418334961 58.94028091430664 119.49468231201172
v 50.807640075683594 60.736019134521484 119.43578338623047
v 55.55742645263672 60.28373718261719 119.22203063964844
v 51.43611526489258 61.23377990722656 119.48553466796875
v 55.30302810668945 60.54438400268555 119.43101501464844
v 51.163700103759766 60.69245910644531 119.85118865966797
v 54.97799301147461 60.035118103027344 119.69171142578125
v 52.07606506347656 61.561519622802734 119.58562469482422
v 54.92253875732422 60.93164825439453 119.43730926513672
v 52.405067443847656 61.994625091552734 119.17850494384766
v 53.21883773803711 61.927547454833984 119.27645111083984
v 54.17135238647461 61.609596252441406 119.3125
v 52.706077575683594 61.44699478149414 119.78836059570312
v 53.51652145385742 61.17241668701172 119.90956115722656
v 54.29991912841797 60.717491149902344 119.91338348388672
v 12.801054000854492 73.38894653320312 118.4389877319336
v 13.332245826721191 72.69634246826172 118.7385025024414
v 14.102006912231445 72.56632995605469 118.38510131835938
v 15.017395973205566 72.59403991699219 118.34222412109375
v 15.806159973144531 73.07437133789062 118.09120178222656
v 13.849556922912598 72.1598129272461 119.06620025634766
v 14.52551555633545 72.10630798339844 118.88700103759766
v 15.079740524291992 72.13395690917969 118.99750518798828
v 12.491899490356445 74.17047882080078 118.05066680908203
v 16.441017150878906 73.36152648925781 118.59854125976562
v 12.011641502380371 74.87333679199219 118.58283233642578
v 17.14047622680664 74.0069808959961 119.15191650390625
v 11.62781810760498 75.16472625732422 119.17254638671875
v 17.626367568969727 74.662109375 119.28730773925781
v 11.592909812927246 75.55480194091797 119.08351135253906
v 17.81593132019043 74.85578918457031 119.7092514038086
v 11.78146743774414 75.85504150390625 118.83480834960938
v 12.072699546813965 76.42350769042969 118.94682312011719
v 17.864816665649414 75.31228637695312 119.88367462158203
v 17.714557647705078 75.8858642578125 120.07560729980469
v 12.318624496459961 76.92317199707031 119.5386962890625
v 17.507949829101562 76.37796020507812 119.42998504638672
v 12.868223190307617 77.62361145019531 119.77574157714844
v 16.997644424438477 77.25485229492188 119.38306427001953
v 13.648970603942871 78.27542114257812 119.6483383178711
v 14.328036308288574 78.44788360595703 119.89738464355469
v 15.018027305603027 78.47472381591797 119.78612518310547
v 15.672910690307617 78.36672973632812 119.62008666992188
v 16.313119888305664 77.93199157714844 119.7342758178711
v 16.73564338684082 77.3609619140625 120.21516418457031
v 52.78382110595703 56.507450103759766 118.66133880615234
v 52.146514892578125 56.61542510986328 118.89839935302734
v 53.13584899902344 56.68739318847656 119.22683715820312
v 51.26020812988281 57.16443634033203 119.1727523803711
v 51.884544372558594 56.879974365234375 119.2909927368164
v 53.54383087158203 56.825435638427734 119.25923156738281
v 52.57509231567383 56.853267669677734 119.43317413330078
v 50.58218765258789 57.866943359375 119.27436828613281
v 53.86286544799805 57.29496765136719 119.46803283691406
v 50.13019561767578 58.427494049072266 119.3861312866211
v 51.24154281616211 57.5666389465332 119.69526672363281
v 51.965335845947266 57.42133331298828 119.91421508789062
v 52.80544662475586 57.34283447265625 119.98385620117188
v 53.25815963745117 57.049705505371094 119.64042663574219
v 49.829349517822266 58.85945129394531 119.03909301757812
v 54.27029800415039 58.189544677734375 119.75482940673828
v 50.17943572998047 59.17701721191406 119.63563537597656
v 50.102603912353516 58.7282600402832 119.54743957519531
v 52.70209503173828 57.9807243347168 120.4695053100586
v 53.429019927978516 57.715606689453125 120.05720520019531
v 50.47187805175781 59.65254592895508 119.91087341308594
v 54.350040435791016 59.247440338134766 120.12165832519531
v 50.964210510253906 60.10047149658203 120.07564544677734
v 50.778926849365234 59.59320831298828 120.23971557617188
v 53.44105529785156 58.74905776977539 120.50658416748047
v 51.59309387207031 60.548980712890625 120.16571044921875
v 54.27429962158203 60.0106201171875 120.21360778808594
v 52.155704498291016 60.999755859375 120.04953002929688
v 52.91553497314453 60.69841003417969 120.30409240722656
v 53.68205642700195 60.35660171508789 120.3478012084961
v 52.29417037963867 60.24184036254883 120.52122497558594
v 53.070247650146484 59.75579071044922 120.65523529052734
v 53.80912780761719 59.62931823730469 120.47645568847656
v 13.713109016418457 71.94534301757812 119.72264099121094
v 14.288736343383789 71.83906555175781 119.43467712402344
v 14.783029556274414 71.87162017822266 119.30194854736328
v 13.30666446685791 72.32614135742188 119.43435668945312
v 15.203850746154785 71.98343658447266 119.54142761230469
v 12.718618392944336 72.96263122558594 119.48738098144531
v 15.713053703308105 72.55836486816406 119.04994201660156
v 12.23653507232666 73.89568328857422 119.03092956542969
v 16.465513229370117 73.07303619384766 119.6960220336914
v 11.793280601501465 74.56824493408203 119.61509704589844
v 17.094440460205078 73.69847106933594 120.2523193359375
v 11.58036994934082 75.14337158203125 119.6622543334961
v 17.584274291992188 74.3541030883789 119.88133239746094
v 11.532576560974121 75.4410171508789 119.39469146728516
v 17.790359497070312 74.82475280761719 120.25833129882812
v 11.666213989257812 75.82826232910156 119.31455993652344
v 11.606291770935059 75.5194091796875 119.73661804199219
v 11.902801513671875 76.0905990600586 119.90303802490234
v 17.792530059814453 75.35291290283203 120.49567413330078
v 17.574365615844727 75.83303833007812 120.7491683959961
v 12.376928329467773 76.80011749267578 120.4061508178711
v 17.242109298706055 76.58631896972656 120.3240737915039
v 16.516374588012695 77.02216339111328 120.96928405761719
v 12.903488159179688 77.39372253417969 120.73484802246094
v 16.257888793945312 77.67708587646484 120.48484802246094
v 13.304550170898438 77.93761444091797 120.32525634765625
v 13.911755561828613 78.1795654296875 120.4171371459961
v 14.692658424377441 78.23108673095703 120.46260833740234
v 15.591597557067871 78.09520721435547 120.33831787109375
v 13.491545677185059 77.74241638183594 120.94694519042969
v 14.237641334533691 77.84467315673828 121.06169128417969
v 15.11397933959961 77.76160430908203 121.05814361572266
v 15.861428260803223 77.59230041503906 120.9398422241211
v 51.311031341552734 58.056983947753906 120.14563751220703
v 52.0284538269043 58.01691818237305 120.50607299804688
v 50.543540954589844 58.56991195678711 119.87745666503906
v 52.3409423828125 58.34674835205078 120.79328918457031
v 50.677001953125 59.18815612792969 120.17961883544922
v 52.751869201660156 58.570377349853516 120.82032012939453
v 51.1844482421875 58.78731918334961 120.45048522949219
v 51.82085418701172 58.497196197509766 120.70103454589844
v 51.147117614746094 59.433929443359375 120.46900177001953
v 52.8131217956543 59.066951751708984 120.85606384277344
v 51.671390533447266 59.83186340332031 120.56236267089844
v 52.33441925048828 59.47687530517578 120.81924438476562
v 51.74445724487305 59.130462646484375 120.75747680664062
v 52.318763732910156 58.82975769042969 120.9063949584961
v 13.691774368286133 71.86028289794922 120.2206802368164
v 14.180364608764648 71.753662109375 120.0097885131836
v 14.730953216552734 71.76465606689453 119.76634216308594
v 13.197066307067871 72.28736114501953 120.28302764892578
v 15.101832389831543 71.8695297241211 119.98285675048828
v 12.565108299255371 72.94884490966797 120.45653533935547
v 15.60767650604248 72.2635269165039 120.22893524169922
v 13.57761287689209 71.94817352294922 120.54122161865234
v 14.010581016540527 71.84244537353516 120.57073974609375
v 14.755517959594727 71.85345458984375 120.40017700195312
v 12.122980117797852 73.68783569335938 120.15624237060547
v 16.360734939575195 72.98016357421875 120.91265869140625
v 12.3093900680542 73.34657287597656 120.9580078125
v 15.723282814025879 72.38921356201172 121.12318420410156
v 11.83788776397705 74.33132934570312 120.33737182617188
v 17.006515502929688 73.8067626953125 121.17230224609375
v 17.498703002929688 74.30232238769531 120.63607025146484
v 11.771285057067871 75.07560729980469 120.35875701904297
v 17.637527465820312 74.89415740966797 120.88421630859375
v 17.337800979614258 74.45550537109375 121.24349975585938
v 12.100651741027832 75.86727142333984 120.93428802490234
v 17.62967872619629 75.3718032836914 120.99497985839844
v 17.464981079101562 75.61914825439453 121.16326141357422
v 17.22976303100586 75.15038299560547 121.49618530273438
v 12.657279968261719 76.55767822265625 121.4162826538086
v 17.07632064819336 76.07460021972656 121.2363510131836
v 13.158510208129883 77.22665405273438 121.36416625976562
v 13.767182350158691 77.33899688720703 121.56845092773438
v 14.614262580871582 77.283203125 121.66219329833984
v 15.63429069519043 77.02931213378906 121.58621978759766
v 16.3812255859375 76.43207550048828 121.64778900146484
v 13.3038911819458 76.72777557373047 121.93880462646484
v 14.065842628479004 76.74981689453125 122.1490478515625
v 14.932540893554688 76.54471588134766 122.22423553466797
v 15.80871868133545 76.1441421508789 122.19058990478516
v 16.575952529907227 75.68362426757812 121.96045684814453
v 13.612984657287598 72.17818450927734 121.0661849975586
v 14.420611381530762 72.0404281616211 121.13581848144531
v 15.180423736572266 72.11676025390625 121.05423736572266
v 12.900294303894043 72.81782531738281 121.32842254638672
v 15.450329780578613 72.31346130371094 121.47518920898438
v 12.375347137451172 73.45606994628906 121.54486846923828
v 15.774696350097656 72.70366668701172 121.7647933959961
v 13.468650817871094 72.51879119873047 121.64894104003906
v 14.055088996887207 72.4140396118164 121.76927947998047
v 14.973191261291504 72.3922119140625 121.7734603881836
v 12.043065071105957 74.12853240966797 121.1340560913086
v 16.370481491088867 73.42804718017578 121.93824768066406
v 12.331626892089844 73.85762023925781 121.92802429199219
v 15.869297981262207 73.07904815673828 122.34917449951172
v 12.033559799194336 75.0202407836914 121.3441390991211
v 16.869625091552734 74.26665496826172 121.83268737792969
v 12.390400886535645 75.50809478759766 121.94393157958984
v 16.5603084564209 74.85858154296875 122.26119995117188
v 12.916421890258789 76.01142120361328 122.26788330078125
v 13.61164665222168 76.12369537353516 122.53353118896484
v 14.341652870178223 76.126708984375 122.60736083984375
v 15.087491989135742 75.63044738769531 122.76627349853516
v 15.98457145690918 75.32675170898438 122.56499481201172
v 12.725860595703125 75.43158721923828 122.56243896484375
v 15.503523826599121 74.88494110107422 123.01888275146484
v 16.038257598876953 74.68367004394531 122.76753234863281
v 13.520492553710938 72.98031616210938 122.23682403564453
v 14.494752883911133 72.86292266845703 122.442138671875
v 15.32188892364502 72.87056732177734 122.39857482910156
v 12.747533798217773 73.4100112915039 122.10667419433594
v 15.604105949401855 73.23944091796875 122.71538543701172
v 12.619963645935059 73.95889282226562 122.42250061035156
v 15.992050170898438 73.4588623046875 122.5752182006836
v 13.201725959777832 73.71111297607422 122.75802612304688
v 14.106321334838867 73.57225036621094 123.11829376220703
v 15.008896827697754 73.33895111083984 122.91158294677734
v 12.32371997833252 74.54329681396484 122.09111022949219
v 16.216466903686523 74.07376861572266 122.55510711669922
v 12.568142890930176 74.99895477294922 122.53730010986328
v 15.218287467956543 74.51445770263672 123.24791717529297
v 15.610384941101074 74.30615234375 123.06198120117188
v 12.893017768859863 74.44629669189453 122.82137298583984
v 13.659646987915039 74.13037109375 123.31673431396484
v 14.798507690429688 74.0604019165039 123.33834838867188
v 15.586819648742676 73.710693359375 122.9432144165039
v 12.903287887573242 75.04838562011719 122.86046600341797
v 14.821678161621094 74.82862091064453 123.22309112548828
v 13.223414421081543 75.49407958984375 122.80952453613281
v 14.076669692993164 75.3795166015625 123.01213073730469
v 13.440535545349121 74.8319091796875 123.13459014892578
v 14.147050857543945 74.4806900024414 123.43282318115234
v 14.264174461364746 73.89559936523438 123.5958251953125
v 14.025528907775879 73.90960693359375 123.59286499023438
v 14.273192405700684 74.08399963378906 123.6594009399414
v 14.03454875946045 74.0980224609375 123.65644073486328
v 14.140298843383789 73.9756088256836 123.73741912841797
v 49.60734939575195 21.244102478027344 128.19285583496094
v 50.182838439941406 21.116369247436523 128.30039978027344
v 48.99409484863281 21.672088623046875 128.31173706054688
v 49.56129837036133 21.87761878967285 128.3166046142578
v 50.14595031738281 21.68635368347168 128.43446350097656
v 49.22412872314453 22.283872604370117 128.48458862304688
v 49.87510681152344 22.3006591796875 128.66412353515625
v 49.458797454833984 20.725173950195312 128.19004821777344
v 49.89265441894531 20.645418167114258 128.27806091308594
v 49.31550598144531 20.149784088134766 128.45468139648438
v 50.289451599121094 20.020187377929688 128.6756591796875
v 50.89059066772461 19.772029876708984 129.0813446044922
v 49.064605712890625 20.906227111816406 128.24493408203125
v 50.460731506347656 20.70436668395996 128.46946716308594
v 48.55622482299805 21.149782180786133 128.43272399902344
v 48.602012634277344 20.504581451416016 128.47666931152344
v 51.060691833496094 20.514328002929688 128.9427947998047
v 48.34699249267578 21.803922653198242 128.68394470214844
v 50.731224060058594 21.270784378051758 128.64747619628906
v 48.79029083251953 22.209970474243164 128.50485229492188
v 51.46934127807617 21.379934310913086 129.21807861328125
v 48.948341369628906 22.510719299316406 128.6351776123047
v 50.83148193359375 22.113773345947266 129.08584594726562
v 49.28090286254883 22.778316497802734 129.0444793701172
v 50.1640739440918 22.707475662231445 129.1770782470703
v 48.60118103027344 22.49091911315918 128.86854553222656
v 51.52470779418945 21.94646453857422 129.445068359375
v 51.90441131591797 21.72270393371582 129.75360107421875
v 49.18583297729492 23.24224090576172 129.7839813232422
v 49.942787170410156 23.138757705688477 129.73751831054688
v 48.933834075927734 19.477764129638672 128.846923828125
v 49.720455169677734 19.241472244262695 129.0195770263672
v 50.47446823120117 19.367544174194336 129.11375427246094
v 48.291259765625 18.68258285522461 129.5804901123047
v 48.94102096557617 18.77745246887207 129.34234619140625
v 49.61795425415039 18.56156349182129 129.5365447998047
v 48.6241455078125 19.935617446899414 128.64744567871094
v 50.914676666259766 19.313350677490234 129.47654724121094
v 48.28957748413086 20.173547744750977 128.71580505371094
v 48.1209602355957 19.5552921295166 129.16481018066406
v 47.9737663269043 20.79351806640625 128.902587890625
v 51.42767333984375 19.856300354003906 129.587646484375
v 47.29185485839844 20.217628479003906 129.5406951904297
v 51.97261047363281 20.239364624023438 130.0560302734375
v 47.76274490356445 21.703388214111328 129.18612670898438
v 51.75713348388672 20.67207145690918 129.51025390625
v 51.98391342163086 21.20723533630371 129.6719512939453
v 47.228981018066406 21.180374145507812 129.6481170654297
v 52.126861572265625 20.81881332397461 129.97286987304688
v 48.066551208496094 22.293224334716797 129.181884765625
v 52.207149505615234 21.307552337646484 130.19845581054688
v 48.38862991333008 22.923246383666992 129.66419982910156
v 51.598167419433594 22.352455139160156 129.9960174560547
v 52.10927963256836 21.858095169067383 130.33099365234375
v 47.49138641357422 22.205671310424805 129.88055419921875
v 48.79489517211914 23.406524658203125 130.23590087890625
v 50.77534866333008 22.82618522644043 129.75424194335938
v 49.57083511352539 23.503990173339844 130.5680389404297
v 50.567230224609375 23.24761199951172 130.4918212890625
v 48.270633697509766 23.326059341430664 130.41180419921875
v 51.251136779785156 22.913421630859375 130.40704345703125
v -32.59817123413086 49.66495132446289 128.90118408203125
v -32.161617279052734 49.624664306640625 128.93482971191406
v -32.8117561340332 50.13026809692383 129.0795440673828
v -32.26079559326172 50.0740966796875 129.05477905273438
v -32.4610595703125 50.5884895324707 129.38095092773438
v 48.04074478149414 18.345800399780273 130.05409240722656
v 48.66684341430664 18.228256225585938 129.87603759765625
v 49.226314544677734 18.239017486572266 129.80316162109375
v 47.77519607543945 18.88653564453125 129.73854064941406
v 49.73931121826172 18.19388198852539 130.1021728515625
v 50.32664489746094 18.789478302001953 129.68753051757812
v 47.28550720214844 19.438173294067383 129.79689025878906
v 51.135704040527344 19.073293685913086 130.22532653808594
v 46.892555236816406 19.906295776367188 129.92376708984375
v 51.72507858276367 19.645532608032227 130.24545288085938
v 46.64699172973633 19.5542049407959 130.38543701171875
v 46.6247673034668 20.461376190185547 130.1920928955078
v 52.00757598876953 19.917699813842773 130.6210479736328
v 46.12483215332031 20.043590545654297 130.75823974609375
v 46.64327621459961 21.490968704223633 130.5610809326172
v 52.224300384521484 20.61000633239746 130.66639709472656
v 46.096046447753906 20.735525131225586 130.88272094726562
v 47.074405670166016 22.407176971435547 130.8852996826172
v 52.289527893066406 21.44040870666504 131.03330993652344
v 47.725616455078125 22.949819564819336 130.44500732421875
v 52.0499382019043 22.20882797241211 130.8472137451172
v 47.97924041748047 23.31105613708496 130.9359893798828
v 51.69412612915039 22.691858291625977 130.7403564453125
v 48.67322540283203 23.557056427001953 131.02943420410156
v 49.45530700683594 23.746776580810547 131.52481079101562
v 50.32810592651367 23.534894943237305 131.48138427734375
v 51.26100540161133 23.0374755859375 131.2463836669922
v 47.50177001953125 22.98164939880371 131.1768798828125
v 51.86124801635742 22.568899154663086 131.3260498046875
v 49.405860900878906 23.850727081298828 132.1341552734375
v 49.899131774902344 23.814085006713867 132.0747833251953
v -32.76601791381836 49.28645706176758 128.93663024902344
v -32.36928176879883 49.191925048828125 128.9649200439453
v -32.8735237121582 48.70030212402344 129.2248992919922
v -31.885910034179688 48.579071044921875 129.34564208984375
v -31.100189208984375 48.35570526123047 129.70608520507812
v -33.10640335083008 49.57319259643555 129.09901428222656
v -31.842761993408203 49.29811477661133 129.10153198242188
v -33.606475830078125 49.050350189208984 129.49559020996094
v -31.102371215820312 49.259586334228516 129.5897674560547
v -33.19914245605469 50.095458984375 129.2070770263672
v -31.718868255615234 49.81507873535156 129.19403076171875
v -33.1053466796875 50.55935287475586 129.46212768554688
v -33.617244720458984 49.965576171875 129.5980682373047
v -31.2309627532959 50.07127380371094 129.6212158203125
v -30.52092170715332 50.03761672973633 130.22850036621094
v -32.73008728027344 50.9873161315918 129.7732391357422
v -31.795549392700195 50.41850280761719 129.4646759033203
v -32.01447296142578 51.028404235839844 130.01821899414062
v -33.144710540771484 51.02833557128906 129.89688110351562
v -31.17259407043457 50.64899826049805 130.06808471679688
v 47.89162063598633 18.08620262145996 130.6466522216797
v 48.429988861083984 17.974353790283203 130.3544464111328
v 49.07041931152344 17.912742614746094 130.3748321533203
v 47.319061279296875 18.729528427124023 130.3610076904297
v 49.63206481933594 17.920713424682617 130.7103271484375
v 46.603126525878906 18.955533981323242 131.06288146972656
v 50.34550857543945 18.320119857788086 130.6995849609375
v 49.173458099365234 17.7620849609375 130.98663330078125
v 46.18452453613281 19.51453399658203 130.90158081054688
v 51.06014633178711 18.698043823242188 131.20562744140625
v 45.90836715698242 19.76251792907715 131.15036010742188
v 51.634708404541016 19.33616828918457 130.92193603515625
v 46.06095886230469 19.373750686645508 131.30003356933594
v 45.81341552734375 20.222305297851562 131.2581024169922
v 51.99435043334961 19.89761734008789 131.33554077148438
v 45.8116340637207 20.752182006835938 131.4941864013672
v 52.24713897705078 20.64508628845215 131.6072998046875
v 46.106201171875 21.25347328186035 131.2359619140625
v 46.46049499511719 21.816492080688477 131.48887634277344
v 52.2964973449707 21.262086868286133 131.89303588867188
v 47.07403564453125 22.522930145263672 131.9586639404297
v 52.13749694824219 21.981409072875977 131.76016235351562
v 47.98225784301758 23.263656616210938 131.7973175048828
v 48.84627914428711 23.673410415649414 131.96681213378906
v 50.92098617553711 23.15800666809082 132.3029327392578
v 51.67240905761719 22.591108322143555 132.04917907714844
v 49.17040252685547 23.74240493774414 132.5703582763672
v 50.356666564941406 23.632017135620117 132.2416534423828
v 49.66628646850586 23.8411865234375 132.53106689453125
v 50.066383361816406 23.76685333251953 132.5218505859375
v -33.028106689453125 47.99335861206055 129.54196166992188
v -32.446327209472656 47.83435821533203 129.60720825195312
v -31.46518898010254 47.56041717529297 129.90928649902344
v -33.122982025146484 47.38022232055664 130.0752716064453
v -32.16773986816406 47.08620071411133 130.08787536621094
v -31.642887115478516 46.95537567138672 130.18211364746094
v -33.488487243652344 48.227760314941406 129.64610290527344
v -30.71514320373535 47.92110061645508 130.06832885742188
v -34.006500244140625 48.56278991699219 129.90899658203125
v -33.9333610534668 47.87333297729492 130.20986938476562
v -30.07693862915039 47.96419143676758 130.60487365722656
v -34.1861686706543 49.2765998840332 130.09701538085938
v -30.473186492919922 48.5868034362793 130.05076599121094
v -30.289894104003906 49.279205322265625 130.19729614257812
v -29.857860565185547 48.807533264160156 130.61146545410156
v -29.512245178222656 48.35757064819336 131.1337127685547
v -34.18913650512695 50.23381423950195 130.52308654785156
v -29.782445907592773 49.62952423095703 130.87677001953125
v -33.55400466918945 50.72366714477539 129.95945739746094
v -29.990468978881836 50.31989288330078 130.91404724121094
v -29.444957733154297 49.00032043457031 131.18807983398438
v -33.33667755126953 51.121212005615234 130.16973876953125
v -30.451738357543945 50.78252410888672 130.81997680664062
v -32.84109115600586 51.37037658691406 130.5259552001953
v -31.925718307495117 51.46942901611328 130.7483673095703
v -31.232637405395508 51.21012878417969 130.68902587890625
v -33.64958953857422 51.04026412963867 130.5930938720703
v -29.95052146911621 50.628013610839844 131.2069091796875
v -32.89019012451172 51.708133697509766 131.43272399902344
v -32.20589065551758 51.71293258666992 131.38253784179688
v -31.384408950805664 51.581321716308594 131.3856964111328
v 47.87612533569336 17.932273864746094 131.18531799316406
v 48.50595474243164 17.79924201965332 130.9466094970703
v 47.32290267944336 18.29914093017578 131.0884246826172
v 48.90071487426758 17.780683517456055 131.4609375
v 46.22802734375 19.081974029541016 131.8105926513672
v 46.95294189453125 18.50874900817871 131.7191619873047
v 49.661285400390625 17.936798095703125 131.43675231933594
v 50.49587631225586 18.26742935180664 131.6259002685547
v 47.56798553466797 18.091047286987305 131.59861755371094
v 48.22011947631836 17.889875411987305 131.63662719726562
v 45.81847381591797 19.714309692382812 131.6575927734375
v 50.96209716796875 18.55381202697754 131.78773498535156
v 51.363243103027344 19.10400390625 131.97340393066406
v 45.89994430541992 19.44623374938965 132.13836669921875
v 50.667442321777344 18.483108520507812 132.26927185058594
v 45.6983642578125 20.265857696533203 131.7403106689453
v 51.908599853515625 19.97112274169922 132.2257537841797
v 51.42311096191406 19.51096534729004 132.81661987304688
v 45.75782775878906 20.6259822845459 132.07046508789062
v 52.13107681274414 20.722454071044922 132.4389190673828
v 45.988494873046875 21.2183895111084 131.87149047851562
v 45.967891693115234 20.9693603515625 132.44778442382812
v 51.73173522949219 20.166439056396484 133.02102661132812
v 46.40410614013672 21.62077522277832 132.51185607910156
v 52.12347412109375 21.443397521972656 132.52993774414062
v 51.856178283691406 20.90669059753418 133.15048217773438
v 46.99168395996094 22.206327438354492 133.05987548828125
v 51.916324615478516 22.04782485961914 132.5389862060547
v 47.62919616699219 22.830032348632812 132.80679321289062
v 48.5236701965332 23.342267990112305 132.7754364013672
v 50.63164520263672 22.933143615722656 133.18832397460938
v 51.376766204833984 22.39215660095215 132.994140625
v 47.444332122802734 22.46579933166504 133.50164794921875
v 51.7584342956543 21.639019012451172 133.16470336914062
v 49.147438049316406 23.530517578125 133.03265380859375
v 50.371856689453125 23.482540130615234 132.7635040283203
v 49.49901580810547 23.714242935180664 132.88941955566406
v 49.904541015625 23.660892486572266 132.89999389648438
v 49.59761428833008 23.395992279052734 133.26828002929688
v 50.10710144042969 23.297805786132812 133.2310333251953
v -33.266544342041016 46.68783187866211 130.88816833496094
v -32.500850677490234 46.61679458618164 130.6329345703125
v -31.76738929748535 46.615543365478516 130.53919982910156
v -33.77826690673828 47.223331451416016 130.61715698242188
v -31.217954635620117 46.87348175048828 130.4401397705078
v -34.31564712524414 47.62638854980469 130.95062255859375
v -30.67166519165039 47.32668685913086 130.44647216796875
v -30.71702003479004 46.80206298828125 130.86293029785156
v -34.44255447387695 48.47743225097656 130.55213928222656
v -30.12483024597168 47.18282699584961 131.1434783935547
v -29.650257110595703 47.75823974609375 131.20782470703125
v -34.80492401123047 49.31258010864258 130.99940490722656
v -29.356908798217773 47.996177673339844 131.62646484375
v -35.23509216308594 49.08027267456055 131.60061645507812
v -34.8299446105957 50.107765197753906 131.39988708496094
v -29.20258331298828 48.65019607543945 131.8577117919922
v -29.30422019958496 49.47379684448242 131.69253540039062
v -35.24510192871094 49.5982551574707 131.6187744140625
v -34.20054626464844 50.87552261352539 131.47341918945312
v -29.602066040039062 50.261497497558594 131.66912841796875
v -33.47441482543945 51.44437026977539 131.2799835205078
v -30.0507869720459 50.89845657348633 131.55792236328125
v -29.24561309814453 49.82268142700195 132.162841796875
v -33.23994445800781 51.69577407836914 131.9139404296875
v -30.64958381652832 51.28266143798828 131.40390014648438
v -32.55446243286133 51.80807876586914 132.23976135253906
v -31.62801170349121 51.74544906616211 132.1659393310547
v -30.8292293548584 51.51750946044922 132.1002960205078
v -33.745967864990234 51.4122428894043 131.9912872314453
v -30.263540267944336 51.219970703125 132.02297973632812
v 46.69400405883789 18.79206085205078 132.38821411132812
v 47.659603118896484 18.30741310119629 132.29632568359375
v 48.905635833740234 18.058380126953125 132.22067260742188
v 49.96039581298828 18.175912857055664 132.25828552246094
v 46.15180969238281 19.15337371826172 132.3642120361328
v 50.25171661376953 18.41998291015625 132.71096801757812
v 45.985958099365234 19.49973487854004 132.53326416015625
v 50.645362854003906 18.91179656982422 133.060791015625
v 46.39398956298828 19.229158401489258 132.8219451904297
v 47.20458221435547 18.912128448486328 133.13290405273438
v 48.34672546386719 18.55097770690918 133.13726806640625
v 49.579864501953125 18.484912872314453 133.0694122314453
v 45.78953552246094 19.97376823425293 132.2531280517578
v 51.08772277832031 19.693281173706055 133.5861053466797
v 45.89408493041992 20.455299377441406 132.5890655517578
v 46.16203689575195 19.9030818939209 132.94308471679688
v 46.66060256958008 19.463775634765625 133.318359375
v 50.5026969909668 19.254741668701172 133.8369903564453
v 46.27888870239258 20.782569885253906 133.1112823486328
v 51.45610809326172 20.41138458251953 133.61241149902344
v 46.68635940551758 21.488800048828125 133.52606201171875
v 51.35905838012695 21.111087799072266 133.8054962158203
v 47.16447067260742 21.946046829223633 133.8526611328125
v 46.92874526977539 21.5512752532959 133.97850036621094
v 50.71879577636719 21.080963134765625 134.35191345214844
v 47.63835144042969 22.306352615356445 133.94595336914062
v 51.339229583740234 21.821475982666016 133.6206817626953
v 48.11707305908203 22.72241973876953 133.6015625
v 49.000972747802734 23.066082000732422 133.4897003173828
v 49.878177642822266 22.670074462890625 133.79347229003906
v 50.814002990722656 22.233896255493164 133.73365783691406
v 48.063846588134766 22.259916305541992 134.16517639160156
v 50.30673599243164 21.741052627563477 134.3225860595703
v 50.97663116455078 21.613819122314453 134.04898071289062
v -33.33941650390625 46.315696716308594 131.66339111328125
v -32.65279769897461 46.21357345581055 131.34579467773438
v -31.910430908203125 46.245025634765625 131.1647491455078
v -31.217329025268555 46.45001983642578 131.01870727539062
v -33.910255432128906 46.87430953979492 131.2937774658203
v -30.60221290588379 46.55220413208008 131.46580505371094
v -34.431182861328125 47.2794303894043 131.8112030029297
v -34.899837493896484 48.329986572265625 131.5767822265625
v -30.04810333251953 46.82611846923828 131.930908203125
v -35.321773529052734 48.85061264038086 132.0005340576172
v -29.59988021850586 47.427452087402344 131.750244140625
v -29.66315269470215 47.167415618896484 132.39022827148438
v -35.44113540649414 49.30005645751953 131.9710235595703
v -29.2934513092041 47.86233901977539 132.3487091064453
v -35.43012619018555 49.063026428222656 132.32557678222656
v -35.410362243652344 49.67669677734375 132.0258026123047
v -29.085235595703125 48.52472686767578 132.63116455078125
v -35.20441436767578 49.97510528564453 131.8863067626953
v -34.83819580078125 50.3896598815918 132.1173553466797
v -29.110578536987305 49.28242492675781 132.55577087402344
v -29.357057571411133 50.09910202026367 132.75628662109375
v -34.2012825012207 50.983699798583984 132.6517333984375
v -29.815113067626953 50.792152404785156 132.33982849121094
v -33.33142852783203 51.58708572387695 132.73660278320312
v -32.59674835205078 51.741512298583984 133.10360717773438
v -31.870393753051758 51.72520446777344 133.0078887939453
v -31.026918411254883 51.52946853637695 132.91070556640625
v -30.301904678344727 51.20854949951172 132.72439575195312
v 47.91817855834961 19.136728286743164 133.86395263671875
v 48.940547943115234 18.9453182220459 133.89443969726562
v 49.893306732177734 18.983795166015625 133.82032775878906
v 47.16254806518555 19.429462432861328 133.71817016601562
v 50.11253356933594 19.385011672973633 134.23233032226562
v 46.756553649902344 20.106155395507812 133.6913604736328
v 50.559173583984375 19.66502571105957 134.1505889892578
v 47.57175064086914 19.814144134521484 134.24053955078125
v 48.499183654785156 19.588817596435547 134.620361328125
v 49.434410095214844 19.404010772705078 134.4182586669922
v 46.700721740722656 20.859853744506836 133.7884521484375
v 50.845951080322266 20.32866859436035 134.17234802246094
v 46.89690017700195 21.218130111694336 134.03050231933594
v 50.30892562866211 20.611387252807617 134.59584045410156
v 47.268836975097656 20.673795700073242 134.2784423828125
v 48.105018615722656 20.20319175720215 134.79461669921875
v 49.078575134277344 19.94914436340332 134.8944091796875
v 50.019161224365234 19.95876121520996 134.55319213867188
v 47.26044464111328 21.42144012451172 134.2478790283203
v 50.168704986572266 21.101871490478516 134.64315795898438
v 47.68060302734375 21.85667610168457 134.29090881347656
v 49.73334884643555 21.38932991027832 134.66648864746094
v 47.994728088378906 21.134523391723633 134.61724853515625
v 48.68434143066406 20.473772048950195 134.96450805664062
v 49.58053970336914 20.6857967376709 134.80799865722656
v 48.26904296875 21.833087921142578 134.46478271484375
v 49.55073165893555 21.93964385986328 134.4108428955078
v 48.817569732666016 22.321273803710938 134.1606903076172
v 48.94231414794922 21.413240432739258 134.67581176757812
v -33.320068359375 46.11980438232422 132.4041290283203
v -32.679771423339844 45.99390411376953 132.09303283691406
v -32.07612228393555 46.00958251953125 131.7867889404297
v -31.283004760742188 46.1529426574707 131.82037353515625
v -33.90369415283203 46.56478500366211 132.09742736816406
v -30.562355041503906 46.379417419433594 132.13092041015625
v -34.26723098754883 46.953407287597656 132.7629852294922
v -30.194875717163086 46.63322448730469 132.76821899414062
v -33.730770111083984 46.35834884643555 132.74917602539062
v -30.979122161865234 46.156009674072266 132.65692138671875
v -34.78058624267578 47.70060729980469 132.37339782714844
v -29.62643814086914 47.331851959228516 133.159912109375
v -30.136552810668945 46.74517059326172 133.4947052001953
v -35.1334114074707 48.514835357666016 132.62698364257812
v -29.220674514770508 48.08061599731445 133.07948303222656
v -35.339378356933594 49.175148010253906 132.7052764892578
v -35.44799041748047 49.47224044799805 132.35792541503906
v -29.131542205810547 48.7333869934082 133.30328369140625
v -35.256778717041016 49.912967681884766 132.3594512939453
v -35.26043701171875 49.60444259643555 132.77708435058594
v -34.84549331665039 50.15031814575195 133.0043487548828
v -29.181171417236328 49.4832649230957 133.4547882080078
v -29.42963218688965 50.05347442626953 133.7174530029297
v -34.26383972167969 50.67338180541992 133.6638641357422
v -29.80265235900879 50.65327072143555 133.2576446533203
v -33.705013275146484 51.235565185546875 133.55435180664062
v -32.973453521728516 51.51620864868164 133.67205810546875
v -32.16570281982422 51.54021072387695 133.77182006835938
v -31.30605697631836 51.37343978881836 133.73606872558594
v -30.470762252807617 51.0548210144043 133.5832977294922
v -33.830413818359375 50.9253044128418 134.1593475341797
v 48.63909149169922 19.81792449951172 135.0870819091797
v 48.43806457519531 19.87172508239746 135.0667266845703
v 48.67741394042969 20.002822875976562 135.15744018554688
v 48.47637176513672 20.056612014770508 135.1370849609375
v 48.54722213745117 19.89774513244629 135.21142578125
v -32.683502197265625 45.9670524597168 132.82833862304688
v -31.855777740478516 45.95631790161133 132.54124450683594
v -33.277950286865234 46.116783142089844 132.9884490966797
v -31.38480567932129 46.039390563964844 133.0618896484375
v -34.189388275146484 47.124046325683594 133.6847381591797
v -33.55379104614258 46.50309753417969 133.4644012451172
v -30.848031997680664 46.34676742553711 133.4982147216797
v -32.84891128540039 46.14153289794922 133.40631103515625
v -31.95591163635254 46.1060905456543 133.42372131347656
v -34.714317321777344 47.67116165161133 133.15647888183594
v -30.353286743164062 46.64915084838867 133.85159301757812
v -30.022994995117188 47.131404876708984 134.01686096191406
v -34.50688934326172 47.75463104248047 133.9375762939453
v -30.657833099365234 46.69472122192383 134.21226501464844
v -34.86838150024414 48.29655075073242 133.481689453125
v -29.48961639404297 48.029083251953125 133.8688201904297
v -34.56793975830078 48.496185302734375 134.1582794189453
v -29.95743751525879 47.696067810058594 134.5135955810547
v -34.964717864990234 49.19590759277344 133.40794372558594
v -29.354921340942383 48.96112823486328 134.0589599609375
v -34.45052719116211 49.30467224121094 134.35653686523438
v -29.800947189331055 48.43845748901367 134.63458251953125
v -34.55198669433594 49.96173858642578 133.94017028808594
v -29.354860305786133 49.594825744628906 134.08953857421875
v -34.03062057495117 50.35194778442383 134.4605712890625
v -29.536785125732422 49.890846252441406 134.23292541503906
v -34.2935905456543 49.83964920043945 134.48582458496094
v -29.810806274414062 49.43656539916992 134.65481567382812
v -33.55881118774414 50.77877426147461 134.60906982421875
v -29.961732864379883 50.32435989379883 134.17843627929688
v -33.30624771118164 51.167335510253906 134.2586669921875
v -32.557865142822266 51.21299362182617 134.3953399658203
v -31.69392204284668 51.07476043701172 134.45831298828125
v -30.810880661010742 50.77851486206055 134.39166259765625
v -32.97456741333008 50.77971649169922 134.84085083007812
v -32.16946029663086 50.64893341064453 135.0075225830078
v -31.296297073364258 50.398223876953125 135.03921508789062
v -30.481306076049805 50.033267974853516 134.9166717529297
v -33.54105758666992 46.94611358642578 134.30531311035156
v -32.5988655090332 46.526180267333984 134.1674041748047
v -31.47515869140625 46.480262756347656 134.20294189453125
v -34.076663970947266 47.3577995300293 134.31260681152344
v -31.073556900024414 46.84978103637695 134.69644165039062
v -30.477861404418945 47.20549011230469 134.67689514160156
v -33.654483795166016 47.4107780456543 134.78895568847656
v -32.81526184082031 47.240230560302734 135.1285400390625
v -31.824005126953125 46.91191482543945 134.89341735839844
v -34.112300872802734 47.89086151123047 134.6154327392578
v -30.409299850463867 47.89043045043945 135.05502319335938
v -33.42074203491211 47.94123458862305 135.28163146972656
v -31.908477783203125 47.493751525878906 135.58604431152344
v -31.10871696472168 47.35869598388672 135.16860961914062
v -34.00959777832031 48.66204833984375 134.87814331054688
v -30.336706161499023 48.70604705810547 135.2252197265625
v -33.25652313232422 48.82781982421875 135.51515197753906
v -31.18338966369629 48.17124938964844 135.63919067382812
v -33.86101150512695 49.58604431152344 134.94326782226562
v -30.424299240112305 49.37413024902344 135.2581787109375
v -33.420867919921875 50.27056121826172 135.00611877441406
v -32.69169998168945 50.128536224365234 135.33346557617188
v -31.855377197265625 49.87548828125 135.49017333984375
v -31.02732276916504 49.63185119628906 135.4451904296875
v -33.17409133911133 49.6433219909668 135.3934783935547
v -32.49568557739258 49.240394592285156 135.7404327392578
v -31.593259811401367 48.96691131591797 135.80523681640625
v -30.851856231689453 48.97240447998047 135.5729522705078
v -32.47201156616211 47.545806884765625 135.7589111328125
v -32.85597610473633 47.69646453857422 135.68434143066406
v -32.1798210144043 47.72458267211914 135.97183227539062
v -31.826351165771484 47.91026306152344 135.95555114746094
v -32.525596618652344 47.85586166381836 135.99807739257812
v -32.900386810302734 48.15609359741211 135.83889770507812
v -31.771177291870117 48.3076171875 136.00778198242188
v -32.68404769897461 48.58559799194336 135.938232421875
v -32.19511032104492 48.54862594604492 136.0445098876953
v -32.502742767333984 48.213409423828125 136.0806121826172
v -32.16328430175781 48.05961608886719 136.10572814941406
v 13.685943603515625 -17.197486877441406 134.16937255859375
v 14.145689964294434 -17.227100372314453 134.2323760986328
v 13.494501113891602 -16.62642478942871 134.13880920410156
v 14.029803276062012 -16.754318237304688 134.18817138671875
v 13.865647315979004 -16.222835540771484 134.26687622070312
v 13.468013763427734 -17.719276428222656 134.38308715820312
v 14.009177207946777 -17.68440818786621 134.3986053466797
v 12.89377498626709 -18.089122772216797 134.67837524414062
v 12.993630409240723 -17.159223556518555 134.2964630126953
v 14.427107810974121 -17.486486434936523 134.46176147460938
v 12.132721900939941 -17.476213455200195 134.6051788330078
v 14.866559982299805 -17.457815170288086 134.8391876220703
v 13.042962074279785 -16.435550689697266 134.27850341796875
v 14.521726608276367 -16.994836807250977 134.44273376464844
v 13.408658981323242 -16.143400192260742 134.26844787597656
v 11.530033111572266 -16.8331241607666 134.88917541503906
v 12.413169860839844 -16.571651458740234 134.54344177246094
v 15.074479103088379 -16.719682693481445 134.9964141845703
v 13.673067092895508 -15.829626083374023 134.5078887939453
v 14.41949462890625 -16.3779296875 134.4961700439453
v 14.140359878540039 -15.88370418548584 134.6111602783203
v 12.004115104675293 -15.844425201416016 135.11932373046875
v 13.019935607910156 -15.85002326965332 134.662353515625
v 14.724143028259277 -15.928139686584473 135.03460693359375
v 15.504961013793945 -16.13369369506836 135.64183044433594
v 12.116384506225586 -15.146482467651367 135.60971069335938
v 12.80487060546875 -15.187339782714844 135.35797119140625
v 13.92198657989502 -15.367629051208496 135.2145538330078
v 15.00816535949707 -15.44304370880127 135.7338409423828
v 12.557778358459473 -18.762136459350586 135.2947235107422
v 12.168281555175781 -18.134746551513672 134.82598876953125
v 13.293619155883789 -18.749229431152344 135.11985778808594
v 11.804760932922363 -17.887964248657227 134.79193115234375
v 13.79996109008789 -18.32851791381836 134.8531494140625
v 14.473241806030273 -17.989398956298828 134.84689331054688
v 11.679214477539062 -18.249177932739258 135.21620178222656
v 13.835310935974121 -18.946277618408203 135.38717651367188
v 11.474607467651367 -17.568744659423828 134.90309143066406
v 14.991751670837402 -18.005929946899414 135.28652954101562
v 11.154104232788086 -17.24698829650879 135.02420043945312
v 10.963299751281738 -17.62495231628418 135.44854736328125
v 10.963732719421387 -16.95916748046875 135.21363830566406
v 15.437471389770508 -17.47022247314453 135.45819091796875
v 11.034372329711914 -16.283817291259766 135.45147705078125
v 15.65489387512207 -16.838523864746094 135.60008239746094
v 10.552494049072266 -16.86937713623047 135.6611328125
v 15.856289863586426 -17.26161766052246 135.9471893310547
v 11.441435813903809 -15.462244987487793 135.88983154296875
v 15.980555534362793 -16.698060989379883 136.24505615234375
v 15.907047271728516 -16.02452850341797 136.24888610839844
v 10.804178237915039 -15.93079948425293 135.98699951171875
v 11.999679565429688 -14.898543357849121 136.11972045898438
v 15.620804786682129 -15.634279251098633 136.07794189453125
v 12.532721519470215 -14.782207489013672 135.89239501953125
v 13.34625244140625 -14.651632308959961 136.09266662597656
v 14.50599479675293 -14.8086519241333 136.33697509765625
v 15.387131690979004 -15.244956970214844 136.4844207763672
v 15.845768928527832 -15.672530174255371 136.5565185546875
v 13.212140083312988 -14.276137351989746 136.79734802246094
v 13.900724411010742 -14.32141399383545 136.8418731689453
v 11.938450813293457 -19.021217346191406 135.99819946289062
v 12.726832389831543 -19.346824645996094 135.9889678955078
v 13.39050006866455 -19.264795303344727 135.72874450683594
v 11.261507987976074 -18.429533004760742 135.81968688964844
v 14.038976669311523 -19.2470703125 135.81263732910156
v 10.804527282714844 -18.147825241088867 136.25094604492188
v 14.553007125854492 -18.74057388305664 135.6832733154297
v 14.313746452331543 -19.304218292236328 136.11190795898438
v 10.475227355957031 -17.400001525878906 136.1043701171875
v 15.347855567932129 -18.17809295654297 135.8851776123047
v 10.287302017211914 -16.894268035888672 136.0701904296875
v 15.753697395324707 -17.743562698364258 136.0365753173828
v 15.688708305358887 -18.13417625427246 136.4490203857422
v 10.304388999938965 -16.660852432250977 135.89691162109375
v 15.985093116760254 -17.549015045166016 136.6065216064453
v 10.487678527832031 -16.385787963867188 135.8932647705078
v 10.282275199890137 -16.603235244750977 136.18032836914062
v 10.503021240234375 -16.20072364807129 136.50636291503906
v 16.161666870117188 -16.993803024291992 136.98959350585938
v 10.96304988861084 -15.607908248901367 136.44712829589844
v 11.600692749023438 -15.05103874206543 136.8825225830078
v 16.076135635375977 -16.24663734436035 136.9590301513672
v 12.521627426147461 -14.52945613861084 136.57241821289062
v 15.109153747558594 -14.852184295654297 137.24179077148438
v 15.73044204711914 -15.534603118896484 137.21485900878906
v 12.838231086730957 -14.260266304016113 137.18016052246094
v 14.534655570983887 -14.430827140808105 137.06898498535156
v 13.467255592346191 -14.160487174987793 137.44776916503906
v 14.196596145629883 -14.225951194763184 137.48085021972656
v 12.301356315612793 -14.51952075958252 137.29222106933594
v 14.71214771270752 -14.433276176452637 137.55296325683594
v 11.843379020690918 -19.39244270324707 136.87741088867188
v 12.54405403137207 -19.5875301361084 136.65394592285156
v 13.280797958374023 -19.64456558227539 136.48379516601562
v 13.944076538085938 -19.520431518554688 136.31886291503906
v 11.276291847229004 -18.850040435791016 136.50772094726562
v 14.544925689697266 -19.3292236328125 136.70916748046875
v 10.870304107666016 -18.54283905029297 137.17642211914062
v 15.215131759643555 -18.697710037231445 136.59654235839844
v 11.355381965637207 -19.15713882446289 137.17471313476562
v 10.494945526123047 -17.806791305541992 136.7512969970703
v 15.687231063842773 -18.28654670715332 137.1927947998047
v 10.317336082458496 -17.016876220703125 136.75608825683594
v 16.04301643371582 -17.612165451049805 137.50721740722656
v 10.451446533203125 -16.430856704711914 137.36280822753906
v 16.158567428588867 -16.897863388061523 137.69915771484375
v 10.842619895935059 -15.735475540161133 137.1458282470703
v 11.238990783691406 -15.43830394744873 137.7610321044922
v 15.970837593078613 -16.17431640625 137.9163360595703
v 15.399530410766602 -15.39146614074707 138.23541259765625
v 11.948768615722656 -14.907577514648438 138.00733947753906
v 14.975860595703125 -14.70146369934082 137.91273498535156
v 12.77600383758545 -14.355042457580566 137.8703155517578
v 13.415886878967285 -14.225438117980957 138.076416015625
v 13.896565437316895 -14.19591236114502 137.93174743652344
v 14.46035385131836 -14.4130220413208 138.08090209960938
v 12.518494606018066 -14.648127555847168 138.48448181152344
v 14.85863208770752 -14.819820404052734 138.40939331054688
v -16.966646194458008 9.792976379394531 141.8535919189453
v -16.18692398071289 9.722064971923828 141.84286499023438
v -15.413778305053711 9.62486457824707 141.9762420654297
v -17.221233367919922 10.432642936706543 142.01182556152344
v -16.45736312866211 10.415173530578613 141.9185791015625
v -15.640326499938965 10.318538665771484 142.02731323242188
v -14.909562110900879 10.083422660827637 142.27340698242188
v -17.333271026611328 11.03513240814209 142.35447692871094
v -16.727279663085938 10.949150085449219 142.1431121826172
v -15.926095008850098 11.06682014465332 142.297607421875
v -15.078194618225098 10.792828559875488 142.47079467773438
v -16.601707458496094 11.485556602478027 142.65219116210938
v 12.473837852478027 -19.723438262939453 137.5426788330078
v 13.127934455871582 -19.806007385253906 137.16336059570312
v 13.905104637145996 -19.722681045532227 137.15245056152344
v 11.761631965637207 -19.476394653320312 137.53463745117188
v 14.493408203125 -19.552902221679688 137.3969268798828
v 10.90881633758545 -18.52161979675293 138.18414306640625
v 11.35966682434082 -19.1173152923584 137.8738555908203
v 15.018624305725098 -19.111587524414062 137.6865692138672
v 14.29488468170166 -19.644174575805664 137.929931640625
v 10.479279518127441 -17.79449462890625 137.62399291992188
v 15.604292869567871 -18.316207885742188 138.2484588623047
v 10.618061065673828 -18.004940032958984 138.44482421875
v 15.104972839355469 -19.004274368286133 138.58627319335938
v 10.341885566711426 -17.066234588623047 137.66180419921875
v 16.000455856323242 -17.502565383911133 138.24180603027344
v 10.475050926208496 -16.700294494628906 138.14425659179688
v 16.000247955322266 -16.903396606445312 138.5321502685547
v 10.775781631469727 -16.044130325317383 137.97816467285156
v 10.766377449035645 -16.425403594970703 138.60325622558594
v 11.374190330505371 -15.792585372924805 138.73672485351562
v 15.794672012329102 -16.277225494384766 138.7973175048828
v 12.176318168640137 -15.138375282287598 138.89686584472656
v 14.713228225708008 -15.271668434143066 139.026123046875
v 15.342612266540527 -15.967584609985352 139.2030487060547
v 15.65552043914795 -16.481515884399414 139.3842010498047
v 12.760129928588867 -14.818663597106934 138.94741821289062
v 14.43034839630127 -14.688943862915039 138.6497344970703
v 13.102801322937012 -14.46495532989502 138.53030395507812
v 13.839250564575195 -14.443018913269043 138.51470947265625
v 13.387022972106934 -14.844464302062988 139.0712127685547
v 14.064666748046875 -14.880359649658203 139.02272033691406
v -17.270273208618164 9.323162078857422 141.96231079101562
v -16.730377197265625 9.137519836425781 141.9515838623047
v -15.87414264678955 9.023743629455566 142.01522827148438
v -17.470001220703125 8.719534873962402 142.3673553466797
v -16.42411231994629 8.37252426147461 142.34902954101562
v -15.334506034851074 8.34146499633789 142.48318481445312
v -14.489974975585938 8.185583114624023 142.8310089111328
v -17.702341079711914 9.697517395019531 142.13462829589844
v -15.173931121826172 9.076828002929688 142.13922119140625
v -14.853215217590332 9.496663093566895 142.1956024169922
v -18.27231788635254 9.178772926330566 142.58602905273438
v -14.556642532348633 8.969630241394043 142.534423828125
v -14.022216796875 8.598214149475098 143.0650177001953
v -17.877704620361328 10.485818862915039 142.3353271484375
v -14.457273483276367 9.699514389038086 142.53343200683594
v -18.368799209594727 9.911846160888672 142.58734130859375
v -13.986466407775879 9.460592269897461 143.0855255126953
v -17.878337860107422 11.00564956665039 142.6620330810547
v -14.321822166442871 10.37969970703125 142.9755096435547
v -17.43148422241211 11.442817687988281 142.92233276367188
v -15.26306438446045 11.404840469360352 142.76284790039062
v -14.71252155303955 11.121821403503418 142.96810913085938
v -18.347248077392578 10.567781448364258 142.87359619140625
v -13.85350513458252 9.99742603302002 143.4170379638672
v -16.857309341430664 11.81745433807373 143.39892578125
v -15.827478408813477 11.608180046081543 142.7553253173828
v -16.043241500854492 11.845203399658203 143.2809600830078
v -15.430479049682617 11.746814727783203 143.15274047851562
v -14.893099784851074 11.538864135742188 143.3444366455078
v 12.751197814941406 -19.74154281616211 138.33792114257812
v 13.4299955368042 -19.812786102294922 137.9649658203125
v 12.040814399719238 -19.52006721496582 138.2182159423828
v 14.018744468688965 -19.650665283203125 138.56451416015625
v 11.636001586914062 -18.992887496948242 138.91555786132812
v 14.633886337280273 -19.395994186401367 138.55938720703125
v 12.538961410522461 -19.482742309570312 138.95449829101562
v 13.363242149353027 -19.642623901367188 138.82266235351562
v 10.997087478637695 -18.308029174804688 138.95965576171875
v 14.81826400756836 -19.15814781188965 138.96315002441406
v 10.703455924987793 -17.790830612182617 138.9160614013672
v 15.072717666625977 -18.64887809753418 139.16441345214844
v 13.204845428466797 -19.308643341064453 139.50430297851562
v 14.20816707611084 -19.24791145324707 139.24874877929688
v 10.465625762939453 -17.39208984375 138.3915557861328
v 15.63753604888916 -17.690574645996094 139.05657958984375
v 10.598468780517578 -16.92647361755371 138.72048950195312
v 10.706977844238281 -17.340524673461914 139.0113067626953
v 15.096916198730469 -18.082416534423828 139.69154357910156
v 11.031466484069824 -16.781658172607422 139.2291259765625
v 15.757561683654785 -16.904266357421875 139.26327514648438
v 15.58334732055664 -16.799821853637695 139.62083435058594
v 15.235285758972168 -17.291723251342773 139.82293701171875
v 11.617772102355957 -16.30198860168457 139.6373748779297
v 15.281590461730957 -16.550891876220703 139.72030639648438
v 11.98153305053711 -15.694413185119629 139.4093780517578
v 12.749069213867188 -15.401166915893555 139.4904327392578
v 13.81357192993164 -15.514747619628906 139.58335876464844
v 14.681254386901855 -16.051912307739258 139.7120819091797
v 12.250480651855469 -16.095233917236328 139.9335174560547
v 13.047477722167969 -16.12433624267578 140.08145141601562
v 13.914839744567871 -16.40169906616211 140.1554718017578
v 14.66250228881836 -16.80933952331543 140.1156463623047
v -17.714139938354492 7.92435359954834 143.09568786621094
v -16.974655151367188 7.863495349884033 142.79556274414062
v -16.040828704833984 7.417773723602295 143.07676696777344
v -14.959432601928711 7.6226911544799805 143.07786560058594
v -15.93369197845459 6.744853496551514 143.64385986328125
v -18.18600845336914 8.526300430297852 142.86668395996094
v -14.355594635009766 7.757694244384766 143.14968872070312
v -18.659137725830078 8.843396186828613 143.17135620117188
v -14.079299926757812 8.056957244873047 143.1382293701172
v -14.083280563354492 7.769977569580078 143.43112182617188
v -18.70680809020996 9.44471549987793 142.94427490234375
v -13.838949203491211 8.17647647857666 143.53518676757812
v -18.76350212097168 9.971146583557129 143.20797729492188
v -13.678055763244629 8.851096153259277 143.64662170410156
v -18.608102798461914 10.573561668395996 143.66583251953125
v -13.636357307434082 9.600625991821289 143.82200622558594
v -18.07202911376953 11.144392013549805 143.27752685546875
v -17.574087142944336 11.629729270935059 143.66455078125
v -13.861526489257812 10.373025894165039 143.94049072265625
v -17.077665328979492 11.901383399963379 144.05267333984375
v -14.355600357055664 11.069574356079102 143.571533203125
v -16.29876136779785 11.957812309265137 144.1627960205078
v -15.341206550598145 11.798248291015625 143.8965301513672
v -14.645657539367676 11.475569725036621 143.97071838378906
v -17.546245574951172 11.704710006713867 144.36199951171875
v 11.89585018157959 -18.768226623535156 139.68399047851562
v 12.416900634765625 -19.108234405517578 139.5950164794922
v 11.436075210571289 -18.472728729248047 139.4801483154297
v 13.000833511352539 -18.944242477416992 139.98220825195312
v 13.728034019470215 -18.886831283569336 139.95143127441406
v 14.517834663391113 -18.60024070739746 139.83444213867188
v 11.82749080657959 -18.253376007080078 139.9734649658203
v 12.447757720947266 -18.645288467407227 140.077880859375
v 11.184454917907715 -17.72511863708496 139.531005859375
v 14.631415367126465 -17.980480194091797 140.1519317626953
v 11.866524696350098 -17.581445693969727 140.18844604492188
v 12.490310668945312 -18.007827758789062 140.35971069335938
v 13.274543762207031 -18.391868591308594 140.32669067382812
v 14.05870246887207 -18.396482467651367 140.24281311035156
v 11.5350341796875 -17.007143020629883 139.922607421875
v 14.547310829162598 -17.43783187866211 140.29234313964844
v 11.915508270263672 -16.60398292541504 140.1206817626953
v 12.447088241577148 -16.660066604614258 140.3258819580078
v 13.175947189331055 -16.875764846801758 140.43499755859375
v 13.946961402893066 -17.172962188720703 140.43072509765625
v 12.000921249389648 -17.034334182739258 140.30540466308594
v 12.501801490783691 -17.309345245361328 140.46212768554688
v 13.225837707519531 -17.62584686279297 140.51686096191406
v 13.978124618530273 -17.864553451538086 140.43409729003906
v -16.198579788208008 6.487720012664795 143.9250030517578
v -16.380252838134766 6.79477596282959 143.58953857421875
v -15.784746170043945 6.484766006469727 144.13189697265625
v -17.845792770385742 7.446957588195801 143.95132446289062
v -17.01590919494629 7.184051990509033 143.51095581054688
v -15.284223556518555 6.978442192077637 143.74472045898438
v -14.499587059020996 7.422170639038086 143.60142517089844
v -18.376585006713867 8.149679183959961 143.52711486816406
v -14.0383882522583 7.697125434875488 144.001220703125
v -18.842073440551758 8.585578918457031 143.963134765625
v -18.9498291015625 9.304781913757324 143.56593322753906
v -13.675382614135742 8.292200088500977 144.20904541015625
v -18.981918334960938 9.861934661865234 144.0293426513672
v -13.509188652038574 9.00522232055664 144.38331604003906
v -18.765119552612305 10.395380020141602 144.63417053222656
v -13.560996055603027 9.741334915161133 144.6074676513672
v -18.159460067749023 11.174535751342773 144.2852325439453
v -13.801545143127441 10.390582084655762 144.89178466796875
v -17.70958137512207 11.466845512390137 145.0823974609375
v -14.203276634216309 11.00786018371582 144.41563415527344
v -16.96732521057129 11.850520133972168 144.8441925048828
v -16.244356155395508 11.910829544067383 144.99754333496094
v -15.590624809265137 11.792807579040527 144.83148193359375
v -14.807149887084961 11.455435752868652 144.70811462402344
v -16.224950790405273 6.314267158508301 144.39517211914062
v -16.641164779663086 6.570136070251465 144.05825805664062
v -15.80109691619873 6.335527420043945 144.762939453125
v -17.85503578186035 7.17793083190918 144.9513702392578
v -17.22709083557129 6.812376976013184 144.41183471679688
v -15.334763526916504 6.6212544441223145 144.49710083007812
v -14.648436546325684 7.108474254608154 144.49639892578125
v -18.456541061401367 7.857536792755127 144.45947265625
v -13.979114532470703 7.745753288269043 144.9165802001953
v -18.885358810424805 8.411233901977539 144.88201904296875
v -14.499954223632812 7.1838459968566895 145.3849639892578
v -19.080751419067383 9.125913619995117 144.41244506835938
v -13.604958534240723 8.457286834716797 144.8799285888672
v -19.07339859008789 9.660731315612793 144.9127197265625
v -13.553126335144043 9.074402809143066 145.1709442138672
v -18.86173439025879 10.074939727783203 145.48219299316406
v -13.664520263671875 9.79858684539795 145.3932647705078
v -18.32831573486328 10.755473136901855 145.50729370117188
v -13.852119445800781 10.284974098205566 145.4751739501953
v -18.66281509399414 10.255502700805664 145.88909912109375
v -14.05984878540039 9.958569526672363 146.0528564453125
v -17.723377227783203 11.223713874816895 145.80836486816406
v -14.287259101867676 10.7752103805542 145.3993377685547
v -17.207748413085938 11.568238258361816 145.65548706054688
v -16.514217376708984 11.714926719665527 145.60279846191406
v -15.878352165222168 11.702914237976074 145.49652099609375
v -15.174924850463867 11.293686866760254 145.67745971679688
v -17.351573944091797 11.247666358947754 146.1909942626953
v -14.70936107635498 10.527671813964844 146.3150634765625
v -16.230758666992188 6.226754665374756 144.88479614257812
v -16.66154670715332 6.380911350250244 144.72821044921875
v -15.996743202209473 6.310256481170654 145.27532958984375
v -17.73978042602539 7.068583011627197 145.88677978515625
v -17.064495086669922 6.641374588012695 145.4051055908203
v -15.309163093566895 6.666856288909912 145.4220733642578
v -16.44792938232422 6.31441068649292 145.2654571533203
v -18.37724494934082 7.713057518005371 145.6118621826172
v -14.727103233337402 7.216172695159912 146.25259399414062
v -18.845373153686523 8.423320770263672 145.61553955078125
v -14.169288635253906 7.585246562957764 145.7333984375
v -18.03298568725586 7.325551986694336 146.1630096435547
v -19.076528549194336 8.979704856872559 145.25262451171875
v -13.828460693359375 8.292208671569824 145.668701171875
v -18.896589279174805 8.898106575012207 145.94882202148438
v -14.22021198272705 7.819197654724121 146.26828002929688
v -19.023658752441406 9.447121620178223 145.67349243164062
v -13.80412769317627 9.136815071105957 145.9478759765625
v -18.735519409179688 9.759794235229492 146.14224243164062
v -14.178157806396484 9.207955360412598 146.59207153320312
v -18.878536224365234 9.289375305175781 146.12295532226562
v -14.147826194763184 8.473170280456543 146.5045928955078
v -18.375329971313477 10.288125991821289 146.2706756591797
v -14.580877304077148 9.709654808044434 146.84715270996094
v -17.757526397705078 10.705881118774414 146.42886352539062
v -15.241530418395996 10.192071914672852 147.0330047607422
v -18.07370948791504 10.2384614944458 146.65342712402344
v -17.102624893188477 10.996088027954102 146.5838623046875
v -15.334247589111328 10.882163047790527 146.48374938964844
v -16.783628463745117 11.368950843811035 146.22206115722656
v -15.9742431640625 11.309844017028809 146.21116638183594
v -16.467695236206055 10.89014720916748 146.75927734375
v -15.79991340637207 10.738262176513672 146.832275390625
v -17.03132438659668 6.86719274520874 146.51051330566406
v -16.222318649291992 6.530032157897949 145.96884155273438
v -15.509132385253906 6.797279357910156 146.57513427734375
v -17.69540786743164 7.182868957519531 146.484375
v -15.160872459411621 7.206753253936768 147.11424255371094
v -18.024311065673828 7.635603427886963 146.4968719482422
v -17.345556259155273 7.401828765869141 147.08778381347656
v -15.61937141418457 6.916013240814209 147.27024841308594
v -18.485517501831055 8.293622970581055 146.2572021484375
v -14.637843132019043 7.815524101257324 146.9086456298828
v -17.783546447753906 8.259888648986816 147.0380859375
v -17.106521606445312 7.86242151260376 147.57264709472656
v -18.472768783569336 9.06368637084961 146.53567504882812
v -14.743549346923828 8.732484817504883 147.24981689453125
v -18.243881225585938 9.785876274108887 146.6828155517578
v -17.721899032592773 9.217697143554688 147.1246795654297
v -16.937076568603516 8.571146011352539 147.64776611328125
v -15.423041343688965 8.443134307861328 147.82679748535156
v -17.671409606933594 10.025636672973633 146.955322265625
v -15.008402824401855 9.476181030273438 147.35324096679688
v -17.029003143310547 10.432268142700195 146.97958374023438
v -16.123571395874023 10.101137161254883 147.2751922607422
v -15.493517875671387 9.589981079101562 147.51596069335938
v -16.93248748779297 9.578775405883789 147.38641357421875
v -16.02220916748047 8.995824813842773 147.77427673339844
v -15.287579536437988 9.054311752319336 147.6458740234375
v -16.177873611450195 6.809579372406006 147.05914306640625
v -16.73338508605957 7.0448317527771 147.28738403320312
v -15.863574981689453 7.0127034187316895 147.5919952392578
v -15.507299423217773 7.1910505294799805 147.59010314941406
v -16.271650314331055 7.1244707107543945 147.67640686035156
v -16.73881721496582 7.406985759735107 147.6837615966797
v -15.231131553649902 7.769447326660156 147.60850524902344
v -15.648604393005371 7.916111469268799 148.00125122070312
v -16.292421340942383 7.481786251068115 147.9611358642578
v -15.81899642944336 7.419112205505371 147.89242553710938
v -16.578018188476562 7.875020980834961 147.933349609375
v -15.863019943237305 8.281793594360352 148.05003356933594
v -16.28525161743164 8.296733856201172 148.00787353515625
v -16.066194534301758 7.843541145324707 148.08563232421875
vn 0.01712210103869438 -0.12356436997652054 -0.9921888113021851
vn -0.17055676877498627 0.14861637353897095 -0.9740757942199707
vn 0.0652194544672966 0.11135624349117279 -0.99163818359375
vn 0.2791909873485565 0.017886746674776077 -0.9600690007209778
vn -0.3127696216106415 0.33275505900382996 -0.889634370803833
vn -0.046182531863451004 0.33346933126449585 -0.9416291117668152
vn 0.22898533940315247 0.24304133653640747 -0.9426010251045227
vn 0.4513987898826599 0.1497659683227539 -0.8796643614768982
vn 0.1860729306936264 0.4969496428966522 -0.8475953936576843
vn 0.39226946234703064 0.42480939626693726 -0.8158809542655945
vn -0.13257984817028046 -0.3983903229236603 -0.907583475112915
vn -0.1781591922044754 -0.1666525900363922 -0.9697867035865784
vn 0.054124411195516586 -0.4026578664779663 -0.9137489795684814
vn -0.38626328110694885 0.03231003135442734 -0.9218225479125977
vn 0.18577556312084198 -0.22416138648986816 -0.9566813111305237
vn -0.4453381896018982 -0.2067510187625885 -0.8711646795272827
vn 0.2654602825641632 -0.46878066658973694 -0.842481791973114
vn 0.47664520144462585 -0.47374552488327026 -0.7405231595039368
vn -0.510370671749115 0.19805890321731567 -0.8368359804153442
vn 0.3731679618358612 -0.18267227709293365 -0.9096024036407471
vn 0.5550233125686646 -0.07073169201612473 -0.828822135925293
vn -0.6250944137573242 -0.04027142748236656 -0.7795096635818481
vn 0.501380205154419 -0.2920575439929962 -0.8144447803497314
vn -0.4750957489013672 0.48161327838897705 -0.7364323735237122
vn 0.6559034585952759 0.07203333079814911 -0.7513999342918396
vn -0.26715153455734253 0.5597543716430664 -0.7844139337539673
vn -0.05669938772916794 0.5891076922416687 -0.8060628771781921
vn 0.7974252700805664 0.13279514014720917 -0.5886241793632507
vn 0.09799063950777054 0.7627857327461243 -0.6391836404800415
vn 0.6208150386810303 0.3134850263595581 -0.7185512781143188
vn 0.29697176814079285 0.7275450229644775 -0.6184545159339905
vn 0.5031962394714355 0.5992730259895325 -0.6226277947425842
vn -0.381492018699646 0.7212017178535461 -0.5782144069671631
vn -0.1478455513715744 0.7954972982406616 -0.5876442790031433
vn 0.6819941997528076 0.4485921263694763 -0.5776236057281494
vn -0.21229679882526398 0.8630191087722778 -0.4583972990512848
vn 0.09972039610147476 0.8928202986717224 -0.4392354190349579
vn 0.37380096316337585 0.8084576725959778 -0.454608678817749
vn 0.5538293123245239 0.70892733335495 -0.436686635017395
vn -0.34173890948295593 -0.4610334038734436 -0.8189399838447571
vn -0.1654921919107437 -0.5871822834014893 -0.7923568487167358
vn 0.0717398002743721 -0.5732134580612183 -0.8162596225738525
vn 0.38980016112327576 -0.607260525226593 -0.6923081278800964
vn -0.3733168840408325 -0.633252739906311 -0.6779568195343018
vn -0.11768963932991028 -0.6998645067214966 -0.7045131921768188
vn 0.11314303427934647 -0.6785615086555481 -0.7257775068283081
vn 0.3895770311355591 -0.6848567128181458 -0.6157931089401245
vn -0.5259752869606018 -0.3673737645149231 -0.767063558101654
vn 0.5973514914512634 -0.5240327715873718 -0.6070922613143921
vn -0.7068543434143066 -0.1882045716047287 -0.6818622350692749
vn -0.615766704082489 -0.45766252279281616 -0.6413862705230713
vn 0.7587829232215881 -0.43913426995277405 -0.4810504913330078
vn -0.8169482350349426 0.11528436094522476 -0.5650709867477417
vn 0.6807096600532532 -0.2886999547481537 -0.6732656955718994
vn -0.6867070198059082 0.2119927853345871 -0.6953363418579102
vn 0.7556349039077759 -0.0995064452290535 -0.6473904848098755
vn 0.8186915516853333 -0.2615405023097992 -0.5112150311470032
vn -0.6419644355773926 0.4434396028518677 -0.6254943013191223
vn 0.8673871159553528 -0.11713086813688278 -0.4836527705192566
vn -0.7867624759674072 0.3883659839630127 -0.4797673523426056
vn -0.5860908031463623 0.6238710880279541 -0.5169936418533325
vn 0.8510059714317322 0.15384523570537567 -0.5021161437034607
vn -0.5411683320999146 0.7528490424156189 -0.37463995814323425
vn -0.7341562509536743 0.5948129296302795 -0.32743269205093384
vn 0.8957356214523315 0.3243255913257599 -0.3040899336338043
vn -0.33031368255615234 0.8904468417167664 -0.31304535269737244
vn 0.7933656573295593 0.44512131810188293 -0.41525664925575256
vn -0.07360970228910446 0.9414167404174805 -0.32911422848701477
vn 0.24354958534240723 0.9057158827781677 -0.3469328284263611
vn 0.43555501103401184 0.8822102546691895 -0.17887674272060394
vn 0.6715107560157776 0.7234100103378296 -0.16047237813472748
vn -0.5499528050422668 0.8204213976860046 -0.15639936923980713
vn 0.12414371967315674 0.9354053735733032 -0.33106663823127747
vn 0.00007353365799644962 0.06444449722766876 -0.997921347618103
vn 0.2635560929775238 0.07646957784891129 -0.961608350276947
vn 0.4680747389793396 0.13013534247875214 -0.8740542531013489
vn -0.12397826462984085 0.3945598304271698 -0.9104679822921753
vn 0.15258219838142395 0.42521214485168457 -0.892139732837677
vn 0.39505723118782043 0.375618577003479 -0.8383558988571167
vn -0.4234102666378021 -0.7544533610343933 -0.5015215277671814
vn -0.22172299027442932 -0.778734564781189 -0.5868658423423767
vn 0.012453298084437847 -0.8228722810745239 -0.5680899620056152
vn 0.25186625123023987 -0.82231205701828 -0.510261058807373
vn -0.5435268878936768 -0.6323859095573425 -0.55196613073349
vn 0.5327445268630981 -0.7418122291564941 -0.4073057472705841
vn -0.7098244428634644 -0.5180310010910034 -0.4772767722606659
vn 0.6118156909942627 -0.6375433206558228 -0.4682094156742096
vn -0.7964522242546082 -0.20122651755809784 -0.5702384114265442
vn 0.7746491432189941 -0.5495917201042175 -0.31283822655677795
vn -0.8421565294265747 0.20718641579151154 -0.49784156680107117
vn 0.8666972517967224 -0.3812345564365387 -0.32170814275741577
vn -0.8642882704734802 0.034551989287137985 -0.501808762550354
vn -0.8444293141365051 0.43168020248413086 -0.3171613812446594
vn 0.860089123249054 -0.29098352789878845 -0.41901713609695435
vn 0.8994482755661011 -0.007912733592092991 -0.4369557499885559
vn 0.943728506565094 -0.2101832777261734 -0.2553420662879944
vn -0.7936092615127563 0.6007394790649414 -0.09641813486814499
vn 0.9844532608985901 0.12978893518447876 -0.11834947019815445
vn -0.7057055234909058 0.6968396306037903 -0.12804028391838074
vn 0.8787137866020203 0.4772096574306488 0.011536377482116222
vn -0.5866345167160034 0.807485044002533 0.06186996400356293
vn 0.8246232867240906 0.5441986918449402 -0.1544158160686493
vn -0.3637290596961975 0.9275797009468079 -0.08542337268590927
vn -0.25098562240600586 0.9285632371902466 -0.2734529376029968
vn 0.5393288731575012 0.8415510654449463 0.030269330367445946
vn 0.625694990158081 0.7764180302619934 0.07537120580673218
vn -0.126534104347229 0.9856014847755432 -0.1121557429432869
vn 0.451741099357605 0.8777674436569214 -0.1595441699028015
vn 0.2532431483268738 0.9669292569160461 0.030262751504778862
vn -0.425923228263855 0.9031932950019836 0.053210653364658356
vn -0.2491353303194046 -0.15428073704242706 -0.9561009407043457
vn 0.06951303780078888 -0.21032792329788208 -0.9751564860343933
vn 0.3552347421646118 -0.16402481496334076 -0.9202739596366882
vn -0.4458121955394745 -0.22586017847061157 -0.8661631941795349
vn -0.19868947565555573 -0.3225484788417816 -0.9254647493362427
vn 0.059064753353595734 -0.36271584033966064 -0.9300261735916138
vn 0.26844727993011475 -0.35733917355537415 -0.8945640325546265
vn -0.4481094777584076 0.12309249490499496 -0.8854637742042542
vn 0.5991514921188354 0.020495286211371422 -0.800373375415802
vn -0.5634689927101135 0.01898406259715557 -0.8259190917015076
vn 0.7791602611541748 0.0025011582765728235 -0.6268198490142822
vn -0.478532612323761 0.47499680519104004 -0.7385016083717346
vn 0.6357369422912598 0.3307727873325348 -0.6974438428878784
vn -0.22101865708827972 0.6462181210517883 -0.7304470539093018
vn 0.20087137818336487 0.6051867604255676 -0.7703244686126709
vn 0.4818139374256134 0.5420577526092529 -0.6884974837303162
vn -0.6724891066551208 0.37449195981025696 -0.6383684277534485
vn 0.8098300695419312 0.19459138810634613 -0.5534523129463196
vn -0.21392621099948883 0.7501585483551025 -0.6256978511810303
vn 0.04322437196969986 0.740024209022522 -0.6711899042129517
vn 0.3171887695789337 0.7126829028129578 -0.6256791353225708
vn 0.017543867230415344 0.8774690628051758 -0.47931230068206787
vn -0.4963841736316681 -0.8217740058898926 -0.27980417013168335
vn -0.316982239484787 -0.847658097743988 -0.4254385530948639
vn 0.002527896547690034 -0.837675154209137 -0.5461629629135132
vn 0.32197344303131104 -0.8740031719207764 -0.3639391362667084
vn 0.4337729215621948 -0.7339147925376892 -0.5226950645446777
vn -0.6077331900596619 -0.7102637887001038 -0.3552263677120209
vn 0.5515660643577576 -0.8119341135025024 -0.19114910066127777
vn -0.718952476978302 -0.643843412399292 -0.2618645131587982
vn 0.6676288843154907 -0.7015886306762695 -0.24908870458602905
vn -0.7722619771957397 -0.3507882356643677 -0.529678225517273
vn 0.8133811950683594 -0.5649644732475281 -0.13865868747234344
vn -0.8918489217758179 -0.29335710406303406 -0.3443067669868469
vn -0.7854178547859192 -0.5667206048965454 -0.24889081716537476
vn -0.9808762073516846 0.1080346554517746 -0.16189615428447723
vn 0.8570613265037537 -0.5060413479804993 -0.0967889279127121
vn -0.8634164333343506 0.4203539490699768 -0.27895286679267883
vn 0.8879508972167969 -0.4353005588054657 -0.14851529896259308
vn -0.8280472159385681 0.5506495833396912 -0.10546518117189407
vn 0.9800446033477783 -0.18849831819534302 0.06309487670660019
vn -0.7940176725387573 0.5946797132492065 0.12606360018253326
vn 0.9722131490707397 0.17351379990577698 0.15714497864246368
vn -0.7231835722923279 0.6834407448768616 0.09957068413496017
vn 0.8111337423324585 0.5200787782669067 0.26754483580589294
vn -0.5963569283485413 0.7694075107574463 0.22884605824947357
vn 0.7103214859962463 0.6796395778656006 0.18312129378318787
vn -0.4796409606933594 0.8585507273674011 0.18120506405830383
vn 0.5094955563545227 0.7612537741661072 0.4011322557926178
vn 0.5914855599403381 0.746010959148407 0.3059617877006531
vn -0.35737839341163635 0.8362404108047485 0.41591188311576843
vn 0.5078414082527161 0.8381737470626831 0.19890180230140686
vn -0.11019641906023026 0.9516183733940125 0.2868436276912689
vn 0.22792558372020721 0.9011915326118469 0.36865130066871643
vn -0.021258976310491562 0.8153334856033325 0.5786013007164001
vn 0.33849409222602844 0.7899171113967896 0.5113245844841003
vn -0.6531779766082764 -0.2867477834224701 -0.7008097171783447
vn -0.3361895680427551 -0.46111711859703064 -0.8211867213249207
vn -0.0763184130191803 -0.49077096581459045 -0.8679397702217102
vn 0.2295108139514923 -0.5094001889228821 -0.8293589949607849
vn -0.19978070259094238 -0.6262043118476868 -0.7536284923553467
vn -0.02023318037390709 -0.6267586350440979 -0.7789506912231445
vn 0.20128579437732697 -0.6337319016456604 -0.7469055652618408
vn -0.7253983020782471 -0.0005806661210954189 -0.6883291006088257
vn 0.4873078167438507 -0.3683578670024872 -0.7917345762252808
vn 0.6517525911331177 -0.18574495613574982 -0.7353349328041077
vn 0.7111472487449646 -0.3611912429332733 -0.6031670570373535
vn -0.7827759385108948 0.205168679356575 -0.5875097513198853
vn 0.8442157506942749 -0.20366095006465912 -0.49580442905426025
vn -0.7680361270904541 0.41917821764945984 -0.4841591417789459
vn 0.9175652265548706 0.05598469078540802 -0.39362388849258423
vn -0.56892991065979 0.5306015610694885 -0.6283159255981445
vn 0.8188608288764954 0.3448139727115631 -0.45887935161590576
vn -0.47781407833099365 0.7083353996276855 -0.5195716023445129
vn 0.6443774700164795 0.5682424306869507 -0.5117403864860535
vn -0.32595908641815186 0.8567690849304199 -0.3996216654777527
vn 0.504341721534729 0.7290522456169128 -0.4627336263656616
vn -0.6860576868057251 0.6184960603713989 -0.3831286132335663
vn 0.8100122213363647 0.47955235838890076 -0.33750519156455994
vn -0.05888502672314644 0.9628713726997375 -0.2634603679180145
vn 0.21357832849025726 0.8761023879051208 -0.4322371184825897
vn 0.1313469260931015 0.9769347310066223 -0.16836436092853546
vn -0.298000693321228 0.9349724650382996 -0.19241143763065338
vn 0.39832451939582825 0.8949891924858093 -0.20082822442054749
vn 0.05279451981186867 -0.9746789932250977 -0.21728730201721191
vn -0.32438406348228455 -0.8028919100761414 -0.500139594078064
vn 0.4137164056301117 -0.8961635828018188 0.16040471196174622
vn -0.5107612013816833 -0.8553778529167175 -0.08632341027259827
vn -0.4334779381752014 -0.8853995203971863 -0.16782313585281372
vn 0.5141080021858215 -0.8448120951652527 -0.14827460050582886
vn -0.3458086848258972 -0.9242926836013794 0.1615532785654068
vn -0.6262871026992798 -0.7668831944465637 -0.14019499719142914
vn 0.5859097838401794 -0.8091476559638977 0.04460800439119339
vn -0.8199601173400879 -0.5708759427070618 0.042025126516819
vn -0.7163112163543701 -0.6975846290588379 -0.01655249297618866
vn 0.7020895481109619 -0.7091776728630066 -0.06432218849658966
vn -0.9384306073188782 -0.3449997007846832 -0.017978062853217125
vn 0.8292065262794495 -0.5518261790275574 0.08890683203935623
vn -0.9440869092941284 -0.20821832120418549 0.2556268572807312
vn 0.6957716941833496 -0.706216037273407 0.13099904358386993
vn -0.9899685382843018 0.07198171317577362 0.12157703191041946
vn 0.8454862833023071 -0.4547066390514374 0.2799907624721527
vn -0.8831661343574524 0.46574169397354126 0.05569813400506973
vn 0.892353892326355 -0.4204326868057251 0.16413716971874237
vn -0.9193513989448547 0.2580965459346771 0.29694995284080505
vn -0.8446670770645142 0.4786860942840576 0.2395770251750946
vn 0.9210951328277588 -0.14308610558509827 0.3620913326740265
vn 0.8459705114364624 -0.2660965621471405 0.46208927035331726
vn -0.8124317526817322 0.5071821212768555 0.28761225938796997
vn 0.8945876359939575 0.1674424111843109 0.41433799266815186
vn -0.6827434301376343 0.6619717478752136 0.3092811405658722
vn 0.725657045841217 0.41638559103012085 0.5477635860443115
vn -0.7209444046020508 0.5701704025268555 0.3938845098018646
vn 0.7785258293151855 0.11271758377552032 0.6174077987670898
vn -0.5792518854141235 0.7133452892303467 0.39446917176246643
vn 0.6422797441482544 0.5948326587677002 0.4833744764328003
vn -0.3871058523654938 0.8366690874099731 0.38747119903564453
vn -0.19594161212444305 0.8113266229629517 0.5507777333259583
vn 0.1868637651205063 0.7492628693580627 0.635363757610321
vn 0.39336442947387695 0.7134906053543091 0.5798237919807434
vn 0.5349042415618896 0.6474770903587341 0.5428175330162048
vn -0.3979450762271881 0.7438702583312988 0.5369327664375305
vn 0.6662498712539673 0.45020791888237 0.5944947004318237
vn -0.3848845660686493 -0.712209939956665 -0.5870442986488342
vn -0.0945519432425499 -0.747489333152771 -0.6575102210044861
vn 0.1731521040201187 -0.7691396474838257 -0.6151769161224365
vn -0.4217784106731415 -0.5787594318389893 -0.697954535484314
vn 0.4291262626647949 -0.6407045722007751 -0.6366696953773499
vn -0.6733943223953247 -0.3929033577442169 -0.626232385635376
vn 0.5695742964744568 -0.5097492337226868 -0.6447796821594238
vn -0.6299654245376587 -0.5718492269515991 -0.5254826545715332
vn 0.6386043429374695 -0.6139607429504395 -0.4639360308647156
vn -0.8513624668121338 -0.09701067209243774 -0.5155297517776489
vn 0.7903598546981812 -0.45470762252807617 -0.41057562828063965
vn -0.8373484015464783 0.18973593413829803 -0.5126870274543762
vn 0.8805801272392273 -0.2396424263715744 -0.40884003043174744
vn -0.8543684482574463 -0.044026024639606476 -0.5177995562553406
vn 0.9526392817497253 -0.06507764756679535 -0.2970578074455261
vn -0.8246407508850098 0.428274005651474 -0.3695254325866699
vn 0.9394722580909729 0.14881619811058044 -0.3086189329624176
vn 0.964125394821167 0.23145337402820587 -0.12996754050254822
vn -0.7847474813461304 0.5836868286132812 -0.20852132141590118
vn 0.9153870344161987 0.3513152301311493 -0.1965814232826233
vn -0.6052711606025696 0.7559078335762024 -0.2494998425245285
vn 0.7970994114875793 0.5806837677955627 -0.16564711928367615
vn -0.42454665899276733 0.905278205871582 -0.015217696316540241
vn 0.6553654670715332 0.7255646586418152 -0.2098861038684845
vn -0.09510505199432373 0.995019257068634 0.02986259013414383
vn 0.18055690824985504 0.9826092720031738 0.0433381162583828
vn 0.4582008719444275 0.8885796666145325 0.021868335083127022
vn -0.6735414862632751 0.7386866211891174 -0.026152361184358597
vn 0.7014870047569275 0.7119200825691223 0.032952915877103806
vn -0.4900531768798828 -0.8708205223083496 0.038982294499874115
vn -0.2595249116420746 -0.9632251262664795 0.06960022449493408
vn 0.029405610635876656 -0.9759356379508972 0.21606691181659698
vn 0.37045904994010925 -0.9262474179267883 0.06946813315153122
vn -0.6790778636932373 -0.7201358079910278 0.1423293650150299
vn 0.5931332111358643 -0.768723726272583 0.23928411304950714
vn -0.7476715445518494 -0.6311355829238892 0.20653149485588074
vn -0.5937297344207764 -0.754499077796936 0.279671311378479
vn -0.3618841767311096 -0.8805808424949646 0.30596923828125
vn 0.30357789993286133 -0.925812304019928 0.22519326210021973
vn -0.8965012431144714 -0.3444081246852875 0.2786908447742462
vn 0.6377325654029846 -0.6609915494918823 0.3954583406448364
vn 0.7609449028968811 -0.5688686370849609 0.31201186776161194
vn -0.7987092137336731 -0.49016273021698 0.3490045964717865
vn -0.9185663461685181 0.11115022748708725 0.37931716442108154
vn 0.8138763308525085 -0.3972107768058777 0.4240623414516449
vn 0.6789332628250122 -0.46910908818244934 0.564788818359375
vn -0.879772424697876 0.27548161149024963 0.3874407410621643
vn 0.7714311480522156 -0.22090430557727814 0.5967371463775635
vn -0.7424845695495605 0.44805392622947693 0.49796026945114136
vn -0.8232353925704956 0.2594176232814789 0.5049614310264587
vn 0.6861773133277893 -0.25712645053863525 0.6804754137992859
vn -0.6187772750854492 0.5810622572898865 0.5286599397659302
vn 0.7407853007316589 0.05441920459270477 0.669533908367157
vn -0.48539695143699646 0.6368038654327393 0.5990581512451172
vn 0.582017183303833 0.27918705344200134 0.7637477517127991
vn -0.4935688078403473 0.55158531665802 0.6724162101745605
vn 0.5950990319252014 0.04860866442322731 0.80218106508255
vn -0.2626211941242218 0.6655169725418091 0.6986539363861084
vn 0.4611877501010895 0.47799649834632874 0.7475461363792419
vn -0.14945469796657562 0.7864417433738708 0.5993102192878723
vn 0.08250295370817184 0.7319439649581909 0.6763514280319214
vn 0.3212021291255951 0.6311219930648804 0.7060554027557373
vn -0.019449234008789062 0.6511574983596802 0.7586933970451355
vn 0.1958235502243042 0.5827534794807434 0.7887024879455566
vn 0.4166097939014435 0.42690521478652954 0.802613377571106
vn -0.6960095763206482 -0.6017075777053833 -0.39181455969810486
vn -0.5429129600524902 -0.7026232481002808 -0.4599631428718567
vn -0.20586805045604706 -0.7682777643203735 -0.6061086058616638
vn 0.19894443452358246 -0.7963723540306091 -0.5711499452590942
vn 0.4626017212867737 -0.7642692923545837 -0.44932398200035095
vn -0.3604887127876282 -0.8077484965324402 -0.4664658010005951
vn -0.030032005161046982 -0.8269938826560974 -0.5614083409309387
vn 0.36102718114852905 -0.8018726706504822 -0.4760878384113312
vn -0.8209725022315979 -0.37554243206977844 -0.43008387088775635
vn 0.6959746479988098 -0.6562747955322266 -0.29141491651535034
vn -0.865347683429718 -0.25241735577583313 -0.4329652488231659
vn 0.7836875319480896 -0.5630361437797546 -0.26234370470046997
vn -0.9229017496109009 -0.27048707008361816 -0.27402395009994507
vn 0.8633419871330261 -0.3933226764202118 -0.31612953543663025
vn -0.9504553079605103 0.11469224095344543 -0.28892987966537476
vn 0.9579941630363464 -0.26018407940864563 -0.12062982469797134
vn -0.8618687987327576 0.3412010669708252 -0.37518540024757385
vn -0.8518298268318176 0.489950031042099 -0.18529674410820007
vn 0.9987773895263672 0.04909822344779968 -0.005754147190600634
vn 0.9232043623924255 0.36589330434799194 0.11754071712493896
vn -0.8384664058685303 0.5447869896888733 0.013463160954415798
vn 0.9003310203552246 0.4339693784713745 -0.032782331109046936
vn -0.7403612732887268 0.66680508852005 0.08506622910499573
vn 0.8224669098854065 0.5633770227432251 0.07844989001750946
vn -0.4380178153514862 0.8873632550239563 0.14396831393241882
vn -0.13656006753444672 0.9612124562263489 0.2396288812160492
vn 0.10911352187395096 0.9584166407585144 0.2636887729167938
vn 0.36982423067092896 0.8995038270950317 0.2326434999704361
vn 0.6001384258270264 0.7665193676948547 0.22865262627601624
vn 0.7198691964149475 0.6213093400001526 0.3094562292098999
vn 0.0006093406118452549 -0.9720979332923889 0.23457463085651398
vn -0.15191149711608887 -0.9320653080940247 0.3289029896259308
vn 0.08733594417572021 -0.8777597546577454 0.4710734784603119
vn -0.5316201448440552 -0.6946356892585754 0.48462483286857605
vn -0.2887117862701416 -0.7898723483085632 0.541061282157898
vn 0.43078094720840454 -0.762696385383606 0.4824126958847046
vn -0.0760573297739029 -0.8178844451904297 0.5703336000442505
vn -0.6312598586082458 -0.621182918548584 0.4643735885620117
vn 0.5632811188697815 -0.5767459273338318 0.5916743874549866
vn -0.7374868988990784 -0.44512102007865906 0.5079176425933838
vn -0.4780554175376892 -0.6350386142730713 0.606785774230957
vn -0.23637598752975464 -0.6870153546333313 0.6871216893196106
vn 0.051587529480457306 -0.6520330309867859 0.7564335465431213
vn 0.22930528223514557 -0.6774386763572693 0.6989248394966125
vn -0.9034969210624695 -0.0939558893442154 0.41816946864128113
vn 0.5681357383728027 -0.41350090503692627 0.7115045785903931
vn -0.802931547164917 0.03185024857521057 0.5952197909355164
vn -0.7769849300384521 -0.18090732395648956 0.602965235710144
vn 0.17070162296295166 -0.5736714601516724 0.8011005520820618
vn 0.3821776211261749 -0.4842846393585205 0.7870252132415771
vn -0.7108749151229858 0.26909077167510986 0.6498054265975952
vn 0.5619459748268127 -0.16748307645320892 0.8100408911705017
vn -0.526072084903717 0.43594691157341003 0.7302044034004211
vn -0.5724633932113647 0.23881880939006805 0.7843795418739319
vn 0.43927961587905884 -0.23090960085391998 0.8681671023368835
vn -0.32781070470809937 0.5112507343292236 0.7944576144218445
vn 0.492302805185318 0.16053469479084015 0.8554920554161072
vn -0.20861312747001648 0.5640871524810791 0.7989282011985779
vn 0.04699982702732086 0.48166146874427795 0.8750961422920227
vn 0.2633812129497528 0.3600025773048401 0.8950019478797913
vn -0.09672335535287857 0.42550235986709595 0.8997734785079956
vn 0.19952745735645294 0.2240343540906906 0.9539378881454468
vn 0.368572473526001 0.032624199986457825 0.9290263652801514
vn -0.4541032612323761 -0.8607420325279236 -0.23002922534942627
vn -0.15574662387371063 -0.9345985651016235 -0.3197944462299347
vn 0.17464575171470642 -0.9167342185974121 -0.35930106043815613
vn -0.6235495209693909 -0.7301532030105591 -0.2793964147567749
vn 0.504837691783905 -0.8401786684989929 -0.1980879008769989
vn -0.7622034549713135 -0.6087158918380737 -0.22025182843208313
vn 0.5823679566383362 -0.7556872963905334 -0.29964035749435425
vn -0.8522018790245056 -0.4495309591293335 -0.2677197754383087
vn 0.7025383710861206 -0.7030231356620789 -0.11044584214687347
vn -0.9306091070175171 -0.3514367341995239 -0.10226911306381226
vn 0.7665264010429382 -0.6421409845352173 0.009601791389286518
vn -0.9778211116790771 -0.18513663113117218 0.0979299396276474
vn 0.8499908447265625 -0.5221647024154663 -0.06971162557601929
vn -0.9979158043861389 0.062030065804719925 -0.017785245552659035
vn 0.9595742225646973 -0.2505939304828644 0.1281406581401825
vn -0.9027966856956482 0.4298330843448639 -0.014203038066625595
vn -0.9420922994613647 0.22648639976978302 0.2473178505897522
vn -0.8893344402313232 0.417153924703598 0.18726155161857605
vn 0.9711453914642334 0.09541340917348862 0.2185700684785843
vn 0.8419415354728699 0.417914479970932 0.3412945568561554
vn -0.830599308013916 0.5071695446968079 0.22996512055397034
vn 0.7932168245315552 0.5367616415023804 0.2875656485557556
vn 0.5989857316017151 0.5830890536308289 0.548838198184967
vn -0.6978316903114319 0.6360154151916504 0.3294166922569275
vn 0.539219319820404 0.7235392332077026 0.43096810579299927
vn -0.5515239834785461 0.7927882075309753 0.25943830609321594
vn -0.24755902588367462 0.889182448387146 0.3847976326942444
vn 0.053607869893312454 0.8840659856796265 0.4642774760723114
vn 0.32006576657295227 0.8426757454872131 0.43296125531196594
vn -0.3837946653366089 0.777937650680542 0.49750852584838867
vn -0.059714850038290024 0.8001558780670166 0.5968121290206909
vn 0.18448404967784882 0.7620205283164978 0.6207175850868225
vn 0.3867191672325134 0.7019892334938049 0.5980464220046997
vn -0.4823707640171051 -0.5161502957344055 0.7077481150627136
vn -0.2180805802345276 -0.6039710640907288 0.7665898203849792
vn -0.6159961223602295 -0.3483242094516754 0.7065544128417969
vn -0.0475926510989666 -0.4339367747306824 0.8996854424476624
vn -0.6452475786209106 -0.05361740291118622 0.762089729309082
vn 0.2743164300918579 -0.29498618841171265 0.9152779579162598
vn -0.5060473084449768 -0.2181018739938736 0.834474503993988
vn -0.36367055773735046 -0.31300750374794006 0.8773654103279114
vn -0.44217127561569214 0.15216609835624695 0.8839287757873535
vn 0.25752171874046326 0.04533762484788895 0.9652083516120911
vn -0.30493399500846863 0.3422965705394745 0.8887341618537903
vn -0.060393694788217545 0.2459922432899475 0.9673884510993958
vn -0.3269025981426239 0.049213264137506485 0.9437757730484009
vn -0.08309406042098999 -0.06821997463703156 0.9942039251327515
vn -0.4171188473701477 -0.90871661901474 -0.015686318278312683
vn -0.10839086025953293 -0.9939351677894592 -0.018556443974375725
vn 0.1588887870311737 -0.9843458533287048 -0.07627315819263458
vn -0.6939430236816406 -0.719813883304596 0.017637627199292183
vn 0.4259308874607086 -0.9020547866821289 0.06985805183649063
vn -0.774509847164154 -0.6324916481971741 0.009427174925804138
vn 0.5951926112174988 -0.8031530380249023 0.026286574080586433
vn -0.49572890996932983 -0.8383609056472778 0.22672416269779205
vn -0.12091944366693497 -0.9559870958328247 0.26733341813087463
vn 0.21053586900234222 -0.9549213647842407 0.20928426086902618
vn -0.8869635462760925 -0.45847848057746887 -0.05561690032482147
vn 0.7135926485061646 -0.6858639121055603 0.14274564385414124
vn -0.8457348346710205 -0.5194573402404785 0.12205218523740768
vn 0.5819829702377319 -0.7965803742408752 0.16357122361660004
vn -0.9636617302894592 -0.2552809715270996 0.07866232842206955
vn 0.7820047736167908 -0.5420540571212769 0.3076459765434265
vn 0.8618764877319336 -0.4661794602870941 0.19961373507976532
vn -0.9686529636383057 0.01827574521303177 0.2477448284626007
vn 0.9034509658813477 -0.17682938277721405 0.39052245020866394
vn 0.8338940143585205 -0.2900889217853546 0.4695415496826172
vn -0.896741509437561 0.32118934392929077 0.3044537603855133
vn 0.8845739364624023 0.09659019112586975 0.4562886357307434
vn 0.7392181158065796 0.31746774911880493 0.5939450860023499
vn 0.7458783984184265 0.07055388391017914 0.6623349785804749
vn -0.7382889986038208 0.4973379671573639 0.4556141793727875
vn 0.6641817092895508 0.46581214666366577 0.5847065448760986
vn -0.5252512097358704 0.6436877250671387 0.5565764904022217
vn -0.19695250689983368 0.7068312764167786 0.679410994052887
vn 0.08833258599042892 0.6892064809799194 0.7191605567932129
vn 0.33196911215782166 0.6254046559333801 0.7061625123023987
vn 0.5177611708641052 0.5250125527381897 0.6754889488220215
vn -0.404704213142395 0.601265549659729 0.6889806389808655
vn -0.0691828578710556 0.6295526027679443 0.7738716006278992
vn 0.18565551936626434 0.5885462760925293 0.7868579030036926
vn 0.3826071619987488 0.5051940679550171 0.773557186126709
vn 0.6036264896392822 0.35676679015159607 0.7129884362220764
vn -0.41084426641464233 -0.8313263058662415 0.37430423498153687
vn -0.010121000930666924 -0.9198538064956665 0.39213070273399353
vn 0.28283095359802246 -0.9313533902168274 0.2293199747800827
vn -0.6398137211799622 -0.7047503590583801 0.30653780698776245
vn 0.3648744821548462 -0.8486035466194153 0.38306480646133423
vn -0.8084047436714172 -0.5114814043045044 0.2913222014904022
vn 0.5399155020713806 -0.741062581539154 0.39914608001708984
vn -0.43226295709609985 -0.761934220790863 0.48229143023490906
vn -0.16161832213401794 -0.8299777507781982 0.5338693857192993
vn 0.11918538063764572 -0.8518565893173218 0.5100345611572266
vn -0.9505107402801514 -0.22404175996780396 0.21525482833385468
vn 0.7551555633544922 -0.5103101134300232 0.41148966550827026
vn -0.8556004166603088 -0.30916279554367065 0.415170282125473
vn 0.5464226007461548 -0.6720299124717712 0.49979811906814575
vn -0.9421918988227844 0.08379938453435898 0.3244257867336273
vn 0.7800580859184265 -0.2487659454345703 0.5741297006607056
vn -0.849027693271637 0.30249276757240295 0.4331861138343811
vn 0.6987804770469666 0.10017639398574829 0.7082871198654175
vn -0.5553771257400513 0.53153395652771 0.6395529508590698
vn -0.21734482049942017 0.5488888025283813 0.8071445226669312
vn 0.03606167063117027 0.5331385731697083 0.8452590107917786
vn 0.22289179265499115 0.47441351413726807 0.8516167402267456
vn 0.48748311400413513 0.3721255958080292 0.7898625135421753
vn -0.6487018465995789 0.390853613615036 0.6530080437660217
vn 0.38190892338752747 0.3155870735645294 0.8686485886573792
vn 0.5910794138908386 0.1220124363899231 0.7973318696022034
vn -0.38085871934890747 -0.7003576755523682 0.6036934852600098
vn -0.06759282946586609 -0.7598455548286438 0.6465802192687988
vn 0.2055046707391739 -0.781643271446228 0.5888987183570862
vn -0.6155364513397217 -0.5943866968154907 0.5175126194953918
vn 0.35218706727027893 -0.5735043883323669 0.7396330833435059
vn -0.7203699946403503 -0.2999306321144104 0.6253868341445923
vn 0.651980996131897 -0.3898870646953583 0.6503145098686218
vn -0.5014322400093079 -0.5028131008148193 0.7040914297103882
vn -0.16030557453632355 -0.7271283268928528 0.6675227284431458
vn 0.11423659324645996 -0.5875646471977234 0.801072895526886
vn -0.8881865739822388 -0.038914430886507034 0.45783212780952454
vn 0.6972842216491699 -0.1793505847454071 0.6939942836761475
vn -0.8044173717498779 0.08521504700183868 0.5879210233688354
vn 0.2942343056201935 0.13534779846668243 0.9461010098457336
vn 0.4902423918247223 -0.05262811854481697 0.8699958324432373
vn -0.6476513147354126 -0.1259622871875763 0.7514528632164001
vn -0.5898604393005371 -0.16131021082401276 0.791229248046875
vn 0.33500710129737854 -0.1925068199634552 0.9223402142524719
vn 0.4249025583267212 -0.3044792115688324 0.8524965047836304
vn -0.5416044592857361 0.1800563931465149 0.8211237788200378
vn 0.1530861258506775 0.3336293399333954 0.9301914572715759
vn -0.31689679622650146 0.4518759548664093 0.8338972330093384
vn -0.044398050755262375 0.4470959007740021 0.8933835029602051
vn -0.33813202381134033 0.2182384729385376 0.915444552898407
vn -0.042970482259988785 0.4143845736980438 0.9090868830680847
vn 0.32271113991737366 -0.6830027103424072 0.655259370803833
vn -0.4857156574726105 -0.6189476847648621 0.6172391176223755
vn 0.3714730739593506 0.23744700849056244 0.897567093372345
vn -0.43568122386932373 0.277643084526062 0.8562104105949402
vn -0.04243134707212448 -0.28352946043014526 0.9580243229866028
vn 0.07679828256368637 0.09217964112758636 -0.9927763938903809
vn 0.3555286228656769 0.053564101457595825 -0.9331293106079102
vn -0.24140001833438873 0.18088679015636444 -0.9534180760383606
vn 0.12837255001068115 0.34242159128189087 -0.930735170841217
vn 0.3776091933250427 0.3282824456691742 -0.8658186793327332
vn 0.05069859325885773 0.522463858127594 -0.8511528968811035
vn 0.2885323464870453 0.5902635455131531 -0.7538819909095764
vn -0.028797391802072525 -0.20482929050922394 -0.9783740043640137
vn 0.21414414048194885 -0.2584417760372162 -0.9419926404953003
vn -0.04387958347797394 -0.420216828584671 -0.9063621759414673
vn 0.30775970220565796 -0.41671574115753174 -0.855354905128479
vn 0.5372829437255859 -0.41285842657089233 -0.735442042350769
vn -0.2443690001964569 -0.09972776472568512 -0.964540421962738
vn 0.4709344208240509 -0.18365831673145294 -0.8628385663032532
vn -0.49009084701538086 0.026684921234846115 -0.8712628483772278
vn -0.3892991840839386 -0.19104309380054474 -0.9010819792747498
vn 0.6009336113929749 -0.19877909123897552 -0.7741871476173401
vn -0.5954601168632507 0.23535104095935822 -0.7681388258934021
vn 0.5592404007911682 0.14174634218215942 -0.8167974948883057
vn -0.37846922874450684 0.38488322496414185 -0.841799259185791
vn 0.626714825630188 0.13041819632053375 -0.7682575583457947
vn -0.17732363939285278 0.7002606391906738 -0.6915138363838196
vn 0.49123746156692505 0.4987291693687439 -0.7141113877296448
vn 0.005075576715171337 0.8183677792549133 -0.574672520160675
vn 0.3072427809238434 0.7216827869415283 -0.6203029751777649
vn -0.47590234875679016 0.6507588028907776 -0.5916332602500916
vn 0.6055302619934082 0.4403895437717438 -0.662865161895752
vn 0.7877830862998962 0.328536719083786 -0.5210197567939758
vn -0.05779501423239708 0.8857552409172058 -0.4605403244495392
vn 0.2013578712940216 0.8717164397239685 -0.4467275142669678
vn -0.1554213911294937 -0.5400054454803467 -0.8271870613098145
vn 0.13645800948143005 -0.5793086886405945 -0.803604781627655
vn 0.3363133668899536 -0.5936707258224487 -0.7310597896575928
vn -0.3252117931842804 -0.5749935507774353 -0.7507461309432983
vn -0.1170877143740654 -0.5990944504737854 -0.7920709252357483
vn 0.20648427307605743 -0.689789891242981 -0.6939409971237183
vn -0.2992398142814636 -0.4112379252910614 -0.8610104322433472
vn 0.5627899765968323 -0.624589204788208 -0.5414386987686157
vn -0.5643088221549988 -0.2510666251182556 -0.7864611744880676
vn -0.481217622756958 -0.40169134736061096 -0.7791493535041809
vn -0.6568507552146912 -0.04258237034082413 -0.7528172731399536
vn 0.6908301711082458 -0.45095717906951904 -0.5651471614837646
vn -0.634088397026062 -0.11211814731359482 -0.765089213848114
vn 0.8453776240348816 -0.35819557309150696 -0.39627358317375183
vn -0.7122807502746582 0.23773130774497986 -0.6604089736938477
vn 0.7196680903434753 -0.20812448859214783 -0.662391185760498
vn 0.8093891739845276 0.049788590520620346 -0.5851582884788513
vn -0.7398187518119812 0.16880592703819275 -0.6512855291366577
vn 0.9068682193756104 -0.16046924889087677 -0.3896661102771759
vn -0.6365336179733276 0.4942774772644043 -0.5920429229736328
vn 0.9590517282485962 0.09569521248340607 -0.26657527685165405
vn -0.41967904567718506 0.752026379108429 -0.5082576274871826
vn 0.6547682881355286 0.606918215751648 -0.45047613978385925
vn 0.889236569404602 0.3748225271701813 -0.2622334361076355
vn -0.7197165489196777 0.47879740595817566 -0.5027536749839783
vn -0.1588640809059143 0.9216737747192383 -0.3539487421512604
vn 0.42977723479270935 0.7487304210662842 -0.5046724677085876
vn 0.09702323377132416 0.9577156901359558 -0.2708638906478882
vn 0.3356647193431854 0.902708113193512 -0.26916053891181946
vn -0.3885232210159302 0.8609963655471802 -0.32823020219802856
vn 0.5049167275428772 0.8054381012916565 -0.31036823987960815
vn -0.0958816334605217 0.11600003391504288 -0.9886105060577393
vn 0.273290753364563 0.06784190982580185 -0.9595361351966858
vn -0.19443625211715698 0.399253785610199 -0.895986020565033
vn 0.19431515038013458 0.42444685101509094 -0.8843565583229065
vn 0.07679181545972824 0.6510263085365295 -0.7551608085632324
vn -0.4372635781764984 -0.7011601328849792 -0.5631829500198364
vn -0.16934655606746674 -0.7612338066101074 -0.6259751319885254
vn 0.0665709599852562 -0.784469485282898 -0.616584062576294
vn -0.5216004252433777 -0.5151501297950745 -0.6801127195358276
vn 0.34169232845306396 -0.8305649757385254 -0.4397820234298706
vn 0.4185620844364166 -0.7341578602790833 -0.5346195697784424
vn -0.6015821099281311 -0.382942259311676 -0.7010380029678345
vn 0.6218059659004211 -0.7070890665054321 -0.3367229998111725
vn -0.7000857591629028 -0.19438336789608002 -0.6870917677879333
vn 0.7466197609901428 -0.573090136051178 -0.3378264009952545
vn -0.6928685903549194 -0.3746103048324585 -0.6161171793937683
vn -0.7495723962783813 0.041646379977464676 -0.6606109738349915
vn 0.8877330422401428 -0.439120352268219 -0.13821525871753693
vn -0.7797920107841492 -0.09953959286212921 -0.6180746555328369
vn -0.7708184719085693 0.39975014328956604 -0.49602290987968445
vn 0.9749081134796143 -0.1974194347858429 -0.10285836458206177
vn -0.8218351602554321 0.2067406326532364 -0.5308910608291626
vn -0.763310968875885 0.5907809734344482 -0.261408269405365
vn 0.9917600154876709 0.11918026953935623 -0.04699070006608963
vn -0.6338808536529541 0.6810932159423828 -0.36647936701774597
vn 0.87965989112854 0.4544110596179962 -0.1403890699148178
vn -0.4877236485481262 0.865534782409668 -0.1139087975025177
vn 0.6909635066986084 0.694672703742981 -0.19999812543392181
vn -0.23028375208377838 0.9648035168647766 -0.12697868049144745
vn -0.002690012101083994 0.9794114828109741 -0.20185643434524536
vn 0.38273659348487854 0.9106197357177734 -0.15583470463752747
vn 0.5335061550140381 0.8455796241760254 -0.019141722470521927
vn -0.6695032119750977 0.7390092015266418 -0.07503893971443176
vn 0.7672790884971619 0.6395492553710938 0.0475359782576561
vn -0.12730896472930908 0.9913045763969421 -0.033280741423368454
vn 0.2221509963274002 0.9694497585296631 -0.10400066524744034
vn -0.2537369728088379 -0.1946835070848465 -0.947478711605072
vn 0.1188129410147667 -0.28526771068573 -0.951055109500885
vn -0.2269352674484253 -0.35849419236183167 -0.905528724193573
vn 0.25719159841537476 -0.3515847325325012 -0.9001337289810181
vn 0.4230920076370239 -0.24016468226909637 -0.8736785054206848
vn -0.5077820420265198 -0.0025540890637785196 -0.861481785774231
vn 0.4364597499370575 -0.15768051147460938 -0.8857989311218262
vn -0.5968227386474609 -0.0920846164226532 -0.7970715761184692
vn 0.5596776604652405 -0.004011879675090313 -0.8287007212638855
vn -0.5243716835975647 0.2950804829597473 -0.7987251877784729
vn 0.4939638078212738 0.2247641235589981 -0.8399291038513184
vn -0.3737034797668457 0.5652095079421997 -0.7354481816291809
vn -0.7128803133964539 0.23038288950920105 -0.6623635292053223
vn 0.5743807554244995 0.329785019159317 -0.7492187023162842
vn 0.641714870929718 0.3205660581588745 -0.6967348456382751
vn -0.010159941390156746 0.7866710424423218 -0.6172888278961182
vn 0.3783423602581024 0.5583081841468811 -0.7383421063423157
vn 0.22229906916618347 0.7824714183807373 -0.5816542506217957
vn -0.2933880090713501 0.751743733882904 -0.5905970931053162
vn 0.48305273056030273 0.5906062722206116 -0.6464088559150696
vn -0.4515839219093323 -0.8212533593177795 -0.34873342514038086
vn -0.241108700633049 -0.8796982765197754 -0.4098750352859497
vn 0.05002014711499214 -0.9260150194168091 -0.37415802478790283
vn -0.6122649312019348 -0.6072446703910828 -0.5063453316688538
vn 0.3440353572368622 -0.920215904712677 -0.18666128814220428
vn -0.6474171280860901 -0.6752023100852966 -0.35348695516586304
vn 0.5056771039962769 -0.8339563012123108 -0.22092404961585999
vn 0.12470809370279312 -0.9899453520774841 -0.06675396859645844
vn -0.7135883569717407 -0.4456486403942108 -0.5405451655387878
vn 0.6611928343772888 -0.7414723038673401 -0.114205501973629
vn -0.8769645690917969 -0.27794715762138367 -0.39201852679252625
vn 0.7680259346961975 -0.6353226900100708 -0.08063037693500519
vn -0.7799254059791565 -0.5692104697227478 -0.26022258400917053
vn -0.9328452348709106 -0.006848713383078575 -0.3602123260498047
vn 0.8935675621032715 -0.445607453584671 0.05450676754117012
vn -0.938162624835968 0.271564245223999 -0.21471811830997467
vn 0.9743790030479431 -0.21591076254844666 0.0629933625459671
vn -0.8292711973190308 0.46440479159355164 -0.3108657896518707
vn -0.779109001159668 0.6148901581764221 -0.12206295132637024
vn 0.990838885307312 0.04616822302341461 0.12691263854503632
vn -0.7106991410255432 0.7002612948417664 0.0673867017030716
vn 0.9190420508384705 0.37431785464286804 0.12348224967718124
vn -0.5007917881011963 0.8599257469177246 0.09866799414157867
vn -0.35591477155685425 0.9343730807304382 0.016483156010508537
vn 0.6263021230697632 0.7543935179710388 0.19656085968017578
vn 0.709523618221283 0.668195903301239 0.22380907833576202
vn -0.3137182295322418 0.9206264019012451 0.23243919014930725
vn 0.5361180305480957 0.8438277244567871 0.023069551214575768
vn 0.03307146951556206 0.9807770252227783 0.1923087239265442
vn 0.3596579432487488 0.9125708937644958 0.19457796216011047
vn -0.2314886897802353 -0.4933082163333893 -0.8384867310523987
vn 0.012975147925317287 -0.4959576725959778 -0.868249773979187
vn 0.27544575929641724 -0.4441409409046173 -0.8525658249855042
vn -0.31001049280166626 -0.6236469745635986 -0.717605710029602
vn -0.055607229471206665 -0.6143036484718323 -0.7871079444885254
vn 0.16239787638187408 -0.6066855192184448 -0.7781772017478943
vn -0.47973260283470154 -0.37846633791923523 -0.7915932536125183
vn 0.5120413899421692 -0.34725242853164673 -0.7856394648551941
vn -0.7057946920394897 -0.20006686449050903 -0.6795786619186401
vn -0.6332516670227051 -0.4492175877094269 -0.6302348375320435
vn 0.6798985004425049 -0.31325316429138184 -0.6630313396453857
vn -0.7852920889854431 0.07583203166723251 -0.6144639849662781
vn 0.6129024028778076 -0.12791240215301514 -0.7797365188598633
vn 0.6728538274765015 0.11651936918497086 -0.7305415868759155
vn 0.7542008757591248 -0.027699247002601624 -0.6560593247413635
vn 0.8469184041023254 -0.14907175302505493 -0.5103986859321594
vn -0.7736238837242126 0.39881429076194763 -0.4923953711986542
vn 0.7981178760528564 0.22714316844940186 -0.5580447316169739
vn -0.6583163738250732 0.5094539523124695 -0.5541446208953857
vn 0.7440583109855652 0.3624192476272583 -0.5612750053405762
vn 0.8799726366996765 0.06231575086712837 -0.47091928124427795
vn -0.4658765196800232 0.7911607027053833 -0.3962624669075012
vn 0.5609951615333557 0.6208439469337463 -0.5475739240646362
vn -0.13422904908657074 0.9127882719039917 -0.3857463002204895
vn 0.1465863287448883 0.8931227326393127 -0.4252578914165497
vn 0.37238168716430664 0.7847970128059387 -0.4954044818878174
vn -0.6188064813613892 0.7125605344772339 -0.3306600749492645
vn 0.7348852753639221 0.5329254865646362 -0.4194449484348297
vn -0.17015641927719116 0.9590262174606323 -0.22652941942214966
vn 0.052036579698324203 0.9717745780944824 -0.23010100424289703
vn 0.26827239990234375 0.9269915223121643 -0.2621385157108307
vn -0.374705046415329 -0.9232877492904663 -0.08447403460741043
vn -0.16276152431964874 -0.9783965945243835 -0.1274712085723877
vn -0.5860643982887268 -0.7774048447608948 -0.2284080535173416
vn 0.029655611142516136 -0.9820760488510132 0.18613757193088531
vn -0.7015570998191833 -0.7089239954948425 -0.07241836190223694
vn -0.5756385922431946 -0.8167492747306824 0.03950868546962738
vn 0.2975652515888214 -0.9479964971542358 0.11294937878847122
vn 0.45165953040122986 -0.8918383717536926 0.0250602588057518
vn -0.4497056007385254 -0.8837713599205017 0.12927936017513275
vn -0.19229795038700104 -0.9540880918502808 0.22964635491371155
vn -0.9356362819671631 -0.33680179715156555 -0.10559022426605225
vn 0.654062032699585 -0.7500849962234497 0.09785422682762146
vn 0.7636421322822571 -0.6189866065979004 0.1835927814245224
vn -0.8876101970672607 -0.455331951379776 0.06943356990814209
vn 0.54398512840271 -0.7878022789955139 0.28887349367141724
vn -0.9982383251190186 -0.0179834496229887 -0.05654069036245346
vn 0.8742218017578125 -0.4412311315536499 0.20261141657829285
vn 0.7362422347068787 -0.5846555233001709 0.34077179431915283
vn -0.9680642485618591 0.20614978671073914 0.14266720414161682
vn 0.9433629512786865 -0.1848851591348648 0.27547016739845276
vn -0.8656020164489746 0.5000324845314026 0.02646959386765957
vn -0.8661692142486572 0.37820670008659363 0.3266659379005432
vn 0.8352198600769043 -0.3658920228481293 0.4105250835418701
vn -0.8060430884361267 0.5474189519882202 0.22500450909137726
vn 0.9323137998580933 0.151555597782135 0.3283623456954956
vn 0.8673546314239502 -0.057462140917778015 0.4943622350692749
vn -0.724863588809967 0.6409878134727478 0.2524034380912781
vn 0.8207340836524963 0.45796823501586914 0.34155645966529846
vn -0.5423014760017395 0.8047435283660889 0.2414477914571762
vn -0.430747926235199 0.8358284831047058 0.34036314487457275
vn 0.5322181582450867 0.6322405338287354 0.563041627407074
vn 0.6565799713134766 0.5988727807998657 0.45853477716445923
vn -0.5456877946853638 0.7470256686210632 0.3797072172164917
vn 0.80806565284729 0.2778145372867584 0.5194699168205261
vn -0.28785452246665955 0.7897066473960876 0.5417594313621521
vn 0.5493196249008179 0.7406946420669556 0.3868066668510437
vn -0.08086944371461868 0.87666916847229 0.47424817085266113
vn 0.24253033101558685 0.8293763399124146 0.5033029913902283
vn 0.027758996933698654 0.7014926075935364 0.712135910987854
vn 0.3503834009170532 0.660304605960846 0.6642509698867798
vn -0.37312743067741394 -0.7636333107948303 -0.5269156694412231
vn -0.16373756527900696 -0.7812953591346741 -0.6023018956184387
vn 0.07549253106117249 -0.7927907705307007 -0.6048005819320679
vn -0.5530843734741211 -0.6132760047912598 -0.5639063119888306
vn 0.3602347671985626 -0.6416067481040955 -0.6771792769432068
vn -0.7780428528785706 -0.46349334716796875 -0.424055814743042
vn 0.5296796560287476 -0.4856342375278473 -0.695412814617157
vn 0.5104356408119202 -0.6749843955039978 -0.5327771306037903
vn -0.8296051025390625 -0.21649067103862762 -0.5146719813346863
vn 0.6637409329414368 -0.5729034543037415 -0.4808633625507355
vn 0.7742471694946289 -0.39609551429748535 -0.49360889196395874
vn -0.8147912621498108 0.04144728183746338 -0.5782710909843445
vn 0.9143180847167969 -0.2810650169849396 -0.2915903925895691
vn -0.8471543192863464 -0.18828023970127106 -0.4968704283237457
vn -0.7404828071594238 0.49989691376686096 -0.4492085576057434
vn 0.9677116870880127 -0.06011415272951126 -0.24478642642498016
vn 0.9255149960517883 0.18523138761520386 -0.33032017946243286
vn -0.8345540761947632 0.21102337539196014 -0.5089093446731567
vn -0.6982102990150452 0.6751258969306946 -0.23813338577747345
vn 0.8606742024421692 0.4247603416442871 -0.2807466387748718
vn -0.4751693606376648 0.8372132778167725 -0.2707176208496094
vn 0.6860687732696533 0.6755713820457458 -0.27002424001693726
vn 0.9342367649078369 0.3220336437225342 -0.1532842367887497
vn -0.3408650755882263 0.9383121132850647 -0.05814998224377632
vn 0.46941933035850525 0.820524275302887 -0.3261678218841553
vn -0.06146707385778427 0.9981049299240112 0.0029047338757663965
vn 0.1789671927690506 0.9834294319152832 -0.028937842696905136
vn 0.37803876399993896 0.9241350889205933 -0.05532674491405487
vn -0.5934728980064392 0.803453266620636 -0.047464486211538315
vn 0.5860093832015991 0.8038784265518188 -0.10184556245803833
vn -0.5015968084335327 -0.8226518630981445 0.2676650285720825
vn -0.31308797001838684 -0.8766292333602905 0.3653727173805237
vn -0.0008527120226062834 -0.9268093109130859 0.3755313754081726
vn 0.24046871066093445 -0.9311562180519104 0.27408552169799805
vn -0.6904834508895874 -0.6853086352348328 0.23148368299007416
vn 0.34568095207214355 -0.8291020393371582 0.43942517042160034
vn -0.8298802971839905 -0.36318036913871765 0.4235548973083496
vn 0.5301130414009094 -0.7285013794898987 0.4338962137699127
vn -0.6131580471992493 -0.5888407826423645 0.5265963673591614
vn -0.39463743567466736 -0.7644549608230591 0.5097745060920715
vn -0.15097364783287048 -0.8645175695419312 0.4793916940689087
vn 0.12677422165870667 -0.8657367825508118 0.484177827835083
vn -0.9605880379676819 -0.1272851824760437 0.24712178111076355
vn 0.6916356682777405 -0.49053192138671875 0.5301118493080139
vn -0.9005843997001648 0.07296587526798248 0.42851346731185913
vn -0.7955909371376038 -0.17646382749080658 0.5795649886131287
vn -0.6208111643791199 -0.4692462384700775 0.6280139088630676
vn 0.49990805983543396 -0.6786959767341614 0.5380183458328247
vn -0.843407154083252 0.1591312140226364 0.5131683349609375
vn 0.7555169463157654 -0.23565781116485596 0.6112769842147827
vn -0.8464595079421997 0.3635617792606354 0.38901054859161377
vn 0.7254490256309509 0.0522206649184227 0.6862919926643372
vn -0.6276949644088745 0.557721734046936 0.5430888533592224
vn -0.696821928024292 0.36630189418792725 0.6166539788246155
vn 0.5446818470954895 0.10508711636066437 0.8320327401161194
vn -0.41672515869140625 0.6677631139755249 0.6167922616004944
vn 0.6749206185340881 0.3956276476383209 0.6228651404380798
vn -0.27991586923599243 0.8024798631668091 0.526947021484375
vn -0.170357808470726 0.7099598050117493 0.6833266019821167
vn 0.19924046099185944 0.6048634648323059 0.7710016369819641
vn 0.46374648809432983 0.5675747394561768 0.6802927851676941
vn -0.1816062331199646 0.6387411952018738 0.7476823329925537
vn 0.3382822573184967 0.4464864730834961 0.8283809423446655
vn 0.5492738485336304 0.3267243504524231 0.7691226005554199
vn -0.4156684875488281 -0.8533532023429871 -0.31465545296669006
vn -0.1847769021987915 -0.8968642950057983 -0.4018605947494507
vn 0.056972935795784 -0.9050921201705933 -0.4213815927505493
vn 0.2998959422111511 -0.8440138101577759 -0.4446382522583008
vn -0.6329988837242126 -0.6811981201171875 -0.36780649423599243
vn 0.5116618871688843 -0.792400062084198 -0.3321210443973541
vn -0.8092285990715027 -0.5510861873626709 -0.20360063016414642
vn -0.8630796670913696 -0.3809763193130493 -0.33158791065216064
vn 0.6772035956382751 -0.7053878903388977 -0.20934002101421356
vn -0.8964478969573975 -0.39872637391090393 -0.19338688254356384
vn 0.8093854784965515 -0.5269502997398376 -0.25926536321640015
vn 0.8017475008964539 -0.5967437028884888 -0.03313489630818367
vn -0.9675782918930054 -0.05965122953057289 -0.24542614817619324
vn 0.9281143546104431 -0.3663448095321655 -0.06629695743322372
vn -0.9673404097557068 -0.23782669007778168 0.08769847452640533
vn -0.932904839515686 0.3252716660499573 -0.15455445647239685
vn 0.9910271167755127 -0.1298191249370575 -0.0318172313272953
vn -0.7862247228622437 0.5668569207191467 -0.2460162192583084
vn -0.7139359712600708 0.6988178491592407 -0.04414789751172066
vn 0.9909757971763611 0.12356748431921005 -0.051942624151706696
vn 0.8910301327705383 0.453746497631073 0.01339794509112835
vn -0.6781343817710876 0.7301645278930664 0.08362805843353271
vn 0.7733296751976013 0.6331356763839722 -0.033173348754644394
vn -0.3969532549381256 0.9096810817718506 0.12210052460432053
vn -0.10240228474140167 0.9775682687759399 0.18404923379421234
vn 0.14036910235881805 0.9748209714889526 0.17326457798480988
vn 0.3386154770851135 0.9247779250144958 0.17356659471988678
vn 0.5541039109230042 0.8221865296363831 0.13030052185058594
vn -0.2994675636291504 -0.7274086475372314 0.6174106001853943
vn -0.034481994807720184 -0.8163699507713318 0.5764989852905273
vn 0.2242945432662964 -0.8108928799629211 0.5405042171478271
vn -0.5009302496910095 -0.5373439788818359 0.6784765124320984
vn 0.3246435821056366 -0.5995198488235474 0.7315616607666016
vn -0.6965540051460266 -0.21238580346107483 0.6853501200675964
vn 0.5522860884666443 -0.41926902532577515 0.7205508947372437
vn -0.514042317867279 -0.42402151226997375 0.7456314563751221
vn -0.22414717078208923 -0.7551202178001404 0.6160775423049927
vn 0.13429182767868042 -0.6594144105911255 0.7396880388259888
vn -0.7971277236938477 -0.007987333461642265 0.6037579774856567
vn 0.6165207624435425 -0.2125670462846756 0.758101224899292
vn -0.7291950583457947 0.08417986333370209 0.6791085004806519
vn 0.42586469650268555 -0.10383246839046478 0.8988093137741089
vn -0.5786446928977966 -0.08567498624324799 0.8110673427581787
vn -0.6002004742622375 -0.10495902597904205 0.7929332256317139
vn 0.36216655373573303 -0.3580779731273651 0.8605902791023254
vn 0.3649720251560211 -0.3149193227291107 0.8761399984359741
vn -0.48601457476615906 0.24401958286762238 0.8391926288604736
vn 0.3375307023525238 0.1822771579027176 0.92349773645401
vn -0.37652823328971863 0.42817458510398865 0.8215187191963196
vn 0.14596788585186005 0.33099228143692017 0.9322754144668579
vn -0.3121994137763977 0.20617814362049103 0.9273737668991089
vn -0.017289305105805397 0.2978845238685608 0.9544453620910645
vn 0.19333185255527496 0.044616639614105225 0.980118453502655
vn -0.12742677330970764 0.4269917607307434 0.895232081413269
vn 0.10219459235668182 0.5204563140869141 0.8477509021759033
vn -0.02566320076584816 0.620258092880249 0.7839779257774353
vn -0.021631533280014992 0.35577592253685 0.9343209266662598
vn -0.3935132622718811 -0.9146625399589539 -0.09241066128015518
vn -0.15662235021591187 -0.9747408032417297 -0.15921665728092194
vn 0.03771854192018509 -0.971930980682373 -0.2322230488061905
vn 0.27310165762901306 -0.9371822476387024 -0.2170368731021881
vn -0.6622891426086426 -0.7324252128601074 -0.15788109600543976
vn 0.5014123916625977 -0.8556411862373352 -0.12831111252307892
vn -0.769325852394104 -0.6335099935531616 0.08247993141412735
vn 0.6281895637512207 -0.7769332528114319 0.0418650358915329
vn -0.6268364787101746 -0.7722189426422119 0.10370168089866638
vn 0.3758019208908081 -0.9266642332077026 0.00814862921833992
vn -0.8787986636161804 -0.4731077253818512 -0.062306106090545654
vn 0.8327099084854126 -0.5329124331474304 0.15032823383808136
vn 0.6713751554489136 -0.7262884378433228 0.1475146859884262
vn -0.9182936549186707 -0.3698514401912689 0.1412329524755478
vn 0.9332363605499268 -0.32697197794914246 0.1488601118326187
vn -0.9194886684417725 -0.10274413228034973 0.3794527053833008
vn -0.974278450012207 0.14869821071624756 0.16932310163974762
vn 0.9768241047859192 -0.08580154925584793 0.1960938721895218
vn -0.8274921774864197 0.5389857888221741 0.15732477605342865
vn -0.8656200766563416 0.28135257959365845 0.4141770303249359
vn -0.8003069758415222 0.5149232745170593 0.30718517303466797
vn 0.9729956388473511 0.1712821125984192 0.15473170578479767
vn 0.8264976143836975 0.5111750364303589 0.2358006089925766
vn -0.7520635724067688 0.5899335145950317 0.2939028739929199
vn 0.7020891308784485 0.6810826063156128 0.2078397125005722
vn -0.5295122861862183 0.8176406025886536 0.22601032257080078
vn -0.22567251324653625 0.9199076890945435 0.32068976759910583
vn 0.0654245913028717 0.9210435748100281 0.38392505049705505
vn 0.28816813230514526 0.8790911436080933 0.37968137860298157
vn 0.49046123027801514 0.8001918196678162 0.34516802430152893
vn -0.6078869104385376 0.6742936372756958 0.41928717494010925
vn 0.2088126391172409 -0.7689001560211182 0.6043094396591187
vn -0.6299735903739929 -0.5554207563400269 0.542808473110199
vn 0.3732844889163971 0.07554555684328079 0.9246359467506409
vn -0.42923182249069214 0.25694599747657776 0.8658745884895325
vn -0.15836121141910553 -0.3303617238998413 0.930474579334259
vn -0.10985332727432251 -0.9882884621620178 0.10591614246368408
vn 0.09317131340503693 -0.9956459999084473 -0.002859031781554222
vn -0.37995103001594543 -0.901128351688385 0.20881807804107666
vn 0.2016780823469162 -0.9636844992637634 0.1750377118587494
vn -0.7038449048995972 -0.6467585563659668 0.29377833008766174
vn -0.5148887634277344 -0.7708908319473267 0.37498939037323
vn 0.3497186005115509 -0.9048587083816528 0.24275028705596924
vn -0.20465102791786194 -0.8963034152984619 0.3933931291103363
vn 0.03502673655748367 -0.9427133202552795 0.33176013827323914
vn -0.8682161569595337 -0.46464094519615173 0.17409619688987732
vn 0.5462118983268738 -0.7697176933288574 0.33043503761291504
vn 0.7313679456710815 -0.5531924366950989 0.39884719252586365
vn -0.8377958536148071 -0.3695527911186218 0.4019065797328949
vn 0.3994605243206024 -0.7794018387794495 0.48266351222991943
vn -0.9207611680030823 -0.21090923249721527 0.3282015025615692
vn 0.8757327198982239 -0.3206784129142761 0.36091211438179016
vn -0.8461672067642212 -0.10534115135669708 0.5224024057388306
vn 0.7395288944244385 -0.3864099979400635 0.5511664152145386
vn -0.8954122066497803 0.049010299146175385 0.442532479763031
vn 0.8957072496414185 -0.07824383676052094 0.4377058446407318
vn -0.8181971907615662 0.06494010984897614 0.5712584257125854
vn 0.7768625617027283 -0.16018489003181458 0.6089543104171753
vn -0.8487715125083923 0.3244413137435913 0.4175221920013428
vn 0.8908347487449646 0.1671118289232254 0.4224773347377777
vn -0.6871849298477173 0.4297792911529541 0.5857189893722534
vn 0.7042393088340759 0.4495602250099182 0.5494930744171143
vn -0.7592654228210449 0.24364310503005981 0.6034518480300903
vn 0.6984623074531555 0.19284532964229584 0.689174234867096
vn -0.4581972360610962 0.5998045206069946 0.6559648513793945
vn 0.5740899443626404 0.6368467211723328 0.5146328210830688
vn -0.3079528212547302 0.8213158249855042 0.4802139103412628
vn -0.03780847787857056 0.8268370628356934 0.5611693859100342
vn 0.19074155390262604 0.7913492321968079 0.5808477401733398
vn 0.3985351324081421 0.7299743294715881 0.5552542209625244
vn -0.18465770781040192 0.6522039771080017 0.7352084517478943
vn 0.04806942865252495 0.6496560573577881 0.7587070465087891
vn 0.2579798698425293 0.616473376750946 0.7439132928848267
vn 0.4937683343887329 0.5231865644454956 0.6945996880531311
vn -0.4411909282207489 -0.756340742111206 0.4830106198787689
vn -0.17662391066551208 -0.8455427289009094 0.5038467049598694
vn 0.10193318873643875 -0.884931743144989 0.45442870259284973
vn -0.6745819449424744 -0.5515577793121338 0.490635484457016
vn 0.2549753487110138 -0.7444343566894531 0.6170939803123474
vn 0.5345699191093445 -0.5696086883544922 0.6243245005607605
vn -0.5306886434555054 -0.5432364344596863 0.650587260723114
vn -0.29276713728904724 -0.7566457986831665 0.5846149325370789
vn 0.023236112669110298 -0.7878720164299011 0.6154005527496338
vn -0.7330859303474426 -0.2691148519515991 0.6246297359466553
vn 0.5799278020858765 -0.33548712730407715 0.742382824420929
vn -0.6367380023002625 -0.30852174758911133 0.7066676020622253
vn 0.2243083417415619 -0.7352169156074524 0.6396419405937195
vn 0.3406795859336853 -0.5660831332206726 0.7506579160690308
vn -0.7117471098899841 -0.045027490705251694 0.7009912133216858
vn 0.6285327672958374 -0.0809236541390419 0.7735618352890015
vn -0.5720975995063782 0.10729406774044037 0.8131373524665833
vn 0.48016899824142456 -0.25248390436172485 0.840053379535675
vn -0.6308725476264954 0.18373949825763702 0.7538167238235474
vn 0.5558305382728577 0.24816107749938965 0.7933905720710754
vn -0.44378846883773804 0.4131481349468231 0.7952109575271606
vn -0.1590484231710434 0.4702146053314209 0.868102490901947
vn 0.07952983677387238 0.45597201585769653 0.8864336013793945
vn 0.3067167103290558 0.40187838673591614 0.8627969622612
vn -0.40765270590782166 0.28276506066322327 0.8682529926300049
vn -0.17243552207946777 0.3505578935146332 0.920529842376709
vn 0.23479124903678894 0.24564549326896667 0.9404953122138977
vn 0.4190928339958191 0.07779128104448318 0.9046047329902649
vn -0.16717226803302765 -0.7635159492492676 0.6237762570381165
vn -0.5323920845985413 -0.5293627381324768 0.6605556607246399
vn 0.09643316268920898 -0.5948659181594849 0.798019528388977
vn 0.4105610251426697 -0.4141240417957306 0.8123674988746643
vn -0.32110756635665894 -0.39508265256881714 0.8606972098350525
vn -0.5964825749397278 -0.11224542558193207 0.7947386503219604
vn 0.3601374328136444 0.025749962776899338 0.9325438141822815
vn -0.38821879029273987 0.23335903882980347 0.8915322422981262
vn 0.010186973959207535 0.2573201358318329 0.9662725329399109
vn -0.2891033887863159 0.01788419298827648 0.9571308493614197
vn 0.08327296376228333 -0.1494302749633789 0.985259473323822
vn -0.00018473627278581262 -0.2156510353088379 -0.9764704704284668
vn 0.3257533013820648 -0.19387543201446533 -0.9253632426261902
vn -0.07196445763111115 0.09040763229131699 -0.9933013916015625
vn 0.302384614944458 0.09462415426969528 -0.9484776258468628
vn 0.23753729462623596 0.39251193404197693 -0.8885440230369568
vn -0.06691388040781021 -0.4582459628582001 -0.8863030672073364
vn 0.20520853996276855 -0.4940853714942932 -0.8448485732078552
vn -0.12911896407604218 -0.49937573075294495 -0.8567101359367371
vn -0.26900041103363037 -0.15592224895954132 -0.950435221195221
vn 0.5097790360450745 -0.34697139263153076 -0.787233293056488
vn -0.2978612184524536 -0.14299196004867554 -0.9438390135765076
vn 0.6705145835876465 -0.25790441036224365 -0.6956260204315186
vn -0.3562183678150177 0.24635876715183258 -0.9013411402702332
vn 0.6013839840888977 0.00287874648347497 -0.798954963684082
vn -0.1381138414144516 0.4614051878452301 -0.8763731122016907
vn -0.44645237922668457 0.20485123991966248 -0.8710432648658752
vn -0.40036410093307495 0.2435692548751831 -0.8833926916122437
vn 0.7036218047142029 0.11689469963312149 -0.700893759727478
vn 0.04517603665590286 0.713951051235199 -0.6987367868423462
vn 0.5513546466827393 0.3084849417209625 -0.7751420140266418
vn 0.3823045790195465 0.6212330460548401 -0.6840415000915527
vn -0.4085366725921631 0.5188655257225037 -0.7509170174598694
vn -0.26700645685195923 0.6342273354530334 -0.7255778908729553
vn 0.550319492816925 0.5271986126899719 -0.6474643349647522
vn 0.7201282382011414 0.3089389204978943 -0.6212664842605591
vn -0.38238173723220825 0.6877330541610718 -0.6170960068702698
vn -0.11173649877309799 0.723135769367218 -0.6816081404685974
vn 0.1856708824634552 0.7900112867355347 -0.584301769733429
vn 0.4663998484611511 0.6778508424758911 -0.5683216452598572
vn -0.2311936318874359 -0.7167936563491821 -0.6578422784805298
vn -0.2342042773962021 -0.5393175482749939 -0.8088788390159607
vn -0.022081276401877403 -0.676038384437561 -0.7365354895591736
vn -0.41083312034606934 -0.4037134051322937 -0.8174543976783752
vn 0.18780210614204407 -0.6191361546516418 -0.7624964714050293
vn 0.45180392265319824 -0.5651154518127441 -0.6903027296066284
vn -0.5021291971206665 -0.6096946597099304 -0.6133014559745789
vn 0.23977361619472504 -0.6897006630897522 -0.6832435131072998
vn -0.5365057587623596 -0.2471831887960434 -0.8068841695785522
vn 0.6162557005882263 -0.4997811019420624 -0.6086443066596985
vn -0.6170401573181152 -0.10037552565336227 -0.7805038690567017
vn -0.7337573170661926 -0.3816520571708679 -0.5620871186256409
vn -0.6841041445732117 0.08955995738506317 -0.7238649725914001
vn 0.7375959753990173 -0.25691062211990356 -0.6244590878486633
vn -0.562608540058136 0.436595618724823 -0.7020370364189148
vn 0.8050371408462524 0.04716544598340988 -0.5913465023040771
vn -0.7445654273033142 -0.044341519474983215 -0.6660752296447754
vn 0.8874229192733765 -0.1424631029367447 -0.43838903307914734
vn -0.5623632073402405 0.687799334526062 -0.45899856090545654
vn 0.935858428478241 0.051693178713321686 -0.3485640287399292
vn 0.8916955590248108 0.25704219937324524 -0.3725699186325073
vn -0.6790933609008789 0.6284735202789307 -0.37928009033203125
vn -0.4912017583847046 0.8100681304931641 -0.32017257809638977
vn 0.6804621815681458 0.554760217666626 -0.4787612855434418
vn -0.19470307230949402 0.8482727408409119 -0.49246734380722046
vn 0.05476555600762367 0.8559638857841492 -0.5141270756721497
vn 0.37763717770576477 0.8071091771125793 -0.45383355021476746
vn 0.5966463088989258 0.7594166994094849 -0.2594214677810669
vn 0.8354458212852478 0.5294609665870667 -0.1473141759634018
vn -0.06893548369407654 0.9451879858970642 -0.31916704773902893
vn 0.17618386447429657 0.9193893671035767 -0.3516852557659149
vn -0.4167343080043793 -0.7746577262878418 -0.47564470767974854
vn -0.21195437014102936 -0.846470057964325 -0.4884299337863922
vn -0.009371924214065075 -0.8305124640464783 -0.5569212436676025
vn -0.6237531304359436 -0.6149320006370544 -0.4824838936328888
vn 0.28635174036026 -0.7803850173950195 -0.5558794736862183
vn -0.7955388426780701 -0.5181493163108826 -0.31406882405281067
vn 0.5356358885765076 -0.6471293568611145 -0.5425108075141907
vn 0.5030608773231506 -0.7705627679824829 -0.3913603127002716
vn -0.8817394375801086 -0.35165295004844666 -0.3144453167915344
vn 0.6709636449813843 -0.5707199573516846 -0.4733777642250061
vn -0.947357714176178 -0.2167254388332367 -0.23567679524421692
vn 0.8208203315734863 -0.38680607080459595 -0.42027977108955383
vn 0.8012510538101196 -0.5458065271377563 -0.24513664841651917
vn -0.8790141344070435 0.1545013189315796 -0.45106929540634155
vn 0.9408056735992432 -0.28388404846191406 -0.18518780171871185
vn -0.7333269715309143 0.4976353049278259 -0.4632393717765808
vn -0.9565049409866333 0.29090529680252075 -0.021734705194830894
vn -0.8687816858291626 0.4948376417160034 -0.018821468576788902
vn 0.9919569492340088 -0.06392516940832138 -0.10924753546714783
vn -0.6863644123077393 0.7126039266586304 -0.1452568918466568
vn -0.6084249019622803 0.7916110754013062 -0.05631103739142418
vn 0.9693094491958618 0.2416321486234665 -0.045310698449611664
vn -0.33672699332237244 0.9008371829986572 -0.2740573287010193
vn 0.693854570388794 0.7112028002738953 -0.11294431239366531
vn 0.8126791715621948 0.5793508887290955 0.06249203532934189
vn -0.29099372029304504 0.9537684917449951 -0.07515585422515869
vn 0.44655072689056396 0.8446710109710693 -0.2951667606830597
vn -0.0424443818628788 0.9984886646270752 -0.03491412475705147
vn 0.2548443377017975 0.9655752778053284 -0.05214228481054306
vn -0.5203322768211365 0.8538922071456909 0.01106829009950161
vn 0.5368761420249939 0.8436530232429504 -0.0036873877979815006
vn -0.43138617277145386 -0.8624591827392578 -0.2647077739238739
vn -0.2587239444255829 -0.9192268252372742 -0.2967894673347473
vn -0.012987756170332432 -0.9432910084724426 -0.331712931394577
vn 0.23107153177261353 -0.915393054485321 -0.32963860034942627
vn -0.6484442353248596 -0.6936126947402954 -0.31372207403182983
vn 0.5683494806289673 -0.7841802835464478 -0.24907872080802917
vn -0.8243938088417053 -0.5625607967376709 -0.06245116516947746
vn 0.6725489497184753 -0.6917835474014282 -0.2628944218158722
vn -0.6656609177589417 -0.7372907996177673 -0.11531683057546616
vn -0.9207590222358704 -0.374552845954895 -0.10914712399244308
vn 0.830801784992218 -0.5537964105606079 -0.055479224771261215
vn -0.9988433122634888 -0.039389241486787796 0.027578333392739296
vn 0.9439936876296997 -0.32939913868904114 0.01929393596947193
vn -0.9308529496192932 0.3542305827140808 0.08963002264499664
vn 0.9953649044036865 0.01619218848645687 0.09479774534702301
vn -0.7692948579788208 0.6345608234405518 0.0742841511964798
vn -0.6763931512832642 0.708490252494812 0.20133045315742493
vn 0.9205954074859619 0.3537571430206299 0.1654088795185089
vn 0.7623819708824158 0.5796342492103577 0.2877463400363922
vn -0.6027402281761169 0.764641284942627 0.22809632122516632
vn 0.6889790892601013 0.7017826437950134 0.18113239109516144
vn -0.35887855291366577 0.9158102869987488 0.18027138710021973
vn -0.09957088530063629 0.9574929475784302 0.2707267701625824
vn 0.13855159282684326 0.967327892780304 0.21232134103775024
vn 0.39280590415000916 0.8699024319648743 0.2982839047908783
vn -0.44553470611572266 0.817992627620697 0.36385002732276917
vn 0.601153552532196 0.6695103645324707 0.43631452322006226
vn -0.16167186200618744 0.011773764155805111 -0.9867743253707886
vn 0.08321067690849304 -0.025419063866138458 -0.9962077736854553
vn 0.2735176980495453 -0.005698119755834341 -0.9618501663208008
vn -0.27704086899757385 0.27190983295440674 -0.921582043170929
vn 0.03391464427113533 0.2755661606788635 -0.9606836438179016
vn 0.26574867963790894 0.2756049335002899 -0.9238071441650391
vn 0.5160558819770813 0.25317680835723877 -0.8182834386825562
vn -0.3092513680458069 0.5997170209884644 -0.738040030002594
vn -0.06948068737983704 0.5320113301277161 -0.8438817858695984
vn 0.17077688872814178 0.5317050814628601 -0.8295329809188843
vn 0.47871971130371094 0.4074919521808624 -0.7776746153831482
vn -0.10289609432220459 0.7948789596557617 -0.5979799032211304
vn -0.24474437534809113 -0.9686970710754395 -0.04154765605926514
vn -0.05073771998286247 -0.9900623559951782 -0.13115762174129486
vn 0.2311658412218094 -0.9622195363044739 -0.1438611000776291
vn -0.4837616980075836 -0.8751792907714844 -0.005986600182950497
vn 0.5043643116950989 -0.8573489189147949 -0.10280787199735641
vn -0.7939298748970032 -0.5896733999252319 0.14819104969501495
vn -0.684459388256073 -0.7157493233680725 0.13863016664981842
vn 0.6974809169769287 -0.7156190276145935 -0.037547074258327484
vn 0.38511207699775696 -0.9217135310173035 0.046183403581380844
vn -0.9442648887634277 -0.3273393511772156 0.0348256416618824
vn 0.8517088890075684 -0.4976058602333069 0.1642572283744812
vn -0.8954713940620422 -0.39717897772789 0.20094723999500275
vn 0.7518883943557739 -0.6343945264816284 0.17946426570415497
vn -0.9956585168838501 0.02321396768093109 0.09014038741588593
vn 0.9410310983657837 -0.2641603350639343 0.21137601137161255
vn -0.9320322871208191 0.2837664783000946 0.22537189722061157
vn 0.9635868072509766 0.017378758639097214 0.2668305039405823
vn -0.7949130535125732 0.5566499829292297 0.2413589507341385
vn -0.7780261039733887 0.46992287039756775 0.4169507324695587
vn -0.6687902212142944 0.6104406118392944 0.4243605434894562
vn 0.8751155138015747 0.3760349750518799 0.3045826554298401
vn -0.515305757522583 0.6965618133544922 0.4992610514163971
vn 0.473025381565094 0.6057665348052979 0.6397607922554016
vn 0.5910056233406067 0.5925105810165405 0.5473970174789429
vn 0.7705125212669373 0.37358012795448303 0.5164768099784851
vn -0.274901419878006 0.7484226822853088 0.6035666465759277
vn 0.36865174770355225 0.7501652240753174 0.5489518642425537
vn -0.1693265587091446 0.8733223080635071 0.4567676782608032
vn 0.1166098564863205 0.8565113544464111 0.5027827620506287
vn -0.007427430246025324 0.7247447967529297 0.6889774203300476
vn 0.21630562841892242 0.6837573647499084 0.6969130635261536
vn -0.31332218647003174 -0.25494620203971863 -0.9147850275039673
vn -0.07358124852180481 -0.3440839648246765 -0.9360513091087341
vn 0.11129117012023926 -0.3418377935886383 -0.9331458806991577
vn -0.3432469069957733 -0.4692690968513489 -0.8136141896247864
vn -0.04284169524908066 -0.5397012233734131 -0.8407658338546753
vn 0.20821014046669006 -0.5002450942993164 -0.8404781222343445
vn 0.40180209279060364 -0.3830321729183197 -0.831770122051239
vn -0.4744347929954529 -0.053628772497177124 -0.8786556124687195
vn 0.3298586905002594 -0.30639851093292236 -0.8929240107536316
vn 0.5083039999008179 -0.033835962414741516 -0.8605127334594727
vn -0.589378833770752 -0.2598390281200409 -0.7649289965629578
vn 0.5742154121398926 -0.21610595285892487 -0.789667546749115
vn 0.7606097459793091 -0.12505459785461426 -0.6370511651039124
vn -0.5370559692382812 0.3083536624908447 -0.7851681113243103
vn 0.7025253176689148 0.10179203003644943 -0.7043412327766418
vn -0.7004069089889526 0.11656960844993591 -0.7041602730751038
vn 0.816948413848877 0.05509465932846069 -0.5740731358528137
vn -0.5668154954910278 0.6103793382644653 -0.5533148050308228
vn 0.7479672431945801 0.3464662432670593 -0.5661326050758362
vn -0.37658995389938354 0.817404568195343 -0.4359240233898163
vn 0.4004213213920593 0.6474061012268066 -0.6484813690185547
vn 0.6526644825935364 0.5209125876426697 -0.5501628518104553
vn -0.7699475288391113 0.43614187836647034 -0.4657907783985138
vn 0.8644433617591858 0.2765238583087921 -0.4198479652404785
vn -0.17910756170749664 0.9413677453994751 -0.2859148383140564
vn 0.10278303176164627 0.7928468585014343 -0.6006909012794495
vn 0.01989547535777092 0.9636654257774353 -0.2663702964782715
vn 0.2786693871021271 0.9009138345718384 -0.3327125906944275
vn 0.5484837889671326 0.7829853296279907 -0.2934272289276123
vn -0.17402394115924835 -0.9672987461090088 0.184523344039917
vn 0.05148421600461006 -0.9963980317115784 0.06738267093896866
vn -0.4347502589225769 -0.8771780133247375 0.20384064316749573
vn 0.23756985366344452 -0.9348828196525574 0.2637321949005127
vn -0.5841968655586243 -0.7387050986289978 0.33619776368141174
vn 0.4936220347881317 -0.8482297658920288 0.19194671511650085
vn -0.27676597237586975 -0.8830887675285339 0.37888631224632263
vn 0.0305482130497694 -0.9350871443748474 0.3530990183353424
vn -0.7612656950950623 -0.5068456530570984 0.4044528007507324
vn 0.5591066479682922 -0.7048692107200623 0.43653079867362976
vn -0.8578140735626221 -0.2464197278022766 0.4510347247123718
vn 0.7056390047073364 -0.5282658934593201 0.4722380042076111
vn 0.0052461386658251286 -0.8523283004760742 0.5229807496070862
vn 0.31841805577278137 -0.7905687093734741 0.5230785012245178
vn -0.9689004421234131 -0.07307755947113037 0.23641405999660492
vn 0.8578342795372009 -0.31727778911590576 0.4042959213256836
vn -0.8786557912826538 0.21989457309246063 0.4238048195838928
vn -0.8378362059593201 0.030609354376792908 0.5450630187988281
vn 0.7058128118515015 -0.3850882351398468 0.5945884585380554
vn -0.7413077354431152 0.306124210357666 0.5972861647605896
vn 0.9116501808166504 -0.0724993348121643 0.40452179312705994
vn 0.7214537858963013 0.06732963025569916 0.6891815662384033
vn 0.6583490371704102 -0.11529870331287384 0.7438297867774963
vn -0.6359370946884155 0.4822063446044922 0.6025454998016357
vn 0.4751278758049011 0.3649086356163025 0.8006842136383057
vn -0.4902428388595581 0.634924054145813 0.5971042513847351
vn -0.1893191784620285 0.6528102159500122 0.733482837677002
vn 0.14617623388767242 0.5979271531105042 0.7881088852882385
vn 0.34356269240379333 0.5370607376098633 0.7704092860221863
vn -0.31233909726142883 0.5746554136276245 0.7564492225646973
vn -0.017625248059630394 0.5322290658950806 0.8464169502258301
vn 0.17456893622875214 0.4444544315338135 0.878627359867096
vn 0.3769230246543884 0.27837902307510376 0.8834218382835388
vn -0.4434243142604828 -0.6550659537315369 -0.611770749092102
vn -0.21339702606201172 -0.6282612085342407 -0.7481641173362732
vn 0.032907869666814804 -0.6386641263961792 -0.7687816023826599
vn 0.21509724855422974 -0.6762057542800903 -0.704612672328949
vn 0.19534102082252502 -0.7261660099029541 -0.659184992313385
vn -0.5543700456619263 -0.5121142268180847 -0.6560586094856262
vn 0.4092821478843689 -0.6494834423065186 -0.6408271193504333
vn -0.7892667651176453 -0.3786208927631378 -0.4834297001361847
vn 0.6882264614105225 -0.36364060640335083 -0.6277816891670227
vn 0.6994094848632812 -0.6283231973648071 -0.340641051530838
vn -0.8310801386833191 -0.07205525785684586 -0.5514652132987976
vn 0.8986066579818726 -0.3169461488723755 -0.30339938402175903
vn -0.8975144624710083 0.2503012716770172 -0.36306631565093994
vn 0.9371598362922668 -0.08170273154973984 -0.33919939398765564
vn -0.8416069746017456 0.5181205868721008 -0.1524757295846939
vn 0.9549996256828308 0.13573099672794342 -0.26372867822647095
vn -0.6775827407836914 0.6942787170410156 -0.24260810017585754
vn -0.49922600388526917 0.8485218286514282 -0.17545434832572937
vn 0.8845740556716919 0.4235634207725525 -0.19525055587291718
vn -0.24762582778930664 0.9672882556915283 -0.055090490728616714
vn 0.7845121026039124 0.5578631162643433 -0.2707942724227905
vn 0.03224637359380722 0.9992826581001282 -0.01985814794898033
vn 0.30330127477645874 0.9528306126594543 -0.011054056696593761
vn 0.6010487675666809 0.7989598512649536 -0.02008773200213909
vn -0.5008203387260437 0.8637566566467285 0.0557083822786808
vn -0.49651607871055603 -0.6340458989143372 0.5928385853767395
vn -0.3049938678741455 -0.7883187532424927 0.5343522429466248
vn -0.6843217015266418 -0.48309192061424255 0.5461922883987427
vn -0.07052050530910492 -0.6801871061325073 0.7296385765075684
vn 0.19077762961387634 -0.6868375539779663 0.7013260126113892
vn 0.4862298369407654 -0.5952484607696533 0.6397342681884766
vn -0.5346643924713135 -0.34257790446281433 0.7725117206573486
vn -0.28027981519699097 -0.5230802893638611 0.8048790693283081
vn -0.7349410057067871 -0.1437108963727951 0.6627283692359924
vn 0.5052798390388489 -0.2941461503505707 0.8112770318984985
vn -0.5248397588729858 -0.12931381165981293 0.8413211107254028
vn -0.25302642583847046 -0.256780207157135 0.9327601790428162
vn -0.007337845396250486 -0.4043339788913727 0.9145820140838623
vn 0.27065327763557434 -0.4622754752635956 0.8444218635559082
vn -0.700403094291687 0.1478337198495865 0.698269784450531
vn 0.4118365943431854 0.011393159627914429 0.9111865162849426
vn -0.489311158657074 0.3941938281059265 0.7779369354248047
vn -0.17176826298236847 0.36349695920944214 0.915623128414154
vn 0.02019580453634262 0.27206313610076904 0.9620674848556519
vn 0.17974784970283508 0.1715972125530243 0.9686305522918701
vn -0.4359644651412964 0.1220194473862648 0.8916536569595337
vn -0.19512979686260223 0.017822960391640663 0.980615496635437
vn -0.008779079653322697 -0.06723000109195709 0.9976989030838013
vn 0.1995183825492859 -0.1678628921508789 0.965408980846405
vn -0.035284534096717834 -0.8645380139350891 -0.5013272762298584
vn -0.18395371735095978 -0.7025747895240784 -0.687422513961792
vn 0.3307681679725647 -0.872157871723175 -0.3604624271392822
vn -0.5830817818641663 -0.7342281341552734 -0.3477424085140228
vn -0.37659716606140137 -0.7125676870346069 -0.5919644236564636
vn 0.3900027573108673 -0.7746269106864929 -0.49784648418426514
vn 0.46010616421699524 -0.8145211935043335 -0.3533518314361572
vn -0.6817227602005005 -0.6129376888275146 -0.39945149421691895
vn 0.7616536617279053 -0.6396598219871521 -0.1035328209400177
vn -0.877062201499939 -0.42279183864593506 -0.22805465757846832
vn -0.9569025039672852 -0.08553647249937057 -0.2775268256664276
vn 0.9327496886253357 -0.34753602743148804 -0.0958997905254364
vn -0.9597640633583069 0.25274401903152466 -0.12236592918634415
vn 0.9952796101570129 -0.059598442167043686 -0.07659381628036499
vn -0.853854238986969 0.5192638039588928 0.036027658730745316
vn 0.9775048494338989 0.2107590287923813 -0.008055862970650196
vn -0.7164803743362427 0.6974034905433655 0.016863156110048294
vn 0.8714253306388855 0.48267027735710144 0.08744905889034271
vn -0.5575968027114868 0.8077049851417542 0.1915685385465622
vn 0.7609390020370483 0.6463238000869751 0.0568983256816864
vn -0.23331621289253235 0.9576115608215332 0.1689489185810089
vn 0.053200870752334595 0.9808769822120667 0.1872165948152542
vn 0.3110418915748596 0.9341265559196472 0.17510151863098145
vn 0.5178146362304688 0.8289549350738525 0.2114277482032776
vn -0.05081498995423317 -0.964304506778717 -0.2598743438720703
vn -0.3975834548473358 -0.8230676651000977 -0.40557003021240234
vn 0.35449424386024475 -0.9327739477157593 -0.06531928479671478
vn -0.6407862901687622 -0.7626156210899353 -0.08837631344795227
vn -0.5526995062828064 -0.7984673976898193 -0.23869051039218903
vn 0.5282118320465088 -0.8328326344490051 -0.16547569632530212
vn 0.5958907604217529 -0.7949543595314026 -0.11384981125593185
vn -0.7534189820289612 -0.6392066478729248 -0.15419071912765503
vn 0.820752739906311 -0.5701007843017578 0.036744385957717896
vn -0.8931270241737366 -0.4485047459602356 -0.03416982293128967
vn 0.6467806100845337 -0.759557843208313 0.06889625638723373
vn -0.9879844784736633 -0.12083776295185089 -0.09635865688323975
vn 0.952529788017273 -0.29210585355758667 0.08579804748296738
vn -0.9780800938606262 0.20588961243629456 0.031127508729696274
vn 0.9824089407920837 -0.03573518246412277 0.1832914799451828
vn -0.8846975564956665 0.42856690287590027 0.18341392278671265
vn 0.9386812448501587 0.2157324105501175 0.2689554989337921
vn -0.7025880813598633 0.6661836504936218 0.25013887882232666
vn 0.8042991161346436 0.4838971495628357 0.3448863625526428
vn -0.784731924533844 0.5124820470809937 0.34865179657936096
vn 0.7637667059898376 0.38133490085601807 0.5208110213279724
vn -0.5727469325065613 0.7307443618774414 0.3714480698108673
vn 0.6473957896232605 0.6766093969345093 0.3508255183696747
vn -0.31432726979255676 0.8869622349739075 0.3383731544017792
vn -0.038139037787914276 0.9212811589241028 0.38702255487442017
vn 0.23666255176067352 0.8967748880386353 0.37387922406196594
vn 0.453706830739975 0.7934527397155762 0.40568822622299194
vn -0.37521928548812866 0.7568444609642029 0.5351607799530029
vn 0.5853737592697144 0.5976498126983643 0.5478615164756775
vn -0.03712581843137741 -0.9992468953132629 -0.01128477230668068
vn -0.423307865858078 -0.8995169401168823 -0.10807336866855621
vn 0.21039924025535583 -0.9523901343345642 0.2206471711397171
vn -0.5657281875610352 -0.8202937841415405 0.08408161252737045
vn -0.4627948999404907 -0.8803428411483765 0.10400667041540146
vn 0.4737585783004761 -0.8706019520759583 0.13268432021141052
vn -0.24537354707717896 -0.9480680227279663 0.20238281786441803
vn -0.8033459782600403 -0.5846251249313354 0.11335218697786331
vn 0.6413858532905579 -0.7117998600006104 0.2862955331802368
vn -0.8835217356681824 -0.4158892035484314 0.21546600759029388
vn 0.7958897352218628 -0.5725516080856323 0.19683562219142914
vn -0.7386597394943237 -0.6259922385215759 0.2500312328338623
vn -0.9826310276985168 -0.1608165204524994 0.09259766340255737
vn 0.9192363619804382 -0.2876887023448944 0.26877453923225403
vn -0.890882670879364 -0.213514044880867 0.40092378854751587
vn 0.8099026679992676 -0.4310953617095947 0.39776188135147095
vn -0.9613972306251526 0.12420443445444107 0.24553734064102173
vn 0.9103400111198425 0.02701549232006073 0.41297852993011475
vn -0.8082151412963867 0.270945280790329 0.5228546261787415
vn 0.796317994594574 0.126503586769104 0.5915018916130066
vn -0.8511032462120056 0.027699172496795654 0.5242672562599182
vn 0.8408641219139099 -0.1507561355829239 0.5198269486427307
vn -0.6699105501174927 0.5231425166130066 0.5268223881721497
vn 0.6604118943214417 0.3591131269931793 0.6594648957252502
vn -0.4938269853591919 0.6102318167686462 0.6194772720336914
vn 0.38744112849235535 0.5426644086837769 0.7452548742294312
vn -0.5362870097160339 0.45393356680870056 0.7115761637687683
vn -0.2502402365207672 0.6418395638465881 0.7248598337173462
vn 0.39469027519226074 0.7017569541931152 0.5930908918380737
vn -0.08386215567588806 0.8212231993675232 0.564410924911499
vn 0.17945954203605652 0.8076611161231995 0.561674177646637
vn -0.01555053610354662 0.6527739763259888 0.7573931813240051
vn 0.1813911348581314 0.6417995691299438 0.7451111078262329
vn -0.36772608757019043 -0.8815922141075134 0.295926958322525
vn -0.017420794814825058 -0.9591749310493469 0.2822764217853546
vn 0.36490046977996826 -0.9064901471138 0.21242232620716095
vn -0.5596311688423157 -0.7222012877464294 0.4064951241016388
vn 0.6717275977134705 -0.6188843846321106 0.40714147686958313
vn -0.7605100274085999 -0.40766969323158264 0.5054007172584534
vn -0.6132475137710571 -0.5312691330909729 0.5845345854759216
vn 0.3569354712963104 -0.8680050373077393 0.34520190954208374
vn -0.7941625714302063 -0.3516874313354492 0.49560248851776123
vn 0.758603572845459 -0.3585866689682007 0.5440002679824829
vn -0.6692839860916138 -0.1644657999277115 0.7245757579803467
vn -0.6233210563659668 -0.1670539677143097 0.7639135718345642
vn -0.7082623243331909 -0.05731457099318504 0.7036189436912537
vn 0.7054217457771301 0.018836846575140953 0.7085375189781189
vn -0.6400808095932007 0.20776738226413727 0.7396818995475769
vn -0.5219141840934753 0.10473445057868958 0.8465437293052673
vn -0.4541146457195282 0.15887366235256195 0.8766636252403259
vn 0.48644667863845825 0.1323988437652588 0.863620400428772
vn -0.3918769359588623 0.3646222651004791 0.8446792364120483
vn 0.5408276319503784 0.32584184408187866 0.7754563689231873
vn -0.2381034642457962 0.4894629418849945 0.8388878703117371
vn -0.000031002244213595986 0.48663976788520813 0.8736027479171753
vn 0.21125362813472748 0.4277626872062683 0.8788577914237976
vn -0.2675980031490326 0.3174389600753784 0.909738302230835
vn -0.024917885661125183 0.34956878423690796 0.9365793466567993
vn 0.39473405480384827 0.22641389071941376 0.8904615640640259
vn -0.07465337961912155 -0.9463878870010376 0.3142879605293274
vn -0.40237995982170105 -0.7864619493484497 0.4685807526111603
vn 0.12358250468969345 -0.7939424514770508 0.5953006148338318
vn 0.5363460779190063 -0.5675051212310791 0.624716579914093
vn -0.18492764234542847 -0.7359444499015808 0.6512969136238098
vn -0.5063585638999939 -0.4764025807380676 0.7187778353691101
vn 0.6800826191902161 -0.24513712525367737 0.6909380555152893
vn 0.43623000383377075 -0.12052839249372482 0.8917266130447388
vn -0.20835836231708527 -0.422463595867157 0.8821061849594116
vn 0.26335012912750244 -0.46063336730003357 0.8476223945617676
vn -0.4397096335887909 -0.07695294916629791 0.8948372602462769
vn 0.1514205038547516 0.20215202867984772 0.9675776362419128
vn -0.24445220828056335 0.21240770816802979 0.9461110830307007
vn -0.02526235394179821 -0.11481624096632004 0.9930654764175415

g grp1
usemtl mtl1
f 1//1 11//11 12//12 
f 11//11 1//1 13//13 
f 2//2 14//14 19//19 
f 12//12 14//14 2//2 
f 12//12 2//2 1//1 
f 1//1 2//2 3//3 
f 15//15 13//13 1//1 
f 15//15 1//1 4//4 
f 4//4 1//1 3//3 
f 15//15 4//4 20//20 
f 5//5 2//2 19//19 
f 24//24 5//5 19//19 
f 3//3 2//2 6//6 
f 6//6 2//2 5//5 
f 4//4 3//3 7//7 
f 7//7 3//3 6//6 
f 21//21 20//20 4//4 
f 21//21 4//4 8//8 
f 8//8 4//4 7//7 
f 21//21 8//8 25//25 
f 5//5 24//24 26//26 
f 6//6 5//5 26//26 
f 27//27 6//6 26//26 
f 27//27 29//29 9//9 
f 27//27 9//9 6//6 
f 6//6 9//9 7//7 
f 8//8 7//7 10//10 
f 10//10 7//7 9//9 
f 30//30 25//25 8//8 
f 10//10 30//30 8//8 
f 9//9 29//29 31//31 
f 10//10 9//9 31//31 
f 32//32 10//10 31//31 
f 30//30 10//10 32//32 
f 16//16 40//40 48//48 
f 16//16 12//12 11//11 
f 16//16 11//11 40//40 
f 40//40 11//11 41//41 
f 13//13 17//17 42//42 
f 13//13 42//42 11//11 
f 11//11 42//42 41//41 
f 17//17 18//18 43//43 
f 42//42 17//17 43//43 
f 43//43 18//18 49//49 
f 22//22 50//50 53//53 
f 48//48 50//50 22//22 
f 16//16 48//48 22//22 
f 16//16 22//22 19//19 
f 16//16 19//19 14//14 
f 12//12 16//16 14//14 
f 13//13 15//15 17//17 
f 20//20 17//17 15//15 
f 20//20 23//23 17//17 
f 23//23 18//18 17//17 
f 54//54 49//49 18//18 
f 23//23 54//54 18//18 
f 22//22 53//53 55//55 
f 55//55 19//19 22//22 
f 55//55 58//58 19//19 
f 58//58 24//24 19//19 
f 20//20 21//21 23//23 
f 25//25 28//28 56//56 
f 21//21 25//25 56//56 
f 21//21 56//56 54//54 
f 21//21 54//54 23//23 
f 56//56 28//28 59//59 
f 33//33 26//26 24//24 
f 33//33 24//24 61//61 
f 61//61 24//24 58//58 
f 26//26 34//34 27//27 
f 33//33 34//34 26//26 
f 27//27 34//34 29//29 
f 28//28 30//30 35//35 
f 25//25 30//30 28//28 
f 62//62 59//59 28//28 
f 35//35 62//62 28//28 
f 33//33 61//61 63//63 
f 63//63 66//66 36//36 
f 63//63 36//36 33//33 
f 33//33 36//36 34//34 
f 29//29 37//37 31//31 
f 29//29 34//34 37//37 
f 34//34 36//36 37//37 
f 31//31 38//38 32//32 
f 37//37 38//38 31//31 
f 32//32 35//35 30//30 
f 32//32 38//38 35//35 
f 38//38 39//39 35//35 
f 67//67 62//62 35//35 
f 39//39 67//67 35//35 
f 36//36 66//66 68//68 
f 37//37 36//36 68//68 
f 69//69 37//37 68//68 
f 38//38 37//37 69//69 
f 70//70 38//38 69//69 
f 39//39 38//38 70//70 
f 71//71 39//39 70//70 
f 67//67 39//39 71//71 
f 44//44 80//80 84//84 
f 44//44 45//45 81//81 
f 80//80 44//44 81//81 
f 45//45 46//46 82//82 
f 81//81 45//45 82//82 
f 46//46 47//47 83//83 
f 82//82 46//46 83//83 
f 83//83 47//47 85//85 
f 51//51 86//86 88//88 
f 84//84 86//86 51//51 
f 44//44 84//84 51//51 
f 44//44 51//51 48//48 
f 44//44 48//48 40//40 
f 41//41 44//44 40//40 
f 45//45 44//44 41//41 
f 42//42 45//45 41//41 
f 46//46 45//45 42//42 
f 43//43 46//46 42//42 
f 47//47 46//46 43//43 
f 49//49 52//52 87//87 
f 43//43 49//49 87//87 
f 43//43 87//87 85//85 
f 43//43 85//85 47//47 
f 87//87 52//52 89//89 
f 50//50 51//51 88//88 
f 50//50 88//88 53//53 
f 53//53 88//88 90//90 
f 48//48 51//51 50//50 
f 52//52 54//54 57//57 
f 49//49 54//54 52//52 
f 91//91 89//89 52//52 
f 57//57 91//91 52//52 
f 60//60 55//55 53//53 
f 60//60 53//53 93//93 
f 93//93 53//53 90//90 
f 55//55 60//60 58//58 
f 54//54 56//56 57//57 
f 57//57 56//56 59//59 
f 57//57 59//59 91//91 
f 91//91 59//59 94//94 
f 64//64 60//60 93//93 
f 97//97 64//64 93//93 
f 58//58 64//64 61//61 
f 60//60 64//64 58//58 
f 95//95 62//62 65//65 
f 95//95 94//94 62//62 
f 94//94 59//59 62//62 
f 95//95 65//65 98//98 
f 64//64 97//97 99//99 
f 72//72 99//99 101//101 
f 63//63 99//99 72//72 
f 63//63 64//64 99//99 
f 63//63 61//61 64//64 
f 63//63 72//72 66//66 
f 65//65 102//102 100//100 
f 65//65 62//62 102//102 
f 62//62 67//67 102//102 
f 98//98 65//65 100//100 
f 72//72 101//101 103//103 
f 66//66 72//72 103//103 
f 66//66 103//103 68//68 
f 68//68 103//103 104//104 
f 73//73 104//104 107//107 
f 73//73 69//69 104//104 
f 69//69 68//68 104//104 
f 108//108 69//69 73//73 
f 108//108 105//105 69//69 
f 105//105 70//70 69//69 
f 71//71 70//70 106//106 
f 70//70 105//105 106//106 
f 102//102 67//67 71//71 
f 106//106 102//102 71//71 
f 73//73 107//107 109//109 
f 108//108 73//73 109//109 
f 74//74 111//111 118//118 
f 74//74 75//75 112//112 
f 111//111 74//74 112//112 
f 75//75 76//76 113//113 
f 112//112 75//75 113//113 
f 113//113 76//76 119//119 
f 77//77 74//74 118//118 
f 122//122 77//77 118//118 
f 75//75 74//74 78//78 
f 78//78 74//74 77//77 
f 76//76 75//75 79//79 
f 79//79 75//75 78//78 
f 123//123 119//119 76//76 
f 79//79 123//123 76//76 
f 77//77 122//122 124//124 
f 78//78 77//77 124//124 
f 125//125 78//78 124//124 
f 79//79 78//78 125//125 
f 126//126 79//79 125//125 
f 123//123 79//79 126//126 
f 80//80 133//133 138//138 
f 84//84 80//80 138//138 
f 81//81 134//134 80//80 
f 80//80 134//134 133//133 
f 82//82 135//135 81//81 
f 81//81 135//135 134//134 
f 83//83 136//136 82//82 
f 82//82 136//136 135//135 
f 136//136 83//83 85//85 
f 139//139 136//136 85//85 
f 86//86 140//140 142//142 
f 88//88 86//86 142//142 
f 138//138 86//86 84//84 
f 140//140 86//86 138//138 
f 85//85 141//141 139//139 
f 87//87 141//141 85//85 
f 141//141 87//87 89//89 
f 143//143 141//141 89//89 
f 92//92 144//144 146//146 
f 92//92 142//142 144//144 
f 92//92 90//90 142//142 
f 90//90 88//88 142//142 
f 89//89 91//91 143//143 
f 143//143 91//91 147//147 
f 92//92 146//146 148//148 
f 148//148 90//90 92//92 
f 148//148 150//150 90//90 
f 150//150 93//93 90//90 
f 149//149 94//94 96//96 
f 149//149 147//147 94//94 
f 147//147 91//91 94//94 
f 149//149 96//96 151//151 
f 93//93 150//150 97//97 
f 150//150 152//152 97//97 
f 94//94 95//95 96//96 
f 96//96 95//95 98//98 
f 96//96 98//98 151//151 
f 151//151 98//98 153//153 
f 97//97 152//152 154//154 
f 99//99 97//97 154//154 
f 154//154 101//101 99//99 
f 156//156 101//101 154//154 
f 100//100 157//157 155//155 
f 102//102 157//157 100//100 
f 153//153 98//98 100//100 
f 155//155 153//153 100//100 
f 101//101 156//156 158//158 
f 103//103 101//101 158//158 
f 110//110 158//158 161//161 
f 110//110 104//104 158//158 
f 104//104 103//103 158//158 
f 104//104 110//110 107//107 
f 105//105 162//162 159//159 
f 108//108 162//162 105//105 
f 106//106 105//105 160//160 
f 105//105 159//159 160//160 
f 157//157 102//102 106//106 
f 160//160 157//157 106//106 
f 110//110 161//161 163//163 
f 107//107 110//110 163//163 
f 107//107 163//163 109//109 
f 109//109 163//163 164//164 
f 162//162 108//108 109//109 
f 164//164 162//162 109//109 
f 114//114 167//167 174//174 
f 114//114 115//115 168//168 
f 167//167 114//114 168//168 
f 115//115 116//116 169//169 
f 168//168 115//115 169//169 
f 116//116 117//117 170//170 
f 169//169 116//116 170//170 
f 170//170 117//117 175//175 
f 120//120 114//114 174//174 
f 178//178 120//120 174//174 
f 111//111 120//120 118//118 
f 111//111 115//115 120//120 
f 115//115 114//114 120//120 
f 112//112 115//115 111//111 
f 116//116 115//115 112//112 
f 113//113 116//116 112//112 
f 117//117 116//116 113//113 
f 119//119 121//121 176//176 
f 113//113 119//119 176//176 
f 113//113 176//176 175//175 
f 113//113 175//175 117//117 
f 176//176 121//121 179//179 
f 127//127 120//120 178//178 
f 180//180 127//127 178//178 
f 118//118 127//127 122//122 
f 120//120 127//127 118//118 
f 121//121 123//123 128//128 
f 119//119 123//123 121//121 
f 181//181 179//179 121//121 
f 128//128 181//181 121//121 
f 127//127 180//180 182//182 
f 129//129 182//182 184//184 
f 124//124 182//182 129//129 
f 124//124 127//127 182//182 
f 124//124 122//122 127//127 
f 124//124 130//130 125//125 
f 129//129 130//130 124//124 
f 125//125 131//131 126//126 
f 130//130 131//131 125//125 
f 126//126 131//131 185//185 
f 123//123 126//126 185//185 
f 123//123 185//185 183//183 
f 123//123 183//183 128//128 
f 181//181 128//128 183//183 
f 129//129 184//184 186//186 
f 186//186 190//190 132//132 
f 186//186 132//132 129//129 
f 129//129 132//132 130//130 
f 191//191 187//187 131//131 
f 191//191 131//131 132//132 
f 132//132 131//131 130//130 
f 185//185 131//131 187//187 
f 132//132 190//190 192//192 
f 191//191 132//132 192//192 
f 137//137 195//195 196//196 
f 195//195 137//137 197//197 
f 133//133 198//198 202//202 
f 138//138 133//133 202//202 
f 134//134 199//199 133//133 
f 133//133 199//199 198//198 
f 196//196 135//135 137//137 
f 196//196 199//199 135//135 
f 199//199 134//134 135//135 
f 137//137 200//200 197//197 
f 137//137 135//135 200//200 
f 135//135 136//136 200//200 
f 200//200 136//136 139//139 
f 203//203 200//200 139//139 
f 145//145 204//204 207//207 
f 145//145 142//142 140//140 
f 145//145 140//140 204//204 
f 204//204 140//140 205//205 
f 202//202 140//140 138//138 
f 205//205 140//140 202//202 
f 139//139 206//206 203//203 
f 141//141 206//206 139//139 
f 206//206 141//141 143//143 
f 208//208 206//206 143//143 
f 144//144 145//145 207//207 
f 144//144 207//207 146//146 
f 146//146 207//207 211//211 
f 142//142 145//145 144//144 
f 143//143 147//147 208//208 
f 208//208 147//147 212//212 
f 146//146 211//211 213//213 
f 148//148 146//146 213//213 
f 213//213 150//150 148//148 
f 216//216 150//150 213//213 
f 147//147 214//214 212//212 
f 149//149 214//214 147//147 
f 214//214 149//149 151//151 
f 217//217 214//214 151//151 
f 150//150 216//216 152//152 
f 216//216 219//219 152//152 
f 151//151 153//153 217//217 
f 217//217 153//153 220//220 
f 152//152 219//219 221//221 
f 154//154 152//152 221//221 
f 221//221 156//156 154//154 
f 225//225 156//156 221//221 
f 155//155 226//226 222//222 
f 157//157 226//226 155//155 
f 220//220 153//153 155//155 
f 222//222 220//220 155//155 
f 156//156 225//225 227//227 
f 158//158 156//156 227//227 
f 161//161 228//228 165//165 
f 161//161 158//158 228//228 
f 158//158 227//227 228//228 
f 165//165 229//229 166//166 
f 228//228 229//229 165//165 
f 166//166 159//159 162//162 
f 166//166 229//229 159//159 
f 229//229 230//230 159//159 
f 160//160 159//159 231//231 
f 159//159 230//230 231//231 
f 226//226 157//157 160//160 
f 231//231 226//226 160//160 
f 161//161 165//165 163//163 
f 164//164 163//163 165//165 
f 166//166 164//164 165//165 
f 162//162 164//164 166//166 
f 171//171 234//234 237//237 
f 171//171 172//172 235//235 
f 234//234 171//171 235//235 
f 172//172 173//173 236//236 
f 235//235 172//172 236//236 
f 236//236 173//173 238//238 
f 167//167 239//239 243//243 
f 174//174 167//167 243//243 
f 237//237 168//168 171//171 
f 237//237 239//239 168//168 
f 239//239 167//167 168//168 
f 169//169 171//171 168//168 
f 172//172 171//171 169//169 
f 170//170 172//172 169//169 
f 173//173 172//172 170//170 
f 175//175 177//177 240//240 
f 170//170 175//175 240//240 
f 170//170 240//240 238//238 
f 170//170 238//238 173//173 
f 240//240 177//177 244//244 
f 174//174 243//243 178//178 
f 243//243 245//245 178//178 
f 175//175 176//176 177//177 
f 177//177 176//176 179//179 
f 177//177 179//179 244//244 
f 244//244 179//179 246//246 
f 178//178 245//245 180//180 
f 245//245 249//249 180//180 
f 179//179 181//181 246//246 
f 246//246 181//181 250//250 
f 188//188 182//182 180//180 
f 188//188 180//180 252//252 
f 252//252 180//180 249//249 
f 182//182 188//188 184//184 
f 183//183 185//185 189//189 
f 183//183 189//189 253//253 
f 183//183 253//253 181//181 
f 181//181 253//253 250//250 
f 188//188 252//252 254//254 
f 193//193 254//254 256//256 
f 186//186 254//254 193//193 
f 186//186 188//188 254//254 
f 186//186 184//184 188//188 
f 186//186 193//193 190//190 
f 187//187 191//191 194//194 
f 187//187 194//194 257//257 
f 185//185 187//187 257//257 
f 185//185 257//257 255//255 
f 185//185 255//255 189//189 
f 253//253 189//189 255//255 
f 193//193 256//256 258//258 
f 190//190 193//193 258//258 
f 190//190 258//258 192//192 
f 192//192 258//258 259//259 
f 194//194 191//191 192//192 
f 194//194 192//192 260//260 
f 260//260 192//192 259//259 
f 257//257 194//194 260//260 
f 195//195 201//201 196//196 
f 195//195 197//197 201//201 
f 198//198 263//263 267//267 
f 202//202 198//198 267//267 
f 199//199 264//264 198//198 
f 198//198 264//264 263//263 
f 201//201 199//199 196//196 
f 201//201 265//265 199//199 
f 265//265 264//264 199//199 
f 197//197 265//265 201//201 
f 197//197 200//200 265//265 
f 200//200 266//266 265//265 
f 266//266 200//200 203//203 
f 268//268 266//266 203//203 
f 204//204 209//209 207//207 
f 273//273 209//209 204//204 
f 273//273 204//204 269//269 
f 269//269 204//204 205//205 
f 267//267 205//205 202//202 
f 269//269 205//205 267//267 
f 210//210 203//203 206//206 
f 210//210 274//274 203//203 
f 274//274 268//268 203//203 
f 206//206 208//208 210//210 
f 209//209 215//215 211//211 
f 207//207 209//209 211//211 
f 277//277 209//209 273//273 
f 215//215 209//209 277//277 
f 210//210 275//275 274//274 
f 275//275 210//210 208//208 
f 275//275 208//208 278//278 
f 278//278 208//208 212//212 
f 211//211 215//215 213//213 
f 215//215 216//216 213//213 
f 215//215 277//277 216//216 
f 277//277 280//280 216//216 
f 218//218 212//212 214//214 
f 218//218 281//281 212//212 
f 281//281 278//278 212//212 
f 214//214 217//217 218//218 
f 282//282 223//223 219//219 
f 282//282 219//219 280//280 
f 280//280 219//219 216//216 
f 282//282 285//285 223//223 
f 224//224 281//281 218//218 
f 286//286 281//281 224//224 
f 217//217 220//220 224//224 
f 218//218 217//217 224//224 
f 219//219 223//223 221//221 
f 225//225 287//287 232//232 
f 221//221 287//287 225//225 
f 221//221 285//285 287//287 
f 221//221 223//223 285//285 
f 287//287 291//291 232//232 
f 233//233 292//292 288//288 
f 286//286 233//233 288//288 
f 224//224 233//233 286//286 
f 224//224 226//226 233//233 
f 224//224 222//222 226//226 
f 220//220 222//222 224//224 
f 225//225 232//232 227//227 
f 232//232 291//291 293//293 
f 232//232 293//293 227//227 
f 227//227 293//293 228//228 
f 229//229 228//228 294//294 
f 228//228 293//293 294//294 
f 230//230 229//229 295//295 
f 229//229 294//294 295//295 
f 292//292 233//233 231//231 
f 292//292 231//231 295//295 
f 295//295 231//231 230//230 
f 226//226 231//231 233//233 
f 241//241 299//299 307//307 
f 241//241 237//237 234//234 
f 241//241 234//234 299//299 
f 299//299 234//234 300//300 
f 235//235 301//301 234//234 
f 234//234 301//301 300//300 
f 236//236 302//302 235//235 
f 235//235 302//302 301//301 
f 238//238 242//242 303//303 
f 238//238 303//303 236//236 
f 236//236 303//303 302//302 
f 303//303 242//242 308//308 
f 239//239 241//241 307//307 
f 239//239 307//307 243//243 
f 243//243 307//307 309//309 
f 237//237 241//241 239//239 
f 238//238 240//240 242//242 
f 242//242 240//240 244//244 
f 242//242 244//244 308//308 
f 308//308 244//244 310//310 
f 247//247 311//311 313//313 
f 247//247 309//309 311//311 
f 247//247 245//245 309//309 
f 245//245 243//243 309//309 
f 312//312 246//246 248//248 
f 312//312 310//310 246//246 
f 310//310 244//244 246//246 
f 312//312 248//248 314//314 
f 247//247 313//313 315//315 
f 315//315 245//245 247//247 
f 315//315 316//316 245//245 
f 316//316 249//249 245//245 
f 248//248 250//250 251//251 
f 246//246 250//250 248//248 
f 317//317 314//314 248//248 
f 251//251 317//317 248//248 
f 249//249 316//316 252//252 
f 316//316 319//319 252//252 
f 251//251 320//320 318//318 
f 251//251 250//250 320//320 
f 250//250 253//253 320//320 
f 317//317 251//251 318//318 
f 261//261 254//254 252//252 
f 261//261 252//252 321//321 
f 321//321 252//252 319//319 
f 254//254 261//261 256//256 
f 255//255 257//257 262//262 
f 255//255 262//262 322//322 
f 255//255 322//322 253//253 
f 253//253 322//322 320//320 
f 261//261 321//321 323//323 
f 256//256 261//261 323//323 
f 256//256 323//323 258//258 
f 258//258 323//323 324//324 
f 259//259 258//258 325//325 
f 258//258 324//324 325//325 
f 260//260 259//259 326//326 
f 259//259 325//325 326//326 
f 262//262 257//257 260//260 
f 262//262 260//260 327//327 
f 327//327 260//260 326//326 
f 322//322 262//262 327//327 
f 263//263 270//270 267//267 
f 263//263 264//264 271//271 
f 270//270 263//263 271//271 
f 330//330 271//271 264//264 
f 330//330 264//264 329//329 
f 329//329 264//264 265//265 
f 272//272 331//331 329//329 
f 272//272 329//329 266//266 
f 266//266 329//329 265//265 
f 266//266 268//268 272//272 
f 269//269 276//276 273//273 
f 269//269 336//336 276//276 
f 267//267 336//336 269//269 
f 267//267 332//332 336//336 
f 267//267 270//270 332//332 
f 271//271 332//332 270//270 
f 333//333 332//332 271//271 
f 330//330 333//333 271//271 
f 272//272 334//334 331//331 
f 334//334 272//272 268//268 
f 334//334 268//268 337//337 
f 337//337 268//268 274//274 
f 276//276 338//338 343//343 
f 276//276 343//343 273//273 
f 273//273 343//343 277//277 
f 336//336 338//338 276//276 
f 279//279 274//274 275//275 
f 279//279 344//344 274//274 
f 344//344 337//337 274//274 
f 275//275 278//278 279//279 
f 345//345 283//283 280//280 
f 345//345 280//280 343//343 
f 343//343 280//280 277//277 
f 345//345 349//349 283//283 
f 284//284 344//344 279//279 
f 350//350 344//344 284//284 
f 278//278 281//281 284//284 
f 279//279 278//278 284//284 
f 280//280 283//283 282//282 
f 285//285 351//351 289//289 
f 282//282 351//351 285//285 
f 282//282 349//349 351//351 
f 282//282 283//283 349//349 
f 351//351 354//354 289//289 
f 290//290 350//350 284//284 
f 355//355 350//350 290//290 
f 281//281 286//286 290//290 
f 284//284 281//281 290//290 
f 285//285 289//289 287//287 
f 291//291 356//356 296//296 
f 287//287 356//356 291//291 
f 287//287 354//354 356//356 
f 287//287 289//289 354//354 
f 296//296 357//357 297//297 
f 356//356 357//357 296//296 
f 297//297 358//358 298//298 
f 357//357 358//358 297//297 
f 355//355 298//298 358//358 
f 290//290 298//298 355//355 
f 290//290 292//292 298//298 
f 290//290 288//288 292//292 
f 286//286 288//288 290//290 
f 291//291 296//296 293//293 
f 294//294 293//293 296//296 
f 297//297 294//294 296//296 
f 295//295 294//294 297//297 
f 298//298 295//295 297//297 
f 292//292 295//295 298//298 
f 304//304 362//362 365//365 
f 304//304 305//305 363//363 
f 362//362 304//304 363//363 
f 305//305 306//306 364//364 
f 363//363 305//305 364//364 
f 364//364 306//306 366//366 
f 299//299 367//367 369//369 
f 307//307 299//299 369//369 
f 365//365 300//300 304//304 
f 365//365 367//367 300//300 
f 367//367 299//299 300//300 
f 301//301 304//304 300//300 
f 305//305 304//304 301//301 
f 302//302 305//305 301//301 
f 306//306 305//305 302//302 
f 306//306 368//368 366//366 
f 306//306 302//302 368//368 
f 302//302 303//303 368//368 
f 368//368 303//303 308//308 
f 370//370 368//368 308//308 
f 307//307 369//369 309//309 
f 369//369 371//371 309//309 
f 308//308 310//310 370//370 
f 370//370 310//310 372//372 
f 311//311 373//373 375//375 
f 313//313 311//311 375//375 
f 371//371 311//311 309//309 
f 373//373 311//311 371//371 
f 310//310 374//374 372//372 
f 312//312 374//374 310//310 
f 374//374 312//312 314//314 
f 376//376 374//374 314//314 
f 313//313 375//375 377//377 
f 315//315 313//313 377//377 
f 377//377 316//316 315//315 
f 379//379 316//316 377//377 
f 314//314 317//317 376//376 
f 376//376 317//317 380//380 
f 316//316 379//379 319//319 
f 379//379 382//382 319//319 
f 318//318 383//383 381//381 
f 320//320 383//383 318//318 
f 380//380 317//317 318//318 
f 381//381 380//380 318//318 
f 319//319 382//382 321//321 
f 382//382 385//385 321//321 
f 328//328 386//386 384//384 
f 328//328 384//384 383//383 
f 328//328 383//383 322//322 
f 322//322 383//383 320//320 
f 321//321 385//385 387//387 
f 323//323 321//321 387//387 
f 324//324 323//323 388//388 
f 323//323 387//387 388//388 
f 325//325 324//324 389//389 
f 324//324 388//388 389//389 
f 326//326 325//325 390//390 
f 325//325 389//389 390//390 
f 386//386 328//328 327//327 
f 386//386 327//327 390//390 
f 390//390 327//327 326//326 
f 322//322 327//327 328//328 
f 329//329 335//335 330//330 
f 329//329 331//331 335//335 
f 332//332 339//339 336//336 
f 332//332 333//333 340//340 
f 339//339 332//332 340//340 
f 333//333 330//330 335//335 
f 333//333 335//335 340//340 
f 340//340 335//335 341//341 
f 331//331 334//334 342//342 
f 331//331 342//342 335//335 
f 335//335 342//342 341//341 
f 334//334 337//337 342//342 
f 338//338 346//346 343//343 
f 338//338 397//397 346//346 
f 336//336 397//397 338//338 
f 336//336 395//395 397//397 
f 336//336 339//339 395//395 
f 340//340 395//395 339//339 
f 396//396 395//395 340//340 
f 396//396 347//347 398//398 
f 396//396 340//340 347//347 
f 340//340 341//341 347//347 
f 342//342 348//348 341//341 
f 348//348 347//347 341//341 
f 337//337 344//344 348//348 
f 342//342 337//337 348//348 
f 343//343 346//346 345//345 
f 349//349 399//399 352//352 
f 345//345 399//399 349//349 
f 345//345 397//397 399//399 
f 345//345 346//346 397//397 
f 399//399 403//403 352//352 
f 347//347 400//400 398//398 
f 400//400 353//353 404//404 
f 400//400 347//347 353//353 
f 347//347 348//348 353//353 
f 344//344 350//350 353//353 
f 348//348 344//344 353//353 
f 349//349 352//352 351//351 
f 354//354 405//405 359//359 
f 351//351 405//405 354//354 
f 351//351 403//403 405//405 
f 351//351 352//352 403//403 
f 359//359 406//406 360//360 
f 405//405 406//406 359//359 
f 404//404 360//360 406//406 
f 404//404 353//353 360//360 
f 353//353 361//361 360//360 
f 350//350 355//355 361//361 
f 353//353 350//350 361//361 
f 354//354 359//359 356//356 
f 357//357 356//356 359//359 
f 360//360 357//357 359//359 
f 358//358 357//357 360//360 
f 361//361 358//358 360//360 
f 355//355 358//358 361//361 
f 362//362 409//409 412//412 
f 365//365 362//362 412//412 
f 363//363 410//410 362//362 
f 362//362 410//410 409//409 
f 364//364 411//411 363//363 
f 363//363 411//411 410//410 
f 411//411 364//364 366//366 
f 413//413 411//411 366//366 
f 367//367 414//414 419//419 
f 369//369 367//367 419//419 
f 412//412 367//367 365//365 
f 414//414 367//367 412//412 
f 366//366 415//415 413//413 
f 368//368 415//415 366//366 
f 415//415 368//368 370//370 
f 420//420 415//415 370//370 
f 369//369 419//419 371//371 
f 419//419 423//423 371//371 
f 370//370 372//372 420//420 
f 420//420 372//372 424//424 
f 373//373 378//378 375//375 
f 373//373 426//426 378//378 
f 373//373 371//371 426//426 
f 371//371 423//423 426//426 
f 372//372 425//425 424//424 
f 374//374 425//425 372//372 
f 425//425 374//374 376//376 
f 427//427 425//425 376//376 
f 375//375 378//378 377//377 
f 378//378 379//379 377//377 
f 378//378 426//426 379//379 
f 426//426 429//429 379//379 
f 376//376 380//380 427//427 
f 427//427 380//380 430//430 
f 379//379 429//429 382//382 
f 429//429 433//433 382//382 
f 381//381 434//434 431//431 
f 383//383 434//434 381//381 
f 430//430 380//380 381//381 
f 431//431 430//430 381//381 
f 435//435 391//391 385//385 
f 435//435 385//385 433//433 
f 433//433 385//385 382//382 
f 391//391 436//436 392//392 
f 435//435 436//436 391//391 
f 392//392 437//437 393//393 
f 436//436 437//437 392//392 
f 393//393 438//438 394//394 
f 437//437 438//438 393//393 
f 394//394 384//384 386//386 
f 394//394 438//438 384//384 
f 438//438 439//439 384//384 
f 434//434 383//383 384//384 
f 439//439 434//434 384//384 
f 385//385 391//391 387//387 
f 388//388 387//387 391//391 
f 392//392 388//388 391//391 
f 389//389 388//388 392//392 
f 393//393 389//389 392//392 
f 390//390 389//389 393//393 
f 394//394 390//390 393//393 
f 386//386 390//390 394//394 
f 395//395 401//401 397//397 
f 395//395 396//396 402//402 
f 401//401 395//395 402//402 
f 396//396 398//398 402//402 
f 397//397 401//401 399//399 
f 403//403 399//399 401//401 
f 403//403 401//401 407//407 
f 407//407 401//401 402//402 
f 398//398 400//400 408//408 
f 398//398 408//408 402//402 
f 402//402 408//408 407//407 
f 400//400 404//404 408//408 
f 403//403 407//407 405//405 
f 406//406 405//405 407//407 
f 408//408 406//406 407//407 
f 404//404 406//406 408//408 
f 409//409 416//416 412//412 
f 409//409 410//410 417//417 
f 416//416 409//409 417//417 
f 410//410 411//411 418//418 
f 417//417 410//410 418//418 
f 411//411 413//413 418//418 
f 414//414 421//421 419//419 
f 414//414 448//448 421//421 
f 412//412 448//448 414//414 
f 412//412 445//445 448//448 
f 412//412 416//416 445//445 
f 417//417 445//445 416//416 
f 446//446 445//445 417//417 
f 418//418 446//446 417//417 
f 447//447 446//446 418//418 
f 422//422 449//449 447//447 
f 415//415 422//422 447//447 
f 415//415 447//447 418//418 
f 415//415 418//418 413//413 
f 415//415 420//420 422//422 
f 421//421 450//450 455//455 
f 421//421 455//455 419//419 
f 419//419 455//455 423//423 
f 448//448 450//450 421//421 
f 422//422 451//451 449//449 
f 451//451 422//422 420//420 
f 451//451 420//420 456//456 
f 456//456 420//420 424//424 
f 423//423 455//455 426//426 
f 455//455 459//459 426//426 
f 428//428 424//424 425//425 
f 428//428 460//460 424//424 
f 460//460 456//456 424//424 
f 425//425 427//427 428//428 
f 426//426 459//459 429//429 
f 459//459 461//461 429//429 
f 432//432 460//460 428//428 
f 462//462 460//460 432//432 
f 427//427 430//430 432//432 
f 428//428 427//427 432//432 
f 463//463 440//440 433//433 
f 463//463 433//433 461//461 
f 461//461 433//433 429//429 
f 440//440 464//464 441//441 
f 463//463 464//464 440//440 
f 441//441 465//465 442//442 
f 464//464 465//465 441//441 
f 442//442 466//466 443//443 
f 465//465 466//466 442//442 
f 443//443 467//467 444//444 
f 466//466 467//467 443//443 
f 462//462 444//444 467//467 
f 432//432 444//444 462//462 
f 432//432 434//434 444//444 
f 432//432 431//431 434//434 
f 430//430 431//431 432//432 
f 433//433 440//440 435//435 
f 436//436 435//435 440//440 
f 441//441 436//436 440//440 
f 437//437 436//436 441//441 
f 442//442 437//437 441//441 
f 438//438 437//437 442//442 
f 443//443 438//438 442//442 
f 439//439 438//438 443//443 
f 444//444 439//439 443//443 
f 434//434 439//439 444//444 
f 445//445 452//452 448//448 
f 445//445 446//446 453//453 
f 452//452 445//445 453//453 
f 446//446 447//447 454//454 
f 453//453 446//446 454//454 
f 447//447 449//449 454//454 
f 450//450 457//457 455//455 
f 450//450 474//474 457//457 
f 448//448 474//474 450//450 
f 448//448 471//471 474//474 
f 448//448 452//452 471//471 
f 453//453 471//471 452//452 
f 472//472 471//471 453//453 
f 454//454 472//472 453//453 
f 473//473 472//472 454//454 
f 458//458 475//475 473//473 
f 451//451 458//458 473//473 
f 451//451 473//473 454//454 
f 451//451 454//454 449//449 
f 451//451 456//456 458//458 
f 457//457 476//476 481//481 
f 457//457 481//481 455//455 
f 455//455 481//481 459//459 
f 474//474 476//476 457//457 
f 458//458 477//477 475//475 
f 477//477 458//458 456//456 
f 477//477 456//456 482//482 
f 482//482 456//456 460//460 
f 483//483 468//468 461//461 
f 483//483 461//461 481//481 
f 481//481 461//461 459//459 
f 483//483 490//490 468//468 
f 469//469 491//491 484//484 
f 469//469 485//485 470//470 
f 484//484 485//485 469//469 
f 470//470 485//485 482//482 
f 470//470 482//482 462//462 
f 462//462 482//482 460//460 
f 461//461 468//468 463//463 
f 468//468 490//490 492//492 
f 468//468 492//492 463//463 
f 463//463 492//492 464//464 
f 465//465 464//464 493//493 
f 464//464 492//492 493//493 
f 491//491 469//469 466//466 
f 491//491 466//466 493//493 
f 493//493 466//466 465//465 
f 467//467 466//466 469//469 
f 470//470 467//467 469//469 
f 462//462 467//467 470//470 
f 471//471 478//478 474//474 
f 471//471 472//472 479//479 
f 478//478 471//471 479//479 
f 472//472 473//473 480//480 
f 479//479 472//472 480//480 
f 473//473 475//475 480//480 
f 476//476 486//486 481//481 
f 476//476 474//474 478//478 
f 476//476 478//478 486//486 
f 486//486 478//478 487//487 
f 497//497 479//479 496//496 
f 497//497 487//487 479//479 
f 487//487 478//478 479//479 
f 496//496 488//488 498//498 
f 496//496 479//479 488//488 
f 479//479 480//480 488//488 
f 475//475 477//477 489//489 
f 475//475 489//489 480//480 
f 480//480 489//489 488//488 
f 477//477 482//482 489//489 
f 481//481 486//486 483//483 
f 490//490 483//483 486//486 
f 490//490 486//486 494//494 
f 494//494 486//486 487//487 
f 499//499 487//487 497//497 
f 499//499 495//495 487//487 
f 495//495 494//494 487//487 
f 498//498 495//495 499//499 
f 488//488 495//495 498//498 
f 488//488 491//491 495//495 
f 488//488 484//484 491//491 
f 485//485 484//484 488//488 
f 489//489 485//485 488//488 
f 482//482 485//485 489//489 
f 490//490 494//494 492//492 
f 493//493 492//492 494//494 
f 495//495 493//493 494//494 
f 491//491 493//493 495//495 
f 496//496 500//500 497//497 
f 496//496 498//498 500//500 
f 497//497 500//500 499//499 
f 498//498 499//499 500//500 
f 501//501 508//508 513//513 
f 501//501 502//502 509//509 
f 508//508 501//501 509//509 
f 509//509 502//502 514//514 
f 503//503 515//515 518//518 
f 513//513 515//515 503//503 
f 513//513 503//503 501//501 
f 501//501 503//503 504//504 
f 502//502 501//501 505//505 
f 505//505 501//501 504//504 
f 519//519 514//514 502//502 
f 505//505 519//519 502//502 
f 503//503 518//518 520//520 
f 520//520 522//522 506//506 
f 520//520 506//506 503//503 
f 503//503 506//506 504//504 
f 505//505 504//504 507//507 
f 507//507 504//504 506//506 
f 523//523 519//519 505//505 
f 507//507 523//523 505//505 
f 506//506 522//522 524//524 
f 507//507 506//506 524//524 
f 525//525 507//507 524//524 
f 523//523 507//507 525//525 
f 510//510 531//531 537//537 
f 510//510 511//511 532//532 
f 531//531 510//510 532//532 
f 511//511 512//512 533//533 
f 532//532 511//511 533//533 
f 533//533 512//512 538//538 
f 516//516 539//539 541//541 
f 537//537 539//539 516//516 
f 510//510 537//537 516//516 
f 510//510 516//516 513//513 
f 510//510 513//513 508//508 
f 509//509 510//510 508//508 
f 511//511 510//510 509//509 
f 514//514 511//511 509//509 
f 514//514 517//517 511//511 
f 517//517 512//512 511//511 
f 542//542 538//538 512//512 
f 517//517 542//542 512//512 
f 515//515 516//516 541//541 
f 515//515 541//541 518//518 
f 518//518 541//541 545//545 
f 513//513 516//516 515//515 
f 517//517 519//519 521//521 
f 514//514 519//519 517//517 
f 546//546 542//542 517//517 
f 521//521 546//546 517//517 
f 526//526 520//520 518//518 
f 526//526 518//518 550//550 
f 550//550 518//518 545//545 
f 520//520 526//526 522//522 
f 521//521 523//523 527//527 
f 519//519 523//523 521//521 
f 547//547 546//546 521//521 
f 547//547 521//521 528//528 
f 528//528 521//521 527//527 
f 547//547 528//528 551//551 
f 526//526 550//550 552//552 
f 529//529 552//552 556//556 
f 524//524 552//552 529//529 
f 524//524 526//526 552//552 
f 524//524 522//522 526//526 
f 524//524 530//530 525//525 
f 529//529 530//530 524//524 
f 525//525 530//530 557//557 
f 523//523 525//525 557//557 
f 523//523 557//557 553//553 
f 523//523 553//553 527//527 
f 528//528 527//527 553//553 
f 554//554 528//528 553//553 
f 551//551 528//528 554//554 
f 529//529 556//556 558//558 
f 530//530 529//529 558//558 
f 559//559 530//530 558//558 
f 557//557 530//530 559//559 
f 534//534 567//567 570//570 
f 534//534 535//535 568//568 
f 567//567 534//534 568//568 
f 535//535 536//536 569//569 
f 568//568 535//535 569//569 
f 569//569 536//536 571//571 
f 540//540 534//534 570//570 
f 573//573 540//540 570//570 
f 531//531 540//540 537//537 
f 531//531 535//535 540//540 
f 535//535 534//534 540//540 
f 532//532 535//535 531//531 
f 536//536 535//535 532//532 
f 536//536 572//572 571//571 
f 536//536 532//532 572//572 
f 532//532 533//533 572//572 
f 572//572 533//533 538//538 
f 574//574 572//572 538//538 
f 543//543 575//575 578//578 
f 573//573 575//575 543//543 
f 540//540 573//573 543//543 
f 540//540 543//543 541//541 
f 540//540 541//541 539//539 
f 537//537 540//540 539//539 
f 576//576 542//542 544//544 
f 576//576 574//574 542//542 
f 574//574 538//538 542//542 
f 576//576 544//544 579//579 
f 548//548 543//543 578//578 
f 581//581 548//548 578//578 
f 541//541 548//548 545//545 
f 543//543 548//548 541//541 
f 544//544 546//546 549//549 
f 542//542 546//546 544//544 
f 582//582 579//579 544//544 
f 549//549 582//582 544//544 
f 555//555 548//548 581//581 
f 584//584 555//555 581//581 
f 545//545 555//555 550//550 
f 548//548 555//555 545//545 
f 546//546 547//547 549//549 
f 549//549 547//547 551//551 
f 549//549 551//551 582//582 
f 582//582 551//551 585//585 
f 555//555 584//584 586//586 
f 560//560 586//586 588//588 
f 552//552 586//586 560//560 
f 552//552 555//555 586//586 
f 552//552 550//550 555//555 
f 552//552 560//560 556//556 
f 553//553 557//557 561//561 
f 589//589 553//553 561//561 
f 589//589 587//587 553//553 
f 587//587 554//554 553//553 
f 585//585 551//551 554//554 
f 587//587 585//585 554//554 
f 560//560 588//588 590//590 
f 556//556 560//560 590//590 
f 556//556 590//590 558//558 
f 558//558 590//590 591//591 
f 559//559 558//558 592//592 
f 558//558 591//591 592//592 
f 561//561 557//557 559//559 
f 561//561 559//559 593//593 
f 593//593 559//559 592//592 
f 589//589 561//561 593//593 
f 562//562 598//598 603//603 
f 562//562 563//563 599//599 
f 598//598 562//562 599//599 
f 599//599 563//563 604//604 
f 564//564 562//562 603//603 
f 607//607 564//564 603//603 
f 563//563 562//562 565//565 
f 565//565 562//562 564//564 
f 608//608 604//604 563//563 
f 565//565 608//608 563//563 
f 564//564 607//607 609//609 
f 609//609 613//613 566//566 
f 609//609 566//566 564//564 
f 564//564 566//566 565//565 
f 614//614 608//608 565//565 
f 566//566 614//614 565//565 
f 566//566 613//613 615//615 
f 614//614 566//566 615//615 
f 567//567 618//618 621//621 
f 570//570 567//567 621//621 
f 568//568 619//619 567//567 
f 567//567 619//619 618//618 
f 569//569 620//620 568//568 
f 568//568 620//620 619//619 
f 620//620 569//569 571//571 
f 622//622 620//620 571//571 
f 577//577 623//623 626//626 
f 577//577 621//621 623//623 
f 577//577 573//573 621//621 
f 573//573 570//570 621//621 
f 571//571 624//624 622//622 
f 572//572 624//624 571//571 
f 624//624 572//572 574//574 
f 627//627 624//624 574//574 
f 580//580 628//628 631//631 
f 626//626 628//628 580//580 
f 577//577 626//626 580//580 
f 577//577 580//580 578//578 
f 577//577 578//578 575//575 
f 573//573 577//577 575//575 
f 574//574 629//629 627//627 
f 576//576 629//629 574//574 
f 629//629 576//576 579//579 
f 632//632 629//629 579//579 
f 583//583 580//580 631//631 
f 633//633 583//583 631//631 
f 578//578 583//583 581//581 
f 580//580 583//583 578//578 
f 579//579 582//582 632//632 
f 632//632 582//582 634//634 
f 583//583 633//633 635//635 
f 635//635 581//581 583//583 
f 635//635 636//636 581//581 
f 636//636 584//584 581//581 
f 582//582 585//585 634//634 
f 634//634 585//585 637//637 
f 594//594 586//586 584//584 
f 594//594 584//584 638//638 
f 638//638 584//584 636//636 
f 586//586 594//594 588//588 
f 587//587 589//589 595//595 
f 587//587 595//595 639//639 
f 587//587 639//639 585//585 
f 585//585 639//639 637//637 
f 594//594 638//638 640//640 
f 588//588 594//594 640//640 
f 588//588 640//640 590//590 
f 590//590 640//640 641//641 
f 596//596 641//641 644//644 
f 596//596 591//591 641//641 
f 591//591 590//590 641//641 
f 591//591 597//597 592//592 
f 596//596 597//597 591//591 
f 645//645 592//592 597//597 
f 645//645 642//642 592//592 
f 642//642 593//593 592//592 
f 595//595 589//589 593//593 
f 595//595 593//593 643//643 
f 643//643 593//593 642//642 
f 639//639 595//595 643//643 
f 596//596 644//644 646//646 
f 597//597 596//596 646//646 
f 647//647 597//597 646//646 
f 645//645 597//597 647//647 
f 600//600 648//648 654//654 
f 600//600 601//601 649//649 
f 648//648 600//600 649//649 
f 601//601 602//602 650//650 
f 649//649 601//601 650//650 
f 650//650 602//602 655//655 
f 605//605 656//656 659//659 
f 654//654 656//656 605//605 
f 600//600 654//654 605//605 
f 600//600 605//605 603//603 
f 600//600 603//603 598//598 
f 599//599 600//600 598//598 
f 601//601 600//600 599//599 
f 604//604 601//601 599//599 
f 604//604 606//606 601//601 
f 606//606 602//602 601//601 
f 660//660 655//655 602//602 
f 606//606 660//660 602//602 
f 610//610 605//605 659//659 
f 664//664 610//610 659//659 
f 603//603 610//610 607//607 
f 605//605 610//610 603//603 
f 606//606 608//608 611//611 
f 604//604 608//608 606//606 
f 661//661 660//660 606//606 
f 661//661 606//606 612//612 
f 612//612 606//606 611//611 
f 661//661 612//612 665//665 
f 610//610 664//664 666//666 
f 616//616 666//666 669//669 
f 609//609 666//666 616//616 
f 609//609 610//610 666//666 
f 609//609 607//607 610//610 
f 609//609 616//616 613//613 
f 611//611 614//614 617//617 
f 608//608 614//614 611//611 
f 670//670 667//667 612//612 
f 670//670 612//612 617//617 
f 617//617 612//612 611//611 
f 665//665 612//612 667//667 
f 616//616 669//669 671//671 
f 613//613 616//616 671//671 
f 613//613 671//671 615//615 
f 615//615 671//671 672//672 
f 617//617 614//614 615//615 
f 617//617 615//615 673//673 
f 673//673 615//615 672//672 
f 670//670 617//617 673//673 
f 618//618 679//679 681//681 
f 621//621 618//618 681//681 
f 619//619 680//680 618//618 
f 618//618 680//680 679//679 
f 625//625 682//682 680//680 
f 625//625 680//680 620//620 
f 620//620 680//680 619//619 
f 620//620 622//622 625//625 
f 630//630 683//683 689//689 
f 630//630 626//626 623//623 
f 630//630 623//623 683//683 
f 683//683 623//623 684//684 
f 681//681 623//623 621//621 
f 684//684 623//623 681//681 
f 625//625 685//685 682//682 
f 622//622 685//685 625//625 
f 622//622 624//624 685//685 
f 624//624 686//686 685//685 
f 686//686 624//624 627//627 
f 690//690 686//686 627//627 
f 628//628 630//630 689//689 
f 628//628 689//689 631//631 
f 631//631 689//689 694//694 
f 626//626 630//630 628//628 
f 627//627 691//691 690//690 
f 629//629 691//691 627//627 
f 691//691 629//629 632//632 
f 695//695 691//691 632//632 
f 631//631 694//694 633//633 
f 694//694 697//697 633//633 
f 632//632 634//634 695//695 
f 695//695 634//634 698//698 
f 633//633 697//697 699//699 
f 635//635 633//633 699//699 
f 699//699 636//636 635//635 
f 702//702 636//636 699//699 
f 634//634 637//637 698//698 
f 698//698 637//637 703//703 
f 636//636 702//702 638//638 
f 702//702 705//705 638//638 
f 637//637 639//639 703//703 
f 703//703 639//639 706//706 
f 638//638 705//705 707//707 
f 640//640 638//638 707//707 
f 641//641 640//640 708//708 
f 640//640 707//707 708//708 
f 708//708 644//644 641//641 
f 713//713 644//644 708//708 
f 642//642 714//714 709//709 
f 645//645 714//714 642//642 
f 643//643 642//642 710//710 
f 642//642 709//709 710//710 
f 706//706 639//639 643//643 
f 710//710 706//706 643//643 
f 644//644 713//713 715//715 
f 646//646 644//644 715//715 
f 647//647 646//646 716//716 
f 646//646 715//715 716//716 
f 714//714 645//645 647//647 
f 716//716 714//714 647//647 
f 651//651 719//719 722//722 
f 651//651 652//652 720//720 
f 719//719 651//651 720//720 
f 652//652 653//653 721//721 
f 720//720 652//652 721//721 
f 721//721 653//653 723//723 
f 657//657 724//724 727//727 
f 722//722 724//724 657//657 
f 651//651 722//722 657//657 
f 651//651 657//657 654//654 
f 651//651 654//654 648//648 
f 649//649 651//651 648//648 
f 652//652 651//651 649//649 
f 650//650 652//652 649//649 
f 653//653 652//652 650//650 
f 655//655 658//658 725//725 
f 650//650 655//655 725//725 
f 650//650 725//725 723//723 
f 650//650 723//723 653//653 
f 725//725 658//658 728//728 
f 656//656 657//657 727//727 
f 656//656 727//727 659//659 
f 659//659 727//727 730//730 
f 654//654 657//657 656//656 
f 658//658 660//660 662//662 
f 655//655 660//660 658//658 
f 729//729 728//728 658//658 
f 729//729 658//658 663//663 
f 663//663 658//658 662//662 
f 729//729 663//663 731//731 
f 659//659 730//730 664//664 
f 730//730 733//733 664//664 
f 660//660 661//661 662//662 
f 665//665 662//662 661//661 
f 665//665 668//668 662//662 
f 668//668 663//663 662//662 
f 734//734 731//731 663//663 
f 668//668 734//734 663//663 
f 674//674 666//666 664//664 
f 674//674 664//664 737//737 
f 737//737 664//664 733//733 
f 666//666 674//674 669//669 
f 667//667 670//670 675//675 
f 667//667 675//675 738//738 
f 665//665 667//667 738//738 
f 665//665 738//738 735//735 
f 665//665 735//735 668//668 
f 734//734 668//668 735//735 
f 674//674 737//737 739//739 
f 676//676 739//739 742//742 
f 671//671 739//739 676//676 
f 671//671 674//674 739//739 
f 671//671 669//669 674//674 
f 671//671 677//677 672//672 
f 676//676 677//677 671//671 
f 672//672 678//678 673//673 
f 677//677 678//678 672//672 
f 673//673 678//678 743//743 
f 670//670 673//673 743//743 
f 670//670 743//743 740//740 
f 670//670 740//740 675//675 
f 738//738 675//675 740//740 
f 676//676 742//742 744//744 
f 677//677 676//676 744//744 
f 745//745 677//677 744//744 
f 678//678 677//677 745//745 
f 746//746 678//678 745//745 
f 743//743 678//678 746//746 
f 679//679 687//687 681//681 
f 679//679 680//680 688//688 
f 687//687 679//679 688//688 
f 680//680 682//682 688//688 
f 683//683 692//692 689//689 
f 753//753 692//692 683//683 
f 753//753 683//683 749//749 
f 749//749 683//683 684//684 
f 687//687 684//684 681//681 
f 687//687 750//750 684//684 
f 750//750 749//749 684//684 
f 688//688 750//750 687//687 
f 751//751 750//750 688//688 
f 682//682 751//751 688//688 
f 682//682 685//685 751//751 
f 685//685 752//752 751//751 
f 693//693 754//754 752//752 
f 693//693 752//752 686//686 
f 686//686 752//752 685//685 
f 686//686 690//690 693//693 
f 692//692 755//755 761//761 
f 692//692 761//761 689//689 
f 689//689 761//761 694//694 
f 753//753 755//755 692//692 
f 693//693 756//756 754//754 
f 696//696 762//762 756//756 
f 691//691 696//696 756//756 
f 691//691 756//756 693//693 
f 691//691 693//693 690//690 
f 691//691 695//695 696//696 
f 763//763 700//700 697//697 
f 763//763 697//697 761//761 
f 761//761 697//697 694//694 
f 763//763 767//767 700//700 
f 701//701 762//762 696//696 
f 768//768 762//762 701//701 
f 695//695 698//698 701//701 
f 696//696 695//695 701//701 
f 697//697 700//700 699//699 
f 700//700 702//702 699//699 
f 700//700 767//767 702//702 
f 767//767 769//769 702//702 
f 704//704 768//768 701//701 
f 770//770 768//768 704//704 
f 698//698 703//703 704//704 
f 701//701 698//698 704//704 
f 771//771 711//711 705//705 
f 771//771 705//705 769//769 
f 769//769 705//705 702//702 
f 771//771 774//774 711//711 
f 712//712 770//770 704//704 
f 775//775 770//770 712//712 
f 703//703 706//706 712//712 
f 704//704 703//703 712//712 
f 705//705 711//711 707//707 
f 711//711 774//774 776//776 
f 711//711 776//776 707//707 
f 707//707 776//776 708//708 
f 713//713 777//777 717//717 
f 713//713 708//708 777//777 
f 708//708 776//776 777//777 
f 717//717 778//778 718//718 
f 777//777 778//778 717//717 
f 718//718 709//709 714//714 
f 718//718 778//778 709//709 
f 778//778 779//779 709//709 
f 775//775 712//712 710//710 
f 775//775 710//710 779//779 
f 779//779 710//710 709//709 
f 706//706 710//710 712//712 
f 713//713 717//717 715//715 
f 716//716 715//715 717//717 
f 718//718 716//716 717//717 
f 714//714 716//716 718//718 
f 719//719 783//783 787//787 
f 722//722 719//719 787//787 
f 720//720 784//784 719//719 
f 719//719 784//784 783//783 
f 721//721 785//785 720//720 
f 720//720 785//785 784//784 
f 723//723 726//726 786//786 
f 723//723 786//786 721//721 
f 721//721 786//786 785//785 
f 786//786 726//726 788//788 
f 724//724 789//789 790//790 
f 727//727 724//724 790//790 
f 787//787 724//724 722//722 
f 789//789 724//724 787//787 
f 723//723 725//725 726//726 
f 726//726 725//725 728//728 
f 726//726 728//728 788//788 
f 788//788 728//728 791//791 
f 732//732 792//792 795//795 
f 732//732 790//790 792//792 
f 732//732 730//730 790//790 
f 730//730 727//727 790//790 
f 728//728 793//793 791//791 
f 729//729 793//793 728//728 
f 793//793 729//729 731//731 
f 796//796 793//793 731//731 
f 736//736 732//732 795//795 
f 798//798 736//736 795//795 
f 730//730 736//736 733//733 
f 732//732 736//736 730//730 
f 731//731 734//734 796//796 
f 796//796 734//734 799//799 
f 736//736 798//798 800//800 
f 800//800 733//733 736//736 
f 800//800 801//801 733//733 
f 801//801 737//737 733//733 
f 735//735 738//738 741//741 
f 735//735 741//741 802//802 
f 735//735 802//802 734//734 
f 734//734 802//802 799//799 
f 747//747 739//739 737//737 
f 747//747 737//737 804//804 
f 804//804 737//737 801//801 
f 739//739 747//747 742//742 
f 740//740 743//743 748//748 
f 740//740 748//748 805//805 
f 738//738 740//740 805//805 
f 738//738 805//805 803//803 
f 738//738 803//803 741//741 
f 802//802 741//741 803//803 
f 747//747 804//804 806//806 
f 742//742 747//747 806//806 
f 742//742 806//806 744//744 
f 744//744 806//806 807//807 
f 745//745 744//744 808//808 
f 744//744 807//807 808//808 
f 746//746 745//745 809//809 
f 745//745 808//808 809//809 
f 748//748 743//743 746//746 
f 748//748 746//746 810//810 
f 810//810 746//746 809//809 
f 805//805 748//748 810//810 
f 749//749 757//757 753//753 
f 749//749 750//750 758//758 
f 757//757 749//749 758//758 
f 750//750 751//751 759//759 
f 758//758 750//750 759//759 
f 751//751 752//752 760//760 
f 759//759 751//751 760//760 
f 752//752 754//754 760//760 
f 755//755 764//764 761//761 
f 755//755 753//753 757//757 
f 755//755 757//757 764//764 
f 764//764 757//757 765//765 
f 814//814 758//758 811//811 
f 814//814 765//765 758//758 
f 765//765 757//757 758//758 
f 759//759 811//811 758//758 
f 812//812 811//811 759//759 
f 760//760 812//812 759//759 
f 813//813 812//812 760//760 
f 766//766 815//815 813//813 
f 756//756 766//766 813//813 
f 756//756 813//813 760//760 
f 756//756 760//760 754//754 
f 756//756 762//762 766//766 
f 761//761 764//764 763//763 
f 816//816 764//764 765//765 
f 816//816 767//767 764//764 
f 816//816 821//821 767//767 
f 763//763 764//764 767//767 
f 814//814 816//816 765//765 
f 766//766 817//817 815//815 
f 817//817 766//766 762//762 
f 817//817 762//762 822//822 
f 822//822 762//762 768//768 
f 823//823 772//772 769//769 
f 823//823 769//769 821//821 
f 821//821 769//769 767//767 
f 823//823 829//829 772//772 
f 773//773 830//830 824//824 
f 773//773 824//824 822//822 
f 773//773 822//822 770//770 
f 770//770 822//822 768//768 
f 769//769 772//772 771//771 
f 774//774 831//831 780//780 
f 771//771 831//831 774//774 
f 771//771 829//829 831//831 
f 771//771 772//772 829//829 
f 831//831 836//836 780//780 
f 781//781 837//837 832//832 
f 830//830 781//781 832//832 
f 830//830 773//773 781//781 
f 773//773 782//782 781//781 
f 770//770 775//775 782//782 
f 773//773 770//770 782//782 
f 774//774 780//780 776//776 
f 780//780 836//836 838//838 
f 780//780 838//838 776//776 
f 776//776 838//838 777//777 
f 837//837 781//781 778//778 
f 837//837 778//778 838//838 
f 838//838 778//778 777//777 
f 779//779 778//778 781//781 
f 782//782 779//779 781//781 
f 775//775 779//779 782//782 
f 783//783 840//840 844//844 
f 787//787 783//783 844//844 
f 784//784 841//841 783//783 
f 783//783 841//841 840//840 
f 785//785 842//842 784//784 
f 784//784 842//842 841//841 
f 786//786 843//843 785//785 
f 785//785 843//843 842//842 
f 843//843 786//786 788//788 
f 845//845 843//843 788//788 
f 789//789 846//846 850//850 
f 790//790 789//789 850//850 
f 844//844 789//789 787//787 
f 846//846 789//789 844//844 
f 847//847 791//791 794//794 
f 847//847 845//845 791//791 
f 845//845 788//788 791//791 
f 847//847 794//794 851//851 
f 792//792 797//797 795//795 
f 792//792 853//853 797//797 
f 792//792 790//790 853//853 
f 790//790 850//850 853//853 
f 791//791 793//793 794//794 
f 794//794 793//793 796//796 
f 794//794 796//796 851//851 
f 851//851 796//796 854//854 
f 797//797 855//855 856//856 
f 797//797 856//856 795//795 
f 795//795 856//856 798//798 
f 853//853 855//855 797//797 
f 796//796 799//799 854//854 
f 854//854 799//799 857//857 
f 798//798 856//856 858//858 
f 800//800 798//798 858//858 
f 858//858 801//801 800//800 
f 860//860 801//801 858//858 
f 799//799 802//802 857//857 
f 857//857 802//802 861//861 
f 801//801 860//860 804//804 
f 860//860 863//863 804//804 
f 803//803 864//864 862//862 
f 805//805 864//864 803//803 
f 861//861 802//802 803//803 
f 862//862 861//861 803//803 
f 804//804 863//863 865//865 
f 806//806 804//804 865//865 
f 807//807 806//806 866//866 
f 806//806 865//865 866//866 
f 808//808 807//807 867//867 
f 807//807 866//866 867//867 
f 809//809 808//808 868//868 
f 808//808 867//867 868//868 
f 810//810 809//809 869//869 
f 809//809 868//868 869//869 
f 864//864 805//805 810//810 
f 869//869 864//864 810//810 
f 811//811 818//818 814//814 
f 811//811 812//812 819//819 
f 818//818 811//811 819//819 
f 812//812 813//813 820//820 
f 819//819 812//812 820//820 
f 813//813 815//815 820//820 
f 816//816 825//825 821//821 
f 816//816 814//814 818//818 
f 816//816 818//818 825//825 
f 825//825 818//818 826//826 
f 872//872 819//819 871//871 
f 872//872 826//826 819//819 
f 826//826 818//818 819//819 
f 871//871 827//827 873//873 
f 871//871 819//819 827//827 
f 819//819 820//820 827//827 
f 815//815 817//817 828//828 
f 815//815 828//828 820//820 
f 820//820 828//828 827//827 
f 817//817 822//822 828//828 
f 821//821 825//825 823//823 
f 829//829 823//823 825//825 
f 829//829 825//825 833//833 
f 833//833 825//825 826//826 
f 874//874 826//826 872//872 
f 874//874 834//834 826//826 
f 834//834 833//833 826//826 
f 873//873 834//834 874//874 
f 873//873 827//827 834//834 
f 827//827 835//835 834//834 
f 824//824 830//830 835//835 
f 824//824 835//835 828//828 
f 828//828 835//835 827//827 
f 822//822 824//824 828//828 
f 829//829 833//833 831//831 
f 836//836 831//831 833//833 
f 836//836 833//833 839//839 
f 839//839 833//833 834//834 
f 832//832 837//837 839//839 
f 832//832 839//839 835//835 
f 835//835 839//839 834//834 
f 830//830 832//832 835//835 
f 836//836 839//839 838//838 
f 837//837 838//838 839//839 
f 840//840 848//848 844//844 
f 878//878 848//848 840//840 
f 878//878 840//840 876//876 
f 876//876 840//840 841//841 
f 842//842 877//877 841//841 
f 841//841 877//877 876//876 
f 849//849 879//879 877//877 
f 849//849 877//877 843//843 
f 843//843 877//877 842//842 
f 843//843 845//845 849//849 
f 846//846 880//880 885//885 
f 850//850 846//846 885//885 
f 848//848 846//846 844//844 
f 848//848 881//881 846//846 
f 881//881 880//880 846//846 
f 878//878 881//881 848//848 
f 849//849 882//882 879//879 
f 852//852 886//886 882//882 
f 847//847 852//852 882//882 
f 847//847 882//882 849//849 
f 847//847 849//849 845//845 
f 847//847 851//851 852//852 
f 850//850 885//885 853//853 
f 885//885 890//890 853//853 
f 852//852 887//887 886//886 
f 887//887 852//852 851//851 
f 887//887 851//851 891//891 
f 891//891 851//851 854//854 
f 855//855 859//859 856//856 
f 855//855 894//894 859//859 
f 855//855 853//853 894//894 
f 853//853 890//890 894//894 
f 854//854 857//857 891//891 
f 891//891 857//857 895//895 
f 856//856 859//859 858//858 
f 859//859 860//860 858//858 
f 859//859 894//894 860//860 
f 894//894 898//898 860//860 
f 857//857 861//861 895//895 
f 895//895 861//861 899//899 
f 900//900 870//870 863//863 
f 900//900 863//863 898//898 
f 898//898 863//863 860//860 
f 900//900 904//904 870//870 
f 862//862 905//905 901//901 
f 864//864 905//905 862//862 
f 899//899 861//861 862//862 
f 901//901 899//899 862//862 
f 863//863 870//870 865//865 
f 870//870 904//904 906//906 
f 870//870 906//906 865//865 
f 865//865 906//906 866//866 
f 867//867 866//866 907//907 
f 866//866 906//906 907//907 
f 868//868 867//867 908//908 
f 867//867 907//907 908//908 
f 869//869 868//868 909//909 
f 868//868 908//908 909//909 
f 905//905 864//864 869//869 
f 909//909 905//905 869//869 
f 871//871 875//875 872//872 
f 871//871 873//873 875//875 
f 872//872 875//875 874//874 
f 873//873 874//874 875//875 
f 876//876 883//883 878//878 
f 876//876 877//877 884//884 
f 883//883 876//876 884//884 
f 877//877 879//879 884//884 
f 880//880 888//888 885//885 
f 917//917 888//888 880//880 
f 917//917 880//880 914//914 
f 914//914 880//880 881//881 
f 883//883 881//881 878//878 
f 883//883 915//915 881//881 
f 915//915 914//914 881//881 
f 884//884 915//915 883//883 
f 916//916 915//915 884//884 
f 889//889 918//918 916//916 
f 882//882 889//889 916//916 
f 882//882 916//916 884//884 
f 882//882 884//884 879//879 
f 882//882 886//886 889//889 
f 888//888 892//892 890//890 
f 885//885 888//888 890//890 
f 923//923 888//888 917//917 
f 892//892 888//888 923//923 
f 889//889 919//919 918//918 
f 893//893 924//924 919//919 
f 887//887 893//893 919//919 
f 887//887 919//919 889//889 
f 887//887 889//889 886//886 
f 887//887 891//891 893//893 
f 892//892 896//896 894//894 
f 890//890 892//892 894//894 
f 928//928 892//892 923//923 
f 896//896 892//892 928//928 
f 897//897 924//924 893//893 
f 929//929 924//924 897//897 
f 891//891 895//895 897//897 
f 893//893 891//891 897//897 
f 896//896 902//902 898//898 
f 894//894 896//896 898//898 
f 932//932 896//896 928//928 
f 902//902 896//896 932//932 
f 903//903 929//929 897//897 
f 933//933 929//929 903//903 
f 895//895 899//899 903//903 
f 897//897 895//895 903//903 
f 898//898 902//902 900//900 
f 904//904 934//934 910//910 
f 900//900 934//934 904//904 
f 900//900 932//932 934//934 
f 900//900 902//902 932//932 
f 910//910 935//935 911//911 
f 934//934 935//935 910//910 
f 911//911 936//936 912//912 
f 935//935 936//936 911//911 
f 912//912 937//937 913//913 
f 936//936 937//937 912//912 
f 933//933 913//913 937//937 
f 903//903 913//913 933//933 
f 903//903 905//905 913//913 
f 903//903 901//901 905//905 
f 899//899 901//901 903//903 
f 904//904 910//910 906//906 
f 907//907 906//906 910//910 
f 911//911 907//907 910//910 
f 908//908 907//907 911//911 
f 912//912 908//908 911//911 
f 909//909 908//908 912//912 
f 913//913 909//909 912//912 
f 905//905 909//909 913//913 
f 914//914 920//920 917//917 
f 914//914 915//915 921//921 
f 920//920 914//914 921//921 
f 915//915 916//916 922//922 
f 921//921 915//915 922//922 
f 916//916 918//918 922//922 
f 920//920 925//925 923//923 
f 917//917 920//920 923//923 
f 943//943 921//921 942//942 
f 943//943 925//925 921//921 
f 925//925 920//920 921//921 
f 942//942 926//926 944//944 
f 942//942 921//921 926//926 
f 921//921 922//922 926//926 
f 918//918 919//919 927//927 
f 918//918 927//927 922//922 
f 922//922 927//927 926//926 
f 919//919 924//924 927//927 
f 925//925 930//930 928//928 
f 923//923 925//925 928//928 
f 947//947 925//925 943//943 
f 930//930 925//925 947//947 
f 926//926 945//945 944//944 
f 945//945 931//931 948//948 
f 945//945 926//926 931//931 
f 926//926 927//927 931//931 
f 924//924 929//929 931//931 
f 927//927 924//924 931//931 
f 930//930 938//938 932//932 
f 928//928 930//930 932//932 
f 949//949 930//930 947//947 
f 949//949 939//939 930//930 
f 939//939 938//938 930//930 
f 939//939 950//950 940//940 
f 949//949 950//950 939//939 
f 948//948 940//940 950//950 
f 948//948 931//931 940//940 
f 931//931 941//941 940//940 
f 929//929 933//933 941//941 
f 931//931 929//929 941//941 
f 932//932 938//938 934//934 
f 935//935 934//934 938//938 
f 939//939 935//935 938//938 
f 936//936 935//935 939//939 
f 940//940 936//936 939//939 
f 937//937 936//936 940//940 
f 941//941 937//937 940//940 
f 933//933 937//937 941//941 
f 942//942 946//946 943//943 
f 942//942 944//944 946//946 
f 946//946 951//951 947//947 
f 943//943 946//946 947//947 
f 944//944 945//945 952//952 
f 944//944 952//952 946//946 
f 946//946 952//952 951//951 
f 945//945 948//948 952//952 
f 947//947 951//951 949//949 
f 950//950 949//949 951//951 
f 952//952 950//950 951//951 
f 948//948 950//950 952//952 
f 953//953 958//958 961//961 
f 953//953 954//954 959//959 
f 958//958 953//953 959//959 
f 959//959 954//954 962//962 
f 955//955 953//953 961//961 
f 965//965 955//955 961//961 
f 954//954 953//953 956//956 
f 956//956 953//953 955//955 
f 966//966 962//962 954//954 
f 956//956 966//966 954//954 
f 955//955 965//965 967//967 
f 967//967 971//971 957//957 
f 967//967 957//957 955//955 
f 955//955 957//957 956//956 
f 972//972 966//966 956//956 
f 957//957 972//972 956//956 
f 957//957 971//971 973//973 
f 972//972 957//957 973//973 
f 960//960 982//982 983//983 
f 982//982 960//960 984//984 
f 963//963 985//985 990//990 
f 983//983 985//985 963//963 
f 960//960 983//983 963//963 
f 960//960 963//963 961//961 
f 960//960 961//961 958//958 
f 960//960 986//986 984//984 
f 960//960 958//958 986//986 
f 958//958 959//959 986//986 
f 962//962 964//964 987//987 
f 962//962 987//987 959//959 
f 959//959 987//987 986//986 
f 987//987 964//964 991//991 
f 968//968 992//992 994//994 
f 990//990 992//992 968//968 
f 990//990 968//968 963//963 
f 963//963 968//968 969//969 
f 961//961 969//969 965//965 
f 963//963 969//969 961//961 
f 964//964 966//966 970//970 
f 962//962 966//966 964//964 
f 995//995 991//991 964//964 
f 970//970 995//995 964//964 
f 968//968 994//994 996//996 
f 996//996 1000//1000 974//974 
f 996//996 974//974 968//968 
f 968//968 974//974 969//969 
f 965//965 975//975 967//967 
f 965//965 969//969 975//975 
f 969//969 974//974 975//975 
f 967//967 975//975 971//971 
f 970//970 972//972 976//976 
f 966//966 972//972 970//970 
f 997//997 995//995 970//970 
f 997//997 970//970 977//977 
f 977//977 970//970 976//976 
f 997//997 977//977 1001//1001 
f 978//978 974//974 1000//1000 
f 1004//1004 978//978 1000//1000 
f 975//975 974//974 979//979 
f 979//979 974//974 978//978 
f 971//971 980//980 973//973 
f 971//971 975//975 980//980 
f 975//975 979//979 980//980 
f 973//973 976//976 972//972 
f 973//973 980//980 976//976 
f 980//980 981//981 976//976 
f 1005//1005 1002//1002 977//977 
f 1005//1005 977//977 981//981 
f 981//981 977//977 976//976 
f 1001//1001 977//977 1002//1002 
f 978//978 1004//1004 1006//1006 
f 979//979 978//978 1006//1006 
f 1007//1007 979//979 1006//1006 
f 980//980 979//979 1007//1007 
f 1008//1008 980//980 1007//1007 
f 981//981 980//980 1008//1008 
f 1009//1009 981//981 1008//1008 
f 1005//1005 981//981 1009//1009 
f 988//988 1013//1013 1016//1016 
f 988//988 983//983 982//982 
f 988//988 982//982 1013//1013 
f 1013//1013 982//982 1014//1014 
f 984//984 989//989 1015//1015 
f 984//984 1015//1015 982//982 
f 982//982 1015//1015 1014//1014 
f 1015//1015 989//989 1017//1017 
f 993//993 1018//1018 1021//1021 
f 1016//1016 1018//1018 993//993 
f 988//988 1016//1016 993//993 
f 988//988 993//993 990//990 
f 988//988 990//990 985//985 
f 983//983 988//988 985//985 
f 984//984 986//986 989//989 
f 989//989 1019//1019 1017//1017 
f 989//989 986//986 1019//1019 
f 986//986 987//987 1019//1019 
f 1019//1019 987//987 991//991 
f 1022//1022 1019//1019 991//991 
f 998//998 1023//1023 1026//1026 
f 1021//1021 1023//1023 998//998 
f 993//993 1021//1021 998//998 
f 993//993 998//998 994//994 
f 993//993 994//994 992//992 
f 990//990 993//993 992//992 
f 1024//1024 995//995 999//999 
f 1024//1024 1022//1022 995//995 
f 1022//1022 991//991 995//995 
f 1024//1024 999//999 1027//1027 
f 998//998 1026//1026 1028//1028 
f 1003//1003 1028//1028 1030//1030 
f 996//996 1028//1028 1003//1003 
f 996//996 998//998 1028//1028 
f 996//996 994//994 998//998 
f 996//996 1003//1003 1000//1000 
f 995//995 997//997 999//999 
f 999//999 997//997 1001//1001 
f 999//999 1001//1001 1027//1027 
f 1027//1027 1001//1001 1031//1031 
f 1003//1003 1030//1030 1032//1032 
f 1032//1032 1000//1000 1003//1003 
f 1032//1032 1033//1033 1000//1000 
f 1033//1033 1004//1004 1000//1000 
f 1002//1002 1005//1005 1010//1010 
f 1002//1002 1010//1010 1034//1034 
f 1002//1002 1034//1034 1001//1001 
f 1001//1001 1034//1034 1031//1031 
f 1004//1004 1033//1033 1035//1035 
f 1006//1006 1004//1004 1035//1035 
f 1011//1011 1035//1035 1038//1038 
f 1011//1011 1007//1007 1035//1035 
f 1007//1007 1006//1006 1035//1035 
f 1007//1007 1012//1012 1008//1008 
f 1011//1011 1012//1012 1007//1007 
f 1039//1039 1008//1008 1012//1012 
f 1039//1039 1036//1036 1008//1008 
f 1036//1036 1009//1009 1008//1008 
f 1010//1010 1005//1005 1009//1009 
f 1010//1010 1009//1009 1037//1037 
f 1037//1037 1009//1009 1036//1036 
f 1034//1034 1010//1010 1037//1037 
f 1011//1011 1038//1038 1040//1040 
f 1012//1012 1011//1011 1040//1040 
f 1041//1041 1012//1012 1040//1040 
f 1039//1039 1012//1012 1041//1041 
f 1013//1013 1044//1044 1048//1048 
f 1016//1016 1013//1013 1048//1048 
f 1014//1014 1045//1045 1013//1013 
f 1013//1013 1045//1045 1044//1044 
f 1015//1015 1046//1046 1014//1014 
f 1014//1014 1046//1046 1045//1045 
f 1017//1017 1020//1020 1047//1047 
f 1017//1017 1047//1047 1015//1015 
f 1015//1015 1047//1047 1046//1046 
f 1047//1047 1020//1020 1049//1049 
f 1018//1018 1050//1050 1053//1053 
f 1021//1021 1018//1018 1053//1053 
f 1048//1048 1018//1018 1016//1016 
f 1050//1050 1018//1018 1048//1048 
f 1017//1017 1019//1019 1020//1020 
f 1022//1022 1025//1025 1051//1051 
f 1019//1019 1022//1022 1051//1051 
f 1019//1019 1051//1051 1049//1049 
f 1019//1019 1049//1049 1020//1020 
f 1051//1051 1025//1025 1054//1054 
f 1023//1023 1029//1029 1026//1026 
f 1023//1023 1055//1055 1029//1029 
f 1023//1023 1021//1021 1055//1055 
f 1021//1021 1053//1053 1055//1055 
f 1022//1022 1024//1024 1025//1025 
f 1025//1025 1024//1024 1027//1027 
f 1025//1025 1027//1027 1054//1054 
f 1054//1054 1027//1027 1056//1056 
f 1026//1026 1029//1029 1028//1028 
f 1029//1029 1030//1030 1028//1028 
f 1029//1029 1055//1055 1030//1030 
f 1055//1055 1057//1057 1030//1030 
f 1027//1027 1031//1031 1056//1056 
f 1056//1056 1031//1031 1058//1058 
f 1030//1030 1057//1057 1059//1059 
f 1032//1032 1030//1030 1059//1059 
f 1059//1059 1033//1033 1032//1032 
f 1060//1060 1033//1033 1059//1059 
f 1031//1031 1034//1034 1058//1058 
f 1058//1058 1034//1034 1061//1061 
f 1042//1042 1035//1035 1033//1033 
f 1042//1042 1033//1033 1063//1063 
f 1063//1063 1033//1033 1060//1060 
f 1035//1035 1042//1042 1038//1038 
f 1036//1036 1039//1039 1043//1043 
f 1064//1064 1036//1036 1043//1043 
f 1064//1064 1062//1062 1036//1036 
f 1062//1062 1037//1037 1036//1036 
f 1061//1061 1034//1034 1037//1037 
f 1062//1062 1061//1061 1037//1037 
f 1042//1042 1063//1063 1065//1065 
f 1038//1038 1042//1042 1065//1065 
f 1038//1038 1065//1065 1040//1040 
f 1040//1040 1065//1065 1066//1066 
f 1041//1041 1040//1040 1067//1067 
f 1040//1040 1066//1066 1067//1067 
f 1043//1043 1039//1039 1041//1041 
f 1043//1043 1041//1041 1068//1068 
f 1068//1068 1041//1041 1067//1067 
f 1064//1064 1043//1043 1068//1068 
f 1044//1044 1052//1052 1048//1048 
f 1086//1086 1052//1052 1044//1044 
f 1086//1086 1044//1044 1083//1083 
f 1083//1083 1044//1044 1045//1045 
f 1046//1046 1084//1084 1045//1045 
f 1045//1045 1084//1084 1083//1083 
f 1047//1047 1085//1085 1046//1046 
f 1046//1046 1085//1085 1084//1084 
f 1085//1085 1047//1047 1049//1049 
f 1087//1087 1085//1085 1049//1049 
f 1050//1050 1088//1088 1092//1092 
f 1053//1053 1050//1050 1092//1092 
f 1052//1052 1050//1050 1048//1048 
f 1052//1052 1089//1089 1050//1050 
f 1089//1089 1088//1088 1050//1050 
f 1086//1086 1089//1089 1052//1052 
f 1049//1049 1090//1090 1087//1087 
f 1051//1051 1090//1090 1049//1049 
f 1090//1090 1051//1051 1054//1054 
f 1093//1093 1090//1090 1054//1054 
f 1053//1053 1092//1092 1055//1055 
f 1092//1092 1096//1096 1055//1055 
f 1054//1054 1056//1056 1093//1093 
f 1093//1093 1056//1056 1097//1097 
f 1055//1055 1096//1096 1057//1057 
f 1096//1096 1098//1098 1057//1057 
f 1056//1056 1058//1058 1097//1097 
f 1097//1097 1058//1058 1099//1099 
f 1057//1057 1098//1098 1100//1100 
f 1059//1059 1057//1057 1100//1100 
f 1100//1100 1060//1060 1059//1059 
f 1102//1102 1060//1060 1100//1100 
f 1058//1058 1061//1061 1099//1099 
f 1099//1099 1061//1061 1103//1103 
f 1104//1104 1069//1069 1063//1063 
f 1104//1104 1063//1063 1102//1102 
f 1102//1102 1063//1063 1060//1060 
f 1104//1104 1108//1108 1069//1069 
f 1070//1070 1109//1109 1105//1105 
f 1070//1070 1062//1062 1064//1064 
f 1070//1070 1105//1105 1062//1062 
f 1105//1105 1106//1106 1062//1062 
f 1103//1103 1061//1061 1062//1062 
f 1106//1106 1103//1103 1062//1062 
f 1063//1063 1069//1069 1065//1065 
f 1069//1069 1108//1108 1110//1110 
f 1069//1069 1110//1110 1065//1065 
f 1065//1065 1110//1110 1066//1066 
f 1067//1067 1066//1066 1111//1111 
f 1066//1066 1110//1110 1111//1111 
f 1109//1109 1070//1070 1068//1068 
f 1109//1109 1068//1068 1111//1111 
f 1111//1111 1068//1068 1067//1067 
f 1064//1064 1068//1068 1070//1070 
f 1071//1071 1114//1114 1121//1121 
f 1071//1071 1072//1072 1115//1115 
f 1114//1114 1071//1071 1115//1115 
f 1072//1072 1073//1073 1116//1116 
f 1115//1115 1072//1072 1116//1116 
f 1116//1116 1073//1073 1122//1122 
f 1074//1074 1071//1071 1121//1121 
f 1127//1127 1074//1074 1121//1121 
f 1072//1072 1071//1071 1075//1075 
f 1075//1075 1071//1071 1074//1074 
f 1073//1073 1072//1072 1076//1076 
f 1076//1076 1072//1072 1075//1075 
f 1123//1123 1122//1122 1073//1073 
f 1123//1123 1073//1073 1077//1077 
f 1077//1077 1073//1073 1076//1076 
f 1123//1123 1077//1077 1128//1128 
f 1078//1078 1074//1074 1127//1127 
f 1131//1131 1078//1078 1127//1127 
f 1075//1075 1074//1074 1079//1079 
f 1079//1079 1074//1074 1078//1078 
f 1076//1076 1075//1075 1080//1080 
f 1080//1080 1075//1075 1079//1079 
f 1077//1077 1076//1076 1081//1081 
f 1081//1081 1076//1076 1080//1080 
f 1132//1132 1128//1128 1077//1077 
f 1081//1081 1132//1132 1077//1077 
f 1078//1078 1131//1131 1133//1133 
f 1133//1133 1138//1138 1082//1082 
f 1133//1133 1082//1082 1078//1078 
f 1078//1078 1082//1082 1079//1079 
f 1139//1139 1134//1134 1080//1080 
f 1139//1139 1080//1080 1082//1082 
f 1082//1082 1080//1080 1079//1079 
f 1081//1081 1080//1080 1134//1134 
f 1135//1135 1081//1081 1134//1134 
f 1132//1132 1081//1081 1135//1135 
f 1082//1082 1138//1138 1140//1140 
f 1139//1139 1082//1082 1140//1140 
f 1083//1083 1143//1143 1145//1145 
f 1086//1086 1083//1083 1145//1145 
f 1084//1084 1144//1144 1083//1083 
f 1083//1083 1144//1144 1143//1143 
f 1091//1091 1146//1146 1144//1144 
f 1091//1091 1144//1144 1085//1085 
f 1085//1085 1144//1144 1084//1084 
f 1085//1085 1087//1087 1091//1091 
f 1088//1088 1094//1094 1092//1092 
f 1151//1151 1094//1094 1088//1088 
f 1151//1151 1088//1088 1147//1147 
f 1147//1147 1088//1088 1089//1089 
f 1145//1145 1089//1089 1086//1086 
f 1147//1147 1089//1089 1145//1145 
f 1091//1091 1148//1148 1146//1146 
f 1095//1095 1152//1152 1148//1148 
f 1090//1090 1095//1095 1148//1148 
f 1090//1090 1148//1148 1091//1091 
f 1090//1090 1091//1091 1087//1087 
f 1090//1090 1093//1093 1095//1095 
f 1094//1094 1153//1153 1157//1157 
f 1094//1094 1157//1157 1092//1092 
f 1092//1092 1157//1157 1096//1096 
f 1151//1151 1153//1153 1094//1094 
f 1095//1095 1154//1154 1152//1152 
f 1154//1154 1095//1095 1093//1093 
f 1154//1154 1093//1093 1158//1158 
f 1158//1158 1093//1093 1097//1097 
f 1159//1159 1101//1101 1098//1098 
f 1159//1159 1098//1098 1157//1157 
f 1157//1157 1098//1098 1096//1096 
f 1159//1159 1162//1162 1101//1101 
f 1097//1097 1099//1099 1158//1158 
f 1158//1158 1099//1099 1163//1163 
f 1098//1098 1101//1101 1100//1100 
f 1101//1101 1102//1102 1100//1100 
f 1101//1101 1162//1162 1102//1102 
f 1162//1162 1166//1166 1102//1102 
f 1107//1107 1167//1167 1164//1164 
f 1107//1107 1164//1164 1163//1163 
f 1107//1107 1163//1163 1103//1103 
f 1103//1103 1163//1163 1099//1099 
f 1102//1102 1166//1166 1168//1168 
f 1104//1104 1102//1102 1168//1168 
f 1108//1108 1169//1169 1112//1112 
f 1108//1108 1104//1104 1169//1169 
f 1104//1104 1168//1168 1169//1169 
f 1112//1112 1170//1170 1113//1113 
f 1169//1169 1170//1170 1112//1112 
f 1113//1113 1105//1105 1109//1109 
f 1113//1113 1170//1170 1105//1105 
f 1170//1170 1171//1171 1105//1105 
f 1167//1167 1107//1107 1106//1106 
f 1167//1167 1106//1106 1171//1171 
f 1171//1171 1106//1106 1105//1105 
f 1103//1103 1106//1106 1107//1107 
f 1108//1108 1112//1112 1110//1110 
f 1111//1111 1110//1110 1112//1112 
f 1113//1113 1111//1111 1112//1112 
f 1109//1109 1111//1111 1113//1113 
f 1117//1117 1176//1176 1181//1181 
f 1117//1117 1118//1118 1177//1177 
f 1176//1176 1117//1117 1177//1177 
f 1118//1118 1119//1119 1178//1178 
f 1177//1177 1118//1118 1178//1178 
f 1119//1119 1120//1120 1179//1179 
f 1178//1178 1119//1119 1179//1179 
f 1179//1179 1120//1120 1182//1182 
f 1124//1124 1183//1183 1186//1186 
f 1181//1181 1183//1183 1124//1124 
f 1117//1117 1181//1181 1124//1124 
f 1117//1117 1124//1124 1121//1121 
f 1117//1117 1121//1121 1114//1114 
f 1115//1115 1117//1117 1114//1114 
f 1118//1118 1117//1117 1115//1115 
f 1116//1116 1118//1118 1115//1115 
f 1119//1119 1118//1118 1116//1116 
f 1122//1122 1119//1119 1116//1116 
f 1122//1122 1125//1125 1119//1119 
f 1125//1125 1120//1120 1119//1119 
f 1184//1184 1182//1182 1120//1120 
f 1184//1184 1120//1120 1126//1126 
f 1126//1126 1120//1120 1125//1125 
f 1184//1184 1126//1126 1187//1187 
f 1129//1129 1124//1124 1186//1186 
f 1188//1188 1129//1129 1186//1186 
f 1121//1121 1129//1129 1127//1127 
f 1124//1124 1129//1129 1121//1121 
f 1122//1122 1123//1123 1125//1125 
f 1128//1128 1125//1125 1123//1123 
f 1128//1128 1130//1130 1125//1125 
f 1130//1130 1126//1126 1125//1125 
f 1189//1189 1187//1187 1126//1126 
f 1130//1130 1189//1189 1126//1126 
f 1136//1136 1129//1129 1188//1188 
f 1190//1190 1136//1136 1188//1188 
f 1127//1127 1136//1136 1131//1131 
f 1129//1129 1136//1136 1127//1127 
f 1130//1130 1132//1132 1137//1137 
f 1128//1128 1132//1132 1130//1130 
f 1191//1191 1189//1189 1130//1130 
f 1137//1137 1191//1191 1130//1130 
f 1136//1136 1190//1190 1192//1192 
f 1131//1131 1136//1136 1192//1192 
f 1131//1131 1192//1192 1133//1133 
f 1133//1133 1192//1192 1193//1193 
f 1193//1193 1138//1138 1133//1133 
f 1195//1195 1138//1138 1193//1193 
f 1134//1134 1139//1139 1141//1141 
f 1134//1134 1142//1142 1135//1135 
f 1141//1141 1142//1142 1134//1134 
f 1135//1135 1142//1142 1196//1196 
f 1132//1132 1135//1135 1196//1196 
f 1132//1132 1196//1196 1194//1194 
f 1132//1132 1194//1194 1137//1137 
f 1191//1191 1137//1137 1194//1194 
f 1138//1138 1195//1195 1197//1197 
f 1140//1140 1138//1138 1197//1197 
f 1141//1141 1139//1139 1140//1140 
f 1141//1141 1140//1140 1198//1198 
f 1198//1198 1140//1140 1197//1197 
f 1142//1142 1141//1141 1198//1198 
f 1199//1199 1142//1142 1198//1198 
f 1196//1196 1142//1142 1199//1199 
f 1143//1143 1149//1149 1145//1145 
f 1143//1143 1144//1144 1150//1150 
f 1149//1149 1143//1143 1150//1150 
f 1144//1144 1146//1146 1150//1150 
f 1147//1147 1201//1201 1203//1203 
f 1151//1151 1147//1147 1203//1203 
f 1149//1149 1147//1147 1145//1145 
f 1149//1149 1202//1202 1147//1147 
f 1202//1202 1201//1201 1147//1147 
f 1202//1202 1155//1155 1204//1204 
f 1202//1202 1149//1149 1155//1155 
f 1149//1149 1150//1150 1155//1155 
f 1146//1146 1148//1148 1156//1156 
f 1146//1146 1156//1156 1150//1150 
f 1150//1150 1156//1156 1155//1155 
f 1148//1148 1152//1152 1156//1156 
f 1153//1153 1160//1160 1157//1157 
f 1153//1153 1209//1209 1160//1160 
f 1153//1153 1151//1151 1209//1209 
f 1151//1151 1203//1203 1209//1209 
f 1155//1155 1205//1205 1204//1204 
f 1156//1156 1205//1205 1155//1155 
f 1206//1206 1205//1205 1156//1156 
f 1161//1161 1210//1210 1206//1206 
f 1154//1154 1161//1161 1206//1206 
f 1154//1154 1206//1206 1156//1156 
f 1154//1154 1156//1156 1152//1152 
f 1154//1154 1158//1158 1161//1161 
f 1157//1157 1160//1160 1159//1159 
f 1160//1160 1162//1162 1159//1159 
f 1160//1160 1209//1209 1162//1162 
f 1209//1209 1215//1215 1162//1162 
f 1165//1165 1210//1210 1161//1161 
f 1216//1216 1210//1210 1165//1165 
f 1158//1158 1163//1163 1165//1165 
f 1161//1161 1158//1158 1165//1165 
f 1217//1217 1172//1172 1166//1166 
f 1217//1217 1166//1166 1215//1215 
f 1215//1215 1166//1166 1162//1162 
f 1172//1172 1218//1218 1173//1173 
f 1217//1217 1218//1218 1172//1172 
f 1173//1173 1219//1219 1174//1174 
f 1218//1218 1219//1219 1173//1173 
f 1174//1174 1220//1220 1175//1175 
f 1219//1219 1220//1220 1174//1174 
f 1216//1216 1175//1175 1220//1220 
f 1165//1165 1175//1175 1216//1216 
f 1165//1165 1167//1167 1175//1175 
f 1165//1165 1164//1164 1167//1167 
f 1163//1163 1164//1164 1165//1165 
f 1166//1166 1172//1172 1168//1168 
f 1169//1169 1168//1168 1172//1172 
f 1173//1173 1169//1169 1172//1172 
f 1170//1170 1169//1169 1173//1173 
f 1174//1174 1170//1170 1173//1173 
f 1171//1171 1170//1170 1174//1174 
f 1175//1175 1171//1171 1174//1174 
f 1167//1167 1171//1171 1175//1175 
f 1180//1180 1225//1225 1226//1226 
f 1225//1225 1180//1180 1227//1227 
f 1176//1176 1228//1228 1232//1232 
f 1181//1181 1176//1176 1232//1232 
f 1177//1177 1229//1229 1176//1176 
f 1176//1176 1229//1229 1228//1228 
f 1226//1226 1178//1178 1180//1180 
f 1226//1226 1229//1229 1178//1178 
f 1229//1229 1177//1177 1178//1178 
f 1180//1180 1230//1230 1227//1227 
f 1180//1180 1178//1178 1230//1230 
f 1178//1178 1179//1179 1230//1230 
f 1182//1182 1185//1185 1231//1231 
f 1182//1182 1231//1231 1179//1179 
f 1179//1179 1231//1231 1230//1230 
f 1231//1231 1185//1185 1233//1233 
f 1183//1183 1234//1234 1235//1235 
f 1186//1186 1183//1183 1235//1235 
f 1232//1232 1183//1183 1181//1181 
f 1234//1234 1183//1183 1232//1232 
f 1182//1182 1184//1184 1185//1185 
f 1185//1185 1184//1184 1187//1187 
f 1185//1185 1187//1187 1233//1233 
f 1233//1233 1187//1187 1236//1236 
f 1186//1186 1235//1235 1188//1188 
f 1235//1235 1237//1237 1188//1188 
f 1187//1187 1189//1189 1236//1236 
f 1236//1236 1189//1189 1238//1238 
f 1188//1188 1237//1237 1190//1190 
f 1237//1237 1239//1239 1190//1190 
f 1189//1189 1191//1191 1238//1238 
f 1238//1238 1191//1191 1240//1240 
f 1190//1190 1239//1239 1241//1241 
f 1192//1192 1190//1190 1241//1241 
f 1200//1200 1241//1241 1243//1243 
f 1200//1200 1193//1193 1241//1241 
f 1193//1193 1192//1192 1241//1241 
f 1193//1193 1200//1200 1195//1195 
f 1194//1194 1244//1244 1242//1242 
f 1196//1196 1244//1244 1194//1194 
f 1240//1240 1191//1191 1194//1194 
f 1242//1242 1240//1240 1194//1194 
f 1200//1200 1243//1243 1245//1245 
f 1195//1195 1200//1200 1245//1245 
f 1195//1195 1245//1245 1197//1197 
f 1197//1197 1245//1245 1246//1246 
f 1198//1198 1197//1197 1247//1247 
f 1197//1197 1246//1246 1247//1247 
f 1199//1199 1198//1198 1248//1248 
f 1198//1198 1247//1247 1248//1248 
f 1244//1244 1196//1196 1199//1199 
f 1248//1248 1244//1244 1199//1199 
f 1201//1201 1207//1207 1203//1203 
f 1201//1201 1202//1202 1208//1208 
f 1207//1207 1201//1201 1208//1208 
f 1202//1202 1204//1204 1208//1208 
f 1207//1207 1211//1211 1209//1209 
f 1203//1203 1207//1207 1209//1209 
f 1208//1208 1212//1212 1207//1207 
f 1212//1212 1211//1211 1207//1207 
f 1204//1204 1205//1205 1213//1213 
f 1204//1204 1213//1213 1208//1208 
f 1208//1208 1213//1213 1212//1212 
f 1205//1205 1206//1206 1214//1214 
f 1213//1213 1205//1205 1214//1214 
f 1206//1206 1210//1210 1214//1214 
f 1211//1211 1221//1221 1215//1215 
f 1209//1209 1211//1211 1215//1215 
f 1212//1212 1222//1222 1211//1211 
f 1222//1222 1221//1221 1211//1211 
f 1213//1213 1223//1223 1212//1212 
f 1223//1223 1222//1222 1212//1212 
f 1214//1214 1224//1224 1213//1213 
f 1224//1224 1223//1223 1213//1213 
f 1210//1210 1216//1216 1224//1224 
f 1214//1214 1210//1210 1224//1224 
f 1215//1215 1221//1221 1217//1217 
f 1218//1218 1217//1217 1221//1221 
f 1222//1222 1218//1218 1221//1221 
f 1219//1219 1218//1218 1222//1222 
f 1223//1223 1219//1219 1222//1222 
f 1220//1220 1219//1219 1223//1223 
f 1224//1224 1220//1220 1223//1223 
f 1216//1216 1220//1220 1224//1224 
f 1225//1225 1249//1249 1250//1250 
f 1226//1226 1225//1225 1250//1250 
f 1249//1249 1225//1225 1227//1227 
f 1251//1251 1249//1249 1227//1227 
f 1228//1228 1252//1252 1256//1256 
f 1232//1232 1228//1228 1256//1256 
f 1229//1229 1253//1253 1228//1228 
f 1228//1228 1253//1253 1252//1252 
f 1250//1250 1229//1229 1226//1226 
f 1253//1253 1229//1229 1250//1250 
f 1227//1227 1254//1254 1251//1251 
f 1230//1230 1254//1254 1227//1227 
f 1231//1231 1255//1255 1230//1230 
f 1230//1230 1255//1255 1254//1254 
f 1255//1255 1231//1231 1233//1233 
f 1257//1257 1255//1255 1233//1233 
f 1234//1234 1258//1258 1260//1260 
f 1235//1235 1234//1234 1260//1260 
f 1256//1256 1234//1234 1232//1232 
f 1258//1258 1234//1234 1256//1256 
f 1233//1233 1236//1236 1257//1257 
f 1257//1257 1236//1236 1261//1261 
f 1235//1235 1260//1260 1237//1237 
f 1260//1260 1262//1262 1237//1237 
f 1236//1236 1238//1238 1261//1261 
f 1261//1261 1238//1238 1263//1263 
f 1237//1237 1262//1262 1239//1239 
f 1262//1262 1264//1264 1239//1239 
f 1238//1238 1240//1240 1263//1263 
f 1263//1263 1240//1240 1265//1265 
f 1239//1239 1264//1264 1266//1266 
f 1241//1241 1239//1239 1266//1266 
f 1266//1266 1243//1243 1241//1241 
f 1270//1270 1243//1243 1266//1266 
f 1242//1242 1271//1271 1267//1267 
f 1244//1244 1271//1271 1242//1242 
f 1265//1265 1240//1240 1242//1242 
f 1267//1267 1265//1265 1242//1242 
f 1243//1243 1270//1270 1272//1272 
f 1245//1245 1243//1243 1272//1272 
f 1246//1246 1245//1245 1273//1273 
f 1245//1245 1272//1272 1273//1273 
f 1247//1247 1246//1246 1274//1274 
f 1246//1246 1273//1273 1274//1274 
f 1248//1248 1247//1247 1275//1275 
f 1247//1247 1274//1274 1275//1275 
f 1271//1271 1244//1244 1248//1248 
f 1275//1275 1271//1271 1248//1248 
f 1249//1249 1278//1278 1279//1279 
f 1250//1250 1249//1249 1279//1279 
f 1278//1278 1249//1249 1251//1251 
f 1280//1280 1278//1278 1251//1251 
f 1252//1252 1281//1281 1285//1285 
f 1256//1256 1252//1252 1285//1285 
f 1253//1253 1282//1282 1252//1252 
f 1252//1252 1282//1282 1281//1281 
f 1279//1279 1253//1253 1250//1250 
f 1282//1282 1253//1253 1279//1279 
f 1251//1251 1283//1283 1280//1280 
f 1254//1254 1283//1283 1251//1251 
f 1259//1259 1286//1286 1283//1283 
f 1259//1259 1283//1283 1255//1255 
f 1255//1255 1283//1283 1254//1254 
f 1255//1255 1257//1257 1259//1259 
f 1258//1258 1287//1287 1290//1290 
f 1260//1260 1258//1258 1290//1290 
f 1285//1285 1258//1258 1256//1256 
f 1287//1287 1258//1258 1285//1285 
f 1259//1259 1288//1288 1286//1286 
f 1288//1288 1259//1259 1257//1257 
f 1288//1288 1257//1257 1291//1291 
f 1291//1291 1257//1257 1261//1261 
f 1260//1260 1290//1290 1262//1262 
f 1290//1290 1294//1294 1262//1262 
f 1261//1261 1263//1263 1291//1291 
f 1291//1291 1263//1263 1295//1295 
f 1296//1296 1268//1268 1264//1264 
f 1296//1296 1264//1264 1294//1294 
f 1294//1294 1264//1264 1262//1262 
f 1296//1296 1300//1300 1268//1268 
f 1269//1269 1301//1301 1297//1297 
f 1269//1269 1297//1297 1295//1295 
f 1269//1269 1295//1295 1265//1265 
f 1265//1265 1295//1295 1263//1263 
f 1264//1264 1268//1268 1266//1266 
f 1270//1270 1302//1302 1276//1276 
f 1266//1266 1302//1302 1270//1270 
f 1266//1266 1300//1300 1302//1302 
f 1266//1266 1268//1268 1300//1300 
f 1302//1302 1305//1305 1276//1276 
f 1277//1277 1306//1306 1303//1303 
f 1301//1301 1277//1277 1303//1303 
f 1269//1269 1277//1277 1301//1301 
f 1269//1269 1271//1271 1277//1277 
f 1269//1269 1267//1267 1271//1271 
f 1265//1265 1267//1267 1269//1269 
f 1270//1270 1276//1276 1272//1272 
f 1276//1276 1305//1305 1307//1307 
f 1276//1276 1307//1307 1272//1272 
f 1272//1272 1307//1307 1273//1273 
f 1274//1274 1273//1273 1308//1308 
f 1273//1273 1307//1307 1308//1308 
f 1306//1306 1277//1277 1275//1275 
f 1306//1306 1275//1275 1308//1308 
f 1308//1308 1275//1275 1274//1274 
f 1271//1271 1275//1275 1277//1277 
f 1278//1278 1284//1284 1279//1279 
f 1278//1278 1280//1280 1284//1284 
f 1281//1281 1289//1289 1285//1285 
f 1314//1314 1289//1289 1281//1281 
f 1314//1314 1281//1281 1311//1311 
f 1311//1311 1281//1281 1282//1282 
f 1284//1284 1282//1282 1279//1279 
f 1284//1284 1312//1312 1282//1282 
f 1312//1312 1311//1311 1282//1282 
f 1280//1280 1312//1312 1284//1284 
f 1280//1280 1283//1283 1312//1312 
f 1283//1283 1313//1313 1312//1312 
f 1313//1313 1283//1283 1286//1286 
f 1315//1315 1313//1313 1286//1286 
f 1287//1287 1292//1292 1290//1290 
f 1287//1287 1319//1319 1292//1292 
f 1285//1285 1319//1319 1287//1287 
f 1285//1285 1316//1316 1319//1319 
f 1285//1285 1289//1289 1316//1316 
f 1314//1314 1316//1316 1289//1289 
f 1293//1293 1286//1286 1288//1288 
f 1293//1293 1320//1320 1286//1286 
f 1320//1320 1315//1315 1286//1286 
f 1288//1288 1291//1291 1293//1293 
f 1292//1292 1298//1298 1294//1294 
f 1290//1290 1292//1292 1294//1294 
f 1323//1323 1292//1292 1319//1319 
f 1298//1298 1292//1292 1323//1323 
f 1299//1299 1320//1320 1293//1293 
f 1324//1324 1320//1320 1299//1299 
f 1291//1291 1295//1295 1299//1299 
f 1293//1293 1291//1291 1299//1299 
f 1294//1294 1298//1298 1296//1296 
f 1300//1300 1325//1325 1304//1304 
f 1296//1296 1325//1325 1300//1300 
f 1296//1296 1323//1323 1325//1325 
f 1296//1296 1298//1298 1323//1323 
f 1325//1325 1329//1329 1304//1304 
f 1297//1297 1324//1324 1299//1299 
f 1297//1297 1301//1301 1324//1324 
f 1301//1301 1330//1330 1324//1324 
f 1295//1295 1297//1297 1299//1299 
f 1300//1300 1304//1304 1302//1302 
f 1305//1305 1331//1331 1309//1309 
f 1302//1302 1331//1331 1305//1305 
f 1302//1302 1329//1329 1331//1331 
f 1302//1302 1304//1304 1329//1329 
f 1309//1309 1332//1332 1310//1310 
f 1331//1331 1332//1332 1309//1309 
f 1310//1310 1303//1303 1306//1306 
f 1310//1310 1332//1332 1303//1303 
f 1332//1332 1333//1333 1303//1303 
f 1330//1330 1301//1301 1303//1303 
f 1333//1333 1330//1330 1303//1303 
f 1305//1305 1309//1309 1307//1307 
f 1308//1308 1307//1307 1309//1309 
f 1310//1310 1308//1308 1309//1309 
f 1306//1306 1308//1308 1310//1310 
f 1311//1311 1317//1317 1314//1314 
f 1338//1338 1317//1317 1311//1311 
f 1338//1338 1311//1311 1337//1337 
f 1337//1337 1311//1311 1312//1312 
f 1318//1318 1339//1339 1337//1337 
f 1318//1318 1337//1337 1313//1313 
f 1313//1313 1337//1337 1312//1312 
f 1313//1313 1315//1315 1318//1318 
f 1316//1316 1321//1321 1319//1319 
f 1316//1316 1314//1314 1317//1317 
f 1316//1316 1317//1317 1321//1321 
f 1321//1321 1317//1317 1322//1322 
f 1342//1342 1317//1317 1338//1338 
f 1322//1322 1317//1317 1342//1342 
f 1318//1318 1340//1340 1339//1339 
f 1340//1340 1318//1318 1315//1315 
f 1340//1340 1315//1315 1343//1343 
f 1343//1343 1315//1315 1320//1320 
f 1321//1321 1326//1326 1323//1323 
f 1319//1319 1321//1321 1323//1323 
f 1322//1322 1327//1327 1321//1321 
f 1327//1327 1326//1326 1321//1321 
f 1347//1347 1322//1322 1342//1342 
f 1327//1327 1322//1322 1347//1347 
f 1328//1328 1348//1348 1344//1344 
f 1328//1328 1344//1344 1343//1343 
f 1328//1328 1343//1343 1324//1324 
f 1324//1324 1343//1343 1320//1320 
f 1323//1323 1326//1326 1325//1325 
f 1329//1329 1325//1325 1326//1326 
f 1329//1329 1326//1326 1334//1334 
f 1334//1334 1326//1326 1327//1327 
f 1349//1349 1327//1327 1347//1347 
f 1349//1349 1335//1335 1327//1327 
f 1335//1335 1334//1334 1327//1327 
f 1348//1348 1335//1335 1349//1349 
f 1348//1348 1328//1328 1335//1335 
f 1328//1328 1336//1336 1335//1335 
f 1324//1324 1330//1330 1336//1336 
f 1328//1328 1324//1324 1336//1336 
f 1329//1329 1334//1334 1331//1331 
f 1332//1332 1331//1331 1334//1334 
f 1335//1335 1332//1332 1334//1334 
f 1333//1333 1332//1332 1335//1335 
f 1336//1336 1333//1333 1335//1335 
f 1330//1330 1333//1333 1336//1336 
f 1337//1337 1341//1341 1338//1338 
f 1337//1337 1339//1339 1341//1341 
f 1341//1341 1345//1345 1342//1342 
f 1338//1338 1341//1341 1342//1342 
f 1339//1339 1340//1340 1346//1346 
f 1339//1339 1346//1346 1341//1341 
f 1341//1341 1346//1346 1345//1345 
f 1340//1340 1343//1343 1346//1346 
f 1345//1345 1350//1350 1347//1347 
f 1342//1342 1345//1345 1347//1347 
f 1344//1344 1348//1348 1350//1350 
f 1344//1344 1350//1350 1346//1346 
f 1346//1346 1350//1350 1345//1345 
f 1343//1343 1344//1344 1346//1346 
f 1347//1347 1350//1350 1349//1349 
f 1348//1348 1349//1349 1350//1350 
