#  3D Slicer output. SPACE=LPS

mtllib Lesion.mtl

v -43.92701721191406 -2.973487615585327 -15.381603240966797
v -43.176666259765625 -3.0993475914001465 -15.458414077758789
v -42.47483444213867 -3.161785125732422 -15.441190719604492
v -41.833396911621094 -3.1911697387695312 -15.303234100341797
v -46.7677001953125 -2.065558671951294 -15.212392807006836
v -46.01612854003906 -2.227731943130493 -15.317373275756836
v -45.28957748413086 -2.3705224990844727 -15.454381942749023
v -44.504638671875 -2.525156021118164 -15.63355541229248
v -43.8055419921875 -2.3865272998809814 -16.09211540222168
v -43.24492645263672 -2.5170929431915283 -16.1259765625
v -42.558349609375 -2.5979912281036377 -16.12093734741211
v -41.859519958496094 -2.6495327949523926 -15.963319778442383
v -41.152828216552734 -2.7206122875213623 -15.578937530517578
v -40.45180130004883 -2.5870251655578613 -15.276511192321777
v -50.36170196533203 -1.0552968978881836 -15.082143783569336
v -49.59341049194336 -1.26553213596344 -15.203402519226074
v -48.86589431762695 -1.3971531391143799 -15.299386024475098
v -48.1327018737793 -1.502402424812317 -15.391371726989746
v -47.34370803833008 -1.6220173835754395 -15.498735427856445
v -46.64533996582031 -1.4690284729003906 -15.890813827514648
v -46.090782165527344 -1.6123557090759277 -15.923389434814453
v -45.406917572021484 -1.7349997758865356 -16.029123306274414
v -44.68950653076172 -1.8422411680221558 -16.187763214111328
v -43.97542953491211 -1.8925901651382446 -16.423736572265625
v -43.297794342041016 -1.9291274547576904 -16.623210906982422
v -42.618656158447266 -1.9939215183258057 -16.67970848083496
v -41.91012191772461 -2.042341947555542 -16.58267593383789
v -41.19550323486328 -2.075430154800415 -16.28177833557129
v -40.50070571899414 -2.0776960849761963 -15.82759952545166
v -39.936058044433594 -2.1157352924346924 -15.330524444580078
v -50.969154357910156 -0.46391019225120544 -15.276430130004883
v -50.22636795043945 -0.4568265676498413 -15.75771713256836
v -49.665122985839844 -0.6511222124099731 -15.809585571289062
v -48.973785400390625 -0.7841651439666748 -15.890152931213379
v -48.256717681884766 -0.8777821660041809 -15.97077465057373
v -47.5265007019043 -0.9507332444190979 -16.067785263061523
v -46.811614990234375 -0.9773415923118591 -16.224206924438477
v -46.143009185791016 -1.0109211206436157 -16.368288040161133
v -45.47863006591797 -1.0957058668136597 -16.459768295288086
v -44.781959533691406 -1.1820776462554932 -16.577205657958984
v -44.071292877197266 -1.251950740814209 -16.7412109375
v -43.3624267578125 -1.3032522201538086 -16.92184066772461
v -42.65572738647461 -1.3505467176437378 -17.040685653686523
v -41.94073486328125 -1.3939886093139648 -17.021991729736328
v -41.21991729736328 -1.425808072090149 -16.80265998840332
v -40.5045051574707 -1.445967435836792 -16.36515235900879
v -39.77626419067383 -1.4651135206222534 -15.734561920166016
v -51.600364685058594 0.22096478939056396 -15.313617706298828
v -50.88676071166992 0.23305992782115936 -15.901556015014648
v -50.34342956542969 0.06148389354348183 -16.081478118896484
v -49.703025817871094 -0.046852659434080124 -16.252315521240234
v -49.0383186340332 -0.154618501663208 -16.334131240844727
v -48.335845947265625 -0.2362537831068039 -16.397991180419922
v -47.61920166015625 -0.29805779457092285 -16.464759826660156
v -46.904266357421875 -0.3445340692996979 -16.550312042236328
v -46.203433990478516 -0.38557112216949463 -16.647245407104492
v -45.51216125488281 -0.4387863278388977 -16.733760833740234
v -44.8133544921875 -0.5032802224159241 -16.821134567260742
v -44.10124206542969 -0.5652287006378174 -16.93927764892578
v -43.38213348388672 -0.6179216504096985 -17.08697509765625
v -42.66104507446289 -0.6632101535797119 -17.217439651489258
v -41.9388427734375 -0.7045703530311584 -17.256427764892578
v -41.21803665161133 -0.7412508130073547 -17.123308181762695
v -40.50767135620117 -0.7738139033317566 -16.769123077392578
v -39.820674896240234 -0.8022574782371521 -16.221067428588867
v -39.200069427490234 -0.8053423166275024 -15.62374210357666
v -52.13996124267578 0.8793835639953613 -15.171566009521484
v -51.520931243896484 0.9494584202766418 -15.84768295288086
v -51.00870132446289 0.7857787609100342 -16.13623809814453
v -50.39006805419922 0.6816725730895996 -16.39470100402832
v -49.74740982055664 0.5790879130363464 -16.53642463684082
v -49.068992614746094 0.4974209666252136 -16.621070861816406
v -48.36769485473633 0.43125438690185547 -16.670639038085938
v -47.65248107910156 0.37855657935142517 -16.712175369262695
v -46.93463134765625 0.3339868187904358 -16.760196685791016
v -46.22108459472656 0.29217270016670227 -16.817569732666016
v -45.5119514465332 0.2476504147052765 -16.879276275634766
v -44.80086135864258 0.19832323491573334 -16.947158813476562
v -44.08226776123047 0.14791692793369293 -17.035873413085938
v -43.35700988769531 0.10099399089813232 -17.15280532836914
v -42.629302978515625 0.05801002308726311 -17.27312469482422
v -41.903255462646484 0.016912436112761497 -17.336925506591797
v -41.183837890625 -0.024346843361854553 -17.26479148864746
v -40.478031158447266 -0.06898210197687149 -16.990955352783203
v -39.79628372192383 -0.12015963345766068 -16.507461547851562
v -39.15627670288086 -0.18390770256519318 -15.887335777282715
v -52.2647705078125 1.6547983884811401 -15.311437606811523
v -51.65916442871094 1.523146629333496 -15.925354957580566
v -51.05474853515625 1.4320971965789795 -16.356678009033203
v -50.42982482910156 1.3304393291473389 -16.599977493286133
v -49.764347076416016 1.2473727464675903 -16.73016357421875
v -49.07236099243164 1.1794930696487427 -16.787994384765625
v -48.36186218261719 1.1258143186569214 -16.815380096435547
v -47.641902923583984 1.0812166929244995 -16.836206436157227
v -46.91939163208008 1.0409938097000122 -16.862390518188477
v -46.19828414916992 1.00157630443573 -16.897361755371094
v -45.478694915771484 0.9608945846557617 -16.94172477722168
v -44.757728576660156 0.918548583984375 -16.99810028076172
v -44.032310485839844 0.8760064840316772 -17.073015213012695
v -43.302650451660156 0.8350189924240112 -17.1693115234375
v -42.57229232788086 0.7949812412261963 -17.272565841674805
v -41.84606170654297 0.7540757060050964 -17.339448928833008
v -41.12931823730469 0.7102347612380981 -17.29835319519043
v -40.42753982543945 0.6586863398551941 -17.07950210571289
v -39.74696350097656 0.5945552587509155 -16.654041290283203
v -39.09542465209961 0.5120301842689514 -16.058734893798828
v -52.28630065917969 2.376420259475708 -15.343544960021973
v -51.70679473876953 2.217863082885742 -15.97290325164795
v -51.088897705078125 2.1045048236846924 -16.448104858398438
v -50.439205169677734 2.016435146331787 -16.731643676757812
v -49.75764083862305 1.9445548057556152 -16.856935501098633
v -49.05033493041992 1.8877547979354858 -16.888761520385742
v -48.32872009277344 1.8420705795288086 -16.884841918945312
v -47.6016845703125 1.8026946783065796 -16.88229751586914
v -46.87456512451172 1.7652599811553955 -16.89427947998047
v -46.14898681640625 1.7274113893508911 -16.9207820892334
v -45.42404556274414 1.6885024309158325 -16.961063385009766
v -44.697669982910156 1.6491056680679321 -17.01667594909668
v -43.96824264526367 1.6102827787399292 -17.08932876586914
v -43.236289978027344 1.5724704265594482 -17.176429748535156
v -42.5054931640625 1.5339781045913696 -17.264732360839844
v -41.78191375732422 1.4922605752944946 -17.321956634521484
v -41.071136474609375 1.4462355375289917 -17.28888511657715
v -40.375831604003906 1.3924384117126465 -17.09783363342285
v -39.69804763793945 1.3240236043930054 -16.710918426513672
v -39.04167175292969 1.2338624000549316 -16.146015167236328
v -52.235286712646484 3.0758748054504395 -15.248161315917969
v -51.68611526489258 2.924919366836548 -15.89742660522461
v -51.07643127441406 2.8099782466888428 -16.429075241088867
v -50.420223236083984 2.7243170738220215 -16.77401351928711
v -49.72793960571289 2.6603610515594482 -16.930625915527344
v -49.010414123535156 2.6107637882232666 -16.958412170410156
v -48.27991485595703 2.570294141769409 -16.93069839477539
v -47.546661376953125 2.5335378646850586 -16.90250015258789
v -46.81574249267578 2.496774673461914 -16.900238037109375
v -46.08749771118164 2.458991289138794 -16.924711227416992
v -45.36005401611328 2.4205172061920166 -16.969703674316406
v -44.631553649902344 2.382235288619995 -17.031902313232422
v -43.901119232177734 2.3447279930114746 -17.108688354492188
v -43.16970443725586 2.3074615001678467 -17.193859100341797
v -42.44098663330078 2.268094062805176 -17.271921157836914
v -41.72196578979492 2.2230474948883057 -17.313716888427734
v -41.02147674560547 2.1704070568084717 -17.27372932434082
v -40.339988708496094 2.1145262718200684 -17.09163475036621
v -39.6699333190918 2.0516974925994873 -16.721328735351562
v -39.01206588745117 1.9628711938858032 -16.172100067138672
v -52.1427001953125 3.7137081623077393 -15.031803131103516
v -51.62443161010742 3.618906021118164 -15.657307624816895
v -51.02353286743164 3.5227715969085693 -16.255884170532227
v -50.37142562866211 3.443491220474243 -16.699100494384766
v -49.678646087646484 3.384152412414551 -16.938003540039062
v -48.958290100097656 3.338724136352539 -17.004751205444336
v -48.22416687011719 3.301142930984497 -16.9788761138916
v -47.48710250854492 3.2657523155212402 -16.933273315429688
v -46.753448486328125 3.228663206100464 -16.915203094482422
v -46.02363967895508 3.1899328231811523 -16.937536239624023
v -45.29515838623047 3.1510355472564697 -16.990432739257812
v -44.56620788574219 3.1129813194274902 -17.062074661254883
v -43.83658981323242 3.075713634490967 -17.14415168762207
v -43.10792541503906 3.0375587940216064 -17.227725982666016
v -42.38431167602539 2.9955153465270996 -17.295143127441406
v -41.67204284667969 2.945544481277466 -17.31576156616211
v -40.98016357421875 2.8823931217193604 -17.251907348632812
v -40.32744216918945 2.8034565448760986 -17.073572158813477
v -39.68361282348633 2.755540132522583 -16.713298797607422
v -39.0235595703125 2.6934173107147217 -16.157880783081055
v -51.574161529541016 4.297192573547363 -15.216452598571777
v -50.949737548828125 4.233172416687012 -15.896140098571777
v -50.299373626708984 4.1655449867248535 -16.466026306152344
v -49.61362838745117 4.109650611877441 -16.842355728149414
v -48.89808654785156 4.065871715545654 -17.010150909423828
v -48.16592788696289 4.029088020324707 -17.030302047729492
v -47.428462982177734 3.994205951690674 -16.990781784057617
v -46.6931266784668 3.9571893215179443 -16.9620361328125
v -45.962039947509766 3.917863368988037 -16.977678298950195
v -45.233116149902344 3.8783912658691406 -17.034339904785156
v -44.504547119140625 3.840057611465454 -17.113384246826172
v -43.776702880859375 3.802288055419922 -17.19858169555664
v -43.051979064941406 3.762488603591919 -17.27613639831543
v -42.335269927978516 3.716665267944336 -17.326026916503906
v -41.63390350341797 3.6596226692199707 -17.31826400756836
v -40.949951171875 3.5898611545562744 -17.21355628967285
v -40.29042434692383 3.4911949634552 -16.9851131439209
v -39.76929473876953 3.327955722808838 -16.719301223754883
v -39.098628997802734 3.462494134902954 -16.108179092407227
v -50.868804931640625 4.945250034332275 -15.363131523132324
v -50.21452331542969 4.888762474060059 -16.058765411376953
v -49.53672790527344 4.836577415466309 -16.60595703125
v -48.831573486328125 4.791821479797363 -16.936864852905273
v -48.1063117980957 4.753772258758545 -17.06580924987793
v -47.37178421020508 4.718388080596924 -17.072551727294922
v -46.6363525390625 4.681910037994385 -17.04940414428711
v -45.90394592285156 4.643302917480469 -17.05559539794922
v -45.17433547973633 4.603997230529785 -17.105430603027344
v -44.4463005065918 4.565193176269531 -17.182952880859375
v -43.72066116333008 4.525937080383301 -17.265243530273438
v -43.00082778930664 4.4833574295043945 -17.330705642700195
v -42.29183578491211 4.433027744293213 -17.354032516479492
v -41.60054397583008 4.367382526397705 -17.30544090270996
v -40.94304275512695 4.278496265411377 -17.16521644592285
v -40.2827033996582 4.201902389526367 -16.863962173461914
v -39.55193328857422 4.0534138679504395 -16.35814666748047
v -50.1281623840332 5.611426830291748 -15.509414672851562
v -49.456546783447266 5.5674357414245605 -16.220916748046875
v -48.76023483276367 5.521933078765869 -16.751752853393555
v -48.04502868652344 5.478918552398682 -17.050172805786133
v -47.316444396972656 5.441286087036133 -17.158203125
v -46.58244323730469 5.405174255371094 -17.170455932617188
v -45.84892272949219 5.368152141571045 -17.172454833984375
v -45.11820983886719 5.329887390136719 -17.205028533935547
v -44.3907585144043 5.2905144691467285 -17.267417907714844
v -43.66779708862305 5.248862266540527 -17.336036682128906
v -42.95346450805664 5.201799392700195 -17.381114959716797
v -42.25471115112305 5.144150257110596 -17.37185287475586
v -41.572486877441406 5.073239326477051 -17.27166748046875
v -40.910789489746094 4.969329833984375 -17.056991577148438
v -40.38105773925781 4.793410301208496 -16.816511154174805
v -39.69027328491211 4.906183242797852 -16.203346252441406
v -49.39262390136719 6.300682544708252 -15.716140747070312
v -48.6904411315918 6.26628303527832 -16.44557762145996
v -47.98200988769531 6.211304664611816 -16.94986343383789
v -47.26254653930664 6.166375637054443 -17.208805084228516
v -46.53230285644531 6.12906551361084 -17.298086166381836
v -45.79833984375 6.093453884124756 -17.315120697021484
v -45.06635665893555 6.056362152099609 -17.328947067260742
v -44.33980178833008 6.016005992889404 -17.363786697387695
v -43.6209716796875 5.971156120300293 -17.405624389648438
v -42.912986755371094 5.919033527374268 -17.419212341308594
v -42.22228240966797 5.8521809577941895 -17.367467880249023
v -41.565364837646484 5.7619829177856445 -17.227811813354492
v -40.90409469604492 5.682645320892334 -16.928192138671875
v -40.16523742675781 5.5237908363342285 -16.419912338256836
v -48.629600524902344 7.0610809326171875 -16.031005859375
v -47.913238525390625 6.959179401397705 -16.755895614624023
v -47.20829391479492 6.896529674530029 -17.184917449951172
v -46.486995697021484 6.853801250457764 -17.386445999145508
v -45.75526428222656 6.818026542663574 -17.448959350585938
v -45.023048400878906 6.781162738800049 -17.457813262939453
v -44.29821014404297 6.738793849945068 -17.46129608154297
v -43.58560562133789 6.689396381378174 -17.464962005615234
v -42.88819885253906 6.631094455718994 -17.438547134399414
v -42.20458984375 6.560845375061035 -17.33422088623047
v -41.53974533081055 6.456125736236572 -17.12163543701172
v -41.00600814819336 6.277729034423828 -16.882173538208008
v -40.3117561340332 6.389867782592773 -16.260990142822266
v -48.34990310668945 7.887107849121094 -15.849555015563965
v -47.80527114868164 7.716987133026123 -16.52461051940918
v -47.147499084472656 7.629175662994385 -17.066314697265625
v -46.44611358642578 7.57727575302124 -17.387126922607422
v -45.72196960449219 7.539193153381348 -17.521947860717773
v -44.99237060546875 7.500507831573486 -17.549808502197266
v -44.27064514160156 7.454147815704346 -17.532535552978516
v -43.56647491455078 7.396980285644531 -17.495222091674805
v -42.88253402709961 7.3308539390563965 -17.42179298400879
v -42.224857330322266 7.250211715698242 -17.278308868408203
v -41.55702209472656 7.1772780418396 -16.98335838317871
v -40.80655288696289 7.016777038574219 -16.486597061157227
v -48.18828201293945 8.54644775390625 -15.619674682617188
v -47.68606185913086 8.441168785095215 -16.252796173095703
v -47.08152770996094 8.350275993347168 -16.837778091430664
v -46.4109001159668 8.292059898376465 -17.253009796142578
v -45.701271057128906 8.252062797546387 -17.472259521484375
v -44.976863861083984 8.210753440856934 -17.5424747467041
v -44.259944915771484 8.15644359588623 -17.527925491333008
v -43.56361389160156 8.088565826416016 -17.460716247558594
v -42.90052032470703 8.00418758392334 -17.348876953125
v -42.251033782958984 7.926415920257568 -17.144203186035156
v -41.70038604736328 7.782972812652588 -16.911680221557617
v -41.002079010009766 7.902100563049316 -16.302370071411133
v -47.62917709350586 9.118969917297363 -15.840261459350586
v -47.02655029296875 9.044493675231934 -16.470016479492188
v -46.38377380371094 8.986316680908203 -16.950300216674805
v -45.694889068603516 8.948280334472656 -17.244384765625
v -44.97835922241211 8.908080101013184 -17.370676040649414
v -44.26194763183594 8.84555435180664 -17.3807430267334
v -43.57933044433594 8.752836227416992 -17.32027816772461
v -42.916534423828125 8.664199829101562 -17.164133071899414
v -42.352725982666016 8.50952434539795 -16.993783950805664
v -41.585350036621094 8.572959899902344 -16.455366134643555
v -46.975433349609375 9.71951675415039 -15.957890510559082
v -46.365936279296875 9.644254684448242 -16.479095458984375
v -45.704345703125 9.61609172821045 -16.816926956176758
v -45.000160217285156 9.585966110229492 -16.994203567504883
v -44.27943420410156 9.5263090133667 -17.038976669311523
v -43.57461166381836 9.413010597229004 -16.99537467956543
v -43.003753662109375 9.22461986541748 -16.936819076538086
v -42.220924377441406 9.275707244873047 -16.475927352905273
v -46.34622573852539 10.225414276123047 -15.908791542053223
v -45.73495864868164 10.236676216125488 -16.211496353149414
v -45.04568862915039 10.233778953552246 -16.413827896118164
v -44.32585525512695 10.19334602355957 -16.494436264038086
v -43.59175109863281 10.09410572052002 -16.465883255004883
v -42.81340408325195 9.896926879882812 -16.34622573852539
v -47.60460662841797 -6.863509178161621 -11.046228408813477
v -46.8463134765625 -7.024233341217041 -11.128277778625488
v -46.12760543823242 -7.1044602394104 -11.164799690246582
v -45.42644500732422 -7.148238658905029 -11.16263484954834
v -44.784385681152344 -7.192930221557617 -11.105554580688477
v -49.003318786621094 -5.999814510345459 -10.967506408691406
v -48.17960739135742 -6.3254899978637695 -11.256468772888184
v -47.47330093383789 -6.239533424377441 -11.714483261108398
v -46.918880462646484 -6.40109395980835 -11.766080856323242
v -46.23548889160156 -6.498686790466309 -11.822582244873047
v -45.5310173034668 -6.560432434082031 -11.842307090759277
v -44.82424545288086 -6.6210737228393555 -11.80243968963623
v -44.08449935913086 -6.744438648223877 -11.618639945983887
v -43.249755859375 -6.6771111488342285 -11.600156784057617
v -42.50075149536133 -6.665226936340332 -11.52132797241211
v -41.78622055053711 -6.671786785125732 -11.441706657409668
v -41.140411376953125 -6.698033809661865 -11.352668762207031
v -49.60797882080078 -5.350985050201416 -11.061686515808105
v -48.86550521850586 -5.3472580909729 -11.57966136932373
v -48.30005645751953 -5.577996730804443 -11.734658241271973
v -47.6149787902832 -5.70631217956543 -11.978592872619629
v -46.95121765136719 -5.781651973724365 -12.169167518615723
v -46.289337158203125 -5.86854362487793 -12.266063690185547
v -45.5953483581543 -5.933008670806885 -12.328631401062012
v -44.88243865966797 -5.9865570068359375 -12.354926109313965
v -44.15035629272461 -6.044466495513916 -12.32797908782959
v -43.39046096801758 -6.075537204742432 -12.28213119506836
v -42.62981414794922 -6.079826354980469 -12.232934951782227
v -41.8963623046875 -6.097550868988037 -12.155638694763184
v -41.18403625488281 -6.137427806854248 -12.04090404510498
v -40.45758819580078 -6.2376251220703125 -11.805588722229004
v -39.698429107666016 -6.150216579437256 -11.69736385345459
v -50.261444091796875 -4.691892147064209 -11.175854682922363
v -49.52415466308594 -4.639704704284668 -11.682397842407227
v -48.979583740234375 -4.805209159851074 -11.853599548339844
v -48.344696044921875 -4.926828384399414 -12.085062980651855
v -47.688480377197266 -5.054637432098389 -12.277870178222656
v -47.007568359375 -5.153576850891113 -12.453170776367188
v -46.33002471923828 -5.236099720001221 -12.585992813110352
v -45.64775085449219 -5.301465034484863 -12.692054748535156
v -44.94337844848633 -5.348579406738281 -12.786429405212402
v -44.21477508544922 -5.393104076385498 -12.847029685974121
v -43.46711349487305 -5.43045711517334 -12.861900329589844
v -42.71072006225586 -5.452171802520752 -12.833584785461426
v -41.962921142578125 -5.471818923950195 -12.759252548217773
v -41.22945022583008 -5.500748634338379 -12.64376163482666
v -40.49786376953125 -5.542361259460449 -12.484612464904785
v -39.751502990722656 -5.566393852233887 -12.292269706726074
v -38.980533599853516 -5.606612682342529 -11.985275268554688
v -38.20680618286133 -5.446807384490967 -11.764490127563477
v -52.50349044799805 -3.6052651405334473 -10.850943565368652
v -51.71856689453125 -3.8688201904296875 -11.085920333862305
v -50.912933349609375 -4.104044437408447 -11.348732948303223
v -50.21091079711914 -3.985915184020996 -11.86961555480957
v -49.65910720825195 -4.115518569946289 -12.012870788574219
v -49.037776947021484 -4.206429481506348 -12.217540740966797
v -48.413490295410156 -4.31260871887207 -12.398853302001953
v -47.7511100769043 -4.407533168792725 -12.589800834655762
v -47.06199264526367 -4.5045623779296875 -12.761554718017578
v -46.37199020385742 -4.6032915115356445 -12.90196704864502
v -45.70785903930664 -4.694339752197266 -13.017255783081055
v -45.03252029418945 -4.731634140014648 -13.17362117767334
v -44.30469512939453 -4.7544097900390625 -13.331913948059082
v -43.55104064941406 -4.799210548400879 -13.412004470825195
v -42.78063201904297 -4.813436985015869 -13.433769226074219
v -42.00890350341797 -4.823958396911621 -13.362080574035645
v -41.256980895996094 -4.845874309539795 -13.209521293640137
v -40.515174865722656 -4.867530822753906 -13.026520729064941
v -39.77414321899414 -4.89157772064209 -12.822832107543945
v -39.02763748168945 -4.911688327789307 -12.587594985961914
v -38.28422927856445 -4.903561115264893 -12.311213493347168
v -37.579891204833984 -4.905702590942383 -11.917604446411133
v -44.35359191894531 -3.4851741790771484 -14.588074684143066
v -43.770713806152344 -3.5884647369384766 -14.681031227111816
v -43.0544319152832 -3.6640589237213135 -14.749679565429688
v -42.34856414794922 -3.672468423843384 -14.756081581115723
v -53.135597229003906 -2.996015787124634 -11.043814659118652
v -52.40546798706055 -3.013493061065674 -11.644071578979492
v -51.846805572509766 -3.2287847995758057 -11.781620025634766
v -51.14427947998047 -3.390528678894043 -12.007577896118164
v -50.42433166503906 -3.4732108116149902 -12.271573066711426
v -49.75273895263672 -3.5340287685394287 -12.488872528076172
v -49.11533737182617 -3.630516529083252 -12.632311820983887
v -48.492156982421875 -3.731241464614868 -12.766393661499023
v -47.84706497192383 -3.7925262451171875 -12.955995559692383
v -47.14339065551758 -3.8551583290100098 -13.162802696228027
v -46.42577362060547 -3.9672470092773438 -13.313299179077148
v -45.738121032714844 -4.093347549438477 -13.434045791625977
v -45.1820068359375 -4.240383625030518 -13.48939037322998
v -44.46699523925781 -4.086045265197754 -13.887883186340332
v -43.66764450073242 -4.186442852020264 -14.007874488830566
v -42.90436935424805 -4.217719078063965 -14.07100772857666
v -42.05596923828125 -4.142663478851318 -14.102992057800293
v -41.27924728393555 -4.192832946777344 -13.838855743408203
v -40.51914596557617 -4.18803071975708 -13.58289909362793
v -39.770023345947266 -4.204181671142578 -13.303027153015137
v -39.02872085571289 -4.2234625816345215 -13.035253524780273
v -38.29281234741211 -4.24174690246582 -12.75555419921875
v -37.578983306884766 -4.267573833465576 -12.408780097961426
v -36.97823715209961 -4.329085350036621 -11.954891204833984
v -44.59823989868164 -3.1282765865325928 -14.90367603302002
v -41.7829704284668 -3.5925846099853516 -14.762185096740723
v -47.19357681274414 -2.5751094818115234 -14.430851936340332
v -46.611839294433594 -2.7007997035980225 -14.519889831542969
v -45.89683532714844 -2.847952127456665 -14.646900177001953
v -45.18207550048828 -2.9979872703552246 -14.787910461425781
v -41.38313674926758 -3.262498140335083 -15.04940128326416
v -40.85131072998047 -3.109687566757202 -14.939183235168457
v -53.78081130981445 -2.3012402057647705 -11.043062210083008
v -53.079322814941406 -2.320131301879883 -11.763642311096191
v -52.55445098876953 -2.516653537750244 -12.03426742553711
v -51.95804214477539 -2.658811330795288 -12.326963424682617
v -51.32631301879883 -2.7691450119018555 -12.590906143188477
v -50.61439895629883 -2.8549933433532715 -12.851943016052246
v -49.89200210571289 -2.9555113315582275 -13.036540031433105
v -49.20246505737305 -3.0527138710021973 -13.168963432312012
v -48.54348373413086 -3.1663320064544678 -13.26425552368164
v -48.00386047363281 -3.3107733726501465 -13.302199363708496
v -47.303592681884766 -3.1766958236694336 -13.713801383972168
v -46.51801300048828 -3.3287010192871094 -13.859846115112305
v -45.787776947021484 -3.4718167781829834 -13.996275901794434
v -45.033260345458984 -3.638594388961792 -14.1277437210083
v -41.309974670410156 -3.639017343521118 -14.504839897155762
v -40.530303955078125 -3.483367681503296 -14.279973983764648
v -39.751399993896484 -3.5044643878936768 -13.830033302307129
v -39.00440979003906 -3.5229337215423584 -13.455317497253418
v -38.2670783996582 -3.545924425125122 -13.124938011169434
v -37.533329010009766 -3.5760769844055176 -12.777215003967285
v -36.77846145629883 -3.6227705478668213 -12.292226791381836
v -47.43867492675781 -2.2210702896118164 -14.771069526672363
v -40.3039665222168 -2.910017251968384 -14.797285079956055
v -50.795433044433594 -1.5489662885665894 -14.272948265075684
v -50.18793869018555 -1.722726821899414 -14.395610809326172
v -49.45991516113281 -1.8754674196243286 -14.51567268371582
v -48.73558807373047 -1.9948426485061646 -14.61334228515625
v -48.02152633666992 -2.110990524291992 -14.701629638671875
v -39.99262237548828 -2.5381157398223877 -14.964011192321777
v -54.325069427490234 -1.6330939531326294 -10.82839584350586
v -53.72349548339844 -1.5995386838912964 -11.662078857421875
v -53.22794723510742 -1.7983765602111816 -12.056654930114746
v -52.65717315673828 -1.9578367471694946 -12.457820892333984
v -52.07805252075195 -2.105112075805664 -12.789310455322266
v -51.54611587524414 -2.2670488357543945 -12.994120597839355
v -50.860984802246094 -2.1665947437286377 -13.506392478942871
v -50.052711486816406 -2.346531391143799 -13.686671257019043
v -49.32176971435547 -2.4694037437438965 -13.813091278076172
v -48.61072540283203 -2.584331750869751 -13.909090042114258
v -47.867454528808594 -2.7293994426727295 -13.99146556854248
v -39.71943664550781 -2.7969422340393066 -14.44888973236084
v -38.968109130859375 -2.805055618286133 -13.919515609741211
v -38.22614288330078 -2.8321385383605957 -13.484718322753906
v -37.49251174926758 -2.863394021987915 -13.107203483581543
v -36.76390075683594 -2.900501012802124 -12.69542121887207
v -36.12224197387695 -2.9427402019500732 -12.195928573608398
v -51.03396987915039 -1.1352540254592896 -14.580437660217285
v -39.581138610839844 -2.252739906311035 -14.873499870300293
v -51.49003982543945 -0.9308191537857056 -14.430437088012695
v -54.480140686035156 -0.8647602200508118 -11.03019905090332
v -53.88867950439453 -1.055530309677124 -11.805038452148438
v -53.32553482055664 -1.219313144683838 -12.382802963256836
v -52.76057434082031 -1.3918944597244263 -12.836284637451172
v -52.24248123168945 -1.5965533256530762 -13.126272201538086
v -51.529319763183594 -1.5928884744644165 -13.698744773864746
v -38.94008255004883 -2.053067207336426 -14.460494041442871
v -38.175148010253906 -2.1006715297698975 -13.863323211669922
v -37.44065475463867 -2.139694929122925 -13.4180269241333
v -36.704742431640625 -2.176764726638794 -13.009411811828613
v -35.93185043334961 -2.213876962661743 -12.481901168823242
v -51.68899917602539 -0.4779072701931 -14.682549476623535
v -39.34555435180664 -1.7404801845550537 -15.103052139282227
v -52.13083267211914 -0.23191958665847778 -14.450360298156738
v -39.15174865722656 -1.233925700187683 -15.302702903747559
v -54.565608978271484 -0.1399141103029251 -11.269776344299316
v -53.988792419433594 -0.41343948245048523 -12.033968925476074
v -53.4129638671875 -0.6297579407691956 -12.672114372253418
v -52.90590286254883 -0.8648295402526855 -13.09321117401123
v -52.19887161254883 -0.9136211276054382 -13.771819114685059
v -38.721683502197266 -1.3037830591201782 -14.806171417236328
v -38.10098648071289 -1.3541669845581055 -14.227376937866211
v -37.38359451293945 -1.4074814319610596 -13.715423583984375
v -36.6592903137207 -1.4523210525512695 -13.297442436218262
v -35.92966842651367 -1.4895682334899902 -12.863526344299316
v -35.278018951416016 -1.5220192670822144 -12.34929370880127
v -52.29107666015625 0.23396135866641998 -14.627419471740723
v -38.7420539855957 -0.845531165599823 -15.127337455749512
v -52.68747329711914 0.5238983631134033 -14.325603485107422
v -54.63949203491211 0.6488994359970093 -11.575294494628906
v -54.008094787597656 0.2609444260597229 -12.360684394836426
v -53.5160026550293 -0.07467639446258545 -12.872835159301758
v -52.81621170043945 -0.17527364194393158 -13.687849998474121
v -38.081050872802734 -0.5896226167678833 -14.603726387023926
v -37.327667236328125 -0.6662732362747192 -13.981502532958984
v -36.614044189453125 -0.7299209237098694 -13.53636646270752
v -35.89330291748047 -0.7763745188713074 -13.128996849060059
v -35.12102127075195 -0.8052400350570679 -12.586467742919922
v -52.79349899291992 1.1391098499298096 -14.480263710021973
v -38.58369064331055 -0.29556146264076233 -15.241968154907227
v -55.047794342041016 1.3317688703536987 -11.288981437683105
v -54.435359954833984 1.2973167896270752 -12.224851608276367
v -53.9664306640625 0.9685689210891724 -12.762590408325195
v -53.3212776184082 0.5727393627166748 -13.487066268920898
v -37.88302230834961 0.24076998233795166 -14.735923767089844
v -37.249671936035156 0.08895143866539001 -14.162364959716797
v -36.57011032104492 -0.01081132236868143 -13.70566463470459
v -35.88423156738281 -0.07869265973567963 -13.321812629699707
v -35.1883544921875 -0.11819446831941605 -12.880598068237305
v -34.535797119140625 -0.12272143363952637 -12.302377700805664
v -52.84592056274414 1.8670196533203125 -14.610164642333984
v -38.47762680053711 0.40009352564811707 -15.388259887695312
v -55.174339294433594 2.1700210571289062 -11.49488639831543
v -54.52183532714844 1.8994327783584595 -12.314603805541992
v -53.95183563232422 1.6665432453155518 -13.04037094116211
v -53.391822814941406 1.3825181722640991 -13.73957347869873
v -37.78937911987305 0.982706606388092 -14.817237854003906
v -37.165287017822266 0.8377012014389038 -14.236870765686035
v -36.52172088623047 0.7063234448432922 -13.776668548583984
v -35.88007354736328 0.595242440700531 -13.412066459655762
v -35.224029541015625 0.5450646281242371 -13.008010864257812
v -34.554080963134766 0.5040718913078308 -12.412842750549316
v -52.819252014160156 2.588214874267578 -14.637118339538574
v -38.40798568725586 1.1194117069244385 -15.480823516845703
v -55.57367706298828 2.800748109817505 -11.099428176879883
v -54.969322204589844 2.8522567749023438 -11.92961597442627
v -54.501708984375 2.6097707748413086 -12.468964576721191
v -53.938358306884766 2.36958384513855 -13.16156005859375
v -53.39354705810547 2.114413261413574 -13.881477355957031
v -37.745967864990234 1.7057054042816162 -14.83917236328125
v -37.12459945678711 1.5601623058319092 -14.238409042358398
v -36.492271423339844 1.4207897186279297 -13.75027847290039
v -35.84886169433594 1.279107689857483 -13.357171058654785
v -35.3188362121582 1.101151466369629 -13.062359809875488
v -34.62446975708008 1.2368475198745728 -12.451038360595703
v -52.70463943481445 3.2932496070861816 -14.561999320983887
v -38.3716926574707 1.8437036275863647 -15.512588500976562
v -55.606040954589844 3.54914927482605 -11.04373836517334
v -55.03252029418945 3.4264883995056152 -11.806571006774902
v -54.44254684448242 3.3052470684051514 -12.487472534179688
v -53.859466552734375 3.1133484840393066 -13.172547340393066
v -53.31855773925781 2.856903314590454 -13.906258583068848
v -37.7453498840332 2.4212586879730225 -14.797072410583496
v -37.12700653076172 2.2648279666900635 -14.169689178466797
v -36.51607894897461 2.1122989654541016 -13.657037734985352
v -35.87014389038086 1.9940773248672485 -13.2019681930542
v -35.11487579345703 1.8230708837509155 -12.706300735473633
v -52.49676513671875 3.86430287361145 -14.489609718322754
v -38.3750114440918 2.568352460861206 -15.488543510437012
v -52.095848083496094 4.178394794464111 -14.738615989685059
v -55.57493591308594 4.195971488952637 -10.903913497924805
v -55.029170989990234 4.10479736328125 -11.595911026000977
v -54.407535552978516 4.002657413482666 -12.279489517211914
v -53.76970672607422 3.8748440742492676 -12.980653762817383
v -53.092655181884766 3.707061290740967 -13.82349681854248
v -37.78641128540039 3.14085054397583 -14.68294906616211
v -37.17048645019531 2.952345132827759 -14.03365421295166
v -36.560325622558594 2.7925949096679688 -13.469801902770996
v -36.02665328979492 2.601435422897339 -13.088040351867676
v -35.33469009399414 2.6912882328033447 -12.454679489135742
v -51.824363708496094 4.58331298828125 -14.673892974853516
v -38.426116943359375 3.287123918533325 -15.413288116455078
v -51.4058952331543 4.8443922996521 -14.883929252624512
v -38.50413513183594 3.8786981105804443 -15.32179069519043
v -55.026710510253906 4.781543731689453 -11.214956283569336
v -54.362735748291016 4.71504545211792 -11.913220405578613
v -53.69871520996094 4.627336502075195 -12.597624778747559
v -53.03281784057617 4.527185916900635 -13.329267501831055
v -52.3608512878418 4.458553314208984 -14.14064884185791
v -37.88383483886719 3.9103877544403076 -14.490180969238281
v -37.22268295288086 3.6486127376556396 -13.781238555908203
v -36.68132019042969 3.3982744216918945 -13.29966926574707
v -35.94053649902344 3.3844521045684814 -12.553689956665039
v -51.09406280517578 5.253618240356445 -14.801229476928711
v -38.875648498535156 4.1441450119018555 -15.656362533569336
v -50.666603088378906 5.508545398712158 -15.007349014282227
v -54.310977935791016 5.428361415863037 -11.415432929992676
v -53.62112808227539 5.369607925415039 -12.113560676574707
v -52.94379425048828 5.294708251953125 -12.812432289123535
v -52.279903411865234 5.2171125411987305 -13.541648864746094
v -51.628971099853516 5.152713775634766 -14.308023452758789
v -38.321388244628906 4.5257978439331055 -14.74386215209961
v -37.71250915527344 4.5565056800842285 -13.86440372467041
v -37.310218811035156 4.264795303344727 -13.514595985412598
v -36.58134841918945 4.177314758300781 -12.660741806030273
v -50.356712341308594 5.913651466369629 -14.940969467163086
v -38.98777770996094 4.728991985321045 -15.501043319702148
v -49.94022750854492 6.169792175292969 -15.176406860351562
v -39.094940185546875 5.322350978851318 -15.338385581970215
v -53.54841613769531 6.106987476348877 -11.554506301879883
v -52.8474006652832 6.054966449737549 -12.282569885253906
v -52.17514419555664 5.974603176116943 -12.99409294128418
v -51.525638580322266 5.8934431076049805 -13.712111473083496
v -50.888362884521484 5.819271564483643 -14.451918601989746
v -38.46977615356445 5.334597587585449 -14.435066223144531
v -37.89039611816406 5.045995712280273 -13.774519920349121
v -37.18588638305664 4.992966175079346 -12.798380851745605
v -49.666690826416016 6.567512035369873 -15.144928932189941
v -39.47650909423828 5.600352764129639 -15.679656982421875
v -49.25298309326172 6.879741668701172 -15.410926818847656
v -52.75823211669922 6.845555305480957 -11.731430053710938
v -52.06532669067383 6.735520362854004 -12.50774097442627
v -51.415313720703125 6.639092445373535 -13.210700035095215
v -50.78954315185547 6.543585300445557 -13.917236328125
v -50.18287658691406 6.458523273468018 -14.64047908782959
v -38.89641189575195 5.967206954956055 -14.671290397644043
v -38.35321044921875 5.9004669189453125 -13.871478080749512
v -37.76860809326172 5.778095245361328 -13.046463966369629
v -49.00133514404297 7.446435928344727 -15.322458267211914
v -39.59133529663086 6.203701496124268 -15.509761810302734
v -39.71204376220703 6.81733512878418 -15.37574291229248
v -52.48009490966797 7.6124162673950195 -11.44311237335205
v -51.93589401245117 7.497308254241943 -12.106054306030273
v -51.302738189697266 7.388637065887451 -12.804816246032715
v -50.67757797241211 7.27825403213501 -13.497101783752441
v -50.09418487548828 7.153703212738037 -14.202287673950195
v -49.596405029296875 7.033769130706787 -14.866000175476074
v -39.04599380493164 6.84265661239624 -14.368279457092285
v -38.266780853271484 6.491374492645264 -13.344161987304688
v -48.7720832824707 8.13379955291748 -15.153416633605957
v -40.11236572265625 7.098179817199707 -15.752394676208496
v -51.84475326538086 8.261164665222168 -11.701099395751953
v -51.19728088378906 8.138348579406738 -12.452385902404785
v -50.563690185546875 8.02711009979248 -13.14892864227295
v -49.94662094116211 7.896172046661377 -13.877901077270508
v -49.420318603515625 7.699625492095947 -14.619141578674316
v -39.553043365478516 7.49472188949585 -14.760101318359375
v -38.928157806396484 7.55792760848999 -13.754729270935059
v -38.39592742919922 7.320591926574707 -13.052559852600098
v -48.5294075012207 8.702207565307617 -15.06406021118164
v -40.25529861450195 7.711216926574707 -15.588737487792969
v -48.12986755371094 9.012951850891113 -15.342145919799805
v -40.4144287109375 8.341617584228516 -15.425357818603516
v -51.600929260253906 8.9938325881958 -11.484694480895996
v -51.08558654785156 8.874690055847168 -12.116162300109863
v -50.46415328979492 8.775946617126465 -12.799530029296875
v -49.81889343261719 8.670523643493652 -13.525748252868652
v -49.137046813964844 8.534761428833008 -14.399534225463867
v -39.74174118041992 8.353307723999023 -14.475090026855469
v -39.14112091064453 8.042730331420898 -13.782852172851562
v -38.51448440551758 8.085988998413086 -12.791994094848633
v -47.870933532714844 9.412405014038086 -15.303479194641113
v -40.84619140625 8.612176895141602 -15.763116836547852
v -47.47442626953125 9.658878326416016 -15.531211853027344
v -41.01403045654297 9.09799861907959 -15.595219612121582
v -51.005149841308594 9.579129219055176 -11.705116271972656
v -50.38124084472656 9.507384300231934 -12.386372566223145
v -49.73554611206055 9.429084777832031 -13.080257415771484
v -49.07374954223633 9.346887588500977 -13.845681190490723
v -48.39940643310547 9.290733337402344 -14.715336799621582
v -40.313682556152344 9.08409595489502 -14.729297637939453
v -39.600685119628906 9.054046630859375 -13.749979019165039
v -38.99393844604492 8.728967666625977 -13.095988273620605
v -47.173458099365234 10.054316520690918 -15.407752990722656
v -41.46711730957031 9.333564758300781 -15.868142127990723
v -46.76845169067383 10.26271915435791 -15.550101280212402
v -41.656394958496094 9.811152458190918 -15.640687942504883
v -50.30792236328125 10.223020553588867 -11.866218566894531
v -49.66156768798828 10.158475875854492 -12.546005249023438
v -49.003475189208984 10.099946975708008 -13.245407104492188
v -48.33917236328125 10.04090404510498 -14.017341613769531
v -47.68803787231445 9.976486206054688 -14.871965408325195
v -40.94392395019531 9.81991958618164 -14.870464324951172
v -40.24646759033203 9.801311492919922 -14.017979621887207
v -39.81319046020508 9.549856185913086 -13.645234107971191
v -39.18767166137695 9.569703102111816 -12.744056701660156
v -46.3929328918457 10.64885139465332 -15.312750816345215
v -42.11374282836914 10.013806343078613 -15.834256172180176
v -45.821292877197266 10.78934383392334 -15.45621109008789
v -45.1226806640625 10.842378616333008 -15.653681755065918
v -44.4017219543457 10.834299087524414 -15.766858100891113
v -43.670570373535156 10.765972137451172 -15.77354621887207
v -42.93959426879883 10.627492904663086 -15.681963920593262
v -42.333892822265625 10.455132484436035 -15.544883728027344
v -49.58380889892578 10.860472679138184 -11.915630340576172
v -48.93836212158203 10.813982963562012 -12.565790176391602
v -48.263790130615234 10.784789085388184 -13.242947578430176
v -47.593353271484375 10.720541954040527 -14.00320053100586
v -46.933998107910156 10.628870964050293 -14.82303524017334
v -41.60124588012695 10.513340950012207 -14.870528221130371
v -40.89700698852539 10.534807205200195 -14.113903999328613
v -40.44504165649414 10.286418914794922 -13.812326431274414
v -39.76161575317383 10.2554349899292 -12.93336009979248
v -48.913055419921875 11.412787437438965 -11.882198333740234
v -48.19756317138672 11.538372039794922 -12.35376262664795
v -47.51026153564453 11.457789421081543 -13.066128730773926
v -46.81914520263672 11.394211769104004 -13.754247665405273
v -46.08565902709961 11.290558815002441 -14.484036445617676
v -45.241817474365234 11.421951293945312 -14.729766845703125
v -44.49673080444336 11.448612213134766 -14.88383674621582
v -43.76358413696289 11.41053295135498 -14.93441390991211
v -43.023277282714844 11.303365707397461 -14.879508018493652
v -42.23687744140625 11.104290962219238 -14.710143089294434
v -41.565128326416016 11.211742401123047 -14.066171646118164
v -41.108360290527344 11.004980087280273 -13.84505844116211
v -40.407405853271484 10.995804786682129 -13.037060737609863
v -47.4552001953125 12.095977783203125 -12.206832885742188
v -46.7402458190918 12.169564247131348 -12.624749183654785
v -46.0567626953125 12.047218322753906 -13.267784118652344
v -45.335601806640625 12.033059120178223 -13.668320655822754
v -44.59263610839844 12.05445384979248 -13.87995719909668
v -43.8612174987793 12.036813735961914 -13.977897644042969
v -43.13029861450195 11.9630126953125 -13.973514556884766
v -42.40137481689453 11.821048736572266 -13.874284744262695
v -41.80000305175781 11.645818710327148 -13.72362995147705
v -41.07335662841797 11.699296951293945 -13.000672340393066
v -46.001888275146484 12.683234214782715 -12.259552955627441
v -45.37557601928711 12.66348648071289 -12.575416564941406
v -44.67461013793945 12.665407180786133 -12.799321174621582
v -43.954654693603516 12.655029296875 -12.927367210388184
v -43.22993087768555 12.605820655822754 -12.962594985961914
v -42.49310302734375 12.496712684631348 -12.908010482788086
v -41.70783996582031 12.296967506408691 -12.76217269897461
v -49.01130676269531 -8.070334434509277 -6.972587585449219
v -48.26256561279297 -8.290346145629883 -7.2332329750061035
v -47.51455307006836 -8.408395767211914 -7.469363212585449
v -46.74858093261719 -8.494770050048828 -7.557748794555664
v -45.988624572753906 -8.529073715209961 -7.569146633148193
v -45.22342300415039 -8.517932891845703 -7.517695903778076
v -44.46096420288086 -8.488755226135254 -7.310418128967285
v -43.74610137939453 -8.430932998657227 -7.037140846252441
v -43.09096908569336 -8.332291603088379 -6.62583589553833
v -47.991844177246094 -7.3628926277160645 -10.11120891571045
v -47.390995025634766 -7.502996444702148 -10.166805267333984
v -46.6602783203125 -7.6080474853515625 -10.22188663482666
v -45.93163299560547 -7.654114246368408 -10.2446928024292
v -45.23231887817383 -7.653477668762207 -10.263985633850098
v -49.720706939697266 -7.515199184417725 -7.386847496032715
v -49.09769058227539 -7.627027988433838 -8.287240982055664
v -48.612239837646484 -7.900668144226074 -8.238618850708008
v -47.95613098144531 -7.889716148376465 -8.893726348876953
v -47.13398742675781 -8.047588348388672 -8.983055114746094
v -46.373443603515625 -8.116864204406738 -9.025001525878906
v -45.616493225097656 -8.125153541564941 -9.036478042602539
v -44.80080795288086 -8.058974266052246 -9.099115371704102
v -44.02326965332031 -8.108031272888184 -8.642399787902832
v -43.28650665283203 -8.075963020324707 -8.252585411071777
v -42.45450210571289 -8.007211685180664 -7.645415306091309
v -41.55524826049805 -7.849918842315674 -7.767465591430664
v -40.76844787597656 -7.787322998046875 -7.78837776184082
v -40.06771469116211 -7.756453514099121 -7.524657726287842
v -39.43500900268555 -7.690835475921631 -6.8477783203125
v -48.26991271972656 -6.970888614654541 -10.52212905883789
v -44.69237518310547 -7.600083827972412 -10.366049766540527
v -49.41681671142578 -6.477480888366699 -10.0449800491333
v -48.83895492553711 -6.7342681884765625 -10.297000885009766
v -44.3259162902832 -7.306726932525635 -10.879741668701172
v -43.759559631347656 -7.233808517456055 -10.843624114990234
v -43.04011535644531 -7.202376365661621 -10.704178810119629
v -42.29985046386719 -7.179581642150879 -10.582291603088379
v -41.583656311035156 -7.145737171173096 -10.55084228515625
v -50.40400314331055 -6.895286560058594 -7.51676082611084
v -49.9257926940918 -7.001330852508545 -8.344590187072754
v -49.40666580200195 -7.056980133056641 -9.066784858703613
v -48.6192626953125 -7.400171279907227 -9.432133674621582
v -44.20970153808594 -7.688959121704102 -10.01485824584961
v -43.53566360473633 -7.6873626708984375 -9.734219551086426
v -42.784847259521484 -7.655211448669434 -9.453246116638184
v -41.9869270324707 -7.590538501739502 -9.320669174194336
v -41.129974365234375 -7.481034755706787 -9.433005332946777
v -40.31390380859375 -7.485922813415527 -9.013566970825195
v -39.54421615600586 -7.438374996185303 -8.419427871704102
v -38.73382568359375 -7.356900215148926 -7.34884786605835
v -37.968326568603516 -7.146322727203369 -6.682003974914551
v -49.659324645996094 -6.035437107086182 -10.33883285522461
v -41.032745361328125 -7.07837438583374 -10.650671005249023
v -50.092918395996094 -5.815449237823486 -10.107291221618652
v -40.67794418334961 -6.787036895751953 -11.136815071105957
v -40.130958557128906 -6.666656494140625 -11.107792854309082
v -51.603153228759766 -5.8759870529174805 -6.679612636566162
v -50.9935188293457 -6.292816162109375 -7.50772762298584
v -50.57377624511719 -6.371850967407227 -8.41091251373291
v -50.05246353149414 -6.448520660400391 -9.192427635192871
v -40.52401351928711 -7.121899604797363 -10.327689170837402
v -39.737022399902344 -7.005440711975098 -10.065400123596191
v -38.90166091918945 -6.963540077209473 -9.22747802734375
v -38.08257293701172 -6.831104755401611 -8.253847122192383
v -37.33690643310547 -6.671284198760986 -6.8825907707214355
v -50.30686950683594 -5.375663757324219 -10.410188674926758
v -39.5797004699707 -6.535075664520264 -11.076225280761719
v -50.74126434326172 -5.169531345367432 -10.210023880004883
v -39.200157165527344 -6.185441017150879 -11.420751571655273
v -38.623138427734375 -5.999725818634033 -11.26057243347168
v -53.64967727661133 -4.579885005950928 -6.866648197174072
v -52.99674987792969 -4.855406761169434 -6.968573093414307
v -52.25927734375 -5.227710247039795 -7.116604328155518
v -51.73842239379883 -5.396860599517822 -8.13361644744873
v -51.30935287475586 -5.722724914550781 -8.241232872009277
v -50.70543670654297 -5.807255744934082 -9.240096092224121
v -39.05378723144531 -6.5329999923706055 -10.620442390441895
v -38.21271514892578 -6.315988063812256 -10.060352325439453
v -37.366668701171875 -6.207180023193359 -8.708707809448242
v -36.6048469543457 -6.007767677307129 -6.943131923675537
v -50.98162078857422 -4.744492053985596 -10.535284042358398
v -38.034236907958984 -5.783655166625977 -11.10386848449707
v -52.881813049316406 -4.061776638031006 -9.816776275634766
v -52.269168853759766 -4.2789387702941895 -9.995086669921875
v -51.5589714050293 -4.525800704956055 -10.280138969421387
v -37.70243835449219 -5.402984142303467 -11.420278549194336
v -54.298675537109375 -4.12249755859375 -7.195679664611816
v -53.85041046142578 -4.2997145652771 -7.938672065734863
v -53.40367126464844 -4.522731304168701 -7.945912837982178
v -52.79890441894531 -4.588698387145996 -8.613767623901367
v -52.02049255371094 -4.889001846313477 -8.981440544128418
v -51.322994232177734 -5.190035820007324 -9.427029609680176
v -37.40602493286133 -5.645330429077148 -10.43008804321289
v -36.61135482788086 -5.515153884887695 -8.91389274597168
v -35.83483123779297 -5.266136169433594 -7.0245866775512695
v -53.16214370727539 -3.654024839401245 -10.228443145751953
v -37.27186584472656 -5.151866912841797 -11.301490783691406
v -53.619354248046875 -3.4393057823181152 -10.04728889465332
v -37.012210845947266 -4.769642353057861 -11.539764404296875
v -54.92499542236328 -3.4936184883117676 -7.233833312988281
v -54.5421257019043 -3.696475028991699 -8.121481895446777
v -54.14529800415039 -3.9572839736938477 -8.363540649414062
v -53.549346923828125 -4.029624938964844 -9.082781791687012
v -36.65804672241211 -4.952082633972168 -10.552090644836426
v -35.87441635131836 -4.803025722503662 -8.922080993652344
v -35.17787170410156 -4.6136932373046875 -7.144930839538574
v -53.84415054321289 -2.9921841621398926 -10.339309692382812
v -36.573875427246094 -4.44387674331665 -11.337913513183594
v -54.2758903503418 -2.7405271530151367 -10.044211387634277
v -55.37519454956055 -2.859163284301758 -7.103833198547363
v -55.126739501953125 -3.004512071609497 -8.007810592651367
v -54.802494049072266 -3.285214900970459 -8.380091667175293
v -54.25034713745117 -3.3841748237609863 -9.23814582824707
v -35.8946418762207 -4.182223796844482 -10.365225791931152
v -35.16388702392578 -4.108658790588379 -8.525226593017578
v -34.63368225097656 -3.9922478199005127 -6.716732025146484
v -54.45021057128906 -2.2731034755706787 -10.215982437133789
v -36.33469009399414 -3.916492462158203 -11.593591690063477
v -54.81557846069336 -1.978757619857788 -9.796551704406738
v -36.1161003112793 -3.398123264312744 -11.847932815551758
v -55.548152923583984 -2.2371392250061035 -7.3628997802734375
v -55.31167984008789 -2.5617775917053223 -8.07770824432373
v -54.84836196899414 -2.6653807163238525 -9.10086727142334
v -35.66960525512695 -3.463013172149658 -11.038162231445312
v -35.0444450378418 -3.454148530960083 -9.501781463623047
v -34.477699279785156 -3.44905424118042 -7.502665042877197
v -54.93445587158203 -1.3528693914413452 -9.909605026245117
v -35.66947555541992 -3.013772487640381 -11.587711334228516
v -55.628482818603516 -1.5434434413909912 -7.454521656036377
v -55.27846145629883 -1.9302544593811035 -8.675572395324707
v -34.98252868652344 -2.7407994270324707 -10.530238151550293
v -34.16792297363281 -2.6697490215301514 -8.141550064086914
v -55.041988372802734 -0.6030768156051636 -10.079092025756836
v -35.458587646484375 -2.489032030105591 -11.764957427978516
v -35.25503921508789 -1.9693390130996704 -12.001265525817871
v -55.72799301147461 -0.7523537278175354 -7.397746562957764
v -55.410194396972656 -1.086165189743042 -8.7749662399292
v -34.79531478881836 -2.023169994354248 -11.176763534545898
v -34.13885498046875 -1.9896560907363892 -9.584908485412598
v -33.398189544677734 -1.8169245719909668 -7.356759071350098
v -55.135704040527344 0.13287943601608276 -10.322686195373535
v -34.81824493408203 -1.5844318866729736 -11.737137794494629
v -55.91569900512695 0.14111736416816711 -7.469367504119873
v -55.525352478027344 -0.2880980968475342 -8.922171592712402
v -34.164669036865234 -1.323935627937317 -10.702975273132324
v -33.455326080322266 -1.2870622873306274 -8.797746658325195
v -32.911102294921875 -1.1842585802078247 -6.977731227874756
v -55.2287483215332 0.721580445766449 -10.568681716918945
v -34.62985610961914 -1.0687108039855957 -11.883987426757812
v -55.55007553100586 1.0465723276138306 -10.163939476013184
v -34.45472717285156 -0.5543224811553955 -12.038922309875488
v -56.28627395629883 0.9617912173271179 -7.1783881187438965
v -56.01567840576172 0.667153537273407 -8.278557777404785
v -55.66203308105469 0.49584728479385376 -9.291533470153809
v -34.010719299316406 -0.6173298954963684 -11.164007186889648
v -33.438385009765625 -0.6530409455299377 -9.623917579650879
v -32.896942138671875 -0.6825854182243347 -7.744288444519043
v -55.6585807800293 1.6087740659713745 -10.395028114318848
v -34.05775833129883 -0.16648945212364197 -11.6063871383667
v -56.64680480957031 1.6390141248703003 -7.155397891998291
v -56.40114974975586 1.4858107566833496 -8.280742645263672
v -56.011165618896484 1.1448099613189697 -9.050396919250488
v -33.45871353149414 0.06983590126037598 -10.255209922790527
v -32.86481857299805 -0.045414846390485764 -8.21750545501709
v -55.77618408203125 2.1702182292938232 -10.586480140686035
v -33.95102310180664 0.38037246465682983 -11.536181449890137
v -56.08201599121094 2.468008279800415 -10.141934394836426
v -56.77200698852539 2.2247745990753174 -7.596505165100098
v -56.5695686340332 1.9242287874221802 -8.35093879699707
v -56.19474792480469 1.8819721937179565 -9.462889671325684
v -33.34123992919922 0.90226811170578 -10.187335968017578
v -32.81569290161133 0.6843390464782715 -8.383293151855469
v -56.11008834838867 3.0574517250061035 -10.177957534790039
v -33.93964767456055 1.0733447074890137 -11.537849426269531
v -33.99970245361328 1.661835789680481 -11.55851936340332
v -56.79182052612305 2.881016731262207 -7.82033109664917
v -56.498451232910156 2.516575813293457 -9.015033721923828
v -33.364646911621094 1.7309845685958862 -10.144808769226074
v -32.77499008178711 1.4583303928375244 -8.301484107971191
v -56.066165924072266 3.7699790000915527 -10.18474006652832
v -34.3988037109375 1.9168028831481934 -12.012299537658691
v -56.75536346435547 3.6354451179504395 -7.835730075836182
v -56.49922180175781 3.327951669692993 -9.103302955627441
v -33.831321716308594 2.3377842903137207 -10.87122631072998
v -33.20222473144531 2.4491546154022217 -9.412127494812012
v -32.75455856323242 2.227788209915161 -8.012011528015137
v -55.91972351074219 4.349355220794678 -10.235307693481445
v -34.561519622802734 2.510756254196167 -11.805009841918945
v -55.56160354614258 4.66374397277832 -10.654093742370605
v -34.75316619873047 3.1178739070892334 -11.565217018127441
v -56.68023681640625 4.41534423828125 -7.612634181976318
v -56.351661682128906 4.202043533325195 -9.134817123413086
v -34.07597351074219 3.1690096855163574 -10.543851852416992
v -33.43458938598633 2.9337027072906494 -9.564254760742188
v -32.82624053955078 3.035053253173828 -7.687445163726807
v -55.30348205566406 5.066979885101318 -10.651541709899902
v -35.205108642578125 3.380427360534668 -11.838286399841309
v -54.87998580932617 5.325362682342529 -10.928808212280273
v -35.38772201538086 3.8613295555114746 -11.594392776489258
v -56.60492706298828 5.155259132385254 -7.18827486038208
v -56.28710174560547 5.02901554107666 -8.538531303405762
v -55.79449462890625 4.9459547996521 -9.87313175201416
v -34.67220687866211 3.836625576019287 -10.740333557128906
v -34.028629302978516 3.7685036659240723 -9.845457077026367
v -33.39330291748047 3.7112607955932617 -8.592578887939453
v -54.56864547729492 5.729099750518799 -10.867096900939941
v -35.84516906738281 4.128627777099609 -11.854904174804688
v -54.12546157836914 5.9855570793151855 -11.081758499145508
v -36.02647399902344 4.632861614227295 -11.6101655960083
v -56.52545166015625 5.782990455627441 -6.626368045806885
v -56.20018005371094 5.766073226928711 -7.831180095672607
v -55.7108268737793 5.6982622146606445 -9.111205101013184
v -55.11429214477539 5.63017463684082 -10.25107479095459
v -35.30277633666992 4.569235324859619 -10.797792434692383
v -34.65882873535156 4.466275215148926 -10.052971839904785
v -34.02126693725586 4.392740249633789 -9.112987518310547
v -53.827030181884766 6.384170055389404 -10.999716758728027
v -36.47526168823242 4.922344207763672 -11.903471946716309
v -53.38393783569336 6.685190200805664 -11.195292472839355
v -36.64298629760742 5.435934543609619 -11.696653366088867
v -56.10200500488281 6.462022304534912 -6.775557518005371
v -55.60631561279297 6.440340518951416 -8.269291877746582
v -55.01518249511719 6.364231586456299 -9.481863021850586
v -54.38093948364258 6.280531883239746 -10.473686218261719
v -35.90275573730469 5.355024337768555 -10.833597183227539
v -35.25743865966797 5.196698188781738 -10.136102676391602
v -34.622196197509766 5.0943779945373535 -9.34445571899414
v -53.10112380981445 7.227531433105469 -11.032941818237305
v -37.07804870605469 5.72105598449707 -12.06210708618164
v -37.21990203857422 6.209588050842285 -11.919126510620117
v -55.48359680175781 7.197520732879639 -7.322774410247803
v -54.8994255065918 7.113553047180176 -8.685385704040527
v -54.27112579345703 7.001482963562012 -9.804092407226562
v -53.730194091796875 6.864357948303223 -10.638776779174805
v -36.50528335571289 6.178173542022705 -11.006442070007324
v -35.74855422973633 6.127575397491455 -10.069639205932617
v -35.13713073730469 5.786365509033203 -9.4934720993042
v -52.84677505493164 7.756861686706543 -10.895306587219238
v -37.621726989746094 6.4935526847839355 -12.327412605285645
v -52.42866897583008 8.098413467407227 -11.140438079833984
v -54.7902717590332 7.876211643218994 -7.817165374755859
v -54.13444137573242 7.766846179962158 -9.109077453613281
v -53.45700454711914 7.609296798706055 -10.249990463256836
v -37.04485321044922 6.876206398010254 -11.32631778717041
v -36.3892707824707 6.953238010406494 -10.459568977355957
v -35.86283493041992 6.757546424865723 -9.890687942504883
v -35.22705078125 6.577865123748779 -9.140220642089844
v -52.189231872558594 8.630077362060547 -11.027763366699219
v -37.73973846435547 7.112190246582031 -12.17264175415039
v -54.02296829223633 8.583551406860352 -8.276144981384277
v -53.35357666015625 8.405303955078125 -9.589725494384766
v -52.79741668701172 8.251483917236328 -10.539999961853027
v -37.18895721435547 7.667562961578369 -11.190037727355957
v -36.53291702270508 7.536459922790527 -10.440815925598145
v -35.90760803222656 7.43734073638916 -9.723332405090332
v -35.282527923583984 7.294106960296631 -8.958466529846191
v -51.928646087646484 9.171732902526855 -10.931262969970703
v -37.85282897949219 7.839849948883057 -11.980500221252441
v -51.52052307128906 9.470499038696289 -11.210288047790527
v -37.95054626464844 8.430588722229004 -11.820015907287598
v -53.72786331176758 9.363960266113281 -7.812723159790039
v -53.19209671020508 9.202330589294434 -8.964969635009766
v -52.526580810546875 9.033158302307129 -10.187080383300781
v -37.28860855102539 8.459004402160645 -11.020829200744629
v -36.61155700683594 8.213993072509766 -10.350683212280273
v -35.978145599365234 8.100756645202637 -9.669914245605469
v -35.32290267944336 8.011366844177246 -8.871757507324219
v -51.249202728271484 9.8717679977417 -11.16939926147461
v -38.33509063720703 8.721667289733887 -12.1705322265625
v -50.838802337646484 10.128388404846191 -11.405854225158691
v -53.078575134277344 10.004076957702637 -8.192830085754395
v -52.43247604370117 9.847456932067871 -9.444365501403809
v -51.779319763183594 9.75812816619873 -10.539191246032715
v -37.75176239013672 9.091882705688477 -11.256680488586426
v -37.072425842285156 9.133190155029297 -10.529541015625
v -36.57219314575195 8.894407272338867 -10.116333961486816
v -36.076602935791016 8.665186882019043 -9.664258003234863
v -35.39236831665039 8.774369239807129 -8.838797569274902
v -50.53257751464844 10.53706169128418 -11.310707092285156
v -38.47235107421875 9.32121753692627 -11.986136436462402
v -50.108577728271484 10.786297798156738 -11.48646354675293
v -38.64158630371094 9.932541847229004 -11.764851570129395
v -52.80394744873047 10.757972717285156 -7.697709083557129
v -52.30139923095703 10.610876083374023 -8.716666221618652
v -51.69089126586914 10.50809383392334 -9.760382652282715
v -51.058685302734375 10.438714981079102 -10.7444429397583
v -37.948753356933594 9.956762313842773 -10.972129821777344
v -37.20570755004883 9.703463554382324 -10.387688636779785
v -36.556182861328125 9.56806468963623 -9.83486557006836
v -35.8432502746582 9.374326705932617 -9.18163013458252
v -49.78028106689453 11.191922187805176 -11.32314395904541
v -39.073974609375 10.213529586791992 -12.079100608825684
v -49.357177734375 11.415340423583984 -11.463722229003906
v -39.25373458862305 10.69766616821289 -11.90106201171875
v -52.18620681762695 11.337271690368652 -7.905721664428711
v -51.58161926269531 11.245636940002441 -8.930224418640137
v -50.95216369628906 11.175877571105957 -9.886045455932617
v -50.311649322509766 11.110246658325195 -10.804950714111328
v -38.54832077026367 10.671468734741211 -11.102581977844238
v -37.8117561340332 10.66998291015625 -10.342265129089355
v -37.24321746826172 10.408513069152832 -9.987585067749023
v -36.694114685058594 10.137691497802734 -9.662775039672852
v -35.997711181640625 10.219742774963379 -8.915520668029785
v -48.97703170776367 11.818263053894043 -11.27061939239502
v -39.703670501708984 10.964995384216309 -12.214205741882324
v -48.424068450927734 12.003329277038574 -11.517515182495117
v -47.888572692871094 12.16061782836914 -11.766897201538086
v -39.90717697143555 11.462373733520508 -11.992237091064453
v -51.47600173950195 11.965372085571289 -8.011910438537598
v -50.848777770996094 11.905653953552246 -8.955098152160645
v -50.184715270996094 11.865974426269531 -9.841963768005371
v -49.52416229248047 11.777358055114746 -10.745582580566406
v -39.19398880004883 11.431731224060059 -11.190662384033203
v -38.47477722167969 11.412104606628418 -10.423389434814453
v -38.01816177368164 11.166739463806152 -10.157570838928223
v -37.32875061035156 11.219616889953613 -9.432406425476074
v -36.51805877685547 10.841262817382812 -8.977327346801758
v -47.47050094604492 12.541085243225098 -11.532344818115234
v -40.3665657043457 11.718038558959961 -12.254493713378906
v -46.94509506225586 12.670554161071777 -11.709147453308105
v -46.420166015625 12.788786888122559 -11.863676071166992
v -40.571571350097656 12.19753360748291 -11.934675216674805
v -50.79972839355469 12.532577514648438 -8.026111602783203
v -50.072425842285156 12.672934532165527 -8.721055030822754
v -49.37763595581055 12.565058708190918 -9.687626838684082
v -48.66691970825195 12.4672269821167 -10.57291030883789
v -47.91348648071289 12.5975980758667 -11.068592071533203
v -39.85403823852539 12.19206714630127 -11.1740140914917
v -39.13566970825195 12.175862312316895 -10.429219245910645
v -38.673248291015625 11.916787147521973 -10.18165397644043
v -37.95234680175781 11.922569274902344 -9.40461540222168
v -45.998451232910156 13.150426864624023 -11.478103637695312
v -41.02912521362305 12.407145500183105 -12.103006362915039
v -45.449363708496094 13.240476608276367 -11.53957748413086
v -44.759830474853516 13.270994186401367 -11.688231468200684
v -44.048439025878906 13.269834518432617 -11.807411193847656
v -43.33148193359375 13.238859176635742 -11.857880592346191
v -42.60445022583008 13.164175033569336 -11.82608699798584
v -41.86764907836914 13.026884078979492 -11.727989196777344
v -41.25686264038086 12.85127067565918 -11.636061668395996
v -49.23363494873047 13.3527250289917 -8.5978422164917
v -48.582881927490234 13.259618759155273 -9.407088279724121
v -47.87932205200195 13.235443115234375 -10.073648452758789
v -47.171573638916016 13.153542518615723 -10.752278327941895
v -46.44211959838867 13.237994194030762 -11.08288288116455
v -40.50761795043945 12.899578094482422 -10.918533325195312
v -39.78623580932617 12.909757614135742 -10.254075050354004
v -39.33167266845703 12.666983604431152 -10.095916748046875
v -38.61549377441406 12.653133392333984 -9.315455436706543
v -48.533111572265625 13.913812637329102 -8.392593383789062
v -47.821929931640625 14.012588500976562 -8.86178970336914
v -47.14176559448242 13.896416664123535 -9.546103477478027
v -46.44474792480469 13.854623794555664 -10.010126113891602
v -45.70952606201172 13.770407676696777 -10.478670120239258
v -44.88899230957031 13.865715980529785 -10.545886039733887
v -44.15691375732422 13.88029670715332 -10.634278297424316
v -43.443115234375 13.860583305358887 -10.678630828857422
v -42.72650146484375 13.810358047485352 -10.636622428894043
v -41.98263168334961 13.711677551269531 -10.505731582641602
v -41.152366638183594 13.519617080688477 -10.342690467834473
v -40.41908645629883 13.58938217163086 -9.659528732299805
v -39.96358871459961 13.355133056640625 -9.722966194152832
v -39.256534576416016 13.331342697143555 -9.030265808105469
v -47.09743881225586 14.548730850219727 -8.476202011108398
v -46.47580337524414 14.517006874084473 -8.83084487915039
v -45.77349853515625 14.491311073303223 -9.121434211730957
v -45.02958679199219 14.483987808227539 -9.30737018585205
v -44.28596115112305 14.486897468566895 -9.39425277709961
v -43.57307052612305 14.464118957519531 -9.438539505004883
v -42.876251220703125 14.423320770263672 -9.387506484985352
v -42.16714096069336 14.35845947265625 -9.199939727783203
v -41.41325378417969 14.249626159667969 -8.88775634765625
v -40.63448715209961 14.11263656616211 -8.544781684875488
v -39.843650817871094 13.898031234741211 -8.369592666625977
v -49.14506530761719 -8.307003021240234 -5.5203857421875
v -48.54167175292969 -8.493094444274902 -5.644128799438477
v -47.797149658203125 -8.650399208068848 -5.8163251876831055
v -47.040260314941406 -8.747658729553223 -5.935093402862549
v -46.28474807739258 -8.800592422485352 -5.981628894805908
v -45.54063415527344 -8.815895080566406 -5.965938568115234
v -44.81486511230469 -8.797636032104492 -5.848608493804932
v -44.07472610473633 -8.728202819824219 -5.505679130554199
v -43.48627853393555 -8.559555053710938 -5.692086696624756
v -49.44642639160156 -8.350604057312012 -3.0753486156463623
v -48.86071014404297 -8.522745132446289 -3.984262466430664
v -48.027870178222656 -8.725337028503418 -4.145110607147217
v -47.25619125366211 -8.840630531311035 -4.260814189910889
v -46.49777603149414 -8.904595375061035 -4.337987422943115
v -45.759429931640625 -8.9366455078125 -4.394291877746582
v -45.066104888916016 -8.94483757019043 -4.428854942321777
v -44.45717239379883 -8.921721458435059 -4.381197452545166
v -44.00934600830078 -8.850218772888184 -4.123766899108887
v -49.521278381347656 -8.009506225585938 -6.1440815925598145
v -42.987483978271484 -8.408650398254395 -5.056769371032715
v -49.92634963989258 -7.775632858276367 -5.96584415435791
v -42.54708480834961 -8.221707344055176 -5.900425910949707
v -41.8414421081543 -8.021042823791504 -5.809169292449951
v -41.054561614990234 -7.915001392364502 -6.225703716278076
v -40.38121032714844 -7.878337860107422 -6.35375452041626
v -39.86768341064453 -7.844012260437012 -6.335505485534668
v -50.06100845336914 -7.953916072845459 -3.2910571098327637
v -49.64850616455078 -8.132585525512695 -4.722557067871094
v -50.23085021972656 -7.419823169708252 -6.429268836975098
v -39.474632263183594 -7.74611759185791 -5.610749244689941
v -50.5793571472168 -7.1740031242370605 -6.128204345703125
v -38.867706298828125 -7.5591654777526855 -5.544059753417969
v -38.3292236328125 -7.4001665115356445 -5.980801582336426
v -50.6524658203125 -7.365591526031494 -3.5309624671936035
v -50.32521057128906 -7.5925164222717285 -5.031729698181152
v -41.70820617675781 -7.8921074867248535 -4.1200456619262695
v -41.18037796020508 -7.826323509216309 -4.542707920074463
v -40.52654266357422 -7.786449432373047 -4.848073482513428
v -39.91696548461914 -7.773322582244873 -5.140538215637207
v -50.85554885864258 -6.7985358238220215 -6.436253547668457
v -37.87063217163086 -7.227043151855469 -5.381584167480469
v -51.514381408691406 -6.210339069366455 -4.970184803009033
v -51.213375091552734 -6.506659030914307 -5.79951286315918
v -37.52833938598633 -7.002083778381348 -5.834072113037109
v -51.15497589111328 -6.722934722900391 -4.033867835998535
v -50.8505744934082 -7.050430774688721 -5.153315544128418
v -51.89070129394531 -5.668842315673828 -4.843156337738037
v -37.12273406982422 -6.7143731117248535 -5.314596176147461
v -53.61914825439453 -4.594148635864258 -5.801407814025879
v -53.15494155883789 -4.799951553344727 -5.67833137512207
v -52.52630615234375 -5.119762420654297 -5.353056907653809
v -36.809181213378906 -6.405844688415527 -5.79344367980957
v -53.98114013671875 -4.420320510864258 -6.277332305908203
v -36.39706802368164 -6.0405402183532715 -5.0179123878479
v -54.28255081176758 -4.16239595413208 -6.106808662414551
v -36.02818298339844 -5.637275695800781 -5.47285270690918
v -53.87625503540039 -4.294086933135986 -5.291189193725586
v -53.29978942871094 -4.5374755859375 -4.7718658447265625
v -52.69371795654297 -4.769465446472168 -4.165413856506348
v -54.62005615234375 -3.8754265308380127 -6.4004435539245605
v -35.46047592163086 -5.120055675506592 -4.6907958984375
v -54.89569854736328 -3.5308403968811035 -6.121815204620361
v -35.2544059753418 -4.904835224151611 -6.11588716506958
v -54.42444610595703 -3.763831615447998 -5.2824506759643555
v -53.8658332824707 -3.9374969005584717 -4.457568645477295
v -53.47627639770508 -4.181275367736816 -4.244823932647705
v -52.88529586791992 -4.23067569732666 -3.362729072570801
v -55.19188690185547 -3.197309732437134 -6.376647472381592
v -34.987911224365234 -4.665250301361084 -6.077805519104004
v -55.388648986816406 -2.826944351196289 -6.130544662475586
v -34.684722900390625 -4.323832988739014 -5.517758369445801
v -54.99949264526367 -3.0674571990966797 -5.294325828552246
v -54.469425201416016 -3.252051591873169 -4.422560691833496
v -54.05577087402344 -3.540350914001465 -4.145004749298096
v -53.40118408203125 -3.6279914379119873 -3.2919762134552
v -34.96335220336914 -4.683929443359375 -4.977144718170166
v -55.55978012084961 -2.4725563526153564 -6.468067646026611
v -34.29008865356445 -3.8119020462036133 -4.9965620040893555
v -55.416290283203125 -2.3754947185516357 -5.440002918243408
v -55.04593276977539 -2.4914512634277344 -4.505166053771973
v -54.67399597167969 -2.78979754447937 -4.154623508453369
v -54.01045227050781 -2.8891866207122803 -3.2699573040008545
v -34.37272262573242 -4.015638828277588 -4.173073768615723
v -55.64864730834961 -1.9390925168991089 -6.317118167877197
v -34.19626235961914 -3.4889163970947266 -5.793278694152832
v -55.53471374511719 -1.6626638174057007 -5.09237813949585
v -55.22022247314453 -1.999283790588379 -4.375781536102295
v -54.63764190673828 -2.095931053161621 -3.353832244873047
v -55.72809600830078 -1.241362452507019 -6.104196548461914
v -33.826786041259766 -2.8494131565093994 -5.5323967933654785
v -33.49557876586914 -2.267983913421631 -6.129482269287109
v -55.6087760925293 -1.049153208732605 -4.826694011688232
v -55.172847747802734 -1.2873876094818115 -3.6127424240112305
v -55.79994583129883 -0.4301954507827759 -5.573695659637451
v -33.03120040893555 -1.7638444900512695 -5.17825174331665
v -32.867313385009766 -1.4423024654388428 -5.955806732177734
v -55.498104095458984 -0.5776700973510742 -3.880653142929077
v -56.031463623046875 0.4371960759162903 -5.533547401428223
v -32.61458206176758 -1.0865963697433472 -5.501546382904053
v -56.28471755981445 1.016640067100525 -5.43243408203125
v -56.52377700805664 1.3432809114456177 -6.081377983093262
v -32.5417594909668 -0.7054964900016785 -5.903107166290283
v -56.680511474609375 1.7079665660858154 -5.927332401275635
v -56.392635345458984 1.5287545919418335 -4.7006425857543945
v -56.80466079711914 2.0211284160614014 -6.491468906402588
v -32.48085021972656 -0.16850459575653076 -6.246372699737549
v -56.6798095703125 2.1574673652648926 -5.194950580596924
v -56.33224105834961 2.044213056564331 -3.7857766151428223
v -56.86320877075195 2.5276007652282715 -6.502835750579834
v -32.420372009277344 0.48762068152427673 -6.312046051025391
v -56.767601013183594 2.859752655029297 -5.213673114776611
v -56.42988204956055 2.615156650543213 -3.7964131832122803
v -56.886863708496094 3.1872551441192627 -6.558381080627441
v -32.368797302246094 1.2169197797775269 -6.236931800842285
v -56.80974197387695 3.461076021194458 -5.365653991699219
v -56.50007247924805 3.366797924041748 -3.8555350303649902
v -56.84379959106445 3.8900513648986816 -6.4154205322265625
v -32.336910247802734 1.969728946685791 -6.025024890899658
v -56.67393493652344 4.105855464935303 -4.720923900604248
v -56.7706184387207 4.626582145690918 -6.147948265075684
v -32.33100128173828 2.7306370735168457 -5.681854248046875
v -32.311344146728516 3.434767246246338 -5.252589702606201
v -56.63564682006836 4.923932075500488 -4.720052242279053
v -56.7052001953125 5.313530921936035 -5.9187703132629395
v -32.656124114990234 3.8125996589660645 -6.433706283569336
v -32.93450927734375 4.261999607086182 -6.887120246887207
v -56.57903289794922 5.594941139221191 -4.753553867340088
v -56.63133239746094 5.794806003570557 -5.7046942710876465
v -33.353092193603516 4.415541172027588 -7.790188312530518
v -56.455692291259766 6.175127983093262 -5.868056297302246
v -33.53068161010742 4.865168571472168 -7.690157890319824
v -56.489322662353516 6.083119869232178 -5.007565975189209
v -32.960243225097656 4.924567222595215 -6.249114036560059
v -56.158729553222656 6.712182998657227 -4.8716607093811035
v -33.937992095947266 5.082059860229492 -8.241259574890137
v -55.875152587890625 7.094303131103516 -6.125836372375488
v -34.083866119384766 5.538510322570801 -8.06336498260498
v -33.41346740722656 5.586025714874268 -6.7119975090026855
v -32.78080368041992 5.603806495666504 -5.122666835784912
v -55.596195220947266 7.542058944702148 -6.27439546585083
v -34.48383712768555 5.793765068054199 -8.52376937866211
v -55.27506637573242 7.784923076629639 -6.844428062438965
v -55.783714294433594 7.4977216720581055 -5.070227146148682
v -33.9166145324707 6.195465087890625 -7.260189056396484
v -33.31645965576172 6.349284648895264 -5.9044270515441895
v -32.85172653198242 6.2198262214660645 -4.774228096008301
v -55.00160598754883 8.178560256958008 -6.811479091644287
v -34.582149505615234 6.400819301605225 -8.277963638305664
v -54.61199951171875 8.463252067565918 -7.269851207733154
v -55.587608337402344 8.051177978515625 -3.9819512367248535
v -55.36263656616211 8.075505256652832 -5.675769329071045
v -34.007423400878906 6.960860252380371 -6.996796607971191
v -33.505401611328125 6.800358295440674 -6.042764186859131
v -32.963623046875 6.971253871917725 -4.523887634277344
v -54.31893539428711 9.002852439880371 -7.020280361175537
v -34.639549255371094 7.133666515350342 -8.049162864685059
v -55.16986846923828 8.748851776123047 -4.223097801208496
v -54.86111831665039 8.651920318603516 -6.136250972747803
v -34.032108306884766 7.722536087036133 -6.761681079864502
v -33.38478469848633 7.536593437194824 -5.316215515136719
v -54.05995559692383 9.538874626159668 -6.803504943847656
v -34.67045974731445 7.874455451965332 -7.918476581573486
v -53.65742874145508 9.870935440063477 -7.258238792419434
v -54.8705940246582 9.589357376098633 -3.2846477031707764
v -54.55060577392578 9.410307884216309 -5.4662885665893555
v -34.07611083984375 8.490988731384277 -6.67382287979126
v -33.5040168762207 8.338947296142578 -5.281660079956055
v -53.394710540771484 10.414149284362793 -7.003810405731201
v -34.7077522277832 8.612013816833496 -7.864382266998291
v -34.76100540161133 9.216410636901855 -7.850485801696777
v -54.38921356201172 10.280919075012207 -4.261476516723633
v -53.97409439086914 10.058754920959473 -6.125829219818115
v -34.13859176635742 9.311567306518555 -6.590996742248535
v -33.57289505004883 9.069717407226562 -5.1977152824401855
v -53.11249542236328 10.966877937316895 -6.757524490356445
v -35.13990020751953 9.467970848083496 -8.327392578125
v -52.69865798950195 11.254206657409668 -7.151296138763428
v -54.11449432373047 11.079655647277832 -3.776947021484375
v -53.663516998291016 10.86103343963623 -5.526904106140137
v -34.56558609008789 9.914834022521973 -7.172510623931885
v -33.98265075683594 10.03266429901123 -5.890596866607666
v -33.59415054321289 9.803057670593262 -4.872031211853027
v -52.40622329711914 11.663025856018066 -6.992518901824951
v -35.25921630859375 10.068339347839355 -8.139761924743652
v -51.98747253417969 11.905924797058105 -7.315670967102051
v -35.40678405761719 10.67648983001709 -7.888470649719238
v -53.547664642333984 11.67739486694336 -4.25065803527832
v -52.934059143066406 11.576220512390137 -5.991692066192627
v -34.76785659790039 10.75537395477295 -6.77657413482666
v -34.18833923339844 10.51647663116455 -5.9093122482299805
v -33.69985580444336 10.558335304260254 -4.452596664428711
v -51.65772247314453 12.322412490844727 -7.101512908935547
v -35.83030319213867 10.907783508300781 -8.210676193237305
v -51.236663818359375 12.54458236694336 -7.373795032501221
v -36.6151008605957 11.65471076965332 -8.26913833618164
v -36.02281951904297 11.383094787597656 -7.925908088684082
v -52.81972122192383 12.366264343261719 -4.533107757568359
v -52.181297302246094 12.264434814453125 -6.189509868621826
v -35.32427215576172 11.415831565856934 -6.895390510559082
v -34.728851318359375 11.37147045135498 -5.923829555511475
v -34.197025299072266 11.248236656188965 -4.7777419090271
v -50.850833892822266 12.969018936157227 -7.146089553833008
v -37.20981979370117 11.937749862670898 -8.615143775939941
v -50.30075454711914 13.161675453186035 -7.583116054534912
v -49.75368881225586 13.347081184387207 -7.998273849487305
v -37.443267822265625 12.431013107299805 -8.2803316116333
v -52.02458953857422 13.071649551391602 -4.650821208953857
v -51.38630676269531 12.94789981842041 -6.246387004852295
v -36.77412033081055 12.457592964172363 -7.404414653778076
v -35.94483184814453 12.077396392822266 -6.841289520263672
v -35.36140441894531 12.065202713012695 -5.9444732666015625
v -34.812171936035156 11.984718322753906 -4.863389492034912
v -49.36796569824219 13.760807991027832 -7.735835552215576
v -37.90497970581055 12.66378402709961 -8.513980865478516
v -48.96063232421875 13.951359748840332 -7.875970363616943
v -38.12047576904297 13.119146347045898 -8.118359565734863
v -51.211326599121094 13.779008865356445 -4.633908271789551
v -50.53233337402344 13.659854888916016 -6.1705732345581055
v -49.8010139465332 13.790433883666992 -7.06236457824707
v -37.438804626464844 13.129101753234863 -7.165624618530273
v -36.710750579833984 13.100640296936035 -6.136435031890869
v -36.20477294921875 12.759678840637207 -6.02445125579834
v -35.51698684692383 12.680620193481445 -4.833763599395752
v -48.58171463012695 14.356046676635742 -7.509524822235107
v -38.56938552856445 13.331064224243164 -8.314864158630371
v -48.04293441772461 14.517991065979004 -7.7556843757629395
v -47.516448974609375 14.655059814453125 -8.004790306091309
v -38.76527786254883 13.705765724182129 -7.817374229431152
v -50.434120178222656 14.473652839660645 -4.414949893951416
v -49.76715087890625 14.427594184875488 -5.656975269317627
v -49.1080436706543 14.348649978637695 -6.828817844390869
v -38.11799621582031 13.696816444396973 -6.9454169273376465
v -37.540008544921875 13.67605972290039 -6.188723564147949
v -37.036468505859375 13.654656410217285 -5.216475486755371
v -36.23066711425781 13.324298858642578 -4.546977996826172
v -47.107906341552734 15.013806343078613 -7.581577777862549
v -39.186180114746094 13.898369789123535 -7.765305995941162
v -46.57026290893555 15.090764999389648 -7.673162937164307
v -45.88600540161133 15.108011245727539 -7.848272323608398
v -45.164100646972656 15.098591804504395 -7.985937118530273
v -44.4333610534668 15.07595157623291 -8.073415756225586
v -43.719566345214844 15.035781860351562 -8.127009391784668
v -43.04705810546875 14.976858139038086 -8.131418228149414
v -42.39347457885742 14.927005767822266 -7.916006565093994
v -41.701351165771484 14.851846694946289 -7.500936985015869
v -40.91914749145508 14.731683731079102 -6.8291215896606445
v -40.11692810058594 14.451443672180176 -6.736418724060059
v -39.36921691894531 14.265883445739746 -6.5825653076171875
v -49.740718841552734 15.095215797424316 -3.9416892528533936
v -49.029258728027344 15.062102317810059 -5.117863655090332
v -48.292423248291016 14.985892295837402 -6.3485107421875
v -47.55010223388672 15.087574005126953 -7.009213447570801
v -38.731266021728516 14.07077407836914 -6.649373531341553
v -38.24361801147461 14.162413597106934 -5.5978240966796875
v -37.649147033691406 14.037980079650879 -5.182714462280273
v -49.07029342651367 15.596635818481445 -3.339275360107422
v -48.24776077270508 15.694575309753418 -4.181170463562012
v -47.541664123535156 15.622554779052734 -5.512885570526123
v -46.84968566894531 15.54858112335205 -6.383455753326416
v -46.067081451416016 15.625273704528809 -6.529231071472168
v -45.34016799926758 15.632452964782715 -6.618860244750977
v -44.61298751831055 15.605090141296387 -6.673446178436279
v -43.89295959472656 15.549676895141602 -6.718300819396973
v -43.20396423339844 15.463265419006348 -6.773937225341797
v -42.6475944519043 15.341222763061523 -6.887168884277344
v -42.06130599975586 15.378969192504883 -6.113566875457764
v -41.39299774169922 15.204482078552246 -5.7676920890808105
v -47.449195861816406 16.08135414123535 -3.9278788566589355
v -46.91412353515625 16.046384811401367 -4.75346040725708
v -46.26955032348633 16.044387817382812 -5.088318347930908
v -45.56245422363281 16.049949645996094 -5.1741042137146
v -44.841331481933594 16.023887634277344 -5.1961236000061035
v -44.117774963378906 15.96328067779541 -5.2146759033203125
v -43.400421142578125 15.86597728729248 -5.259881019592285
v -42.66960906982422 15.721770286560059 -5.339900016784668
v -49.33139419555664 -8.342764854431152 -1.975748896598816
v -48.857154846191406 -8.490818977355957 -2.254941701889038
v -48.17211151123047 -8.637856483459473 -2.5083045959472656
v -47.4088134765625 -8.755842208862305 -2.6251392364501953
v -46.643123626708984 -8.82252311706543 -2.7086777687072754
v -45.89205551147461 -8.85742473602295 -2.815838098526001
v -45.18883514404297 -8.881848335266113 -2.988419532775879
v -44.58745574951172 -8.898344039916992 -3.222031354904175
v -44.18364334106445 -8.891569137573242 -3.4487287998199463
v -49.71528244018555 -8.199190139770508 -2.3142151832580566
v -43.82757568359375 -8.745477676391602 -3.3207786083221436
v -49.99216842651367 -7.936254978179932 -2.0790328979492188
v -43.526634216308594 -8.622735977172852 -4.236021041870117
v -49.554588317871094 -8.031326293945312 -1.3070813417434692
v -48.93589782714844 -8.234171867370605 -1.0814787149429321
v -48.25801086425781 -8.36474895477295 -1.0500731468200684
v -47.511940002441406 -8.488982200622559 -1.1123765707015991
v -46.747474670410156 -8.56038761138916 -1.1735302209854126
v -45.971275329589844 -8.580548286437988 -1.2645554542541504
v -45.225406646728516 -8.598395347595215 -1.5077626705169678
v -44.57093811035156 -8.63794994354248 -1.9465081691741943
v -44.06601333618164 -8.687723159790039 -2.560016632080078
v -50.32435607910156 -7.666457653045654 -2.4342098236083984
v -42.94352340698242 -8.307151794433594 -3.6556031703948975
v -50.57412338256836 -7.305191993713379 -2.2344741821289062
v -42.34206008911133 -8.101484298706055 -4.259273052215576
v -50.08775329589844 -7.495700836181641 -1.2454209327697754
v -49.5081787109375 -7.636755466461182 -0.4153626561164856
v -49.09660720825195 -7.8686842918396 -0.34379634261131287
v -48.40193176269531 -7.843226432800293 0.2008703649044037
v -47.595218658447266 -8.037728309631348 0.22097845375537872
v -46.834468841552734 -8.138476371765137 0.20097561180591583
v -46.06587219238281 -8.164591789245605 0.1481206864118576
v -45.216983795166016 -8.097538948059082 0.07692881673574448
v -44.502777099609375 -8.167847633361816 -0.5575106739997864
v -43.88283157348633 -8.224281311035156 -1.327599287033081
v -43.396785736083984 -8.34841537475586 -2.565419912338257
v -50.88648986816406 -6.9872002601623535 -2.7416036128997803
v -41.88465881347656 -7.745800495147705 -3.0055572986602783
v -51.112030029296875 -6.586321830749512 -2.6901133060455322
v -41.293128967285156 -7.567529678344727 -2.9763755798339844
v -40.626766204833984 -7.498212814331055 -3.2125754356384277
v -39.94695281982422 -7.484798431396484 -3.5282602310180664
v -39.25094223022461 -7.490484714508057 -4.074588775634766
v -38.61249542236328 -7.367891788482666 -4.045046329498291
v -38.25159454345703 -7.358036041259766 -4.753304481506348
v -50.650352478027344 -6.795141220092773 -1.451517105102539
v -50.09474563598633 -6.945945739746094 -0.3843172788619995
v -49.68380355834961 -7.224933624267578 -0.0767350047826767
v -48.994834899902344 -7.2684783935546875 0.6420164108276367
v -44.43875503540039 -7.637410640716553 0.7165096998214722
v -43.720252990722656 -7.542867183685303 0.18428242206573486
v -43.10518264770508 -7.688665866851807 -0.9479107856750488
v -42.5024299621582 -7.815385341644287 -2.306046724319458
v -51.45318603515625 -6.192164421081543 -3.543548822402954
v -37.805049896240234 -7.115133285522461 -4.220113277435303
v -37.44797134399414 -6.9437255859375 -4.639899253845215
v -51.140350341796875 -6.113096237182617 -1.906124472618103
v -50.66192626953125 -6.198319435119629 -0.6783509850502014
v -50.27628707885742 -6.479170322418213 -0.18657255172729492
v -49.61061477661133 -6.552967071533203 0.743643045425415
v -42.893714904785156 -6.942240238189697 0.5363648533821106
v -42.31022262573242 -7.1045026779174805 -0.47367024421691895
v -41.60184860229492 -7.195526123046875 -1.4264256954193115
v -40.7640266418457 -7.059279441833496 -1.6070500612258911
v -40.03262710571289 -7.028058052062988 -1.8343589305877686
v -39.30809783935547 -7.026912689208984 -2.148742914199829
v -38.631717681884766 -7.040267467498779 -2.6099727153778076
v -38.104515075683594 -7.0756001472473145 -3.350581169128418
v -51.60357666015625 -5.732468128204346 -3.007448196411133
v -37.05508041381836 -6.589290142059326 -3.99381422996521
v -36.71572494506836 -6.347409725189209 -4.441195487976074
v -51.3450813293457 -5.428158760070801 -1.639936089515686
v -50.856414794921875 -5.723888397216797 -0.671964168548584
v -50.21036911010742 -5.785191059112549 0.5384194850921631
v -42.21615219116211 -6.449756145477295 0.8715078234672546
v -41.61056900024414 -6.4881205558776855 0.3300449252128601
v -40.893497467041016 -6.483771324157715 -0.05045446380972862
v -40.14649963378906 -6.4640727043151855 -0.2586265504360199
v -39.40357208251953 -6.4616289138793945 -0.45431384444236755
v -38.59881591796875 -6.421931266784668 -0.6772435903549194
v -37.97289276123047 -6.5749125480651855 -1.6962518692016602
v -37.45521545410156 -6.670167922973633 -3.0232629776000977
v -51.995052337646484 -5.160551071166992 -3.2499430179595947
v -36.413150787353516 -6.032875061035156 -3.833024501800537
v -35.987586975097656 -5.560207843780518 -3.300344467163086
v -51.53184509277344 -4.7154951095581055 -1.3002277612686157
v -50.78215026855469 -5.028833389282227 0.07178428024053574
v -37.85396194458008 -5.98321533203125 0.00855246651917696
v -37.29277420043945 -6.045257568359375 -1.009010910987854
v -36.67900085449219 -6.03170108795166 -2.557332754135132
v -52.21338653564453 -4.505023956298828 -2.528306484222412
v -35.398597717285156 -4.950431823730469 -2.390136957168579
v -52.364261627197266 -3.985917329788208 -2.0954976081848145
v -51.787109375 -4.001794815063477 -1.0304267406463623
v -51.00905227661133 -4.082622528076172 0.4407649338245392
v -35.68776321411133 -5.1087188720703125 -1.4914970397949219
v -52.74032974243164 -3.7173914909362793 -2.397704839706421
v -34.986045837402344 -4.618114948272705 -3.157762050628662
v -52.86640167236328 -3.252089262008667 -2.059558391571045
v -34.62120819091797 -4.291534900665283 -3.78967547416687
v -52.23179244995117 -3.350489377975464 -1.153122901916504
v -51.3955192565918 -3.293910026550293 0.39271461963653564
v -53.29092788696289 -2.964061737060547 -2.3545055389404297
v -34.32476806640625 -3.8736324310302734 -2.7971832752227783
v -53.47785186767578 -2.4514245986938477 -2.065028429031372
v -34.15561294555664 -3.6845667362213135 -3.5767688751220703
v -52.72059631347656 -2.48942232131958 -1.0631823539733887
v -51.83039093017578 -2.619804859161377 0.1980658322572708
v -53.95087814331055 -2.165332555770874 -2.4030873775482178
v -33.937625885009766 -3.245083808898926 -3.7731759548187256
v -54.155731201171875 -1.648712158203125 -2.150275707244873
v -53.41887283325195 -1.677220344543457 -1.2198631763458252
v -52.66641616821289 -1.6558700799942017 -0.2371976375579834
v -52.0595588684082 -1.8728218078613281 0.44541335105895996
v -54.59505844116211 -1.366749882698059 -2.524909496307373
v -33.529144287109375 -2.5599374771118164 -2.902517318725586
v -54.771854400634766 -0.8713117241859436 -2.3300511837005615
v -33.26186752319336 -2.163275718688965 -4.080946922302246
v -54.09396743774414 -0.9066246747970581 -1.3425953388214111
v -53.37203598022461 -0.9145435690879822 -0.43537577986717224
v -52.9093132019043 -1.1496074199676514 -0.09569703787565231
v -52.258216857910156 -1.0790914297103882 0.7974629998207092
v -55.12925338745117 -0.6151031851768494 -2.7939062118530273
v -32.82457733154297 -1.5308090448379517 -2.9121835231781006
v -55.29146957397461 -0.15393449366092682 -2.807851552963257
v -32.648929595947266 -1.282742977142334 -4.414584636688232
v -54.70521926879883 -0.17282824218273163 -1.587487816810608
v -54.03131103515625 -0.1775067001581192 -0.545650839805603
v -53.57449722290039 -0.4211777150630951 -0.20550762116909027
v -52.84443283081055 -0.4155775010585785 0.6255453824996948
v -55.67526626586914 0.10816160589456558 -3.9032576084136963
v -32.40755081176758 -0.7553738951683044 -3.9797990322113037
v -55.234554290771484 0.5045994520187378 -2.1457762718200684
v -54.640525817871094 0.534205436706543 -0.8485302925109863
v -54.21162033081055 0.3035435974597931 -0.36318138241767883
v -53.4810905456543 0.30569198727607727 0.5201223492622375
v -32.51802444458008 -1.0569268465042114 -2.9104819297790527
v -55.89226150512695 0.9258731603622437 -3.728633165359497
v -32.31903076171875 -0.3042772710323334 -4.58433198928833
v -55.34727478027344 1.3117934465408325 -1.7760303020477295
v -54.81862258911133 1.0173553228378296 -0.8389554619789124
v -54.0887336730957 1.0250080823898315 0.3022906482219696
v -55.92600631713867 1.686927318572998 -2.9148061275482178
v -32.23494338989258 0.25304272770881653 -4.272581100463867
v -55.358909606933594 2.0697882175445557 -1.3253536224365234
v -54.63053512573242 1.7335845232009888 -0.1458589732646942
v -55.95063781738281 2.361402988433838 -2.500537872314453
v -32.16166687011719 0.9621760845184326 -4.056346893310547
v -55.397953033447266 2.8283073902130127 -1.1084290742874146
v -54.71575927734375 2.581791639328003 0.04127088561654091
v -56.006996154785156 3.0545151233673096 -2.4059722423553467
v -32.10670852661133 1.7042464017868042 -3.842388391494751
v -56.06990051269531 3.643138885498047 -2.4238440990448
v -55.460662841796875 3.6392507553100586 -1.0474053621292114
v -54.75104904174805 3.3582639694213867 0.17449137568473816
v -56.33664321899414 3.979672908782959 -3.1944360733032227
v -32.0704345703125 2.4570932388305664 -3.5499179363250732
v -55.854740142822266 4.271880626678467 -1.8208551406860352
v -55.26781463623047 4.319760799407959 -0.5078394412994385
v -54.74800109863281 4.106618404388428 0.34584519267082214
v -56.33562088012695 4.598562717437744 -3.264934778213501
v -32.036502838134766 3.2678134441375732 -3.0503084659576416
v -32.07413864135742 3.8205034732818604 -3.5194804668426514
v -55.87696075439453 5.039129257202148 -1.8570928573608398
v -55.42653274536133 4.785645484924316 -0.7524092197418213
v -54.80223846435547 4.855888366699219 0.44297415018081665
v -56.31487274169922 5.3396315574646 -3.34247088432312
v -32.26358413696289 3.984691858291626 -4.700643062591553
v -55.8627815246582 5.796637058258057 -1.8778797388076782
v -55.25313186645508 5.490775108337402 -0.28955304622650146
v -32.08485412597656 4.3810648918151855 -3.0692057609558105
v -56.24454879760742 6.10641622543335 -3.5632407665252686
v -32.448753356933594 4.5237717628479 -4.945770740509033
v -55.86478042602539 6.430253505706787 -1.9990979433059692
v -55.36149597167969 6.3806586265563965 -0.3808884918689728
v -32.11836624145508 5.067506313323975 -2.7415859699249268
v -55.99586868286133 6.762078762054443 -2.9879117012023926
v -32.427452087402344 5.311070442199707 -4.1782145500183105
v -55.602909088134766 7.084565162658691 -1.3089439868927002
v -32.12026596069336 5.763993740081787 -2.3339109420776367
v -55.810916900634766 7.4383864402771 -3.1945972442626953
v -32.40486145019531 6.014981269836426 -3.519164562225342
v -55.516910552978516 7.846687316894531 -1.427939772605896
v -32.12601852416992 6.371732234954834 -1.959613561630249
v -55.62196350097656 8.038704872131348 -2.653681516647339
v -32.41461944580078 6.804723262786865 -2.6864473819732666
v -55.45717239379883 8.444330215454102 -2.9035558700561523
v -32.619693756103516 7.411525726318359 -2.959686517715454
v -55.43962860107422 8.36076831817627 -1.7642428874969482
v -32.13287353515625 6.724578857421875 -1.5926741361618042
v -55.17947769165039 8.978323936462402 -1.8565651178359985
v -32.87804412841797 7.6446027755737305 -3.7820417881011963
v -32.647613525390625 7.954357624053955 -2.4661662578582764
v -54.886661529541016 9.902275085449219 -1.1202800273895264
v -32.98966979980469 8.28775691986084 -3.529083490371704
v -54.736724853515625 10.216658592224121 -2.588028907775879
v -32.71331024169922 8.456100463867188 -1.96720290184021
v -54.517799377441406 10.77312183380127 -2.659297466278076
v -33.19407653808594 8.87924861907959 -3.9009885787963867
v -54.71944808959961 10.553664207458496 -1.4634435176849365
v -54.300209045410156 11.305006980895996 -2.5257365703582764
v -33.22614288330078 9.528603553771973 -3.491783857345581
v -54.003475189208984 11.58684253692627 -3.1043026447296143
v -54.492435455322266 11.216882705688477 -1.1303064823150635
v -53.73331069946289 11.994065284729004 -2.968599796295166
v -33.30866622924805 10.22563648223877 -3.2111494541168213
v -53.3472900390625 12.263740539550781 -3.4461238384246826
v -33.407535552978516 10.80572509765625 -2.6964025497436523
v -54.29514694213867 11.880414962768555 -0.24058835208415985
v -54.085418701171875 11.863965034484863 -1.791306972503662
v -53.01106262207031 12.692434310913086 -3.213449716567993
v -33.68731689453125 11.12669563293457 -3.3679699897766113
v -52.571224212646484 12.972346305847168 -3.6210763454437256
v -33.895484924316406 11.586587905883789 -2.8287923336029053
v -53.890602111816406 12.46905517578125 -0.4264783561229706
v -53.473609924316406 12.541109085083008 -2.09199857711792
v -52.20821762084961 13.40523624420166 -3.323610305786133
v -34.26348114013672 11.881698608398438 -3.51066255569458
v -51.75554275512695 13.684284210205078 -3.6785500049591064
v -34.53886413574219 12.34267807006836 -2.9030182361602783
v -53.236061096191406 13.142997741699219 -0.5409201383590698
v -52.72121810913086 13.245298385620117 -2.244995594024658
v -51.39940643310547 14.10577392578125 -3.333268642425537
v -34.94985580444336 12.612993240356445 -3.5487253665924072
v -50.961116790771484 14.37653636932373 -3.606613874435425
v -35.26198196411133 13.036456108093262 -2.920670509338379
v -52.4586296081543 13.83985424041748 -0.6343905329704285
v -51.92033767700195 13.94352912902832 -2.320772171020508
v -50.634178161621094 14.766191482543945 -3.1798622608184814
v -35.68833541870117 13.26237964630127 -3.4841344356536865
v -50.24012756347656 14.999465942382812 -3.352642297744751
v -36.67653274536133 13.881534576416016 -2.914390802383423
v -36.023040771484375 13.57767105102539 -2.9011495113372803
v -51.67729187011719 14.488224029541016 -0.7587434649467468
v -51.14841079711914 14.592719078063965 -2.3124325275421143
v -50.01411819458008 15.25625991821289 -2.968690872192383
v -37.200130462646484 14.07266902923584 -4.04210090637207
v -49.69235610961914 15.540362358093262 -2.376312494277954
v -40.39506149291992 14.831241607666016 -4.9435133934021
v -39.634002685546875 14.581876754760742 -4.800083637237549
v -38.78084945678711 14.390888214111328 -4.799391269683838
v -38.031394958496094 14.329029083251953 -4.155268669128418
v -37.54084396362305 14.26115894317627 -3.816530227661133
v -51.0214958190918 14.975911140441895 -0.92982417345047
v -50.413795471191406 15.177063941955566 -2.071420431137085
v -41.294410705566406 15.148883819580078 -1.4501923322677612
v -40.679115295410156 14.871230125427246 -1.6507222652435303
v -40.069374084472656 14.728997230529785 -2.7234995365142822
v -39.18840789794922 14.51680850982666 -2.824817180633545
v -38.3984260559082 14.409256935119629 -2.7329485416412354
v -37.71791076660156 14.32437515258789 -2.6521425247192383
v -37.243892669677734 14.199319839477539 -2.9459362030029297
v -49.17539978027344 15.852288246154785 -2.054651975631714
v -40.92878723144531 15.092426300048828 -5.070633411407471
v -48.5910758972168 15.986506462097168 -2.0959296226501465
v -47.82367706298828 16.140140533447266 -2.490510940551758
v -41.68891525268555 15.524493217468262 -4.5584917068481445
v -41.23441696166992 15.33000659942627 -4.371518135070801
v -49.482505798339844 15.817612648010254 -1.3306262493133545
v -41.9467658996582 15.548174858093262 -1.6339551210403442
v -41.47508239746094 15.449661254882812 -3.0979807376861572
v -40.84141540527344 15.109956741333008 -3.3284223079681396
v -47.25925064086914 16.299869537353516 -2.700730323791504
v -42.14482879638672 15.70772647857666 -4.643015384674072
v -46.96442794799805 16.295501708984375 -3.526909112930298
v -46.47020721435547 16.317588806152344 -3.635776996612549
v -45.82218933105469 16.317638397216797 -3.664226531982422
v -45.11949920654297 16.29240608215332 -3.6491281986236572
v -44.40064239501953 16.23199462890625 -3.641219139099121
v -43.68299102783203 16.132408142089844 -3.672391653060913
v -42.98724365234375 15.996028900146484 -3.7514379024505615
v -42.448848724365234 15.873629570007324 -3.861807346343994
v -46.77507781982422 16.381921768188477 -2.3070828914642334
v -46.13666534423828 16.40433120727539 -2.140547037124634
v -45.44437026977539 16.38652801513672 -2.054372549057007
v -44.730953216552734 16.329994201660156 -2.018528461456299
v -44.01351547241211 16.231401443481445 -2.0425467491149902
v -43.30177307128906 16.08737564086914 -2.1316158771514893
v -42.57100296020508 15.884111404418945 -2.287588119506836
v -42.01694107055664 15.725605964660645 -3.331080675125122
v -47.64352798461914 -7.439517498016357 1.3709372282028198
v -46.9073371887207 -7.580900192260742 1.3999338150024414
v -46.1679801940918 -7.646492958068848 1.362817645072937
v -45.45134353637695 -7.645757675170898 1.2631731033325195
v -44.87971878051758 -7.568687438964844 1.2100675106048584
v -48.24497604370117 -7.258685111999512 1.3086975812911987
v -44.44239044189453 -7.2104034423828125 1.6130642890930176
v -48.443302154541016 -6.811340808868408 1.7442914247512817
v -43.91501235961914 -7.07125997543335 1.3843134641647339
v -43.37970733642578 -6.914473056793213 1.1350057125091553
v -47.75119400024414 -6.717691898345947 2.3459744453430176
v -46.98057174682617 -6.924339294433594 2.447817087173462
v -46.241817474365234 -7.025672435760498 2.4517440795898438
v -45.520851135253906 -7.07409143447876 2.322298765182495
v -44.874351501464844 -7.109269618988037 2.0438249111175537
v -48.89578628540039 -6.584982872009277 1.5730268955230713
v -43.00222396850586 -6.523552417755127 1.4742987155914307
v -49.078304290771484 -6.092440605163574 1.872222900390625
v -42.6113395690918 -6.359580993652344 1.393976092338562
v -48.34259796142578 -6.070722579956055 2.630218982696533
v -47.60042190551758 -6.069611549377441 3.255626916885376
v -47.04786682128906 -6.2490034103393555 3.356541872024536
v -46.330501556396484 -6.341678619384766 3.4558024406433105
v -45.5728874206543 -6.402917861938477 3.379183769226074
v -44.84020233154297 -6.457536697387695 3.070436954498291
v -44.1395263671875 -6.577976703643799 2.441216468811035
v -43.425193786621094 -6.480809211730957 1.9820754528045654
v -49.527183532714844 -5.832484245300293 1.556527853012085
v -42.2407341003418 -5.983552932739258 1.8065264225006104
v -49.69771194458008 -5.333366870880127 1.7513492107391357
v -41.689552307128906 -5.877583026885986 1.6501753330230713
v -40.99354553222656 -5.844036102294922 1.3891123533248901
v -40.26192855834961 -5.839885711669922 1.1846901178359985
v -39.52799606323242 -5.855130672454834 1.0125257968902588
v -38.82007598876953 -5.868439197540283 0.8359865546226501
v -38.2581787109375 -5.828672885894775 0.7450971603393555
v -49.001285552978516 -5.343386650085449 2.6545612812042236
v -48.28487014770508 -5.3056840896606445 3.492278575897217
v -47.71457290649414 -5.506960868835449 3.799395799636841
v -47.17550277709961 -5.713230133056641 3.9581186771392822
v -46.48517608642578 -5.598405361175537 4.401118278503418
v -45.679874420166016 -5.716189861297607 4.378090858459473
v -44.842041015625 -5.68787145614624 4.265613079071045
v -44.111358642578125 -5.8135666847229 3.6800897121429443
v -43.409053802490234 -5.8585100173950195 3.0636141300201416
v -42.75577163696289 -5.958616733551025 2.305375099182129
v -50.12482833862305 -5.037725448608398 1.3189682960510254
v -37.809566497802734 -5.488614082336426 1.243359088897705
v -37.2730598449707 -5.4379401206970215 0.7822604179382324
v -36.652278900146484 -5.42480993270874 -0.169196218252182
v -36.097259521484375 -5.322412490844727 -1.1023732423782349
v -49.58980178833008 -4.648157596588135 2.4870870113372803
v -48.96048355102539 -4.595741271972656 3.4226903915405273
v -48.517616271972656 -4.817995071411133 3.740433931350708
v -47.851905822753906 -4.741875171661377 4.469645977020264
v -47.045467376708984 -5.058286190032959 4.761844158172607
v -44.083988189697266 -5.16959285736084 4.713929653167725
v -43.35980987548828 -5.10922384262085 4.311018466949463
v -42.6832275390625 -5.242098808288574 3.5701375007629395
v -41.965431213378906 -5.350719928741455 2.8643760681152344
v -41.13726043701172 -5.234180927276611 2.6731841564178467
v -40.37636184692383 -5.1967291831970215 2.523592472076416
v -39.62535095214844 -5.213197231292725 2.3548128604888916
v -38.901546478271484 -5.263714790344238 2.123690605163574
v -38.242740631103516 -5.329874038696289 1.803141713142395
v -50.29984664916992 -4.381044864654541 1.5420138835906982
v -35.7060661315918 -4.878686904907227 -0.3395366072654724
v -50.446075439453125 -3.7300376892089844 1.826575756072998
v -35.42176818847656 -4.751025676727295 -0.8632931113243103
v -49.812103271484375 -3.7643022537231445 2.9014766216278076
v -49.196044921875 -4.081115245819092 3.5707247257232666
v -48.474464416503906 -4.074479579925537 4.4860310554504395
v -42.621429443359375 -4.602263927459717 4.629140377044678
v -41.99103927612305 -4.635664463043213 4.18199348449707
v -41.27067565917969 -4.625788688659668 3.8647677898406982
v -40.51793670654297 -4.584777355194092 3.7184641361236572
v -39.69388961791992 -4.509256362915039 3.7060325145721436
v -38.95658874511719 -4.627671241760254 3.3406312465667725
v -38.21778869628906 -4.6789631843566895 3.0019543170928955
v -37.4630241394043 -4.8279242515563965 2.2884912490844727
v -36.65995407104492 -4.798873424530029 1.5436633825302124
v -36.05830383300781 -4.828189373016357 0.5477579832077026
v -50.8065299987793 -3.411287546157837 1.4163578748703003
v -35.06540298461914 -4.4284820556640625 -1.2138158082962036
v -50.897037506103516 -2.937926769256592 1.6240363121032715
v -34.64018630981445 -4.112167835235596 -1.975284218788147
v -50.282081604003906 -3.0279695987701416 2.693084716796875
v -49.712059020996094 -3.175895929336548 3.575031042098999
v -49.1027717590332 -3.317568302154541 4.360475540161133
v -38.9638671875 -4.04109001159668 4.378813743591309
v -38.29090118408203 -4.0497283935546875 4.128897666931152
v -37.43362045288086 -3.9599609375 3.8272807598114014
v -36.64859390258789 -4.080398082733154 2.9755520820617676
v -35.96565246582031 -4.171302795410156 1.9338946342468262
v -35.427734375 -4.339892864227295 0.4429733455181122
v -51.2476921081543 -2.6450488567352295 1.1979492902755737
v -34.35090637207031 -3.6623077392578125 -1.3409603834152222
v -34.079376220703125 -3.4137628078460693 -2.1440999507904053
v -50.752437591552734 -2.3309786319732666 2.3482418060302734
v -50.168697357177734 -2.303555965423584 3.436469554901123
v -49.60177993774414 -2.5961577892303467 4.1747918128967285
v -36.552940368652344 -3.2993717193603516 4.2255706787109375
v -35.868534088134766 -3.4231815338134766 3.2189009189605713
v -35.252899169921875 -3.563450574874878 1.8725861310958862
v -34.745079040527344 -3.7440297603607178 -0.0005112146609462798
v -51.38311004638672 -2.0572218894958496 1.402291178703308
v -33.79911422729492 -2.8372323513031006 -1.4807312488555908
v -50.881446838378906 -1.5555505752563477 2.5985331535339355
v -50.37069320678711 -1.8103032112121582 3.3735616207122803
v -49.7682991027832 -1.756792664527893 4.416268348693848
v -35.760009765625 -2.660951852798462 4.316681385040283
v -35.11494827270508 -2.782561779022217 3.1085567474365234
v -34.55612564086914 -2.9516029357910156 1.4957740306854248
v -34.188804626464844 -3.15867280960083 -0.33145928382873535
v -51.54185485839844 -1.3284413814544678 1.6440651416778564
v -33.48060989379883 -2.2900338172912598 -0.9878805875778198
v -51.68597412109375 -0.6986778378486633 1.8235342502593994
v -33.1655387878418 -1.9560381174087524 -1.8707767724990845
v -50.982513427734375 -0.7008047699928284 2.84809947013855
v -50.21999740600586 -1.1028060913085938 3.9256486892700195
v -35.00072479248047 -1.9991146326065063 4.157464981079102
v -34.37608337402344 -2.142362117767334 2.6651217937469482
v -33.86561584472656 -2.3706612586975098 0.6352090239524841
v -52.11851119995117 -0.41947105526924133 1.4499820470809937
v -32.927490234375 -1.4470787048339844 -0.9610034227371216
v -52.27263259887695 0.06222561374306679 1.600679636001587
v -51.51711654663086 0.05487946793437004 2.447115659713745
v -50.74905014038086 0.027784911915659904 3.4158096313476562
v -50.235416412353516 -0.2724006175994873 4.092886447906494
v -34.23309326171875 -1.2888816595077515 3.7207107543945312
v -33.6666145324707 -1.5315377712249756 1.9075647592544556
v -33.29953384399414 -1.7561603784561157 0.047708384692668915
v -52.73222351074219 0.3081813156604767 1.3027211427688599
v -32.638633728027344 -1.022524356842041 -1.354736089706421
v -52.89512252807617 0.797760546207428 1.4794769287109375
v -32.407772064208984 -0.6809720993041992 -2.1572813987731934
v -52.11695861816406 0.8125304579734802 2.1847760677337646
v -51.34339141845703 0.809660017490387 2.9163405895233154
v -50.8219108581543 0.60025554895401 3.4390947818756104
v -50.15385437011719 0.4921152889728546 4.284198760986328
v -33.93130111694336 -0.4846215844154358 4.171283721923828
v -33.469017028808594 -0.7118881940841675 2.738713026046753
v -33.00361633300781 -1.0008145570755005 0.645770251750946
v -53.352176666259766 1.0355767011642456 1.1907154321670532
v -32.286624908447266 -0.1383521854877472 -2.4344725608825684
v -53.485618591308594 1.5145820379257202 1.3263694047927856
v -52.723880767822266 1.5486834049224854 2.0242977142333984
v -51.958351135253906 1.583206057548523 2.6508779525756836
v -51.419677734375 1.3876601457595825 3.0278539657592773
v -50.81230163574219 1.2298754453659058 3.577329635620117
v -50.32919692993164 1.035021185874939 4.09617280960083
v -49.719505310058594 1.1901026964187622 4.8437957763671875
v -33.343849182128906 0.12012258172035217 3.500452995300293
v -32.867183685302734 -0.17529833316802979 1.5632349252700806
v -32.53910446166992 -0.4471951723098755 -0.5023214817047119
v -53.91243362426758 1.7729336023330688 0.9483165740966797
v -32.1820068359375 0.6475424766540527 -1.9442219734191895
v -53.26206588745117 2.203897476196289 1.8094921112060547
v -52.568416595458984 2.3188600540161133 2.4582622051239014
v -52.04881286621094 2.156895637512207 2.7924423217773438
v -51.438655853271484 2.0381557941436768 3.2190797328948975
v -50.814971923828125 1.8925608396530151 3.7248101234436035
v -50.126869201660156 1.699218988418579 4.399073600769043
v -33.12068557739258 0.8880548477172852 3.7353742122650146
v -32.738609313964844 0.6186956763267517 2.1126816272735596
v -32.42426300048828 0.27451154589653015 -0.014932457357645035
v -54.00334548950195 2.402397632598877 1.030174732208252
v -32.100067138671875 1.4066147804260254 -1.6500049829483032
v -53.36558151245117 2.9926350116729736 1.914926528930664
v -52.692169189453125 2.893028497695923 2.52097225189209
v -52.07103729248047 2.8024468421936035 2.98043155670166
v -51.48841094970703 2.6671297550201416 3.3689651489257812
v -50.8753776550293 2.5684409141540527 3.8361949920654297
v -50.20698165893555 2.4644365310668945 4.432942867279053
v -32.65696334838867 1.4416462182998657 2.6316769123077393
v -32.3237190246582 1.05406653881073 0.40632393956184387
v -54.05781936645508 3.1551966667175293 1.1414512395858765
v -32.03386688232422 2.1547420024871826 -1.4174002408981323
v -53.40992736816406 3.7269177436828613 2.021599531173706
v -52.75247573852539 3.581768751144409 2.629427671432495
v -52.1154899597168 3.4590182304382324 3.126194953918457
v -51.495819091796875 3.3196470737457275 3.561944007873535
v -50.99087905883789 3.1261556148529053 3.896730899810791
v -50.313472747802734 3.2369625568389893 4.517579555511475
v -32.481876373291016 2.2418038845062256 2.5345468521118164
v -32.22526931762695 1.82987642288208 0.646314263343811
v -54.083824157714844 3.8992042541503906 1.260040521621704
v -31.985151290893555 2.8776936531066895 -1.1386935710906982
v -53.45124053955078 4.455855846405029 2.1605465412139893
v -52.79460144042969 4.280490875244141 2.7696497440338135
v -52.17192459106445 4.129016876220703 3.2709403038024902
v -51.532745361328125 4.0160441398620605 3.7617762088775635
v -50.794464111328125 3.8421943187713623 4.305329322814941
v -32.38710403442383 2.959724187850952 2.540311813354492
v -32.13578796386719 2.57149076461792 0.7682185769081116
v -54.12583923339844 4.623518943786621 1.3938615322113037
v -31.959331512451172 3.487163782119751 -0.7181282043457031
v -54.20420455932617 5.213659763336182 1.505298376083374
v -53.53558349609375 5.236972808837891 2.365793228149414
v -52.84687423706055 4.97281551361084 2.971919536590576
v -52.217567443847656 4.80330753326416 3.48406982421875
v -51.683570861816406 4.616379737854004 3.867352247238159
v -50.982383728027344 4.718531608581543 4.505598068237305
v -32.332332611083984 3.657593011856079 2.526838541030884
v -32.07966613769531 3.262190580368042 0.8927109241485596
v -54.59763717651367 5.502705097198486 1.0062379837036133
v -31.970476150512695 4.057184219360352 -1.3727837800979614
v -54.01354217529297 5.866519451141357 2.0780813694000244
v -53.361167907714844 5.883364200592041 2.9284515380859375
v -52.85820388793945 5.649478912353516 3.323077917098999
v -52.326507568359375 5.402660846710205 3.6900076866149902
v -51.56758499145508 5.4056572914123535 4.370065689086914
v -32.309146881103516 4.365011692047119 2.46250319480896
v -32.05427169799805 3.924098014831543 0.8420222997665405
v -54.723052978515625 6.1056294441223145 1.019153118133545
v -31.98241424560547 4.855049133300781 -1.0488969087600708
v -54.841060638427734 6.711289882659912 1.0641318559646606
v -54.21180725097656 6.688924312591553 2.260019302368164
v -53.506309509277344 6.442577362060547 3.1306991577148438
v -52.95448684692383 6.222840785980225 3.6123318672180176
v -52.210655212402344 6.178403854370117 4.308335781097412
v -32.31523513793945 5.107480525970459 2.3977999687194824
v -32.05210494995117 4.629486083984375 0.755374014377594
v -55.15753936767578 7.036166191101074 0.33510589599609375
v -31.994638442993164 5.570199012756348 -0.8725661039352417
v -54.641746520996094 7.3352885246276855 1.721991777420044
v -54.055809020996094 7.323498725891113 2.938920736312866
v -53.63744354248047 7.033604621887207 3.3894248008728027
v -52.87446975708008 6.9642720222473145 4.247150421142578
v -32.355247497558594 5.924122333526611 2.342543840408325
v -32.06318664550781 5.378637790679932 0.7813674807548523
v -55.1629638671875 7.650500297546387 0.23662075400352478
v -32.01393508911133 6.2074294090271 -0.8027776479721069
v -54.662208557128906 8.111849784851074 1.7734943628311157
v -54.201168060302734 7.80609655380249 2.8747293949127197
v -53.49461364746094 7.752595901489258 4.0342817306518555
v -32.65461349487305 6.655493259429932 2.929999589920044
v -32.25962829589844 6.503728866577148 1.689873218536377
v -32.069454193115234 6.074835777282715 0.655698299407959
v -55.119937896728516 8.457338333129883 -0.06240732595324516
v -32.05229949951172 6.630237579345703 -0.9360279440879822
v -32.200801849365234 7.014652252197266 -0.8757166266441345
v -54.586456298828125 8.90694522857666 1.9168401956558228
v -54.00202560424805 8.50592041015625 3.443673610687256
v -32.80107879638672 7.4359846115112305 2.5936696529388428
v -32.39533996582031 6.987591743469238 1.7345832586288452
v -32.13432693481445 6.724018573760986 0.3695374131202698
v -54.89378356933594 9.320695877075195 0.32849040627479553
v -32.440433502197266 7.604621887207031 -1.3040193319320679
v -54.48668670654297 9.689635276794434 2.0635924339294434
v -54.03199005126953 9.366436958312988 3.466623067855835
v -33.18370819091797 8.144270896911621 2.963153123855591
v -32.73772048950195 7.982077121734619 1.7139966487884521
v -32.41731262207031 7.456214427947998 0.6989557147026062
v -54.71907043457031 10.000066757202148 0.7498539686203003
v -32.566986083984375 8.199150085449219 -1.2385247945785522
v -32.70249938964844 8.622547149658203 -0.7999297976493835
v -54.35969161987305 10.437015533447266 2.0146026611328125
v -53.95631790161133 10.141390800476074 3.446612596511841
v -33.32011795043945 8.86804485321045 2.5676398277282715
v -32.916099548339844 8.476996421813965 1.7008097171783447
v -32.620975494384766 8.222870826721191 0.2511548399925232
v -54.62008285522461 10.675604820251465 0.22973988950252533
v -32.94593048095703 9.093234062194824 -1.8295263051986694
v -54.230491638183594 11.184316635131836 1.8113654851913452
v -53.7445182800293 10.973158836364746 3.3828136920928955
v -33.45650100708008 9.665369033813477 2.131359100341797
v -32.960147857666016 8.995186805725098 0.6455727815628052
v -54.4174919128418 11.462080001831055 0.5414026975631714
v -33.123939514160156 9.981311798095703 -1.747707724571228
v -54.11696243286133 11.84409236907959 1.5910162925720215
v -53.694854736328125 11.736391067504883 2.7585794925689697
v -53.066741943359375 11.683257102966309 4.034229278564453
v -33.85672378540039 10.426830291748047 2.657365083694458
v -33.418033599853516 10.280434608459473 1.2587023973464966
v -33.14054489135742 9.792741775512695 0.08641399443149567
v -54.2793083190918 11.962430000305176 0.7547423839569092
v -33.230342864990234 10.52995777130127 -1.8359626531600952
v -54.154518127441406 12.258137702941895 0.4343886077404022
v -33.377349853515625 10.932210922241211 -1.3053128719329834
v -54.00860595703125 12.32756519317627 1.1993204355239868
v -53.61704635620117 12.368449211120605 2.1244089603424072
v -53.0317268371582 12.372320175170898 3.1972479820251465
v -52.32220458984375 12.371378898620605 4.251438617706299
v -34.09494400024414 11.215025901794434 2.176283836364746
v -33.62034225463867 10.7951078414917 1.264025092124939
v -33.30788803100586 10.552495002746582 -0.2667502760887146
v -53.911651611328125 12.581944465637207 0.630772054195404
v -33.58756637573242 11.282233238220215 -1.899303913116455
v -53.62710952758789 12.885693550109863 0.3715428411960602
v -33.86524200439453 11.706559181213379 -1.2923903465270996
v -53.51715850830078 12.870306015014648 1.2897151708602905
v -52.949405670166016 12.997823715209961 2.320218563079834
v -52.27216339111328 13.049662590026855 3.313159465789795
v -51.51993942260742 13.066964149475098 4.239625453948975
v -34.6147346496582 11.90876293182373 2.272247552871704
v -34.12361526489258 11.673924446105957 1.233936071395874
v -33.71906280517578 11.319340705871582 0.057469163089990616
v -53.26777267456055 13.233881950378418 0.613297700881958
v -34.165191650390625 12.054962158203125 -1.96529221534729
v -52.890892028808594 13.574967384338379 0.3245401680469513
v -34.50419235229492 12.460172653198242 -1.3409650325775146
v -52.79867172241211 13.534164428710938 1.2981144189834595
v -52.172672271728516 13.675411224365234 2.303928852081299
v -51.46256637573242 13.737504959106445 3.2189788818359375
v -50.70115280151367 13.756232261657715 4.0878682136535645
v -41.75387191772461 13.482996940612793 3.432864189147949
v -40.992431640625 13.289041519165039 3.2669079303741455
v -40.277503967285156 13.19815731048584 3.237666368484497
v -39.617488861083984 13.159473419189453 3.3465969562530518
v -35.955413818359375 12.922859191894531 2.6820223331451416
v -35.20755386352539 12.537260055541992 2.1806092262268066
v -34.71689224243164 12.377617835998535 1.223845362663269
v -34.278385162353516 12.08248519897461 0.0821155533194542
v -52.48131561279297 13.929454803466797 0.5468747019767761
v -34.85452651977539 12.782986640930176 -2.0206212997436523
v -52.0853385925293 14.261724472045898 0.21048837900161743
v -35.21437072753906 13.134197235107422 -1.4276058673858643
v -51.99972152709961 14.210332870483398 1.176374912261963
v -51.36463928222656 14.338700294494629 2.094616174697876
v -50.64693069458008 14.400055885314941 2.935863971710205
v -49.88469314575195 14.40963077545166 3.7942252159118652
v -42.39396286010742 14.035057067871094 3.1960034370422363
v -41.74612045288086 14.037537574768066 2.456944227218628
v -41.17576599121094 13.853170394897461 2.267960786819458
v -40.4705696105957 13.707301139831543 2.1364102363586426
v -39.74728012084961 13.623290061950684 2.1521639823913574
v -38.974510192871094 13.530908584594727 2.413393497467041
v -38.13893508911133 13.578082084655762 2.264376163482666
v -37.37178421020508 13.529203414916992 2.204519510269165
v -36.57533645629883 13.37260913848877 2.1123831272125244
v -35.95069122314453 13.32984733581543 1.31937837600708
v -35.499332427978516 13.04428482055664 1.2807223796844482
v -34.94315719604492 12.778922080993652 0.022075222805142403
v -51.680606842041016 14.582742691040039 0.3680199682712555
v -35.609981536865234 13.407917022705078 -2.0625159740448
v -51.32185745239258 14.854187965393066 -0.023972684517502785
v -41.501922607421875 14.90832805633545 0.04196946695446968
v -40.97694396972656 14.699575424194336 -0.22167296707630157
v -40.31864547729492 14.520132064819336 -0.6104604601860046
v -39.58100128173828 14.393258094787598 -0.912871778011322
v -38.79175567626953 14.302026748657227 -0.9688643217086792
v -38.01945114135742 14.232800483703613 -1.004496455192566
v -37.236473083496094 14.106003761291504 -1.2803646326065063
v -36.6082878112793 13.896195411682129 -0.905377984046936
v -36.09723663330078 13.695261001586914 -1.4273250102996826
v -51.21810531616211 14.814085006713867 0.8764695525169373
v -50.57805633544922 14.939355850219727 1.6430572271347046
v -49.8480339050293 15.012267112731934 2.4054107666015625
v -49.05113983154297 15.021574020385742 3.2544922828674316
v -48.24229049682617 15.174077987670898 3.59121036529541
v -43.055545806884766 14.656882286071777 2.931299924850464
v -42.43081283569336 14.619688987731934 2.2036547660827637
v -42.010169982910156 14.41662311553955 2.034611940383911
v -41.44694519042969 14.441093444824219 1.2354297637939453
v -40.717018127441406 14.220000267028809 0.953586995601654
v -39.99630355834961 14.090174674987793 0.7735159993171692
v -39.2391242980957 14.011408805847168 0.7433072328567505
v -38.45101547241211 13.972972869873047 0.742071270942688
v -37.666568756103516 13.927391052246094 0.6527760624885559
v -36.92612075805664 13.809239387512207 0.587356448173523
v -36.26421356201172 13.642985343933105 0.3089967966079712
v -35.617130279541016 13.355672836303711 -0.23375718295574188
v -50.9444465637207 15.102091789245605 -0.00874995719641447
v -41.7838249206543 15.220317840576172 -0.4349541962146759
v -50.58512878417969 15.279199600219727 -0.645007848739624
v -49.999351501464844 15.550626754760742 -0.7884873151779175
v -42.174861907958984 15.399857521057129 -0.24237526953220367
v -50.52888488769531 15.261113166809082 0.3672667443752289
v -49.81117630004883 15.489686965942383 0.773136556148529
v -49.116722106933594 15.53874683380127 1.628013014793396
v -48.37794494628906 15.585095405578613 2.167846918106079
v -47.57259750366211 15.585063934326172 2.683882474899292
v -46.73128128051758 15.674088478088379 2.6668789386749268
v -45.97927474975586 15.672957420349121 2.708513021469116
v -45.24773025512695 15.60689640045166 2.700838088989258
v -44.51313400268555 15.469173431396484 2.613891839981079
v -43.71896743774414 15.232755661010742 2.457376718521118
v -43.08586120605469 15.22365951538086 1.7596856355667114
v -42.65797424316406 14.997026443481445 1.7233821153640747
v -42.07622528076172 14.946410179138184 0.9270829558372498
v -49.49369430541992 15.811463356018066 -0.4122062027454376
v -42.45669174194336 15.671688079833984 -0.8181108236312866
v -49.08241653442383 15.970626831054688 -1.0441781282424927
v -48.67949676513672 16.04500389099121 -0.6124714016914368
v -48.11921310424805 16.12114906311035 -0.7934584021568298
v -47.329139709472656 16.245758056640625 -1.0178134441375732
v -46.548248291015625 16.301347732543945 -0.6174880266189575
v -45.82396697998047 16.30215072631836 -0.4468722343444824
v -45.104312896728516 16.255390167236328 -0.38026121258735657
v -44.38414764404297 16.160926818847656 -0.40055033564567566
v -43.673057556152344 16.02359962463379 -0.5101194977760315
v -42.99232482910156 15.846528053283691 -0.6838791966438293
v -49.113433837890625 15.866000175476074 0.19365423917770386
v -48.52937698364258 15.919785499572754 0.6080079674720764
v -47.81619644165039 15.973489761352539 0.8162600994110107
v -47.03036117553711 16.028200149536133 0.9954876899719238
v -46.25896453857422 16.055086135864258 1.1452776193618774
v -45.52130889892578 16.026533126831055 1.220375657081604
v -44.793209075927734 15.940851211547852 1.2081632614135742
v -44.062660217285156 15.79770278930664 1.0971391201019287
v -43.35881042480469 15.640303611755371 0.835931658744812
v -42.676856994628906 15.42780590057373 0.5486301183700562
v -45.76728820800781 -5.05204439163208 5.248038291931152
v -45.077999114990234 -5.114205360412598 5.164413928985596
v -44.52337646484375 -5.062768936157227 5.1086578369140625
v -46.34966278076172 -4.931395053863525 5.265850067138672
v -44.08991241455078 -4.710536479949951 5.397069931030273
v -47.14813232421875 -4.296141624450684 5.45580530166626
v -46.56593322753906 -4.507260799407959 5.608615875244141
v -43.56288528442383 -4.605226993560791 5.232485294342041
v -43.03791046142578 -4.494500160217285 5.073567867279053
v -45.852882385253906 -4.349571228027344 5.972738742828369
v -45.125038146972656 -4.497308731079102 5.883656978607178
v -44.50436782836914 -4.583231449127197 5.697641849517822
v -47.743186950683594 -4.053729057312012 5.243668079376221
v -42.59842300415039 -4.132079601287842 5.32149076461792
v -47.94597625732422 -3.579756498336792 5.479554653167725
v -42.040645599365234 -4.0429606437683105 5.141777038574219
v -41.34728240966797 -4.012039661407471 4.9004106521606445
v -40.63818359375 -3.9993526935577393 4.728222846984863
v -39.95050048828125 -3.9832651615142822 4.64361047744751
v -39.40355682373047 -3.9228336811065674 4.67781925201416
v -47.22863006591797 -3.5074448585510254 6.037072658538818
v -46.382530212402344 -3.8054168224334717 6.233375072479248
v -45.624996185302734 -3.6805286407470703 6.540987491607666
v -45.07865524291992 -3.8377981185913086 6.454224586486816
v -44.42231369018555 -3.950026750564575 6.275307655334473
v -43.754207611083984 -4.097047328948975 5.925570487976074
v -43.0307731628418 -4.038967609405518 5.665989398956299
v -48.392822265625 -3.347916603088379 5.229301929473877
v -38.96746826171875 -3.593074083328247 5.065899848937988
v -48.5463981628418 -2.869058847427368 5.4216179847717285
v -38.40766906738281 -3.5125300884246826 4.989271640777588
v -37.71875762939453 -3.4458463191986084 4.805113792419434
v -37.12923812866211 -3.3099124431610107 4.695887565612793
v -47.80068588256836 -2.844923734664917 6.082414150238037
v -47.01441192626953 -2.8129005432128906 6.572175979614258
v -46.43207550048828 -3.0274415016174316 6.664797782897949
v -45.715389251708984 -3.1284689903259277 6.781882286071777
v -45.02709197998047 -3.182638645172119 6.813171863555908
v -44.35920715332031 -3.265141487121582 6.707255840301514
v -43.672325134277344 -3.3457205295562744 6.504202365875244
v -42.96741485595703 -3.4034619331359863 6.240726470947266
v -42.24392318725586 -3.5014779567718506 5.881916046142578
v -41.41764450073242 -3.40963077545166 5.70371675491333
v -40.6923942565918 -3.3967292308807373 5.551065921783447
v -40.00504684448242 -3.4156928062438965 5.426448822021484
v -39.38688659667969 -3.464047908782959 5.296459197998047
v -48.96306228637695 -2.5969269275665283 5.109776973724365
v -36.73890686035156 -2.9251112937927246 4.955784797668457
v -36.307525634765625 -2.721212148666382 4.862058162689209
v -48.35916519165039 -2.182060718536377 5.969860076904297
v -47.644920349121094 -2.0838639736175537 6.553442478179932
v -47.08424377441406 -2.240330934524536 6.750638484954834
v -46.413150787353516 -2.3422460556030273 6.904068470001221
v -45.724464416503906 -2.4451074600219727 6.9607744216918945
v -45.0142707824707 -2.514692544937134 6.972934722900391
v -44.31105041503906 -2.5729660987854004 6.9249749183654785
v -43.611244201660156 -2.632122039794922 6.815542221069336
v -42.905517578125 -2.6868059635162354 6.659696578979492
v -42.18869400024414 -2.738184928894043 6.468152046203613
v -41.4485969543457 -2.7593753337860107 6.294546604156494
v -40.70907211303711 -2.7615456581115723 6.16746187210083
v -39.99919891357422 -2.788475275039673 6.052828311920166
v -39.313499450683594 -2.848839521408081 5.909956932067871
v -38.622589111328125 -2.985511064529419 5.643318176269531
v -37.82677459716797 -2.9099643230438232 5.481781959533691
v -37.18327331542969 -2.8863019943237305 5.2475175857543945
v -49.09388732910156 -1.9794061183929443 5.272952556610107
v -35.981170654296875 -2.326162099838257 5.024349212646484
v -49.208648681640625 -1.379569411277771 5.392201900482178
v -35.55076217651367 -2.0870847702026367 4.846251964569092
v -48.51705551147461 -1.3141878843307495 6.123482704162598
v -47.76710510253906 -1.4863438606262207 6.6241912841796875
v -47.085018157958984 -1.5736273527145386 6.891567230224609
v -46.40825271606445 -1.6674069166183472 6.993455410003662
v -45.704383850097656 -1.746392011642456 7.019993782043457
v -44.989444732666016 -1.8133655786514282 7.008080005645752
v -44.27539825439453 -1.8697601556777954 6.979452610015869
v -43.568538665771484 -1.9218028783798218 6.936398983001709
v -42.86321258544922 -1.9714738130569458 6.878475189208984
v -42.151939392089844 -2.0191736221313477 6.801088809967041
v -41.43027114868164 -2.059922933578491 6.707117080688477
v -40.701560974121094 -2.0900826454162598 6.610444068908691
v -39.978214263916016 -2.121954917907715 6.512108325958252
v -39.266963958740234 -2.169564962387085 6.394468307495117
v -38.56109619140625 -2.2358551025390625 6.22545862197876
v -37.84437561035156 -2.2780768871307373 6.0114521980285645
v -37.149810791015625 -2.3003718852996826 5.743750095367432
v -36.51152801513672 -2.379284143447876 5.3538665771484375
v -49.5777473449707 -1.096136450767517 4.962502479553223
v -35.2554931640625 -1.6863930225372314 4.934898376464844
v -34.82292556762695 -1.3949021100997925 4.667452335357666
v -48.96611022949219 -0.7063189744949341 5.792420864105225
v -48.2890625 -0.5959476232528687 6.442103862762451
v -47.76142120361328 -0.7748165130615234 6.7248640060424805
v -47.08814239501953 -0.8894588947296143 6.9344658851623535
v -46.38917541503906 -0.9701008796691895 7.008999824523926
v -45.67738723754883 -1.0384596586227417 7.001115322113037
v -44.95975875854492 -1.0996959209442139 6.970125198364258
v -44.24760818481445 -1.1578887701034546 6.951793670654297
v -43.547481536865234 -1.2143893241882324 6.956435203552246
v -42.85249328613281 -1.2637213468551636 6.982473373413086
v -42.146610260009766 -1.3071142435073853 7.0130534172058105
v -41.42505645751953 -1.3541299104690552 7.014106750488281
v -40.692317962646484 -1.3963543176651 6.969223976135254
v -39.95508575439453 -1.4307421445846558 6.8816423416137695
v -39.224369049072266 -1.4720243215560913 6.756284236907959
v -38.50440216064453 -1.5231186151504517 6.598123550415039
v -37.792259216308594 -1.57442045211792 6.401134490966797
v -37.0943717956543 -1.6235547065734863 6.144221305847168
v -36.426910400390625 -1.6883255243301392 5.797626972198486
v -35.791744232177734 -1.7752934694290161 5.341184139251709
v -49.6240119934082 -0.4989688992500305 4.969997406005859
v -34.53684997558594 -0.8427005410194397 4.7903828620910645
v -49.02629852294922 0.04367193579673767 5.7293314933776855
v -48.37296676635742 -0.026055943220853806 6.351449012756348
v -47.72090148925781 -0.09037115424871445 6.749783515930176
v -47.06017303466797 -0.18474701046943665 6.934230804443359
v -46.361480712890625 -0.2610984146595001 6.983824729919434
v -45.64818572998047 -0.32392898201942444 6.957083225250244
v -44.934329986572266 -0.3837840259075165 6.918757438659668
v -44.231407165527344 -0.44764575362205505 6.914670467376709
v -43.54530715942383 -0.5144141912460327 6.964156627655029
v -42.88132095336914 -0.5817276835441589 7.055301189422607
v -42.199859619140625 -0.6067429780960083 7.195904731750488
v -41.46748733520508 -0.6357299089431763 7.321127891540527
v -40.71624755859375 -0.6979033946990967 7.348085880279541
v -39.95002365112305 -0.7229512333869934 7.287500381469727
v -39.183773040771484 -0.7518558502197266 7.127458572387695
v -38.445472717285156 -0.8055927157402039 6.905016899108887
v -37.72551727294922 -0.8559757471084595 6.676607131958008
v -37.0205078125 -0.9085560441017151 6.425293922424316
v -36.33686828613281 -0.9742276072502136 6.112862586975098
v -35.68898391723633 -1.0662078857421875 5.706025123596191
v -35.15560531616211 -1.1975328922271729 5.223147869110107
v -49.62185287475586 0.18943999707698822 5.0001139640808105
v -34.27778244018555 -0.298671692609787 4.933254241943359
v -49.56126403808594 0.727914035320282 5.065890789031982
v -33.868621826171875 0.03206271678209305 4.594480514526367
v -49.07023239135742 0.6930955648422241 5.628959655761719
v -48.41670608520508 0.671680748462677 6.22448205947876
v -47.719032287597656 0.5943539142608643 6.663144588470459
v -47.02674865722656 0.5203251838684082 6.883573532104492
v -46.32695388793945 0.4515508711338043 6.942533016204834
v -45.61993408203125 0.3896022439002991 6.923326015472412
v -44.917720794677734 0.32555392384529114 6.89995002746582
v -44.228702545166016 0.2535744607448578 6.925074100494385
v -43.56636428833008 0.16678525507450104 7.014904022216797
v -42.911991119384766 0.09508243203163147 7.189307689666748
v -42.34816360473633 -0.026176882907748222 7.3390913009643555
v -41.60318374633789 0.1587352603673935 7.7138519287109375
v -40.78365707397461 0.007098510395735502 7.8228936195373535
v -40.015682220458984 -0.047470781952142715 7.8040971755981445
v -39.145442962646484 0.03368913382291794 7.6876139640808105
v -38.37666702270508 -0.07146459072828293 7.2967095375061035
v -37.6523551940918 -0.13167327642440796 6.952325820922852
v -36.94198226928711 -0.18200138211250305 6.64564847946167
v -36.2462272644043 -0.24258914589881897 6.334989547729492
v -35.56773376464844 -0.32745811343193054 5.960116386413574
v -34.88756561279297 -0.45232608914375305 5.432336807250977
v -49.21311950683594 1.1140943765640259 5.435513019561768
v -33.65311050415039 0.5576265454292297 4.60831880569458
v -49.160987854003906 1.5339196920394897 5.452582836151123
v -48.53291320800781 1.4665791988372803 6.017137050628662
v -47.715362548828125 1.321629285812378 6.545386791229248
v -46.996036529541016 1.233499526977539 6.801032543182373
v -46.28995132446289 1.1643040180206299 6.894676208496094
v -45.5911750793457 1.0968462228775024 6.9121904373168945
v -44.90473556518555 1.0232794284820557 6.932514667510986
v -44.242408752441406 0.933146595954895 7.000782012939453
v -43.585205078125 0.8461344242095947 7.166684627532959
v -43.01850128173828 0.6893276572227478 7.334211826324463
v -42.231510162353516 0.7815014123916626 7.802006721496582
v -38.25947570800781 0.6740286350250244 7.858315467834473
v -37.565452575683594 0.5942223072052002 7.337796211242676
v -36.86131286621094 0.5450332164764404 6.900060176849365
v -36.16208267211914 0.4914987087249756 6.528922080993652
v -35.476463317871094 0.416800856590271 6.161727428436279
v -34.81155776977539 0.3138253092765808 5.716073989868164
v -34.24123764038086 0.19353938102722168 5.185961723327637
v -49.477054595947266 1.7789796590805054 5.111818313598633
v -33.44837951660156 1.0825246572494507 4.636650562286377
v -33.09556579589844 1.3961896896362305 4.093483924865723
v -48.85161590576172 2.1594974994659424 5.720278263092041
v -48.15784454345703 2.250920295715332 6.234724998474121
v -47.63652420043945 2.0635557174682617 6.499117374420166
v -46.95005798339844 1.956352710723877 6.728944778442383
v -46.246944427490234 1.880675196647644 6.850775718688965
v -45.55173110961914 1.8031830787658691 6.923748016357422
v -44.88955307006836 1.7027359008789062 7.0029191970825195
v -44.23674392700195 1.6070141792297363 7.157046318054199
v -43.67543029785156 1.4418362379074097 7.320584297180176
v -42.880062103271484 1.4993691444396973 7.820688247680664
v -37.46684646606445 1.3094035387039185 7.861090660095215
v -36.78042221069336 1.270098090171814 7.252492904663086
v -36.08199691772461 1.224008321762085 6.754374027252197
v -35.393985748291016 1.1539418697357178 6.334993362426758
v -34.72035598754883 1.0574274063110352 5.896392345428467
v -34.03495407104492 0.932145357131958 5.291489601135254
v -49.524444580078125 2.3468987941741943 5.090512752532959
v -32.953224182128906 1.9227783679962158 3.9503488540649414
v -48.89111328125 2.950404167175293 5.717260837554932
v -48.20008850097656 2.848031520843506 6.191802978515625
v -47.545204162597656 2.7679390907287598 6.5017476081848145
v -46.88887023925781 2.673651933670044 6.683199882507324
v -46.19575500488281 2.600233554840088 6.81020450592041
v -45.4965705871582 2.5222327709198 6.9386305809021
v -44.82013702392578 2.399416923522949 7.113941192626953
v -44.280155181884766 2.1946287155151367 7.280256271362305
v -43.48737716674805 2.239109516143799 7.765737056732178
v -36.722557067871094 1.9926327466964722 7.709356784820557
v -36.01313400268555 1.9662333726882935 7.037563800811768
v -35.31853485107422 1.889678716659546 6.510323524475098
v -34.65245819091797 1.7879796028137207 6.043985366821289
v -34.0203857421875 1.6629972457885742 5.511131763458252
v -33.46645736694336 1.548575758934021 4.844836235046387
v -49.59347915649414 3.0672428607940674 5.1284589767456055
v -32.84465026855469 2.6019275188446045 3.913565158843994
v -49.67329406738281 3.672268867492676 5.199374198913574
v -48.953369140625 3.7649617195129395 5.784554958343506
v -48.20840072631836 3.567256212234497 6.213191032409668
v -47.52023696899414 3.455615997314453 6.4900431632995605
v -46.83811569213867 3.3781797885894775 6.6469011306762695
v -46.14366912841797 3.316873550415039 6.75767707824707
v -45.436824798583984 3.2550313472747803 6.91469144821167
v -44.730072021484375 3.151250123977661 7.188315391540527
v -43.98505401611328 2.939420223236084 7.61290979385376
v -35.98161697387695 2.7674500942230225 7.3606343269348145
v -35.24941635131836 2.640648365020752 6.676531791687012
v -34.581600189208984 2.515713930130005 6.147675514221191
v -33.95717239379883 2.368492841720581 5.599366664886475
v -33.399349212646484 2.1828665733337402 4.898412227630615
v -50.079532623291016 3.9335858821868896 4.934321403503418
v -32.76893615722656 3.3033628463745117 3.8909835815429688
v -49.428428649902344 4.384354591369629 5.599362373352051
v -48.69626998901367 4.486655235290527 6.101930141448975
v -48.16014862060547 4.2904887199401855 6.3136115074157715
v -47.49174880981445 4.1608567237854 6.509591579437256
v -46.80095291137695 4.079155445098877 6.61592960357666
v -46.09769821166992 4.026588439941406 6.685410976409912
v -45.38164520263672 3.9859979152679443 6.823509216308594
v -44.65464401245117 3.929769277572632 7.133768558502197
v -43.96498489379883 3.7973365783691406 7.632541179656982
v -35.7867431640625 3.6472887992858887 7.337179660797119
v -35.1663703918457 3.4184319972991943 6.745143890380859
v -34.51355743408203 3.2521119117736816 6.196260452270508
v -33.88969421386719 3.083042860031128 5.6288228034973145
v -33.322731018066406 2.8741672039031982 4.908729553222656
v -50.20036315917969 4.548977851867676 5.06168794631958
v -32.72454071044922 4.013442039489746 3.8396923542022705
v -50.3448600769043 5.179441928863525 5.221939563751221
v -49.58561706542969 5.26425838470459 5.780003547668457
v -48.79422378540039 5.077494144439697 6.166751861572266
v -48.114070892333984 4.974282741546631 6.4239325523376465
v -47.45377731323242 4.862661361694336 6.55225944519043
v -46.76340866088867 4.7819013595581055 6.598572254180908
v -46.05599594116211 4.731318473815918 6.606846332550049
v -45.334964752197266 4.70244836807251 6.678184509277344
v -44.59232711791992 4.683567523956299 6.935971260070801
v -43.781803131103516 4.665225028991699 7.509844779968262
v -35.77581787109375 4.499255657196045 7.198763370513916
v -35.09661102294922 4.196976184844971 6.664993762969971
v -34.459957122802734 3.991457462310791 6.160427093505859
v -33.83808517456055 3.8045804500579834 5.602725505828857
v -33.26249694824219 3.5839085578918457 4.88398551940918
v -50.79911422729492 5.434201240539551 5.000778675079346
v -32.71452331542969 4.738018989562988 3.758561611175537
v -50.95303726196289 5.930287837982178 5.163576602935791
v -50.160587310791016 5.964465141296387 5.7138214111328125
v -49.34955978393555 5.990344047546387 6.1602020263671875
v -48.78858947753906 5.781552791595459 6.32255744934082
v -48.108299255371094 5.650818347930908 6.500020980834961
v -47.42052459716797 5.5579705238342285 6.59099006652832
v -46.72356414794922 5.485599517822266 6.590452671051025
v -46.01348114013672 5.436028480529785 6.541550636291504
v -45.29282760620117 5.4073805809021 6.5277533531188965
v -44.55936813354492 5.396822452545166 6.660722732543945
v -43.80240249633789 5.407195568084717 7.040561199188232
v -43.023399353027344 5.470160961151123 7.688844680786133
v -36.25965881347656 5.225411415100098 7.315959453582764
v -35.535240173339844 5.183600425720215 6.7211689949035645
v -35.03936767578125 4.9196038246154785 6.447014808654785
v -34.43293762207031 4.709385395050049 6.034914970397949
v -33.817039489746094 4.523404121398926 5.516515254974365
v -33.23208236694336 4.302313804626465 4.8152947425842285
v -51.42913055419922 6.175748348236084 4.959397315979004
v -32.741661071777344 5.473537445068359 3.6693921089172363
v -51.61021041870117 6.686805248260498 5.168856620788574
v -50.80485534667969 6.709868907928467 5.709356784820557
v -49.98663330078125 6.738141059875488 6.1426472663879395
v -49.412757873535156 6.562897682189941 6.297492980957031
v -48.751014709472656 6.454078197479248 6.468170642852783
v -48.08476638793945 6.341717720031738 6.569045543670654
v -47.389652252197266 6.2567138671875 6.612303256988525
v -46.68251037597656 6.192915439605713 6.581079006195068
v -45.96796798706055 6.145350933074951 6.496184349060059
v -45.24782943725586 6.1122002601623535 6.416069030761719
v -44.521156311035156 6.094099044799805 6.4280476570129395
v -43.78390121459961 6.093814849853516 6.624627590179443
v -43.033634185791016 6.1161723136901855 7.0563645362854
v -42.28462219238281 6.151785850524902 7.689079284667969
v -36.869789123535156 5.969923496246338 7.324228286743164
v -36.135555267333984 5.954951763153076 6.750733375549316
v -35.608524322509766 5.742289066314697 6.503665924072266
v -35.012306213378906 5.570143699645996 6.176028728485107
v -34.43674087524414 5.374814033508301 5.849748611450195
v -33.840633392333984 5.218337059020996 5.390422344207764
v -33.242088317871094 5.030620574951172 4.711968421936035
v -52.099185943603516 6.943607807159424 4.9752197265625
v -32.78900146484375 6.085043907165527 3.6106927394866943
v -52.28486633300781 7.45399284362793 5.195796966552734
v -33.10708236694336 6.427058219909668 4.047402381896973
v -51.47969436645508 7.4691643714904785 5.757473945617676
v -50.66234588623047 7.495426654815674 6.181878089904785
v -50.07941818237305 7.318217754364014 6.3091301918029785
v -49.410518646240234 7.216347694396973 6.461155891418457
v -48.7437629699707 7.114894866943359 6.55393648147583
v -48.05534744262695 7.031670570373535 6.607241153717041
v -47.352577209472656 6.962032794952393 6.611076831817627
v -46.638206481933594 6.9068522453308105 6.561677932739258
v -45.91874313354492 6.862119197845459 6.465341091156006
v -45.19778823852539 6.824967861175537 6.354189872741699
v -44.475563049316406 6.795942783355713 6.28463077545166
v -43.74851608276367 6.778903484344482 6.330626487731934
v -43.012237548828125 6.776040554046631 6.5536956787109375
v -42.26492691040039 6.78123140335083 6.965034484863281
v -41.51507568359375 6.76529598236084 7.518413066864014
v -37.53263854980469 6.674792289733887 7.240337371826172
v -36.79581832885742 6.710592746734619 6.719061374664307
v -36.25637435913086 6.518373012542725 6.505936145782471
v -35.6475715637207 6.368832588195801 6.211277484893799
v -35.04206466674805 6.201949119567871 5.924838066101074
v -34.42918014526367 6.017681121826172 5.5955681800842285
v -33.93439483642578 5.786154747009277 5.298679351806641
v -33.31105041503906 5.803779125213623 4.587636470794678
v -52.759586334228516 7.713410377502441 4.941916465759277
v -33.21889114379883 7.003150463104248 3.8609609603881836
v -52.913814544677734 8.206819534301758 5.088947772979736
v -52.13969802856445 8.219472885131836 5.767249584197998
v -51.344181060791016 8.259130477905273 6.26065731048584
v -50.76572036743164 8.082718849182129 6.382081508636475
v -50.09437942504883 7.978122711181641 6.503566265106201
v -49.42184066772461 7.875708103179932 6.567017555236816
v -48.72907638549805 7.79501485824585 6.604291915893555
v -48.02509689331055 7.728015422821045 6.6098713874816895
v -47.3104133605957 7.673401832580566 6.584968090057373
v -46.58881378173828 7.627676010131836 6.528372287750244
v -45.86473083496094 7.586745738983154 6.440123081207275
v -45.14198684692383 7.54763126373291 6.330620765686035
v -44.421852111816406 7.510429382324219 6.229238510131836
v -43.702003479003906 7.478250503540039 6.182149887084961
v -42.97677230834961 7.455475807189941 6.242412567138672
v -42.2397575378418 7.441408157348633 6.441159248352051
v -41.4814453125 7.42417049407959 6.766385555267334
v -40.66791915893555 7.369709491729736 7.166061878204346
v -39.783782958984375 7.467450141906738 7.219996452331543
v -39.005252838134766 7.423861980438232 7.2043986320495605
v -38.1851806640625 7.2719573974609375 7.082767009735107
v -37.47705078125 7.415653705596924 6.644421577453613
v -36.930233001708984 7.2732157707214355 6.471443176269531
v -36.310081481933594 7.1566386222839355 6.215675354003906
v -35.69608688354492 7.0028462409973145 5.969979763031006
v -35.08671188354492 6.836584568023682 5.699763774871826
v -34.45356369018555 6.684961318969727 5.3425211906433105
v -33.74250793457031 6.449423789978027 4.823034763336182
v -53.34006881713867 8.490938186645508 4.66614294052124
v -33.32209777832031 7.589069843292236 3.693537473678589
v -33.677913665771484 7.919673919677734 4.054384708404541
v -52.70864486694336 8.890825271606445 5.565759181976318
v -52.00067901611328 8.999297142028809 6.218905925750732
v -51.442474365234375 8.847539901733398 6.447116851806641
v -50.78040313720703 8.749842643737793 6.60279655456543
v -50.1099853515625 8.645033836364746 6.644384860992432
v -49.41456604003906 8.560206413269043 6.643704891204834
v -48.70624923706055 8.491450309753418 6.621544361114502
v -47.987796783447266 8.437390327453613 6.587620735168457
v -47.26279830932617 8.39334487915039 6.5418195724487305
v -46.534122467041016 8.354941368103027 6.484103679656982
v -45.80556869506836 8.317573547363281 6.412479400634766
v -45.08061599731445 8.277961730957031 6.324671745300293
v -44.360694885253906 8.235889434814453 6.228860855102539
v -43.644596099853516 8.193920135498047 6.147956848144531
v -42.92803955078125 8.156500816345215 6.114557266235352
v -42.204410552978516 8.127211570739746 6.1609086990356445
v -41.46641159057617 8.104391098022461 6.296112537384033
v -40.704410552978516 8.082460403442383 6.486114978790283
v -39.9163703918457 8.078756332397461 6.6184983253479
v -39.135345458984375 8.0674467086792 6.641024589538574
v -38.37664031982422 8.008893966674805 6.57990837097168
v -37.65209197998047 7.966627597808838 6.411220550537109
v -36.99152755737305 7.914130687713623 6.207178592681885
v -36.35869216918945 7.805198669433594 6.009031772613525
v -35.71736526489258 7.669565677642822 5.766294956207275
v -35.082523345947266 7.490382671356201 5.475927829742432
v -34.56681442260742 7.258737087249756 5.218181610107422
v -33.885902404785156 7.285386562347412 4.602356433868408
v -53.425926208496094 9.125518798828125 4.67075777053833
v -33.777713775634766 8.501543998718262 3.8473494052886963
v -52.807735443115234 9.674409866333008 5.560995578765869
v -52.12455749511719 9.579339981079102 6.217698097229004
v -51.45512008666992 9.515536308288574 6.592333793640137
v -50.78926086425781 9.42370891571045 6.739949703216553
v -50.09814453125 9.338774681091309 6.757052898406982
v -49.390560150146484 9.264375686645508 6.70285701751709
v -48.66958999633789 9.205611228942871 6.628207206726074
v -47.940792083740234 9.160303115844727 6.5576395988464355
v -47.207908630371094 9.123064994812012 6.495916843414307
v -46.47410202026367 9.088421821594238 6.438469409942627
v -45.74241256713867 9.05222225189209 6.3806233406066895
v -45.01572036743164 9.011702537536621 6.316859245300293
v -44.295387268066406 8.966419219970703 6.2431254386901855
v -43.58037185668945 8.918834686279297 6.165201663970947
v -42.867671966552734 8.87320327758789 6.099612712860107
v -42.152793884277344 8.833645820617676 6.0679097175598145
v -41.430458068847656 8.801790237426758 6.086918354034424
v -40.696109771728516 8.776100158691406 6.1515703201293945
v -39.94905090332031 8.755245208740234 6.223747253417969
v -39.19803237915039 8.732172966003418 6.258388519287109
v -38.45622634887695 8.69251823425293 6.2374653816223145
v -37.73416519165039 8.637110710144043 6.157829284667969
v -37.04254913330078 8.569231986999512 6.028006076812744
v -36.3817138671875 8.475723266601562 5.858306407928467
v -35.730655670166016 8.356062889099121 5.624526500701904
v -35.064231872558594 8.197078704833984 5.280615329742432
v -34.34318161010742 7.9338507652282715 4.786014080047607
v -53.43810272216797 9.866066932678223 4.6344757080078125
v -33.8784294128418 9.22354507446289 3.6077311038970947
v -52.80442428588867 10.37309741973877 5.432448863983154
v -52.1533317565918 10.263336181640625 6.116943836212158
v -51.46465301513672 10.19005012512207 6.565670967102051
v -50.76927185058594 10.121652603149414 6.78363037109375
v -50.0645866394043 10.051422119140625 6.821900367736816
v -49.346797943115234 9.988324165344238 6.755306720733643
v -48.618492126464844 9.936302185058594 6.648245334625244
v -47.883296966552734 9.895750999450684 6.544970512390137
v -47.14582443237305 9.861517906188965 6.464782238006592
v -46.40974044799805 9.827266693115234 6.403609275817871
v -45.67778778076172 9.78879451751709 6.350949287414551
v -44.951969146728516 9.744466781616211 6.298849582672119
v -44.23259353637695 9.695159912109375 6.240624904632568
v -43.5179328918457 9.643542289733887 6.173965930938721
v -42.805328369140625 9.593592643737793 6.106255531311035
v -42.09228515625 9.54939079284668 6.051601409912109
v -41.37638473510742 9.51263427734375 6.022925853729248
v -40.65524673461914 9.481887817382812 6.023967742919922
v -39.92799758911133 9.454137802124023 6.042445659637451
v -39.197235107421875 9.424521446228027 6.054859638214111
v -38.46909713745117 9.385676383972168 6.041193962097168
v -37.75139617919922 9.331025123596191 5.990130424499512
v -37.05211639404297 9.257366180419922 5.895016670227051
v -36.378902435302734 9.158778190612793 5.745843887329102
v -35.74241256713867 9.031421661376953 5.529376983642578
v -35.10166931152344 8.912012100219727 5.169034004211426
v -34.429195404052734 8.741741180419922 4.603921413421631
v -53.35281753540039 10.567072868347168 4.535487651824951
v -33.9670524597168 9.839594841003418 3.4602744579315186
v -53.171539306640625 11.118471145629883 4.494251251220703
v -34.31930923461914 10.18343734741211 3.8999998569488525
v -52.75556945800781 10.989375114440918 5.192728042602539
v -52.13821029663086 10.932644844055176 5.849639415740967
v -51.442543029785156 10.879670143127441 6.369578838348389
v -50.72969436645508 10.829241752624512 6.685025691986084
v -50.01184844970703 10.776360511779785 6.8033270835876465
v -49.28681564331055 10.724989891052246 6.778009414672852
v -48.55440902709961 10.679315567016602 6.678884983062744
v -47.817020416259766 10.640732765197754 6.561205863952637
v -47.07868957519531 10.606048583984375 6.461379051208496
v -46.343650817871094 10.569035530090332 6.388257026672363
v -45.615089416503906 10.524799346923828 6.3299970626831055
v -44.894927978515625 10.472296714782715 6.272659778594971
v -44.18197250366211 10.415166854858398 6.207612991333008
v -43.47125244140625 10.358470916748047 6.133358001708984
v -42.75808334350586 10.305249214172363 6.0583930015563965
v -42.04132080078125 10.258830070495605 5.997868537902832
v -41.32203674316406 10.221800804138184 5.962970733642578
v -40.601646423339844 10.191431999206543 5.954024314880371
v -39.88140869140625 10.162104606628418 5.960180759429932
v -39.16242980957031 10.129151344299316 5.962907314300537
v -38.44624710083008 10.088444709777832 5.944396018981934
v -37.73613739013672 10.03349494934082 5.892786502838135
v -37.0394287109375 9.95595932006836 5.798727512359619
v -36.36110305786133 9.853099822998047 5.639951229095459
v -35.70890426635742 9.708703994750977 5.390923023223877
v -35.19161605834961 9.49758243560791 5.127971172332764
v -34.52430725097656 9.53936767578125 4.463728904724121
v -52.75233459472656 11.428743362426758 4.85857629776001
v -34.46121597290039 10.765562057495117 3.6527254581451416
v -52.48399353027344 11.824110984802246 4.772456169128418
v -52.151771545410156 11.574427604675293 5.372330665588379
v -51.413726806640625 11.561015129089355 5.9762396812438965
v -50.67987060546875 11.534435272216797 6.409924030303955
v -49.949222564697266 11.501082420349121 6.6517014503479
v -49.21844482421875 11.46345329284668 6.72440242767334
v -48.48419952392578 11.425116539001465 6.6822686195373535
v -47.74720764160156 11.388463020324707 6.584527492523193
v -47.01103973388672 11.351640701293945 6.479117393493652
v -46.2801628112793 11.309150695800781 6.390725135803223
v -45.55862808227539 11.25576400756836 6.315677165985107
v -44.84914016723633 11.190628051757812 6.237211227416992
v -44.15172576904297 11.119036674499512 6.144273281097412
v -43.45705795288086 11.053603172302246 6.033117771148682
v -42.749542236328125 10.999139785766602 5.916896820068359
v -42.02619552612305 10.950052261352539 5.82899808883667
v -41.294551849365234 10.912452697753906 5.788052082061768
v -40.5619010925293 10.887144088745117 5.791479587554932
v -39.836063385009766 10.86061954498291 5.8234758377075195
v -39.12046813964844 10.82637882232666 5.852311134338379
v -38.4155387878418 10.781903266906738 5.850331783294678
v -37.718685150146484 10.726694107055664 5.797023296356201
v -37.02813720703125 10.649602890014648 5.683908462524414
v -36.36440658569336 10.53325080871582 5.51658296585083
v -35.70322799682617 10.408692359924316 5.210110664367676
v -34.97758483886719 10.189390182495117 4.6966657638549805
v -52.02294158935547 12.098552703857422 4.981659889221191
v -34.62302780151367 11.347640991210938 3.362964153289795
v -51.70364761352539 12.511198997497559 4.812464237213135
v -35.010650634765625 11.63261604309082 3.6961100101470947
v -51.395015716552734 12.238519668579102 5.394106388092041
v -50.634788513183594 12.23056411743164 5.943453311920166
v -49.89022445678711 12.21396541595459 6.327998161315918
v -49.152587890625 12.191415786743164 6.537449359893799
v -48.41718673706055 12.162150382995605 6.6006317138671875
v -47.68204116821289 12.128507614135742 6.564223289489746
v -46.949398040771484 12.089778900146484 6.480738639831543
v -46.22442626953125 12.040301322937012 6.387156009674072
v -45.51252365112305 11.974983215332031 6.291259765625
v -44.8183708190918 11.892985343933105 6.181786060333252
v -44.141841888427734 11.802196502685547 6.0455708503723145
v -43.48445510864258 11.711759567260742 5.889378547668457
v -42.80754089355469 11.665607452392578 5.693211555480957
v -42.07665252685547 11.627511978149414 5.517692565917969
v -41.32450866699219 11.572872161865234 5.440594673156738
v -40.564945220947266 11.557629585266113 5.432622909545898
v -39.81516647338867 11.539763450622559 5.497479438781738
v -39.09491729736328 11.498869895935059 5.587568283081055
v -38.39427185058594 11.449572563171387 5.631630897521973
v -37.723331451416016 11.379629135131836 5.61646032333374
v -37.0515251159668 11.320383071899414 5.478492736816406
v -36.36643600463867 11.207515716552734 5.2559614181518555
v -35.81636047363281 10.99140453338623 5.071475505828857
v -35.14264678955078 11.028287887573242 4.419435024261475
v -51.22173309326172 12.790356636047363 4.938670635223389
v -35.21365737915039 12.04983901977539 3.3758721351623535
v -50.88875961303711 13.20863151550293 4.7212419509887695
v -42.141841888427734 12.997456550598145 4.378574371337891
v -41.54462814331055 12.834487915039062 4.229376316070557
v -40.81819152832031 12.727716445922852 4.148739814758301
v -40.10733413696289 12.711246490478516 4.154212474822998
v -36.32062530517578 12.55897331237793 3.941920757293701
v -35.767486572265625 12.319294929504395 3.6853318214416504
v -50.59698486328125 12.923227310180664 5.307311058044434
v -49.8463249206543 12.909546852111816 5.820521354675293
v -49.10421371459961 12.897876739501953 6.171214580535889
v -48.36612319946289 12.878425598144531 6.364692211151123
v -47.6326789855957 12.848108291625977 6.4272613525390625
v -46.90370178222656 12.808588027954102 6.397878646850586
v -46.18370819091797 12.752641677856445 6.319973468780518
v -45.48163986206055 12.673306465148926 6.214950084686279
v -44.80332565307617 12.572640419006348 6.076643466949463
v -44.156227111816406 12.454419136047363 5.903395175933838
v -43.51778030395508 12.350298881530762 5.672646999359131
v -42.962825775146484 12.211111068725586 5.495573997497559
v -42.24167251586914 12.354040145874023 5.061976909637451
v -41.425716400146484 12.210622787475586 4.91728401184082
v -40.660560607910156 12.168536186218262 4.875617504119873
v -39.82357406616211 12.23379135131836 4.862913608551025
v -39.09550094604492 12.134184837341309 5.082767963409424
v -38.39777374267578 12.081665992736816 5.182834625244141
v -37.71540451049805 12.000450134277344 5.2160139083862305
v -37.162601470947266 11.852713584899902 5.221105098724365
v -36.446041107177734 11.943981170654297 4.76204776763916
v -35.64876937866211 11.63302993774414 4.442386627197266
v -50.411563873291016 13.479104042053223 4.810126304626465
v -42.382381439208984 13.409285545349121 4.073354244232178
v -39.54193115234375 12.781610488891602 4.143213272094727
v -36.57720184326172 12.921567916870117 3.466733932495117
v -50.08185577392578 13.883231163024902 4.546270370483398
v -42.828182220458984 13.611397743225098 4.241922378540039
v -39.14883804321289 13.07471752166748 3.6384363174438477
v -38.598960876464844 13.136024475097656 3.5368072986602783
v -37.89292907714844 13.129308700561523 3.5207037925720215
v -37.170257568359375 13.0477876663208 3.5006725788116455
v -49.815635681152344 13.584004402160645 5.154318809509277
v -49.086883544921875 13.571808815002441 5.612484931945801
v -48.34538650512695 13.569599151611328 5.918385982513428
v -47.613895416259766 13.536437034606934 6.100456714630127
v -46.88944625854492 13.496959686279297 6.1498847007751465
v -46.1717529296875 13.4383544921875 6.110621929168701
v -45.47150421142578 13.346322059631348 6.015376567840576
v -44.811370849609375 13.217111587524414 5.880782604217529
v -44.17413330078125 13.085464477539062 5.6609368324279785
v -43.626922607421875 12.903180122375488 5.464507102966309
v -42.88163375854492 12.936165809631348 4.949483394622803
v -39.09291458129883 12.686652183532715 4.373970985412598
v -38.45201873779297 12.65496826171875 4.469701290130615
v -37.74885559082031 12.597563743591309 4.511302471160889
v -36.995426177978516 12.45810604095459 4.4948272705078125
v -49.62568664550781 14.117982864379883 4.60798454284668
v -43.0416374206543 14.045906066894531 3.9140114784240723
v -49.26396942138672 14.495409965515137 4.273612022399902
v -48.68050003051758 14.677734375 4.382733345031738
v -43.47752380371094 14.264155387878418 4.074409008026123
v -49.1265869140625 14.134965896606445 4.948514461517334
v -48.36106491088867 14.264001846313477 5.195779800415039
v -47.630455017089844 14.185098648071289 5.54041051864624
v -46.91981506347656 14.143999099731445 5.671005725860596
v -46.20535659790039 14.090383529663086 5.682572364807129
v -45.497257232666016 13.997106552124023 5.612544536590576
v -44.8160514831543 13.842988967895508 5.490351676940918
v -44.26643371582031 13.621501922607422 5.3898491859436035
v -43.53059387207031 13.604490280151367 4.858593463897705
v -48.11745834350586 14.827221870422363 4.497626304626465
v -43.72218704223633 14.683141708374023 3.661632776260376
v -47.73469924926758 15.141514778137207 4.0084638595581055
v -47.17521667480469 15.216962814331055 3.952214002609253
v -46.46930694580078 15.22897720336914 3.980865716934204
v -45.74788284301758 15.18555736541748 3.981022596359253
v -45.02716827392578 15.078606605529785 3.9142215251922607
v -44.31201934814453 14.895455360412598 3.784036874771118
v -47.65147018432617 14.751328468322754 4.797719478607178
v -47.00336837768555 14.729023933410645 4.934476852416992
v -46.29960250854492 14.694292068481445 4.980096817016602
v -45.58547592163086 14.61801528930664 4.945014476776123
v -44.87112808227539 14.474949836730957 4.836843967437744
v -44.12152862548828 14.226062774658203 4.669652462005615
v -40.82723617553711 0.7227492332458496 8.419238090515137
v -40.104496002197266 0.5972629189491272 8.424331665039062
v -39.40071105957031 0.5683183073997498 8.313577651977539
v -38.81940841674805 0.6667284369468689 8.199345588684082
v -41.43621063232422 0.8939443230628967 8.315509796142578
v -38.42805480957031 1.0321999788284302 8.383686065673828
v -41.63008117675781 1.364147424697876 8.58757209777832
v -38.006587982177734 1.2267026901245117 8.273367881774902
v -40.90153884887695 1.4871433973312378 9.081243515014648
v -40.142147064208984 1.269708275794983 9.103248596191406
v -39.457313537597656 1.154292345046997 8.968391418457031
v -38.851295471191406 1.0971816778182983 8.700681686401367
v -42.09694290161133 1.5667940378189087 8.425456047058105
v -37.68840408325195 1.6086636781692505 8.394402503967285
v -42.259071350097656 2.068777322769165 8.650561332702637
v -37.27289581298828 1.8519210815429688 8.207612037658691
v -41.46803665161133 2.1370348930358887 9.283720016479492
v -40.66129684448242 2.1735334396362305 9.791278839111328
v -40.1057014465332 1.9559637308120728 9.763426780700684
v -39.442012786865234 1.8021602630615234 9.623711585998535
v -38.80097198486328 1.6883046627044678 9.30046558380127
v -38.19986343383789 1.5638506412506104 8.783818244934082
v -42.7203483581543 2.295417070388794 8.41020679473877
v -37.0078125 2.2451539039611816 8.252790451049805
v -42.846923828125 2.7910616397857666 8.545531272888184
v -36.607444763183594 2.567260503768921 7.986086368560791
v -42.08055114746094 2.8554885387420654 9.253780364990234
v -41.29102325439453 2.921889305114746 9.926315307617188
v -40.72065734863281 2.7462220191955566 10.138772964477539
v -40.05757522583008 2.6218223571777344 10.263548851013184
v -39.404075622558594 2.4784762859344482 10.162158012390137
v -38.754085540771484 2.351271390914917 9.85966682434082
v -38.133419036865234 2.2356631755828857 9.356939315795898
v -37.52800750732422 2.1376399993896484 8.718327522277832
v -43.26127624511719 3.0360894203186035 8.238178253173828
v -36.425235748291016 3.1474997997283936 8.002583503723145
v -42.61133575439453 3.497507095336914 8.974112510681152
v -41.92102813720703 3.6463611125946045 9.691632270812988
v -41.375186920166016 3.507930278778076 10.082430839538574
v -40.716957092285156 3.4106407165527344 10.410750389099121
v -40.0518798828125 3.2864720821380615 10.539735794067383
v -39.37703323364258 3.160565137863159 10.486433029174805
v -38.72187042236328 3.031644105911255 10.229290008544922
v -38.09825134277344 2.9110512733459473 9.769501686096191
v -37.50947570800781 2.7996487617492676 9.150894165039062
v -36.98271179199219 2.704002618789673 8.511213302612305
v -43.310482025146484 3.659679412841797 8.268546104431152
v -36.37168502807617 3.87130069732666 7.992223262786865
v -42.67963409423828 4.250080108642578 8.874979972839355
v -42.035614013671875 4.205845832824707 9.560765266418457
v -41.38865280151367 4.163780212402344 10.105305671691895
v -40.733482360839844 4.070695877075195 10.448333740234375
v -40.05250549316406 3.9620916843414307 10.604741096496582
v -39.37261199951172 3.8389806747436523 10.570345878601074
v -38.71388244628906 3.708031177520752 10.34830093383789
v -38.10084533691406 3.5726819038391113 9.951845169067383
v -37.514461517333984 3.4691686630249023 9.372101783752441
v -36.941429138183594 3.349990129470825 8.677518844604492
v -43.26556396484375 4.373881816864014 8.184391975402832
v -36.42627716064453 4.491969108581543 7.893718719482422
v -43.09623336791992 4.942385673522949 8.079136848449707
v -36.81196212768555 4.771600246429443 8.187097549438477
v -42.665985107421875 4.867587566375732 8.626627922058105
v -42.07310104370117 4.84170389175415 9.260671615600586
v -41.41844940185547 4.797280788421631 9.845088958740234
v -40.74519348144531 4.72670316696167 10.247756958007812
v -40.0633659362793 4.624781131744385 10.43803596496582
v -39.38594436645508 4.501687526702881 10.423504829406738
v -38.73919677734375 4.359370231628418 10.233473777770996
v -38.120113372802734 4.223143100738525 9.85508918762207
v -37.617042541503906 4.0415940284729 9.44317626953125
v -37.00055694580078 4.113338947296143 8.692248344421387
v -42.676734924316406 5.288644790649414 8.296886444091797
v -36.958003997802734 5.2488884925842285 8.006000518798828
v -42.42642593383789 5.6664958000183105 8.177284240722656
v -37.39976501464844 5.497722148895264 8.236997604370117
v -42.11237716674805 5.443819999694824 8.738724708557129
v -41.43867492675781 5.415561199188232 9.347795486450195
v -40.76303482055664 5.355503559112549 9.794695854187012
v -40.08073043823242 5.261228084564209 10.030542373657227
v -39.41829299926758 5.12743616104126 10.069087028503418
v -38.77188491821289 4.987011909484863 9.887020111083984
v -38.22577667236328 4.787624835968018 9.642339706420898
v -37.50818634033203 4.781610488891602 8.921915054321289
v -41.99864959716797 5.923356533050537 8.316282272338867
v -37.592201232910156 5.968769073486328 7.966073513031006
v -41.70469284057617 6.279216289520264 8.098889350891113
v -38.047725677490234 6.182622909545898 8.12229061126709
v -41.448219299316406 6.008399963378906 8.672548294067383
v -40.78982925415039 5.942320346832275 9.146027565002441
v -40.1135139465332 5.86468505859375 9.40528678894043
v -39.43515396118164 5.726780414581299 9.486279487609863
v -38.8762092590332 5.513808250427246 9.481651306152344
v -38.12628936767578 5.494513511657715 8.909955978393555
v -41.27824401855469 6.478794097900391 8.148920059204102
v -38.27818298339844 6.614329814910889 7.800166130065918
v -40.919490814208984 6.810859680175781 7.847986698150635
v -40.329315185546875 6.9195075035095215 7.893592357635498
v -39.611366271972656 6.906428337097168 7.948351860046387
v -38.883056640625 6.788185119628906 7.910619258880615
v -40.819732666015625 6.450359344482422 8.445135116577148
v -40.18458938598633 6.423555374145508 8.65383529663086
v -39.48396682739258 6.325585842132568 8.732028007507324
v -38.72391128540039 6.111117839813232 8.672085762023926
vn -0.2369229942560196 -0.7396464347839355 -0.6299132108688354
vn -0.11928629130125046 -0.7691973447799683 -0.6277788281440735
vn 0.026931239292025566 -0.7818138003349304 -0.622930109500885
vn 0.17055575549602509 -0.7682545781135559 -0.6170054078102112
vn -0.23823072016239166 -0.7269682884216309 -0.6440211534500122
vn -0.25168919563293457 -0.7120489478111267 -0.6554684042930603
vn -0.2720555365085602 -0.6957053542137146 -0.6648156642913818
vn -0.2937923073768616 -0.6841306686401367 -0.6675711870193481
vn -0.2589512765407562 -0.6621832251548767 -0.7031767964363098
vn -0.14704056084156036 -0.7047221064567566 -0.6940791606903076
vn 0.006205398589372635 -0.7285046577453613 -0.6850127577781677
vn 0.18465645611286163 -0.7286186814308167 -0.6595580577850342
vn 0.33400610089302063 -0.7019425630569458 -0.6290600895881653
vn 0.44398194551467896 -0.6545282006263733 -0.6119419932365417
vn -0.34711480140686035 -0.6826825141906738 -0.64300537109375
vn -0.24958255887031555 -0.7181900143623352 -0.649547278881073
vn -0.19791260361671448 -0.725823700428009 -0.6587948799133301
vn -0.18945206701755524 -0.7177634835243225 -0.6700175404548645
vn -0.22197696566581726 -0.6971440315246582 -0.681701123714447
vn -0.22566774487495422 -0.6454253196716309 -0.7297261357307434
vn -0.21818114817142487 -0.6447179913520813 -0.7326225638389587
vn -0.2399127334356308 -0.6170290112495422 -0.7494778633117676
vn -0.2728632092475891 -0.5811158418655396 -0.7667137980461121
vn -0.28842824697494507 -0.5375036597251892 -0.7924008369445801
vn -0.1925448626279831 -0.5467222929000854 -0.8148749470710754
vn -0.0327683687210083 -0.5950850248336792 -0.802994430065155
vn 0.16898871958255768 -0.6296693086624146 -0.7582607269287109
vn 0.3535566031932831 -0.6305267810821533 -0.6909658312797546
vn 0.4734342694282532 -0.5996268391609192 -0.645219087600708
vn 0.5375288128852844 -0.5705280900001526 -0.6209352016448975
vn -0.47053033113479614 -0.5817034840583801 -0.6634924411773682
vn -0.3494319021701813 -0.6030944585800171 -0.7170596718788147
vn -0.24640917778015137 -0.6387250423431396 -0.7289121747016907
vn -0.18538939952850342 -0.6382180452346802 -0.7472004294395447
vn -0.16263452172279358 -0.6238380074501038 -0.7644450068473816
vn -0.175699844956398 -0.594676673412323 -0.7845312356948853
vn -0.20676039159297943 -0.5401236414909363 -0.8157920241355896
vn -0.18631160259246826 -0.5033063888549805 -0.8437835574150085
vn -0.19022883474826813 -0.4755660593509674 -0.85886549949646
vn -0.22253814339637756 -0.4294508099555969 -0.8752421736717224
vn -0.25350016355514526 -0.37426382303237915 -0.892000138759613
vn -0.22218304872512817 -0.3442061245441437 -0.9122263193130493
vn -0.09100957959890366 -0.3762160539627075 -0.9220514297485352
vn 0.11825690418481827 -0.444486528635025 -0.8879454135894775
vn 0.34180134534835815 -0.49550312757492065 -0.7985289692878723
vn 0.500464677810669 -0.5059078335762024 -0.7025613188743591
vn 0.5839511156082153 -0.4879699647426605 -0.6487576961517334
vn -0.5923119187355042 -0.4609733819961548 -0.6608102917671204
vn -0.46972429752349854 -0.48312926292419434 -0.7388810515403748
vn -0.3577781617641449 -0.4992832541465759 -0.7891204357147217
vn -0.23515433073043823 -0.49553266167640686 -0.8361517786979675
vn -0.15798285603523254 -0.49238985776901245 -0.8559168577194214
vn -0.12671001255512238 -0.47127094864845276 -0.8728392124176025
vn -0.1269165575504303 -0.4381239712238312 -0.8899099230766296
vn -0.14459362626075745 -0.3882649838924408 -0.9101334810256958
vn -0.14884214103221893 -0.334746778011322 -0.9304786920547485
vn -0.1425206959247589 -0.2972252070903778 -0.9441106915473938
vn -0.16310237348079681 -0.25818488001823425 -0.9522280693054199
vn -0.19815824925899506 -0.2070518136024475 -0.9580516219139099
vn -0.20279964804649353 -0.16436296701431274 -0.9653275012969971
vn -0.1278703808784485 -0.16395168006420135 -0.9781457185745239
vn 0.04980795085430145 -0.2203149050474167 -0.9741563200950623
vn 0.29123497009277344 -0.303871214389801 -0.9071077704429626
vn 0.49351802468299866 -0.3638254702091217 -0.7899816632270813
vn 0.6062032580375671 -0.38513603806495667 -0.6958361864089966
vn 0.6518667936325073 -0.3770511746406555 -0.6579529643058777
vn -0.7071912884712219 -0.30712559819221497 -0.6368314623832703
vn -0.6090747117996216 -0.33563724160194397 -0.7185928225517273
vn -0.4803479313850403 -0.37587958574295044 -0.7924522161483765
vn -0.32768818736076355 -0.36922377347946167 -0.8696517944335938
vn -0.20563960075378418 -0.3474670648574829 -0.9148656129837036
vn -0.12267004698514938 -0.3187522292137146 -0.9398665428161621
vn -0.08550914376974106 -0.2922748625278473 -0.9525038599967957
vn -0.07909385859966278 -0.2612161338329315 -0.9620344638824463
vn -0.08823765069246292 -0.22336792945861816 -0.9707321524620056
vn -0.09786836802959442 -0.18210355937480927 -0.9783967137336731
vn -0.103105828166008 -0.1481746882200241 -0.9835717678070068
vn -0.11834180355072021 -0.12058945745229721 -0.9856233596801758
vn -0.1485884040594101 -0.08722823113203049 -0.985044538974762
vn -0.16730882227420807 -0.05059292912483215 -0.9846055507659912
vn -0.13047169148921967 -0.03339274600148201 -0.9908895492553711
vn 0.0012573119020089507 -0.05899316817522049 -0.9982576370239258
vn 0.2259160280227661 -0.1287100613117218 -0.9656063914299011
vn 0.45739927887916565 -0.20785972476005554 -0.8646272420883179
vn 0.6078611016273499 -0.2598327100276947 -0.7503278255462646
vn 0.6741442680358887 -0.28135955333709717 -0.682910144329071
vn -0.7503950595855713 -0.1387210488319397 -0.6462690830230713
vn -0.6585838198661804 -0.17917121946811676 -0.7308659553527832
vn -0.487206369638443 -0.22433142364025116 -0.8439818620681763
vn -0.30336129665374756 -0.2461540848016739 -0.9205325245857239
vn -0.15736882388591766 -0.2260570228099823 -0.9613184928894043
vn -0.0761868953704834 -0.1881643384695053 -0.9791781306266785
vn -0.04414435848593712 -0.14978471398353577 -0.9877326488494873
vn -0.041229184716939926 -0.11944016814231873 -0.9919849634170532
vn -0.050570905208587646 -0.09478606283664703 -0.9942123293876648
vn -0.06319583207368851 -0.07319433242082596 -0.9953134655952454
vn -0.07682712376117706 -0.05611313506960869 -0.9954642057418823
vn -0.09512945264577866 -0.043387316167354584 -0.9945189356803894
vn -0.11962012201547623 -0.028301002457737923 -0.9924163222312927
vn -0.13716231286525726 -0.006197262089699507 -0.9905291795730591
vn -0.11684683710336685 0.01355971209704876 -0.993057370185852
vn -0.01776166260242462 0.010454337112605572 -0.9997876286506653
vn 0.17824527621269226 -0.02860414795577526 -0.9835702776908875
vn 0.41361281275749207 -0.09111840277910233 -0.9058818817138672
vn 0.5920997858047485 -0.14718161523342133 -0.7923101782798767
vn 0.6819621920585632 -0.18177306652069092 -0.7084392309188843
vn -0.7604948878288269 0.04737858474254608 -0.6476131677627563
vn -0.678654134273529 -0.002960655139759183 -0.7344521284103394
vn -0.5194885730743408 -0.05997201427817345 -0.8523702025413513
vn -0.3038058876991272 -0.11728326231241226 -0.9454874992370605
vn -0.12582054734230042 -0.13793234527111053 -0.9824173450469971
vn -0.02943601831793785 -0.11845310032367706 -0.9925232529640198
vn -0.002038904232904315 -0.08130636066198349 -0.996687114238739
vn -0.011211303062736988 -0.047246966511011124 -0.9988203644752502
vn -0.030695393681526184 -0.026722760871052742 -0.9991714954376221
vn -0.049975793808698654 -0.018016498535871506 -0.998587965965271
vn -0.06923606246709824 -0.015963492915034294 -0.9974725842475891
vn -0.08978326618671417 -0.016435379162430763 -0.9958257079124451
vn -0.1095806360244751 -0.01454024389386177 -0.9938715696334839
vn -0.11922752112150192 -0.0056869336403906345 -0.992850661277771
vn -0.09879183024168015 0.009275148622691631 -0.995064914226532
vn -0.015488200820982456 0.018428945913910866 -0.999710202217102
vn 0.15764114260673523 0.005799378268420696 -0.9874794483184814
vn 0.38429591059684753 -0.0272175595164299 -0.9228087067604065
vn 0.5740444660186768 -0.06363771855831146 -0.8163474798202515
vn 0.6810833215713501 -0.09201744198799133 -0.7264010310173035
vn -0.74070805311203 0.23290258646011353 -0.6301650404930115
vn -0.6808305978775024 0.19366523623466492 -0.7063734531402588
vn -0.5544377565383911 0.1265135556459427 -0.8225528597831726
vn -0.3486841917037964 0.030780650675296783 -0.9367347359657288
vn -0.13642540574073792 -0.050969406962394714 -0.9893382787704468
vn -0.007050531916320324 -0.08098486810922623 -0.9966903924942017
vn 0.03288890793919563 -0.06818684935569763 -0.9971303343772888
vn 0.016564177349209785 -0.03834286332130432 -0.9991273283958435
vn -0.01880258321762085 -0.015480328351259232 -0.9997034072875977
vn -0.05042267218232155 -0.009377684444189072 -0.9986839294433594
vn -0.07523980736732483 -0.014488538727164268 -0.997060239315033
vn -0.09567837417125702 -0.02204708196222782 -0.995168149471283
vn -0.11021091789007187 -0.026107121258974075 -0.9935652613639832
vn -0.11042750626802444 -0.02328937128186226 -0.9936112761497498
vn -0.08040837943553925 -0.011561562307178974 -0.9966949820518494
vn 0.0022499016486108303 0.006471370812505484 -0.9999765157699585
vn 0.1587459295988083 0.014846732839941978 -0.98720782995224
vn 0.3759957551956177 0.005904968362301588 -0.9266026020050049
vn 0.5669966340065002 -0.0029972565826028585 -0.8237146735191345
vn 0.6811575293540955 -0.011178560554981232 -0.7320516109466553
vn -0.7000487446784973 0.3838241994380951 -0.6021716594696045
vn -0.6609768867492676 0.3699544668197632 -0.6528730988502502
vn -0.5837059020996094 0.31836506724357605 -0.7469479441642761
vn -0.4279056489467621 0.21125751733779907 -0.8787872195243835
vn -0.20932860672473907 0.07033434510231018 -0.9753125905990601
vn -0.03207959979772568 -0.034703318029642105 -0.9988826513290405
vn 0.043819814920425415 -0.07244562357664108 -0.9964092969894409
vn 0.03841172531247139 -0.06489705294370651 -0.9971524477005005
vn -0.007310217246413231 -0.04374974966049194 -0.9990158081054688
vn -0.05458184704184532 -0.03292302414774895 -0.9979664087295532
vn -0.08686841279268265 -0.036517396569252014 -0.995550274848938
vn -0.10562153160572052 -0.044983673840761185 -0.9933884739875793
vn -0.11281473189592361 -0.049149289727211 -0.9923997521400452
vn -0.10215398669242859 -0.044398777186870575 -0.9937772750854492
vn -0.05838191136717796 -0.028752727434039116 -0.997880220413208
vn 0.03671104833483696 -0.0001787603978300467 -0.9993259310722351
vn 0.1875210702419281 0.03809557110071182 -0.9815215468406677
vn 0.37844789028167725 0.051799941807985306 -0.924172043800354
vn 0.5727292895317078 0.0539645180106163 -0.8179664015769958
vn 0.6861758232116699 0.07022599875926971 -0.7240380048751831
vn -0.632978618144989 0.4953654706478119 -0.5949379205703735
vn -0.5984255075454712 0.46362024545669556 -0.653408944606781
vn -0.5113115310668945 0.3820033669471741 -0.7698272466659546
vn -0.3376005291938782 0.23119127750396729 -0.9124563336372375
vn -0.12662382423877716 0.054918911308050156 -0.9904293417930603
vn 0.00999295525252819 -0.0605073943734169 -0.9981177449226379
vn 0.04137219488620758 -0.09852472692728043 -0.9942742586135864
vn 0.0037489028181880713 -0.09251544624567032 -0.995704174041748
vn -0.0533904992043972 -0.07644100487232208 -0.995643675327301
vn -0.09496497362852097 -0.06951975077390671 -0.993050217628479
vn -0.11319563537836075 -0.07088283449411392 -0.9910410642623901
vn -0.11146000772714615 -0.07050663232803345 -0.9912645816802979
vn -0.08654091507196426 -0.059684909880161285 -0.9944588541984558
vn -0.025642864406108856 -0.0334598571062088 -0.9991110563278198
vn 0.08513932675123215 0.006062046624720097 -0.9963506460189819
vn 0.25230100750923157 0.059925828129053116 -0.9657914638519287
vn 0.42230698466300964 0.13081346452236176 -0.8969641327857971
vn 0.5584263205528259 0.13722237944602966 -0.8181259632110596
vn 0.6906735897064209 0.16078217327594757 -0.7050666809082031
vn -0.6062850952148438 0.545804500579834 -0.5783734321594238
vn -0.5740677714347839 0.4901443123817444 -0.6558999419212341
vn -0.4742356538772583 0.37671568989753723 -0.7957297563552856
vn -0.2867344617843628 0.18779967725276947 -0.9394224882125854
vn -0.09084632992744446 -0.004580243490636349 -0.9958544373512268
vn 0.007933491840958595 -0.11294819414615631 -0.9935691952705383
vn 0.006451863329857588 -0.14068067073822021 -0.9900340437889099
vn -0.0430312380194664 -0.12786833941936493 -0.9908572435379028
vn -0.09042825549840927 -0.10740304738283157 -0.9900946021080017
vn -0.11114121973514557 -0.09367550164461136 -0.9893798828125
vn -0.10200445353984833 -0.08259333670139313 -0.9913492798805237
vn -0.06076068803668022 -0.06360916793346405 -0.9961234927177429
vn 0.0231015682220459 -0.02694154717028141 -0.9993700385093689
vn 0.1511269211769104 0.033687349408864975 -0.9879401922225952
vn 0.3160516321659088 0.09017767757177353 -0.9444465637207031
vn 0.5039315819740295 0.1495307981967926 -0.8507017493247986
vn 0.6289268136024475 0.22720204293727875 -0.7435255646705627
vn -0.6221098303794861 0.5356177091598511 -0.5710455179214478
vn -0.5797699093818665 0.45637407898902893 -0.674973726272583
vn -0.4585995674133301 0.31146368384361267 -0.8322720527648926
vn -0.2568121552467346 0.09892752766609192 -0.9613848924636841
vn -0.08036267757415771 -0.08173371106386185 -0.9934090375900269
vn -0.013162979856133461 -0.16380621492862701 -0.9864047169685364
vn -0.02881496399641037 -0.17083339393138885 -0.9848785400390625
vn -0.0697866678237915 -0.14444918930530548 -0.9870482683181763
vn -0.09315506368875504 -0.11389459669589996 -0.989115834236145
vn -0.07957547158002853 -0.0868099257349968 -0.9930416941642761
vn -0.023178260773420334 -0.05455990508198738 -0.9982414841651917
vn 0.08160772919654846 -0.010473102331161499 -0.9966095089912415
vn 0.23995859920978546 0.05471404641866684 -0.9692400693893433
vn 0.3991856276988983 0.15239064395427704 -0.904117226600647
vn 0.526465654373169 0.19257032871246338 -0.8281005620956421
vn 0.6744434833526611 0.24357254803180695 -0.6969923973083496
vn -0.6593272089958191 0.4733809232711792 -0.5841217041015625
vn -0.5894203782081604 0.37742167711257935 -0.7142384052276611
vn -0.4358444809913635 0.2111748307943344 -0.8748970031738281
vn -0.22300370037555695 0.005502733867615461 -0.9748020768165588
vn -0.07149446755647659 -0.13529567420482635 -0.9882224798202515
vn -0.02527700550854206 -0.18137098848819733 -0.9830898642539978
vn -0.039022110402584076 -0.16625751554965973 -0.9853099584579468
vn -0.057566601783037186 -0.1264098435640335 -0.9903063178062439
vn -0.04071947932243347 -0.08334431797266006 -0.9956885576248169
vn 0.030500125139951706 -0.03576928749680519 -0.9988945126533508
vn 0.15162284672260284 0.027901068329811096 -0.9880445599555969
vn 0.3133050799369812 0.08614251762628555 -0.9457375407218933
vn 0.5012297630310059 0.15294727683067322 -0.8516899943351746
vn 0.6275481581687927 0.2527744472026825 -0.7364023327827454
vn -0.6765612959861755 0.3862152397632599 -0.6269789338111877
vn -0.5686477422714233 0.2871372401714325 -0.7708384990692139
vn -0.37905439734458923 0.12447690218687057 -0.9169641733169556
vn -0.17131307721138 -0.04164404049515724 -0.9843361377716064
vn -0.04898325353860855 -0.1328083872795105 -0.9899306297302246
vn -0.012776339426636696 -0.14678508043289185 -0.9890859127044678
vn -0.009691295213997364 -0.11336462944746017 -0.9935061931610107
vn 0.014636936597526073 -0.06014122813940048 -0.9980825781822205
vn 0.09571022540330887 -0.002095151459798217 -0.9954070448875427
vn 0.24080130457878113 0.06821135431528091 -0.9681745767593384
vn 0.3950100243091583 0.16233783960342407 -0.9042198061943054
vn 0.5260907411575317 0.19588129222393036 -0.827562153339386
vn 0.6796671748161316 0.2418128401041031 -0.6925165057182312
vn -0.7042684555053711 0.3732486069202423 -0.6038968563079834
vn -0.6342810392379761 0.33327239751815796 -0.6975794434547424
vn -0.4932236969470978 0.24418127536773682 -0.8349286913871765
vn -0.2863677144050598 0.1099134013056755 -0.9517943859100342
vn -0.10438111424446106 -0.004826029762625694 -0.994525671005249
vn -0.00638169189915061 -0.05429732799530029 -0.9985044002532959
vn 0.037977296859025955 -0.044475119560956955 -0.9982883930206299
vn 0.08105918020009995 0.0032523940317332745 -0.9967039823532104
vn 0.1708097606897354 0.0702543780207634 -0.9827961921691895
vn 0.3120100200176239 0.1319950670003891 -0.9408650994300842
vn 0.4891303777694702 0.19582359492778778 -0.8499438762664795
vn 0.6159837245941162 0.27483445405960083 -0.7382615208625793
vn -0.7027828097343445 0.407229483127594 -0.5833185315132141
vn -0.6492528915405273 0.3972684144973755 -0.6485742330551147
vn -0.5468552112579346 0.3638349175453186 -0.7540381550788879
vn -0.37540575861930847 0.2923464775085449 -0.879547655582428
vn -0.17562495172023773 0.19911044836044312 -0.9641114473342896
vn -0.02449655719101429 0.13071957230567932 -0.9911167025566101
vn 0.06805890798568726 0.10829369723796844 -0.9917864799499512
vn 0.1483089178800583 0.13193200528621674 -0.9801012277603149
vn 0.2447892427444458 0.1827709674835205 -0.9521937966346741
vn 0.38101276755332947 0.25037384033203125 -0.8900237083435059
vn 0.5008567571640015 0.27636998891830444 -0.8202207684516907
vn 0.6431631445884705 0.31577789783477783 -0.6975854635238647
vn -0.6383147835731506 0.4782346785068512 -0.6031963229179382
vn -0.5532810091972351 0.48011016845703125 -0.6807160377502441
vn -0.4160985052585602 0.4639236330986023 -0.7820721864700317
vn -0.23279044032096863 0.42244040966033936 -0.8759866952896118
vn -0.05634939298033714 0.36981233954429626 -0.9273961186408997
vn 0.07542204856872559 0.334449827671051 -0.9393906593322754
vn 0.186318039894104 0.316779762506485 -0.9300194382667542
vn 0.3141935467720032 0.33723798394203186 -0.887441873550415
vn 0.41618648171424866 0.35281968116760254 -0.8380376696586609
vn 0.5561956167221069 0.397433340549469 -0.7298583388328552
vn -0.5286737680435181 0.5854841470718384 -0.6145831942558289
vn -0.4135330617427826 0.5966030955314636 -0.687790036201477
vn -0.2594830393791199 0.5988948941230774 -0.757623553276062
vn -0.08848031610250473 0.5777620077133179 -0.8113952875137329
vn 0.06797634810209274 0.5466864705085754 -0.8345736861228943
vn 0.19836841523647308 0.5215864181518555 -0.8298177719116211
vn 0.32521894574165344 0.47375455498695374 -0.8184065222740173
vn 0.46491310000419617 0.4891126751899719 -0.7379868626594543
vn -0.38481852412223816 0.6984540820121765 -0.6033875942230225
vn -0.26413992047309875 0.7163107991218567 -0.645855188369751
vn -0.1191568523645401 0.7159342765808105 -0.6879242658615112
vn 0.03840993344783783 0.694935142993927 -0.7180458307266235
vn 0.1920180320739746 0.6598734259605408 -0.7264269590377808
vn 0.33996856212615967 0.6093745827674866 -0.7162988185882568
vn -0.28823402523994446 -0.7346142530441284 -0.6142174005508423
vn -0.16899020969867706 -0.7822980880737305 -0.5995432138442993
vn -0.08181852847337723 -0.8055490851402283 -0.5868530869483948
vn -0.02570241317152977 -0.8201041221618652 -0.5716367959976196
vn 0.01992940343916416 -0.8325952291488647 -0.5535233020782471
vn -0.4881696403026581 -0.5984204411506653 -0.6352821588516235
vn -0.42745277285575867 -0.5953949093818665 -0.6802859902381897
vn -0.3176009953022003 -0.5724121332168579 -0.7559589743614197
vn -0.2037307471036911 -0.6309433579444885 -0.7486015558242798
vn -0.11884088069200516 -0.6645021438598633 -0.7377762198448181
vn -0.05393111705780029 -0.6938556432723999 -0.7180917859077454
vn 0.003671404905617237 -0.7232162952423096 -0.6906118392944336
vn 0.06899430602788925 -0.770458996295929 -0.633745014667511
vn 0.08001497387886047 -0.7978003621101379 -0.5975886583328247
vn 0.06928078085184097 -0.818116307258606 -0.5708641409873962
vn 0.052875325083732605 -0.8277611136436462 -0.5585837364196777
vn 0.06564812362194061 -0.8304075002670288 -0.5532755255699158
vn -0.5010864734649658 -0.5738317370414734 -0.6477881073951721
vn -0.4392116069793701 -0.5058290958404541 -0.7424486875534058
vn -0.3952358067035675 -0.49891215562820435 -0.7712815999984741
vn -0.3418794870376587 -0.46519339084625244 -0.8165252804756165
vn -0.2372896522283554 -0.4768812358379364 -0.8463320136070251
vn -0.15972889959812164 -0.518964409828186 -0.8397396206855774
vn -0.10382561385631561 -0.5641301870346069 -0.8191321492195129
vn -0.0516430027782917 -0.614811360836029 -0.7869815826416016
vn -0.0006475040572695434 -0.6667356491088867 -0.7452939748764038
vn 0.03270796313881874 -0.7041636109352112 -0.7092840075492859
vn 0.05403929203748703 -0.7242885828018188 -0.6873760223388672
vn 0.066007599234581 -0.7301868796348572 -0.6800515651702881
vn 0.09138359129428864 -0.7289658188819885 -0.6784231066703796
vn 0.15532401204109192 -0.7469536066055298 -0.6464787125587463
vn 0.22736191749572754 -0.7549302577972412 -0.615131676197052
vn -0.45151862502098083 -0.6267714500427246 -0.6350499987602234
vn -0.40281128883361816 -0.552830159664154 -0.7294668555259705
vn -0.397233247756958 -0.5016141533851624 -0.768497884273529
vn -0.35577550530433655 -0.4585428833961487 -0.8143477439880371
vn -0.3131093680858612 -0.43670400977134705 -0.8433576226234436
vn -0.25799670815467834 -0.4287751317024231 -0.8657884001731873
vn -0.2010090947151184 -0.4497722089290619 -0.8702300786972046
vn -0.16690875589847565 -0.4929630160331726 -0.8538904786109924
vn -0.12813131511211395 -0.5546743869781494 -0.8221427798271179
vn -0.07342417538166046 -0.6166277527809143 -0.7838234305381775
vn -0.01568124257028103 -0.6610441207885742 -0.7501831650733948
vn 0.037840504199266434 -0.6810244917869568 -0.7312822341918945
vn 0.07953978329896927 -0.6771470308303833 -0.7315362691879272
vn 0.11301261931657791 -0.6598402857780457 -0.7428586483001709
vn 0.15376245975494385 -0.6484804749488831 -0.7455402612686157
vn 0.20847299695014954 -0.648754358291626 -0.7318857908248901
vn 0.3037276268005371 -0.6834157705307007 -0.6638466715812683
vn 0.38472166657447815 -0.712132453918457 -0.5872450470924377
vn -0.43049708008766174 -0.7257682085037231 -0.5365936756134033
vn -0.4043314754962921 -0.7287766933441162 -0.552630603313446
vn -0.4052511155605316 -0.6833153367042542 -0.6073315739631653
vn -0.3416840732097626 -0.647611677646637 -0.6810661554336548
vn -0.3384299874305725 -0.6040078401565552 -0.7215536832809448
vn -0.32602837681770325 -0.548606812953949 -0.7698935270309448
vn -0.31912386417388916 -0.505160391330719 -0.8018559217453003
vn -0.2960323989391327 -0.4855417013168335 -0.8225655555725098
vn -0.2613953649997711 -0.4851304888725281 -0.8344584107398987
vn -0.22930338978767395 -0.49675890803337097 -0.8370487689971924
vn -0.2125844657421112 -0.5182188153266907 -0.8284064531326294
vn -0.2103869915008545 -0.5629355907440186 -0.7992752194404602
vn -0.15132415294647217 -0.6311033964157104 -0.7607952952384949
vn -0.07298526912927628 -0.6797460317611694 -0.7298071980476379
vn 0.015267507173120975 -0.703858494758606 -0.7101761102676392
vn 0.10063332319259644 -0.6956505179405212 -0.7112969160079956
vn 0.1543334275484085 -0.6575223803520203 -0.7374588251113892
vn 0.18837876617908478 -0.6117745637893677 -0.7682742476463318
vn 0.21906040608882904 -0.5766130685806274 -0.787102222442627
vn 0.26756080985069275 -0.5703584551811218 -0.7765967845916748
vn 0.34277379512786865 -0.5847657918930054 -0.7352245450019836
vn 0.47238045930862427 -0.6249366998672485 -0.6215391159057617
vn -0.2555564343929291 -0.7302600145339966 -0.6335702538490295
vn -0.1878066062927246 -0.7539485096931458 -0.6295159459114075
vn -0.07505615800619125 -0.7817299365997314 -0.6190839409828186
vn 0.053804442286491394 -0.7924529314041138 -0.6075552701950073
vn -0.533868134021759 -0.6214495897293091 -0.5733979344367981
vn -0.4540446996688843 -0.6612012982368469 -0.5972070693969727
vn -0.38908928632736206 -0.6957348585128784 -0.6037901043891907
vn -0.34482261538505554 -0.6993153095245361 -0.6261433362960815
vn -0.3053487241268158 -0.6870588064193726 -0.6593272089958191
vn -0.27334755659103394 -0.667066216468811 -0.6930395364761353
vn -0.26454102993011475 -0.6370070576667786 -0.7240443229675293
vn -0.27091869711875916 -0.5994459390640259 -0.7531718015670776
vn -0.2874012291431427 -0.5790045857429504 -0.7629903554916382
vn -0.26544392108917236 -0.5889937877655029 -0.7632994055747986
vn -0.24952895939350128 -0.5973690748214722 -0.7621584534645081
vn -0.24164512753486633 -0.6121076345443726 -0.7529488205909729
vn -0.246563121676445 -0.6152342557907104 -0.748794674873352
vn -0.23135370016098022 -0.6790985465049744 -0.6966352462768555
vn -0.13522352278232574 -0.7255458831787109 -0.6747575998306274
vn -0.021967481821775436 -0.7554662227630615 -0.6548193097114563
vn 0.1180361956357956 -0.7613042593002319 -0.6375604271888733
vn 0.2130117267370224 -0.7071404457092285 -0.6742243766784668
vn 0.2597137987613678 -0.6383934617042542 -0.7245705723762512
vn 0.2758999764919281 -0.5637170672416687 -0.778525710105896
vn 0.2897539436817169 -0.5088455080986023 -0.8106287121772766
vn 0.33409690856933594 -0.4879859685897827 -0.8063802123069763
vn 0.4298693537712097 -0.5002989172935486 -0.7516071796417236
vn 0.5780245065689087 -0.5351458787918091 -0.6160410046577454
vn -0.27763113379478455 -0.725918173789978 -0.6292566061019897
vn 0.17788544297218323 -0.7874911427497864 -0.5900970101356506
vn -0.24521595239639282 -0.737765371799469 -0.6289446353912354
vn -0.2567594051361084 -0.728334367275238 -0.6352981925010681
vn -0.2669716775417328 -0.7227148413658142 -0.6375024318695068
vn -0.28036734461784363 -0.7197243571281433 -0.6351307034492493
vn 0.2725248634815216 -0.7554004788398743 -0.5959029793739319
vn 0.3657151460647583 -0.7196490168571472 -0.5902183651924133
vn -0.6624832153320312 -0.48477649688720703 -0.571058452129364
vn -0.5760897397994995 -0.5512454509735107 -0.6035306453704834
vn -0.5008165836334229 -0.6039449572563171 -0.6200269460678101
vn -0.42182672023773193 -0.6519293785095215 -0.630119264125824
vn -0.35604366660118103 -0.6879692673683167 -0.6324011087417603
vn -0.2967498004436493 -0.7096173763275146 -0.6390482783317566
vn -0.24916410446166992 -0.7188896536827087 -0.6489337086677551
vn -0.22622430324554443 -0.71388840675354 -0.6627110242843628
vn -0.22962535917758942 -0.6974243521690369 -0.6788751482963562
vn -0.25903764367103577 -0.6669950485229492 -0.6985822319984436
vn -0.26439931988716125 -0.6848115921020508 -0.6790626645088196
vn -0.2592739164829254 -0.6838514804840088 -0.6820001602172852
vn -0.2641292214393616 -0.6880163550376892 -0.6759210228919983
vn -0.26521003246307373 -0.6991366147994995 -0.6639816761016846
vn 0.26807358860969543 -0.7611680030822754 -0.5905588865280151
vn 0.3579638600349426 -0.689433217048645 -0.6297171711921692
vn 0.369405597448349 -0.5911902785301208 -0.7169613242149353
vn 0.35667723417282104 -0.5045774579048157 -0.786246120929718
vn 0.3586416244506836 -0.44502973556518555 -0.8205636739730835
vn 0.415530800819397 -0.4314412772655487 -0.8007450103759766
vn 0.5444701910018921 -0.4705299437046051 -0.6943729519844055
vn -0.22831518948078156 -0.7472630739212036 -0.6240754127502441
vn 0.445365309715271 -0.6791369915008545 -0.5834575295448303
vn -0.37751060724258423 -0.6997483968734741 -0.6064964532852173
vn -0.29502975940704346 -0.7337777018547058 -0.6119866967201233
vn -0.23051026463508606 -0.7561161518096924 -0.6124976277351379
vn -0.20165638625621796 -0.7614772319793701 -0.6160253882408142
vn -0.20802347362041473 -0.7546665668487549 -0.6222577691078186
vn 0.5047451257705688 -0.6233518719673157 -0.5972142219543457
vn -0.784899890422821 -0.3356493413448334 -0.5208374857902527
vn -0.702507734298706 -0.41684937477111816 -0.5768184065818787
vn -0.6248423457145691 -0.48796597123146057 -0.6094762086868286
vn -0.5484089851379395 -0.5502883791923523 -0.6296271085739136
vn -0.47752946615219116 -0.6080651879310608 -0.6342099905014038
vn -0.4037673771381378 -0.6576681733131409 -0.6359595060348511
vn -0.3469679057598114 -0.702934741973877 -0.6208832263946533
vn -0.2643008828163147 -0.7409772872924805 -0.6173310875892639
vn -0.2187480479478836 -0.7541844844818115 -0.6191567182540894
vn -0.21050560474395752 -0.7520405054092407 -0.6245978474617004
vn -0.2311614453792572 -0.7378106117248535 -0.6341924071311951
vn 0.4832228422164917 -0.6132694482803345 -0.6248170137405396
vn 0.44985854625701904 -0.5174016952514648 -0.7279580235481262
vn 0.41374674439430237 -0.4391559660434723 -0.7974683046340942
vn 0.41574445366859436 -0.39855456352233887 -0.8175027966499329
vn 0.4890466034412384 -0.4083612263202667 -0.7707623243331909
vn 0.6256468892097473 -0.441247820854187 -0.6433244347572327
vn -0.4367784559726715 -0.6507819890975952 -0.6210534572601318
vn 0.558454155921936 -0.5728237628936768 -0.6000015735626221
vn -0.5184804797172546 -0.6014684438705444 -0.6077941656112671
vn -0.8278512358665466 -0.2740614116191864 -0.4894411563873291
vn -0.7528619170188904 -0.3451939523220062 -0.5603927373886108
vn -0.6754534840583801 -0.4244548976421356 -0.6029930114746094
vn -0.6021384000778198 -0.5010389089584351 -0.6216022968292236
vn -0.5312182903289795 -0.5637255907058716 -0.6324717998504639
vn -0.46571457386016846 -0.6363561749458313 -0.6149477362632751
vn 0.5549835562705994 -0.5055305361747742 -0.6606301069259644
vn 0.487941175699234 -0.43090224266052246 -0.7591025233268738
vn 0.4419105648994446 -0.38132956624031067 -0.8119746446609497
vn 0.4653283953666687 -0.37671059370040894 -0.8009735345840454
vn 0.5769290924072266 -0.42879700660705566 -0.6951876878738403
vn -0.564927875995636 -0.5416421294212341 -0.6224791407585144
vn 0.5985092520713806 -0.5071885585784912 -0.6201180815696716
vn -0.6380537748336792 -0.48490670323371887 -0.5981244444847107
vn 0.634814441204071 -0.4413590729236603 -0.6342024803161621
vn -0.8370190858840942 -0.26228079199790955 -0.48021644353866577
vn -0.7841757535934448 -0.30153945088386536 -0.5423489212989807
vn -0.7218227386474609 -0.37116190791130066 -0.5841324925422668
vn -0.6542955040931702 -0.4454035758972168 -0.6111571788787842
vn -0.5913346409797668 -0.5334475636482239 -0.604778528213501
vn 0.6296470761299133 -0.43552684783935547 -0.6433203220367432
vn 0.5603513717651367 -0.39419567584991455 -0.7284340858459473
vn 0.483776330947876 -0.3507814109325409 -0.8018184900283813
vn 0.4566400945186615 -0.33552706241607666 -0.8239547610282898
vn 0.5173055529594421 -0.36053743958473206 -0.7761492729187012
vn 0.6451778411865234 -0.4032045602798462 -0.6489773988723755
vn -0.6810941696166992 -0.40826502442359924 -0.6078078746795654
vn 0.6635554432868958 -0.3784054219722748 -0.6453707814216614
vn -0.7435738444328308 -0.3311115801334381 -0.5809157490730286
vn -0.822699248790741 -0.27888911962509155 -0.4953654408454895
vn -0.7966940402984619 -0.27579692006111145 -0.5377868413925171
vn -0.7554382085800171 -0.3228759169578552 -0.5701441168785095
vn -0.7023290991783142 -0.4085783064365387 -0.5829217433929443
vn 0.6326684355735779 -0.3236798346042633 -0.7035353183746338
vn 0.5345864295959473 -0.2918764054775238 -0.793111264705658
vn 0.4702175259590149 -0.27311235666275024 -0.8392288684844971
vn 0.4976753890514374 -0.2860402464866638 -0.818840742111206
vn 0.6205058693885803 -0.32770368456840515 -0.7124484181404114
vn -0.7744361162185669 -0.22670049965381622 -0.5906400084495544
vn 0.6836766600608826 -0.2930995523929596 -0.6683403849601746
vn -0.8251609206199646 -0.27087143063545227 -0.4957197904586792
vn -0.8074179887771606 -0.2302044928073883 -0.5432145595550537
vn -0.7982347011566162 -0.24320630729198456 -0.5510644316673279
vn -0.7732833623886108 -0.28981661796569824 -0.5639495849609375
vn 0.6669943928718567 -0.2104918360710144 -0.7147108912467957
vn 0.5804747343063354 -0.19544574618339539 -0.7904745936393738
vn 0.4954422116279602 -0.1777331382036209 -0.8502634763717651
vn 0.49264025688171387 -0.179770365357399 -0.8514623641967773
vn 0.5927295684814453 -0.18785563111305237 -0.7831870317459106
vn 0.741754412651062 -0.16956967115402222 -0.6488809585571289
vn -0.795654833316803 -0.07945182174444199 -0.6005170941352844
vn 0.7027223706245422 -0.20069846510887146 -0.682569682598114
vn -0.8038339018821716 -0.20327714085578918 -0.5590433478355408
vn -0.8020492792129517 -0.1596667617559433 -0.5755201578140259
vn -0.8019419312477112 -0.15078535676002502 -0.5780596733093262
vn -0.7987262606620789 -0.18128511309623718 -0.5737351775169373
vn 0.6931646466255188 -0.1089402437210083 -0.7124990224838257
vn 0.6214550137519836 -0.08768975734710693 -0.7785269021987915
vn 0.5316068530082703 -0.05334453284740448 -0.8453097343444824
vn 0.4994167387485504 -0.04267537221312523 -0.8653102517127991
vn 0.5939991474151611 -0.04843856766819954 -0.8030060529708862
vn 0.7433696985244751 -0.040485311299562454 -0.6676543951034546
vn -0.7919161915779114 0.10005825757980347 -0.6023762822151184
vn 0.7154620289802551 -0.10807697474956512 -0.6902415752410889
vn -0.8344932198524475 -0.06751974672079086 -0.5468658208847046
vn -0.7800648212432861 -0.02957320027053356 -0.624999463558197
vn -0.7742658257484436 -0.03437646105885506 -0.6319261789321899
vn -0.7915953993797302 -0.012816328555345535 -0.6109111905097961
vn -0.8051863312721252 -0.031030384823679924 -0.59220951795578
vn 0.716081976890564 -0.007161303423345089 -0.6979795098304749
vn 0.6597643494606018 0.02245248667895794 -0.7511370778083801
vn 0.5797402858734131 0.07152429223060608 -0.8116559982299805
vn 0.5298589468002319 0.12324605882167816 -0.8390827775001526
vn 0.5719629526138306 0.10779381543397903 -0.8131659626960754
vn 0.7194001078605652 0.10687410086393356 -0.6863245368003845
vn -0.7615127563476562 0.2739999294281006 -0.5873860716819763
vn 0.7258361577987671 -0.015959005802869797 -0.6876824498176575
vn -0.8256513476371765 0.09601332992315292 -0.5559507608413696
vn -0.7619374394416809 0.12477559596300125 -0.635517418384552
vn -0.7302383780479431 0.145983025431633 -0.6674136519432068
vn -0.7489383220672607 0.1584988236427307 -0.6434046626091003
vn -0.7842440605163574 0.15169504284858704 -0.6016227006912231
vn 0.7352747917175293 0.09603464603424072 -0.6709310412406921
vn 0.6930214762687683 0.1315416693687439 -0.7088145017623901
vn 0.6235843896865845 0.18514446914196014 -0.759515643119812
vn 0.5814118981361389 0.24429893493652344 -0.7760659456253052
vn 0.6048722863197327 0.2868986129760742 -0.7428449988365173
vn -0.7187851667404175 0.4131301939487457 -0.5591701865196228
vn 0.7364393472671509 0.07777167111635208 -0.6720183491706848
vn -0.6709542274475098 0.48066702485084534 -0.564605712890625
vn -0.7937983870506287 0.24692149460315704 -0.555800199508667
vn -0.7142946124076843 0.28024351596832275 -0.6412853598594666
vn -0.6782589554786682 0.30748987197875977 -0.6673940420150757
vn -0.6842191815376282 0.3247784674167633 -0.6529648303985596
vn -0.7246509790420532 0.34624969959259033 -0.5958121418952942
vn 0.7490941286087036 0.1984270215034485 -0.6320481300354004
vn 0.7158729434013367 0.23274670541286469 -0.6582970023155212
vn 0.6617304682731628 0.28440093994140625 -0.6937066316604614
vn 0.6095362305641174 0.32866376638412476 -0.7214192748069763
vn 0.6188284754753113 0.3969823718070984 -0.6778320670127869
vn -0.6379274129867554 0.5408006310462952 -0.5482547879219055
vn 0.7473649382591248 0.166746586561203 -0.6431494355201721
vn -0.6148683428764343 0.55741286277771 -0.5578779578208923
vn 0.7515235543251038 0.2405731976032257 -0.6142775416374207
vn -0.6691184043884277 0.4245992600917816 -0.6099147796630859
vn -0.6275519728660583 0.43123456835746765 -0.6482401490211487
vn -0.6252137422561646 0.43716463446617126 -0.6465252041816711
vn -0.6458048224449158 0.45408520102500916 -0.6137937307357788
vn -0.6676198244094849 0.4982057213783264 -0.5532404184341431
vn 0.7601651549339294 0.2887634038925171 -0.5820349454879761
vn 0.7306027412414551 0.31965935230255127 -0.6033552289009094
vn 0.685031533241272 0.35202154517173767 -0.6378186345100403
vn 0.6318766474723816 0.43814003467559814 -0.639347493648529
vn -0.608431339263916 0.5691050887107849 -0.5531100034713745
vn 0.7186248898506165 0.2703190743923187 -0.6407073140144348
vn -0.6124229431152344 0.5647391676902771 -0.5531797409057617
vn -0.6009128093719482 0.519529402256012 -0.6074479222297668
vn -0.595088005065918 0.5010495185852051 -0.6283468008041382
vn -0.6039830446243286 0.49924805760383606 -0.621253490447998
vn -0.6179736852645874 0.5189761519432068 -0.5905694365501404
vn -0.6210368871688843 0.5535998344421387 -0.5548336505889893
vn 0.7596206665039062 0.32967227697372437 -0.5606181025505066
vn 0.7574790120124817 0.3635750710964203 -0.5422533750534058
vn 0.7360352277755737 0.3769438564777374 -0.5622859001159668
vn 0.6886088848114014 0.4385892450809479 -0.57745760679245
vn -0.6277816295623779 0.5404435396194458 -0.560188353061676
vn 0.731635570526123 0.29902657866477966 -0.6126112937927246
vn -0.6515739560127258 0.5190427899360657 -0.5532142519950867
vn 0.7542347311973572 0.30204683542251587 -0.5830075144767761
vn -0.6022472977638245 0.5325978398323059 -0.5946744680404663
vn -0.600692629814148 0.5046695470809937 -0.6200621128082275
vn -0.6047014594078064 0.5047219395637512 -0.6161103248596191
vn -0.6122655272483826 0.5224857926368713 -0.5934134721755981
vn -0.6162667870521545 0.5421128869056702 -0.5712520480155945
vn 0.7768946290016174 0.3396652042865753 -0.5301530361175537
vn 0.7640981674194336 0.37335941195487976 -0.5260768532752991
vn 0.7377243041992188 0.4151136875152588 -0.5323941111564636
vn -0.6781677007675171 0.47064855694770813 -0.5644275546073914
vn 0.7276228666305542 0.30161547660827637 -0.6161112189292908
vn -0.7010430693626404 0.43446773290634155 -0.5654877424240112
vn -0.6328121423721313 0.4863167107105255 -0.6025320291519165
vn -0.6197339296340942 0.4671460688114166 -0.630638062953949
vn -0.6212013363838196 0.47148993611335754 -0.625944197177887
vn -0.6327660083770752 0.48416954278945923 -0.6043070554733276
vn -0.649276614189148 0.489095002412796 -0.5824310779571533
vn 0.7805153727531433 0.3269904851913452 -0.5327972769737244
vn 0.7903454899787903 0.34121885895729065 -0.5088455677032471
vn 0.7760389447212219 0.36736050248146057 -0.5126498341560364
vn -0.7180356979370117 0.39155131578445435 -0.5754235982894897
vn 0.7483029365539551 0.29009854793548584 -0.5965614914894104
vn 0.7665938138961792 0.2838671803474426 -0.5759803652763367
vn -0.6719433665275574 0.44584789872169495 -0.591364324092865
vn -0.6475587487220764 0.42790138721466064 -0.6305299997329712
vn -0.6384211778640747 0.42006394267082214 -0.6449532508850098
vn -0.6491554379463196 0.424573689699173 -0.631137490272522
vn -0.671659529209137 0.4296567440032959 -0.6035466194152832
vn -0.6947426199913025 0.4272443652153015 -0.5786146521568298
vn 0.797094464302063 0.3034754693508148 -0.5220566987991333
vn 0.7988492250442505 0.31841278076171875 -0.5103461742401123
vn -0.7260134220123291 0.3890519440174103 -0.5670477151870728
vn 0.7247703671455383 0.3046501576900482 -0.617977499961853
vn -0.6759278178215027 0.41385266184806824 -0.6097930669784546
vn -0.6524552702903748 0.3974153995513916 -0.6452620625495911
vn -0.6553682684898376 0.39488109946250916 -0.6438643932342529
vn -0.6807265877723694 0.39701253175735474 -0.6156235933303833
vn -0.709542453289032 0.3960866332054138 -0.582807719707489
vn 0.7783051133155823 0.3258382976055145 -0.5367220640182495
vn 0.8002415895462036 0.3103330433368683 -0.5131343603134155
vn 0.799739420413971 0.29767245054244995 -0.5213521718978882
vn -0.7195594906806946 0.430573433637619 -0.544830858707428
vn 0.7258030772209167 0.32995107769966125 -0.6036076545715332
vn -0.6955333948135376 0.4620480537414551 -0.5502225756645203
vn 0.7247166037559509 0.36693552136421204 -0.5832188129425049
vn -0.6840621829032898 0.43025246262550354 -0.5890176296234131
vn -0.6522949934005737 0.41717052459716797 -0.6328348517417908
vn -0.6448444724082947 0.41362467408180237 -0.6427210569381714
vn -0.664263129234314 0.41760972142219543 -0.6199650168418884
vn -0.7026451826095581 0.42053917050361633 -0.5739656090736389
vn 0.7634621262550354 0.3662464916706085 -0.5319671630859375
vn 0.7873712778091431 0.3359481990337372 -0.5168997049331665
vn 0.7841746807098389 0.31410783529281616 -0.5351694226264954
vn -0.6634557843208313 0.5329585075378418 -0.5251491665840149
vn 0.6689856052398682 0.4045025408267975 -0.6235671043395996
vn -0.6114374399185181 0.5693476796150208 -0.5495339035987854
vn 0.6479669809341431 0.4610704481601715 -0.6062613725662231
vn -0.640436053276062 0.47974997758865356 -0.5997346639633179
vn -0.6196494102478027 0.4730702042579651 -0.6262901425361633
vn -0.6257533431053162 0.4763854146003723 -0.6176485419273376
vn -0.6518635749816895 0.4883056879043579 -0.5801994800567627
vn -0.6822293400764465 0.5080437064170837 -0.5257896184921265
vn 0.7165566682815552 0.4389994740486145 -0.54205721616745
vn 0.7502930164337158 0.40552815794944763 -0.522118091583252
vn 0.7665898203849792 0.361796110868454 -0.5305126309394836
vn -0.559830367565155 0.650915265083313 -0.5127370357513428
vn 0.5834095478057861 0.4925509989261627 -0.6457761526107788
vn -0.47872233390808105 0.69195556640625 -0.5403910875320435
vn 0.5560702681541443 0.5511663556098938 -0.622094452381134
vn -0.5875662565231323 0.5534026622772217 -0.590348482131958
vn -0.5790186524391174 0.5520237684249878 -0.6000059843063354
vn -0.5892306566238403 0.5631222724914551 -0.579396665096283
vn -0.6057512164115906 0.5859562754631042 -0.5382571220397949
vn -0.6094636917114258 0.620756208896637 -0.4931690990924835
vn 0.6428211331367493 0.5229185223579407 -0.5597652792930603
vn 0.6967654824256897 0.482651025056839 -0.5306277871131897
vn 0.7267463207244873 0.448382705450058 -0.5203774571418762
vn 0.7273902893066406 0.42573803663253784 -0.5381918549537659
vn -0.3910042345523834 0.7661140561103821 -0.5100832581520081
vn 0.47148358821868896 0.5928691029548645 -0.652847170829773
vn -0.27856555581092834 0.7888910174369812 -0.5477702617645264
vn -0.15589801967144012 0.7961819767951965 -0.584628164768219
vn -0.011187325231730938 0.7862886786460876 -0.6177579760551453
vn 0.1428150087594986 0.7569174766540527 -0.6377145051956177
vn 0.2859855592250824 0.7135498523712158 -0.6395771503448486
vn 0.4088725447654724 0.6666296124458313 -0.6232401728630066
vn -0.5368901491165161 0.6274001598358154 -0.564019501209259
vn -0.5291517376899719 0.6315275430679321 -0.5667198300361633
vn -0.5309769511222839 0.651505172252655 -0.5418528318405151
vn -0.5230527520179749 0.6831145286560059 -0.5096767544746399
vn -0.4896341562271118 0.7290830016136169 -0.4782220423221588
vn 0.5372260808944702 0.6148449182510376 -0.5773680806159973
vn 0.6212774515151978 0.5611690282821655 -0.546903669834137
vn 0.670281708240509 0.521015465259552 -0.5284556150436401
vn 0.6959962844848633 0.48305854201316833 -0.5312660336494446
vn -0.4902757704257965 0.6849387884140015 -0.538969874382019
vn -0.47021937370300293 0.7020694613456726 -0.534782350063324
vn -0.45120882987976074 0.7253588438034058 -0.5198703408241272
vn -0.41292721033096313 0.7610030770301819 -0.5003653168678284
vn -0.333920419216156 0.8036677837371826 -0.49255993962287903
vn -0.2015993595123291 0.8316681981086731 -0.5173835158348083
vn -0.0668567568063736 0.8346637487411499 -0.5466869473457336
vn 0.08067664504051208 0.8167505264282227 -0.571323037147522
vn 0.2338305413722992 0.7764901518821716 -0.5851379632949829
vn 0.38795438408851624 0.7124713659286499 -0.5847015976905823
vn 0.49874910712242126 0.6589296460151672 -0.5630818009376526
vn 0.5828245878219604 0.6040180921554565 -0.5435785055160522
vn 0.6372678875923157 0.5514417886734009 -0.5383322834968567
vn -0.4035114645957947 0.7525336146354675 -0.5204532742500305
vn -0.35385453701019287 0.7830507159233093 -0.5114865899085999
vn -0.29781007766723633 0.8130021691322327 -0.5003365278244019
vn -0.2149178832769394 0.8396908640861511 -0.49872803688049316
vn -0.10736264288425446 0.8546552658081055 -0.5079740881919861
vn 0.019943388178944588 0.8504163026809692 -0.5257322192192078
vn 0.160369873046875 0.8242462277412415 -0.5430465936660767
vn 0.29943954944610596 0.7766540050506592 -0.5542061924934387
vn 0.42317280173301697 0.7189494967460632 -0.5513949394226074
vn 0.5276801586151123 0.649718701839447 -0.5471922159194946
vn -0.2532818913459778 0.8265438079833984 -0.5026664733886719
vn -0.19467228651046753 0.8479077219963074 -0.49310770630836487
vn -0.11870991438627243 0.8637345433235168 -0.48976588249206543
vn -0.020647576078772545 0.8683624267578125 -0.4955001771450043
vn 0.09904642403125763 0.8561998605728149 -0.5070617198944092
vn 0.23032505810260773 0.8231913447380066 -0.5189473628997803
vn 0.36765235662460327 0.7608544826507568 -0.5347263216972351
vn -0.41179171204566956 -0.8846451044082642 -0.21870210766792297
vn -0.27004897594451904 -0.9384834170341492 -0.21522633731365204
vn -0.17866314947605133 -0.9586066007614136 -0.2217044085264206
vn -0.0908384844660759 -0.9713547229766846 -0.21958677470684052
vn -0.01129921805113554 -0.9754027128219604 -0.22014056146144867
vn 0.060456663370132446 -0.9735849499702454 -0.2201758772134781
vn 0.1247953325510025 -0.9706971645355225 -0.20536118745803833
vn 0.1971575766801834 -0.9643847942352295 -0.17632614076137543
vn 0.27887773513793945 -0.9526119232177734 -0.12148156762123108
vn -0.31496164202690125 -0.8321720361709595 -0.4563867449760437
vn -0.20847277343273163 -0.8663591146469116 -0.4538293182849884
vn -0.11462653428316116 -0.8882787823677063 -0.44477131962776184
vn -0.03847355768084526 -0.9006410837173462 -0.43285730481147766
vn 0.005848516710102558 -0.9083481431007385 -0.4181739389896393
vn -0.5625896453857422 -0.7838737368583679 -0.26274487376213074
vn -0.4995329678058624 -0.8100451231002808 -0.30707278847694397
vn -0.3691864609718323 -0.8813676834106445 -0.2947750985622406
vn -0.26418358087539673 -0.9069299101829529 -0.3281543254852295
vn -0.15509863197803497 -0.933639407157898 -0.3228960335254669
vn -0.059214647859334946 -0.9461681842803955 -0.3182128369808197
vn 0.016598083078861237 -0.9506350755691528 -0.3098669946193695
vn 0.07381400465965271 -0.9516260027885437 -0.29826074838638306
vn 0.14072757959365845 -0.9543190598487854 -0.26357343792915344
vn 0.20023149251937866 -0.9531399011611938 -0.22678542137145996
vn 0.21230335533618927 -0.9648647308349609 -0.1548008918762207
vn 0.10876753181219101 -0.9852116107940674 -0.13239236176013947
vn 0.08025684207677841 -0.9872763752937317 -0.13727442920207977
vn 0.16394434869289398 -0.9760735630989075 -0.14283783733844757
vn 0.3007042109966278 -0.948574960231781 -0.09890654683113098
vn -0.42690742015838623 -0.7249467372894287 -0.5405573844909668
vn 0.0508442260324955 -0.9095529913902283 -0.4124660789966583
vn -0.554072916507721 -0.676279604434967 -0.4854370355606079
vn -0.5057259202003479 -0.6907978057861328 -0.5167587995529175
vn 0.10629528760910034 -0.8615145683288574 -0.4964815676212311
vn 0.13156446814537048 -0.8677220344543457 -0.47932168841362
vn 0.11615890264511108 -0.8884851932525635 -0.4439607560634613
vn 0.08268427848815918 -0.9063885807991028 -0.414274126291275
vn 0.05204256623983383 -0.9157440662384033 -0.39837712049484253
vn -0.6621321439743042 -0.7014968395233154 -0.26359668374061584
vn -0.6104567646980286 -0.725131630897522 -0.31863245368003845
vn -0.5490419864654541 -0.7451406121253967 -0.37857431173324585
vn -0.4421382546424866 -0.804016649723053 -0.39758142828941345
vn 0.12820793688297272 -0.9226117134094238 -0.3637998700141907
vn 0.15420027077198029 -0.9285244941711426 -0.3377344608306885
vn 0.14981888234615326 -0.943406879901886 -0.29586783051490784
vn 0.1044665277004242 -0.9590084552764893 -0.26341888308525085
vn 0.09491437673568726 -0.9613491296768188 -0.25845521688461304
vn 0.18068350851535797 -0.9526606798171997 -0.24452219903469086
vn 0.30019262433052063 -0.9278404712677002 -0.22135144472122192
vn 0.35935330390930176 -0.9189911484718323 -0.16223596036434174
vn 0.4718829095363617 -0.8692187070846558 -0.14759895205497742
vn -0.5720488429069519 -0.627869725227356 -0.527768611907959
vn 0.08647192269563675 -0.9133456945419312 -0.39789724349975586
vn -0.5914344787597656 -0.6358515024185181 -0.49588119983673096
vn 0.15878282487392426 -0.8518727421760559 -0.49910008907318115
vn 0.2201848328113556 -0.8485369682312012 -0.48114827275276184
vn -0.718960165977478 -0.6820093989372253 -0.13401296734809875
vn -0.7115520238876343 -0.6618784070014954 -0.23581929504871368
vn -0.668513834476471 -0.6759081482887268 -0.31022152304649353
vn -0.6174749732017517 -0.6837879419326782 -0.3887913227081299
vn 0.19144028425216675 -0.917668342590332 -0.3481888473033905
vn 0.28525128960609436 -0.901116669178009 -0.32652780413627625
vn 0.39348241686820984 -0.8789263963699341 -0.2695551812648773
vn 0.4900580942630768 -0.8403461575508118 -0.23164930939674377
vn 0.6095788478851318 -0.7762943506240845 -0.1605640947818756
vn -0.5563611388206482 -0.6423760652542114 -0.5270819664001465
vn 0.2800278961658478 -0.8463015556335449 -0.4531644284725189
vn -0.5412888526916504 -0.6782370209693909 -0.4969918727874756
vn 0.3395008146762848 -0.7814260125160217 -0.5235576033592224
vn 0.39618954062461853 -0.7890626192092896 -0.46948274970054626
vn -0.45219647884368896 -0.8890556693077087 -0.07140301167964935
vn -0.4147217869758606 -0.9050493240356445 -0.09429522603750229
vn -0.5728514790534973 -0.8090991973876953 -0.13114745914936066
vn -0.6128892302513123 -0.751884400844574 -0.24297448992729187
vn -0.6421855092048645 -0.7187156677246094 -0.2665437161922455
vn -0.625521183013916 -0.6806375980377197 -0.38138654828071594
vn 0.3854163587093353 -0.8462519645690918 -0.36784762144088745
vn 0.4769505262374878 -0.8221951723098755 -0.31066596508026123
vn 0.5893702507019043 -0.7734513282775879 -0.23327185213565826
vn 0.678345263004303 -0.7214210033416748 -0.13928194344043732
vn -0.49724557995796204 -0.6928942799568176 -0.5221535563468933
vn 0.45867154002189636 -0.790263295173645 -0.4063303470611572
vn -0.42781347036361694 -0.8015220761299133 -0.41777750849723816
vn -0.4340108036994934 -0.7908583283424377 -0.43148329854011536
vn -0.47485142946243286 -0.7408400177955627 -0.4750496745109558
vn 0.49811676144599915 -0.7331420183181763 -0.4630146920681
vn -0.6288606524467468 -0.7706315517425537 -0.10325354337692261
vn -0.5039061307907104 -0.8354434370994568 -0.21934649348258972
vn -0.4059728980064392 -0.8867678642272949 -0.22097241878509521
vn -0.42369669675827026 -0.8611170053482056 -0.2809959650039673
vn -0.5220910906791687 -0.7925844788551331 -0.31500911712646484
vn -0.570172131061554 -0.7268485426902771 -0.3828772008419037
vn 0.5727307796478271 -0.7610347270965576 -0.3046402037143707
vn 0.651316225528717 -0.7250069379806519 -0.2239467352628708
vn 0.6729748249053955 -0.728080153465271 -0.13040030002593994
vn -0.4859856367111206 -0.7249007821083069 -0.4881975054740906
vn 0.5754281878471375 -0.7028167843818665 -0.4182474613189697
vn -0.5622000694274902 -0.6769016981124878 -0.47511595487594604
vn 0.607249915599823 -0.6358499526977539 -0.47638484835624695
vn -0.7663732171058655 -0.6346783638000488 -0.09927532076835632
vn -0.686908483505249 -0.6827476024627686 -0.24902302026748657
vn -0.592830240726471 -0.7500421404838562 -0.293239027261734
vn -0.49190494418144226 -0.7898011803627014 -0.36639276146888733
vn 0.6660609245300293 -0.6782553791999817 -0.31037479639053345
vn 0.7062158584594727 -0.6674428582191467 -0.2361762821674347
vn 0.7511076331138611 -0.6362327933311462 -0.1761964112520218
vn -0.6234877109527588 -0.5817071795463562 -0.5223789811134338
vn 0.6881866455078125 -0.5860822200775146 -0.4276760220527649
vn -0.7115676999092102 -0.5115846991539001 -0.48161450028419495
vn -0.8931649327278137 -0.44068244099617004 -0.08975227177143097
vn -0.8339939117431641 -0.4952402114868164 -0.24329262971878052
vn -0.7552185654640198 -0.5807291865348816 -0.3039713203907013
vn -0.6587111949920654 -0.6325969099998474 -0.4073336720466614
vn 0.744028627872467 -0.5852215886116028 -0.3223927319049835
vn 0.7875388860702515 -0.5688391327857971 -0.2370750904083252
vn 0.8283048868179321 -0.5389996767044067 -0.15293948352336884
vn -0.767119288444519 -0.4060520529747009 -0.4966384172439575
vn 0.6840218901634216 -0.5366823077201843 -0.49405092000961304
vn -0.8534826636314392 -0.30190491676330566 -0.4247596263885498
vn 0.6700555682182312 -0.5061668753623962 -0.5429739356040955
vn -0.9689544439315796 -0.20402851700782776 -0.13964113593101501
vn -0.9092785716056824 -0.32513031363487244 -0.2598129212856293
vn -0.8152480721473694 -0.42875832319259644 -0.3892773985862732
vn 0.7553725838661194 -0.5323494076728821 -0.38212084770202637
vn 0.8079050779342651 -0.5203816294670105 -0.27657249569892883
vn 0.8509126901626587 -0.4903700351715088 -0.18837416172027588
vn -0.8830503225326538 -0.23265507817268372 -0.4075459837913513
vn 0.7411144971847534 -0.47456932067871094 -0.474903404712677
vn -0.9824967980384827 -0.1283937245607376 -0.13496342301368713
vn -0.9274454116821289 -0.21924011409282684 -0.3029501140117645
vn 0.7936734557151794 -0.5069258213043213 -0.33631631731987
vn 0.8207414150238037 -0.5333796739578247 -0.20466986298561096
vn -0.893207311630249 -0.2264271378517151 -0.38847336173057556
vn 0.713254988193512 -0.48526614904403687 -0.5057510733604431
vn 0.6864271759986877 -0.4839003384113312 -0.5428242683410645
vn -0.9826938509941101 -0.15007980167865753 -0.10857679694890976
vn -0.9470914006233215 -0.17446757853031158 -0.26940488815307617
vn 0.7708658576011658 -0.5061809420585632 -0.3867127001285553
vn 0.8097959160804749 -0.5179088711738586 -0.27568280696868896
vn 0.8134257197380066 -0.5538749694824219 -0.17765448987483978
vn -0.8756968975067139 -0.27727267146110535 -0.39531606435775757
vn 0.7547685503959656 -0.4473761320114136 -0.4797697365283966
vn -0.9422829747200012 -0.3179912567138672 -0.10480635613203049
vn -0.9378443360328674 -0.23004399240016937 -0.2598612308502197
vn 0.8227478861808777 -0.4456482231616974 -0.35282227396965027
vn 0.8531495928764343 -0.4515668749809265 -0.2611955404281616
vn 0.8855887651443481 -0.4242911636829376 -0.18896962702274323
vn -0.8509646058082581 -0.31795427203178406 -0.418048232793808
vn 0.7519121766090393 -0.41140425205230713 -0.5151451826095581
vn -0.8583654165267944 -0.3361613154411316 -0.38756224513053894
vn 0.7615706920623779 -0.33396267890930176 -0.5554088950157166
vn -0.8951592445373535 -0.43967515230178833 -0.07331997156143188
vn -0.9064739942550659 -0.37787771224975586 -0.1884499341249466
vn -0.888580858707428 -0.3550136089324951 -0.2904985249042511
vn 0.8507949709892273 -0.355253130197525 -0.3872249722480774
vn 0.8971850872039795 -0.32368743419647217 -0.30047526955604553
vn 0.9296363592147827 -0.2914885878562927 -0.22541216015815735
vn -0.8404363989830017 -0.3299517333507538 -0.4298820197582245
vn 0.8603211045265198 -0.20451612770557404 -0.4669269025325775
vn -0.922317624092102 -0.37908363342285156 -0.07500603795051575
vn -0.8792018890380859 -0.43072906136512756 -0.20365813374519348
vn -0.884046196937561 -0.3793759346008301 -0.27301332354545593
vn 0.9271177649497986 -0.1742698848247528 -0.331787109375
vn 0.9559841156005859 -0.1696726232767105 -0.2393859624862671
vn -0.8422156572341919 -0.25432294607162476 -0.4753868281841278
vn 0.8731391429901123 -0.07098745554685593 -0.4822746217250824
vn -0.896457314491272 -0.1553058922290802 -0.41502344608306885
vn -0.979020357131958 -0.16039755940437317 -0.1256653219461441
vn -0.9337901473045349 -0.2842124104499817 -0.21739204227924347
vn -0.8855574727058411 -0.31826576590538025 -0.3383709490299225
vn 0.9386963844299316 -0.02635289914906025 -0.3437362611293793
vn 0.9676948189735413 -0.07518384605646133 -0.2406536489725113
vn -0.90817791223526 -0.011749797500669956 -0.4184195399284363
vn 0.8663133382797241 0.033727485686540604 -0.4983609616756439
vn 0.8434555530548096 0.1605100929737091 -0.5126590132713318
vn -0.9891825318336487 -0.022045545279979706 -0.1450241357088089
vn -0.9529405236244202 -0.11276835948228836 -0.2814030647277832
vn 0.9272957444190979 0.10542545467615128 -0.35917696356773376
vn 0.9695369601249695 0.022856920957565308 -0.24387647211551666
vn -0.9016062021255493 0.13022474944591522 -0.41248974204063416
vn 0.7280615568161011 0.30263015627861023 -0.6150946021080017
vn -0.9831998944282532 0.09981085360050201 -0.15282608568668365
vn -0.9584983587265015 0.056069210171699524 -0.2795303463935852
vn 0.828788697719574 0.3218111991882324 -0.45776286721229553
vn 0.9154139757156372 0.22237730026245117 -0.3355080187320709
vn 0.9634743332862854 0.1101604774594307 -0.24409402906894684
vn -0.8680194020271301 0.2904195785522461 -0.40273910760879517
vn 0.6936211585998535 0.41208451986312866 -0.5908265709877014
vn -0.7700329422950745 0.39976707100868225 -0.49722787737846375
vn 0.6760314106941223 0.47463667392730713 -0.5636503100395203
vn -0.971926212310791 0.17268992960453033 -0.15980517864227295
vn -0.9307241439819336 0.22830860316753387 -0.2857058346271515
vn 0.765287458896637 0.4470589756965637 -0.4631126821041107
vn 0.8528941869735718 0.36759766936302185 -0.3707336485385895
vn 0.93483567237854 0.23256665468215942 -0.26831889152526855
vn -0.711895227432251 0.5064055919647217 -0.48657843470573425
vn 0.6324201226234436 0.5005943775177002 -0.591143012046814
vn -0.6415077447891235 0.5349997878074646 -0.5497663617134094
vn 0.6353294849395752 0.5231476426124573 -0.5680431127548218
vn -0.9566668272018433 0.23578041791915894 -0.17086873948574066
vn -0.8953450322151184 0.3352433741092682 -0.293205201625824
vn -0.8171452879905701 0.4399736523628235 -0.3724203109741211
vn 0.6897660493850708 0.5198853611946106 -0.5039265751838684
vn 0.766225278377533 0.473187655210495 -0.43473243713378906
vn 0.852933943271637 0.37375617027282715 -0.36443108320236206
vn -0.6230501532554626 0.5688255429267883 -0.5368854403495789
vn 0.6493708491325378 0.5018882155418396 -0.5713368058204651
vn -0.6016621589660645 0.5647318959236145 -0.5648722052574158
vn 0.6673088073730469 0.49208196997642517 -0.5590655207633972
vn -0.9204896092414856 0.35348817706108093 -0.1665685623884201
vn -0.854706883430481 0.43622887134552 -0.28139039874076843
vn -0.7851027846336365 0.49287915229797363 -0.37507838010787964
vn -0.6972936987876892 0.5555893182754517 -0.45288190245628357
vn 0.6720997095108032 0.5158066153526306 -0.5312489867210388
vn 0.7078019380569458 0.5119972229003906 -0.48669835925102234
vn 0.7699752449989319 0.4651474952697754 -0.43677908182144165
vn -0.6154751777648926 0.5524067878723145 -0.5621716976165771
vn 0.6971100568771362 0.4606839716434479 -0.5493704676628113
vn -0.6289386749267578 0.5256175994873047 -0.5728546380996704
vn 0.7174528241157532 0.4245564937591553 -0.5522800087928772
vn -0.8379945158958435 0.508590042591095 -0.1977405697107315
vn -0.7786638736724854 0.527485728263855 -0.3397665023803711
vn -0.7081885933876038 0.556480348110199 -0.4345095753669739
vn -0.6420242190361023 0.5700401067733765 -0.5126981139183044
vn 0.7016078233718872 0.44840309023857117 -0.5537880063056946
vn 0.7089861631393433 0.46766725182533264 -0.5278504490852356
vn 0.7394435405731201 0.461477130651474 -0.4901655316352844
vn -0.660591721534729 0.4911990463733673 -0.5677517652511597
vn 0.7448173761367798 0.39530089497566223 -0.5375725626945496
vn 0.7626959681510925 0.34471848607063293 -0.5472330451011658
vn -0.805209219455719 0.5151945352554321 -0.2936200499534607
vn -0.7294438481330872 0.5520772337913513 -0.4038841426372528
vn -0.6794312000274658 0.5530338883399963 -0.4822103977203369
vn -0.6442840695381165 0.5365000367164612 -0.5450373888015747
vn 0.737618625164032 0.35132354497909546 -0.5766199231147766
vn 0.7423210740089417 0.3508372902870178 -0.570852518081665
vn 0.74690181016922 0.39034202694892883 -0.5383037328720093
vn -0.6894198656082153 0.4610820412635803 -0.5586623549461365
vn 0.787377655506134 0.31366536021232605 -0.5307075381278992
vn -0.6942835450172424 0.44045019149780273 -0.5691871643066406
vn -0.7538034319877625 0.5472465753555298 -0.3637329339981079
vn -0.7117897868156433 0.5400468111038208 -0.449115514755249
vn -0.6874472498893738 0.5069072842597961 -0.5200589299201965
vn 0.7657408118247986 0.27124977111816406 -0.5831505656242371
vn 0.7550718188285828 0.24578791856765747 -0.6078279614448547
vn 0.7610082626342773 0.254021018743515 -0.5969420075416565
vn 0.7810806035995483 0.26975521445274353 -0.5631566047668457
vn -0.7093613147735596 0.4400871992111206 -0.5505722761154175
vn 0.7893267869949341 0.27661895751953125 -0.5481287240982056
vn -0.7433303594589233 0.5352465510368347 -0.401212215423584
vn -0.7210413813591003 0.5062265992164612 -0.47311100363731384
vn -0.7081217169761658 0.470630407333374 -0.5263750553131104
vn 0.7588334679603577 0.2307698130607605 -0.6090295910835266
vn 0.7540258169174194 0.18904843926429749 -0.6290515661239624
vn 0.7656989097595215 0.16510017216205597 -0.6216487288475037
vn 0.7996330261230469 0.16275785863399506 -0.5780112743377686
vn -0.7145962119102478 0.46778616309165955 -0.5201234221458435
vn 0.7731116414070129 0.2733646631240845 -0.5723375678062439
vn -0.6862903237342834 0.4853210747241974 -0.5417279601097107
vn 0.7522544264793396 0.2971309721469879 -0.5880701541900635
vn -0.7684495449066162 0.5149067640304565 -0.37994250655174255
vn -0.7345563173294067 0.5143138766288757 -0.44261518120765686
vn -0.7223828434944153 0.49107202887535095 -0.48683804273605347
vn 0.7245240807533264 0.25288069248199463 -0.6411834359169006
vn 0.7314339876174927 0.1816054880619049 -0.6572851538658142
vn 0.7552595734596252 0.13459961116313934 -0.6414560675621033
vn 0.8015729784965515 0.10720169544219971 -0.5882079005241394
vn -0.664653480052948 0.5382018685340881 -0.5182417631149292
vn 0.7552723288536072 0.32446369528770447 -0.5694620609283447
vn -0.6285675764083862 0.5554894804954529 -0.5443658828735352
vn -0.7386751174926758 0.5325296521186829 -0.41324475407600403
vn -0.7121853828430176 0.5340449213981628 -0.4556182622909546
vn -0.6974164247512817 0.5357835292816162 -0.47596901655197144
vn 0.7081139087677002 0.32123705744743347 -0.6287936568260193
vn 0.681290864944458 0.2892757058143616 -0.672430157661438
vn 0.7015865445137024 0.23399336636066437 -0.6730701327323914
vn 0.7311006784439087 0.17578770220279694 -0.6592348217964172
vn 0.7829368710517883 0.1342983990907669 -0.6074322462081909
vn -0.602660059928894 0.6106973886489868 -0.5136628746986389
vn 0.7242262363433838 0.37755972146987915 -0.5770138502120972
vn -0.5670064687728882 0.6286762356758118 -0.5322311520576477
vn 0.6942296624183655 0.4283043146133423 -0.5784468054771423
vn -0.7261121869087219 0.560908317565918 -0.3976719379425049
vn -0.6911216974258423 0.5721748471260071 -0.4415505528450012
vn -0.6661111116409302 0.5875194072723389 -0.4594745934009552
vn -0.6428486108779907 0.6034356951713562 -0.471816748380661
vn 0.6612017154693604 0.4106817841529846 -0.627815842628479
vn 0.647829532623291 0.3655717074871063 -0.6683369278907776
vn 0.6710219979286194 0.317498117685318 -0.670018196105957
vn 0.7157819867134094 0.26696962118148804 -0.6452777981758118
vn -0.5440242886543274 0.6731259226799011 -0.5009381771087646
vn 0.695768415927887 0.4489467144012451 -0.5606720447540283
vn -0.5137290358543396 0.6873658299446106 -0.5134303569793701
vn 0.6769698858261108 0.47983109951019287 -0.5580984950065613
vn -0.6659975647926331 0.6206321120262146 -0.4138393998146057
vn -0.6352189183235168 0.6298760175704956 -0.4469376504421234
vn -0.6089361906051636 0.6468641757965088 -0.45908981561660767
vn -0.5814425349235535 0.6648706197738647 -0.4689047336578369
vn 0.6551278233528137 0.4662105143070221 -0.5945210456848145
vn 0.6236892342567444 0.4694584310054779 -0.6249964237213135
vn 0.6133626103401184 0.455353707075119 -0.6453210711479187
vn 0.630870521068573 0.4135778248310089 -0.6564722061157227
vn 0.6738626956939697 0.3996572494506836 -0.621436357498169
vn -0.4862087368965149 0.721562385559082 -0.4928983449935913
vn 0.6654664278030396 0.5029560327529907 -0.5515339374542236
vn -0.4594222903251648 0.7315319776535034 -0.5037778615951538
vn -0.4325532913208008 0.7435433268547058 -0.5099421739578247
vn 0.637795090675354 0.5421308279037476 -0.5470937490463257
vn -0.611937940120697 0.672400176525116 -0.4164253771305084
vn -0.5822814106941223 0.6792131662368774 -0.44678616523742676
vn -0.5544408559799194 0.694336473941803 -0.4587944447994232
vn -0.5238249897956848 0.7114078998565674 -0.46851491928100586
vn 0.6394169926643372 0.5178213119506836 -0.568337082862854
vn 0.6278882026672363 0.5096651315689087 -0.5882158279418945
vn 0.614666759967804 0.5080494284629822 -0.6033825874328613
vn 0.5994979739189148 0.5289716124534607 -0.6006590127944946
vn 0.604013979434967 0.5173580050468445 -0.6062242388725281
vn -0.3881162405014038 0.776771068572998 -0.4959763288497925
vn 0.5955308079719543 0.5848895311355591 -0.550679087638855
vn -0.3451756536960602 0.7954654097557068 -0.4980848729610443
vn -0.29557350277900696 0.8146535158157349 -0.49897491931915283
vn 0.5399563908576965 0.6521678566932678 -0.5320942997932434
vn -0.5684989094734192 0.7101681232452393 -0.4152953326702118
vn -0.5416081547737122 0.7150816917419434 -0.44194886088371277
vn -0.5056692361831665 0.7268824577331543 -0.4646940529346466
vn -0.46594366431236267 0.7458056807518005 -0.4760991334915161
vn -0.4215003252029419 0.7674946784973145 -0.48300039768218994
vn 0.5759642124176025 0.6094659566879272 -0.5448086857795715
vn 0.6024082899093628 0.5741992592811584 -0.5544361472129822
vn 0.6126517057418823 0.5539869666099548 -0.5636987686157227
vn 0.5944319367408752 0.5745828747749329 -0.5625879168510437
vn -0.2316550612449646 0.843686580657959 -0.48428186774253845
vn 0.45590782165527344 0.712851881980896 -0.5329073667526245
vn -0.17182546854019165 0.8587850332260132 -0.48266375064849854
vn -0.11166560649871826 0.8721858859062195 -0.47625890374183655
vn -0.03741033002734184 0.8797845244407654 -0.47389838099479675
vn 0.059083595871925354 0.8775675296783447 -0.47579866647720337
vn 0.17069338262081146 0.8613833785057068 -0.47841665148735046
vn 0.27439919114112854 0.8313654065132141 -0.4832562804222107
vn 0.3640257716178894 0.7912564873695374 -0.4913232624530792
vn -0.4961393475532532 0.7425702214241028 -0.44992804527282715
vn -0.4515231251716614 0.7563278079032898 -0.47338682413101196
vn -0.4014378786087036 0.778239905834198 -0.4828978180885315
vn -0.3441908657550812 0.804388165473938 -0.48424407839775085
vn -0.2791630029678345 0.8321277499198914 -0.47919872403144836
vn 0.4398961365222931 0.749301016330719 -0.49501463770866394
vn 0.49948135018348694 0.7033328413963318 -0.5058075189590454
vn 0.5567419528961182 0.6511865258216858 -0.515746533870697
vn 0.5654171705245972 0.6451994776725769 -0.51382976770401
vn -0.44053879380226135 0.7788004875183105 -0.4465371370315552
vn -0.3873274624347687 0.7923567891120911 -0.47132596373558044
vn -0.3109150230884552 0.8155849575996399 -0.48800936341285706
vn -0.24073956906795502 0.8422696590423584 -0.48231351375579834
vn -0.17674121260643005 0.8648695945739746 -0.469854474067688
vn -0.10350159555673599 0.8819765448570251 -0.4597877562046051
vn -0.037886843085289 0.8906808495521545 -0.4530477821826935
vn 0.043371908366680145 0.8931663632392883 -0.4476301968097687
vn 0.14428597688674927 0.8864842653274536 -0.4396900534629822
vn 0.2435910850763321 0.870905339717865 -0.42683398723602295
vn 0.31310686469078064 0.8500497937202454 -0.423532098531723
vn 0.33475133776664734 0.8497449159622192 -0.4072777330875397
vn 0.4102925658226013 0.8018385767936707 -0.434413343667984
vn 0.4530152678489685 0.7752621173858643 -0.44016581773757935
vn -0.27091434597969055 0.8407768607139587 -0.46872130036354065
vn -0.1965448260307312 0.8619701862335205 -0.46730881929397583
vn -0.13322211802005768 0.8799188733100891 -0.4560643434524536
vn -0.07957188785076141 0.8943005800247192 -0.44033488631248474
vn -0.02541240304708481 0.9046129584312439 -0.42547568678855896
vn 0.04134050011634827 0.9087769389152527 -0.41522935032844543
vn 0.13679665327072144 0.9051721692085266 -0.4024301767349243
vn 0.23750446736812592 0.8945214748382568 -0.3787122368812561
vn 0.305940717458725 0.8866173624992371 -0.3468573987483978
vn 0.30590227246284485 0.8971167802810669 -0.3187558054924011
vn 0.32712313532829285 0.8869122266769409 -0.32615527510643005
vn -0.3866930902004242 -0.913956880569458 -0.12309066951274872
vn -0.2799586057662964 -0.9520720839500427 -0.12321484833955765
vn -0.18658944964408875 -0.975010871887207 -0.12057448923587799
vn -0.11088229715824127 -0.9864657521247864 -0.12079120427370071
vn -0.047464124858379364 -0.9912692904472351 -0.12301383167505264
vn 0.011592346243560314 -0.9912766814231873 -0.13128669559955597
vn 0.09048677980899811 -0.9860142469406128 -0.1399572193622589
vn 0.22510910034179688 -0.9673698544502258 -0.11628232151269913
vn 0.2855721116065979 -0.9548314213752747 -0.08213121443986893
vn -0.39866915345191956 -0.9170677065849304 -0.007051604334264994
vn -0.29155611991882324 -0.9561200141906738 -0.028801433742046356
vn -0.19154630601406097 -0.9813539981842041 -0.015950476750731468
vn -0.11517322808504105 -0.9932547211647034 -0.0134227704256773
vn -0.062180060893297195 -0.9979921579360962 -0.012055124156177044
vn -0.025943458080291748 -0.9995517134666443 -0.014944267459213734
vn 0.014299817383289337 -0.9995404481887817 -0.02672894485294819
vn 0.10648566484451294 -0.9932140111923218 -0.04676252603530884
vn 0.3186405897140503 -0.9473664164543152 -0.031065668910741806
vn -0.49977654218673706 -0.8472064733505249 -0.18017931282520294
vn 0.36757516860961914 -0.9299636483192444 -0.007489028386771679
vn -0.5858585834503174 -0.7940713167190552 -0.16192741692066193
vn 0.31549277901649475 -0.9479552507400513 -0.04295496642589569
vn 0.20878806710243225 -0.9779540300369263 -0.003679964691400528
vn 0.08936717361211777 -0.9959909915924072 -0.0039290511049330235
vn 0.0617067925632 -0.9980627298355103 -0.00794211681932211
vn 0.15647445619106293 -0.9874755144119263 -0.020194074138998985
vn -0.6313980221748352 -0.7753932476043701 -0.010093877092003822
vn -0.507401704788208 -0.8576112985610962 -0.0839431956410408
vn -0.6385449767112732 -0.7439305186271667 -0.19704777002334595
vn 0.24232657253742218 -0.9689165353775024 0.04978607967495918
vn -0.6951949596405029 -0.6998351216316223 -0.16411826014518738
vn 0.26642748713493347 -0.9637149572372437 0.01642903871834278
vn 0.33616432547569275 -0.9399074912071228 -0.05972887948155403
vn -0.7549197673797607 -0.6556704044342041 0.013872506096959114
vn -0.6600075960159302 -0.745620608329773 -0.09186967462301254
vn 0.2580992877483368 -0.9580395817756653 0.12467941641807556
vn 0.16570359468460083 -0.9789491295814514 0.11916755884885788
vn 0.0935559868812561 -0.9881566762924194 0.12162954360246658
vn 0.11422848701477051 -0.9869778156280518 0.11325471848249435
vn -0.7364134192466736 -0.653073787689209 -0.176606684923172
vn 0.45355066657066345 -0.8912004232406616 -0.007327961269766092
vn -0.8147847652435303 -0.5793525576591492 -0.02182716503739357
vn -0.772308886051178 -0.6258841753005981 -0.10866470634937286
vn 0.5669550895690918 -0.8207422494888306 -0.07031508535146713
vn -0.8181959986686707 -0.5746661424636841 0.017724186182022095
vn -0.7506191730499268 -0.655891478061676 -0.07985801249742508
vn -0.7845830321311951 -0.6184328198432922 0.04438882693648338
vn 0.6338616609573364 -0.7730523943901062 -0.024686723947525024
vn -0.4852258563041687 -0.8670850992202759 0.11277987062931061
vn -0.4511958062648773 -0.8884536623954773 0.0840979516506195
vn -0.5709419846534729 -0.818134069442749 0.06842444837093353
vn 0.6801356673240662 -0.7293631434440613 -0.07379014045000076
vn -0.5682303309440613 -0.8215726613998413 0.04618103429675102
vn 0.7182109951972961 -0.6953416466712952 -0.025941723957657814
vn -0.6619443893432617 -0.7415027022361755 0.10955974459648132
vn 0.7017655372619629 -0.7110071182250977 -0.04465451464056969
vn -0.6115264892578125 -0.753375232219696 0.2417875975370407
vn -0.5408450961112976 -0.8007720708847046 0.25739213824272156
vn -0.6133841872215271 -0.7517588138580322 0.24211297929286957
vn -0.7135179042816162 -0.6980452537536621 0.06020815670490265
vn 0.6651073694229126 -0.7467453479766846 -0.0019189834129065275
vn -0.7595533728599548 -0.6372396349906921 0.13040052354335785
vn 0.6524803638458252 -0.7536599636077881 -0.07915903627872467
vn -0.7048438191413879 -0.6548418998718262 0.2727220356464386
vn -0.6544519662857056 -0.662574291229248 0.36426350474357605
vn -0.6164095997810364 -0.7008910775184631 0.35887446999549866
vn -0.6618440747261047 -0.6482296586036682 0.37651127576828003
vn -0.8182365298271179 -0.5702208280563354 0.07305598258972168
vn 0.7519981861114502 -0.6518786549568176 -0.09773942083120346
vn -0.883676290512085 -0.44993624091148376 0.12912636995315552
vn 0.8022162318229675 -0.5920088887214661 -0.07729531079530716
vn -0.7920103073120117 -0.542451798915863 0.28011736273765564
vn -0.7143797874450684 -0.5840510129928589 0.38541653752326965
vn -0.6815639138221741 -0.6073838472366333 0.4081122577190399
vn -0.6700066924095154 -0.5930630564689636 0.44650575518608093
vn 0.7089221477508545 -0.705276608467102 -0.003786497050896287
vn -0.9589865207672119 -0.28131625056266785 0.03472777083516121
vn 0.8613796234130859 -0.5028855800628662 -0.07163301855325699
vn -0.9154642224311829 -0.33324140310287476 0.2255558967590332
vn -0.8180349469184875 -0.4496356248855591 0.35867345333099365
vn -0.7432342767715454 -0.5257843136787415 0.4137074053287506
vn -0.6907858848571777 -0.5455600023269653 0.47453057765960693
vn 0.8016088008880615 -0.5977983474731445 -0.007773356046527624
vn -0.9862094521522522 -0.15981373190879822 0.04301806911826134
vn 0.8757370710372925 -0.47045227885246277 -0.10844007134437561
vn -0.9534498453140259 -0.2204228788614273 0.2057841420173645
vn -0.8731231689453125 -0.3461184799671173 0.3433045744895935
vn -0.7620648145675659 -0.4651697278022766 0.4504157304763794
vn -0.9908766746520996 -0.1289844512939453 0.03907119110226631
vn 0.8507207632064819 -0.5175593495368958 -0.09168702363967896
vn 0.8108556866645813 -0.5748216509819031 -0.10996924340724945
vn -0.961229145526886 -0.1987115740776062 0.19118641316890717
vn -0.8701398372650146 -0.35044631361961365 0.34647369384765625
vn -0.9792445302009583 -0.1872686892747879 0.07752881944179535
vn 0.8070669770240784 -0.5869321823120117 -0.06444854289293289
vn 0.8318189382553101 -0.543709397315979 -0.11161251366138458
vn -0.9368583559989929 -0.2524087727069855 0.24204587936401367
vn -0.9360840320587158 -0.3419828712940216 0.0824279859662056
vn 0.9139735698699951 -0.3934684991836548 -0.09917107969522476
vn -0.8883624076843262 -0.4464939534664154 0.10702988505363464
vn -0.8890931606292725 -0.45450374484062195 0.054219260811805725
vn 0.9538599252700806 -0.269536554813385 -0.1322927623987198
vn -0.9368032813072205 -0.3390771746635437 0.08617639541625977
vn -0.9113081097602844 -0.360908180475235 0.1981484740972519
vn -0.9771779775619507 -0.2116764783859253 0.017786748707294464
vn 0.9769629240036011 -0.15167094767093658 -0.15013134479522705
vn -0.9700425267219543 -0.17848560214042664 0.16480419039726257
vn -0.9330382347106934 -0.23726509511470795 0.2704531252384186
vn -0.9967146515846252 -0.07893361151218414 0.018150776624679565
vn 0.9854267835617065 -0.0839456170797348 -0.14794345200061798
vn -0.9864809513092041 -0.06811370700597763 0.1490502506494522
vn -0.9566137194633484 -0.11497937142848969 0.26771241426467896
vn -0.9999578595161438 0.008750618435442448 -0.0027788509614765644
vn 0.9884970784187317 -0.030843432992696762 -0.14806164801120758
vn -0.9921402335166931 0.02245265245437622 0.12310031801462173
vn -0.9672866463661194 -0.04105556756258011 0.25034189224243164
vn -0.9955489039421082 0.09423001855611801 -0.0017550730844959617
vn 0.9879089593887329 0.027899757027626038 -0.15250429511070251
vn -0.986151933670044 0.048633087426424026 0.15855377912521362
vn -0.9952771067619324 0.0970749631524086 0.00007425016519846395
vn 0.9831600189208984 0.08027669042348862 -0.1641707867383957
vn 0.9801262617111206 0.08162908256053925 -0.1808016300201416
vn -0.9871532917022705 0.06511939316987991 0.1459037959575653
vn -0.9905800223350525 0.13647989928722382 -0.011157205328345299
vn 0.9348627328872681 0.23136866092681885 -0.26925861835479736
vn 0.8993627429008484 0.3079826831817627 -0.3103117048740387
vn -0.9778907895088196 0.15615232288837433 0.1390901505947113
vn -0.9621034264564514 0.2725962698459625 -0.006948071997612715
vn 0.8407386541366577 0.39153560996055603 -0.373976469039917
vn -0.8745014667510986 0.4793437421321869 -0.07400534301996231
vn 0.8241694569587708 0.40809622406959534 -0.39268603920936584
vn -0.9272207021713257 0.36448749899864197 0.08608506619930267
vn 0.8916106820106506 0.3202235996723175 -0.3201361894607544
vn -0.9058718085289001 0.42351654171943665 0.005480033345520496
vn 0.7838362455368042 0.44176897406578064 -0.4363953471183777
vn -0.8745725154876709 0.4615229368209839 -0.14872629940509796
vn 0.8024652004241943 0.38778409361839294 -0.4535120725631714
vn 0.8557565212249756 0.34390997886657715 -0.38653168082237244
vn 0.9100949764251709 0.2745969891548157 -0.31036049127578735
vn -0.8413962721824646 0.5074036717414856 -0.18599437177181244
vn 0.7859377264976501 0.3769089877605438 -0.49014440178871155
vn -0.7919349670410156 0.5505275130271912 -0.26411858201026917
vn -0.8898818492889404 0.4508001506328583 -0.06992486119270325
vn 0.8430950045585632 0.3005996346473694 -0.44590434432029724
vn 0.8880842924118042 0.2675124704837799 -0.3738226294517517
vn 0.9123699069023132 0.2663429379463196 -0.31087392568588257
vn -0.782192051410675 0.5631377100944519 -0.26655513048171997
vn 0.8134291172027588 0.2844642996788025 -0.5073590278625488
vn -0.7605043649673462 0.5663626194000244 -0.31759485602378845
vn -0.9057228565216064 0.4201526641845703 -0.05601689964532852
vn -0.8283422589302063 0.537574291229248 -0.15768010914325714
vn 0.8673322796821594 0.2208356261253357 -0.4460564851760864
vn 0.8881913423538208 0.24338039755821228 -0.3897205591201782
vn 0.926297128200531 0.21938063204288483 -0.306342750787735
vn -0.7864251136779785 0.5350027084350586 -0.3087193965911865
vn 0.8385659456253052 0.18033458292484283 -0.5140881538391113
vn -0.8619773983955383 0.49487295746803284 -0.10998045653104782
vn -0.8024727702140808 0.5540691614151001 -0.22146055102348328
vn 0.8935561776161194 0.13303235173225403 -0.4287887215614319
vn 0.9136276841163635 0.20505130290985107 -0.3510534167289734
vn -0.8074838519096375 0.505309522151947 -0.3043555021286011
vn 0.8532565832138062 0.10507963597774506 -0.510794997215271
vn -0.7761825919151306 0.525407075881958 -0.3485512137413025
vn -0.9204220175743103 0.3757210671901703 -0.1079675480723381
vn -0.8451715111732483 0.4882979691028595 -0.21737122535705566
vn 0.9042496681213379 0.10457877069711685 -0.4139997363090515
vn 0.9369491338729858 0.13436511158943176 -0.32260239124298096
vn -0.7710996866226196 0.5363780856132507 -0.34307995438575745
vn 0.8563778400421143 0.09142305701971054 -0.5081917643547058
vn 0.8464096784591675 0.15222448110580444 -0.5103120803833008
vn -0.8774154782295227 0.4301237463951111 -0.21245144307613373
vn -0.8124175667762756 0.511945903301239 -0.2790864109992981
vn 0.9043589234352112 0.1451050490140915 -0.4013471007347107
vn 0.9422911405563354 0.1450265347957611 -0.3017527461051941
vn -0.7530408501625061 0.5692861080169678 -0.32991331815719604
vn 0.7790423631668091 0.25064975023269653 -0.5746892094612122
vn -0.7089826464653015 0.6065352559089661 -0.35980358719825745
vn -0.8463013172149658 0.4751465916633606 -0.24085232615470886
vn -0.7957946062088013 0.5342509746551514 -0.2851085066795349
vn 0.830942690372467 0.30813875794410706 -0.46323296427726746
vn 0.8965547680854797 0.2670966684818268 -0.3533397912979126
vn 0.941909909248352 0.1959114670753479 -0.2728085517883301
vn -0.6775004863739014 0.6491889953613281 -0.3457552492618561
vn 0.7479966878890991 0.3669211268424988 -0.5530549883842468
vn -0.6444395184516907 0.6688436269760132 -0.3706021308898926
vn 0.7158660888671875 0.46765246987342834 -0.5184948444366455
vn -0.7571737170219421 0.5913461446762085 -0.27748456597328186
vn -0.7199349999427795 0.6241242289543152 -0.3035828471183777
vn 0.7761752605438232 0.4651326537132263 -0.4256802499294281
vn 0.8292241096496582 0.4263205826282501 -0.36143893003463745
vn 0.8949684500694275 0.36623087525367737 -0.25476735830307007
vn -0.62241530418396 0.6980474591255188 -0.35401830077171326
vn 0.6527173519134521 0.5241870284080505 -0.5469807982444763
vn -0.5946894884109497 0.7114668488502502 -0.3743785619735718
vn 0.5945978760719299 0.6074939966201782 -0.5266919732093811
vn 0.61423259973526 0.6027945280075073 -0.5092711448669434
vn -0.6855547428131104 0.6699132323265076 -0.2850103974342346
vn -0.6564887762069702 0.6863428354263306 -0.31297919154167175
vn 0.686029851436615 0.5905017256736755 -0.42505383491516113
vn 0.743248701095581 0.5676809549331665 -0.35400521755218506
vn 0.7982408404350281 0.5328498482704163 -0.28086069226264954
vn -0.5733191967010498 0.7346833944320679 -0.36269205808639526
vn 0.5935829281806946 0.6021221280097961 -0.5339552760124207
vn -0.5546211004257202 0.7361468076705933 -0.3879219889640808
vn -0.5353758931159973 0.7369857430458069 -0.4125829041004181
vn 0.5766957998275757 0.6536023020744324 -0.49012866616249084
vn -0.6409726142883301 0.7115304470062256 -0.28788629174232483
vn -0.6089870929718018 0.7245751619338989 -0.32268500328063965
vn 0.5886751413345337 0.6779209971427917 -0.44032344222068787
vn 0.6127380132675171 0.6731374263763428 -0.4140509068965912
vn 0.660041332244873 0.6646101474761963 -0.35019829869270325
vn 0.710960328578949 0.6450331807136536 -0.28012073040008545
vn -0.5107820630073547 0.7632845640182495 -0.3955986797809601
vn 0.5791431069374084 0.6526207327842712 -0.48854830861091614
vn -0.4799793064594269 0.7764519453048706 -0.40834084153175354
vn 0.5468564629554749 0.7148087620735168 -0.4358859658241272
vn -0.6064319014549255 0.7383211255073547 -0.2951647639274597
vn -0.5673990249633789 0.7526718974113464 -0.33398130536079407
vn -0.5372521281242371 0.7627900242805481 -0.3598772883415222
vn 0.5615449547767639 0.7300727963447571 -0.3894367814064026
vn 0.5549764633178711 0.7619938254356384 -0.3337162435054779
vn 0.5988165736198425 0.7249532341957092 -0.3403843939304352
vn 0.625009298324585 0.7294399738311768 -0.2779940366744995
vn -0.44483670592308044 0.8105322122573853 -0.38099581003189087
vn 0.5090196132659912 0.7436021566390991 -0.4335377812385559
vn -0.41578370332717896 0.8169044852256775 -0.39973875880241394
vn -0.35895514488220215 0.8296040296554565 -0.42767786979675293
vn 0.4142475724220276 0.8377589583396912 -0.3557511270046234
vn -0.556169331073761 0.7752709984779358 -0.29938387870788574
vn -0.5130752325057983 0.794944703578949 -0.32375407218933105
vn -0.48370179533958435 0.8037049770355225 -0.3465413451194763
vn 0.458055704832077 0.8266669511795044 -0.3268129825592041
vn 0.5196079611778259 0.7978530526161194 -0.3056764304637909
vn 0.5499547719955444 0.7977927327156067 -0.24713660776615143
vn 0.5271883010864258 0.8165040612220764 -0.23535844683647156
vn -0.2648199796676636 0.8782989978790283 -0.39807185530662537
vn 0.3149147033691406 0.8937275409698486 -0.31949931383132935
vn -0.1701466590166092 0.8963327407836914 -0.4094359874725342
vn -0.09891714155673981 0.9073327779769897 -0.40861064195632935
vn -0.04290470853447914 0.9167976975440979 -0.3970405161380768
vn 0.001836676150560379 0.9246229529380798 -0.3808792233467102
vn 0.05040114372968674 0.9291818737983704 -0.36617037653923035
vn 0.12563900649547577 0.9259108304977417 -0.3562357723712921
vn 0.24074287712574005 0.9124130010604858 -0.33097654581069946
vn 0.3241845667362213 0.8997941017150879 -0.29201871156692505
vn 0.37991517782211304 0.8965443968772888 -0.2277556210756302
vn 0.3128424286842346 0.9279893040657043 -0.20239928364753723
vn 0.2556532621383667 0.9459012746810913 -0.19978037476539612
vn -0.45502567291259766 0.8457567691802979 -0.2786523699760437
vn -0.43011370301246643 0.852293074131012 -0.2976554334163666
vn -0.4208213686943054 0.8493278622627258 -0.3186716139316559
vn -0.3612465560436249 0.8655537366867065 -0.3468683063983917
vn 0.314033567905426 0.9196814298629761 -0.23573070764541626
vn 0.2932914197444916 0.9348250031471252 -0.2002057433128357
vn 0.39053043723106384 0.8942736387252808 -0.21854232251644135
vn -0.3625836670398712 0.9030465483665466 -0.23030440509319305
vn -0.3613765239715576 0.9050238728523254 -0.22436313331127167
vn -0.3463391363620758 0.8953254818916321 -0.28007426857948303
vn -0.216092050075531 0.920994222164154 -0.32415103912353516
vn -0.09448528289794922 0.9394823908805847 -0.32931050658226013
vn -0.017965901643037796 0.9464019536972046 -0.32249122858047485
vn 0.03218546509742737 0.9503583908081055 -0.30948835611343384
vn 0.0740051344037056 0.9526903033256531 -0.2947954833507538
vn 0.12345245480537415 0.9514250159263611 -0.2820461094379425
vn 0.20897765457630157 0.9369601011276245 -0.28006091713905334
vn 0.31455153226852417 0.9218682646751404 -0.22630999982357025
vn 0.39387768507003784 0.9008933901786804 -0.18234992027282715
vn -0.32676854729652405 0.928142249584198 -0.17825348675251007
vn -0.19700001180171967 0.9505677819252014 -0.24002493917942047
vn -0.07968250662088394 0.9674575924873352 -0.24015949666500092
vn -0.003349644597619772 0.974048376083374 -0.22631528973579407
vn 0.051729969680309296 0.9754822254180908 -0.2139122039079666
vn 0.09679853171110153 0.9747011065483093 -0.20146426558494568
vn 0.14327144622802734 0.97145015001297 -0.18909768760204315
vn 0.20329506695270538 0.9617976546287537 -0.18334800004959106
vn -0.35293665528297424 -0.9222378730773926 0.15783849358558655
vn -0.21097944676876068 -0.9715613126754761 0.10750038921833038
vn -0.1670234054327011 -0.9808080792427063 0.10059157013893127
vn -0.10743499547243118 -0.9888474345207214 0.10314315557479858
vn -0.049426935613155365 -0.9930422902107239 0.10688334703445435
vn -0.012829278595745564 -0.9934035539627075 0.11395082622766495
vn 0.014538556337356567 -0.9928107857704163 0.11880828440189362
vn 0.06364981085062027 -0.9912357330322266 0.11576025933027267
vn 0.20586194097995758 -0.974869430065155 0.08514951914548874
vn -0.5377163887023926 -0.8366428017616272 0.10435454547405243
vn 0.4337785542011261 -0.8948759436607361 0.10503929108381271
vn -0.6670289635658264 -0.7251441478729248 0.17099227011203766
vn 0.4072657823562622 -0.913162887096405 0.016375530511140823
vn -0.5297884941101074 -0.794813334941864 0.29596608877182007
vn -0.27343517541885376 -0.9159541726112366 0.29370251297950745
vn -0.1736864596605301 -0.9492740631103516 0.26212936639785767
vn -0.11127524077892303 -0.9651552438735962 0.23684021830558777
vn -0.037147652357816696 -0.9729715585708618 0.22791755199432373
vn 0.03179874271154404 -0.972115695476532 0.23233583569526672
vn 0.08546122908592224 -0.9658933281898499 0.24443106353282928
vn 0.1630430370569229 -0.9543903470039368 0.25011205673217773
vn 0.29522526264190674 -0.9285006523132324 0.22522999346256256
vn -0.7363249659538269 -0.6650521755218506 0.12462441623210907
vn 0.4245167672634125 -0.8985176086425781 0.11158701777458191
vn -0.7929357886314392 -0.5819361209869385 0.18056370317935944
vn 0.3429544270038605 -0.9346866607666016 0.09350479394197464
vn -0.722280740737915 -0.6177682280540466 0.310922771692276
vn -0.5847749710083008 -0.6945406198501587 0.4191080331802368
vn -0.41018879413604736 -0.809170663356781 0.4206995368003845
vn -0.2852343022823334 -0.8564702868461609 0.43023252487182617
vn -0.1655738651752472 -0.909636914730072 0.38098034262657166
vn -0.06144880875945091 -0.9332866668701172 0.35383620858192444
vn 0.041933365166187286 -0.9402358531951904 0.33793213963508606
vn 0.15614758431911469 -0.9288254380226135 0.33600783348083496
vn 0.26183009147644043 -0.9077476859092712 0.3277791440486908
vn 0.373044490814209 -0.8772209882736206 0.3021939694881439
vn 0.4603196084499359 -0.8656761050224304 0.19675037264823914
vn -0.8296052813529968 -0.5426480174064636 0.13148486614227295
vn 0.29744964838027954 -0.9327496290206909 0.20371997356414795
vn -0.864116370677948 -0.4754188060760498 0.16516609489917755
vn 0.22861801087856293 -0.9477425813674927 0.222525954246521
vn 0.14520221948623657 -0.9637326002120972 0.22391031682491302
vn 0.12912963330745697 -0.9677404761314392 0.2163420170545578
vn 0.18448005616664886 -0.9673598408699036 0.17372988164424896
vn 0.22706854343414307 -0.9613054990768433 0.1559862196445465
vn 0.3187991976737976 -0.9443256855010986 0.08133944869041443
vn -0.8249348402023315 -0.4841136038303375 0.29174742102622986
vn -0.7483004927635193 -0.5225595831871033 0.40862923860549927
vn -0.6565287113189697 -0.5980451107025146 0.45968708395957947
vn -0.5082650184631348 -0.6913985013961792 0.5134537816047668
vn 0.3281564712524414 -0.8665966987609863 0.37593021988868713
vn 0.4061211347579956 -0.8382032513618469 0.3639794886112213
vn 0.43534475564956665 -0.8445749878883362 0.31171783804893494
vn 0.4013946056365967 -0.886559009552002 0.22999024391174316
vn -0.8627960085868835 -0.4929656386375427 0.1121067926287651
vn 0.4486992061138153 -0.8852530717849731 0.12245842814445496
vn 0.5560972094535828 -0.8285844326019287 0.06483699381351471
vn -0.8754529356956482 -0.4075550138950348 0.2597711384296417
vn -0.8410153388977051 -0.39599910378456116 0.36861634254455566
vn -0.7838090062141418 -0.45185586810112 0.4259926676750183
vn -0.6842383146286011 -0.5236559510231018 0.5075454711914062
vn 0.42237967252731323 -0.8186582326889038 0.38909411430358887
vn 0.3746892511844635 -0.8591435551643372 0.34854045510292053
vn 0.27891799807548523 -0.9083829522132874 0.31152063608169556
vn 0.1709412783384323 -0.934872567653656 0.31111472845077515
vn 0.12719011306762695 -0.9450949430465698 0.30102869868278503
vn 0.14914986491203308 -0.9486294388771057 0.27902770042419434
vn 0.21521976590156555 -0.9430457949638367 0.25366324186325073
vn 0.34597378969192505 -0.9163198471069336 0.2016436606645584
vn -0.8677710890769958 -0.45991984009742737 0.18827423453330994
vn 0.6026338934898376 -0.7915741205215454 0.10120701789855957
vn 0.6596807241439819 -0.7503026127815247 0.04321253299713135
vn -0.8715658187866211 -0.37964677810668945 0.3102279007434845
vn -0.8602601289749146 -0.35057303309440613 0.3702041208744049
vn -0.7928047776222229 -0.40174412727355957 0.45832544565200806
vn 0.34622833132743835 -0.8424190282821655 0.4128633737564087
vn 0.26755794882774353 -0.8791322112083435 0.3943846821784973
vn 0.1710938662290573 -0.9077022075653076 0.38314956426620483
vn 0.11311160773038864 -0.9214685559272766 0.3716200292110443
vn 0.11635345220565796 -0.9284492135047913 0.3527662754058838
vn 0.1917709857225418 -0.9272316694259644 0.32166022062301636
vn 0.3479503095149994 -0.8992335796356201 0.2651595175266266
vn 0.5018632411956787 -0.8441213369369507 0.18865977227687836
vn -0.7811533212661743 -0.5793673396110535 0.23266486823558807
vn 0.6734380722045898 -0.7356879711151123 0.07241904735565186
vn 0.6688106060028076 -0.74056476354599 0.06524040549993515
vn -0.8270509243011475 -0.43321317434310913 0.35820820927619934
vn -0.8416310548782349 -0.35692673921585083 0.4052906036376953
vn 0.33288538455963135 -0.8898618221282959 0.31198278069496155
vn 0.46620938181877136 -0.8489890098571777 0.24872972071170807
vn 0.5884718894958496 -0.7927072644233704 0.15911000967025757
vn -0.7423257827758789 -0.5694921612739563 0.35303136706352234
vn 0.6951519846916199 -0.7149446606636047 0.0749526098370552
vn -0.7426326274871826 -0.5254524350166321 0.415206640958786
vn -0.7933874130249023 -0.4514387547969818 0.40833741426467896
vn -0.8250295519828796 -0.3807518780231476 0.4175574779510498
vn 0.6252836585044861 -0.7701634168624878 0.1259712427854538
vn -0.7097926139831543 -0.5494978427886963 0.4407341480255127
vn 0.7003993988037109 -0.7110092043876648 0.06250383704900742
vn -0.713756799697876 -0.5181879997253418 0.4712032079696655
vn 0.7398712038993835 -0.6719789505004883 0.03217161446809769
vn -0.7595421671867371 -0.46884819865226746 0.4508625566959381
vn -0.8130536079406738 -0.3835693597793579 0.43797072768211365
vn -0.6869449615478516 -0.5383335947990417 0.4881635308265686
vn 0.7883010506629944 -0.6115230917930603 0.06797778606414795
vn -0.6869182586669922 -0.5236483812332153 0.503920316696167
vn 0.8639867305755615 -0.5034458637237549 0.00832690391689539
vn -0.7205573320388794 -0.48034781217575073 0.5000631213188171
vn -0.7863390445709229 -0.39942267537117004 0.4713093042373657
vn -0.6930906176567078 -0.52110356092453 0.4980727732181549
vn 0.8826298713684082 -0.4698573350906372 -0.014092782512307167
vn -0.7046130299568176 -0.5054631233215332 0.49802374839782715
vn -0.6819041967391968 -0.5060442686080933 0.5281344652175903
vn -0.7087393403053284 -0.46528002619743347 0.5302858352661133
vn -0.7628864049911499 -0.40491780638694763 0.5040296912193298
vn -0.7646059393882751 -0.4583832025527954 0.4530591070652008
vn 0.8353086113929749 -0.5494892001152039 0.017920713871717453
vn -0.7867735624313354 -0.4318990409374237 0.4409656524658203
vn 0.8191975355148315 -0.5730597972869873 -0.02275805175304413
vn -0.7075113654136658 -0.48942890763282776 0.5097911357879639
vn -0.6619940400123596 -0.5130584836006165 0.5463834404945374
vn -0.679970383644104 -0.48968228697776794 0.5457577705383301
vn -0.7225956320762634 -0.42314592003822327 0.5466288328170776
vn -0.8654497265815735 -0.3421153128147125 0.3659971058368683
vn 0.8320477604866028 -0.5538846254348755 0.0301405917853117
vn -0.9018139243125916 -0.274333119392395 0.33387571573257446
vn 0.8611666560173035 -0.5073673129081726 -0.031153377145528793
vn -0.8024306297302246 -0.39420872926712036 0.4480006694793701
vn -0.7045164108276367 -0.478361576795578 0.5242393016815186
vn -0.6614453196525574 -0.5070528388023376 0.5526188015937805
vn -0.6616271138191223 -0.47204241156578064 0.5826023817062378
vn -0.9421539902687073 -0.2547999918460846 0.21776792407035828
vn 0.9554614424705505 -0.29390108585357666 -0.026751359924674034
vn -0.8863983154296875 -0.29654377698898315 0.35547128319740295
vn -0.8140901327133179 -0.34982484579086304 0.4635513424873352
vn -0.7364923357963562 -0.42558664083480835 0.5257899165153503
vn -0.6659845113754272 -0.4552679657936096 0.5909278392791748
vn 0.8945596218109131 -0.4458155930042267 0.0318044051527977
vn -0.9056070446968079 -0.34715551137924194 0.24363698065280914
vn 0.9818593859672546 -0.18037006258964539 -0.05847107619047165
vn -0.8821500539779663 -0.276811420917511 0.3810338079929352
vn -0.8448757529258728 -0.2831595242023468 0.45387858152389526
vn -0.7556187510490417 -0.3451092839241028 0.5567224621772766
vn -0.896643340587616 -0.30231577157974243 0.3234746754169464
vn 0.9928029775619507 -0.10773507505655289 -0.052301034331321716
vn -0.8766631484031677 -0.21982930600643158 0.4279448091983795
vn -0.8338335752487183 -0.2310989946126938 0.5013131499290466
vn -0.9151607155799866 -0.17854496836662292 0.3613898754119873
vn 0.995667576789856 -0.0756882056593895 -0.05401276424527168
vn -0.8857749104499817 -0.13339246809482574 0.4445326328277588
vn -0.8397968411445618 -0.1621270477771759 0.5181276202201843
vn -0.9281803369522095 -0.09874992817640305 0.35878926515579224
vn 0.9972566962242126 -0.042918164283037186 -0.060308538377285004
vn -0.9352543950080872 -0.06299550831317902 0.3483256995677948
vn -0.892794668674469 -0.09737907350063324 0.43981248140335083
vn -0.8440468907356262 -0.11848688870668411 0.5230159759521484
vn -0.960512101650238 0.005601606797426939 0.278181791305542
vn 0.9975256323814392 -0.008500415831804276 -0.06978792697191238
vn -0.9297138452529907 -0.030401350930333138 0.36702579259872437
vn -0.885884165763855 -0.09763821214437485 0.4535152018070221
vn -0.8419259190559387 -0.1307460516691208 0.5235133171081543
vn -0.9643821120262146 0.03413582593202591 0.26230111718177795
vn 0.9973415732383728 0.00015953549882397056 -0.07286804914474487
vn 0.9933289289474487 0.04867937043309212 -0.10453686118125916
vn -0.9422175288200378 0.011890343390405178 0.3347906172275543
vn -0.9066534638404846 -0.05344861000776291 0.41847679018974304
vn -0.8560166954994202 -0.13262635469436646 0.49964556097984314
vn -0.9663428664207458 0.08883734792470932 0.24143198132514954
vn 0.9690090417861938 0.16348271071910858 -0.1851886510848999
vn -0.9546154141426086 0.03806597739458084 0.29539886116981506
vn -0.9100794196128845 -0.07595118880271912 0.40741485357284546
vn 0.9868018627166748 0.11711979657411575 -0.11182612180709839
vn -0.9585597515106201 0.2207256257534027 0.18012061715126038
vn 0.94643634557724 0.22915466129779816 -0.22747834026813507
vn -0.9640960693359375 0.10874893516302109 0.24226528406143188
vn -0.9409835338592529 -0.04588107764720917 0.33532822132110596
vn 0.9870261549949646 0.09453640133142471 -0.12977756559848785
vn -0.9571333527565002 0.25405964255332947 0.13910241425037384
vn 0.9532216787338257 0.18792495131492615 -0.23675435781478882
vn -0.9673374891281128 0.1265685260295868 0.21963290870189667
vn 0.985706627368927 0.09290371090173721 -0.14053966104984283
vn -0.9549338221549988 0.2893458902835846 0.06618443876504898
vn 0.9433375597000122 0.2237083613872528 -0.24508948624134064
vn -0.9698991775512695 0.18119382858276367 0.16267888247966766
vn 0.976482629776001 0.14873865246772766 -0.15607212483882904
vn -0.9518463015556335 0.30294346809387207 0.047051507979631424
vn 0.9306491613388062 0.29744768142700195 -0.21311262249946594
vn -0.8973987102508545 0.4410244822502136 -0.013153007254004478
vn 0.9572277665138245 0.20821596682071686 -0.20090076327323914
vn -0.9363825917243958 0.3353157937526703 0.10368706285953522
vn 0.9302141070365906 0.3392306864261627 -0.14008697867393494
vn -0.9319183230400085 0.3612698018550873 0.031819991767406464
vn 0.9336719512939453 0.23666609823703766 -0.2687860429286957
vn 0.9563892483711243 0.24079552292823792 -0.16533944010734558
vn -0.9687004685401917 0.2475489377975464 0.01840982772409916
vn 0.9381466507911682 0.25526362657546997 -0.23392614722251892
vn -0.9435906410217285 0.3128797113895416 -0.10836510360240936
vn 0.9356470108032227 0.32963505387306213 -0.12611642479896545
vn -0.9121270179748535 0.3833804428577423 -0.14506453275680542
vn 0.9622571468353271 0.17119525372982025 -0.21155011653900146
vn -0.9521202445030212 0.30397722125053406 -0.03263412043452263
vn -0.8759644031524658 0.456615149974823 -0.1555280238389969
vn 0.9699950218200684 0.1712605059146881 -0.17256757616996765
vn -0.8100717067718506 0.544865071773529 -0.21657781302928925
vn -0.9322476387023926 0.3579883873462677 -0.052523862570524216
vn -0.7589526772499084 0.6160374283790588 -0.2109234482049942
vn 0.9597262740135193 0.23189924657344818 -0.15858179330825806
vn -0.7159841060638428 0.6539534330368042 -0.24435995519161224
vn 0.9128188490867615 0.38886377215385437 -0.12468691170215607
vn -0.9102678298950195 0.4087770879268646 -0.06567941606044769
vn -0.826999843120575 0.543613612651825 -0.14337213337421417
vn -0.6859462857246399 0.6906763315200806 -0.2290063202381134
vn 0.8470098376274109 0.4989251494407654 -0.1834338903427124
vn -0.6622254848480225 0.706415057182312 -0.2498704046010971
vn 0.8009269833564758 0.5836394429206848 -0.13371969759464264
vn -0.776080846786499 0.6189230680465698 -0.12096654623746872
vn -0.7249892950057983 0.665443480014801 -0.1776949167251587
vn -0.6491572260856628 0.7234618663787842 -0.23494228720664978
vn 0.7598510980606079 0.6220008730888367 -0.18905341625213623
vn -0.6338520050048828 0.7308834791183472 -0.25306323170661926
vn 0.7249166369438171 0.6751195192337036 -0.1367826610803604
vn -0.6926535367965698 0.7110605835914612 -0.12092944234609604
vn -0.6707265377044678 0.717574417591095 -0.18765097856521606
vn -0.6246333718299866 0.7439847588539124 -0.23731811344623566
vn 0.6825966238975525 0.7056353092193604 -0.19010698795318604
vn -0.6014671921730042 0.7570226192474365 -0.25525274872779846
vn 0.6397914886474609 0.7561661601066589 -0.1374032199382782
vn -0.6567635536193848 0.7450113296508789 -0.1167038083076477
vn -0.6431220173835754 0.7417044043540955 -0.19044345617294312
vn -0.579950749874115 0.7822381854057312 -0.22750955820083618
vn 0.5785544514656067 0.7954133749008179 -0.18053346872329712
vn -0.5433132648468018 0.8025837540626526 -0.24631300568580627
vn 0.45724210143089294 0.8855988383293152 -0.08151286840438843
vn 0.4703325629234314 0.8743691444396973 -0.11943985521793365
vn -0.6291772723197937 0.768639862537384 -0.11545025557279587
vn -0.6087233424186707 0.7710909843444824 -0.18674775958061218
vn -0.47770819067955017 0.8519809246063232 -0.21429738402366638
vn 0.4968351721763611 0.8547871112823486 -0.14997921884059906
vn -0.4519370496273041 0.8756123185157776 -0.17045851051807404
vn 0.3946014940738678 0.914640486240387 -0.08787816762924194
vn 0.26335662603378296 0.9617012143135071 -0.0759873315691948
vn 0.19004182517528534 0.9769059419631958 -0.09766747057437897
vn 0.19234293699264526 0.9769644737243652 -0.09243693947792053
vn 0.2979593276977539 0.9495620131492615 -0.09773571789264679
vn -0.5677698254585266 0.815244197845459 -0.11408068239688873
vn -0.5288320779800415 0.8351449966430664 -0.15122655034065247
vn 0.4811219573020935 0.8631666302680969 0.1531829982995987
vn 0.4169319272041321 0.8979123830795288 0.14114224910736084
vn 0.330564022064209 0.9418482184410095 0.06041016802191734
vn 0.18041491508483887 0.9829205274581909 0.03629963845014572
vn 0.11742055416107178 0.992729902267456 0.02645418979227543
vn 0.1870999038219452 0.9820238947868347 0.024956030771136284
vn 0.3923623561859131 0.9196597933769226 -0.016664348542690277
vn -0.32482409477233887 0.93399578332901 -0.14879895746707916
vn 0.47222310304641724 0.8746485710144043 -0.109522745013237
vn -0.21942365169525146 0.9692069292068481 -0.11176438629627228
vn -0.2718481719493866 0.9592410922050476 -0.07716979831457138
vn 0.40087398886680603 0.9113854765892029 -0.0931481271982193
vn 0.45702609419822693 0.8874405026435852 -0.059804704040288925
vn -0.42442086338996887 0.9029154181480408 -0.06790252029895782
vn 0.45192214846611023 0.8833003640174866 0.12468703091144562
vn 0.46035194396972656 0.8867112398147583 0.04265297204256058
vn 0.46598902344703674 0.8843481540679932 0.027975479140877724
vn -0.2426234632730484 0.9688732028007507 -0.04917919635772705
vn 0.32841265201568604 0.9367668032646179 -0.120884470641613
vn -0.1695123016834259 0.9771958589553833 -0.12788212299346924
vn -0.04640280082821846 0.9908731579780579 -0.1265590637922287
vn 0.011277027428150177 0.993227481842041 -0.11563721299171448
vn 0.059468310326337814 0.9927435517311096 -0.10451703518629074
vn 0.10821443796157837 0.9896901845932007 -0.09382449090480804
vn 0.1590833216905594 0.9838668704032898 -0.08184443414211273
vn 0.2055797129869461 0.9763088822364807 -0.06751292943954468
vn 0.26102209091186523 0.9636968374252319 -0.056177590042352676
vn -0.09077401459217072 0.9958618879318237 -0.004379923455417156
vn -0.0064057460986077785 0.9999770522117615 0.002230294980108738
vn 0.05055970326066017 0.9986968636512756 0.006951844785362482
vn 0.10784786939620972 0.9940444827079773 0.015631824731826782
vn 0.16950738430023193 0.9851562976837158 0.027097763493657112
vn 0.2375585287809372 0.970522940158844 0.04063422232866287
vn 0.3165610432624817 0.9467197060585022 0.05925333872437477
vn 0.3941113352775574 0.9190230965614319 0.008533873595297337
vn -0.24421308934688568 -0.83208829164505 0.49798500537872314
vn -0.11803547292947769 -0.875397801399231 0.4687710702419281
vn 0.006348019931465387 -0.8948329091072083 0.4463561475276947
vn 0.11772221326828003 -0.8949405550956726 0.4303753077983856
vn 0.2320048213005066 -0.8791298866271973 0.4162985682487488
vn -0.3714596629142761 -0.7694395780563354 0.5195964574813843
vn 0.3404257297515869 -0.8275195956230164 0.4464545249938965
vn -0.47105997800827026 -0.6780639290809631 0.5642090439796448
vn 0.40882423520088196 -0.8101657629013062 0.42011213302612305
vn 0.4346497058868408 -0.8027571439743042 0.40824082493782043
vn -0.3594520092010498 -0.7391814589500427 0.5695656538009644
vn -0.1947617083787918 -0.8141187429428101 0.5470635890960693
vn -0.037844620645046234 -0.8482555150985718 0.5282332897186279
vn 0.10689445585012436 -0.8542144894599915 0.5088135600090027
vn 0.2319220006465912 -0.8391870260238647 0.4919118881225586
vn -0.5806723237037659 -0.6021373867988586 0.5479509234428406
vn 0.431954950094223 -0.7996591925621033 0.417085200548172
vn -0.6320251226425171 -0.5406211614608765 0.5552235245704651
vn 0.3935542106628418 -0.8171553015708923 0.4211559295654297
vn -0.5311539769172668 -0.6180638670921326 0.5795450806617737
vn -0.4175354242324829 -0.6973057389259338 0.5826053619384766
vn -0.26835575699806213 -0.7656797766685486 0.5845679640769958
vn -0.10023584216833115 -0.8105783462524414 0.5769884586334229
vn 0.07545291632413864 -0.8301406502723694 0.552424967288971
vn 0.23413324356079102 -0.8218291401863098 0.519402027130127
vn 0.35862910747528076 -0.8015652298927307 0.4784124195575714
vn 0.41565555334091187 -0.796061098575592 0.43990594148635864
vn -0.711917519569397 -0.4755154848098755 0.516776978969574
vn 0.33423155546188354 -0.8411808609962463 0.42509299516677856
vn -0.7430315017700195 -0.4368785321712494 0.5069924592971802
vn 0.2536601722240448 -0.8668405413627625 0.42923665046691895
vn 0.16792409121990204 -0.888948917388916 0.4261118769645691
vn 0.10342948883771896 -0.9012356400489807 0.4208047389984131
vn 0.0848093032836914 -0.9071223139762878 0.41223353147506714
vn 0.11459920555353165 -0.9106960296630859 0.39686235785484314
vn 0.20003606379032135 -0.9057339429855347 0.37367308139801025
vn -0.6595261693000793 -0.5163630843162537 0.5462549328804016
vn -0.5725082755088806 -0.5886378884315491 0.5707361102104187
vn -0.48159968852996826 -0.6413043737411499 0.5973193645477295
vn -0.35419386625289917 -0.7094585299491882 0.6092743873596191
vn -0.19852380454540253 -0.7660939693450928 0.611300528049469
vn 0.00024733971804380417 -0.810600221157074 0.5855998992919922
vn 0.18658685684204102 -0.822236955165863 0.5376911163330078
vn 0.3200777471065521 -0.8082727193832397 0.49421197175979614
vn 0.37937843799591064 -0.8022638559341431 0.46091729402542114
vn 0.3829338252544403 -0.816939651966095 0.431243896484375
vn -0.7980847358703613 -0.3835986852645874 0.46466419100761414
vn 0.3110797703266144 -0.8677365779876709 0.3876371681690216
vn 0.42161813378334045 -0.8444010615348816 0.3304922580718994
vn 0.49552008509635925 -0.8301204442977905 0.25565585494041443
vn 0.5496304035186768 -0.8157373070716858 0.18021951615810394
vn -0.7489045858383179 -0.4350258409976959 0.4998944401741028
vn -0.6867668628692627 -0.4945361912250519 0.5327150821685791
vn -0.6163398027420044 -0.5487866997718811 0.5647640228271484
vn -0.528720498085022 -0.5984437465667725 0.6019299626350403
vn -0.38888707756996155 -0.6739246249198914 0.6281659603118896
vn 0.30375465750694275 -0.8024174571037292 0.513672411441803
vn 0.3447856605052948 -0.8015366792678833 0.4885302186012268
vn 0.33938950300216675 -0.8196349143981934 0.46153387427330017
vn 0.2796715199947357 -0.8502468466758728 0.44594186544418335
vn 0.1765623241662979 -0.8755245208740234 0.44975829124450684
vn 0.10719883441925049 -0.8862351775169373 0.4506612718105316
vn 0.08302635699510574 -0.8892419934272766 0.4498392343521118
vn 0.11076720803976059 -0.8869361877441406 0.4484136998653412
vn 0.18947213888168335 -0.8773292303085327 0.4409010112285614
vn -0.8073784708976746 -0.37975549697875977 0.4515813887119293
vn 0.6064972877502441 -0.7652763724327087 0.2156689465045929
vn -0.8138970732688904 -0.37366560101509094 0.4449107348918915
vn 0.7060601115226746 -0.6906810998916626 0.15632911026477814
vn -0.7786343097686768 -0.4076346158981323 0.47703537344932556
vn -0.722811222076416 -0.4552878141403198 0.5198624134063721
vn -0.6375760436058044 -0.5198516249656677 0.5685518980026245
vn 0.3252164423465729 -0.8013744950294495 0.5020291805267334
vn 0.2689562737941742 -0.8282730579376221 0.4915549159049988
vn 0.1841057389974594 -0.8532085418701172 0.4879962205886841
vn 0.11237580329179764 -0.8670032620429993 0.48546573519706726
vn 0.08811165392398834 -0.8713408708572388 0.48270222544670105
vn 0.12752382457256317 -0.8699538111686707 0.47635918855667114
vn 0.20964883267879486 -0.8560014367103577 0.4725557267665863
vn 0.34104782342910767 -0.8356209397315979 0.430608868598938
vn 0.45960062742233276 -0.813872754573822 0.3554973900318146
vn 0.5414345860481262 -0.7909867167472839 0.2849361002445221
vn -0.8233256340026855 -0.3623451292514801 0.4368533790111542
vn 0.7303302884101868 -0.6684161424636841 0.14084583520889282
vn -0.8269703984260559 -0.3463563621044159 0.4428965747356415
vn 0.7305318117141724 -0.6734235286712646 0.11324329674243927
vn -0.815875232219696 -0.35505542159080505 0.4563807547092438
vn -0.7823938727378845 -0.38869261741638184 0.48659831285476685
vn -0.7260799407958984 -0.4379577040672302 0.5300952196121216
vn 0.1503278911113739 -0.8442234992980957 0.5144786834716797
vn 0.21164511144161224 -0.8350985050201416 0.5077567100524902
vn 0.31802842020988464 -0.8179649114608765 0.47936567664146423
vn 0.4440799355506897 -0.78830486536026 0.4258737564086914
vn 0.5669953227043152 -0.7453088760375977 0.350757896900177
vn 0.6825395822525024 -0.6857003569602966 0.2528928518295288
vn -0.8187811970710754 -0.354509174823761 0.45157578587532043
vn 0.780331015586853 -0.610258936882019 0.13662920892238617
vn 0.8551023006439209 -0.5125560760498047 0.07801519334316254
vn -0.8318400979042053 -0.31730249524116516 0.455369234085083
vn -0.8221690058708191 -0.31255555152893066 0.4757595956325531
vn -0.7894192337989807 -0.3433609902858734 0.5088422894477844
vn 0.4591781795024872 -0.756746232509613 0.4652854800224304
vn 0.5724233984947205 -0.7148807644844055 0.4015931785106659
vn 0.6756114363670349 -0.6689535975456238 0.3099198639392853
vn 0.7356277108192444 -0.6453282833099365 0.20592054724693298
vn -0.810810923576355 -0.3434223532676697 0.4739692509174347
vn 0.8373271226882935 -0.5387191772460938 0.09308567643165588
vn -0.8319022059440613 -0.26829323172569275 0.4857545793056488
vn -0.8401525020599365 -0.2525146007537842 0.47997933626174927
vn -0.8147001266479492 -0.253024697303772 0.52176833152771
vn 0.587534487247467 -0.674419641494751 0.4471704661846161
vn 0.6800117492675781 -0.6381803154945374 0.36098456382751465
vn 0.748556911945343 -0.6075564026832581 0.2655894458293915
vn 0.8049743175506592 -0.5681201815605164 0.17104347050189972
vn -0.7891831398010254 -0.3338566720485687 0.5154897570610046
vn 0.8179619908332825 -0.5647262334823608 0.10964688658714294
vn -0.7611890435218811 -0.33234459161758423 0.556900680065155
vn 0.8287084102630615 -0.5558127164840698 0.06568574905395508
vn -0.8086947798728943 -0.23003490269184113 0.5413840413093567
vn -0.8391546010971069 -0.16675756871700287 0.517698347568512
vn 0.6903666853904724 -0.5953596830368042 0.4110240936279297
vn 0.7576583623886108 -0.5726589560508728 0.31307435035705566
vn 0.7987145185470581 -0.5660111308097839 0.20417314767837524
vn -0.702071487903595 -0.3970555365085602 0.591136634349823
vn 0.8522776365280151 -0.5095595121383667 0.11820311099290848
vn -0.6717014312744141 -0.4025588929653168 0.6219031810760498
vn -0.7348412871360779 -0.2776191532611847 0.6188181638717651
vn -0.7934404611587524 -0.13973745703697205 0.5923898220062256
vn -0.8217074871063232 -0.09273822605609894 0.562313437461853
vn 0.7679663896560669 -0.5235360264778137 0.36896830797195435
vn 0.8111940622329712 -0.5203822255134583 0.2667705714702606
vn 0.8292745351791382 -0.5325915217399597 0.16926328837871552
vn -0.6334447860717773 -0.4417576193809509 0.6352936029434204
vn 0.8869830965995789 -0.4475984275341034 0.11365153640508652
vn -0.6262710690498352 -0.4132038652896881 0.6610954999923706
vn 0.9542283415794373 -0.29187309741973877 0.06525632739067078
vn -0.6394694447517395 -0.33479833602905273 0.6920902729034424
vn -0.6966068148612976 -0.21953587234020233 0.6830394864082336
vn -0.762045681476593 -0.13121962547302246 0.6340881586074829
vn -0.7957417368888855 -0.04023069888353348 0.60429847240448
vn 0.7894949316978455 -0.46648359298706055 0.3988618850708008
vn 0.8411023616790771 -0.45257723331451416 0.2961769104003906
vn 0.8739680647850037 -0.4408216178417206 0.20458778738975525
vn -0.6595484018325806 -0.3950433135032654 0.6394816040992737
vn 0.9829221963882446 -0.17941133677959442 0.04093442112207413
vn -0.6868038773536682 -0.32013583183288574 0.652543842792511
vn -0.6140389442443848 -0.3222542405128479 0.7204917669296265
vn -0.602027416229248 -0.28695690631866455 0.7451300024986267
vn -0.6537183523178101 -0.23231728374958038 0.7201951146125793
vn -0.7185578942298889 -0.1474946141242981 0.679646909236908
vn -0.764549970626831 -0.06684805452823639 0.6410886645317078
vn -0.7612243890762329 0.006174625363200903 0.6484591960906982
vn 0.8670052289962769 -0.37585002183914185 0.32716789841651917
vn 0.9105442762374878 -0.3449333608150482 0.22788166999816895
vn 0.9439631700515747 -0.296713262796402 0.14455027878284454
vn -0.7632971405982971 -0.2448381632566452 0.5978559851646423
vn 0.9893398284912109 -0.1396019458770752 0.04144938662648201
vn -0.6842072606086731 -0.22581316530704498 0.6934471130371094
vn -0.6080200672149658 -0.2538103759288788 0.7522578835487366
vn -0.5850538015365601 -0.2653864026069641 0.7663434147834778
vn -0.6153938174247742 -0.23219984769821167 0.7532420754432678
vn -0.6790400147438049 -0.16899192333221436 0.7143853306770325
vn -0.7312081456184387 -0.07677730172872543 0.6778199672698975
vn 0.8919458389282227 -0.3125862777233124 0.3266841769218445
vn 0.9348167777061462 -0.2748604118824005 0.22487647831439972
vn 0.9645829796791077 -0.22577932476997375 0.13639438152313232
vn -0.779538631439209 -0.17655223608016968 0.6009566187858582
vn 0.993337094783783 -0.10997632890939713 0.03444715216755867
vn -0.7132830023765564 -0.16240839660167694 0.6817997694015503
vn -0.6372897028923035 -0.1960761398077011 0.7452623844146729
vn -0.5878016948699951 -0.22819016873836517 0.7761561870574951
vn -0.5943630337715149 -0.2313312590122223 0.7702067494392395
vn -0.6427313685417175 -0.1970207542181015 0.7403237223625183
vn -0.6858288049697876 -0.13932384550571442 0.7143022418022156
vn 0.9512596726417542 -0.20395943522453308 0.23131273686885834
vn 0.9751004576683044 -0.17857185006141663 0.13149607181549072
vn -0.7867092490196228 -0.1352129727602005 0.6023337841033936
vn 0.9960116147994995 -0.08578335493803024 0.024537667632102966
vn -0.7238871455192566 -0.15531893074512482 0.6722079515457153
vn -0.6582029461860657 -0.17951975762844086 0.7311235070228577
vn -0.6101000308990479 -0.21336086094379425 0.7630563974380493
vn -0.5959585309028625 -0.241363987326622 0.7658831477165222
vn -0.6176658868789673 -0.23343797028064728 0.7509964108467102
vn -0.6464340686798096 -0.20584045350551605 0.7346786260604858
vn 0.9625774025917053 -0.15078438818454742 0.22518609464168549
vn 0.9807893633842468 -0.15098999440670013 0.12350820749998093
vn -0.7880567312240601 -0.1414162665605545 0.599139392375946
vn 0.9979475140571594 -0.061728060245513916 0.017040086910128593
vn -0.7261597514152527 -0.20719432830810547 0.6555627584457397
vn -0.6697556376457214 -0.22033043205738068 0.7091416716575623
vn -0.6284722089767456 -0.24114122986793518 0.7395090460777283
vn -0.6122741103172302 -0.2636812627315521 0.7453809380531311
vn -0.6133135557174683 -0.2664767801761627 0.7435299158096313
vn 0.9684712290763855 -0.10084159672260284 0.22780342400074005
vn 0.9864171743392944 -0.11665035039186478 0.11564544588327408
vn -0.7913348078727722 -0.18528378009796143 0.5826312303543091
vn 0.9995944499969482 -0.017665302380919456 0.022336754947900772
vn -0.7982498407363892 -0.22942408919334412 0.556921660900116
vn -0.7277566194534302 -0.29060742259025574 0.6212227940559387
vn -0.6697361469268799 -0.3031376600265503 0.6779093146324158
vn -0.6356395483016968 -0.30997344851493835 0.7070211172103882
vn -0.6165525317192078 -0.3126811385154724 0.7225604057312012
vn -0.5959779024124146 -0.327790766954422 0.7330508232116699
vn 0.9731000065803528 -0.03848179057240486 0.22714655101299286
vn 0.9909250140190125 -0.0699358806014061 0.11478953063488007
vn -0.8501566052436829 -0.18194139003753662 0.49409621953964233
vn 0.9996080994606018 0.025602998211979866 -0.011320021003484726
vn -0.7868133783340454 -0.28854900598526 0.545586109161377
vn -0.7038275599479675 -0.3783649802207947 0.6012210249900818
vn -0.6581934094429016 -0.3918469548225403 0.6428354382514954
vn -0.6294108629226685 -0.3861573338508606 0.6743326187133789
vn -0.5898852944374084 -0.3951890766620636 0.7041739225387573
vn 0.9747794270515442 0.01112378016114235 0.22289296984672546
vn 0.9946291446685791 0.001369359204545617 0.10349419713020325
vn -0.8732060790061951 -0.19373692572116852 0.4471880793571472
vn 0.9994698762893677 0.029384532943367958 -0.014020002447068691
vn -0.9019806385040283 -0.1596953570842743 0.40115875005722046
vn -0.8275202512741089 -0.28572919964790344 0.48328980803489685
vn -0.725010871887207 -0.389684796333313 0.567895233631134
vn -0.6591875553131104 -0.4307703673839569 0.6163673400878906
vn -0.5973959565162659 -0.45628654956817627 0.6594851613044739
vn 0.9728689789772034 0.043656863272190094 0.227200448513031
vn 0.9953217506408691 0.010081646032631397 0.09608875215053558
vn -0.9479063153266907 -0.019083349034190178 0.3179771900177002
vn 0.9994164109230042 0.0288835521787405 -0.01823633536696434
vn -0.9150673151016235 -0.11214220523834229 0.38739636540412903
vn -0.838750422000885 -0.2601378262042999 0.4783576428890228
vn -0.749919056892395 -0.3733690083026886 0.5460925102233887
vn -0.6560712456703186 -0.44676631689071655 0.6082519292831421
vn 0.9660676121711731 0.08590419590473175 0.24358537793159485
vn 0.9944127202033997 0.0242184866219759 0.1027466356754303
vn -0.9589200615882874 0.0768733024597168 0.27306193113327026
vn 0.997376561164856 0.06994879990816116 -0.018634211272001266
vn -0.9451618790626526 0.01372389867901802 0.326313853263855
vn -0.888654351234436 -0.13247932493686676 0.4390247166156769
vn -0.7856804132461548 -0.30313050746917725 0.539275586605072
vn 0.9074577689170837 0.25070539116859436 0.33714568614959717
vn 0.9663181900978088 0.16751527786254883 0.19536569714546204
vn 0.9930740594863892 0.06373818963766098 0.09869855642318726
vn -0.9611086249351501 0.19370968639850616 0.19684195518493652
vn 0.9779408574104309 0.2062467783689499 -0.03307431936264038
vn 0.9190781712532043 0.39115238189697266 -0.04790802672505379
vn -0.9563645124435425 0.05416254699230194 0.2871122360229492
vn -0.9001919031143188 -0.08805028349161148 0.42649930715560913
vn 0.9018458127975464 0.3102134168148041 0.3007354140281677
vn 0.9300469756126404 0.30959588289260864 0.19789645075798035
vn 0.9684240221977234 0.23692022264003754 0.07761234045028687
vn -0.9741126298904419 0.16901682317256927 0.15012656152248383
vn 0.9646479487419128 0.2554081678390503 -0.06496953219175339
vn -0.9571975469589233 0.12137699872255325 0.26275554299354553
vn -0.9221579432487488 0.030467066913843155 0.385611891746521
vn 0.8707339763641357 0.33555591106414795 0.359478235244751
vn 0.929038405418396 0.30949604511260986 0.2027311772108078
vn 0.9396724104881287 0.3276200592517853 0.09839164465665817
vn -0.9691063165664673 0.19674274325370789 0.1487458497285843
vn 0.9646338820457458 0.2600327134132385 -0.043180398643016815
vn 0.9273570775985718 0.3741759955883026 0.0011186539195477962
vn -0.9424267411231995 0.22444571554660797 0.24790321290493011
vn -0.9146009683609009 0.17704936861991882 0.36353617906570435
vn 0.889878511428833 0.3403390049934387 0.30378538370132446
vn 0.9100732207298279 0.36172017455101013 0.20229990780353546
vn 0.9498103857040405 0.3035474419593811 0.07562588155269623
vn -0.9654154777526855 0.24183402955532074 0.09741277247667313
vn 0.9566394686698914 0.2821407616138458 -0.07237080484628677
vn -0.9358294010162354 0.24303871393203735 0.25525572896003723
vn -0.875637412071228 0.32011789083480835 0.3616402745246887
vn 0.9288377165794373 0.2697654962539673 0.2539432644844055
vn 0.9258143901824951 0.36049801111221313 0.11361750215291977
vn -0.9679468870162964 0.23122136294841766 0.09805852919816971
vn 0.9806079268455505 0.1932227909564972 -0.03275809809565544
vn -0.9025267958641052 0.3291693329811096 0.2776561975479126
vn -0.8306890726089478 0.4116748869419098 0.37480592727661133
vn -0.7446139454841614 0.5183473229408264 0.42055460810661316
vn 0.8766545057296753 0.36396461725234985 0.31465327739715576
vn 0.9388949275016785 0.29160499572753906 0.18287384510040283
vn 0.967886209487915 0.23604372143745422 0.08648519217967987
vn -0.9328628778457642 0.34348034858703613 0.1085730642080307
vn 0.9625458717346191 0.2688050866127014 -0.03534688800573349
vn -0.8528240919113159 0.5221980810165405 0.000594817625824362
vn 0.9018718004226685 0.4317655563354492 0.014346938580274582
vn -0.8223086595535278 0.530004620552063 0.20713187754154205
vn -0.7610086798667908 0.550617516040802 0.3430541455745697
vn -0.69547438621521 0.5882213115692139 0.41268762946128845
vn -0.6191241145133972 0.6385291814804077 0.4571278393268585
vn 0.8360580205917358 0.48228830099105835 0.2615436613559723
vn 0.8858687877655029 0.42527931928634644 0.18540224432945251
vn 0.9444150924682617 0.3179277777671814 0.08367893099784851
vn -0.7639080882072449 0.6440950632095337 0.03982420638203621
vn 0.8499649167060852 0.5251296758651733 -0.04240961745381355
vn -0.7163713574409485 0.6975082159042358 -0.01715599186718464
vn 0.8040422201156616 0.594526469707489 0.007378514856100082
vn -0.7056454420089722 0.6811711192131042 0.1951165348291397
vn -0.654751718044281 0.6761699318885803 0.3377786874771118
vn -0.5981905460357666 0.684744656085968 0.4162844717502594
vn -0.5450869798660278 0.6961120367050171 0.46723464131355286
vn 0.7404072284698486 0.6221139430999756 0.25450223684310913
vn 0.7992024421691895 0.5754603743553162 0.17355337738990784
vn 0.8524612188339233 0.5120704174041748 0.10532683879137039
vn -0.6824377179145813 0.7300398349761963 0.03634021431207657
vn 0.7636778354644775 0.6436089277267456 -0.050634581595659256
vn -0.6650527119636536 0.7467042207717896 -0.011734392493963242
vn 0.7250942587852478 0.6886497139930725 -0.00004344621629570611
vn -0.6437149047851562 0.7423822283744812 0.18574100732803345
vn -0.5838466882705688 0.7424798607826233 0.32840025424957275
vn -0.5291506052017212 0.7464790344238281 0.4034460484981537
vn -0.4968036115169525 0.7453020811080933 0.44464704394340515
vn 0.40020641684532166 0.7700499892234802 0.49684786796569824
vn 0.222211092710495 0.8525320291519165 0.4730871021747589
vn 0.05733422562479973 0.8972535133361816 0.4377772808074951
vn -0.049894530326128006 0.9140178561210632 0.40259405970573425
vn 0.4940028190612793 0.8142027854919434 0.305016428232193
vn 0.6262834072113037 0.7383677363395691 0.25016453862190247
vn 0.7043373584747314 0.6897976398468018 0.16759496927261353
vn 0.7605205178260803 0.6425649523735046 0.09337492287158966
vn -0.6440747976303101 0.7640225887298584 0.03791135922074318
vn 0.6900906562805176 0.7217448353767395 -0.05347255617380142
vn -0.6339295506477356 0.7733514308929443 -0.007795111276209354
vn 0.6378381252288818 0.7701669335365295 -0.0023261739406734705
vn -0.5907959938049316 0.7856722474098206 0.18351908028125763
vn -0.5116876363754272 0.8010547161102295 0.3106237053871155
vn -0.4591098725795746 0.808897078037262 0.3672923743724823
vn -0.4338906407356262 0.8105497360229492 0.39338022470474243
vn 0.5055429935455322 0.7324342131614685 0.45603349804878235
vn 0.4537651240825653 0.7905833721160889 0.41118744015693665
vn 0.33780595660209656 0.8510556817054749 0.4019843339920044
vn 0.18261489272117615 0.910122811794281 0.3719252049922943
vn 0.05296952649950981 0.9407079815864563 0.33505627512931824
vn -0.004352836403995752 0.9503556489944458 0.31113535165786743
vn 0.043519027531147 0.9576573371887207 0.28460243344306946
vn 0.14758449792861938 0.9507219791412354 0.27266567945480347
vn 0.2917105555534363 0.9215338230133057 0.2562818229198456
vn 0.45490676164627075 0.8698248267173767 0.1909572184085846
vn 0.5961278080940247 0.7821736335754395 0.18120725452899933
vn 0.6692333817481995 0.7373321056365967 0.09202180802822113
vn -0.6012941598892212 0.797906219959259 0.04232044145464897
vn 0.5558944344520569 0.8297872543334961 -0.04934060201048851
vn -0.5793431997299194 0.8150579333305359 -0.006479811388999224
vn 0.4914710521697998 0.8326302766799927 0.2553098797798157
vn 0.42018964886665344 0.8751997351646423 0.23972095549106598
vn 0.32056349515914917 0.9260676503181458 0.19909264147281647
vn 0.17961081862449646 0.970710277557373 0.15956653654575348
vn 0.1014905646443367 0.9857320785522461 0.13428302109241486
vn 0.12912997603416443 0.9843960404396057 0.1195405051112175
vn 0.27536579966545105 0.9581598043441772 0.07812477648258209
vn 0.32978492975234985 0.9426320195198059 0.051834870129823685
vn 0.4418553411960602 0.8970513343811035 0.007925970479846
vn -0.5078979730606079 0.8436099886894226 0.1742461919784546
vn -0.42419326305389404 0.8657429814338684 0.2656109631061554
vn -0.3816474378108978 0.871399462223053 0.3082340359687805
vn -0.334878146648407 0.8802446126937866 0.33619362115859985
vn -0.2569577097892761 0.9070457816123962 0.3335278034210205
vn 0.4888680875301361 0.7704652547836304 0.40913477540016174
vn 0.5211613178253174 0.7634209990501404 0.38154852390289307
vn 0.49763163924217224 0.7785761952400208 0.38233739137649536
vn 0.44850313663482666 0.8275902271270752 0.3375490605831146
vn 0.31816136837005615 0.8965107202529907 0.3082886040210724
vn 0.17700934410095215 0.9462842345237732 0.2705804705619812
vn 0.07755076885223389 0.9682831764221191 0.237515389919281
vn 0.05685975030064583 0.9756019115447998 0.21205632388591766
vn 0.130816251039505 0.9739275574684143 0.18534362316131592
vn 0.23567304015159607 0.9577749967575073 0.16469785571098328
vn 0.38070914149284363 0.9158961772918701 0.12725840508937836
vn 0.5452067255973816 0.8345559239387512 0.07915839552879333
vn -0.4997200071811676 0.8657224178314209 0.028367673978209496
vn 0.498221218585968 0.8390474915504456 0.21857470273971558
vn -0.4600897431373596 0.8866480588912964 -0.04661204665899277
vn -0.4586527943611145 0.8884650468826294 -0.01635546050965786
vn 0.4725312888622284 0.8523944616317749 0.22391486167907715
vn -0.4058862030506134 0.9061241149902344 0.11914489418268204
vn -0.384348064661026 0.9056321382522583 0.179184228181839
vn -0.29518815875053406 0.9218822717666626 0.2509921193122864
vn -0.21005170047283173 0.9429332613945007 0.25837016105651855
vn -0.13045455515384674 0.9554622769355774 0.26471397280693054
vn -0.054503679275512695 0.9604006409645081 0.2732398211956024
vn 0.03663112223148346 0.9558720588684082 0.2914905846118927
vn 0.14805974066257477 0.9395505785942078 0.30874425172805786
vn 0.26673245429992676 0.9075750708580017 0.32428598403930664
vn 0.36801716685295105 0.8640649914741516 0.3434460163116455
vn 0.41970711946487427 0.8461189270019531 0.32852503657341003
vn 0.487536758184433 0.80399489402771 0.3404410779476166
vn 0.4982229769229889 0.8105162978172302 0.3079565465450287
vn -0.3936382532119751 0.9169797897338867 0.06478437036275864
vn 0.3918285369873047 0.9050427079200745 0.16543340682983398
vn -0.2577800452709198 0.9661309123039246 -0.011854436248540878
vn -0.16359856724739075 0.9855765700340271 0.04329334944486618
vn -0.1415684074163437 0.9890620112419128 0.04140949621796608
vn -0.1530073881149292 0.9861302375793457 0.06431132555007935
vn -0.06676546484231949 0.992783784866333 0.09961292147636414
vn 0.01637306809425354 0.9940837621688843 0.10737525671720505
vn 0.09463305026292801 0.9887093901634216 0.11618245393037796
vn 0.17281734943389893 0.9763851761817932 0.12963837385177612
vn 0.24655050039291382 0.9584535360336304 0.14345651865005493
vn 0.319109171628952 0.9347208738327026 0.15641675889492035
vn -0.27196866273880005 0.951821506023407 0.14166495203971863
vn -0.1641736924648285 0.9719536304473877 0.16838406026363373
vn -0.12031050026416779 0.9785487651824951 0.1672356128692627
vn -0.09776940941810608 0.9795079827308655 0.17608317732810974
vn -0.025182830169796944 0.9812211394309998 0.19123519957065582
vn 0.06853213161230087 0.9764198660850525 0.2047133892774582
vn 0.1699068695306778 0.9605550169944763 0.22014939785003662
vn 0.2632708251476288 0.9346453547477722 0.23901186883449554
vn 0.3332129716873169 0.9095792174339294 0.24826370179653168
vn 0.4218372404575348 0.8689211010932922 0.2589007019996643
vn -0.06983916461467743 -0.7625635862350464 0.6431323885917664
vn 0.07889902591705322 -0.7891600728034973 0.6090987920761108
vn 0.20553117990493774 -0.795638382434845 0.5698390007019043
vn -0.2265564501285553 -0.7212264537811279 0.654602587223053
vn 0.2838694751262665 -0.7543060183525085 0.5919801592826843
vn -0.43210598826408386 -0.59781813621521 0.6752021312713623
vn -0.32108137011528015 -0.6373375058174133 0.7005053162574768
vn 0.3237866461277008 -0.763045072555542 0.559396505355835
vn 0.32711073756217957 -0.7777023315429688 0.5368217825889587
vn -0.13944408297538757 -0.6600701212882996 0.7381482124328613
vn 0.03619619831442833 -0.7058653831481934 0.7074205875396729
vn 0.17395006120204926 -0.7263339757919312 0.6649665236473083
vn -0.5229122638702393 -0.5685115456581116 0.635104238986969
vn 0.3181692957878113 -0.7570120096206665 0.570702314376831
vn -0.5594325661659241 -0.5111726522445679 0.6524857878684998
vn 0.26852601766586304 -0.7796643972396851 0.5657005906105042
vn 0.1891862004995346 -0.8092751502990723 0.5561316609382629
vn 0.11706803739070892 -0.8263055086135864 0.5509213209152222
vn 0.07281200587749481 -0.833078920841217 0.5483410358428955
vn 0.08841576427221298 -0.8336902260780334 0.5451084971427917
vn -0.4240701496601105 -0.5160492658615112 0.7442161440849304
vn -0.2983918786048889 -0.5312676429748535 0.7929168343544006
vn -0.1280021220445633 -0.5122855305671692 0.8492226004600525
vn 0.03472749516367912 -0.577855110168457 0.8154001832008362
vn 0.16958431899547577 -0.6171974539756775 0.768315315246582
vn 0.2708562910556793 -0.6738338470458984 0.6874480843544006
vn 0.300454318523407 -0.7160129547119141 0.6301211714744568
vn -0.637458086013794 -0.47190332412719727 0.6090604066848755
vn 0.15214431285858154 -0.7842119932174683 0.6015510559082031
vn -0.6594237685203552 -0.4140024781227112 0.6275047659873962
vn 0.20709510147571564 -0.7784454226493835 0.5925658941268921
vn 0.2583165764808655 -0.7805235981941223 0.5692587494850159
vn 0.34153100848197937 -0.7730709910392761 0.5345257520675659
vn -0.5291275978088379 -0.41414666175842285 0.740612268447876
vn -0.36097025871276855 -0.385214626789093 0.8492997884750366
vn -0.2446691393852234 -0.39692944288253784 0.8846377730369568
vn -0.14400281012058258 -0.34533753991127014 0.9273646473884583
vn 0.017276067286729813 -0.3603366017341614 0.9326623678207397
vn 0.14153704047203064 -0.4320870339870453 0.8906559944152832
vn 0.22156290709972382 -0.5143460035324097 0.8284673094749451
vn 0.2574836313724518 -0.5915663838386536 0.7640362977981567
vn 0.258728563785553 -0.6779301762580872 0.6880916953086853
vn 0.18649646639823914 -0.7212055921554565 0.6671443581581116
vn 0.12417791783809662 -0.7457934617996216 0.6545013785362244
vn 0.08721495419740677 -0.7566103935241699 0.6480233669281006
vn 0.09337186813354492 -0.7607147693634033 0.6423353552818298
vn -0.7306098341941833 -0.35797014832496643 0.5814350247383118
vn 0.4064922630786896 -0.7069349884986877 0.5787978172302246
vn 0.4904080629348755 -0.6831223964691162 0.5411503911018372
vn -0.6369466185569763 -0.2990884482860565 0.7105244994163513
vn -0.46933454275131226 -0.2751326262950897 0.8390632271766663
vn -0.32724717259407043 -0.265330970287323 0.9069226980209351
vn -0.17292216420173645 -0.2170226275920868 0.9607284069061279
vn -0.07805933058261871 -0.17540675401687622 0.9813966155052185
vn 0.00309184892103076 -0.15055371820926666 0.9885969758033752
vn 0.08959043025970459 -0.19740886986255646 0.9762188792228699
vn 0.14993813633918762 -0.2953008711338043 0.9435655474662781
vn 0.18360982835292816 -0.4076650142669678 0.8944812417030334
vn 0.18893161416053772 -0.5125529766082764 0.8376123309135437
vn 0.15646979212760925 -0.5821675658226013 0.7978709936141968
vn 0.11966446787118912 -0.6195592284202576 0.7757749557495117
vn 0.10143161565065384 -0.6381025314331055 0.7632410526275635
vn 0.12282130867242813 -0.65168696641922 0.7484778165817261
vn 0.17958974838256836 -0.6793918013572693 0.7114592790603638
vn 0.2442564219236374 -0.6819165349006653 0.6894408464431763
vn 0.3154047429561615 -0.6869889497756958 0.654649555683136
vn -0.7437706589698792 -0.2857920229434967 0.6042583584785461
vn 0.5277672410011292 -0.6160010099411011 0.5848115682601929
vn -0.7599204182624817 -0.1977831870317459 0.619195282459259
vn 0.6029121279716492 -0.5997786521911621 0.5260822772979736
vn -0.6388301849365234 -0.19113773107528687 0.7452263832092285
vn -0.4738081395626068 -0.15892040729522705 0.866169810295105
vn -0.2627577483654022 -0.121477410197258 0.9571841955184937
vn -0.10767679661512375 -0.07938507944345474 0.9910114407539368
vn -0.01755271665751934 -0.032078612595796585 0.9993312358856201
vn 0.019555751234292984 -0.007360750809311867 0.9997816681861877
vn 0.04172088950872421 -0.02758747711777687 0.9987483620643616
vn 0.05871144309639931 -0.1051151230931282 0.9927254319190979
vn 0.07370419800281525 -0.22446924448013306 0.9716899394989014
vn 0.09116631746292114 -0.3525448441505432 0.9313435554504395
vn 0.09984305500984192 -0.44898784160614014 0.8879421949386597
vn 0.10044627636671066 -0.4992275834083557 0.8606290817260742
vn 0.10558023303747177 -0.5154594779014587 0.8503848910331726
vn 0.13175462186336517 -0.5217155814170837 0.8428840637207031
vn 0.18380774557590485 -0.5391915440559387 0.8218802809715271
vn 0.24492532014846802 -0.5555033087730408 0.7946242094039917
vn 0.3273361325263977 -0.5670191645622253 0.7558705806732178
vn 0.42251336574554443 -0.5933356285095215 0.6851534843444824
vn -0.8145442008972168 -0.1271083950996399 0.5660046935081482
vn 0.6325932145118713 -0.5423588156700134 0.5528768301010132
vn 0.7060644030570984 -0.516326367855072 0.48464435338974
vn -0.7351306676864624 -0.057886090129613876 0.675449550151825
vn -0.5819676518440247 -0.04923299327492714 0.8117202520370483
vn -0.41144829988479614 -0.07717330753803253 0.9081599712371826
vn -0.21296130120754242 -0.033398713916540146 0.9764896631240845
vn -0.05009949207305908 0.005158723797649145 0.9987308979034424
vn 0.024016940966248512 0.036688800901174545 0.9990381002426147
vn 0.031314656138420105 0.05356447771191597 0.9980732798576355
vn 0.004195015411823988 0.037034470587968826 0.9993051886558533
vn -0.02902473881840706 -0.024670526385307312 0.9992741942405701
vn -0.054884787648916245 -0.13313543796539307 0.9895769953727722
vn -0.04093259200453758 -0.2725561857223511 0.9612687826156616
vn 0.0072456663474440575 -0.3924258351325989 0.9197551012039185
vn 0.06256022304296494 -0.4608638286590576 0.8852630853652954
vn 0.11169649660587311 -0.4752098023891449 0.8727540373802185
vn 0.15299518406391144 -0.45248404145240784 0.8785503506660461
vn 0.19569697976112366 -0.4273257255554199 0.8826638460159302
vn 0.25215744972229004 -0.4245811700820923 0.8695673942565918
vn 0.3294377326965332 -0.44195857644081116 0.8343520760536194
vn 0.4199548363685608 -0.4719845652580261 0.7751571536064148
vn 0.5215500593185425 -0.5126448273658752 0.6820416450500488
vn -0.8091657161712646 -0.0540897473692894 0.5850855708122253
vn 0.7079188823699951 -0.47526654601097107 0.5224677920341492
vn -0.7307073473930359 0.029232241213321686 0.6820647120475769
vn -0.6057135462760925 0.06683684885501862 0.7928707599639893
vn -0.3898838758468628 0.05863545089960098 0.9189953804016113
vn -0.17354276776313782 0.03579721227288246 0.9841755628585815
vn -0.020389776676893234 0.03990010544657707 0.9989956021308899
vn 0.0417240746319294 0.045040350407361984 0.9981134533882141
vn 0.02440449222922325 0.039621248841285706 0.9989166855812073
vn -0.03934835270047188 0.011821568943560123 0.9991556406021118
vn -0.11881201714277267 -0.05415171757340431 0.9914389848709106
vn -0.17364680767059326 -0.15292203426361084 0.9728626012802124
vn -0.19714774191379547 -0.28328433632850647 0.9385535717010498
vn -0.11903467774391174 -0.42534148693084717 0.8971707820892334
vn -0.006303299684077501 -0.5143905878067017 0.8575329184532166
vn 0.10759547352790833 -0.5410788655281067 0.834060549736023
vn 0.19936485588550568 -0.5060016512870789 0.8391757607460022
vn 0.24659068882465363 -0.4280952513217926 0.8694409132003784
vn 0.2783513367176056 -0.36176130175590515 0.8897467851638794
vn 0.3296724557876587 -0.34031933546066284 0.8806241154670715
vn 0.4085945188999176 -0.3627076745033264 0.8375521898269653
vn 0.5026320219039917 -0.4045363664627075 0.7640100717544556
vn 0.616033136844635 -0.4538341462612152 0.6438460946083069
vn -0.7901393175125122 -0.006363691296428442 0.6128943562507629
vn 0.7093946933746338 -0.43115806579589844 0.5575498938560486
vn -0.7722646594047546 0.027849813923239708 0.6346902251243591
vn 0.7950846552848816 -0.38263583183288574 0.47056373953819275
vn -0.716837465763092 0.061243440955877304 0.6945453882217407
vn -0.5987977385520935 0.11014477908611298 0.7932903170585632
vn -0.4092620313167572 0.128739133477211 0.9032889008522034
vn -0.18561457097530365 0.09877598285675049 0.9776453971862793
vn -0.029247993603348732 0.057644207030534744 0.9979087114334106
vn 0.023429913446307182 0.022003276273608208 0.9994833469390869
vn -0.011332878842949867 -0.01752878539264202 0.999782145023346
vn -0.10573551058769226 -0.07471241801977158 0.9915836453437805
vn -0.20953154563903809 -0.1477140337228775 0.9665801525115967
vn -0.297878623008728 -0.24871964752674103 0.921632707118988
vn -0.3004988431930542 -0.33526402711868286 0.8929157257080078
vn -0.2833598554134369 -0.4884876608848572 0.825279951095581
vn -0.11082947254180908 -0.5960940718650818 0.7952286601066589
vn 0.06644333899021149 -0.6459033489227295 0.7605223059654236
vn 0.24517656862735748 -0.6372753381729126 0.7305946946144104
vn 0.3295351266860962 -0.529879093170166 0.7814311981201172
vn 0.35071155428886414 -0.41388317942619324 0.8400607705116272
vn 0.35974860191345215 -0.3233892023563385 0.8752145171165466
vn 0.40083104372024536 -0.29455962777137756 0.8675073981285095
vn 0.48410511016845703 -0.32146456837654114 0.8138198852539062
vn 0.5980390310287476 -0.38573890924453735 0.702534556388855
vn -0.7217140197753906 0.06550313532352448 0.689085066318512
vn 0.8067826628684998 -0.3384164869785309 0.4843304455280304
vn -0.7079963684082031 0.03573538735508919 0.7053113579750061
vn -0.6015530228614807 0.06980976462364197 0.7957767248153687
vn -0.419296532869339 0.12598232924938202 0.8990655541419983
vn -0.2219482660293579 0.1146927997469902 0.9682894945144653
vn -0.077164426445961 0.06307794898748398 0.9950210452079773
vn -0.03421080484986305 -0.004530024249106646 0.9994043707847595
vn -0.08714792877435684 -0.08293426781892776 0.9927372336387634
vn -0.1921820342540741 -0.16486245393753052 0.9674122333526611
vn -0.3163644075393677 -0.2605971693992615 0.9121418595314026
vn -0.37558531761169434 -0.3260505199432373 0.8675406575202942
vn -0.4155438542366028 -0.4587400257587433 0.7854176759719849
vn 0.42050379514694214 -0.6407679915428162 0.642333984375
vn 0.4489946663379669 -0.512041449546814 0.7322686314582825
vn 0.4361187219619751 -0.3856707811355591 0.8130550384521484
vn 0.4266899824142456 -0.29366111755371094 0.8553940057754517
vn 0.46992620825767517 -0.2682234048843384 0.840967059135437
vn 0.5662345290184021 -0.2918505370616913 0.7708448171615601
vn 0.6918923258781433 -0.328613817691803 0.6428826451301575
vn -0.7228090763092041 -0.004274606704711914 0.6910345554351807
vn 0.8231025338172913 -0.283737450838089 0.49193015694618225
vn 0.904720664024353 -0.20493048429489136 0.3734756112098694
vn -0.6477932333946228 0.008467135950922966 0.76176917552948
vn -0.5057862997055054 0.028728319332003593 0.8621803522109985
vn -0.38449737429618835 0.057635221630334854 0.921325147151947
vn -0.2375655621290207 0.09099147468805313 0.9671003818511963
vn -0.1371265947818756 0.06091951206326485 0.988678514957428
vn -0.12368419766426086 -0.01897076517343521 0.9921402931213379
vn -0.18926621973514557 -0.11430995166301727 0.9752494692802429
vn -0.30675631761550903 -0.22694328427314758 0.9243361353874207
vn -0.39056217670440674 -0.30238649249076843 0.8694961667060852
vn -0.49398478865623474 -0.4089467227458954 0.7672950029373169
vn 0.5499656796455383 -0.5737778544425964 0.6068910360336304
vn 0.5361396074295044 -0.447573184967041 0.7157042026519775
vn 0.49589088559150696 -0.3297838270664215 0.8033273816108704
vn 0.4899742603302002 -0.25378984212875366 0.8339759707450867
vn 0.5610625743865967 -0.2393481433391571 0.7924149036407471
vn 0.6939485669136047 -0.26449185609817505 0.6696860790252686
vn -0.6940728425979614 -0.06817087531089783 0.7166697978973389
vn 0.9188752174377441 -0.14262835681438446 0.36786624789237976
vn -0.60896235704422 -0.06877569109201431 0.7902118563652039
vn -0.4960553050041199 -0.00114550837315619 0.8682901859283447
vn -0.33920779824256897 0.04058020934462547 0.9398358464241028
vn -0.22004587948322296 0.06820400804281235 0.9731022715568542
vn -0.1772405207157135 0.0715959444642067 0.9815599322319031
vn -0.22084273397922516 0.016100149601697922 0.9751765727996826
vn -0.31247252225875854 -0.10125886648893356 0.9445144534111023
vn -0.3959099054336548 -0.19607360661029816 0.8971123099327087
vn -0.5399392247200012 -0.29999780654907227 0.7864267826080322
vn 0.6483103632926941 -0.4510337710380554 0.6134021878242493
vn 0.5883129835128784 -0.33426105976104736 0.7363134622573853
vn 0.5441021919250488 -0.2444429099559784 0.8026210069656372
vn 0.5745766758918762 -0.19468867778778076 0.7949578166007996
vn 0.6835377812385559 -0.18272623419761658 0.7066734433174133
vn 0.8171769976615906 -0.16913126409053802 0.5510139465332031
vn -0.6552095413208008 -0.138985738158226 0.7425519824028015
vn 0.9222409725189209 -0.11060622334480286 0.37045639753341675
vn -0.6247230172157288 -0.20211903750896454 0.7542340755462646
vn -0.5534499287605286 -0.1585153192281723 0.8176589012145996
vn -0.44488969445228577 -0.06358729302883148 0.89332515001297
vn -0.2968844473361969 0.007791903335601091 0.9548816084861755
vn -0.18194743990898132 0.061406757682561874 0.9813889861106873
vn -0.177491694688797 0.09837710112333298 0.9791929125785828
vn -0.27894842624664307 0.09545356780290604 0.9555503129959106
vn -0.4249601364135742 0.029018603265285492 0.9047468304634094
vn -0.5537229776382446 -0.11867193132638931 0.8242013454437256
vn 0.6895557641983032 -0.24478483200073242 0.6816107630729675
vn 0.6113027930259705 -0.1917228400707245 0.7678224444389343
vn 0.6104371547698975 -0.14629705250263214 0.7784366607666016
vn 0.7000571489334106 -0.12627020478248596 0.7028341293334961
vn 0.8263702392578125 -0.12244337797164917 0.5496544241905212
vn -0.6172432899475098 -0.24433040618896484 0.7478725910186768
vn 0.9255056381225586 -0.061111919581890106 0.3737708628177643
vn -0.5659289360046387 -0.22579503059387207 0.7929319143295288
vn -0.45839402079582214 -0.1728905588388443 0.8717705011367798
vn -0.3602854907512665 -0.12270018458366394 0.924737274646759
vn -0.2247190773487091 -0.035247307270765305 0.973785936832428
vn -0.11941024661064148 0.04271607846021652 0.9919256567955017
vn -0.13026349246501923 0.11818995326757431 0.984409749507904
vn -0.2708023488521576 0.17927613854408264 0.9457939267158508
vn -0.4625352621078491 0.18502968549728394 0.8670785427093506
vn -0.6230381727218628 0.11865673214197159 0.7731390595436096
vn 0.7156665325164795 -0.017331069335341454 0.698227047920227
vn 0.6523163318634033 -0.061781033873558044 0.7554247379302979
vn 0.6431258320808411 -0.06587149947881699 0.7629221081733704
vn 0.7177376747131348 -0.06668966263532639 0.6931126713752747
vn 0.8340193629264832 -0.08098318427801132 0.5457594990730286
vn -0.586859941482544 -0.29218190908432007 0.7551325559616089
vn 0.9271427989006042 -0.00042170367669314146 0.37470799684524536
vn -0.5567729473114014 -0.34268468618392944 0.7566843032836914
vn -0.4906189441680908 -0.28879132866859436 0.8221268653869629
vn -0.41873782873153687 -0.1831088662147522 0.8894547820091248
vn -0.2838163673877716 -0.11374427378177643 0.9521085023880005
vn -0.1412060260772705 -0.054680585861206055 0.9884689450263977
vn -0.03889012709259987 0.019454099237918854 0.9990541338920593
vn -0.04383618384599686 0.10911037772893906 0.9930626153945923
vn -0.19144849479198456 0.2206691950559616 0.9563747048377991
vn -0.41496503353118896 0.31563836336135864 0.8533325791358948
vn -0.6163403987884521 0.3492017388343811 0.7058205604553223
vn 0.6701722741127014 0.21743902564048767 0.7096403241157532
vn 0.6439290046691895 0.10339756309986115 0.7580661773681641
vn 0.6523904204368591 0.04761631414294243 0.7563857436180115
vn 0.7272467017173767 0.013582347892224789 0.6862418055534363
vn 0.8389419317245483 -0.021289916709065437 0.5438044667243958
vn -0.5581728219985962 -0.3763831853866577 0.73944491147995
vn 0.9240763187408447 0.05504552647471428 0.3782234787940979
vn -0.5302217602729797 -0.42270004749298096 0.7349758744239807
vn -0.4753885865211487 -0.356780081987381 0.8041850924491882
vn -0.38234391808509827 -0.26395270228385925 0.8855180144309998
vn -0.3200635313987732 -0.20002618432044983 0.9260393977165222
vn -0.2129313051700592 -0.10456877946853638 0.971455454826355
vn -0.07346644252538681 -0.04240896925330162 0.9963955879211426
vn 0.03212819993495941 0.007659261580556631 0.9994544386863708
vn 0.049684733152389526 0.07699336856603622 0.9957928657531738
vn -0.06507957726716995 0.19312505424022675 0.9790135025978088
vn -0.2864387333393097 0.3428695499897003 0.8946470618247986
vn -0.49260807037353516 0.4608534574508667 0.7382082343101501
vn -0.611864447593689 0.5462658405303955 0.5720275640487671
vn 0.6220194101333618 0.3990970253944397 0.6736567616462708
vn 0.5824888348579407 0.3259224593639374 0.7446350455284119
vn 0.593954861164093 0.24891416728496552 0.7650224566459656
vn 0.6320295929908752 0.16481219232082367 0.7572156190872192
vn 0.7217516303062439 0.10384871065616608 0.6843172311782837
vn 0.8377245664596558 0.05029173940420151 0.543772280216217
vn -0.5393627285957336 -0.4488222301006317 0.7124931216239929
vn 0.9142217636108398 0.10018768906593323 0.3926334083080292
vn -0.5175777077674866 -0.47809121012687683 0.7096070647239685
vn -0.4501343071460724 -0.41791900992393494 0.7891279458999634
vn -0.35865992307662964 -0.3218468427658081 0.8762292265892029
vn -0.30983442068099976 -0.2503364086151123 0.9172427654266357
vn -0.21974928677082062 -0.15579728782176971 0.963035523891449
vn -0.125691756606102 -0.08042439073324203 0.9888041019439697
vn -0.018915992230176926 -0.021054118871688843 0.9995993971824646
vn 0.07711052149534225 0.010758521035313606 0.9969645142555237
vn 0.11537479609251022 0.0443347692489624 0.9923321604728699
vn 0.05466224625706673 0.12142869085073471 0.9910938739776611
vn -0.12208762019872665 0.26815974712371826 0.9556071162223816
vn -0.34023988246917725 0.44028979539871216 0.8308921456336975
vn -0.4810633957386017 0.572584867477417 0.6638709306716919
vn -0.5180317163467407 0.674111545085907 0.526513934135437
vn 0.5477532744407654 0.5138064622879028 0.6602796912193298
vn 0.5270207524299622 0.43326127529144287 0.7311182022094727
vn 0.5303211808204651 0.38548538088798523 0.7550897002220154
vn 0.541024386882782 0.32314440608024597 0.7764472365379333
vn 0.5911067724227905 0.25873130559921265 0.7639704942703247
vn 0.6988982558250427 0.1881704330444336 0.6900240182876587
vn 0.8261804580688477 0.12204483896493912 0.5500281453132629
vn -0.5543641448020935 -0.4834567904472351 0.6774585247039795
vn 0.8996511697769165 0.16037000715732574 0.4060901701450348
vn -0.5610895752906799 -0.46743717789649963 0.6831405162811279
vn 0.8181453347206116 0.272158145904541 0.5065255761146545
vn -0.4532092213630676 -0.44338056445121765 0.7733144164085388
vn -0.3322157859802246 -0.37099239230155945 0.8671777844429016
vn -0.2804972529411316 -0.2992193400859833 0.912024736404419
vn -0.20190316438674927 -0.19448551535606384 0.9599013328552246
vn -0.12874570488929749 -0.10580288618803024 0.9860174059867859
vn -0.05097373202443123 -0.033243823796510696 0.9981465339660645
vn 0.024529051035642624 0.009682291187345982 0.9996522665023804
vn 0.0964348316192627 0.024014392867684364 0.9950495958328247
vn 0.14108434319496155 0.025499515235424042 0.989669144153595
vn 0.12651626765727997 0.050113074481487274 0.9906979203224182
vn 0.023511795327067375 0.13996943831443787 0.9898766875267029
vn -0.16048529744148254 0.3073197603225708 0.9379760026931763
vn -0.33348724246025085 0.49148547649383545 0.8045049905776978
vn -0.409687876701355 0.634362518787384 0.6555456519126892
vn -0.38482701778411865 0.7471945285797119 0.5418565273284912
vn 0.4489923417568207 0.5789316892623901 0.6806203126907349
vn 0.46350258588790894 0.4717629551887512 0.7500700950622559
vn 0.4790479838848114 0.424980491399765 0.7680525183677673
vn 0.4807127118110657 0.3725733458995819 0.7937911152839661
vn 0.5082858204841614 0.3380949795246124 0.7920462489128113
vn 0.5674206614494324 0.31581756472587585 0.7604559063911438
vn 0.6569568514823914 0.2685626447200775 0.7044727206230164
vn 0.7962247729301453 0.1933184415102005 0.5732837319374084
vn -0.6502851247787476 -0.42133989930152893 0.6321407556533813
vn 0.8159124851226807 0.30399489402770996 0.4918067753314972
vn -0.6983857154846191 -0.3277684450149536 0.6362587809562683
vn -0.543458878993988 -0.3794212341308594 0.7487937808036804
vn -0.36486732959747314 -0.3754848539829254 0.8519877195358276
vn -0.2614041566848755 -0.33739542961120605 0.9043408036231995
vn -0.16378779709339142 -0.24036423861980438 0.9567646384239197
vn -0.09928493946790695 -0.14157696068286896 0.9849357604980469
vn -0.041891299188137054 -0.053552303463220596 0.997685968875885
vn 0.006881064269691706 0.006263231858611107 0.9999567270278931
vn 0.05255326256155968 0.038231030106544495 0.997886061668396
vn 0.09662314504384995 0.040893979370594025 0.9944806098937988
vn 0.13366366922855377 0.02263486757874489 0.9907682538032532
vn 0.1441771686077118 0.00771115068346262 0.989521861076355
vn 0.10424686968326569 0.030892981216311455 0.9940715432167053
vn -0.003779930993914604 0.12812136113643646 0.9917513132095337
vn -0.15697135031223297 0.3007514774799347 0.9406958222389221
vn -0.2761297821998596 0.487926721572876 0.8280579447746277
vn -0.300345242023468 0.634790301322937 0.7119227647781372
vn -0.21004341542720795 0.7408398389816284 0.6379953622817993
vn -0.029925383627414703 0.7466802597045898 0.664509654045105
vn 0.13924360275268555 0.7062196731567383 0.6941649913787842
vn 0.31094858050346375 0.6154000759124756 0.7242884039878845
vn 0.3584258258342743 0.48846614360809326 0.7955700755119324
vn 0.40370017290115356 0.4244229197502136 0.8104884028434753
vn 0.42011886835098267 0.3575993776321411 0.8340400457382202
vn 0.44912591576576233 0.32243961095809937 0.8332578539848328
vn 0.49311089515686035 0.30432984232902527 0.815000057220459
vn 0.577009379863739 0.299007385969162 0.760036051273346
vn 0.6912036538124084 0.2996057868003845 0.6576274633407593
vn -0.8137830495834351 -0.19599513709545135 0.5471224784851074
vn 0.8311048150062561 0.293361097574234 0.4724447429180145
vn 0.7740774154663086 0.317789763212204 0.5475525856018066
vn -0.7103099226951599 -0.18122698366641998 0.6801592111587524
vn -0.5320643186569214 -0.23144029080867767 0.8144587278366089
vn -0.3519939184188843 -0.2804334759712219 0.8930046558380127
vn -0.17464189231395721 -0.25292956829071045 0.9515917897224426
vn -0.0626695528626442 -0.18965457379817963 0.9798488020896912
vn 0.00045332213630899787 -0.1018611341714859 0.9947985410690308
vn 0.030856991186738014 -0.024641379714012146 0.9992200136184692
vn 0.051217466592788696 0.027487007901072502 0.9983091950416565
vn 0.06905598193407059 0.051467981189489365 0.9962842464447021
vn 0.08771480619907379 0.05111243948340416 0.9948334693908691
vn 0.10896362364292145 0.029706373810768127 0.9936017990112305
vn 0.12590518593788147 -0.0015497625572606921 0.9920410513877869
vn 0.12152902781963348 -0.01940055750310421 0.9923983216285706
vn 0.07922276854515076 0.00482341181486845 0.9968453049659729
vn -0.007964265532791615 0.09690260142087936 0.9952620267868042
vn -0.11554078757762909 0.2521597146987915 0.960763156414032
vn -0.1862359642982483 0.4201999306678772 0.8881149888038635
vn -0.1727990359067917 0.5472710728645325 0.8189229965209961
vn -0.07262186706066132 0.5985195636749268 0.7978098392486572
vn 0.04912097752094269 0.5859752297401428 0.8088387846946716
vn 0.17155873775482178 0.5251748561859131 0.8335220217704773
vn 0.2773739695549011 0.42195481061935425 0.8631441593170166
vn 0.3187338709831238 0.3324451148509979 0.8876311182975769
vn 0.3700200319290161 0.2716110348701477 0.8884326815605164
vn 0.4336616098880768 0.24408267438411713 0.867387592792511
vn 0.5073733925819397 0.26372525095939636 0.8203787207603455
vn 0.5742734670639038 0.28146886825561523 0.7687556743621826
vn 0.7076091170310974 0.28119462728500366 0.6482429504394531
vn -0.8485215902328491 -0.0586908757686615 0.525895893573761
vn 0.8063734769821167 0.3006274700164795 0.5092985033988953
vn -0.7584270238876343 0.02565407007932663 0.6512529253959656
vn -0.5991906523704529 -0.020252330228686333 0.8003501892089844
vn -0.36346787214279175 -0.08569858223199844 0.9276566505432129
vn -0.1441466063261032 -0.13607452809810638 0.9801558256149292
vn 0.0067501370795071125 -0.1301557570695877 0.9914705753326416
vn 0.07557983696460724 -0.0870465636253357 0.993333101272583
vn 0.09266861528158188 -0.028871402144432068 0.9952783584594727
vn 0.08706985414028168 0.018784193322062492 0.9960250854492188
vn 0.08043096959590912 0.04327576607465744 0.9958203434944153
vn 0.07963649183511734 0.04678820073604584 0.9957253336906433
vn 0.08543968200683594 0.03481486812233925 0.9957349300384521
vn 0.09720879793167114 0.010972843505442142 0.9952035546302795
vn 0.10657475143671036 -0.014909329824149609 0.994192898273468
vn 0.09948885440826416 -0.025377506390213966 0.9947150349617004
vn 0.06562589854001999 -0.001932544051669538 0.9978424310684204
vn 0.0052161505445837975 0.06897793710231781 0.9976045489311218
vn -0.05990563705563545 0.1802528202533722 0.9817944169044495
vn -0.09068409353494644 0.29637372493743896 0.9507570862770081
vn -0.06196267157793045 0.3724687397480011 0.9259738922119141
vn 0.008087671361863613 0.3929474949836731 0.9195253849029541
vn 0.09143516421318054 0.36852511763572693 0.9251101613044739
vn 0.1757396012544632 0.31066036224365234 0.9341337084770203
vn 0.2490842491388321 0.24190889298915863 0.9377831220626831
vn 0.32303130626678467 0.19215528666973114 0.9266753196716309
vn 0.43066370487213135 0.17065295577049255 0.886231541633606
vn 0.5513637065887451 0.1933935582637787 0.811539888381958
vn 0.6564481258392334 0.27081942558288574 0.7040828466415405
vn -0.8616514801979065 0.09629478305578232 0.49828118085861206
vn 0.8527690172195435 0.25798025727272034 0.45412683486938477
vn -0.7526828050613403 0.21695192158222198 0.6216111779212952
vn -0.6158396005630493 0.19664527475833893 0.7629365921020508
vn -0.4186220169067383 0.13903960585594177 0.8974539637565613
vn -0.17879876494407654 0.0403919443488121 0.9830561876296997
vn 0.010411524213850498 -0.038357481360435486 0.9992098808288574
vn 0.10895980149507523 -0.06378421187400818 0.9919976592063904
vn 0.13502182066440582 -0.048629920929670334 0.9896485209465027
vn 0.12002463638782501 -0.015146501362323761 0.9926553964614868
vn 0.09477725625038147 0.013664117082953453 0.9954047203063965
vn 0.07915705442428589 0.027390746399760246 0.9964858293533325
vn 0.07583866268396378 0.030188828706741333 0.9966630339622498
vn 0.08226712048053741 0.027716707438230515 0.9962248206138611
vn 0.09375771880149841 0.022587936371564865 0.9953387975692749
vn 0.0993364080786705 0.018998296931385994 0.9948725700378418
vn 0.0877780169248581 0.023021047934889793 0.9958740472793579
vn 0.05643719807267189 0.040786013007164 0.9975727200508118
vn 0.013984205201268196 0.07701609283685684 0.996931791305542
vn -0.019732657819986343 0.1273607760667801 0.9916601777076721
vn -0.023605508729815483 0.17452184855937958 0.9843703508377075
vn 0.0064087603241205215 0.20198188722133636 0.979368269443512
vn 0.058863282203674316 0.2058904767036438 0.9768030643463135
vn 0.1242041066288948 0.19121739268302917 0.9736576676368713
vn 0.20338162779808044 0.1690959632396698 0.9643871188163757
vn 0.3023252785205841 0.1563263237476349 0.9402986764907837
vn 0.4273897707462311 0.14642831683158875 0.8921304941177368
vn 0.5873085856437683 0.1571982055902481 0.7939504384994507
vn 0.7191200852394104 0.21774280071258545 0.6598896980285645
vn -0.8443264961242676 0.2491416037082672 0.4743851125240326
vn 0.8714963793754578 0.2567130923271179 0.4178425967693329
vn -0.7991949915885925 0.39429813623428345 0.45367002487182617
vn 0.7998737692832947 0.3317049741744995 0.5001737475395203
vn -0.718760073184967 0.3717404901981354 0.5875312685966492
vn -0.6019960641860962 0.3881126344203949 0.6978318691253662
vn -0.4608111083507538 0.3534733057022095 0.8140698671340942
vn -0.26643702387809753 0.2521825432777405 0.9302769899368286
vn -0.059539251029491425 0.11593616008758545 0.9914705753326416
vn 0.08187704533338547 0.010375095531344414 0.9965884685516357
vn 0.1410953551530838 -0.03788932040333748 0.9892706871032715
vn 0.14184801280498505 -0.04098031297326088 0.9890398383140564
vn 0.11463795602321625 -0.020762646570801735 0.993190348148346
vn 0.09070589393377304 0.001953225117176771 0.9958758354187012
vn 0.08471161127090454 0.02086736261844635 0.9961869716644287
vn 0.09390281140804291 0.04155421257019043 0.9947137832641602
vn 0.11001822352409363 0.06879105418920517 0.9915461540222168
vn 0.11908269673585892 0.10210411995649338 0.9876204133033752
vn 0.10697955638170242 0.1334906816482544 0.9852591753005981
vn 0.07414276897907257 0.1530485451221466 0.9854333996772766
vn 0.03294523060321808 0.15889719128608704 0.986745297908783
vn 0.00011304121289867908 0.15483495593070984 0.9879403710365295
vn -0.008528304286301136 0.14560715854167938 0.9893057346343994
vn 0.012006278149783611 0.13641434907913208 0.9905791282653809
vn 0.05702098086476326 0.1324005126953125 0.9895548224449158
vn 0.11939655244350433 0.13761146366596222 0.9832637310028076
vn 0.20104868710041046 0.1468028873205185 0.9685186147689819
vn 0.3243182301521301 0.16112960875034332 0.9321238994598389
vn 0.461911141872406 0.20122377574443817 0.8637980818748474
vn 0.5857686400413513 0.200107604265213 0.7853865623474121
vn 0.7527323365211487 0.21687667071819305 0.6215775012969971
vn -0.6940592527389526 0.498756468296051 0.5191567540168762
vn 0.791892409324646 0.4089377820491791 0.4535156190395355
vn -0.6395544409751892 0.5858262181282043 0.4977729618549347
vn -0.5835559368133545 0.5276378989219666 0.6173011660575867
vn -0.48586466908454895 0.5139334201812744 0.7069709897041321
vn -0.35860738158226013 0.44664549827575684 0.8197003602981567
vn -0.18389011919498444 0.31618720293045044 0.9307040572166443
vn -0.013200397603213787 0.16092652082443237 0.9868780970573425
vn 0.09568043053150177 0.043048132210969925 0.9944808483123779
vn 0.13548040390014648 -0.014527229592204094 0.9906735420227051
vn 0.1296447217464447 -0.024137111380696297 0.991266667842865
vn 0.11289554089307785 -0.0068003153428435326 0.993583619594574
vn 0.11241123080253601 0.022599494084715843 0.993404746055603
vn 0.13290861248970032 0.06267959624528885 0.9891443848609924
vn 0.16107890009880066 0.11667148023843765 0.9800211191177368
vn 0.18198351562023163 0.1871957927942276 0.9653184413909912
vn 0.16286100447177887 0.2695521116256714 0.9491143226623535
vn 0.10545360296964645 0.3318822979927063 0.9374079704284668
vn 0.03929276391863823 0.3575769066810608 0.9330567717552185
vn -0.014368681237101555 0.3488374650478363 0.9370731115341187
vn -0.03300483152270317 0.3101617097854614 0.9501107931137085
vn -0.007449786644428968 0.2597391903400421 0.9656500816345215
vn 0.050539281219244 0.21830207109451294 0.974571704864502
vn 0.14052164554595947 0.20356902480125427 0.968923807144165
vn 0.2350361943244934 0.22960098087787628 0.9444794654846191
vn 0.35323500633239746 0.244113951921463 0.9031242728233337
vn 0.5303142666816711 0.25593262910842896 0.8082482814788818
vn 0.6664444208145142 0.3091655373573303 0.6784309148788452
vn -0.5674323439598083 0.6173998117446899 0.5448284149169922
vn 0.7760449647903442 0.49434494972229004 0.3916342258453369
vn -0.5459543466567993 0.6573067307472229 0.5195013880729675
vn 0.6924580931663513 0.5707143545150757 0.4413468837738037
vn -0.5006174445152283 0.6096794009208679 0.6145512461662292
vn -0.42305803298950195 0.5743923187255859 0.7007819414138794
vn -0.3063092529773712 0.49568817019462585 0.8126917481422424
vn -0.15180370211601257 0.3637508749961853 0.9190435409545898
vn -0.005985906347632408 0.21458745002746582 0.976686418056488
vn 0.08774373680353165 0.10204920172691345 0.9909021258354187
vn 0.12498839944601059 0.0482010580599308 0.9909866452217102
vn 0.13549166917800903 0.04143628850579262 0.9899116158485413
vn 0.1540466845035553 0.06515687704086304 0.9859129190444946
vn 0.1925804316997528 0.11112793534994125 0.974968433380127
vn 0.24140681326389313 0.18164218962192535 0.9532727003097534
vn 0.2693348824977875 0.26884958148002625 0.9247586727142334
vn 0.2708735764026642 0.3755396604537964 0.8863394260406494
vn 0.18187254667282104 0.49112680554389954 0.8518901467323303
vn 0.07345633208751678 0.5565944910049438 0.8275305032730103
vn -0.017057672142982483 0.5760916471481323 0.8172070980072021
vn -0.07002463936805725 0.5549290180206299 0.8289453983306885
vn -0.04683089628815651 0.5023818016052246 0.8633767366409302
vn 0.02311006374657154 0.4518699645996094 0.8917844295501709
vn 0.13353601098060608 0.3999820649623871 0.9067428112030029
vn 0.29238253831863403 0.39089715480804443 0.872761070728302
vn 0.39070969820022583 0.43795230984687805 0.80965656042099
vn 0.5211271643638611 0.39515239000320435 0.7564926147460938
vn 0.6853412389755249 0.4131034016609192 0.5997107625007629
vn -0.5092902779579163 0.6652225852012634 0.545987606048584
vn 0.6297001838684082 0.6758389472961426 0.3830398619174957
vn -0.5027231574058533 0.6939579844474792 0.5154529213905334
vn 0.40677860379219055 0.6860104203224182 0.6032585501670837
vn 0.26991209387779236 0.7597005367279053 0.5916101932525635
vn 0.09999970346689224 0.8234933018684387 0.5584431886672974
vn -0.040695566684007645 0.8503003716468811 0.5247219800949097
vn 0.4362980127334595 0.7609059810638428 0.4802771806716919
vn 0.5482412576675415 0.7122478485107422 0.43833157420158386
vn -0.4599604606628418 0.6492072939872742 0.6057774424552917
vn -0.38369905948638916 0.6116491556167603 0.6918529272079468
vn -0.27139484882354736 0.5437336564064026 0.794165313243866
vn -0.13280101120471954 0.4361523985862732 0.8900196552276611
vn -0.00037909403908997774 0.31546106934547424 0.9489384889602661
vn 0.09098636358976364 0.2275809645652771 0.9694990515708923
vn 0.14554615318775177 0.18871180713176727 0.9711869955062866
vn 0.19420988857746124 0.18725135922431946 0.9629223346710205
vn 0.2619246244430542 0.21722635626792908 0.9403234720230103
vn 0.3269660472869873 0.274559885263443 0.9042732119560242
vn 0.376607745885849 0.36266112327575684 0.8524338603019714
vn 0.35759106278419495 0.44095379114151 0.8232182860374451
vn 0.32621583342552185 0.5879043936729431 0.7402375936508179
vn 0.1577894389629364 0.6921376585960388 0.7043067216873169
vn 0.015486756339669228 0.7376383543014526 0.6750183701515198
vn -0.08073518425226212 0.7525131702423096 0.6536097526550293
vn -0.07030941545963287 0.7147108316421509 0.695877194404602
vn 0.0013657930539920926 0.6893333196640015 0.7244430184364319
vn 0.10841585695743561 0.6584877967834473 0.7447414398193359
vn 0.2654150128364563 0.5855901837348938 0.7659236192703247
vn 0.43086177110671997 0.6142234206199646 0.6611261367797852
vn 0.5519916415214539 0.5857161283493042 0.5934996604919434
vn -0.4766348600387573 0.7009888291358948 0.5305033922195435
vn 0.4696139991283417 0.6846362352371216 0.5574370622634888
vn -0.09577615559101105 0.8610355257987976 0.49944445490837097
vn 0.3084796965122223 0.8681399822235107 0.3888099789619446
vn -0.46333351731300354 0.7426978945732117 0.48344796895980835
vn 0.520308792591095 0.6465634703636169 0.5578840374946594
vn -0.0522979237139225 0.9094386100769043 0.4125364422798157
vn -0.006244342308491468 0.916659414768219 0.3996204733848572
vn 0.06555771082639694 0.9161435961723328 0.3954530358314514
vn 0.1739242970943451 0.9021573662757874 0.39479416608810425
vn -0.4198314845561981 0.68941330909729 0.5902972221374512
vn -0.3334003984928131 0.6642470955848694 0.6690440773963928
vn -0.227165088057518 0.62276291847229 0.7487071752548218
vn -0.09389223158359528 0.5513177514076233 0.8289951682090759
vn 0.033027421683073044 0.4781660735607147 0.8776482343673706
vn 0.1338914930820465 0.4257379174232483 0.8948856592178345
vn 0.21769464015960693 0.4014360308647156 0.8896393179893494
vn 0.307012140750885 0.3889511227607727 0.8685969114303589
vn 0.407378613948822 0.40997713804244995 0.8160645961761475
vn 0.4421733319759369 0.445427805185318 0.7785093188285828
vn 0.4524814486503601 0.5669686198234558 0.6883364915847778
vn -0.05750301480293274 0.8431327939033508 0.5346218347549438
vn -0.0032308760564774275 0.8386071920394897 0.544727087020874
vn 0.09506320208311081 0.8263858556747437 0.5550220012664795
vn 0.24532143771648407 0.783169686794281 0.5713690519332886
vn -0.4230189621448517 0.7612587809562683 0.49146726727485657
vn 0.5246736407279968 0.6843985319137573 0.5062768459320068
vn -0.3761683702468872 0.8205868005752563 0.43027278780937195
vn -0.3226906359195709 0.8347494006156921 0.446166068315506
vn 0.49925246834754944 0.7005613446235657 0.5098634958267212
vn -0.35323187708854675 0.7539742588996887 0.5538502335548401
vn -0.2708030641078949 0.7536934614181519 0.5988420844078064
vn -0.1458723545074463 0.7263036370277405 0.6717174649238586
vn -0.01964981108903885 0.6987735629081726 0.7150730490684509
vn 0.10039197653532028 0.6642263531684875 0.7407596111297607
vn 0.21534620225429535 0.6306315660476685 0.7456070184707642
vn 0.3203836977481842 0.6017282605171204 0.7316265106201172
vn 0.42321646213531494 0.5486599206924438 0.7210132479667664
vn 0.49350905418395996 0.5927565693855286 0.6364656090736389
vn -0.2526271343231201 0.8508588671684265 0.460671991109848
vn 0.43065041303634644 0.7858272194862366 0.443864643573761
vn -0.15089178085327148 0.9141296148300171 0.3762960433959961
vn -0.0658717006444931 0.9216916561126709 0.3822897672653198
vn 0.007223356515169144 0.9172883629798889 0.39815807342529297
vn 0.10967608541250229 0.9025463461875916 0.4163907468318939
vn 0.23249158263206482 0.8722972273826599 0.4301687777042389
vn 0.34461361169815063 0.8293004035949707 0.43988898396492004
vn -0.13695158064365387 0.8417530059814453 0.5222031474113464
vn -0.04314576834440231 0.8403018116950989 0.5403991937637329
vn 0.05702320113778114 0.8274498581886292 0.5586367845535278
vn 0.17579185962677002 0.8009816408157349 0.572298526763916
vn 0.30162230134010315 0.7610984444618225 0.5742413401603699
vn 0.41512060165405273 0.70734041929245 0.5721402168273926
vn -0.21064099669456482 -0.6423129439353943 0.7369290590286255
vn -0.016167838126420975 -0.699366569519043 0.7145802974700928
vn 0.17419445514678955 -0.7138716578483582 0.6782650947570801
vn 0.32378512620925903 -0.7025792598724365 0.633676290512085
vn -0.3558310270309448 -0.5770554542541504 0.7351130843162537
vn 0.4082476496696472 -0.6742822527885437 0.615367591381073
vn -0.4228643774986267 -0.5509231090545654 0.719492495059967
vn 0.4969029128551483 -0.6409258842468262 0.585065484046936
vn -0.30748698115348816 -0.6244211792945862 0.718018114566803
vn -0.08709751069545746 -0.6946710348129272 0.714035153388977
vn 0.13205696642398834 -0.7161603569984436 0.6853287220001221
vn 0.3090551793575287 -0.6968127489089966 0.6472533345222473
vn -0.4969537556171417 -0.4956681430339813 0.7122851014137268
vn 0.552049994468689 -0.5831211805343628 0.5959953665733337
vn -0.5433986783027649 -0.44493749737739563 0.7118627429008484
vn 0.618283212184906 -0.5369196534156799 0.5739714503288269
vn -0.47424983978271484 -0.507749080657959 0.7192203998565674
vn -0.3070906400680542 -0.5730293393135071 0.7598241567611694
vn -0.10414411127567291 -0.6431261301040649 0.7586453557014465
vn 0.12383346259593964 -0.6671255230903625 0.7345806956291199
vn 0.33245885372161865 -0.655181884765625 0.6783862113952637
vn 0.4700467884540558 -0.6196271181106567 0.6285843253135681
vn -0.5842469930648804 -0.38766786456108093 0.7130000591278076
vn 0.6721277832984924 -0.43849241733551025 0.5966310501098633
vn -0.6383368372917175 -0.2747383117675781 0.7190584540367126
vn 0.7224043607711792 -0.3430931270122528 0.6003491282463074
vn -0.6058293581008911 -0.3375011384487152 0.720460832118988
vn -0.5000683665275574 -0.37783852219581604 0.7792109251022339
vn -0.3416277766227722 -0.4388383626937866 0.8310904502868652
vn -0.107810840010643 -0.4876416027545929 0.8663616180419922
vn 0.14235812425613403 -0.5331340432167053 0.8339678049087524
vn 0.36974895000457764 -0.5422219634056091 0.7545072436332703
vn 0.5286746025085449 -0.5243657827377319 0.6674906015396118
vn 0.6087151765823364 -0.4912232756614685 0.623029351234436
vn -0.6617211103439331 -0.17990264296531677 0.7278462648391724
vn 0.7555549740791321 -0.1603313684463501 0.6351618766784668
vn -0.6991713047027588 -0.10254892706871033 0.7075614929199219
vn -0.6532334685325623 -0.10492569953203201 0.7498510479927063
vn -0.5366367101669312 -0.16962721943855286 0.826587975025177
vn -0.3413386344909668 -0.2058846801519394 0.9171147346496582
vn -0.10154353082180023 -0.24348534643650055 0.9645744562149048
vn 0.16779309511184692 -0.2799111008644104 0.9452487826347351
vn 0.41128745675086975 -0.31668490171432495 0.854724109172821
vn 0.5898519158363342 -0.3337599039077759 0.735308825969696
vn 0.6814000010490417 -0.32596418261528015 0.6553177833557129
vn 0.7146241068840027 -0.31328126788139343 0.625433623790741
vn -0.7015409469604492 0.017217865213751793 0.7124211192131042
vn 0.7555245757102966 0.06409238278865814 0.6519775986671448
vn -0.7174521684646606 0.16950157284736633 0.6756712198257446
vn -0.6759063005447388 0.15836882591247559 0.7197707891464233
vn -0.5400118231773376 0.13913612067699432 0.8300773501396179
vn -0.33561640977859497 0.10447972267866135 0.9361867308616638
vn -0.07394596934318542 0.07637285441160202 0.9943335652351379
vn 0.19362322986125946 0.0454140268266201 0.9800242781639099
vn 0.4393674433231354 0.0066858213394880295 0.898282527923584
vn 0.6189314723014832 -0.04430842027068138 0.7841942310333252
vn 0.7310800552368164 -0.08077535778284073 0.6774933934211731
vn 0.760746419429779 -0.09831548482179642 0.6415597796440125
vn -0.7107593417167664 0.23847681283950806 0.661777913570404
vn 0.7180615663528442 0.2628606855869293 0.6444314122200012
vn -0.6870884895324707 0.4198640286922455 0.5929785966873169
vn 0.6829138398170471 0.35999077558517456 0.6356377601623535
vn -0.6775988936424255 0.38370490074157715 0.6273996829986572
vn -0.6305078268051147 0.3995799124240875 0.6654289960861206
vn -0.5166187286376953 0.4218674302101135 0.7450725436210632
vn -0.3127821087837219 0.42207327485084534 0.8508945107460022
vn -0.054407745599746704 0.3955680727958679 0.91682368516922
vn 0.2130526304244995 0.35855579376220703 0.9088708758354187
vn 0.4374163746833801 0.3120817542076111 0.8433694243431091
vn 0.6101459264755249 0.26108747720718384 0.7480343580245972
vn 0.7099364399909973 0.18600261211395264 0.6792593598365784
vn 0.7440927624702454 0.1792427897453308 0.6435821652412415
vn -0.6412000060081482 0.5139517784118652 0.5698387026786804
vn 0.6255826354026794 0.475640207529068 0.6183954477310181
vn -0.5869691967964172 0.617861270904541 0.5231773853302002
vn 0.578833281993866 0.5342210531234741 0.6160842776298523
vn -0.5649615526199341 0.5687481760978699 0.597782552242279
vn -0.4633933901786804 0.6078556776046753 0.6448085308074951
vn -0.28379496932029724 0.6370006799697876 0.7167220711708069
vn -0.04541194438934326 0.6351913809776306 0.7710186243057251
vn 0.20224127173423767 0.5904439091682434 0.7813286185264587
vn 0.4210928976535797 0.5339404940605164 0.7332042455673218
vn 0.5640705823898315 0.4661162197589874 0.681586503982544
vn 0.6503524780273438 0.42026856541633606 0.6327843070030212
vn -0.5126731991767883 0.6704316735267639 0.5363650918006897
vn 0.5273353457450867 0.5916403532028198 0.6098189353942871
vn -0.455016553401947 0.7334161400794983 0.5050353407859802
vn 0.4517594277858734 0.6483061909675598 0.6128723621368408
vn -0.4116376042366028 0.7088180780410767 0.5728275775909424
vn -0.25656580924987793 0.7463221549987793 0.6141476631164551
vn -0.04301954060792923 0.7607795000076294 0.6475831270217896
vn 0.17818205058574677 0.7350488305091858 0.6541821956634521
vn 0.3720241189002991 0.6636252999305725 0.6489988565444946
vn 0.5179226994514465 0.5957773923873901 0.6138448715209961
vn -0.3551807999610901 0.7725781798362732 0.5262789726257324
vn 0.37939146161079407 0.6830506920814514 0.6241024732589722
vn -0.27171170711517334 0.8028982281684875 0.5305913090705872
vn -0.11986093968153 0.8143534660339355 0.5678572058677673
vn 0.060136232525110245 0.7995564341545105 0.5975726842880249
vn 0.24114111065864563 0.7462141513824463 0.6204960942268372
vn -0.24177663028240204 0.7934536933898926 0.5585474967956543
vn -0.06374897807836533 0.8107863664627075 0.5818604230880737
vn 0.14403921365737915 0.7885916233062744 0.5978093147277832
vn 0.35056331753730774 0.7172092795372009 0.6022592186927795

g grp1
usemtl mtl1
f 1//1 366//366 394//394 
f 1//1 2//2 367//367 
f 366//366 1//1 367//367 
f 2//2 3//3 368//368 
f 367//367 2//2 368//368 
f 3//3 4//4 369//369 
f 368//368 3//3 369//369 
f 369//369 4//4 395//395 
f 5//5 396//396 423//423 
f 5//5 6//6 397//397 
f 396//396 5//5 397//397 
f 6//6 7//7 398//398 
f 397//397 6//6 398//398 
f 7//7 8//8 399//399 
f 398//398 7//7 399//399 
f 394//394 399//399 8//8 
f 394//394 8//8 1//1 
f 1//1 8//8 9//9 
f 2//2 1//1 10//10 
f 10//10 1//1 9//9 
f 3//3 2//2 11//11 
f 11//11 2//2 10//10 
f 4//4 3//3 12//12 
f 12//12 3//3 11//11 
f 400//400 395//395 4//4 
f 400//400 4//4 13//13 
f 13//13 4//4 12//12 
f 13//13 14//14 401//401 
f 400//400 13//13 401//401 
f 401//401 14//14 424//424 
f 15//15 425//425 448//448 
f 15//15 16//16 426//426 
f 425//425 15//15 426//426 
f 16//16 17//17 427//427 
f 426//426 16//16 427//427 
f 17//17 18//18 428//428 
f 427//427 17//17 428//428 
f 18//18 19//19 429//429 
f 428//428 18//18 429//429 
f 423//423 429//429 19//19 
f 423//423 19//19 5//5 
f 5//5 19//19 20//20 
f 6//6 5//5 21//21 
f 21//21 5//5 20//20 
f 7//7 6//6 22//22 
f 22//22 6//6 21//21 
f 8//8 7//7 23//23 
f 23//23 7//7 22//22 
f 9//9 8//8 24//24 
f 24//24 8//8 23//23 
f 10//10 9//9 25//25 
f 25//25 9//9 24//24 
f 11//11 10//10 26//26 
f 26//26 10//10 25//25 
f 12//12 11//11 27//27 
f 27//27 11//11 26//26 
f 13//13 12//12 28//28 
f 28//28 12//12 27//27 
f 14//14 13//13 29//29 
f 29//29 13//13 28//28 
f 430//430 424//424 14//14 
f 430//430 14//14 30//30 
f 30//30 14//14 29//29 
f 430//430 30//30 449//449 
f 31//31 450//450 462//462 
f 448//448 450//450 31//31 
f 448//448 31//31 15//15 
f 15//15 31//31 32//32 
f 16//16 15//15 33//33 
f 33//33 15//15 32//32 
f 17//17 16//16 34//34 
f 34//34 16//16 33//33 
f 18//18 17//17 35//35 
f 35//35 17//17 34//34 
f 19//19 18//18 36//36 
f 36//36 18//18 35//35 
f 20//20 19//19 37//37 
f 37//37 19//19 36//36 
f 21//21 20//20 38//38 
f 38//38 20//20 37//37 
f 22//22 21//21 39//39 
f 39//39 21//21 38//38 
f 23//23 22//22 40//40 
f 40//40 22//22 39//39 
f 24//24 23//23 41//41 
f 41//41 23//23 40//40 
f 25//25 24//24 42//42 
f 42//42 24//24 41//41 
f 26//26 25//25 43//43 
f 43//43 25//25 42//42 
f 27//27 26//26 44//44 
f 44//44 26//26 43//43 
f 28//28 27//27 45//45 
f 45//45 27//27 44//44 
f 29//29 28//28 46//46 
f 46//46 28//28 45//45 
f 30//30 29//29 47//47 
f 47//47 29//29 46//46 
f 463//463 449//449 30//30 
f 47//47 463//463 30//30 
f 48//48 464//464 477//477 
f 462//462 464//464 48//48 
f 462//462 48//48 31//31 
f 31//31 48//48 49//49 
f 32//32 31//31 50//50 
f 50//50 31//31 49//49 
f 33//33 32//32 51//51 
f 51//51 32//32 50//50 
f 34//34 33//33 52//52 
f 52//52 33//33 51//51 
f 35//35 34//34 53//53 
f 53//53 34//34 52//52 
f 36//36 35//35 54//54 
f 54//54 35//35 53//53 
f 37//37 36//36 55//55 
f 55//55 36//36 54//54 
f 38//38 37//37 56//56 
f 56//56 37//37 55//55 
f 39//39 38//38 57//57 
f 57//57 38//38 56//56 
f 40//40 39//39 58//58 
f 58//58 39//39 57//57 
f 41//41 40//40 59//59 
f 59//59 40//40 58//58 
f 42//42 41//41 60//60 
f 60//60 41//41 59//59 
f 43//43 42//42 61//61 
f 61//61 42//42 60//60 
f 44//44 43//43 62//62 
f 62//62 43//43 61//61 
f 45//45 44//44 63//63 
f 63//63 44//44 62//62 
f 46//46 45//45 64//64 
f 64//64 45//45 63//63 
f 47//47 46//46 65//65 
f 65//65 46//46 64//64 
f 465//465 463//463 47//47 
f 465//465 47//47 66//66 
f 66//66 47//47 65//65 
f 465//465 66//66 478//478 
f 67//67 479//479 489//489 
f 477//477 479//479 67//67 
f 477//477 67//67 48//48 
f 48//48 67//67 68//68 
f 49//49 48//48 69//69 
f 69//69 48//48 68//68 
f 50//50 49//49 70//70 
f 70//70 49//49 69//69 
f 51//51 50//50 71//71 
f 71//71 50//50 70//70 
f 52//52 51//51 72//72 
f 72//72 51//51 71//71 
f 53//53 52//52 73//73 
f 73//73 52//52 72//72 
f 54//54 53//53 74//74 
f 74//74 53//53 73//73 
f 55//55 54//54 75//75 
f 75//75 54//54 74//74 
f 56//56 55//55 76//76 
f 76//76 55//55 75//75 
f 57//57 56//56 77//77 
f 77//77 56//56 76//76 
f 58//58 57//57 78//78 
f 78//78 57//57 77//77 
f 59//59 58//58 79//79 
f 79//79 58//58 78//78 
f 60//60 59//59 80//80 
f 80//80 59//59 79//79 
f 61//61 60//60 81//81 
f 81//81 60//60 80//80 
f 62//62 61//61 82//82 
f 82//82 61//61 81//81 
f 63//63 62//62 83//83 
f 83//83 62//62 82//82 
f 64//64 63//63 84//84 
f 84//84 63//63 83//83 
f 65//65 64//64 85//85 
f 85//85 64//64 84//84 
f 66//66 65//65 86//86 
f 86//86 65//65 85//85 
f 490//490 478//478 66//66 
f 86//86 490//490 66//66 
f 87//87 67//67 489//489 
f 501//501 87//87 489//489 
f 68//68 67//67 88//88 
f 88//88 67//67 87//87 
f 69//69 68//68 89//89 
f 89//89 68//68 88//88 
f 70//70 69//69 90//90 
f 90//90 69//69 89//89 
f 71//71 70//70 91//91 
f 91//91 70//70 90//90 
f 72//72 71//71 92//92 
f 92//92 71//71 91//91 
f 73//73 72//72 93//93 
f 93//93 72//72 92//92 
f 74//74 73//73 94//94 
f 94//94 73//73 93//93 
f 75//75 74//74 95//95 
f 95//95 74//74 94//94 
f 76//76 75//75 96//96 
f 96//96 75//75 95//95 
f 77//77 76//76 97//97 
f 97//97 76//76 96//96 
f 78//78 77//77 98//98 
f 98//98 77//77 97//97 
f 79//79 78//78 99//99 
f 99//99 78//78 98//98 
f 80//80 79//79 100//100 
f 100//100 79//79 99//99 
f 81//81 80//80 101//101 
f 101//101 80//80 100//100 
f 82//82 81//81 102//102 
f 102//102 81//81 101//101 
f 83//83 82//82 103//103 
f 103//103 82//82 102//102 
f 84//84 83//83 104//104 
f 104//104 83//83 103//103 
f 85//85 84//84 105//105 
f 105//105 84//84 104//104 
f 86//86 85//85 106//106 
f 106//106 85//85 105//105 
f 502//502 490//490 86//86 
f 106//106 502//502 86//86 
f 107//107 87//87 501//501 
f 513//513 107//107 501//501 
f 88//88 87//87 108//108 
f 108//108 87//87 107//107 
f 89//89 88//88 109//109 
f 109//109 88//88 108//108 
f 90//90 89//89 110//110 
f 110//110 89//89 109//109 
f 91//91 90//90 111//111 
f 111//111 90//90 110//110 
f 92//92 91//91 112//112 
f 112//112 91//91 111//111 
f 93//93 92//92 113//113 
f 113//113 92//92 112//112 
f 94//94 93//93 114//114 
f 114//114 93//93 113//113 
f 95//95 94//94 115//115 
f 115//115 94//94 114//114 
f 96//96 95//95 116//116 
f 116//116 95//95 115//115 
f 97//97 96//96 117//117 
f 117//117 96//96 116//116 
f 98//98 97//97 118//118 
f 118//118 97//97 117//117 
f 99//99 98//98 119//119 
f 119//119 98//98 118//118 
f 100//100 99//99 120//120 
f 120//120 99//99 119//119 
f 101//101 100//100 121//121 
f 121//121 100//100 120//120 
f 102//102 101//101 122//122 
f 122//122 101//101 121//121 
f 103//103 102//102 123//123 
f 123//123 102//102 122//122 
f 104//104 103//103 124//124 
f 124//124 103//103 123//123 
f 105//105 104//104 125//125 
f 125//125 104//104 124//124 
f 106//106 105//105 126//126 
f 126//126 105//105 125//125 
f 514//514 502//502 106//106 
f 126//126 514//514 106//106 
f 127//127 107//107 513//513 
f 526//526 127//127 513//513 
f 108//108 107//107 128//128 
f 128//128 107//107 127//127 
f 109//109 108//108 129//129 
f 129//129 108//108 128//128 
f 110//110 109//109 130//130 
f 130//130 109//109 129//129 
f 111//111 110//110 131//131 
f 131//131 110//110 130//130 
f 112//112 111//111 132//132 
f 132//132 111//111 131//131 
f 113//113 112//112 133//133 
f 133//133 112//112 132//132 
f 114//114 113//113 134//134 
f 134//134 113//113 133//133 
f 115//115 114//114 135//135 
f 135//135 114//114 134//134 
f 116//116 115//115 136//136 
f 136//136 115//115 135//135 
f 117//117 116//116 137//137 
f 137//137 116//116 136//136 
f 118//118 117//117 138//138 
f 138//138 117//117 137//137 
f 119//119 118//118 139//139 
f 139//139 118//118 138//138 
f 120//120 119//119 140//140 
f 140//140 119//119 139//139 
f 121//121 120//120 141//141 
f 141//141 120//120 140//140 
f 122//122 121//121 142//142 
f 142//142 121//121 141//141 
f 123//123 122//122 143//143 
f 143//143 122//122 142//142 
f 124//124 123//123 144//144 
f 144//144 123//123 143//143 
f 125//125 124//124 145//145 
f 145//145 124//124 144//144 
f 126//126 125//125 146//146 
f 146//146 125//125 145//145 
f 527//527 514//514 126//126 
f 146//146 527//527 126//126 
f 147//147 127//127 526//526 
f 538//538 147//147 526//526 
f 128//128 127//127 148//148 
f 148//148 127//127 147//147 
f 129//129 128//128 149//149 
f 149//149 128//128 148//148 
f 130//130 129//129 150//150 
f 150//150 129//129 149//149 
f 131//131 130//130 151//151 
f 151//151 130//130 150//150 
f 132//132 131//131 152//152 
f 152//152 131//131 151//151 
f 133//133 132//132 153//153 
f 153//153 132//132 152//152 
f 134//134 133//133 154//154 
f 154//154 133//133 153//153 
f 135//135 134//134 155//155 
f 155//155 134//134 154//154 
f 136//136 135//135 156//156 
f 156//156 135//135 155//155 
f 137//137 136//136 157//157 
f 157//157 136//136 156//156 
f 138//138 137//137 158//158 
f 158//158 137//137 157//157 
f 139//139 138//138 159//159 
f 159//159 138//138 158//158 
f 140//140 139//139 160//160 
f 160//160 139//139 159//159 
f 141//141 140//140 161//161 
f 161//161 140//140 160//160 
f 142//142 141//141 162//162 
f 162//162 141//141 161//161 
f 143//143 142//142 163//163 
f 163//163 142//142 162//162 
f 144//144 143//143 164//164 
f 164//164 143//143 163//163 
f 145//145 144//144 165//165 
f 165//165 144//144 164//164 
f 146//146 145//145 166//166 
f 166//166 145//145 165//165 
f 539//539 527//527 146//146 
f 166//166 539//539 146//146 
f 147//147 538//538 540//540 
f 540//540 551//551 167//167 
f 540//540 167//167 147//147 
f 147//147 167//167 148//148 
f 149//149 148//148 168//168 
f 168//168 148//148 167//167 
f 150//150 149//149 169//169 
f 169//169 149//149 168//168 
f 151//151 150//150 170//170 
f 170//170 150//150 169//169 
f 152//152 151//151 171//171 
f 171//171 151//151 170//170 
f 153//153 152//152 172//172 
f 172//172 152//152 171//171 
f 154//154 153//153 173//173 
f 173//173 153//153 172//172 
f 155//155 154//154 174//174 
f 174//174 154//154 173//173 
f 156//156 155//155 175//175 
f 175//175 155//155 174//174 
f 157//157 156//156 176//176 
f 176//176 156//156 175//175 
f 158//158 157//157 177//177 
f 177//177 157//157 176//176 
f 159//159 158//158 178//178 
f 178//178 158//158 177//177 
f 160//160 159//159 179//179 
f 179//179 159//159 178//178 
f 161//161 160//160 180//180 
f 180//180 160//160 179//179 
f 162//162 161//161 181//181 
f 181//181 161//161 180//180 
f 163//163 162//162 182//182 
f 182//182 162//162 181//181 
f 164//164 163//163 183//183 
f 183//183 163//163 182//182 
f 165//165 164//164 184//184 
f 184//184 164//164 183//183 
f 166//166 165//165 185//185 
f 185//185 165//165 184//184 
f 552//552 539//539 166//166 
f 185//185 552//552 166//166 
f 167//167 551//551 553//553 
f 553//553 564//564 186//186 
f 553//553 186//186 167//167 
f 167//167 186//186 168//168 
f 169//169 168//168 187//187 
f 187//187 168//168 186//186 
f 170//170 169//169 188//188 
f 188//188 169//169 187//187 
f 171//171 170//170 189//189 
f 189//189 170//170 188//188 
f 172//172 171//171 190//190 
f 190//190 171//171 189//189 
f 173//173 172//172 191//191 
f 191//191 172//172 190//190 
f 174//174 173//173 192//192 
f 192//192 173//173 191//191 
f 175//175 174//174 193//193 
f 193//193 174//174 192//192 
f 176//176 175//175 194//194 
f 194//194 175//175 193//193 
f 177//177 176//176 195//195 
f 195//195 176//176 194//194 
f 178//178 177//177 196//196 
f 196//196 177//177 195//195 
f 179//179 178//178 197//197 
f 197//197 178//178 196//196 
f 180//180 179//179 198//198 
f 198//198 179//179 197//197 
f 181//181 180//180 199//199 
f 199//199 180//180 198//198 
f 182//182 181//181 200//200 
f 200//200 181//181 199//199 
f 183//183 182//182 201//201 
f 201//201 182//182 200//200 
f 184//184 183//183 202//202 
f 202//202 183//183 201//201 
f 565//565 554//554 185//185 
f 565//565 185//185 202//202 
f 202//202 185//185 184//184 
f 552//552 185//185 554//554 
f 186//186 564//564 566//566 
f 566//566 576//576 203//203 
f 566//566 203//203 186//186 
f 186//186 203//203 187//187 
f 188//188 187//187 204//204 
f 204//204 187//187 203//203 
f 189//189 188//188 205//205 
f 205//205 188//188 204//204 
f 190//190 189//189 206//206 
f 206//206 189//189 205//205 
f 191//191 190//190 207//207 
f 207//207 190//190 206//206 
f 192//192 191//191 208//208 
f 208//208 191//191 207//207 
f 193//193 192//192 209//209 
f 209//209 192//192 208//208 
f 194//194 193//193 210//210 
f 210//210 193//193 209//209 
f 195//195 194//194 211//211 
f 211//211 194//194 210//210 
f 196//196 195//195 212//212 
f 212//212 195//195 211//211 
f 197//197 196//196 213//213 
f 213//213 196//196 212//212 
f 198//198 197//197 214//214 
f 214//214 197//197 213//213 
f 199//199 198//198 215//215 
f 215//215 198//198 214//214 
f 200//200 199//199 216//216 
f 216//216 199//199 215//215 
f 201//201 200//200 217//217 
f 217//217 200//200 216//216 
f 202//202 201//201 218//218 
f 218//218 201//201 217//217 
f 577//577 565//565 202//202 
f 218//218 577//577 202//202 
f 203//203 576//576 578//578 
f 578//578 588//588 219//219 
f 578//578 219//219 203//203 
f 203//203 219//219 204//204 
f 205//205 204//204 220//220 
f 220//220 204//204 219//219 
f 206//206 205//205 221//221 
f 221//221 205//205 220//220 
f 207//207 206//206 222//222 
f 222//222 206//206 221//221 
f 208//208 207//207 223//223 
f 223//223 207//207 222//222 
f 209//209 208//208 224//224 
f 224//224 208//208 223//223 
f 210//210 209//209 225//225 
f 225//225 209//209 224//224 
f 211//211 210//210 226//226 
f 226//226 210//210 225//225 
f 212//212 211//211 227//227 
f 227//227 211//211 226//226 
f 213//213 212//212 228//228 
f 228//228 212//212 227//227 
f 214//214 213//213 229//229 
f 229//229 213//213 228//228 
f 215//215 214//214 230//230 
f 230//230 214//214 229//229 
f 216//216 215//215 231//231 
f 231//231 215//215 230//230 
f 217//217 216//216 232//232 
f 232//232 216//216 231//231 
f 589//589 579//579 218//218 
f 589//589 218//218 232//232 
f 232//232 218//218 217//217 
f 577//577 218//218 579//579 
f 219//219 588//588 590//590 
f 590//590 599//599 233//233 
f 590//590 233//233 219//219 
f 219//219 233//233 220//220 
f 221//221 220//220 234//234 
f 234//234 220//220 233//233 
f 222//222 221//221 235//235 
f 235//235 221//221 234//234 
f 223//223 222//222 236//236 
f 236//236 222//222 235//235 
f 224//224 223//223 237//237 
f 237//237 223//223 236//236 
f 225//225 224//224 238//238 
f 238//238 224//224 237//237 
f 226//226 225//225 239//239 
f 239//239 225//225 238//238 
f 227//227 226//226 240//240 
f 240//240 226//226 239//239 
f 228//228 227//227 241//241 
f 241//241 227//227 240//240 
f 229//229 228//228 242//242 
f 242//242 228//228 241//241 
f 230//230 229//229 243//243 
f 243//243 229//229 242//242 
f 231//231 230//230 244//244 
f 244//244 230//230 243//243 
f 232//232 231//231 245//245 
f 245//245 231//231 244//244 
f 600//600 589//589 232//232 
f 245//245 600//600 232//232 
f 246//246 233//233 599//599 
f 610//610 246//246 599//599 
f 234//234 233//233 247//247 
f 247//247 233//233 246//246 
f 235//235 234//234 248//248 
f 248//248 234//234 247//247 
f 236//236 235//235 249//249 
f 249//249 235//235 248//248 
f 237//237 236//236 250//250 
f 250//250 236//236 249//249 
f 238//238 237//237 251//251 
f 251//251 237//237 250//250 
f 239//239 238//238 252//252 
f 252//252 238//238 251//251 
f 240//240 239//239 253//253 
f 253//253 239//239 252//252 
f 241//241 240//240 254//254 
f 254//254 240//240 253//253 
f 242//242 241//241 255//255 
f 255//255 241//241 254//254 
f 243//243 242//242 256//256 
f 256//256 242//242 255//255 
f 244//244 243//243 257//257 
f 257//257 243//243 256//256 
f 611//611 601//601 245//245 
f 611//611 245//245 257//257 
f 257//257 245//245 244//244 
f 600//600 245//245 601//601 
f 258//258 246//246 610//610 
f 620//620 258//258 610//610 
f 247//247 246//246 259//259 
f 259//259 246//246 258//258 
f 248//248 247//247 260//260 
f 260//260 247//247 259//259 
f 249//249 248//248 261//261 
f 261//261 248//248 260//260 
f 250//250 249//249 262//262 
f 262//262 249//249 261//261 
f 251//251 250//250 263//263 
f 263//263 250//250 262//262 
f 252//252 251//251 264//264 
f 264//264 251//251 263//263 
f 253//253 252//252 265//265 
f 265//265 252//252 264//264 
f 254//254 253//253 266//266 
f 266//266 253//253 265//265 
f 255//255 254//254 267//267 
f 267//267 254//254 266//266 
f 256//256 255//255 268//268 
f 268//268 255//255 267//267 
f 257//257 256//256 269//269 
f 269//269 256//256 268//268 
f 621//621 611//611 257//257 
f 269//269 621//621 257//257 
f 258//258 620//620 622//622 
f 622//622 632//632 270//270 
f 622//622 270//270 258//258 
f 258//258 270//270 259//259 
f 260//260 259//259 271//271 
f 271//271 259//259 270//270 
f 261//261 260//260 272//272 
f 272//272 260//260 271//271 
f 262//262 261//261 273//273 
f 273//273 261//261 272//272 
f 263//263 262//262 274//274 
f 274//274 262//262 273//273 
f 264//264 263//263 275//275 
f 275//275 263//263 274//274 
f 265//265 264//264 276//276 
f 276//276 264//264 275//275 
f 266//266 265//265 277//277 
f 277//277 265//265 276//276 
f 267//267 266//266 278//278 
f 278//278 266//266 277//277 
f 268//268 267//267 279//279 
f 279//279 267//267 278//278 
f 633//633 623//623 269//269 
f 633//633 269//269 279//279 
f 279//279 269//269 268//268 
f 621//621 269//269 623//623 
f 270//270 632//632 634//634 
f 634//634 644//644 280//280 
f 634//634 280//280 270//270 
f 270//270 280//280 271//271 
f 272//272 271//271 281//281 
f 281//281 271//271 280//280 
f 273//273 272//272 282//282 
f 282//282 272//272 281//281 
f 274//274 273//273 283//283 
f 283//283 273//273 282//282 
f 275//275 274//274 284//284 
f 284//284 274//274 283//283 
f 276//276 275//275 285//285 
f 285//285 275//275 284//284 
f 277//277 276//276 286//286 
f 286//286 276//276 285//285 
f 278//278 277//277 287//287 
f 287//287 277//277 286//286 
f 645//645 635//635 279//279 
f 645//645 279//279 287//287 
f 287//287 279//279 278//278 
f 633//633 279//279 635//635 
f 280//280 644//644 646//646 
f 646//646 657//657 288//288 
f 646//646 288//288 280//280 
f 280//280 288//288 281//281 
f 282//282 281//281 289//289 
f 289//289 281//281 288//288 
f 283//283 282//282 290//290 
f 290//290 282//282 289//289 
f 284//284 283//283 291//291 
f 291//291 283//283 290//290 
f 285//285 284//284 292//292 
f 292//292 284//284 291//291 
f 286//286 285//285 293//293 
f 293//293 285//285 292//292 
f 658//658 647//647 287//287 
f 658//658 287//287 293//293 
f 293//293 287//287 286//286 
f 645//645 287//287 647//647 
f 288//288 657//657 659//659 
f 289//289 288//288 659//659 
f 660//660 289//289 659//659 
f 290//290 289//289 660//660 
f 661//661 290//290 660//660 
f 291//291 290//290 661//661 
f 662//662 291//291 661//661 
f 292//292 291//291 662//662 
f 663//663 292//292 662//662 
f 293//293 292//292 663//663 
f 664//664 293//293 663//663 
f 658//658 293//293 664//664 
f 294//294 713//713 733//733 
f 294//294 295//295 714//714 
f 713//713 294//294 714//714 
f 295//295 296//296 715//715 
f 714//714 295//295 715//715 
f 296//296 297//297 716//716 
f 715//715 296//296 716//716 
f 297//297 298//298 717//717 
f 716//716 297//297 717//717 
f 717//717 298//298 734//734 
f 299//299 735//735 755//755 
f 299//299 300//300 736//736 
f 735//735 299//299 736//736 
f 733//733 736//736 300//300 
f 733//733 300//300 294//294 
f 294//294 300//300 301//301 
f 295//295 294//294 302//302 
f 302//302 294//294 301//301 
f 296//296 295//295 303//303 
f 303//303 295//295 302//302 
f 297//297 296//296 304//304 
f 304//304 296//296 303//303 
f 298//298 297//297 305//305 
f 305//305 297//297 304//304 
f 737//737 734//734 298//298 
f 737//737 298//298 306//306 
f 306//306 298//298 305//305 
f 306//306 307//307 738//738 
f 737//737 306//306 738//738 
f 307//307 308//308 739//739 
f 738//738 307//307 739//739 
f 308//308 309//309 740//740 
f 739//739 308//308 740//740 
f 309//309 310//310 741//741 
f 740//740 309//309 741//741 
f 741//741 310//310 756//756 
f 311//311 757//757 769//769 
f 755//755 757//757 311//311 
f 755//755 311//311 299//299 
f 299//299 311//311 312//312 
f 300//300 299//299 313//313 
f 313//313 299//299 312//312 
f 301//301 300//300 314//314 
f 314//314 300//300 313//313 
f 302//302 301//301 315//315 
f 315//315 301//301 314//314 
f 303//303 302//302 316//316 
f 316//316 302//302 315//315 
f 304//304 303//303 317//317 
f 317//317 303//303 316//316 
f 305//305 304//304 318//318 
f 318//318 304//304 317//317 
f 306//306 305//305 319//319 
f 319//319 305//305 318//318 
f 307//307 306//306 320//320 
f 320//320 306//306 319//319 
f 308//308 307//307 321//321 
f 321//321 307//307 320//320 
f 309//309 308//308 322//322 
f 322//322 308//308 321//321 
f 310//310 309//309 323//323 
f 323//323 309//309 322//322 
f 758//758 756//756 310//310 
f 758//758 310//310 324//324 
f 324//324 310//310 323//323 
f 324//324 325//325 759//759 
f 758//758 324//324 759//759 
f 759//759 325//325 770//770 
f 326//326 771//771 784//784 
f 769//769 771//771 326//326 
f 769//769 326//326 311//311 
f 311//311 326//326 327//327 
f 312//312 311//311 328//328 
f 328//328 311//311 327//327 
f 313//313 312//312 329//329 
f 329//329 312//312 328//328 
f 314//314 313//313 330//330 
f 330//330 313//313 329//329 
f 315//315 314//314 331//331 
f 331//331 314//314 330//330 
f 316//316 315//315 332//332 
f 332//332 315//315 331//331 
f 317//317 316//316 333//333 
f 333//333 316//316 332//332 
f 318//318 317//317 334//334 
f 334//334 317//317 333//333 
f 319//319 318//318 335//335 
f 335//335 318//318 334//334 
f 320//320 319//319 336//336 
f 336//336 319//319 335//335 
f 321//321 320//320 337//337 
f 337//337 320//320 336//336 
f 322//322 321//321 338//338 
f 338//338 321//321 337//337 
f 323//323 322//322 339//339 
f 339//339 322//322 338//338 
f 324//324 323//323 340//340 
f 340//340 323//323 339//339 
f 325//325 324//324 341//341 
f 341//341 324//324 340//340 
f 772//772 770//770 325//325 
f 772//772 325//325 342//342 
f 342//342 325//325 341//341 
f 342//342 343//343 773//773 
f 772//772 342//342 773//773 
f 773//773 343//343 785//785 
f 344//344 786//786 799//799 
f 344//344 345//345 787//787 
f 786//786 344//344 787//787 
f 345//345 346//346 788//788 
f 787//787 345//345 788//788 
f 784//784 788//788 346//346 
f 784//784 346//346 326//326 
f 326//326 346//346 347//347 
f 327//327 326//326 348//348 
f 348//348 326//326 347//347 
f 328//328 327//327 349//349 
f 349//349 327//327 348//348 
f 329//329 328//328 350//350 
f 350//350 328//328 349//349 
f 330//330 329//329 351//351 
f 351//351 329//329 350//350 
f 331//331 330//330 352//352 
f 352//352 330//330 351//351 
f 332//332 331//331 353//353 
f 353//353 331//331 352//352 
f 333//333 332//332 354//354 
f 354//354 332//332 353//353 
f 334//334 333//333 355//355 
f 355//355 333//333 354//354 
f 335//335 334//334 356//356 
f 356//356 334//334 355//355 
f 336//336 335//335 357//357 
f 357//357 335//335 356//356 
f 337//337 336//336 358//358 
f 358//358 336//336 357//357 
f 338//338 337//337 359//359 
f 359//359 337//337 358//358 
f 339//339 338//338 360//360 
f 360//360 338//338 359//359 
f 340//340 339//339 361//361 
f 361//361 339//339 360//360 
f 341//341 340//340 362//362 
f 362//362 340//340 361//361 
f 342//342 341//341 363//363 
f 363//363 341//341 362//362 
f 343//343 342//342 364//364 
f 364//364 342//342 363//363 
f 789//789 785//785 343//343 
f 789//789 343//343 365//365 
f 365//365 343//343 364//364 
f 789//789 365//365 800//800 
f 370//370 801//801 810//810 
f 799//799 801//801 370//370 
f 799//799 370//370 344//344 
f 344//344 370//370 371//371 
f 345//345 344//344 372//372 
f 372//372 344//344 371//371 
f 346//346 345//345 373//373 
f 373//373 345//345 372//372 
f 347//347 346//346 374//374 
f 374//374 346//346 373//373 
f 348//348 347//347 375//375 
f 375//375 347//347 374//374 
f 349//349 348//348 376//376 
f 376//376 348//348 375//375 
f 350//350 349//349 377//377 
f 377//377 349//349 376//376 
f 351//351 350//350 378//378 
f 378//378 350//350 377//377 
f 352//352 351//351 379//379 
f 379//379 351//351 378//378 
f 353//353 352//352 380//380 
f 380//380 352//352 379//379 
f 354//354 353//353 381//381 
f 381//381 353//353 380//380 
f 355//355 354//354 382//382 
f 382//382 354//354 381//381 
f 356//356 355//355 383//383 
f 383//383 355//355 382//382 
f 357//357 356//356 384//384 
f 384//384 356//356 383//383 
f 358//358 357//357 385//385 
f 385//385 357//357 384//384 
f 359//359 358//358 386//386 
f 386//386 358//358 385//385 
f 360//360 359//359 387//387 
f 387//387 359//359 386//386 
f 361//361 360//360 388//388 
f 388//388 360//360 387//387 
f 362//362 361//361 389//389 
f 389//389 361//361 388//388 
f 363//363 362//362 390//390 
f 390//390 362//362 389//389 
f 364//364 363//363 391//391 
f 391//391 363//363 390//390 
f 365//365 364//364 392//392 
f 392//392 364//364 391//391 
f 802//802 800//800 365//365 
f 802//802 365//365 393//393 
f 393//393 365//365 392//392 
f 802//802 393//393 811//811 
f 402//402 812//812 820//820 
f 810//810 812//812 402//402 
f 810//810 402//402 370//370 
f 370//370 402//402 403//403 
f 371//371 370//370 404//404 
f 404//404 370//370 403//403 
f 372//372 371//371 405//405 
f 405//405 371//371 404//404 
f 373//373 372//372 406//406 
f 406//406 372//372 405//405 
f 374//374 373//373 407//407 
f 407//407 373//373 406//406 
f 375//375 374//374 408//408 
f 408//408 374//374 407//407 
f 376//376 375//375 409//409 
f 409//409 375//375 408//408 
f 377//377 376//376 410//410 
f 410//410 376//376 409//409 
f 378//378 377//377 411//411 
f 411//411 377//377 410//410 
f 379//379 378//378 412//412 
f 412//412 378//378 411//411 
f 380//380 379//379 413//413 
f 413//413 379//379 412//412 
f 381//381 380//380 414//414 
f 414//414 380//380 413//413 
f 382//382 381//381 415//415 
f 415//415 381//381 414//414 
f 366//366 415//415 394//394 
f 366//366 383//383 415//415 
f 383//383 382//382 415//415 
f 367//367 383//383 366//366 
f 384//384 383//383 367//367 
f 368//368 384//384 367//367 
f 385//385 384//384 368//368 
f 369//369 385//385 368//368 
f 386//386 385//385 369//369 
f 395//395 386//386 369//369 
f 395//395 416//416 386//386 
f 416//416 387//387 386//386 
f 388//388 387//387 417//417 
f 417//417 387//387 416//416 
f 389//389 388//388 418//418 
f 418//418 388//388 417//417 
f 390//390 389//389 419//419 
f 419//419 389//389 418//418 
f 391//391 390//390 420//420 
f 420//420 390//390 419//419 
f 392//392 391//391 421//421 
f 421//421 391//391 420//420 
f 393//393 392//392 422//422 
f 422//422 392//392 421//421 
f 821//821 811//811 393//393 
f 422//422 821//821 393//393 
f 431//431 822//822 830//830 
f 820//820 822//822 431//431 
f 820//820 431//431 402//402 
f 402//402 431//431 432//432 
f 403//403 402//402 433//433 
f 433//433 402//402 432//432 
f 404//404 403//403 434//434 
f 434//434 403//403 433//433 
f 405//405 404//404 435//435 
f 435//435 404//404 434//434 
f 406//406 405//405 436//436 
f 436//436 405//405 435//435 
f 407//407 406//406 437//437 
f 437//437 406//406 436//436 
f 408//408 407//407 438//438 
f 438//438 407//407 437//437 
f 409//409 408//408 439//439 
f 439//439 408//408 438//438 
f 410//410 409//409 440//440 
f 440//440 409//409 439//439 
f 411//411 410//410 441//441 
f 441//441 410//410 440//440 
f 396//396 441//441 423//423 
f 396//396 412//412 441//441 
f 412//412 411//411 441//441 
f 397//397 412//412 396//396 
f 413//413 412//412 397//397 
f 398//398 413//413 397//397 
f 414//414 413//413 398//398 
f 399//399 414//414 398//398 
f 415//415 414//414 399//399 
f 394//394 415//415 399//399 
f 395//395 400//400 416//416 
f 401//401 416//416 400//400 
f 417//417 416//416 401//401 
f 424//424 417//417 401//401 
f 424//424 442//442 417//417 
f 442//442 418//418 417//417 
f 419//419 418//418 443//443 
f 443//443 418//418 442//442 
f 420//420 419//419 444//444 
f 444//444 419//419 443//443 
f 421//421 420//420 445//445 
f 445//445 420//420 444//444 
f 422//422 421//421 446//446 
f 446//446 421//421 445//445 
f 823//823 821//821 422//422 
f 823//823 422//422 447//447 
f 447//447 422//422 446//446 
f 823//823 447//447 831//831 
f 451//451 431//431 830//830 
f 836//836 451//451 830//830 
f 432//432 431//431 452//452 
f 452//452 431//431 451//451 
f 433//433 432//432 453//453 
f 453//453 432//432 452//452 
f 434//434 433//433 454//454 
f 454//454 433//433 453//453 
f 435//435 434//434 455//455 
f 455//455 434//434 454//454 
f 436//436 435//435 456//456 
f 456//456 435//435 455//455 
f 425//425 456//456 448//448 
f 425//425 437//437 456//456 
f 437//437 436//436 456//456 
f 426//426 437//437 425//425 
f 438//438 437//437 426//426 
f 427//427 438//438 426//426 
f 439//439 438//438 427//427 
f 428//428 439//439 427//427 
f 440//440 439//439 428//428 
f 429//429 440//440 428//428 
f 441//441 440//440 429//429 
f 423//423 441//441 429//429 
f 424//424 430//430 442//442 
f 449//449 442//442 430//430 
f 449//449 457//457 442//442 
f 457//457 443//443 442//442 
f 444//444 443//443 458//458 
f 458//458 443//443 457//457 
f 445//445 444//444 459//459 
f 459//459 444//444 458//458 
f 446//446 445//445 460//460 
f 460//460 445//445 459//459 
f 447//447 446//446 461//461 
f 461//461 446//446 460//460 
f 837//837 831//831 447//447 
f 461//461 837//837 447//447 
f 466//466 451//451 836//836 
f 844//844 466//466 836//836 
f 452//452 451//451 467//467 
f 467//467 451//451 466//466 
f 453//453 452//452 468//468 
f 468//468 452//452 467//467 
f 454//454 453//453 469//469 
f 469//469 453//453 468//468 
f 455//455 454//454 470//470 
f 470//470 454//454 469//469 
f 450//450 470//470 462//462 
f 450//450 456//456 470//470 
f 456//456 455//455 470//470 
f 448//448 456//456 450//450 
f 457//457 463//463 471//471 
f 449//449 463//463 457//457 
f 458//458 457//457 472//472 
f 472//472 457//457 471//471 
f 459//459 458//458 473//473 
f 473//473 458//458 472//472 
f 460//460 459//459 474//474 
f 474//474 459//459 473//473 
f 461//461 460//460 475//475 
f 475//475 460//460 474//474 
f 838//838 837//837 461//461 
f 838//838 461//461 476//476 
f 476//476 461//461 475//475 
f 838//838 476//476 845//845 
f 480//480 466//466 844//844 
f 851//851 480//480 844//844 
f 467//467 466//466 481//481 
f 481//481 466//466 480//480 
f 468//468 467//467 482//482 
f 482//482 467//467 481//481 
f 469//469 468//468 483//483 
f 483//483 468//468 482//482 
f 464//464 483//483 477//477 
f 464//464 470//470 483//483 
f 470//470 469//469 483//483 
f 462//462 470//470 464//464 
f 463//463 465//465 471//471 
f 478//478 471//471 465//465 
f 478//478 484//484 471//471 
f 484//484 472//472 471//471 
f 473//473 472//472 485//485 
f 485//485 472//472 484//484 
f 474//474 473//473 486//486 
f 486//486 473//473 485//485 
f 475//475 474//474 487//487 
f 487//487 474//474 486//486 
f 476//476 475//475 488//488 
f 488//488 475//475 487//487 
f 852//852 845//845 476//476 
f 488//488 852//852 476//476 
f 491//491 853//853 861//861 
f 851//851 853//853 491//491 
f 851//851 491//491 480//480 
f 480//480 491//491 492//492 
f 481//481 480//480 493//493 
f 493//493 480//480 492//492 
f 482//482 481//481 494//494 
f 494//494 481//481 493//493 
f 479//479 494//494 489//489 
f 479//479 483//483 494//494 
f 483//483 482//482 494//494 
f 477//477 483//483 479//479 
f 484//484 490//490 495//495 
f 478//478 490//490 484//484 
f 485//485 484//484 496//496 
f 496//496 484//484 495//495 
f 486//486 485//485 497//497 
f 497//497 485//485 496//496 
f 487//487 486//486 498//498 
f 498//498 486//486 497//497 
f 488//488 487//487 499//499 
f 499//499 487//487 498//498 
f 854//854 852//852 488//488 
f 854//854 488//488 500//500 
f 500//500 488//488 499//499 
f 854//854 500//500 862//862 
f 503//503 491//491 861//861 
f 868//868 503//503 861//861 
f 492//492 491//491 504//504 
f 504//504 491//491 503//503 
f 493//493 492//492 505//505 
f 505//505 492//492 504//504 
f 494//494 493//493 506//506 
f 506//506 493//493 505//505 
f 489//489 506//506 501//501 
f 494//494 506//506 489//489 
f 495//495 502//502 507//507 
f 490//490 502//502 495//495 
f 496//496 495//495 508//508 
f 508//508 495//495 507//507 
f 497//497 496//496 509//509 
f 509//509 496//496 508//508 
f 498//498 497//497 510//510 
f 510//510 497//497 509//509 
f 499//499 498//498 511//511 
f 511//511 498//498 510//510 
f 500//500 499//499 512//512 
f 512//512 499//499 511//511 
f 869//869 862//862 500//500 
f 512//512 869//869 500//500 
f 515//515 870//870 876//876 
f 868//868 870//870 515//515 
f 868//868 515//515 503//503 
f 503//503 515//515 516//516 
f 504//504 503//503 517//517 
f 517//517 503//503 516//516 
f 505//505 504//504 518//518 
f 518//518 504//504 517//517 
f 506//506 505//505 519//519 
f 519//519 505//505 518//518 
f 501//501 519//519 513//513 
f 506//506 519//519 501//501 
f 507//507 514//514 520//520 
f 502//502 514//514 507//507 
f 508//508 507//507 521//521 
f 521//521 507//507 520//520 
f 509//509 508//508 522//522 
f 522//522 508//508 521//521 
f 510//510 509//509 523//523 
f 523//523 509//509 522//522 
f 511//511 510//510 524//524 
f 524//524 510//510 523//523 
f 512//512 511//511 525//525 
f 525//525 511//511 524//524 
f 877//877 869//869 512//512 
f 525//525 877//877 512//512 
f 528//528 515//515 876//876 
f 883//883 528//528 876//876 
f 516//516 515//515 529//529 
f 529//529 515//515 528//528 
f 517//517 516//516 530//530 
f 530//530 516//516 529//529 
f 518//518 517//517 531//531 
f 531//531 517//517 530//530 
f 519//519 518//518 532//532 
f 532//532 518//518 531//531 
f 513//513 532//532 526//526 
f 519//519 532//532 513//513 
f 520//520 527//527 533//533 
f 514//514 527//527 520//520 
f 521//521 520//520 534//534 
f 534//534 520//520 533//533 
f 522//522 521//521 535//535 
f 535//535 521//521 534//534 
f 523//523 522//522 536//536 
f 536//536 522//522 535//535 
f 524//524 523//523 537//537 
f 537//537 523//523 536//536 
f 884//884 878//878 525//525 
f 884//884 525//525 537//537 
f 537//537 525//525 524//524 
f 877//877 525//525 878//878 
f 541//541 528//528 883//883 
f 890//890 541//541 883//883 
f 529//529 528//528 542//542 
f 542//542 528//528 541//541 
f 530//530 529//529 543//543 
f 543//543 529//529 542//542 
f 531//531 530//530 544//544 
f 544//544 530//530 543//543 
f 532//532 531//531 545//545 
f 545//545 531//531 544//544 
f 526//526 545//545 538//538 
f 532//532 545//545 526//526 
f 533//533 539//539 546//546 
f 527//527 539//539 533//533 
f 534//534 533//533 547//547 
f 547//547 533//533 546//546 
f 535//535 534//534 548//548 
f 548//548 534//534 547//547 
f 536//536 535//535 549//549 
f 549//549 535//535 548//548 
f 537//537 536//536 550//550 
f 550//550 536//536 549//549 
f 891//891 884//884 537//537 
f 550//550 891//891 537//537 
f 541//541 890//890 892//892 
f 892//892 899//899 555//555 
f 892//892 555//555 541//541 
f 541//541 555//555 542//542 
f 543//543 542//542 556//556 
f 556//556 542//542 555//555 
f 544//544 543//543 557//557 
f 557//557 543//543 556//556 
f 545//545 544//544 558//558 
f 558//558 544//544 557//557 
f 538//538 559//559 540//540 
f 538//538 545//545 559//559 
f 545//545 558//558 559//559 
f 540//540 559//559 551//551 
f 546//546 552//552 560//560 
f 539//539 552//552 546//546 
f 547//547 546//546 561//561 
f 561//561 546//546 560//560 
f 548//548 547//547 562//562 
f 562//562 547//547 561//561 
f 549//549 548//548 563//563 
f 563//563 548//548 562//562 
f 900//900 893//893 550//550 
f 900//900 550//550 563//563 
f 563//563 550//550 549//549 
f 891//891 550//550 893//893 
f 555//555 899//899 901//901 
f 901//901 909//909 567//567 
f 901//901 567//567 555//555 
f 555//555 567//567 556//556 
f 557//557 556//556 568//568 
f 568//568 556//556 567//567 
f 558//558 557//557 569//569 
f 569//569 557//557 568//568 
f 559//559 558//558 570//570 
f 570//570 558//558 569//569 
f 551//551 571//571 553//553 
f 551//551 559//559 571//571 
f 559//559 570//570 571//571 
f 553//553 571//571 564//564 
f 554//554 565//565 572//572 
f 554//554 560//560 552//552 
f 554//554 572//572 560//560 
f 572//572 573//573 560//560 
f 561//561 560//560 574//574 
f 574//574 560//560 573//573 
f 562//562 561//561 575//575 
f 575//575 561//561 574//574 
f 910//910 902//902 563//563 
f 910//910 563//563 575//575 
f 575//575 563//563 562//562 
f 900//900 563//563 902//902 
f 567//567 909//909 911//911 
f 911//911 920//920 580//580 
f 911//911 580//580 567//567 
f 567//567 580//580 568//568 
f 569//569 568//568 581//581 
f 581//581 568//568 580//580 
f 570//570 569//569 582//582 
f 582//582 569//569 581//581 
f 571//571 570//570 583//583 
f 583//583 570//570 582//582 
f 564//564 584//584 566//566 
f 564//564 571//571 584//584 
f 571//571 583//583 584//584 
f 566//566 584//584 576//576 
f 572//572 577//577 585//585 
f 565//565 577//577 572//572 
f 573//573 572//572 586//586 
f 586//586 572//572 585//585 
f 574//574 573//573 587//587 
f 587//587 573//573 586//586 
f 921//921 912//912 575//575 
f 921//921 575//575 587//587 
f 587//587 575//575 574//574 
f 910//910 575//575 912//912 
f 580//580 920//920 922//922 
f 922//922 931//931 591//591 
f 922//922 591//591 580//580 
f 580//580 591//591 581//581 
f 582//582 581//581 592//592 
f 592//592 581//581 591//591 
f 583//583 582//582 593//593 
f 593//593 582//582 592//592 
f 584//584 583//583 594//594 
f 594//594 583//583 593//593 
f 576//576 595//595 578//578 
f 576//576 584//584 595//595 
f 584//584 594//594 595//595 
f 578//578 595//595 588//588 
f 579//579 589//589 596//596 
f 579//579 585//585 577//577 
f 579//579 596//596 585//585 
f 596//596 597//597 585//585 
f 586//586 585//585 598//598 
f 598//598 585//585 597//597 
f 932//932 923//923 587//587 
f 932//932 587//587 598//598 
f 598//598 587//587 586//586 
f 921//921 587//587 923//923 
f 602//602 591//591 931//931 
f 941//941 602//602 931//931 
f 592//592 591//591 603//603 
f 603//603 591//591 602//602 
f 593//593 592//592 604//604 
f 604//604 592//592 603//603 
f 594//594 593//593 605//605 
f 605//605 593//593 604//604 
f 595//595 594//594 606//606 
f 606//606 594//594 605//605 
f 588//588 607//607 590//590 
f 588//588 595//595 607//607 
f 595//595 606//606 607//607 
f 590//590 607//607 599//599 
f 596//596 600//600 608//608 
f 589//589 600//600 596//596 
f 597//597 596//596 609//609 
f 609//609 596//596 608//608 
f 942//942 933//933 598//598 
f 942//942 598//598 609//609 
f 609//609 598//598 597//597 
f 932//932 598//598 933//933 
f 602//602 941//941 943//943 
f 943//943 951//951 612//612 
f 943//943 612//612 602//602 
f 602//602 612//612 603//603 
f 604//604 603//603 613//613 
f 613//613 603//603 612//612 
f 605//605 604//604 614//614 
f 614//614 604//604 613//613 
f 606//606 605//605 615//615 
f 615//615 605//605 614//614 
f 607//607 606//606 616//616 
f 616//616 606//606 615//615 
f 599//599 616//616 610//610 
f 607//607 616//616 599//599 
f 601//601 611//611 617//617 
f 601//601 608//608 600//600 
f 601//601 617//617 608//608 
f 617//617 618//618 608//608 
f 609//609 608//608 619//619 
f 619//619 608//608 618//618 
f 952//952 942//942 609//609 
f 619//619 952//952 609//609 
f 624//624 612//612 951//951 
f 960//960 624//624 951//951 
f 613//613 612//612 625//625 
f 625//625 612//612 624//624 
f 614//614 613//613 626//626 
f 626//626 613//613 625//625 
f 615//615 614//614 627//627 
f 627//627 614//614 626//626 
f 616//616 615//615 628//628 
f 628//628 615//615 627//627 
f 610//610 628//628 620//620 
f 616//616 628//628 610//610 
f 617//617 621//621 629//629 
f 611//611 621//621 617//617 
f 618//618 617//617 630//630 
f 630//630 617//617 629//629 
f 619//619 618//618 631//631 
f 631//631 618//618 630//630 
f 961//961 952//952 619//619 
f 631//631 961//961 619//619 
f 624//624 960//960 962//962 
f 962//962 971//971 636//636 
f 962//962 636//636 624//624 
f 624//624 636//636 625//625 
f 626//626 625//625 637//637 
f 637//637 625//625 636//636 
f 627//627 626//626 638//638 
f 638//638 626//626 637//637 
f 628//628 627//627 639//639 
f 639//639 627//627 638//638 
f 620//620 640//640 622//622 
f 620//620 628//628 640//640 
f 628//628 639//639 640//640 
f 622//622 640//640 632//632 
f 623//623 633//633 641//641 
f 623//623 629//629 621//621 
f 623//623 641//641 629//629 
f 641//641 642//642 629//629 
f 630//630 629//629 643//643 
f 643//643 629//629 642//642 
f 972//972 963//963 631//631 
f 972//972 631//631 643//643 
f 643//643 631//631 630//630 
f 961//961 631//631 963//963 
f 636//636 971//971 973//973 
f 973//973 982//982 648//648 
f 973//973 648//648 636//636 
f 636//636 648//648 637//637 
f 638//638 637//637 649//649 
f 649//649 637//637 648//648 
f 639//639 638//638 650//650 
f 650//650 638//638 649//649 
f 640//640 639//639 651//651 
f 651//651 639//639 650//650 
f 632//632 652//652 634//634 
f 632//632 640//640 652//652 
f 640//640 651//651 652//652 
f 634//634 652//652 644//644 
f 635//635 645//645 653//653 
f 635//635 641//641 633//633 
f 635//635 653//653 641//641 
f 653//653 654//654 641//641 
f 642//642 641//641 655//655 
f 655//655 641//641 654//654 
f 643//643 642//642 656//656 
f 656//656 642//642 655//655 
f 983//983 972//972 643//643 
f 656//656 983//983 643//643 
f 648//648 982//982 984//984 
f 984//984 994//994 665//665 
f 984//984 665//665 648//648 
f 648//648 665//665 649//649 
f 650//650 649//649 666//666 
f 666//666 649//649 665//665 
f 651//651 650//650 667//667 
f 667//667 650//650 666//666 
f 652//652 651//651 668//668 
f 668//668 651//651 667//667 
f 644//644 669//669 646//646 
f 644//644 652//652 669//669 
f 652//652 668//668 669//669 
f 646//646 669//669 657//657 
f 647//647 658//658 670//670 
f 647//647 653//653 645//645 
f 647//647 670//670 653//653 
f 670//670 671//671 653//653 
f 654//654 653//653 672//672 
f 672//672 653//653 671//671 
f 655//655 654//654 673//673 
f 673//673 654//654 672//672 
f 995//995 985//985 656//656 
f 995//995 656//656 673//673 
f 673//673 656//656 655//655 
f 983//983 656//656 985//985 
f 665//665 994//994 996//996 
f 996//996 1007//1007 674//674 
f 996//996 674//674 665//665 
f 665//665 674//674 666//666 
f 667//667 666//666 675//675 
f 675//675 666//666 674//674 
f 668//668 667//667 676//676 
f 676//676 667//667 675//675 
f 669//669 668//668 677//677 
f 677//677 668//668 676//676 
f 657//657 678//678 659//659 
f 657//657 669//669 678//678 
f 669//669 677//677 678//678 
f 659//659 679//679 660//660 
f 678//678 679//679 659//659 
f 660//660 680//680 661//661 
f 679//679 680//680 660//660 
f 661//661 681//681 662//662 
f 680//680 681//681 661//661 
f 662//662 682//682 663//663 
f 681//681 682//682 662//662 
f 663//663 683//683 664//664 
f 682//682 683//683 663//663 
f 664//664 670//670 658//658 
f 664//664 683//683 670//670 
f 683//683 684//684 670//670 
f 671//671 670//670 685//685 
f 685//685 670//670 684//684 
f 672//672 671//671 686//686 
f 686//686 671//671 685//685 
f 1008//1008 997//997 673//673 
f 1008//1008 673//673 686//686 
f 686//686 673//673 672//672 
f 995//995 673//673 997//997 
f 674//674 1007//1007 1009//1009 
f 675//675 674//674 1009//1009 
f 1010//1010 675//675 1009//1009 
f 1010//1010 1021//1021 687//687 
f 1010//1010 687//687 675//675 
f 675//675 687//687 676//676 
f 677//677 676//676 688//688 
f 688//688 676//676 687//687 
f 678//678 677//677 689//689 
f 689//689 677//677 688//688 
f 679//679 678//678 690//690 
f 690//690 678//678 689//689 
f 680//680 679//679 691//691 
f 691//691 679//679 690//690 
f 681//681 680//680 692//692 
f 692//692 680//680 691//691 
f 682//682 681//681 693//693 
f 693//693 681//681 692//692 
f 683//683 682//682 694//694 
f 694//694 682//682 693//693 
f 684//684 683//683 695//695 
f 695//695 683//683 694//694 
f 685//685 684//684 696//696 
f 696//696 684//684 695//695 
f 1022//1022 1011//1011 686//686 
f 1022//1022 686//686 696//696 
f 696//696 686//686 685//685 
f 1008//1008 686//686 1011//1011 
f 687//687 1021//1021 1023//1023 
f 688//688 687//687 1023//1023 
f 1024//1024 688//688 1023//1023 
f 1024//1024 1035//1035 697//697 
f 1024//1024 697//697 688//688 
f 688//688 697//697 689//689 
f 690//690 689//689 698//698 
f 698//698 689//689 697//697 
f 691//691 690//690 699//699 
f 699//699 690//690 698//698 
f 692//692 691//691 700//700 
f 700//700 691//691 699//699 
f 693//693 692//692 701//701 
f 701//701 692//692 700//700 
f 694//694 693//693 702//702 
f 702//702 693//693 701//701 
f 695//695 694//694 703//703 
f 703//703 694//694 702//702 
f 1036//1036 1025//1025 696//696 
f 1036//1036 696//696 703//703 
f 703//703 696//696 695//695 
f 1022//1022 696//696 1025//1025 
f 697//697 1035//1035 1037//1037 
f 698//698 697//697 1037//1037 
f 1038//1038 698//698 1037//1037 
f 699//699 698//698 1038//1038 
f 1039//1039 699//699 1038//1038 
f 700//700 699//699 1039//1039 
f 1040//1040 700//700 1039//1039 
f 701//701 700//700 1040//1040 
f 1041//1041 701//701 1040//1040 
f 702//702 701//701 1041//1041 
f 1042//1042 702//702 1041//1041 
f 703//703 702//702 1042//1042 
f 1043//1043 703//703 1042//1042 
f 1036//1036 703//703 1043//1043 
f 704//704 1078//1078 1096//1096 
f 704//704 705//705 1079//1079 
f 1078//1078 704//704 1079//1079 
f 705//705 706//706 1080//1080 
f 1079//1079 705//705 1080//1080 
f 706//706 707//707 1081//1081 
f 1080//1080 706//706 1081//1081 
f 707//707 708//708 1082//1082 
f 1081//1081 707//707 1082//1082 
f 708//708 709//709 1083//1083 
f 1082//1082 708//708 1083//1083 
f 709//709 710//710 1084//1084 
f 1083//1083 709//709 1084//1084 
f 710//710 711//711 1085//1085 
f 1084//1084 710//710 1085//1085 
f 711//711 712//712 1086//1086 
f 1085//1085 711//711 1086//1086 
f 1086//1086 712//712 1097//1097 
f 718//718 1098//1098 1106//1106 
f 1096//1096 1098//1098 718//718 
f 1096//1096 718//718 704//704 
f 704//704 718//718 719//719 
f 705//705 704//704 720//720 
f 720//720 704//704 719//719 
f 706//706 705//705 721//721 
f 721//721 705//705 720//720 
f 707//707 706//706 722//722 
f 722//722 706//706 721//721 
f 708//708 707//707 723//723 
f 723//723 707//707 722//722 
f 709//709 708//708 724//724 
f 724//724 708//708 723//723 
f 710//710 709//709 725//725 
f 725//725 709//709 724//724 
f 711//711 710//710 726//726 
f 726//726 710//710 725//725 
f 712//712 711//711 727//727 
f 727//727 711//711 726//726 
f 1099//1099 1097//1097 712//712 
f 1099//1099 712//712 728//728 
f 728//728 712//712 727//727 
f 728//728 729//729 1100//1100 
f 1099//1099 728//728 1100//1100 
f 729//729 730//730 1101//1101 
f 1100//1100 729//729 1101//1101 
f 730//730 731//731 1102//1102 
f 1101//1101 730//730 1102//1102 
f 731//731 732//732 1103//1103 
f 1102//1102 731//731 1103//1103 
f 1103//1103 732//732 1107//1107 
f 742//742 1108//1108 1117//1117 
f 1106//1106 1108//1108 742//742 
f 1106//1106 742//742 718//718 
f 718//718 742//742 743//743 
f 719//719 718//718 744//744 
f 744//744 718//718 743//743 
f 720//720 719//719 745//745 
f 745//745 719//719 744//744 
f 713//713 745//745 733//733 
f 713//713 721//721 745//745 
f 721//721 720//720 745//745 
f 714//714 721//721 713//713 
f 722//722 721//721 714//714 
f 715//715 722//722 714//714 
f 723//723 722//722 715//715 
f 716//716 723//723 715//715 
f 724//724 723//723 716//716 
f 717//717 724//724 716//716 
f 725//725 724//724 717//717 
f 734//734 725//725 717//717 
f 734//734 746//746 725//725 
f 746//746 726//726 725//725 
f 727//727 726//726 747//747 
f 747//747 726//726 746//746 
f 728//728 727//727 748//748 
f 748//748 727//727 747//747 
f 729//729 728//728 749//749 
f 749//749 728//728 748//748 
f 730//730 729//729 750//750 
f 750//750 729//729 749//749 
f 731//731 730//730 751//751 
f 751//751 730//730 750//750 
f 732//732 731//731 752//752 
f 752//752 731//731 751//751 
f 1109//1109 1107//1107 732//732 
f 1109//1109 732//732 753//753 
f 753//753 732//732 752//752 
f 753//753 754//754 1110//1110 
f 1109//1109 753//753 1110//1110 
f 1110//1110 754//754 1118//1118 
f 760//760 1119//1119 1124//1124 
f 760//760 761//761 1120//1120 
f 1119//1119 760//760 1120//1120 
f 1117//1117 1120//1120 761//761 
f 1117//1117 761//761 742//742 
f 742//742 761//761 762//762 
f 743//743 742//742 763//763 
f 763//763 742//742 762//762 
f 735//735 763//763 755//755 
f 735//735 744//744 763//763 
f 744//744 743//743 763//763 
f 736//736 744//744 735//735 
f 745//745 744//744 736//736 
f 733//733 745//745 736//736 
f 734//734 737//737 746//746 
f 738//738 746//746 737//737 
f 747//747 746//746 738//738 
f 739//739 747//747 738//738 
f 748//748 747//747 739//739 
f 740//740 748//748 739//739 
f 749//749 748//748 740//740 
f 741//741 749//749 740//740 
f 750//750 749//749 741//741 
f 756//756 750//750 741//741 
f 756//756 764//764 750//750 
f 764//764 751//751 750//750 
f 752//752 751//751 765//765 
f 765//765 751//751 764//764 
f 753//753 752//752 766//766 
f 766//766 752//752 765//765 
f 754//754 753//753 767//767 
f 767//767 753//753 766//766 
f 1121//1121 1118//1118 754//754 
f 1121//1121 754//754 768//768 
f 768//768 754//754 767//767 
f 1121//1121 768//768 1125//1125 
f 774//774 1126//1126 1130//1130 
f 774//774 775//775 1127//1127 
f 1126//1126 774//774 1127//1127 
f 775//775 776//776 1128//1128 
f 1127//1127 775//775 1128//1128 
f 1124//1124 1128//1128 776//776 
f 1124//1124 776//776 760//760 
f 760//760 776//776 777//777 
f 761//761 760//760 778//778 
f 778//778 760//760 777//777 
f 762//762 761//761 779//779 
f 779//779 761//761 778//778 
f 757//757 779//779 769//769 
f 757//757 763//763 779//779 
f 763//763 762//762 779//779 
f 755//755 763//763 757//757 
f 756//756 758//758 764//764 
f 759//759 764//764 758//758 
f 765//765 764//764 759//759 
f 770//770 765//765 759//759 
f 770//770 780//780 765//765 
f 780//780 766//766 765//765 
f 767//767 766//766 781//781 
f 781//781 766//766 780//780 
f 768//768 767//767 782//782 
f 782//782 767//767 781//781 
f 1129//1129 1125//1125 768//768 
f 1129//1129 768//768 783//783 
f 783//783 768//768 782//782 
f 1129//1129 783//783 1131//1131 
f 790//790 1132//1132 1137//1137 
f 1130//1130 1132//1132 790//790 
f 1130//1130 790//790 774//774 
f 774//774 790//790 791//791 
f 775//775 774//774 792//792 
f 792//792 774//774 791//791 
f 776//776 775//775 793//793 
f 793//793 775//775 792//792 
f 777//777 776//776 794//794 
f 794//794 776//776 793//793 
f 778//778 777//777 795//795 
f 795//795 777//777 794//794 
f 771//771 795//795 784//784 
f 771//771 779//779 795//795 
f 779//779 778//778 795//795 
f 769//769 779//779 771//771 
f 770//770 772//772 780//780 
f 773//773 780//780 772//772 
f 781//781 780//780 773//773 
f 785//785 781//781 773//773 
f 785//785 796//796 781//781 
f 796//796 782//782 781//781 
f 783//783 782//782 797//797 
f 797//797 782//782 796//796 
f 1133//1133 1131//1131 783//783 
f 1133//1133 783//783 798//798 
f 798//798 783//783 797//797 
f 1133//1133 798//798 1138//1138 
f 803//803 1139//1139 1145//1145 
f 1137//1137 1139//1139 803//803 
f 1137//1137 803//803 790//790 
f 790//790 803//803 804//804 
f 791//791 790//790 805//805 
f 805//805 790//790 804//804 
f 792//792 791//791 806//806 
f 806//806 791//791 805//805 
f 786//786 806//806 799//799 
f 786//786 793//793 806//806 
f 793//793 792//792 806//806 
f 787//787 793//793 786//786 
f 794//794 793//793 787//787 
f 788//788 794//794 787//787 
f 795//795 794//794 788//788 
f 784//784 795//795 788//788 
f 785//785 789//789 796//796 
f 800//800 796//796 789//789 
f 800//800 807//807 796//796 
f 807//807 797//797 796//796 
f 798//798 797//797 808//808 
f 808//808 797//797 807//807 
f 1140//1140 1138//1138 798//798 
f 1140//1140 798//798 809//809 
f 809//809 798//798 808//808 
f 1140//1140 809//809 1146//1146 
f 813//813 1147//1147 1154//1154 
f 1145//1145 1147//1147 813//813 
f 1145//1145 813//813 803//803 
f 803//803 813//813 814//814 
f 804//804 803//803 815//815 
f 815//815 803//803 814//814 
f 805//805 804//804 816//816 
f 816//816 804//804 815//815 
f 801//801 816//816 810//810 
f 801//801 806//806 816//816 
f 806//806 805//805 816//816 
f 799//799 806//806 801//801 
f 800//800 802//802 807//807 
f 811//811 807//807 802//802 
f 811//811 817//817 807//807 
f 817//817 808//808 807//807 
f 809//809 808//808 818//818 
f 818//818 808//808 817//817 
f 1148//1148 1146//1146 809//809 
f 1148//1148 809//809 819//819 
f 819//819 809//809 818//818 
f 1148//1148 819//819 1155//1155 
f 824//824 813//813 1154//1154 
f 1161//1161 824//824 1154//1154 
f 814//814 813//813 825//825 
f 825//825 813//813 824//824 
f 815//815 814//814 826//826 
f 826//826 814//814 825//825 
f 812//812 826//826 820//820 
f 812//812 816//816 826//826 
f 816//816 815//815 826//826 
f 810//810 816//816 812//812 
f 817//817 821//821 827//827 
f 811//811 821//821 817//817 
f 818//818 817//817 828//828 
f 828//828 817//817 827//827 
f 819//819 818//818 829//829 
f 829//829 818//818 828//828 
f 1162//1162 1155//1155 819//819 
f 829//829 1162//1162 819//819 
f 832//832 824//824 1161//1161 
f 1166//1166 832//832 1161//1161 
f 825//825 824//824 833//833 
f 833//833 824//824 832//832 
f 822//822 833//833 830//830 
f 822//822 826//826 833//833 
f 826//826 825//825 833//833 
f 820//820 826//826 822//822 
f 821//821 823//823 827//827 
f 831//831 827//827 823//823 
f 831//831 834//834 827//827 
f 834//834 828//828 827//827 
f 829//829 828//828 835//835 
f 835//835 828//828 834//834 
f 1167//1167 1162//1162 829//829 
f 835//835 1167//1167 829//829 
f 839//839 832//832 1166//1166 
f 1171//1171 839//839 1166//1166 
f 833//833 832//832 840//840 
f 840//840 832//832 839//839 
f 830//830 840//840 836//836 
f 833//833 840//840 830//830 
f 834//834 837//837 841//841 
f 831//831 837//837 834//834 
f 835//835 834//834 842//842 
f 842//842 834//834 841//841 
f 1168//1168 1167//1167 835//835 
f 1168//1168 835//835 843//843 
f 843//843 835//835 842//842 
f 1168//1168 843//843 1172//1172 
f 846//846 839//839 1171//1171 
f 1175//1175 846//846 1171//1171 
f 840//840 839//839 847//847 
f 847//847 839//839 846//846 
f 836//836 847//847 844//844 
f 840//840 847//847 836//836 
f 837//837 838//838 841//841 
f 845//845 841//841 838//838 
f 845//845 848//848 841//841 
f 848//848 842//842 841//841 
f 843//843 842//842 849//849 
f 849//849 842//842 848//848 
f 1173//1173 1172//1172 843//843 
f 1173//1173 843//843 850//850 
f 850//850 843//843 849//849 
f 1173//1173 850//850 1176//1176 
f 855//855 1177//1177 1178//1178 
f 1175//1175 1177//1177 855//855 
f 1175//1175 855//855 846//846 
f 846//846 855//855 856//856 
f 847//847 846//846 857//857 
f 857//857 846//846 856//856 
f 844//844 857//857 851//851 
f 847//847 857//857 844//844 
f 848//848 852//852 858//858 
f 845//845 852//852 848//848 
f 849//849 848//848 859//859 
f 859//859 848//848 858//858 
f 850//850 849//849 860//860 
f 860//860 849//849 859//859 
f 1179//1179 1176//1176 850//850 
f 860//860 1179//1179 850//850 
f 863//863 1180//1180 1182//1182 
f 1178//1178 1180//1180 863//863 
f 1178//1178 863//863 855//855 
f 855//855 863//863 864//864 
f 856//856 855//855 865//865 
f 865//865 855//855 864//864 
f 853//853 865//865 861//861 
f 853//853 857//857 865//865 
f 857//857 856//856 865//865 
f 851//851 857//857 853//853 
f 852//852 854//854 858//858 
f 862//862 858//858 854//854 
f 862//862 866//866 858//858 
f 866//866 859//859 858//858 
f 860//860 859//859 867//867 
f 867//867 859//859 866//866 
f 1183//1183 1179//1179 860//860 
f 867//867 1183//1183 860//860 
f 871//871 863//863 1182//1182 
f 1186//1186 871//871 1182//1182 
f 864//864 863//863 872//872 
f 872//872 863//863 871//871 
f 865//865 864//864 873//873 
f 873//873 864//864 872//872 
f 861//861 873//873 868//868 
f 865//865 873//873 861//861 
f 866//866 869//869 874//874 
f 862//862 869//869 866//866 
f 867//867 866//866 875//875 
f 875//875 866//866 874//874 
f 1187//1187 1183//1183 867//867 
f 875//875 1187//1187 867//867 
f 879//879 871//871 1186//1186 
f 1190//1190 879//879 1186//1186 
f 872//872 871//871 880//880 
f 880//880 871//871 879//879 
f 870//870 880//880 876//876 
f 870//870 873//873 880//880 
f 873//873 872//872 880//880 
f 868//868 873//873 870//870 
f 874//874 877//877 881//881 
f 869//869 877//877 874//874 
f 875//875 874//874 882//882 
f 882//882 874//874 881//881 
f 1191//1191 1187//1187 875//875 
f 882//882 1191//1191 875//875 
f 885//885 879//879 1190//1190 
f 1194//1194 885//885 1190//1190 
f 880//880 879//879 886//886 
f 886//886 879//879 885//885 
f 876//876 886//886 883//883 
f 880//880 886//886 876//876 
f 878//878 884//884 887//887 
f 878//878 881//881 877//877 
f 878//878 887//887 881//881 
f 887//887 888//888 881//881 
f 882//882 881//881 889//889 
f 889//889 881//881 888//888 
f 1195//1195 1191//1191 882//882 
f 889//889 1195//1195 882//882 
f 894//894 885//885 1194//1194 
f 1197//1197 894//894 1194//1194 
f 886//886 885//885 895//895 
f 895//895 885//885 894//894 
f 883//883 895//895 890//890 
f 886//886 895//895 883//883 
f 887//887 891//891 896//896 
f 884//884 891//891 887//887 
f 888//888 887//887 897//897 
f 897//897 887//887 896//896 
f 889//889 888//888 898//898 
f 898//898 888//888 897//897 
f 1198//1198 1195//1195 889//889 
f 898//898 1198//1198 889//889 
f 903//903 894//894 1197//1197 
f 1201//1201 903//903 1197//1197 
f 895//895 894//894 904//904 
f 904//904 894//894 903//903 
f 890//890 905//905 892//892 
f 890//890 895//895 905//905 
f 895//895 904//904 905//905 
f 892//892 905//905 899//899 
f 893//893 900//900 906//906 
f 893//893 896//896 891//891 
f 893//893 906//906 896//896 
f 906//906 907//907 896//896 
f 897//897 896//896 908//908 
f 908//908 896//896 907//907 
f 1202//1202 1199//1199 898//898 
f 1202//1202 898//898 908//908 
f 908//908 898//898 897//897 
f 1198//1198 898//898 1199//1199 
f 913//913 903//903 1201//1201 
f 1205//1205 913//913 1201//1201 
f 904//904 903//903 914//914 
f 914//914 903//903 913//913 
f 905//905 904//904 915//915 
f 915//915 904//904 914//914 
f 899//899 916//916 901//901 
f 899//899 905//905 916//916 
f 905//905 915//915 916//916 
f 901//901 916//916 909//909 
f 902//902 910//910 917//917 
f 902//902 906//906 900//900 
f 902//902 917//917 906//906 
f 917//917 918//918 906//906 
f 907//907 906//906 919//919 
f 919//919 906//906 918//918 
f 1206//1206 1203//1203 908//908 
f 1206//1206 908//908 919//919 
f 919//919 908//908 907//907 
f 1202//1202 908//908 1203//1203 
f 913//913 1205//1205 1207//1207 
f 1207//1207 1211//1211 924//924 
f 1207//1207 924//924 913//913 
f 913//913 924//924 914//914 
f 915//915 914//914 925//925 
f 925//925 914//914 924//924 
f 916//916 915//915 926//926 
f 926//926 915//915 925//925 
f 909//909 927//927 911//911 
f 909//909 916//916 927//927 
f 916//916 926//926 927//927 
f 911//911 927//927 920//920 
f 912//912 921//921 928//928 
f 912//912 917//917 910//910 
f 912//912 928//928 917//917 
f 928//928 929//929 917//917 
f 918//918 917//917 930//930 
f 930//930 917//917 929//929 
f 1212//1212 1208//1208 919//919 
f 1212//1212 919//919 930//930 
f 930//930 919//919 918//918 
f 1206//1206 919//919 1208//1208 
f 924//924 1211//1211 1213//1213 
f 1213//1213 1217//1217 934//934 
f 1213//1213 934//934 924//924 
f 924//924 934//934 925//925 
f 926//926 925//925 935//935 
f 935//935 925//925 934//934 
f 927//927 926//926 936//936 
f 936//936 926//926 935//935 
f 920//920 937//937 922//922 
f 920//920 927//927 937//937 
f 927//927 936//936 937//937 
f 922//922 937//937 931//931 
f 923//923 932//932 938//938 
f 923//923 928//928 921//921 
f 923//923 938//938 928//928 
f 938//938 939//939 928//928 
f 929//929 928//928 940//940 
f 940//940 928//928 939//939 
f 1218//1218 1214//1214 930//930 
f 1218//1218 930//930 940//940 
f 940//940 930//930 929//929 
f 1212//1212 930//930 1214//1214 
f 934//934 1217//1217 1219//1219 
f 1219//1219 1224//1224 944//944 
f 1219//1219 944//944 934//934 
f 934//934 944//944 935//935 
f 936//936 935//935 945//945 
f 945//945 935//935 944//944 
f 937//937 936//936 946//946 
f 946//946 936//936 945//945 
f 931//931 946//946 941//941 
f 937//937 946//946 931//931 
f 933//933 942//942 947//947 
f 933//933 938//938 932//932 
f 933//933 947//947 938//938 
f 947//947 948//948 938//938 
f 939//939 938//938 949//949 
f 949//949 938//938 948//948 
f 940//940 939//939 950//950 
f 950//950 939//939 949//949 
f 1225//1225 1218//1218 940//940 
f 950//950 1225//1225 940//940 
f 944//944 1224//1224 1226//1226 
f 1226//1226 1232//1232 953//953 
f 1226//1226 953//953 944//944 
f 944//944 953//953 945//945 
f 946//946 945//945 954//954 
f 954//954 945//945 953//953 
f 941//941 955//955 943//943 
f 941//941 946//946 955//955 
f 946//946 954//954 955//955 
f 943//943 955//955 951//951 
f 947//947 952//952 956//956 
f 942//942 952//952 947//947 
f 948//948 947//947 957//957 
f 957//957 947//947 956//956 
f 949//949 948//948 958//958 
f 958//958 948//948 957//957 
f 950//950 949//949 959//959 
f 959//959 949//949 958//958 
f 1233//1233 1225//1225 950//950 
f 959//959 1233//1233 950//950 
f 964//964 953//953 1232//1232 
f 1238//1238 964//964 1232//1232 
f 954//954 953//953 965//965 
f 965//965 953//953 964//964 
f 955//955 954//954 966//966 
f 966//966 954//954 965//965 
f 951//951 966//966 960//960 
f 955//955 966//966 951//951 
f 956//956 961//961 967//967 
f 952//952 961//961 956//956 
f 957//957 956//956 968//968 
f 968//968 956//956 967//967 
f 958//958 957//957 969//969 
f 969//969 957//957 968//968 
f 959//959 958//958 970//970 
f 970//970 958//958 969//969 
f 1239//1239 1233//1233 959//959 
f 970//970 1239//1239 959//959 
f 964//964 1238//1238 1240//1240 
f 1240//1240 1245//1245 974//974 
f 1240//1240 974//974 964//964 
f 964//964 974//974 965//965 
f 966//966 965//965 975//975 
f 975//975 965//965 974//974 
f 960//960 976//976 962//962 
f 960//960 966//966 976//976 
f 966//966 975//975 976//976 
f 962//962 976//976 971//971 
f 963//963 972//972 977//977 
f 963//963 967//967 961//961 
f 963//963 977//977 967//967 
f 977//977 978//978 967//967 
f 968//968 967//967 979//979 
f 979//979 967//967 978//978 
f 969//969 968//968 980//980 
f 980//980 968//968 979//979 
f 970//970 969//969 981//981 
f 981//981 969//969 980//980 
f 1246//1246 1239//1239 970//970 
f 981//981 1246//1246 970//970 
f 986//986 974//974 1245//1245 
f 1252//1252 986//986 1245//1245 
f 975//975 974//974 987//987 
f 987//987 974//974 986//986 
f 976//976 975//975 988//988 
f 988//988 975//975 987//987 
f 971//971 989//989 973//973 
f 971//971 976//976 989//989 
f 976//976 988//988 989//989 
f 973//973 989//989 982//982 
f 977//977 983//983 990//990 
f 972//972 983//983 977//977 
f 978//978 977//977 991//991 
f 991//991 977//977 990//990 
f 979//979 978//978 992//992 
f 992//992 978//978 991//991 
f 980//980 979//979 993//993 
f 993//993 979//979 992//992 
f 1253//1253 1247//1247 981//981 
f 1253//1253 981//981 993//993 
f 993//993 981//981 980//980 
f 1246//1246 981//981 1247//1247 
f 986//986 1252//1252 1254//1254 
f 1254//1254 1260//1260 998//998 
f 1254//1254 998//998 986//986 
f 986//986 998//998 987//987 
f 988//988 987//987 999//999 
f 999//999 987//987 998//998 
f 989//989 988//988 1000//1000 
f 1000//1000 988//988 999//999 
f 982//982 1001//1001 984//984 
f 982//982 989//989 1001//1001 
f 989//989 1000//1000 1001//1001 
f 984//984 1001//1001 994//994 
f 985//985 995//995 1002//1002 
f 985//985 990//990 983//983 
f 985//985 1002//1002 990//990 
f 1002//1002 1003//1003 990//990 
f 991//991 990//990 1004//1004 
f 1004//1004 990//990 1003//1003 
f 992//992 991//991 1005//1005 
f 1005//1005 991//991 1004//1004 
f 993//993 992//992 1006//1006 
f 1006//1006 992//992 1005//1005 
f 1261//1261 1253//1253 993//993 
f 1006//1006 1261//1261 993//993 
f 998//998 1260//1260 1262//1262 
f 1262//1262 1269//1269 1012//1012 
f 1262//1262 1012//1012 998//998 
f 998//998 1012//1012 999//999 
f 1000//1000 999//999 1013//1013 
f 1013//1013 999//999 1012//1012 
f 1001//1001 1000//1000 1014//1014 
f 1014//1014 1000//1000 1013//1013 
f 994//994 1015//1015 996//996 
f 994//994 1001//1001 1015//1015 
f 1001//1001 1014//1014 1015//1015 
f 996//996 1015//1015 1007//1007 
f 997//997 1008//1008 1016//1016 
f 997//997 1002//1002 995//995 
f 997//997 1016//1016 1002//1002 
f 1016//1016 1017//1017 1002//1002 
f 1003//1003 1002//1002 1018//1018 
f 1018//1018 1002//1002 1017//1017 
f 1004//1004 1003//1003 1019//1019 
f 1019//1019 1003//1003 1018//1018 
f 1005//1005 1004//1004 1020//1020 
f 1020//1020 1004//1004 1019//1019 
f 1270//1270 1263//1263 1006//1006 
f 1270//1270 1006//1006 1020//1020 
f 1020//1020 1006//1006 1005//1005 
f 1261//1261 1006//1006 1263//1263 
f 1012//1012 1269//1269 1271//1271 
f 1271//1271 1279//1279 1026//1026 
f 1271//1271 1026//1026 1012//1012 
f 1012//1012 1026//1026 1013//1013 
f 1014//1014 1013//1013 1027//1027 
f 1027//1027 1013//1013 1026//1026 
f 1015//1015 1014//1014 1028//1028 
f 1028//1028 1014//1014 1027//1027 
f 1007//1007 1029//1029 1009//1009 
f 1007//1007 1015//1015 1029//1029 
f 1015//1015 1028//1028 1029//1029 
f 1009//1009 1030//1030 1010//1010 
f 1029//1029 1030//1030 1009//1009 
f 1010//1010 1030//1030 1021//1021 
f 1011//1011 1022//1022 1031//1031 
f 1011//1011 1016//1016 1008//1008 
f 1011//1011 1031//1031 1016//1016 
f 1031//1031 1032//1032 1016//1016 
f 1017//1017 1016//1016 1033//1033 
f 1033//1033 1016//1016 1032//1032 
f 1018//1018 1017//1017 1034//1034 
f 1034//1034 1017//1017 1033//1033 
f 1280//1280 1272//1272 1019//1019 
f 1280//1280 1019//1019 1034//1034 
f 1034//1034 1019//1019 1018//1018 
f 1020//1020 1019//1019 1272//1272 
f 1273//1273 1020//1020 1272//1272 
f 1270//1270 1020//1020 1273//1273 
f 1026//1026 1279//1279 1281//1281 
f 1027//1027 1026//1026 1281//1281 
f 1282//1282 1027//1027 1281//1281 
f 1282//1282 1290//1290 1044//1044 
f 1282//1282 1044//1044 1027//1027 
f 1027//1027 1044//1044 1028//1028 
f 1029//1029 1028//1028 1045//1045 
f 1045//1045 1028//1028 1044//1044 
f 1030//1030 1029//1029 1046//1046 
f 1046//1046 1029//1029 1045//1045 
f 1021//1021 1047//1047 1023//1023 
f 1021//1021 1030//1030 1047//1047 
f 1030//1030 1046//1046 1047//1047 
f 1023//1023 1048//1048 1024//1024 
f 1047//1047 1048//1048 1023//1023 
f 1024//1024 1048//1048 1035//1035 
f 1025//1025 1036//1036 1049//1049 
f 1025//1025 1031//1031 1022//1022 
f 1025//1025 1049//1049 1031//1031 
f 1049//1049 1050//1050 1031//1031 
f 1032//1032 1031//1031 1051//1051 
f 1051//1051 1031//1031 1050//1050 
f 1033//1033 1032//1032 1052//1052 
f 1052//1052 1032//1032 1051//1051 
f 1291//1291 1283//1283 1034//1034 
f 1291//1291 1034//1034 1052//1052 
f 1052//1052 1034//1034 1033//1033 
f 1280//1280 1034//1034 1283//1283 
f 1044//1044 1290//1290 1292//1292 
f 1292//1292 1301//1301 1053//1053 
f 1292//1292 1053//1053 1044//1044 
f 1044//1044 1053//1053 1045//1045 
f 1046//1046 1045//1045 1054//1054 
f 1054//1054 1045//1045 1053//1053 
f 1047//1047 1046//1046 1055//1055 
f 1055//1055 1046//1046 1054//1054 
f 1048//1048 1047//1047 1056//1056 
f 1056//1056 1047//1047 1055//1055 
f 1035//1035 1057//1057 1037//1037 
f 1035//1035 1048//1048 1057//1057 
f 1048//1048 1056//1056 1057//1057 
f 1037//1037 1058//1058 1038//1038 
f 1057//1057 1058//1058 1037//1037 
f 1038//1038 1059//1059 1039//1039 
f 1058//1058 1059//1059 1038//1038 
f 1039//1039 1060//1060 1040//1040 
f 1059//1059 1060//1060 1039//1039 
f 1040//1040 1061//1061 1041//1041 
f 1060//1060 1061//1061 1040//1040 
f 1041//1041 1062//1062 1042//1042 
f 1061//1061 1062//1062 1041//1041 
f 1042//1042 1063//1063 1043//1043 
f 1062//1062 1063//1063 1042//1042 
f 1043//1043 1049//1049 1036//1036 
f 1043//1043 1063//1063 1049//1049 
f 1063//1063 1064//1064 1049//1049 
f 1050//1050 1049//1049 1065//1065 
f 1065//1065 1049//1049 1064//1064 
f 1051//1051 1050//1050 1066//1066 
f 1066//1066 1050//1050 1065//1065 
f 1302//1302 1293//1293 1052//1052 
f 1302//1302 1052//1052 1066//1066 
f 1066//1066 1052//1052 1051//1051 
f 1291//1291 1052//1052 1293//1293 
f 1053//1053 1301//1301 1303//1303 
f 1054//1054 1053//1053 1303//1303 
f 1304//1304 1054//1054 1303//1303 
f 1304//1304 1313//1313 1067//1067 
f 1304//1304 1067//1067 1054//1054 
f 1054//1054 1067//1067 1055//1055 
f 1056//1056 1055//1055 1068//1068 
f 1068//1068 1055//1055 1067//1067 
f 1057//1057 1056//1056 1069//1069 
f 1069//1069 1056//1056 1068//1068 
f 1058//1058 1057//1057 1070//1070 
f 1070//1070 1057//1057 1069//1069 
f 1059//1059 1058//1058 1071//1071 
f 1071//1071 1058//1058 1070//1070 
f 1060//1060 1059//1059 1072//1072 
f 1072//1072 1059//1059 1071//1071 
f 1061//1061 1060//1060 1073//1073 
f 1073//1073 1060//1060 1072//1072 
f 1062//1062 1061//1061 1074//1074 
f 1074//1074 1061//1061 1073//1073 
f 1063//1063 1062//1062 1075//1075 
f 1075//1075 1062//1062 1074//1074 
f 1064//1064 1063//1063 1076//1076 
f 1076//1076 1063//1063 1075//1075 
f 1065//1065 1064//1064 1077//1077 
f 1077//1077 1064//1064 1076//1076 
f 1314//1314 1305//1305 1066//1066 
f 1314//1314 1066//1066 1077//1077 
f 1077//1077 1066//1066 1065//1065 
f 1302//1302 1066//1066 1305//1305 
f 1067//1067 1313//1313 1315//1315 
f 1068//1068 1067//1067 1315//1315 
f 1316//1316 1068//1068 1315//1315 
f 1069//1069 1068//1068 1316//1316 
f 1317//1317 1069//1069 1316//1316 
f 1070//1070 1069//1069 1317//1317 
f 1318//1318 1070//1070 1317//1317 
f 1071//1071 1070//1070 1318//1318 
f 1319//1319 1071//1071 1318//1318 
f 1072//1072 1071//1071 1319//1319 
f 1320//1320 1072//1072 1319//1319 
f 1073//1073 1072//1072 1320//1320 
f 1321//1321 1073//1073 1320//1320 
f 1074//1074 1073//1073 1321//1321 
f 1322//1322 1074//1074 1321//1321 
f 1075//1075 1074//1074 1322//1322 
f 1323//1323 1075//1075 1322//1322 
f 1076//1076 1075//1075 1323//1323 
f 1324//1324 1076//1076 1323//1323 
f 1077//1077 1076//1076 1324//1324 
f 1325//1325 1077//1077 1324//1324 
f 1314//1314 1077//1077 1325//1325 
f 1087//1087 1353//1353 1362//1362 
f 1087//1087 1088//1088 1354//1354 
f 1353//1353 1087//1087 1354//1354 
f 1088//1088 1089//1089 1355//1355 
f 1354//1354 1088//1088 1355//1355 
f 1089//1089 1090//1090 1356//1356 
f 1355//1355 1089//1089 1356//1356 
f 1090//1090 1091//1091 1357//1357 
f 1356//1356 1090//1090 1357//1357 
f 1091//1091 1092//1092 1358//1358 
f 1357//1357 1091//1091 1358//1358 
f 1092//1092 1093//1093 1359//1359 
f 1358//1358 1092//1092 1359//1359 
f 1093//1093 1094//1094 1360//1360 
f 1359//1359 1093//1093 1360//1360 
f 1094//1094 1095//1095 1361//1361 
f 1360//1360 1094//1094 1361//1361 
f 1361//1361 1095//1095 1363//1363 
f 1104//1104 1364//1364 1375//1375 
f 1362//1362 1364//1364 1104//1104 
f 1362//1362 1104//1104 1087//1087 
f 1087//1087 1104//1104 1105//1105 
f 1078//1078 1105//1105 1096//1096 
f 1078//1078 1088//1088 1105//1105 
f 1088//1088 1087//1087 1105//1105 
f 1079//1079 1088//1088 1078//1078 
f 1089//1089 1088//1088 1079//1079 
f 1080//1080 1089//1089 1079//1079 
f 1090//1090 1089//1089 1080//1080 
f 1081//1081 1090//1090 1080//1080 
f 1091//1091 1090//1090 1081//1081 
f 1082//1082 1091//1091 1081//1081 
f 1092//1092 1091//1091 1082//1082 
f 1083//1083 1092//1092 1082//1082 
f 1093//1093 1092//1092 1083//1083 
f 1084//1084 1093//1093 1083//1083 
f 1094//1094 1093//1093 1084//1084 
f 1085//1085 1094//1094 1084//1084 
f 1095//1095 1094//1094 1085//1085 
f 1095//1095 1365//1365 1363//1363 
f 1095//1095 1085//1085 1365//1365 
f 1085//1085 1086//1086 1365//1365 
f 1365//1365 1086//1086 1097//1097 
f 1376//1376 1365//1365 1097//1097 
f 1111//1111 1377//1377 1390//1390 
f 1375//1375 1377//1377 1111//1111 
f 1375//1375 1111//1111 1104//1104 
f 1104//1104 1111//1111 1112//1112 
f 1098//1098 1112//1112 1106//1106 
f 1098//1098 1105//1105 1112//1112 
f 1105//1105 1104//1104 1112//1112 
f 1096//1096 1105//1105 1098//1098 
f 1097//1097 1378//1378 1376//1376 
f 1099//1099 1378//1378 1097//1097 
f 1113//1113 1391//1391 1378//1378 
f 1113//1113 1378//1378 1100//1100 
f 1100//1100 1378//1378 1099//1099 
f 1100//1100 1101//1101 1114//1114 
f 1113//1113 1100//1100 1114//1114 
f 1101//1101 1102//1102 1115//1115 
f 1114//1114 1101//1101 1115//1115 
f 1102//1102 1103//1103 1116//1116 
f 1115//1115 1102//1102 1116//1116 
f 1103//1103 1107//1107 1116//1116 
f 1122//1122 1392//1392 1407//1407 
f 1390//1390 1392//1392 1122//1122 
f 1390//1390 1122//1122 1111//1111 
f 1111//1111 1122//1122 1123//1123 
f 1108//1108 1123//1123 1117//1117 
f 1108//1108 1112//1112 1123//1123 
f 1112//1112 1111//1111 1123//1123 
f 1106//1106 1112//1112 1108//1108 
f 1113//1113 1393//1393 1391//1391 
f 1114//1114 1393//1393 1113//1113 
f 1394//1394 1393//1393 1114//1114 
f 1115//1115 1394//1394 1114//1114 
f 1395//1395 1394//1394 1115//1115 
f 1116//1116 1395//1395 1115//1115 
f 1396//1396 1395//1395 1116//1116 
f 1107//1107 1396//1396 1116//1116 
f 1107//1107 1109//1109 1396//1396 
f 1109//1109 1397//1397 1396//1396 
f 1110//1110 1398//1398 1109//1109 
f 1109//1109 1398//1398 1397//1397 
f 1398//1398 1110//1110 1118//1118 
f 1408//1408 1398//1398 1118//1118 
f 1119//1119 1122//1122 1407//1407 
f 1119//1119 1407//1407 1124//1124 
f 1124//1124 1407//1407 1422//1422 
f 1120//1120 1122//1122 1119//1119 
f 1123//1123 1122//1122 1120//1120 
f 1117//1117 1123//1123 1120//1120 
f 1118//1118 1409//1409 1408//1408 
f 1121//1121 1409//1409 1118//1118 
f 1409//1409 1121//1121 1125//1125 
f 1423//1423 1409//1409 1125//1125 
f 1126//1126 1134//1134 1130//1130 
f 1126//1126 1127//1127 1135//1135 
f 1134//1134 1126//1126 1135//1135 
f 1127//1127 1128//1128 1136//1136 
f 1135//1135 1127//1127 1136//1136 
f 1128//1128 1436//1436 1136//1136 
f 1128//1128 1124//1124 1436//1436 
f 1124//1124 1422//1422 1436//1436 
f 1125//1125 1424//1424 1423//1423 
f 1129//1129 1424//1424 1125//1125 
f 1424//1424 1129//1129 1131//1131 
f 1437//1437 1424//1424 1131//1131 
f 1132//1132 1141//1141 1137//1137 
f 1132//1132 1130//1130 1134//1134 
f 1132//1132 1134//1134 1141//1141 
f 1141//1141 1134//1134 1142//1142 
f 1135//1135 1143//1143 1134//1134 
f 1143//1143 1142//1142 1134//1134 
f 1136//1136 1144//1144 1135//1135 
f 1144//1144 1143//1143 1135//1135 
f 1444//1444 1136//1136 1436//1436 
f 1144//1144 1136//1136 1444//1444 
f 1131//1131 1438//1438 1437//1437 
f 1133//1133 1438//1438 1131//1131 
f 1438//1438 1133//1133 1138//1138 
f 1445//1445 1438//1438 1138//1138 
f 1139//1139 1149//1149 1145//1145 
f 1139//1139 1137//1137 1141//1141 
f 1139//1139 1141//1141 1149//1149 
f 1149//1149 1141//1141 1150//1150 
f 1142//1142 1151//1151 1141//1141 
f 1151//1151 1150//1150 1141//1141 
f 1143//1143 1152//1152 1142//1142 
f 1152//1152 1151//1151 1142//1142 
f 1450//1450 1144//1144 1446//1446 
f 1450//1450 1152//1152 1144//1144 
f 1152//1152 1143//1143 1144//1144 
f 1444//1444 1446//1446 1144//1144 
f 1153//1153 1138//1138 1140//1140 
f 1153//1153 1451//1451 1138//1138 
f 1451//1451 1445//1445 1138//1138 
f 1140//1140 1146//1146 1153//1153 
f 1147//1147 1156//1156 1154//1154 
f 1147//1147 1145//1145 1149//1149 
f 1147//1147 1149//1149 1156//1156 
f 1156//1156 1149//1149 1157//1157 
f 1150//1150 1158//1158 1149//1149 
f 1158//1158 1157//1157 1149//1149 
f 1151//1151 1159//1159 1150//1150 
f 1159//1159 1158//1158 1150//1150 
f 1456//1456 1152//1152 1452//1452 
f 1456//1456 1159//1159 1152//1152 
f 1159//1159 1151//1151 1152//1152 
f 1450//1450 1452//1452 1152//1152 
f 1153//1153 1453//1453 1451//1451 
f 1160//1160 1457//1457 1453//1453 
f 1148//1148 1160//1160 1453//1453 
f 1148//1148 1453//1453 1153//1153 
f 1148//1148 1153//1153 1146//1146 
f 1148//1148 1155//1155 1160//1160 
f 1156//1156 1163//1163 1161//1161 
f 1154//1154 1156//1156 1161//1161 
f 1157//1157 1164//1164 1156//1156 
f 1164//1164 1163//1163 1156//1156 
f 1158//1158 1165//1165 1157//1157 
f 1165//1165 1164//1164 1157//1157 
f 1462//1462 1159//1159 1458//1458 
f 1462//1462 1165//1165 1159//1159 
f 1165//1165 1158//1158 1159//1159 
f 1456//1456 1458//1458 1159//1159 
f 1160//1160 1459//1459 1457//1457 
f 1459//1459 1160//1160 1155//1155 
f 1459//1459 1155//1155 1463//1463 
f 1463//1463 1155//1155 1162//1162 
f 1163//1163 1169//1169 1166//1166 
f 1161//1161 1163//1163 1166//1166 
f 1164//1164 1170//1170 1163//1163 
f 1170//1170 1169//1169 1163//1163 
f 1468//1468 1165//1165 1464//1464 
f 1468//1468 1170//1170 1165//1165 
f 1170//1170 1164//1164 1165//1165 
f 1462//1462 1464//1464 1165//1165 
f 1162//1162 1167//1167 1463//1463 
f 1463//1463 1167//1167 1469//1469 
f 1169//1169 1174//1174 1171//1171 
f 1166//1166 1169//1169 1171//1171 
f 1476//1476 1170//1170 1470//1470 
f 1476//1476 1174//1174 1170//1170 
f 1174//1174 1169//1169 1170//1170 
f 1468//1468 1470//1470 1170//1170 
f 1167//1167 1471//1471 1469//1469 
f 1168//1168 1471//1471 1167//1167 
f 1471//1471 1168//1168 1172//1172 
f 1477//1477 1471//1471 1172//1172 
f 1174//1174 1478//1478 1484//1484 
f 1174//1174 1484//1484 1171//1171 
f 1171//1171 1484//1484 1175//1175 
f 1476//1476 1478//1478 1174//1174 
f 1172//1172 1479//1479 1477//1477 
f 1173//1173 1479//1479 1172//1172 
f 1479//1479 1173//1173 1176//1176 
f 1485//1485 1479//1479 1176//1176 
f 1177//1177 1181//1181 1178//1178 
f 1177//1177 1491//1491 1181//1181 
f 1177//1177 1175//1175 1491//1491 
f 1175//1175 1484//1484 1491//1491 
f 1176//1176 1179//1179 1485//1485 
f 1485//1485 1179//1179 1492//1492 
f 1180//1180 1184//1184 1182//1182 
f 1180//1180 1178//1178 1181//1181 
f 1180//1180 1181//1181 1184//1184 
f 1184//1184 1181//1181 1185//1185 
f 1496//1496 1181//1181 1491//1491 
f 1185//1185 1181//1181 1496//1496 
f 1179//1179 1183//1183 1492//1492 
f 1492//1492 1183//1183 1497//1497 
f 1184//1184 1188//1188 1186//1186 
f 1182//1182 1184//1184 1186//1186 
f 1185//1185 1189//1189 1184//1184 
f 1189//1189 1188//1188 1184//1184 
f 1500//1500 1185//1185 1496//1496 
f 1189//1189 1185//1185 1500//1500 
f 1183//1183 1187//1187 1497//1497 
f 1497//1497 1187//1187 1501//1501 
f 1188//1188 1192//1192 1190//1190 
f 1186//1186 1188//1188 1190//1190 
f 1189//1189 1193//1193 1188//1188 
f 1193//1193 1192//1192 1188//1188 
f 1504//1504 1189//1189 1500//1500 
f 1193//1193 1189//1189 1504//1504 
f 1187//1187 1191//1191 1501//1501 
f 1501//1501 1191//1191 1505//1505 
f 1192//1192 1196//1196 1194//1194 
f 1190//1190 1192//1192 1194//1194 
f 1509//1509 1193//1193 1506//1506 
f 1509//1509 1196//1196 1193//1193 
f 1196//1196 1192//1192 1193//1193 
f 1504//1504 1506//1506 1193//1193 
f 1191//1191 1195//1195 1505//1505 
f 1505//1505 1195//1195 1510//1510 
f 1196//1196 1200//1200 1197//1197 
f 1194//1194 1196//1196 1197//1197 
f 1514//1514 1196//1196 1509//1509 
f 1200//1200 1196//1196 1514//1514 
f 1195//1195 1198//1198 1510//1510 
f 1510//1510 1198//1198 1515//1515 
f 1200//1200 1204//1204 1201//1201 
f 1197//1197 1200//1200 1201//1201 
f 1520//1520 1200//1200 1514//1514 
f 1204//1204 1200//1200 1520//1520 
f 1199//1199 1521//1521 1516//1516 
f 1202//1202 1521//1521 1199//1199 
f 1515//1515 1198//1198 1199//1199 
f 1516//1516 1515//1515 1199//1199 
f 1204//1204 1209//1209 1205//1205 
f 1201//1201 1204//1204 1205//1205 
f 1525//1525 1204//1204 1520//1520 
f 1209//1209 1204//1204 1525//1525 
f 1203//1203 1206//1206 1210//1210 
f 1203//1203 1210//1210 1526//1526 
f 1203//1203 1526//1526 1202//1202 
f 1202//1202 1526//1526 1521//1521 
f 1205//1205 1209//1209 1207//1207 
f 1209//1209 1211//1211 1207//1207 
f 1209//1209 1525//1525 1211//1211 
f 1525//1525 1530//1530 1211//1211 
f 1208//1208 1212//1212 1215//1215 
f 1208//1208 1210//1210 1206//1206 
f 1208//1208 1215//1215 1210//1210 
f 1215//1215 1216//1216 1210//1210 
f 1531//1531 1526//1526 1210//1210 
f 1216//1216 1531//1531 1210//1210 
f 1220//1220 1213//1213 1211//1211 
f 1220//1220 1211//1211 1534//1534 
f 1534//1534 1211//1211 1530//1530 
f 1213//1213 1220//1220 1217//1217 
f 1214//1214 1218//1218 1221//1221 
f 1214//1214 1215//1215 1212//1212 
f 1214//1214 1221//1221 1215//1215 
f 1221//1221 1222//1222 1215//1215 
f 1216//1216 1215//1215 1223//1223 
f 1223//1223 1215//1215 1222//1222 
f 1535//1535 1531//1531 1216//1216 
f 1223//1223 1535//1535 1216//1216 
f 1227//1227 1220//1220 1534//1534 
f 1538//1538 1227//1227 1534//1534 
f 1217//1217 1228//1228 1219//1219 
f 1217//1217 1220//1220 1228//1228 
f 1220//1220 1227//1227 1228//1228 
f 1219//1219 1228//1228 1224//1224 
f 1221//1221 1225//1225 1229//1229 
f 1218//1218 1225//1225 1221//1221 
f 1222//1222 1221//1221 1230//1230 
f 1230//1230 1221//1221 1229//1229 
f 1223//1223 1222//1222 1231//1231 
f 1231//1231 1222//1222 1230//1230 
f 1539//1539 1535//1535 1223//1223 
f 1231//1231 1539//1539 1223//1223 
f 1227//1227 1538//1538 1540//1540 
f 1540//1540 1544//1544 1234//1234 
f 1540//1540 1234//1234 1227//1227 
f 1227//1227 1234//1234 1228//1228 
f 1224//1224 1235//1235 1226//1226 
f 1224//1224 1228//1228 1235//1235 
f 1228//1228 1234//1234 1235//1235 
f 1226//1226 1235//1235 1232//1232 
f 1229//1229 1233//1233 1236//1236 
f 1225//1225 1233//1233 1229//1229 
f 1230//1230 1229//1229 1237//1237 
f 1237//1237 1229//1229 1236//1236 
f 1545//1545 1541//1541 1231//1231 
f 1545//1545 1231//1231 1237//1237 
f 1237//1237 1231//1231 1230//1230 
f 1539//1539 1231//1231 1541//1541 
f 1241//1241 1234//1234 1544//1544 
f 1547//1547 1241//1241 1544//1544 
f 1235//1235 1234//1234 1242//1242 
f 1242//1242 1234//1234 1241//1241 
f 1232//1232 1242//1242 1238//1238 
f 1235//1235 1242//1242 1232//1232 
f 1236//1236 1239//1239 1243//1243 
f 1233//1233 1239//1239 1236//1236 
f 1237//1237 1236//1236 1244//1244 
f 1244//1244 1236//1236 1243//1243 
f 1548//1548 1545//1545 1237//1237 
f 1244//1244 1548//1548 1237//1237 
f 1241//1241 1547//1547 1549//1549 
f 1549//1549 1551//1551 1248//1248 
f 1549//1549 1248//1248 1241//1241 
f 1241//1241 1248//1248 1242//1242 
f 1238//1238 1249//1249 1240//1240 
f 1238//1238 1242//1242 1249//1249 
f 1242//1242 1248//1248 1249//1249 
f 1240//1240 1249//1249 1245//1245 
f 1243//1243 1246//1246 1250//1250 
f 1239//1239 1246//1246 1243//1243 
f 1244//1244 1243//1243 1251//1251 
f 1251//1251 1243//1243 1250//1250 
f 1552//1552 1548//1548 1244//1244 
f 1251//1251 1552//1552 1244//1244 
f 1255//1255 1248//1248 1551//1551 
f 1554//1554 1255//1255 1551//1551 
f 1249//1249 1248//1248 1256//1256 
f 1256//1256 1248//1248 1255//1255 
f 1245//1245 1256//1256 1252//1252 
f 1249//1249 1256//1256 1245//1245 
f 1247//1247 1253//1253 1257//1257 
f 1247//1247 1250//1250 1246//1246 
f 1247//1247 1257//1257 1250//1250 
f 1257//1257 1258//1258 1250//1250 
f 1251//1251 1250//1250 1259//1259 
f 1259//1259 1250//1250 1258//1258 
f 1555//1555 1552//1552 1251//1251 
f 1259//1259 1555//1555 1251//1251 
f 1255//1255 1554//1554 1556//1556 
f 1556//1556 1558//1558 1264//1264 
f 1556//1556 1264//1264 1255//1255 
f 1255//1255 1264//1264 1256//1256 
f 1252//1252 1265//1265 1254//1254 
f 1252//1252 1256//1256 1265//1265 
f 1256//1256 1264//1264 1265//1265 
f 1254//1254 1265//1265 1260//1260 
f 1257//1257 1261//1261 1266//1266 
f 1253//1253 1261//1261 1257//1257 
f 1258//1258 1257//1257 1267//1267 
f 1267//1267 1257//1257 1266//1266 
f 1259//1259 1258//1258 1268//1268 
f 1268//1268 1258//1258 1267//1267 
f 1559//1559 1555//1555 1259//1259 
f 1268//1268 1559//1559 1259//1259 
f 1264//1264 1558//1558 1560//1560 
f 1560//1560 1564//1564 1274//1274 
f 1560//1560 1274//1274 1264//1264 
f 1264//1264 1274//1274 1265//1265 
f 1260//1260 1275//1275 1262//1262 
f 1260//1260 1265//1265 1275//1275 
f 1265//1265 1274//1274 1275//1275 
f 1262//1262 1275//1275 1269//1269 
f 1263//1263 1270//1270 1276//1276 
f 1263//1263 1266//1266 1261//1261 
f 1263//1263 1276//1276 1266//1266 
f 1276//1276 1277//1277 1266//1266 
f 1267//1267 1266//1266 1278//1278 
f 1278//1278 1266//1266 1277//1277 
f 1565//1565 1561//1561 1268//1268 
f 1565//1565 1268//1268 1278//1278 
f 1278//1278 1268//1268 1267//1267 
f 1559//1559 1268//1268 1561//1561 
f 1274//1274 1564//1564 1566//1566 
f 1566//1566 1570//1570 1284//1284 
f 1566//1566 1284//1284 1274//1274 
f 1274//1274 1284//1284 1275//1275 
f 1269//1269 1285//1285 1271//1271 
f 1269//1269 1275//1275 1285//1285 
f 1275//1275 1284//1284 1285//1285 
f 1271//1271 1285//1285 1279//1279 
f 1272//1272 1280//1280 1286//1286 
f 1272//1272 1287//1287 1273//1273 
f 1286//1286 1287//1287 1272//1272 
f 1273//1273 1276//1276 1270//1270 
f 1273//1273 1287//1287 1276//1276 
f 1287//1287 1288//1288 1276//1276 
f 1277//1277 1276//1276 1289//1289 
f 1289//1289 1276//1276 1288//1288 
f 1571//1571 1567//1567 1278//1278 
f 1571//1571 1278//1278 1289//1289 
f 1289//1289 1278//1278 1277//1277 
f 1565//1565 1278//1278 1567//1567 
f 1284//1284 1570//1570 1572//1572 
f 1572//1572 1576//1576 1294//1294 
f 1572//1572 1294//1294 1284//1284 
f 1284//1284 1294//1294 1285//1285 
f 1279//1279 1295//1295 1281//1281 
f 1279//1279 1285//1285 1295//1295 
f 1285//1285 1294//1294 1295//1295 
f 1281//1281 1296//1296 1282//1282 
f 1295//1295 1296//1296 1281//1281 
f 1282//1282 1296//1296 1290//1290 
f 1283//1283 1291//1291 1297//1297 
f 1283//1283 1286//1286 1280//1280 
f 1283//1283 1297//1297 1286//1286 
f 1297//1297 1298//1298 1286//1286 
f 1287//1287 1286//1286 1299//1299 
f 1299//1299 1286//1286 1298//1298 
f 1288//1288 1287//1287 1300//1300 
f 1300//1300 1287//1287 1299//1299 
f 1577//1577 1573//1573 1289//1289 
f 1577//1577 1289//1289 1300//1300 
f 1300//1300 1289//1289 1288//1288 
f 1571//1571 1289//1289 1573//1573 
f 1294//1294 1576//1576 1578//1578 
f 1578//1578 1582//1582 1306//1306 
f 1578//1578 1306//1306 1294//1294 
f 1294//1294 1306//1306 1295//1295 
f 1296//1296 1295//1295 1307//1307 
f 1307//1307 1295//1295 1306//1306 
f 1290//1290 1308//1308 1292//1292 
f 1290//1290 1296//1296 1308//1308 
f 1296//1296 1307//1307 1308//1308 
f 1292//1292 1308//1308 1301//1301 
f 1293//1293 1302//1302 1309//1309 
f 1293//1293 1297//1297 1291//1291 
f 1293//1293 1309//1309 1297//1297 
f 1309//1309 1310//1310 1297//1297 
f 1298//1298 1297//1297 1311//1311 
f 1311//1311 1297//1297 1310//1310 
f 1299//1299 1298//1298 1312//1312 
f 1312//1312 1298//1298 1311//1311 
f 1583//1583 1579//1579 1300//1300 
f 1583//1583 1300//1300 1312//1312 
f 1312//1312 1300//1300 1299//1299 
f 1577//1577 1300//1300 1579//1579 
f 1306//1306 1582//1582 1584//1584 
f 1584//1584 1589//1589 1326//1326 
f 1584//1584 1326//1326 1306//1306 
f 1306//1306 1326//1326 1307//1307 
f 1308//1308 1307//1307 1327//1327 
f 1327//1327 1307//1307 1326//1326 
f 1301//1301 1328//1328 1303//1303 
f 1301//1301 1308//1308 1328//1328 
f 1308//1308 1327//1327 1328//1328 
f 1303//1303 1329//1329 1304//1304 
f 1328//1328 1329//1329 1303//1303 
f 1304//1304 1329//1329 1313//1313 
f 1305//1305 1314//1314 1330//1330 
f 1305//1305 1309//1309 1302//1302 
f 1305//1305 1330//1330 1309//1309 
f 1330//1330 1331//1331 1309//1309 
f 1310//1310 1309//1309 1332//1332 
f 1332//1332 1309//1309 1331//1331 
f 1590//1590 1585//1585 1311//1311 
f 1590//1590 1311//1311 1332//1332 
f 1332//1332 1311//1311 1310//1310 
f 1312//1312 1311//1311 1585//1585 
f 1586//1586 1312//1312 1585//1585 
f 1583//1583 1312//1312 1586//1586 
f 1326//1326 1589//1589 1591//1591 
f 1591//1591 1606//1606 1333//1333 
f 1591//1591 1333//1333 1326//1326 
f 1326//1326 1333//1333 1327//1327 
f 1328//1328 1327//1327 1334//1334 
f 1334//1334 1327//1327 1333//1333 
f 1329//1329 1328//1328 1335//1335 
f 1335//1335 1328//1328 1334//1334 
f 1313//1313 1336//1336 1315//1315 
f 1313//1313 1329//1329 1336//1336 
f 1329//1329 1335//1335 1336//1336 
f 1315//1315 1337//1337 1316//1316 
f 1336//1336 1337//1337 1315//1315 
f 1316//1316 1338//1338 1317//1317 
f 1337//1337 1338//1338 1316//1316 
f 1317//1317 1339//1339 1318//1318 
f 1338//1338 1339//1339 1317//1317 
f 1318//1318 1340//1340 1319//1319 
f 1339//1339 1340//1340 1318//1318 
f 1319//1319 1341//1341 1320//1320 
f 1340//1340 1341//1341 1319//1319 
f 1320//1320 1342//1342 1321//1321 
f 1341//1341 1342//1342 1320//1320 
f 1321//1321 1343//1343 1322//1322 
f 1342//1342 1343//1343 1321//1321 
f 1322//1322 1344//1344 1323//1323 
f 1343//1343 1344//1344 1322//1322 
f 1607//1607 1323//1323 1344//1344 
f 1607//1607 1592//1592 1323//1323 
f 1592//1592 1324//1324 1323//1323 
f 1325//1325 1324//1324 1593//1593 
f 1324//1324 1592//1592 1593//1593 
f 1330//1330 1314//1314 1325//1325 
f 1330//1330 1325//1325 1594//1594 
f 1594//1594 1325//1325 1593//1593 
f 1331//1331 1330//1330 1594//1594 
f 1595//1595 1331//1331 1594//1594 
f 1332//1332 1331//1331 1595//1595 
f 1596//1596 1332//1332 1595//1595 
f 1590//1590 1332//1332 1596//1596 
f 1333//1333 1606//1606 1608//1608 
f 1334//1334 1333//1333 1608//1608 
f 1609//1609 1334//1334 1608//1608 
f 1609//1609 1616//1616 1345//1345 
f 1609//1609 1345//1345 1334//1334 
f 1334//1334 1345//1345 1335//1335 
f 1336//1336 1335//1335 1346//1346 
f 1346//1346 1335//1335 1345//1345 
f 1337//1337 1336//1336 1347//1347 
f 1347//1347 1336//1336 1346//1346 
f 1338//1338 1337//1337 1348//1348 
f 1348//1348 1337//1337 1347//1347 
f 1339//1339 1338//1338 1349//1349 
f 1349//1349 1338//1338 1348//1348 
f 1340//1340 1339//1339 1350//1350 
f 1350//1350 1339//1339 1349//1349 
f 1341//1341 1340//1340 1351//1351 
f 1351//1351 1340//1340 1350//1350 
f 1342//1342 1341//1341 1352//1352 
f 1352//1352 1341//1341 1351//1351 
f 1617//1617 1610//1610 1343//1343 
f 1617//1617 1343//1343 1352//1352 
f 1352//1352 1343//1343 1342//1342 
f 1344//1344 1343//1343 1610//1610 
f 1611//1611 1344//1344 1610//1610 
f 1607//1607 1344//1344 1611//1611 
f 1345//1345 1616//1616 1618//1618 
f 1346//1346 1345//1345 1618//1618 
f 1619//1619 1346//1346 1618//1618 
f 1347//1347 1346//1346 1619//1619 
f 1620//1620 1347//1347 1619//1619 
f 1348//1348 1347//1347 1620//1620 
f 1621//1621 1348//1348 1620//1620 
f 1349//1349 1348//1348 1621//1621 
f 1622//1622 1349//1349 1621//1621 
f 1350//1350 1349//1349 1622//1622 
f 1623//1623 1350//1350 1622//1622 
f 1351//1351 1350//1350 1623//1623 
f 1624//1624 1351//1351 1623//1623 
f 1352//1352 1351//1351 1624//1624 
f 1625//1625 1352//1352 1624//1624 
f 1617//1617 1352//1352 1625//1625 
f 1353//1353 1366//1366 1362//1362 
f 1353//1353 1354//1354 1367//1367 
f 1366//1366 1353//1353 1367//1367 
f 1354//1354 1355//1355 1368//1368 
f 1367//1367 1354//1354 1368//1368 
f 1355//1355 1356//1356 1369//1369 
f 1368//1368 1355//1355 1369//1369 
f 1356//1356 1357//1357 1370//1370 
f 1369//1369 1356//1356 1370//1370 
f 1357//1357 1358//1358 1371//1371 
f 1370//1370 1357//1357 1371//1371 
f 1358//1358 1359//1359 1372//1372 
f 1371//1371 1358//1358 1372//1372 
f 1359//1359 1360//1360 1373//1373 
f 1372//1372 1359//1359 1373//1373 
f 1360//1360 1361//1361 1374//1374 
f 1373//1373 1360//1360 1374//1374 
f 1361//1361 1363//1363 1374//1374 
f 1364//1364 1379//1379 1375//1375 
f 1364//1364 1362//1362 1366//1366 
f 1364//1364 1366//1366 1379//1379 
f 1379//1379 1366//1366 1380//1380 
f 1367//1367 1381//1381 1366//1366 
f 1381//1381 1380//1380 1366//1366 
f 1368//1368 1382//1382 1367//1367 
f 1382//1382 1381//1381 1367//1367 
f 1369//1369 1383//1383 1368//1368 
f 1383//1383 1382//1382 1368//1368 
f 1370//1370 1384//1384 1369//1369 
f 1384//1384 1383//1383 1369//1369 
f 1371//1371 1385//1385 1370//1370 
f 1385//1385 1384//1384 1370//1370 
f 1372//1372 1386//1386 1371//1371 
f 1386//1386 1385//1385 1371//1371 
f 1373//1373 1387//1387 1372//1372 
f 1387//1387 1386//1386 1372//1372 
f 1374//1374 1388//1388 1373//1373 
f 1388//1388 1387//1387 1373//1373 
f 1363//1363 1365//1365 1389//1389 
f 1363//1363 1389//1389 1374//1374 
f 1374//1374 1389//1389 1388//1388 
f 1365//1365 1376//1376 1389//1389 
f 1377//1377 1399//1399 1390//1390 
f 1377//1377 1375//1375 1379//1379 
f 1377//1377 1379//1379 1399//1399 
f 1399//1399 1379//1379 1400//1400 
f 1380//1380 1401//1401 1379//1379 
f 1401//1401 1400//1400 1379//1379 
f 1381//1381 1402//1402 1380//1380 
f 1402//1402 1401//1401 1380//1380 
f 1639//1639 1382//1382 1634//1634 
f 1639//1639 1402//1402 1382//1382 
f 1402//1402 1381//1381 1382//1382 
f 1383//1383 1634//1634 1382//1382 
f 1635//1635 1634//1634 1383//1383 
f 1384//1384 1635//1635 1383//1383 
f 1636//1636 1635//1635 1384//1384 
f 1385//1385 1636//1636 1384//1384 
f 1637//1637 1636//1636 1385//1385 
f 1386//1386 1637//1637 1385//1385 
f 1638//1638 1637//1637 1386//1386 
f 1638//1638 1403//1403 1640//1640 
f 1638//1638 1386//1386 1403//1403 
f 1386//1386 1387//1387 1403//1403 
f 1388//1388 1404//1404 1387//1387 
f 1404//1404 1403//1403 1387//1387 
f 1389//1389 1405//1405 1388//1388 
f 1405//1405 1404//1404 1388//1388 
f 1376//1376 1378//1378 1406//1406 
f 1376//1376 1406//1406 1389//1389 
f 1389//1389 1406//1406 1405//1405 
f 1378//1378 1391//1391 1406//1406 
f 1392//1392 1410//1410 1407//1407 
f 1392//1392 1390//1390 1399//1399 
f 1392//1392 1399//1399 1410//1410 
f 1410//1410 1399//1399 1411//1411 
f 1400//1400 1412//1412 1399//1399 
f 1412//1412 1411//1411 1399//1399 
f 1401//1401 1413//1413 1400//1400 
f 1413//1413 1412//1412 1400//1400 
f 1649//1649 1402//1402 1641//1641 
f 1649//1649 1413//1413 1402//1402 
f 1413//1413 1401//1401 1402//1402 
f 1639//1639 1641//1641 1402//1402 
f 1403//1403 1642//1642 1640//1640 
f 1404//1404 1642//1642 1403//1403 
f 1643//1643 1642//1642 1404//1404 
f 1643//1643 1414//1414 1650//1650 
f 1643//1643 1404//1404 1414//1414 
f 1404//1404 1405//1405 1414//1414 
f 1406//1406 1415//1415 1405//1405 
f 1415//1415 1414//1414 1405//1405 
f 1391//1391 1393//1393 1416//1416 
f 1391//1391 1416//1416 1406//1406 
f 1406//1406 1416//1416 1415//1415 
f 1393//1393 1394//1394 1417//1417 
f 1416//1416 1393//1393 1417//1417 
f 1394//1394 1395//1395 1418//1418 
f 1417//1417 1394//1394 1418//1418 
f 1395//1395 1396//1396 1419//1419 
f 1418//1418 1395//1395 1419//1419 
f 1396//1396 1397//1397 1420//1420 
f 1419//1419 1396//1396 1420//1420 
f 1397//1397 1398//1398 1421//1421 
f 1420//1420 1397//1397 1421//1421 
f 1398//1398 1408//1408 1421//1421 
f 1410//1410 1425//1425 1422//1422 
f 1407//1407 1410//1410 1422//1422 
f 1411//1411 1426//1426 1410//1410 
f 1426//1426 1425//1425 1410//1410 
f 1412//1412 1427//1427 1411//1411 
f 1427//1427 1426//1426 1411//1411 
f 1661//1661 1413//1413 1651//1651 
f 1661//1661 1427//1427 1413//1413 
f 1427//1427 1412//1412 1413//1413 
f 1649//1649 1651//1651 1413//1413 
f 1414//1414 1652//1652 1650//1650 
f 1652//1652 1428//1428 1662//1662 
f 1652//1652 1414//1414 1428//1428 
f 1414//1414 1415//1415 1428//1428 
f 1416//1416 1429//1429 1415//1415 
f 1429//1429 1428//1428 1415//1415 
f 1417//1417 1430//1430 1416//1416 
f 1430//1430 1429//1429 1416//1416 
f 1418//1418 1431//1431 1417//1417 
f 1431//1431 1430//1430 1417//1417 
f 1419//1419 1432//1432 1418//1418 
f 1432//1432 1431//1431 1418//1418 
f 1420//1420 1433//1433 1419//1419 
f 1433//1433 1432//1432 1419//1419 
f 1421//1421 1434//1434 1420//1420 
f 1434//1434 1433//1433 1420//1420 
f 1408//1408 1409//1409 1435//1435 
f 1408//1408 1435//1435 1421//1421 
f 1421//1421 1435//1435 1434//1434 
f 1409//1409 1423//1423 1435//1435 
f 1425//1425 1439//1439 1436//1436 
f 1422//1422 1425//1425 1436//1436 
f 1426//1426 1440//1440 1425//1425 
f 1440//1440 1439//1439 1425//1425 
f 1680//1680 1427//1427 1663//1663 
f 1680//1680 1440//1440 1427//1427 
f 1440//1440 1426//1426 1427//1427 
f 1661//1661 1663//1663 1427//1427 
f 1428//1428 1664//1664 1662//1662 
f 1429//1429 1664//1664 1428//1428 
f 1665//1665 1664//1664 1429//1429 
f 1430//1430 1665//1665 1429//1429 
f 1666//1666 1665//1665 1430//1430 
f 1431//1431 1666//1666 1430//1430 
f 1667//1667 1666//1666 1431//1431 
f 1432//1432 1667//1667 1431//1431 
f 1668//1668 1667//1667 1432//1432 
f 1433//1433 1668//1668 1432//1432 
f 1669//1669 1668//1668 1433//1433 
f 1669//1669 1441//1441 1681//1681 
f 1669//1669 1433//1433 1441//1441 
f 1433//1433 1434//1434 1441//1441 
f 1435//1435 1442//1442 1434//1434 
f 1442//1442 1441//1441 1434//1434 
f 1423//1423 1424//1424 1443//1443 
f 1423//1423 1443//1443 1435//1435 
f 1435//1435 1443//1443 1442//1442 
f 1424//1424 1437//1437 1443//1443 
f 1439//1439 1447//1447 1444//1444 
f 1436//1436 1439//1439 1444//1444 
f 1440//1440 1448//1448 1439//1439 
f 1448//1448 1447//1447 1439//1439 
f 1699//1699 1440//1440 1680//1680 
f 1448//1448 1440//1440 1699//1699 
f 1441//1441 1682//1682 1681//1681 
f 1442//1442 1682//1682 1441//1441 
f 1683//1683 1682//1682 1442//1442 
f 1443//1443 1683//1683 1442//1442 
f 1684//1684 1683//1683 1443//1443 
f 1449//1449 1700//1700 1684//1684 
f 1438//1438 1449//1449 1684//1684 
f 1438//1438 1684//1684 1443//1443 
f 1438//1438 1443//1443 1437//1437 
f 1438//1438 1445//1445 1449//1449 
f 1446//1446 1454//1454 1450//1450 
f 1446//1446 1444//1444 1447//1447 
f 1446//1446 1447//1447 1454//1454 
f 1454//1454 1447//1447 1455//1455 
f 1716//1716 1448//1448 1701//1701 
f 1716//1716 1455//1455 1448//1448 
f 1455//1455 1447//1447 1448//1448 
f 1699//1699 1701//1701 1448//1448 
f 1449//1449 1702//1702 1700//1700 
f 1702//1702 1449//1449 1445//1445 
f 1702//1702 1445//1445 1717//1717 
f 1717//1717 1445//1445 1451//1451 
f 1452//1452 1460//1460 1456//1456 
f 1452//1452 1450//1450 1454//1454 
f 1452//1452 1454//1454 1460//1460 
f 1460//1460 1454//1454 1461//1461 
f 1729//1729 1455//1455 1718//1718 
f 1729//1729 1461//1461 1455//1455 
f 1461//1461 1454//1454 1455//1455 
f 1716//1716 1718//1718 1455//1455 
f 1451//1451 1719//1719 1717//1717 
f 1453//1453 1719//1719 1451//1451 
f 1719//1719 1453//1453 1457//1457 
f 1730//1730 1719//1719 1457//1457 
f 1458//1458 1465//1465 1462//1462 
f 1458//1458 1456//1456 1460//1460 
f 1458//1458 1460//1460 1465//1465 
f 1465//1465 1460//1460 1466//1466 
f 1461//1461 1467//1467 1460//1460 
f 1467//1467 1466//1466 1460//1460 
f 1739//1739 1461//1461 1729//1729 
f 1467//1467 1461//1461 1739//1739 
f 1457//1457 1731//1731 1730//1730 
f 1459//1459 1731//1731 1457//1457 
f 1731//1731 1459//1459 1463//1463 
f 1740//1740 1731//1731 1463//1463 
f 1464//1464 1472//1472 1468//1468 
f 1464//1464 1462//1462 1465//1465 
f 1464//1464 1465//1465 1472//1472 
f 1472//1472 1465//1465 1473//1473 
f 1466//1466 1474//1474 1465//1465 
f 1474//1474 1473//1473 1465//1465 
f 1467//1467 1475//1475 1466//1466 
f 1475//1475 1474//1474 1466//1466 
f 1748//1748 1467//1467 1739//1739 
f 1475//1475 1467//1467 1748//1748 
f 1463//1463 1469//1469 1740//1740 
f 1740//1740 1469//1469 1749//1749 
f 1470//1470 1480//1480 1476//1476 
f 1470//1470 1468//1468 1472//1472 
f 1470//1470 1472//1472 1480//1480 
f 1480//1480 1472//1472 1481//1481 
f 1473//1473 1482//1482 1472//1472 
f 1482//1482 1481//1481 1472//1472 
f 1474//1474 1483//1483 1473//1473 
f 1483//1483 1482//1482 1473//1473 
f 1757//1757 1475//1475 1750//1750 
f 1757//1757 1483//1483 1475//1475 
f 1483//1483 1474//1474 1475//1475 
f 1748//1748 1750//1750 1475//1475 
f 1469//1469 1751//1751 1749//1749 
f 1471//1471 1751//1751 1469//1469 
f 1751//1751 1471//1471 1477//1477 
f 1758//1758 1751//1751 1477//1477 
f 1478//1478 1486//1486 1484//1484 
f 1478//1478 1476//1476 1480//1480 
f 1478//1478 1480//1480 1486//1486 
f 1486//1486 1480//1480 1487//1487 
f 1481//1481 1488//1488 1480//1480 
f 1488//1488 1487//1487 1480//1480 
f 1482//1482 1489//1489 1481//1481 
f 1489//1489 1488//1488 1481//1481 
f 1766//1766 1483//1483 1759//1759 
f 1766//1766 1489//1489 1483//1483 
f 1489//1489 1482//1482 1483//1483 
f 1757//1757 1759//1759 1483//1483 
f 1490//1490 1477//1477 1479//1479 
f 1490//1490 1767//1767 1477//1477 
f 1767//1767 1758//1758 1477//1477 
f 1479//1479 1485//1485 1490//1490 
f 1486//1486 1493//1493 1491//1491 
f 1484//1484 1486//1486 1491//1491 
f 1487//1487 1494//1494 1486//1486 
f 1494//1494 1493//1493 1486//1486 
f 1488//1488 1495//1495 1487//1487 
f 1495//1495 1494//1494 1487//1487 
f 1777//1777 1489//1489 1768//1768 
f 1777//1777 1495//1495 1489//1489 
f 1495//1495 1488//1488 1489//1489 
f 1766//1766 1768//1768 1489//1489 
f 1490//1490 1769//1769 1767//1767 
f 1769//1769 1490//1490 1485//1485 
f 1769//1769 1485//1485 1778//1778 
f 1778//1778 1485//1485 1492//1492 
f 1493//1493 1498//1498 1496//1496 
f 1491//1491 1493//1493 1496//1496 
f 1494//1494 1499//1499 1493//1493 
f 1499//1499 1498//1498 1493//1493 
f 1789//1789 1495//1495 1779//1779 
f 1789//1789 1499//1499 1495//1495 
f 1499//1499 1494//1494 1495//1495 
f 1777//1777 1779//1779 1495//1495 
f 1492//1492 1497//1497 1778//1778 
f 1778//1778 1497//1497 1790//1790 
f 1498//1498 1502//1502 1500//1500 
f 1496//1496 1498//1498 1500//1500 
f 1499//1499 1503//1503 1498//1498 
f 1503//1503 1502//1502 1498//1498 
f 1800//1800 1499//1499 1789//1789 
f 1503//1503 1499//1499 1800//1800 
f 1497//1497 1501//1501 1790//1790 
f 1790//1790 1501//1501 1801//1801 
f 1502//1502 1507//1507 1504//1504 
f 1500//1500 1502//1502 1504//1504 
f 1503//1503 1508//1508 1502//1502 
f 1508//1508 1507//1507 1502//1502 
f 1810//1810 1503//1503 1800//1800 
f 1508//1508 1503//1503 1810//1810 
f 1501//1501 1505//1505 1801//1801 
f 1801//1801 1505//1505 1811//1811 
f 1506//1506 1511//1511 1509//1509 
f 1506//1506 1504//1504 1507//1507 
f 1506//1506 1507//1507 1511//1511 
f 1511//1511 1507//1507 1512//1512 
f 1508//1508 1513//1513 1507//1507 
f 1513//1513 1512//1512 1507//1507 
f 1820//1820 1508//1508 1810//1810 
f 1513//1513 1508//1508 1820//1820 
f 1505//1505 1510//1510 1811//1811 
f 1811//1811 1510//1510 1821//1821 
f 1511//1511 1517//1517 1514//1514 
f 1509//1509 1511//1511 1514//1514 
f 1512//1512 1518//1518 1511//1511 
f 1518//1518 1517//1517 1511//1511 
f 1513//1513 1519//1519 1512//1512 
f 1519//1519 1518//1518 1512//1512 
f 1829//1829 1513//1513 1820//1820 
f 1519//1519 1513//1513 1829//1829 
f 1510//1510 1515//1515 1821//1821 
f 1821//1821 1515//1515 1830//1830 
f 1517//1517 1522//1522 1520//1520 
f 1514//1514 1517//1517 1520//1520 
f 1518//1518 1523//1523 1517//1517 
f 1523//1523 1522//1522 1517//1517 
f 1839//1839 1519//1519 1831//1831 
f 1839//1839 1523//1523 1519//1519 
f 1523//1523 1518//1518 1519//1519 
f 1829//1829 1831//1831 1519//1519 
f 1516//1516 1521//1521 1524//1524 
f 1516//1516 1524//1524 1840//1840 
f 1516//1516 1840//1840 1515//1515 
f 1515//1515 1840//1840 1830//1830 
f 1522//1522 1527//1527 1525//1525 
f 1520//1520 1522//1522 1525//1525 
f 1523//1523 1528//1528 1522//1522 
f 1528//1528 1527//1527 1522//1522 
f 1848//1848 1523//1523 1839//1839 
f 1528//1528 1523//1523 1848//1848 
f 1524//1524 1526//1526 1529//1529 
f 1521//1521 1526//1526 1524//1524 
f 1849//1849 1840//1840 1524//1524 
f 1529//1529 1849//1849 1524//1524 
f 1527//1527 1532//1532 1530//1530 
f 1525//1525 1527//1527 1530//1530 
f 1857//1857 1528//1528 1850//1850 
f 1857//1857 1532//1532 1528//1528 
f 1532//1532 1527//1527 1528//1528 
f 1848//1848 1850//1850 1528//1528 
f 1529//1529 1531//1531 1533//1533 
f 1526//1526 1531//1531 1529//1529 
f 1858//1858 1849//1849 1529//1529 
f 1533//1533 1858//1858 1529//1529 
f 1532//1532 1536//1536 1534//1534 
f 1530//1530 1532//1532 1534//1534 
f 1865//1865 1532//1532 1857//1857 
f 1536//1536 1532//1532 1865//1865 
f 1533//1533 1535//1535 1537//1537 
f 1531//1531 1535//1535 1533//1533 
f 1866//1866 1858//1858 1533//1533 
f 1537//1537 1866//1866 1533//1533 
f 1536//1536 1542//1542 1538//1538 
f 1534//1534 1536//1536 1538//1538 
f 1873//1873 1536//1536 1865//1865 
f 1542//1542 1536//1536 1873//1873 
f 1537//1537 1539//1539 1543//1543 
f 1535//1535 1539//1539 1537//1537 
f 1874//1874 1866//1866 1537//1537 
f 1543//1543 1874//1874 1537//1537 
f 1538//1538 1542//1542 1540//1540 
f 1542//1542 1544//1544 1540//1540 
f 1542//1542 1873//1873 1544//1544 
f 1873//1873 1881//1881 1544//1544 
f 1541//1541 1545//1545 1546//1546 
f 1541//1541 1546//1546 1882//1882 
f 1539//1539 1541//1541 1882//1882 
f 1539//1539 1882//1882 1875//1875 
f 1539//1539 1875//1875 1543//1543 
f 1874//1874 1543//1543 1875//1875 
f 1544//1544 1881//1881 1547//1547 
f 1881//1881 1888//1888 1547//1547 
f 1546//1546 1548//1548 1550//1550 
f 1545//1545 1548//1548 1546//1546 
f 1889//1889 1882//1882 1546//1546 
f 1550//1550 1889//1889 1546//1546 
f 1553//1553 1549//1549 1547//1547 
f 1553//1553 1547//1547 1896//1896 
f 1896//1896 1547//1547 1888//1888 
f 1549//1549 1553//1553 1551//1551 
f 1550//1550 1897//1897 1890//1890 
f 1550//1550 1548//1548 1897//1897 
f 1548//1548 1552//1552 1897//1897 
f 1889//1889 1550//1550 1890//1890 
f 1557//1557 1553//1553 1896//1896 
f 1902//1902 1557//1557 1896//1896 
f 1551//1551 1557//1557 1554//1554 
f 1553//1553 1557//1557 1551//1551 
f 1552//1552 1555//1555 1897//1897 
f 1897//1897 1555//1555 1903//1903 
f 1562//1562 1557//1557 1902//1902 
f 1910//1910 1562//1562 1902//1902 
f 1554//1554 1563//1563 1556//1556 
f 1554//1554 1557//1557 1563//1563 
f 1557//1557 1562//1562 1563//1563 
f 1556//1556 1563//1563 1558//1558 
f 1555//1555 1559//1559 1903//1903 
f 1903//1903 1559//1559 1911//1911 
f 1562//1562 1910//1910 1912//1912 
f 1912//1912 1921//1921 1568//1568 
f 1912//1912 1568//1568 1562//1562 
f 1562//1562 1568//1568 1563//1563 
f 1558//1558 1569//1569 1560//1560 
f 1558//1558 1563//1563 1569//1569 
f 1563//1563 1568//1568 1569//1569 
f 1560//1560 1569//1569 1564//1564 
f 1561//1561 1922//1922 1913//1913 
f 1565//1565 1922//1922 1561//1561 
f 1911//1911 1559//1559 1561//1561 
f 1913//1913 1911//1911 1561//1561 
f 1568//1568 1921//1921 1923//1923 
f 1923//1923 1932//1932 1574//1574 
f 1923//1923 1574//1574 1568//1568 
f 1568//1568 1574//1574 1569//1569 
f 1564//1564 1575//1575 1566//1566 
f 1564//1564 1569//1569 1575//1575 
f 1569//1569 1574//1574 1575//1575 
f 1566//1566 1575//1575 1570//1570 
f 1567//1567 1933//1933 1924//1924 
f 1571//1571 1933//1933 1567//1567 
f 1922//1922 1565//1565 1567//1567 
f 1924//1924 1922//1922 1567//1567 
f 1574//1574 1932//1932 1934//1934 
f 1934//1934 1948//1948 1580//1580 
f 1934//1934 1580//1580 1574//1574 
f 1574//1574 1580//1580 1575//1575 
f 1570//1570 1581//1581 1572//1572 
f 1570//1570 1575//1575 1581//1581 
f 1575//1575 1580//1580 1581//1581 
f 1572//1572 1581//1581 1576//1576 
f 1573//1573 1949//1949 1935//1935 
f 1577//1577 1949//1949 1573//1573 
f 1933//1933 1571//1571 1573//1573 
f 1935//1935 1933//1933 1573//1573 
f 1580//1580 1948//1948 1950//1950 
f 1950//1950 1968//1968 1587//1587 
f 1950//1950 1587//1587 1580//1580 
f 1580//1580 1587//1587 1581//1581 
f 1576//1576 1588//1588 1578//1578 
f 1576//1576 1581//1581 1588//1588 
f 1581//1581 1587//1587 1588//1588 
f 1578//1578 1588//1588 1582//1582 
f 1579//1579 1969//1969 1951//1951 
f 1583//1583 1969//1969 1579//1579 
f 1949//1949 1577//1577 1579//1579 
f 1951//1951 1949//1949 1579//1579 
f 1587//1587 1968//1968 1970//1970 
f 1970//1970 1997//1997 1597//1597 
f 1970//1970 1597//1597 1587//1587 
f 1587//1587 1597//1597 1588//1588 
f 1582//1582 1598//1598 1584//1584 
f 1582//1582 1588//1588 1598//1598 
f 1588//1588 1597//1597 1598//1598 
f 1584//1584 1598//1598 1589//1589 
f 1599//1599 1998//1998 1971//1971 
f 1599//1599 1972//1972 1600//1600 
f 1971//1971 1972//1972 1599//1599 
f 1600//1600 1973//1973 1601//1601 
f 1972//1972 1973//1973 1600//1600 
f 1601//1601 1974//1974 1602//1602 
f 1973//1973 1974//1974 1601//1601 
f 1602//1602 1975//1975 1603//1603 
f 1974//1974 1975//1975 1602//1602 
f 1603//1603 1976//1976 1604//1604 
f 1975//1975 1976//1976 1603//1603 
f 1604//1604 1977//1977 1605//1605 
f 1976//1976 1977//1977 1604//1604 
f 1605//1605 1585//1585 1590//1590 
f 1605//1605 1977//1977 1585//1585 
f 1977//1977 1978//1978 1585//1585 
f 1586//1586 1585//1585 1979//1979 
f 1585//1585 1978//1978 1979//1979 
f 1969//1969 1583//1583 1586//1586 
f 1979//1979 1969//1969 1586//1586 
f 1597//1597 1997//1997 1999//1999 
f 1598//1598 1597//1597 1999//1999 
f 2000//2000 1598//1598 1999//1999 
f 1612//1612 2000//2000 2015//2015 
f 1591//1591 2000//2000 1612//1612 
f 1591//1591 1598//1598 2000//2000 
f 1591//1591 1589//1589 1598//1598 
f 1591//1591 1612//1612 1606//1606 
f 1613//1613 2016//2016 2001//2001 
f 1998//1998 1613//1613 2001//2001 
f 1998//1998 1599//1599 1613//1613 
f 1599//1599 1614//1614 1613//1613 
f 1600//1600 1615//1615 1599//1599 
f 1615//1615 1614//1614 1599//1599 
f 1592//1592 1607//1607 1615//1615 
f 1592//1592 1615//1615 1601//1601 
f 1601//1601 1615//1615 1600//1600 
f 1593//1593 1592//1592 1601//1601 
f 1602//1602 1593//1593 1601//1601 
f 1594//1594 1593//1593 1602//1602 
f 1603//1603 1594//1594 1602//1602 
f 1595//1595 1594//1594 1603//1603 
f 1604//1604 1595//1595 1603//1603 
f 1596//1596 1595//1595 1604//1604 
f 1605//1605 1596//1596 1604//1604 
f 1590//1590 1596//1596 1605//1605 
f 1612//1612 2015//2015 2017//2017 
f 1606//1606 1612//1612 2017//2017 
f 1606//1606 2017//2017 1608//1608 
f 1608//1608 2017//2017 2018//2018 
f 1609//1609 1608//1608 2019//2019 
f 1608//1608 2018//2018 2019//2019 
f 1616//1616 2020//2020 1626//1626 
f 1616//1616 1609//1609 2020//2020 
f 1609//1609 2019//2019 2020//2020 
f 1626//1626 2021//2021 1627//1627 
f 2020//2020 2021//2021 1626//1626 
f 1627//1627 2022//2022 1628//1628 
f 2021//2021 2022//2022 1627//1627 
f 1628//1628 2023//2023 1629//1629 
f 2022//2022 2023//2023 1628//1628 
f 1629//1629 2024//2024 1630//1630 
f 2023//2023 2024//2024 1629//1629 
f 1630//1630 2025//2025 1631//1631 
f 2024//2024 2025//2025 1630//1630 
f 1631//1631 2026//2026 1632//1632 
f 2025//2025 2026//2026 1631//1631 
f 2016//2016 1632//1632 2026//2026 
f 2016//2016 1613//1613 1632//1632 
f 1613//1613 1633//1633 1632//1632 
f 1610//1610 1617//1617 1633//1633 
f 1610//1610 1633//1633 1614//1614 
f 1614//1614 1633//1633 1613//1613 
f 1611//1611 1610//1610 1614//1614 
f 1615//1615 1611//1611 1614//1614 
f 1607//1607 1611//1611 1615//1615 
f 1616//1616 1626//1626 1618//1618 
f 1619//1619 1618//1618 1626//1626 
f 1627//1627 1619//1619 1626//1626 
f 1620//1620 1619//1619 1627//1627 
f 1628//1628 1620//1620 1627//1627 
f 1621//1621 1620//1620 1628//1628 
f 1629//1629 1621//1621 1628//1628 
f 1622//1622 1621//1621 1629//1629 
f 1630//1630 1622//1622 1629//1629 
f 1623//1623 1622//1622 1630//1630 
f 1631//1631 1623//1623 1630//1630 
f 1624//1624 1623//1623 1631//1631 
f 1632//1632 1624//1624 1631//1631 
f 1625//1625 1624//1624 1632//1632 
f 1633//1633 1625//1625 1632//1632 
f 1617//1617 1625//1625 1633//1633 
f 1634//1634 1644//1644 1639//1639 
f 1634//1634 1635//1635 1645//1645 
f 1644//1644 1634//1634 1645//1645 
f 1635//1635 1636//1636 1646//1646 
f 1645//1645 1635//1635 1646//1646 
f 1636//1636 1637//1637 1647//1647 
f 1646//1646 1636//1636 1647//1647 
f 1637//1637 1638//1638 1648//1648 
f 1647//1647 1637//1637 1648//1648 
f 1638//1638 1640//1640 1648//1648 
f 1641//1641 1653//1653 1649//1649 
f 1641//1641 1639//1639 1644//1644 
f 1641//1641 1644//1644 1653//1653 
f 1653//1653 1644//1644 1654//1654 
f 1645//1645 1655//1655 1644//1644 
f 1655//1655 1654//1654 1644//1644 
f 1646//1646 1656//1656 1645//1645 
f 1656//1656 1655//1655 1645//1645 
f 1647//1647 1657//1657 1646//1646 
f 1657//1657 1656//1656 1646//1646 
f 1648//1648 1658//1658 1647//1647 
f 1658//1658 1657//1657 1647//1647 
f 1640//1640 1642//1642 1659//1659 
f 1640//1640 1659//1659 1648//1648 
f 1648//1648 1659//1659 1658//1658 
f 1642//1642 1643//1643 1660//1660 
f 1659//1659 1642//1642 1660//1660 
f 1643//1643 1650//1650 1660//1660 
f 1651//1651 1670//1670 1661//1661 
f 1651//1651 1649//1649 1653//1653 
f 1651//1651 1653//1653 1670//1670 
f 1670//1670 1653//1653 1671//1671 
f 1654//1654 1672//1672 1653//1653 
f 1672//1672 1671//1671 1653//1653 
f 1655//1655 1673//1673 1654//1654 
f 1673//1673 1672//1672 1654//1654 
f 1656//1656 1674//1674 1655//1655 
f 1674//1674 1673//1673 1655//1655 
f 1657//1657 1675//1675 1656//1656 
f 1675//1675 1674//1674 1656//1656 
f 1658//1658 1676//1676 1657//1657 
f 1676//1676 1675//1675 1657//1657 
f 1659//1659 1677//1677 1658//1658 
f 1677//1677 1676//1676 1658//1658 
f 1660//1660 1678//1678 1659//1659 
f 1678//1678 1677//1677 1659//1659 
f 1650//1650 1652//1652 1679//1679 
f 1650//1650 1679//1679 1660//1660 
f 1660//1660 1679//1679 1678//1678 
f 1652//1652 1662//1662 1679//1679 
f 1663//1663 1685//1685 1680//1680 
f 1663//1663 1661//1661 1670//1670 
f 1663//1663 1670//1670 1685//1685 
f 1685//1685 1670//1670 1686//1686 
f 1671//1671 1687//1687 1670//1670 
f 1687//1687 1686//1686 1670//1670 
f 1672//1672 1688//1688 1671//1671 
f 1688//1688 1687//1687 1671//1671 
f 1673//1673 1689//1689 1672//1672 
f 1689//1689 1688//1688 1672//1672 
f 2040//2040 1674//1674 2037//2037 
f 2040//2040 1689//1689 1674//1674 
f 1689//1689 1673//1673 1674//1674 
f 1675//1675 2037//2037 1674//1674 
f 2038//2038 2037//2037 1675//1675 
f 1676//1676 2038//2038 1675//1675 
f 2039//2039 2038//2038 1676//1676 
f 2039//2039 1690//1690 2041//2041 
f 2039//2039 1676//1676 1690//1690 
f 1676//1676 1677//1677 1690//1690 
f 1678//1678 1691//1691 1677//1677 
f 1691//1691 1690//1690 1677//1677 
f 1679//1679 1692//1692 1678//1678 
f 1692//1692 1691//1691 1678//1678 
f 1662//1662 1664//1664 1693//1693 
f 1662//1662 1693//1693 1679//1679 
f 1679//1679 1693//1693 1692//1692 
f 1664//1664 1665//1665 1694//1694 
f 1693//1693 1664//1664 1694//1694 
f 1665//1665 1666//1666 1695//1695 
f 1694//1694 1665//1665 1695//1695 
f 1666//1666 1667//1667 1696//1696 
f 1695//1695 1666//1666 1696//1696 
f 1667//1667 1668//1668 1697//1697 
f 1696//1696 1667//1667 1697//1697 
f 1668//1668 1669//1669 1698//1698 
f 1697//1697 1668//1668 1698//1698 
f 1669//1669 1681//1681 1698//1698 
f 1685//1685 1703//1703 1699//1699 
f 1680//1680 1685//1685 1699//1699 
f 1686//1686 1704//1704 1685//1685 
f 1704//1704 1703//1703 1685//1685 
f 1687//1687 1705//1705 1686//1686 
f 1705//1705 1704//1704 1686//1686 
f 2049//2049 1688//1688 2042//2042 
f 2049//2049 1705//1705 1688//1688 
f 1705//1705 1687//1687 1688//1688 
f 1689//1689 2042//2042 1688//1688 
f 2043//2043 2042//2042 1689//1689 
f 2040//2040 2043//2043 1689//1689 
f 1690//1690 2044//2044 2041//2041 
f 1691//1691 2044//2044 1690//1690 
f 2045//2045 2044//2044 1691//1691 
f 2045//2045 1706//1706 2050//2050 
f 2045//2045 1691//1691 1706//1706 
f 1691//1691 1692//1692 1706//1706 
f 1693//1693 1707//1707 1692//1692 
f 1707//1707 1706//1706 1692//1692 
f 1694//1694 1708//1708 1693//1693 
f 1708//1708 1707//1707 1693//1693 
f 1695//1695 1709//1709 1694//1694 
f 1709//1709 1708//1708 1694//1694 
f 1696//1696 1710//1710 1695//1695 
f 1710//1710 1709//1709 1695//1695 
f 1697//1697 1711//1711 1696//1696 
f 1711//1711 1710//1710 1696//1696 
f 1698//1698 1712//1712 1697//1697 
f 1712//1712 1711//1711 1697//1697 
f 1681//1681 1682//1682 1713//1713 
f 1681//1681 1713//1713 1698//1698 
f 1698//1698 1713//1713 1712//1712 
f 1682//1682 1683//1683 1714//1714 
f 1713//1713 1682//1682 1714//1714 
f 1683//1683 1684//1684 1715//1715 
f 1714//1714 1683//1683 1715//1715 
f 1684//1684 1700//1700 1715//1715 
f 1701//1701 1720//1720 1716//1716 
f 1701//1701 1699//1699 1703//1703 
f 1701//1701 1703//1703 1720//1720 
f 1720//1720 1703//1703 1721//1721 
f 1704//1704 1722//1722 1703//1703 
f 1722//1722 1721//1721 1703//1703 
f 2064//2064 1705//1705 2051//2051 
f 2064//2064 1722//1722 1705//1705 
f 1722//1722 1704//1704 1705//1705 
f 2049//2049 2051//2051 1705//1705 
f 1706//1706 2052//2052 2050//2050 
f 1707//1707 2052//2052 1706//1706 
f 2053//2053 2052//2052 1707//1707 
f 1708//1708 2053//2053 1707//1707 
f 2054//2054 2053//2053 1708//1708 
f 1709//1709 2054//2054 1708//1708 
f 2055//2055 2054//2054 1709//1709 
f 1710//1710 2055//2055 1709//1709 
f 2056//2056 2055//2055 1710//1710 
f 2056//2056 1723//1723 2065//2065 
f 2056//2056 1710//1710 1723//1723 
f 1710//1710 1711//1711 1723//1723 
f 1712//1712 1724//1724 1711//1711 
f 1724//1724 1723//1723 1711//1711 
f 1713//1713 1725//1725 1712//1712 
f 1725//1725 1724//1724 1712//1712 
f 1714//1714 1726//1726 1713//1713 
f 1726//1726 1725//1725 1713//1713 
f 1715//1715 1727//1727 1714//1714 
f 1727//1727 1726//1726 1714//1714 
f 1700//1700 1702//1702 1728//1728 
f 1700//1700 1728//1728 1715//1715 
f 1715//1715 1728//1728 1727//1727 
f 1702//1702 1717//1717 1728//1728 
f 1718//1718 1732//1732 1729//1729 
f 1718//1718 1716//1716 1720//1720 
f 1718//1718 1720//1720 1732//1732 
f 1732//1732 1720//1720 1733//1733 
f 1721//1721 1734//1734 1720//1720 
f 1734//1734 1733//1733 1720//1720 
f 2083//2083 1722//1722 2066//2066 
f 2083//2083 1734//1734 1722//1722 
f 1734//1734 1721//1721 1722//1722 
f 2064//2064 2066//2066 1722//1722 
f 1723//1723 2067//2067 2065//2065 
f 1724//1724 2067//2067 1723//1723 
f 2068//2068 2067//2067 1724//1724 
f 1725//1725 2068//2068 1724//1724 
f 2069//2069 2068//2068 1725//1725 
f 2069//2069 1735//1735 2084//2084 
f 2069//2069 1725//1725 1735//1735 
f 1725//1725 1726//1726 1735//1735 
f 1727//1727 1736//1736 1726//1726 
f 1736//1736 1735//1735 1726//1726 
f 1728//1728 1737//1737 1727//1727 
f 1737//1737 1736//1736 1727//1727 
f 1717//1717 1719//1719 1738//1738 
f 1717//1717 1738//1738 1728//1728 
f 1728//1728 1738//1738 1737//1737 
f 1719//1719 1730//1730 1738//1738 
f 1732//1732 1741//1741 1739//1739 
f 1729//1729 1732//1732 1739//1739 
f 1733//1733 1742//1742 1732//1732 
f 1742//1742 1741//1741 1732//1732 
f 1734//1734 1743//1743 1733//1733 
f 1743//1743 1742//1742 1733//1733 
f 2103//2103 1734//1734 2083//2083 
f 1743//1743 1734//1734 2103//2103 
f 1735//1735 2085//2085 2084//2084 
f 2085//2085 1744//1744 2104//2104 
f 2085//2085 1735//1735 1744//1744 
f 1735//1735 1736//1736 1744//1744 
f 1737//1737 1745//1745 1736//1736 
f 1745//1745 1744//1744 1736//1736 
f 1738//1738 1746//1746 1737//1737 
f 1746//1746 1745//1745 1737//1737 
f 1730//1730 1731//1731 1747//1747 
f 1730//1730 1747//1747 1738//1738 
f 1738//1738 1747//1747 1746//1746 
f 1731//1731 1740//1740 1747//1747 
f 1741//1741 1752//1752 1748//1748 
f 1739//1739 1741//1741 1748//1748 
f 1742//1742 1753//1753 1741//1741 
f 1753//1753 1752//1752 1741//1741 
f 2125//2125 1743//1743 2105//2105 
f 2125//2125 1753//1753 1743//1743 
f 1753//1753 1742//1742 1743//1743 
f 2103//2103 2105//2105 1743//1743 
f 1744//1744 2106//2106 2104//2104 
f 2106//2106 1754//1754 2126//2126 
f 2106//2106 1744//1744 1754//1754 
f 1744//1744 1745//1745 1754//1754 
f 1746//1746 1755//1755 1745//1745 
f 1755//1755 1754//1754 1745//1745 
f 1747//1747 1756//1756 1746//1746 
f 1756//1756 1755//1755 1746//1746 
f 1740//1740 1749//1749 1756//1756 
f 1747//1747 1740//1740 1756//1756 
f 1750//1750 1760//1760 1757//1757 
f 1750//1750 1748//1748 1752//1752 
f 1750//1750 1752//1752 1760//1760 
f 1760//1760 1752//1752 1761//1761 
f 1753//1753 1762//1762 1752//1752 
f 1762//1762 1761//1761 1752//1752 
f 2148//2148 1753//1753 2125//2125 
f 1762//1762 1753//1753 2148//2148 
f 1754//1754 2127//2127 2126//2126 
f 2127//2127 1763//1763 2149//2149 
f 2127//2127 1754//1754 1763//1763 
f 1754//1754 1755//1755 1763//1763 
f 1756//1756 1764//1764 1755//1755 
f 1764//1764 1763//1763 1755//1755 
f 1749//1749 1751//1751 1765//1765 
f 1749//1749 1765//1765 1756//1756 
f 1756//1756 1765//1765 1764//1764 
f 1751//1751 1758//1758 1765//1765 
f 1759//1759 1770//1770 1766//1766 
f 1759//1759 1757//1757 1760//1760 
f 1759//1759 1760//1760 1770//1770 
f 1770//1770 1760//1760 1771//1771 
f 1761//1761 1772//1772 1760//1760 
f 1772//1772 1771//1771 1760//1760 
f 1762//1762 1773//1773 1761//1761 
f 1773//1773 1772//1772 1761//1761 
f 2171//2171 1762//1762 2148//2148 
f 1773//1773 1762//1762 2171//2171 
f 1774//1774 2149//2149 1763//1763 
f 2172//2172 2149//2149 1774//1774 
f 1764//1764 1775//1775 1763//1763 
f 1775//1775 1774//1774 1763//1763 
f 1765//1765 1776//1776 1764//1764 
f 1776//1776 1775//1775 1764//1764 
f 1758//1758 1767//1767 1776//1776 
f 1765//1765 1758//1758 1776//1776 
f 1768//1768 1780//1780 1777//1777 
f 1768//1768 1766//1766 1770//1770 
f 1768//1768 1770//1770 1780//1780 
f 1780//1780 1770//1770 1781//1781 
f 1771//1771 1782//1782 1770//1770 
f 1782//1782 1781//1781 1770//1770 
f 1772//1772 1783//1783 1771//1771 
f 1783//1783 1782//1782 1771//1771 
f 1773//1773 1784//1784 1772//1772 
f 1784//1784 1783//1783 1772//1772 
f 2173//2173 1773//1773 2171//2171 
f 2173//2173 1785//1785 1773//1773 
f 1785//1785 1784//1784 1773//1773 
f 2173//2173 2196//2196 1785//1785 
f 1774//1774 2174//2174 2172//2172 
f 2174//2174 1786//1786 2197//2197 
f 2174//2174 1774//1774 1786//1786 
f 1774//1774 1775//1775 1786//1786 
f 1776//1776 1787//1787 1775//1775 
f 1787//1787 1786//1786 1775//1775 
f 1767//1767 1769//1769 1788//1788 
f 1767//1767 1788//1788 1776//1776 
f 1776//1776 1788//1788 1787//1787 
f 1769//1769 1778//1778 1788//1788 
f 1779//1779 1791//1791 1789//1789 
f 1779//1779 1777//1777 1780//1780 
f 1779//1779 1780//1780 1791//1791 
f 1791//1791 1780//1780 1792//1792 
f 1781//1781 1793//1793 1780//1780 
f 1793//1793 1792//1792 1780//1780 
f 1782//1782 1794//1794 1781//1781 
f 1794//1794 1793//1793 1781//1781 
f 1783//1783 1795//1795 1782//1782 
f 1795//1795 1794//1794 1782//1782 
f 1784//1784 1796//1796 1783//1783 
f 1796//1796 1795//1795 1783//1783 
f 2216//2216 1785//1785 2198//2198 
f 2216//2216 1796//1796 1785//1785 
f 1796//1796 1784//1784 1785//1785 
f 2196//2196 2198//2198 1785//1785 
f 1797//1797 2197//2197 1786//1786 
f 2217//2217 2197//2197 1797//1797 
f 1787//1787 1798//1798 1786//1786 
f 1798//1798 1797//1797 1786//1786 
f 1788//1788 1799//1799 1787//1787 
f 1799//1799 1798//1798 1787//1787 
f 1778//1778 1790//1790 1799//1799 
f 1788//1788 1778//1778 1799//1799 
f 1791//1791 1802//1802 1800//1800 
f 1789//1789 1791//1791 1800//1800 
f 1792//1792 1803//1803 1791//1791 
f 1803//1803 1802//1802 1791//1791 
f 1793//1793 1804//1804 1792//1792 
f 1804//1804 1803//1803 1792//1792 
f 1794//1794 1805//1805 1793//1793 
f 1805//1805 1804//1804 1793//1793 
f 1795//1795 1806//1806 1794//1794 
f 1806//1806 1805//1805 1794//1794 
f 1796//1796 1807//1807 1795//1795 
f 1807//1807 1806//1806 1795//1795 
f 2235//2235 1796//1796 2216//2216 
f 1807//1807 1796//1796 2235//2235 
f 1797//1797 2218//2218 2217//2217 
f 2218//2218 1808//1808 2236//2236 
f 2218//2218 1797//1797 1808//1808 
f 1797//1797 1798//1798 1808//1808 
f 1799//1799 1809//1809 1798//1798 
f 1809//1809 1808//1808 1798//1798 
f 1790//1790 1801//1801 1809//1809 
f 1799//1799 1790//1790 1809//1809 
f 1802//1802 1812//1812 1810//1810 
f 1800//1800 1802//1802 1810//1810 
f 1803//1803 1813//1813 1802//1802 
f 1813//1813 1812//1812 1802//1802 
f 1804//1804 1814//1814 1803//1803 
f 1814//1814 1813//1813 1803//1803 
f 1805//1805 1815//1815 1804//1804 
f 1815//1815 1814//1814 1804//1804 
f 1806//1806 1816//1816 1805//1805 
f 1816//1816 1815//1815 1805//1805 
f 1807//1807 1817//1817 1806//1806 
f 1817//1817 1816//1816 1806//1806 
f 2252//2252 1807//1807 2235//2235 
f 1817//1817 1807//1807 2252//2252 
f 1818//1818 2236//2236 1808//1808 
f 2253//2253 2236//2236 1818//1818 
f 1809//1809 1819//1819 1808//1808 
f 1819//1819 1818//1818 1808//1808 
f 1801//1801 1811//1811 1819//1819 
f 1809//1809 1801//1801 1819//1819 
f 1812//1812 1822//1822 1820//1820 
f 1810//1810 1812//1812 1820//1820 
f 1813//1813 1823//1823 1812//1812 
f 1823//1823 1822//1822 1812//1812 
f 1814//1814 1824//1824 1813//1813 
f 1824//1824 1823//1823 1813//1813 
f 1815//1815 1825//1825 1814//1814 
f 1825//1825 1824//1824 1814//1814 
f 1816//1816 1826//1826 1815//1815 
f 1826//1826 1825//1825 1815//1815 
f 2268//2268 1817//1817 2254//2254 
f 2268//2268 1826//1826 1817//1817 
f 1826//1826 1816//1816 1817//1817 
f 2252//2252 2254//2254 1817//1817 
f 1827//1827 2253//2253 1818//1818 
f 2269//2269 2253//2253 1827//1827 
f 1819//1819 1828//1828 1818//1818 
f 1828//1828 1827//1827 1818//1818 
f 1811//1811 1821//1821 1828//1828 
f 1819//1819 1811//1811 1828//1828 
f 1822//1822 1832//1832 1829//1829 
f 1820//1820 1822//1822 1829//1829 
f 1823//1823 1833//1833 1822//1822 
f 1833//1833 1832//1832 1822//1822 
f 1824//1824 1834//1834 1823//1823 
f 1834//1834 1833//1833 1823//1823 
f 1825//1825 1835//1835 1824//1824 
f 1835//1835 1834//1834 1824//1824 
f 1826//1826 1836//1836 1825//1825 
f 1836//1836 1835//1835 1825//1825 
f 2284//2284 1826//1826 2268//2268 
f 1836//1836 1826//1826 2284//2284 
f 1837//1837 2269//2269 1827//1827 
f 2285//2285 2269//2269 1837//1837 
f 1828//1828 1838//1838 1827//1827 
f 1838//1838 1837//1837 1827//1827 
f 1821//1821 1830//1830 1838//1838 
f 1828//1828 1821//1821 1838//1838 
f 1831//1831 1841//1841 1839//1839 
f 1831//1831 1829//1829 1832//1832 
f 1831//1831 1832//1832 1841//1841 
f 1841//1841 1832//1832 1842//1842 
f 1833//1833 1843//1843 1832//1832 
f 1843//1843 1842//1842 1832//1832 
f 1834//1834 1844//1844 1833//1833 
f 1844//1844 1843//1843 1833//1833 
f 1835//1835 1845//1845 1834//1834 
f 1845//1845 1844//1844 1834//1834 
f 2301//2301 1836//1836 2286//2286 
f 2301//2301 1845//1845 1836//1836 
f 1845//1845 1835//1835 1836//1836 
f 2284//2284 2286//2286 1836//1836 
f 1846//1846 2285//2285 1837//1837 
f 2302//2302 2285//2285 1846//1846 
f 1838//1838 1847//1847 1837//1837 
f 1847//1847 1846//1846 1837//1837 
f 1830//1830 1840//1840 1847//1847 
f 1838//1838 1830//1830 1847//1847 
f 1841//1841 1851//1851 1848//1848 
f 1839//1839 1841//1841 1848//1848 
f 1842//1842 1852//1852 1841//1841 
f 1852//1852 1851//1851 1841//1841 
f 1843//1843 1853//1853 1842//1842 
f 1853//1853 1852//1852 1842//1842 
f 1844//1844 1854//1854 1843//1843 
f 1854//1854 1853//1853 1843//1843 
f 2321//2321 1845//1845 2303//2303 
f 2321//2321 1854//1854 1845//1845 
f 1854//1854 1844//1844 1845//1845 
f 2301//2301 2303//2303 1845//1845 
f 1855//1855 2302//2302 1846//1846 
f 2322//2322 2302//2302 1855//1855 
f 1847//1847 1856//1856 1846//1846 
f 1856//1856 1855//1855 1846//1846 
f 1840//1840 1849//1849 1856//1856 
f 1847//1847 1840//1840 1856//1856 
f 1850//1850 1859//1859 1857//1857 
f 1850//1850 1848//1848 1851//1851 
f 1850//1850 1851//1851 1859//1859 
f 1859//1859 1851//1851 1860//1860 
f 1852//1852 1861//1861 1851//1851 
f 1861//1861 1860//1860 1851//1851 
f 1853//1853 1862//1862 1852//1852 
f 1862//1862 1861//1861 1852//1852 
f 2344//2344 1854//1854 2323//2323 
f 2344//2344 1862//1862 1854//1854 
f 1862//1862 1853//1853 1854//1854 
f 2321//2321 2323//2323 1854//1854 
f 1863//1863 2322//2322 1855//1855 
f 2345//2345 2322//2322 1863//1863 
f 1856//1856 1864//1864 1855//1855 
f 1864//1864 1863//1863 1855//1855 
f 1849//1849 1858//1858 1864//1864 
f 1856//1856 1849//1849 1864//1864 
f 1859//1859 1867//1867 1865//1865 
f 1857//1857 1859//1859 1865//1865 
f 1860//1860 1868//1868 1859//1859 
f 1868//1868 1867//1867 1859//1859 
f 1861//1861 1869//1869 1860//1860 
f 1869//1869 1868//1868 1860//1860 
f 2371//2371 1862//1862 2346//2346 
f 2371//2371 1869//1869 1862//1862 
f 1869//1869 1861//1861 1862//1862 
f 2344//2344 2346//2346 1862//1862 
f 1870//1870 2372//2372 2347//2347 
f 2345//2345 1870//1870 2347//2347 
f 2345//2345 1863//1863 1870//1870 
f 1863//1863 1871//1871 1870//1870 
f 1864//1864 1872//1872 1863//1863 
f 1872//1872 1871//1871 1863//1863 
f 1858//1858 1866//1866 1872//1872 
f 1864//1864 1858//1858 1872//1872 
f 1867//1867 1876//1876 1873//1873 
f 1865//1865 1867//1867 1873//1873 
f 1868//1868 1877//1877 1867//1867 
f 1877//1877 1876//1876 1867//1867 
f 2401//2401 1869//1869 2373//2373 
f 2401//2401 1877//1877 1869//1869 
f 1877//1877 1868//1868 1869//1869 
f 2371//2371 2373//2373 1869//1869 
f 1878//1878 2372//2372 1870//1870 
f 2402//2402 2372//2372 1878//1878 
f 1871//1871 1879//1879 1870//1870 
f 1879//1879 1878//1878 1870//1870 
f 1872//1872 1880//1880 1871//1871 
f 1880//1880 1879//1879 1871//1871 
f 1866//1866 1874//1874 1880//1880 
f 1872//1872 1866//1866 1880//1880 
f 1876//1876 1883//1883 1881//1881 
f 1873//1873 1876//1876 1881//1881 
f 1877//1877 1884//1884 1876//1876 
f 1884//1884 1883//1883 1876//1876 
f 2432//2432 1877//1877 2401//2401 
f 1884//1884 1877//1877 2432//2432 
f 1885//1885 2433//2433 2403//2403 
f 2402//2402 1885//1885 2403//2403 
f 2402//2402 1878//1878 1885//1885 
f 1878//1878 1886//1886 1885//1885 
f 1879//1879 1887//1887 1878//1878 
f 1887//1887 1886//1886 1878//1878 
f 1875//1875 1882//1882 1887//1887 
f 1875//1875 1887//1887 1880//1880 
f 1880//1880 1887//1887 1879//1879 
f 1874//1874 1875//1875 1880//1880 
f 1883//1883 1891//1891 1888//1888 
f 1881//1881 1883//1883 1888//1888 
f 1884//1884 1892//1892 1883//1883 
f 1892//1892 1891//1891 1883//1883 
f 2461//2461 1884//1884 2432//2432 
f 1892//1892 1884//1884 2461//2461 
f 1893//1893 2433//2433 1885//1885 
f 2462//2462 2433//2433 1893//1893 
f 1886//1886 1894//1894 1885//1885 
f 1894//1894 1893//1893 1885//1885 
f 1887//1887 1895//1895 1886//1886 
f 1895//1895 1894//1894 1886//1886 
f 1882//1882 1889//1889 1895//1895 
f 1887//1887 1882//1882 1895//1895 
f 1891//1891 1898//1898 1896//1896 
f 1888//1888 1891//1891 1896//1896 
f 1892//1892 1899//1899 1891//1891 
f 1899//1899 1898//1898 1891//1891 
f 2490//2490 1892//1892 2461//2461 
f 1899//1899 1892//1892 2490//2490 
f 1900//1900 2462//2462 1893//1893 
f 2491//2491 2462//2462 1900//1900 
f 1894//1894 1901//1901 1893//1893 
f 1901//1901 1900//1900 1893//1893 
f 1890//1890 1897//1897 1901//1901 
f 1890//1890 1901//1901 1895//1895 
f 1895//1895 1901//1901 1894//1894 
f 1889//1889 1890//1890 1895//1895 
f 1898//1898 1904//1904 1902//1902 
f 1896//1896 1898//1898 1902//1902 
f 1899//1899 1905//1905 1898//1898 
f 1905//1905 1904//1904 1898//1898 
f 2492//2492 1899//1899 2490//2490 
f 2492//2492 1906//1906 1899//1899 
f 1906//1906 1905//1905 1899//1899 
f 2492//2492 2521//2521 1906//1906 
f 1907//1907 2522//2522 2493//2493 
f 2491//2491 1907//1907 2493//2493 
f 2491//2491 1900//1900 1907//1907 
f 1900//1900 1908//1908 1907//1907 
f 1901//1901 1909//1909 1900//1900 
f 1909//1909 1908//1908 1900//1900 
f 1897//1897 1903//1903 1909//1909 
f 1901//1901 1897//1897 1909//1909 
f 1904//1904 1914//1914 1910//1910 
f 1902//1902 1904//1904 1910//1910 
f 1905//1905 1915//1915 1904//1904 
f 1915//1915 1914//1914 1904//1904 
f 1906//1906 1916//1916 1905//1905 
f 1916//1916 1915//1915 1905//1905 
f 2523//2523 1906//1906 2521//2521 
f 2523//2523 1917//1917 1906//1906 
f 1917//1917 1916//1916 1906//1906 
f 2523//2523 2549//2549 1917//1917 
f 1918//1918 2522//2522 1907//1907 
f 2550//2550 2522//2522 1918//1918 
f 1908//1908 1919//1919 1907//1907 
f 1919//1919 1918//1918 1907//1907 
f 1909//1909 1920//1920 1908//1908 
f 1920//1920 1919//1919 1908//1908 
f 1903//1903 1911//1911 1920//1920 
f 1909//1909 1903//1903 1920//1920 
f 1910//1910 1914//1914 1912//1912 
f 1921//1921 1912//1912 1914//1914 
f 1921//1921 1914//1914 1925//1925 
f 1925//1925 1914//1914 1915//1915 
f 1916//1916 1926//1926 1915//1915 
f 1926//1926 1925//1925 1915//1915 
f 1917//1917 1927//1927 1916//1916 
f 1927//1927 1926//1926 1916//1916 
f 2551//2551 1917//1917 2549//2549 
f 2551//2551 1928//1928 1917//1917 
f 1928//1928 1927//1927 1917//1917 
f 2551//2551 2577//2577 1928//1928 
f 1929//1929 2578//2578 2552//2552 
f 2550//2550 1929//1929 2552//2552 
f 2550//2550 1918//1918 1929//1929 
f 1918//1918 1930//1930 1929//1929 
f 1919//1919 1931//1931 1918//1918 
f 1931//1931 1930//1930 1918//1918 
f 1913//1913 1922//1922 1931//1931 
f 1913//1913 1931//1931 1920//1920 
f 1920//1920 1931//1931 1919//1919 
f 1911//1911 1913//1913 1920//1920 
f 1921//1921 1925//1925 1923//1923 
f 1932//1932 1923//1923 1925//1925 
f 1932//1932 1925//1925 1936//1936 
f 1936//1936 1925//1925 1926//1926 
f 1927//1927 1937//1937 1926//1926 
f 1937//1937 1936//1936 1926//1926 
f 1928//1928 1938//1938 1927//1927 
f 1938//1938 1937//1937 1927//1927 
f 2579//2579 1928//1928 2577//2577 
f 2579//2579 1939//1939 1928//1928 
f 1939//1939 1938//1938 1928//1928 
f 2579//2579 2608//2608 1939//1939 
f 1940//1940 2609//2609 2580//2580 
f 1940//1940 2581//2581 1941//1941 
f 2580//2580 2581//2581 1940//1940 
f 1941//1941 2582//2582 1942//1942 
f 2581//2581 2582//2582 1941//1941 
f 1942//1942 2583//2583 1943//1943 
f 2582//2582 2583//2583 1942//1942 
f 2583//2583 2610//2610 1943//1943 
f 1944//1944 2611//2611 2584//2584 
f 1944//1944 2585//2585 1945//1945 
f 2584//2584 2585//2585 1944//1944 
f 2578//2578 1945//1945 2585//2585 
f 2578//2578 1929//1929 1945//1945 
f 1929//1929 1946//1946 1945//1945 
f 1930//1930 1947//1947 1929//1929 
f 1947//1947 1946//1946 1929//1929 
f 1924//1924 1933//1933 1947//1947 
f 1924//1924 1947//1947 1931//1931 
f 1931//1931 1947//1947 1930//1930 
f 1922//1922 1924//1924 1931//1931 
f 1932//1932 1936//1936 1934//1934 
f 1948//1948 1934//1934 1936//1936 
f 1948//1948 1936//1936 1952//1952 
f 1952//1952 1936//1936 1937//1937 
f 1938//1938 1953//1953 1937//1937 
f 1953//1953 1952//1952 1937//1937 
f 1939//1939 1954//1954 1938//1938 
f 1954//1954 1953//1953 1938//1938 
f 2612//2612 1939//1939 2608//2608 
f 2612//2612 1955//1955 1939//1939 
f 1955//1955 1954//1954 1939//1939 
f 2612//2612 2633//2633 1955//1955 
f 1956//1956 2634//2634 2613//2613 
f 2609//2609 1956//1956 2613//2613 
f 2609//2609 1940//1940 1956//1956 
f 1940//1940 1957//1957 1956//1956 
f 1941//1941 1958//1958 1940//1940 
f 1958//1958 1957//1957 1940//1940 
f 1942//1942 1959//1959 1941//1941 
f 1959//1959 1958//1958 1941//1941 
f 1943//1943 1960//1960 1942//1942 
f 1960//1960 1959//1959 1942//1942 
f 2614//2614 1943//1943 2610//2610 
f 2614//2614 1961//1961 1943//1943 
f 1961//1961 1960//1960 1943//1943 
f 1961//1961 2615//2615 1962//1962 
f 2614//2614 2615//2615 1961//1961 
f 1962//1962 2616//2616 1963//1963 
f 2615//2615 2616//2616 1962//1962 
f 1963//1963 2617//2617 1964//1964 
f 2616//2616 2617//2617 1963//1963 
f 2611//2611 1964//1964 2617//2617 
f 2611//2611 1944//1944 1964//1964 
f 1944//1944 1965//1965 1964//1964 
f 1945//1945 1966//1966 1944//1944 
f 1966//1966 1965//1965 1944//1944 
f 1946//1946 1967//1967 1945//1945 
f 1967//1967 1966//1966 1945//1945 
f 1935//1935 1949//1949 1967//1967 
f 1935//1935 1967//1967 1947//1947 
f 1947//1947 1967//1967 1946//1946 
f 1933//1933 1935//1935 1947//1947 
f 1948//1948 1952//1952 1950//1950 
f 1968//1968 1950//1950 1952//1952 
f 1968//1968 1952//1952 1980//1980 
f 1980//1980 1952//1952 1953//1953 
f 1954//1954 1981//1981 1953//1953 
f 1981//1981 1980//1980 1953//1953 
f 1955//1955 1982//1982 1954//1954 
f 1982//1982 1981//1981 1954//1954 
f 2635//2635 1955//1955 2633//2633 
f 2635//2635 1983//1983 1955//1955 
f 1983//1983 1982//1982 1955//1955 
f 1983//1983 2636//2636 1984//1984 
f 2635//2635 2636//2636 1983//1983 
f 2636//2636 2647//2647 1984//1984 
f 1985//1985 2648//2648 2637//2637 
f 2634//2634 1985//1985 2637//2637 
f 2634//2634 1956//1956 1985//1985 
f 1956//1956 1986//1986 1985//1985 
f 1957//1957 1987//1987 1956//1956 
f 1987//1987 1986//1986 1956//1956 
f 1958//1958 1988//1988 1957//1957 
f 1988//1988 1987//1987 1957//1957 
f 1959//1959 1989//1989 1958//1958 
f 1989//1989 1988//1988 1958//1958 
f 1960//1960 1990//1990 1959//1959 
f 1990//1990 1989//1989 1959//1959 
f 1961//1961 1991//1991 1960//1960 
f 1991//1991 1990//1990 1960//1960 
f 1962//1962 1992//1992 1961//1961 
f 1992//1992 1991//1991 1961//1961 
f 1963//1963 1993//1993 1962//1962 
f 1993//1993 1992//1992 1962//1962 
f 1964//1964 1994//1994 1963//1963 
f 1994//1994 1993//1993 1963//1963 
f 1965//1965 1995//1995 1964//1964 
f 1995//1995 1994//1994 1964//1964 
f 1966//1966 1996//1996 1965//1965 
f 1996//1996 1995//1995 1965//1965 
f 1951//1951 1969//1969 1996//1996 
f 1951//1951 1996//1996 1967//1967 
f 1967//1967 1996//1996 1966//1966 
f 1949//1949 1951//1951 1967//1967 
f 1968//1968 1980//1980 1970//1970 
f 1997//1997 1970//1970 1980//1980 
f 1997//1997 1980//1980 2002//2002 
f 2002//2002 1980//1980 1981//1981 
f 1982//1982 2003//2003 1981//1981 
f 2003//2003 2002//2002 1981//1981 
f 1983//1983 2004//2004 1982//1982 
f 2004//2004 2003//2003 1982//1982 
f 1984//1984 2005//2005 1983//1983 
f 2005//2005 2004//2004 1983//1983 
f 2649//2649 1984//1984 2647//2647 
f 2649//2649 2006//2006 1984//1984 
f 2006//2006 2005//2005 1984//1984 
f 2006//2006 2650//2650 2007//2007 
f 2649//2649 2650//2650 2006//2006 
f 2007//2007 2651//2651 2008//2008 
f 2650//2650 2651//2651 2007//2007 
f 2008//2008 2652//2652 2009//2009 
f 2651//2651 2652//2652 2008//2008 
f 2009//2009 2653//2653 2010//2010 
f 2652//2652 2653//2653 2009//2009 
f 2010//2010 2654//2654 2011//2011 
f 2653//2653 2654//2654 2010//2010 
f 2648//2648 2011//2011 2654//2654 
f 2648//2648 1985//1985 2011//2011 
f 1985//1985 2012//2012 2011//2011 
f 1986//1986 2013//2013 1985//1985 
f 2013//2013 2012//2012 1985//1985 
f 1987//1987 2014//2014 1986//1986 
f 2014//2014 2013//2013 1986//1986 
f 1971//1971 1998//1998 2014//2014 
f 1971//1971 2014//2014 1988//1988 
f 1988//1988 2014//2014 1987//1987 
f 1972//1972 1971//1971 1988//1988 
f 1989//1989 1972//1972 1988//1988 
f 1973//1973 1972//1972 1989//1989 
f 1990//1990 1973//1973 1989//1989 
f 1974//1974 1973//1973 1990//1990 
f 1991//1991 1974//1974 1990//1990 
f 1975//1975 1974//1974 1991//1991 
f 1992//1992 1975//1975 1991//1991 
f 1976//1976 1975//1975 1992//1992 
f 1993//1993 1976//1976 1992//1992 
f 1977//1977 1976//1976 1993//1993 
f 1994//1994 1977//1977 1993//1993 
f 1978//1978 1977//1977 1994//1994 
f 1995//1995 1978//1978 1994//1994 
f 1979//1979 1978//1978 1995//1995 
f 1996//1996 1979//1979 1995//1995 
f 1969//1969 1979//1979 1996//1996 
f 1997//1997 2002//2002 1999//1999 
f 2000//2000 1999//1999 2002//2002 
f 2003//2003 2000//2000 2002//2002 
f 2015//2015 2000//2000 2003//2003 
f 2015//2015 2003//2003 2027//2027 
f 2027//2027 2003//2003 2004//2004 
f 2005//2005 2028//2028 2004//2004 
f 2028//2028 2027//2027 2004//2004 
f 2006//2006 2029//2029 2005//2005 
f 2029//2029 2028//2028 2005//2005 
f 2007//2007 2030//2030 2006//2006 
f 2030//2030 2029//2029 2006//2006 
f 2008//2008 2031//2031 2007//2007 
f 2031//2031 2030//2030 2007//2007 
f 2009//2009 2032//2032 2008//2008 
f 2032//2032 2031//2031 2008//2008 
f 2010//2010 2033//2033 2009//2009 
f 2033//2033 2032//2032 2009//2009 
f 2011//2011 2034//2034 2010//2010 
f 2034//2034 2033//2033 2010//2010 
f 2012//2012 2035//2035 2011//2011 
f 2035//2035 2034//2034 2011//2011 
f 2013//2013 2036//2036 2012//2012 
f 2036//2036 2035//2035 2012//2012 
f 2001//2001 2016//2016 2036//2036 
f 2001//2001 2036//2036 2014//2014 
f 2014//2014 2036//2036 2013//2013 
f 1998//1998 2001//2001 2014//2014 
f 2015//2015 2027//2027 2017//2017 
f 2018//2018 2017//2017 2027//2027 
f 2028//2028 2018//2018 2027//2027 
f 2019//2019 2018//2018 2028//2028 
f 2029//2029 2019//2019 2028//2028 
f 2020//2020 2019//2019 2029//2029 
f 2030//2030 2020//2020 2029//2029 
f 2021//2021 2020//2020 2030//2030 
f 2031//2031 2021//2021 2030//2030 
f 2022//2022 2021//2021 2031//2031 
f 2032//2032 2022//2022 2031//2031 
f 2023//2023 2022//2022 2032//2032 
f 2033//2033 2023//2023 2032//2032 
f 2024//2024 2023//2023 2033//2033 
f 2034//2034 2024//2024 2033//2033 
f 2025//2025 2024//2024 2034//2034 
f 2035//2035 2025//2025 2034//2034 
f 2026//2026 2025//2025 2035//2035 
f 2036//2036 2026//2026 2035//2035 
f 2016//2016 2026//2026 2036//2036 
f 2037//2037 2046//2046 2040//2040 
f 2037//2037 2038//2038 2047//2047 
f 2046//2046 2037//2037 2047//2047 
f 2038//2038 2039//2039 2048//2048 
f 2047//2047 2038//2038 2048//2048 
f 2039//2039 2041//2041 2048//2048 
f 2042//2042 2057//2057 2049//2049 
f 2042//2042 2043//2043 2058//2058 
f 2057//2057 2042//2042 2058//2058 
f 2043//2043 2040//2040 2046//2046 
f 2043//2043 2046//2046 2058//2058 
f 2058//2058 2046//2046 2059//2059 
f 2047//2047 2060//2060 2046//2046 
f 2060//2060 2059//2059 2046//2046 
f 2048//2048 2061//2061 2047//2047 
f 2061//2061 2060//2060 2047//2047 
f 2041//2041 2044//2044 2062//2062 
f 2041//2041 2062//2062 2048//2048 
f 2048//2048 2062//2062 2061//2061 
f 2044//2044 2045//2045 2063//2063 
f 2062//2062 2044//2044 2063//2063 
f 2045//2045 2050//2050 2063//2063 
f 2051//2051 2070//2070 2064//2064 
f 2051//2051 2049//2049 2057//2057 
f 2051//2051 2057//2057 2070//2070 
f 2070//2070 2057//2057 2071//2071 
f 2058//2058 2072//2072 2057//2057 
f 2072//2072 2071//2071 2057//2057 
f 2059//2059 2073//2073 2058//2058 
f 2073//2073 2072//2072 2058//2058 
f 2060//2060 2074//2074 2059//2059 
f 2074//2074 2073//2073 2059//2059 
f 2061//2061 2075//2075 2060//2060 
f 2075//2075 2074//2074 2060//2060 
f 2062//2062 2076//2076 2061//2061 
f 2076//2076 2075//2075 2061//2061 
f 2063//2063 2077//2077 2062//2062 
f 2077//2077 2076//2076 2062//2062 
f 2050//2050 2052//2052 2078//2078 
f 2050//2050 2078//2078 2063//2063 
f 2063//2063 2078//2078 2077//2077 
f 2052//2052 2053//2053 2079//2079 
f 2078//2078 2052//2052 2079//2079 
f 2053//2053 2054//2054 2080//2080 
f 2079//2079 2053//2053 2080//2080 
f 2054//2054 2055//2055 2081//2081 
f 2080//2080 2054//2054 2081//2081 
f 2055//2055 2056//2056 2082//2082 
f 2081//2081 2055//2055 2082//2082 
f 2056//2056 2065//2065 2082//2082 
f 2066//2066 2086//2086 2083//2083 
f 2066//2066 2064//2064 2070//2070 
f 2066//2066 2070//2070 2086//2086 
f 2086//2086 2070//2070 2087//2087 
f 2071//2071 2088//2088 2070//2070 
f 2088//2088 2087//2087 2070//2070 
f 2072//2072 2089//2089 2071//2071 
f 2089//2089 2088//2088 2071//2071 
f 2073//2073 2090//2090 2072//2072 
f 2090//2090 2089//2089 2072//2072 
f 2074//2074 2091//2091 2073//2073 
f 2091//2091 2090//2090 2073//2073 
f 2075//2075 2092//2092 2074//2074 
f 2092//2092 2091//2091 2074//2074 
f 2076//2076 2093//2093 2075//2075 
f 2093//2093 2092//2092 2075//2075 
f 2077//2077 2094//2094 2076//2076 
f 2094//2094 2093//2093 2076//2076 
f 2078//2078 2095//2095 2077//2077 
f 2095//2095 2094//2094 2077//2077 
f 2079//2079 2096//2096 2078//2078 
f 2096//2096 2095//2095 2078//2078 
f 2080//2080 2097//2097 2079//2079 
f 2097//2097 2096//2096 2079//2079 
f 2081//2081 2098//2098 2080//2080 
f 2098//2098 2097//2097 2080//2080 
f 2082//2082 2099//2099 2081//2081 
f 2099//2099 2098//2098 2081//2081 
f 2065//2065 2067//2067 2100//2100 
f 2065//2065 2100//2100 2082//2082 
f 2082//2082 2100//2100 2099//2099 
f 2067//2067 2068//2068 2101//2101 
f 2100//2100 2067//2067 2101//2101 
f 2068//2068 2069//2069 2102//2102 
f 2101//2101 2068//2068 2102//2102 
f 2069//2069 2084//2084 2102//2102 
f 2086//2086 2107//2107 2103//2103 
f 2083//2083 2086//2086 2103//2103 
f 2087//2087 2108//2108 2086//2086 
f 2108//2108 2107//2107 2086//2086 
f 2088//2088 2109//2109 2087//2087 
f 2109//2109 2108//2108 2087//2087 
f 2089//2089 2110//2110 2088//2088 
f 2110//2110 2109//2109 2088//2088 
f 2090//2090 2111//2111 2089//2089 
f 2111//2111 2110//2110 2089//2089 
f 2091//2091 2112//2112 2090//2090 
f 2112//2112 2111//2111 2090//2090 
f 2092//2092 2113//2113 2091//2091 
f 2113//2113 2112//2112 2091//2091 
f 2093//2093 2114//2114 2092//2092 
f 2114//2114 2113//2113 2092//2092 
f 2094//2094 2115//2115 2093//2093 
f 2115//2115 2114//2114 2093//2093 
f 2095//2095 2116//2116 2094//2094 
f 2116//2116 2115//2115 2094//2094 
f 2096//2096 2117//2117 2095//2095 
f 2117//2117 2116//2116 2095//2095 
f 2097//2097 2118//2118 2096//2096 
f 2118//2118 2117//2117 2096//2096 
f 2098//2098 2119//2119 2097//2097 
f 2119//2119 2118//2118 2097//2097 
f 2099//2099 2120//2120 2098//2098 
f 2120//2120 2119//2119 2098//2098 
f 2100//2100 2121//2121 2099//2099 
f 2121//2121 2120//2120 2099//2099 
f 2101//2101 2122//2122 2100//2100 
f 2122//2122 2121//2121 2100//2100 
f 2102//2102 2123//2123 2101//2101 
f 2123//2123 2122//2122 2101//2101 
f 2084//2084 2085//2085 2124//2124 
f 2084//2084 2124//2124 2102//2102 
f 2102//2102 2124//2124 2123//2123 
f 2085//2085 2104//2104 2124//2124 
f 2105//2105 2128//2128 2125//2125 
f 2105//2105 2103//2103 2107//2107 
f 2105//2105 2107//2107 2128//2128 
f 2128//2128 2107//2107 2129//2129 
f 2108//2108 2130//2130 2107//2107 
f 2130//2130 2129//2129 2107//2107 
f 2109//2109 2131//2131 2108//2108 
f 2131//2131 2130//2130 2108//2108 
f 2110//2110 2132//2132 2109//2109 
f 2132//2132 2131//2131 2109//2109 
f 2111//2111 2133//2133 2110//2110 
f 2133//2133 2132//2132 2110//2110 
f 2112//2112 2134//2134 2111//2111 
f 2134//2134 2133//2133 2111//2111 
f 2113//2113 2135//2135 2112//2112 
f 2135//2135 2134//2134 2112//2112 
f 2114//2114 2136//2136 2113//2113 
f 2136//2136 2135//2135 2113//2113 
f 2115//2115 2137//2137 2114//2114 
f 2137//2137 2136//2136 2114//2114 
f 2116//2116 2138//2138 2115//2115 
f 2138//2138 2137//2137 2115//2115 
f 2117//2117 2139//2139 2116//2116 
f 2139//2139 2138//2138 2116//2116 
f 2118//2118 2140//2140 2117//2117 
f 2140//2140 2139//2139 2117//2117 
f 2119//2119 2141//2141 2118//2118 
f 2141//2141 2140//2140 2118//2118 
f 2120//2120 2142//2142 2119//2119 
f 2142//2142 2141//2141 2119//2119 
f 2121//2121 2143//2143 2120//2120 
f 2143//2143 2142//2142 2120//2120 
f 2122//2122 2144//2144 2121//2121 
f 2144//2144 2143//2143 2121//2121 
f 2123//2123 2145//2145 2122//2122 
f 2145//2145 2144//2144 2122//2122 
f 2124//2124 2146//2146 2123//2123 
f 2146//2146 2145//2145 2123//2123 
f 2104//2104 2106//2106 2147//2147 
f 2104//2104 2147//2147 2124//2124 
f 2124//2124 2147//2147 2146//2146 
f 2106//2106 2126//2126 2147//2147 
f 2128//2128 2150//2150 2148//2148 
f 2125//2125 2128//2128 2148//2148 
f 2129//2129 2151//2151 2128//2128 
f 2151//2151 2150//2150 2128//2128 
f 2130//2130 2152//2152 2129//2129 
f 2152//2152 2151//2151 2129//2129 
f 2131//2131 2153//2153 2130//2130 
f 2153//2153 2152//2152 2130//2130 
f 2132//2132 2154//2154 2131//2131 
f 2154//2154 2153//2153 2131//2131 
f 2133//2133 2155//2155 2132//2132 
f 2155//2155 2154//2154 2132//2132 
f 2134//2134 2156//2156 2133//2133 
f 2156//2156 2155//2155 2133//2133 
f 2135//2135 2157//2157 2134//2134 
f 2157//2157 2156//2156 2134//2134 
f 2136//2136 2158//2158 2135//2135 
f 2158//2158 2157//2157 2135//2135 
f 2137//2137 2159//2159 2136//2136 
f 2159//2159 2158//2158 2136//2136 
f 2138//2138 2160//2160 2137//2137 
f 2160//2160 2159//2159 2137//2137 
f 2139//2139 2161//2161 2138//2138 
f 2161//2161 2160//2160 2138//2138 
f 2140//2140 2162//2162 2139//2139 
f 2162//2162 2161//2161 2139//2139 
f 2141//2141 2163//2163 2140//2140 
f 2163//2163 2162//2162 2140//2140 
f 2142//2142 2164//2164 2141//2141 
f 2164//2164 2163//2163 2141//2141 
f 2143//2143 2165//2165 2142//2142 
f 2165//2165 2164//2164 2142//2142 
f 2144//2144 2166//2166 2143//2143 
f 2166//2166 2165//2165 2143//2143 
f 2145//2145 2167//2167 2144//2144 
f 2167//2167 2166//2166 2144//2144 
f 2146//2146 2168//2168 2145//2145 
f 2168//2168 2167//2167 2145//2145 
f 2147//2147 2169//2169 2146//2146 
f 2169//2169 2168//2168 2146//2146 
f 2126//2126 2127//2127 2170//2170 
f 2126//2126 2170//2170 2147//2147 
f 2147//2147 2170//2170 2169//2169 
f 2127//2127 2149//2149 2170//2170 
f 2150//2150 2175//2175 2171//2171 
f 2148//2148 2150//2150 2171//2171 
f 2151//2151 2176//2176 2150//2150 
f 2176//2176 2175//2175 2150//2150 
f 2152//2152 2177//2177 2151//2151 
f 2177//2177 2176//2176 2151//2151 
f 2153//2153 2178//2178 2152//2152 
f 2178//2178 2177//2177 2152//2152 
f 2154//2154 2179//2179 2153//2153 
f 2179//2179 2178//2178 2153//2153 
f 2155//2155 2180//2180 2154//2154 
f 2180//2180 2179//2179 2154//2154 
f 2156//2156 2181//2181 2155//2155 
f 2181//2181 2180//2180 2155//2155 
f 2157//2157 2182//2182 2156//2156 
f 2182//2182 2181//2181 2156//2156 
f 2158//2158 2183//2183 2157//2157 
f 2183//2183 2182//2182 2157//2157 
f 2159//2159 2184//2184 2158//2158 
f 2184//2184 2183//2183 2158//2158 
f 2160//2160 2185//2185 2159//2159 
f 2185//2185 2184//2184 2159//2159 
f 2161//2161 2186//2186 2160//2160 
f 2186//2186 2185//2185 2160//2160 
f 2162//2162 2187//2187 2161//2161 
f 2187//2187 2186//2186 2161//2161 
f 2163//2163 2188//2188 2162//2162 
f 2188//2188 2187//2187 2162//2162 
f 2164//2164 2189//2189 2163//2163 
f 2189//2189 2188//2188 2163//2163 
f 2165//2165 2190//2190 2164//2164 
f 2190//2190 2189//2189 2164//2164 
f 2166//2166 2191//2191 2165//2165 
f 2191//2191 2190//2190 2165//2165 
f 2167//2167 2192//2192 2166//2166 
f 2192//2192 2191//2191 2166//2166 
f 2168//2168 2193//2193 2167//2167 
f 2193//2193 2192//2192 2167//2167 
f 2169//2169 2194//2194 2168//2168 
f 2194//2194 2193//2193 2168//2168 
f 2170//2170 2195//2195 2169//2169 
f 2195//2195 2194//2194 2169//2169 
f 2149//2149 2172//2172 2195//2195 
f 2170//2170 2149//2149 2195//2195 
f 2171//2171 2175//2175 2173//2173 
f 2196//2196 2173//2173 2175//2175 
f 2196//2196 2175//2175 2199//2199 
f 2199//2199 2175//2175 2176//2176 
f 2177//2177 2200//2200 2176//2176 
f 2200//2200 2199//2199 2176//2176 
f 2178//2178 2201//2201 2177//2177 
f 2201//2201 2200//2200 2177//2177 
f 2179//2179 2202//2202 2178//2178 
f 2202//2202 2201//2201 2178//2178 
f 2180//2180 2203//2203 2179//2179 
f 2203//2203 2202//2202 2179//2179 
f 2181//2181 2204//2204 2180//2180 
f 2204//2204 2203//2203 2180//2180 
f 2182//2182 2205//2205 2181//2181 
f 2205//2205 2204//2204 2181//2181 
f 2183//2183 2206//2206 2182//2182 
f 2206//2206 2205//2205 2182//2182 
f 2184//2184 2207//2207 2183//2183 
f 2207//2207 2206//2206 2183//2183 
f 2185//2185 2208//2208 2184//2184 
f 2208//2208 2207//2207 2184//2184 
f 2665//2665 2186//2186 2661//2661 
f 2665//2665 2208//2208 2186//2186 
f 2208//2208 2185//2185 2186//2186 
f 2187//2187 2661//2661 2186//2186 
f 2662//2662 2661//2661 2187//2187 
f 2188//2188 2662//2662 2187//2187 
f 2663//2663 2662//2662 2188//2188 
f 2189//2189 2663//2663 2188//2188 
f 2664//2664 2663//2663 2189//2189 
f 2664//2664 2209//2209 2666//2666 
f 2664//2664 2189//2189 2209//2209 
f 2189//2189 2190//2190 2209//2209 
f 2191//2191 2210//2210 2190//2190 
f 2210//2210 2209//2209 2190//2190 
f 2192//2192 2211//2211 2191//2191 
f 2211//2211 2210//2210 2191//2191 
f 2193//2193 2212//2212 2192//2192 
f 2212//2212 2211//2211 2192//2192 
f 2194//2194 2213//2213 2193//2193 
f 2213//2213 2212//2212 2193//2193 
f 2195//2195 2214//2214 2194//2194 
f 2214//2214 2213//2213 2194//2194 
f 2172//2172 2174//2174 2215//2215 
f 2172//2172 2215//2215 2195//2195 
f 2195//2195 2215//2215 2214//2214 
f 2174//2174 2197//2197 2215//2215 
f 2198//2198 2219//2219 2216//2216 
f 2198//2198 2196//2196 2199//2199 
f 2198//2198 2199//2199 2219//2219 
f 2219//2219 2199//2199 2220//2220 
f 2200//2200 2221//2221 2199//2199 
f 2221//2221 2220//2220 2199//2199 
f 2201//2201 2222//2222 2200//2200 
f 2222//2222 2221//2221 2200//2200 
f 2202//2202 2223//2223 2201//2201 
f 2223//2223 2222//2222 2201//2201 
f 2203//2203 2224//2224 2202//2202 
f 2224//2224 2223//2223 2202//2202 
f 2204//2204 2225//2225 2203//2203 
f 2225//2225 2224//2224 2203//2203 
f 2205//2205 2226//2226 2204//2204 
f 2226//2226 2225//2225 2204//2204 
f 2206//2206 2227//2227 2205//2205 
f 2227//2227 2226//2226 2205//2205 
f 2207//2207 2228//2228 2206//2206 
f 2228//2228 2227//2227 2206//2206 
f 2673//2673 2208//2208 2667//2667 
f 2673//2673 2228//2228 2208//2208 
f 2228//2228 2207//2207 2208//2208 
f 2665//2665 2667//2667 2208//2208 
f 2209//2209 2668//2668 2666//2666 
f 2668//2668 2229//2229 2674//2674 
f 2668//2668 2209//2209 2229//2229 
f 2209//2209 2210//2210 2229//2229 
f 2211//2211 2230//2230 2210//2210 
f 2230//2230 2229//2229 2210//2210 
f 2212//2212 2231//2231 2211//2211 
f 2231//2231 2230//2230 2211//2211 
f 2213//2213 2232//2232 2212//2212 
f 2232//2232 2231//2231 2212//2212 
f 2214//2214 2233//2233 2213//2213 
f 2233//2233 2232//2232 2213//2213 
f 2215//2215 2234//2234 2214//2214 
f 2234//2234 2233//2233 2214//2214 
f 2197//2197 2217//2217 2234//2234 
f 2215//2215 2197//2197 2234//2234 
f 2219//2219 2237//2237 2235//2235 
f 2216//2216 2219//2219 2235//2235 
f 2220//2220 2238//2238 2219//2219 
f 2238//2238 2237//2237 2219//2219 
f 2221//2221 2239//2239 2220//2220 
f 2239//2239 2238//2238 2220//2220 
f 2222//2222 2240//2240 2221//2221 
f 2240//2240 2239//2239 2221//2221 
f 2223//2223 2241//2241 2222//2222 
f 2241//2241 2240//2240 2222//2222 
f 2224//2224 2242//2242 2223//2223 
f 2242//2242 2241//2241 2223//2223 
f 2225//2225 2243//2243 2224//2224 
f 2243//2243 2242//2242 2224//2224 
f 2226//2226 2244//2244 2225//2225 
f 2244//2244 2243//2243 2225//2225 
f 2227//2227 2245//2245 2226//2226 
f 2245//2245 2244//2244 2226//2226 
f 2683//2683 2228//2228 2675//2675 
f 2683//2683 2245//2245 2228//2228 
f 2245//2245 2227//2227 2228//2228 
f 2673//2673 2675//2675 2228//2228 
f 2229//2229 2676//2676 2674//2674 
f 2676//2676 2246//2246 2684//2684 
f 2676//2676 2229//2229 2246//2246 
f 2229//2229 2230//2230 2246//2246 
f 2231//2231 2247//2247 2230//2230 
f 2247//2247 2246//2246 2230//2230 
f 2232//2232 2248//2248 2231//2231 
f 2248//2248 2247//2247 2231//2231 
f 2233//2233 2249//2249 2232//2232 
f 2249//2249 2248//2248 2232//2232 
f 2234//2234 2250//2250 2233//2233 
f 2250//2250 2249//2249 2233//2233 
f 2217//2217 2218//2218 2251//2251 
f 2217//2217 2251//2251 2234//2234 
f 2234//2234 2251//2251 2250//2250 
f 2218//2218 2236//2236 2251//2251 
f 2237//2237 2255//2255 2252//2252 
f 2235//2235 2237//2237 2252//2252 
f 2238//2238 2256//2256 2237//2237 
f 2256//2256 2255//2255 2237//2237 
f 2239//2239 2257//2257 2238//2238 
f 2257//2257 2256//2256 2238//2238 
f 2240//2240 2258//2258 2239//2239 
f 2258//2258 2257//2257 2239//2239 
f 2241//2241 2259//2259 2240//2240 
f 2259//2259 2258//2258 2240//2240 
f 2242//2242 2260//2260 2241//2241 
f 2260//2260 2259//2259 2241//2241 
f 2243//2243 2261//2261 2242//2242 
f 2261//2261 2260//2260 2242//2242 
f 2244//2244 2262//2262 2243//2243 
f 2262//2262 2261//2261 2243//2243 
f 2695//2695 2245//2245 2685//2685 
f 2695//2695 2262//2262 2245//2245 
f 2262//2262 2244//2244 2245//2245 
f 2683//2683 2685//2685 2245//2245 
f 2246//2246 2686//2686 2684//2684 
f 2686//2686 2263//2263 2696//2696 
f 2686//2686 2246//2246 2263//2263 
f 2246//2246 2247//2247 2263//2263 
f 2248//2248 2264//2264 2247//2247 
f 2264//2264 2263//2263 2247//2247 
f 2249//2249 2265//2265 2248//2248 
f 2265//2265 2264//2264 2248//2248 
f 2250//2250 2266//2266 2249//2249 
f 2266//2266 2265//2265 2249//2249 
f 2251//2251 2267//2267 2250//2250 
f 2267//2267 2266//2266 2250//2250 
f 2236//2236 2253//2253 2267//2267 
f 2251//2251 2236//2236 2267//2267 
f 2254//2254 2270//2270 2268//2268 
f 2254//2254 2252//2252 2255//2255 
f 2254//2254 2255//2255 2270//2270 
f 2270//2270 2255//2255 2271//2271 
f 2256//2256 2272//2272 2255//2255 
f 2272//2272 2271//2271 2255//2255 
f 2257//2257 2273//2273 2256//2256 
f 2273//2273 2272//2272 2256//2256 
f 2258//2258 2274//2274 2257//2257 
f 2274//2274 2273//2273 2257//2257 
f 2259//2259 2275//2275 2258//2258 
f 2275//2275 2274//2274 2258//2258 
f 2260//2260 2276//2276 2259//2259 
f 2276//2276 2275//2275 2259//2259 
f 2261//2261 2277//2277 2260//2260 
f 2277//2277 2276//2276 2260//2260 
f 2262//2262 2278//2278 2261//2261 
f 2278//2278 2277//2277 2261//2261 
f 2707//2707 2262//2262 2695//2695 
f 2278//2278 2262//2262 2707//2707 
f 2279//2279 2696//2696 2263//2263 
f 2708//2708 2696//2696 2279//2279 
f 2264//2264 2280//2280 2263//2263 
f 2280//2280 2279//2279 2263//2263 
f 2265//2265 2281//2281 2264//2264 
f 2281//2281 2280//2280 2264//2264 
f 2266//2266 2282//2282 2265//2265 
f 2282//2282 2281//2281 2265//2265 
f 2267//2267 2283//2283 2266//2266 
f 2283//2283 2282//2282 2266//2266 
f 2253//2253 2269//2269 2283//2283 
f 2267//2267 2253//2253 2283//2283 
f 2270//2270 2287//2287 2284//2284 
f 2268//2268 2270//2270 2284//2284 
f 2271//2271 2288//2288 2270//2270 
f 2288//2288 2287//2287 2270//2270 
f 2272//2272 2289//2289 2271//2271 
f 2289//2289 2288//2288 2271//2271 
f 2273//2273 2290//2290 2272//2272 
f 2290//2290 2289//2289 2272//2272 
f 2274//2274 2291//2291 2273//2273 
f 2291//2291 2290//2290 2273//2273 
f 2275//2275 2292//2292 2274//2274 
f 2292//2292 2291//2291 2274//2274 
f 2276//2276 2293//2293 2275//2275 
f 2293//2293 2292//2292 2275//2275 
f 2277//2277 2294//2294 2276//2276 
f 2294//2294 2293//2293 2276//2276 
f 2278//2278 2295//2295 2277//2277 
f 2295//2295 2294//2294 2277//2277 
f 2719//2719 2278//2278 2707//2707 
f 2295//2295 2278//2278 2719//2719 
f 2296//2296 2708//2708 2279//2279 
f 2720//2720 2708//2708 2296//2296 
f 2280//2280 2297//2297 2279//2279 
f 2297//2297 2296//2296 2279//2279 
f 2281//2281 2298//2298 2280//2280 
f 2298//2298 2297//2297 2280//2280 
f 2282//2282 2299//2299 2281//2281 
f 2299//2299 2298//2298 2281//2281 
f 2283//2283 2300//2300 2282//2282 
f 2300//2300 2299//2299 2282//2282 
f 2269//2269 2285//2285 2300//2300 
f 2283//2283 2269//2269 2300//2300 
f 2286//2286 2304//2304 2301//2301 
f 2286//2286 2284//2284 2287//2287 
f 2286//2286 2287//2287 2304//2304 
f 2304//2304 2287//2287 2305//2305 
f 2288//2288 2306//2306 2287//2287 
f 2306//2306 2305//2305 2287//2287 
f 2289//2289 2307//2307 2288//2288 
f 2307//2307 2306//2306 2288//2288 
f 2290//2290 2308//2308 2289//2289 
f 2308//2308 2307//2307 2289//2289 
f 2291//2291 2309//2309 2290//2290 
f 2309//2309 2308//2308 2290//2290 
f 2292//2292 2310//2310 2291//2291 
f 2310//2310 2309//2309 2291//2291 
f 2293//2293 2311//2311 2292//2292 
f 2311//2311 2310//2310 2292//2292 
f 2294//2294 2312//2312 2293//2293 
f 2312//2312 2311//2311 2293//2293 
f 2295//2295 2313//2313 2294//2294 
f 2313//2313 2312//2312 2294//2294 
f 2721//2721 2295//2295 2719//2719 
f 2721//2721 2314//2314 2295//2295 
f 2314//2314 2313//2313 2295//2295 
f 2721//2721 2733//2733 2314//2314 
f 2315//2315 2734//2734 2722//2722 
f 2720//2720 2315//2315 2722//2722 
f 2720//2720 2296//2296 2315//2315 
f 2296//2296 2316//2316 2315//2315 
f 2297//2297 2317//2317 2296//2296 
f 2317//2317 2316//2316 2296//2296 
f 2298//2298 2318//2318 2297//2297 
f 2318//2318 2317//2317 2297//2297 
f 2299//2299 2319//2319 2298//2298 
f 2319//2319 2318//2318 2298//2298 
f 2300//2300 2320//2320 2299//2299 
f 2320//2320 2319//2319 2299//2299 
f 2285//2285 2302//2302 2320//2320 
f 2300//2300 2285//2285 2320//2320 
f 2303//2303 2324//2324 2321//2321 
f 2303//2303 2301//2301 2304//2304 
f 2303//2303 2304//2304 2324//2324 
f 2324//2324 2304//2304 2325//2325 
f 2305//2305 2326//2326 2304//2304 
f 2326//2326 2325//2325 2304//2304 
f 2306//2306 2327//2327 2305//2305 
f 2327//2327 2326//2326 2305//2305 
f 2307//2307 2328//2328 2306//2306 
f 2328//2328 2327//2327 2306//2306 
f 2308//2308 2329//2329 2307//2307 
f 2329//2329 2328//2328 2307//2307 
f 2309//2309 2330//2330 2308//2308 
f 2330//2330 2329//2329 2308//2308 
f 2310//2310 2331//2331 2309//2309 
f 2331//2331 2330//2330 2309//2309 
f 2311//2311 2332//2332 2310//2310 
f 2332//2332 2331//2331 2310//2310 
f 2312//2312 2333//2333 2311//2311 
f 2333//2333 2332//2332 2311//2311 
f 2313//2313 2334//2334 2312//2312 
f 2334//2334 2333//2333 2312//2312 
f 2314//2314 2335//2335 2313//2313 
f 2335//2335 2334//2334 2313//2313 
f 2735//2735 2314//2314 2733//2733 
f 2735//2735 2336//2336 2314//2314 
f 2336//2336 2335//2335 2314//2314 
f 2735//2735 2745//2745 2336//2336 
f 2337//2337 2746//2746 2736//2736 
f 2734//2734 2337//2337 2736//2736 
f 2734//2734 2315//2315 2337//2337 
f 2315//2315 2338//2338 2337//2337 
f 2316//2316 2339//2339 2315//2315 
f 2339//2339 2338//2338 2315//2315 
f 2317//2317 2340//2340 2316//2316 
f 2340//2340 2339//2339 2316//2316 
f 2318//2318 2341//2341 2317//2317 
f 2341//2341 2340//2340 2317//2317 
f 2319//2319 2342//2342 2318//2318 
f 2342//2342 2341//2341 2318//2318 
f 2320//2320 2343//2343 2319//2319 
f 2343//2343 2342//2342 2319//2319 
f 2302//2302 2322//2322 2343//2343 
f 2320//2320 2302//2302 2343//2343 
f 2323//2323 2348//2348 2344//2344 
f 2323//2323 2321//2321 2324//2324 
f 2323//2323 2324//2324 2348//2348 
f 2348//2348 2324//2324 2349//2349 
f 2325//2325 2350//2350 2324//2324 
f 2350//2350 2349//2349 2324//2324 
f 2326//2326 2351//2351 2325//2325 
f 2351//2351 2350//2350 2325//2325 
f 2327//2327 2352//2352 2326//2326 
f 2352//2352 2351//2351 2326//2326 
f 2328//2328 2353//2353 2327//2327 
f 2353//2353 2352//2352 2327//2327 
f 2329//2329 2354//2354 2328//2328 
f 2354//2354 2353//2353 2328//2328 
f 2330//2330 2355//2355 2329//2329 
f 2355//2355 2354//2354 2329//2329 
f 2331//2331 2356//2356 2330//2330 
f 2356//2356 2355//2355 2330//2330 
f 2332//2332 2357//2357 2331//2331 
f 2357//2357 2356//2356 2331//2331 
f 2333//2333 2358//2358 2332//2332 
f 2358//2358 2357//2357 2332//2332 
f 2334//2334 2359//2359 2333//2333 
f 2359//2359 2358//2358 2333//2333 
f 2335//2335 2360//2360 2334//2334 
f 2360//2360 2359//2359 2334//2334 
f 2336//2336 2361//2361 2335//2335 
f 2361//2361 2360//2360 2335//2335 
f 2747//2747 2336//2336 2745//2745 
f 2747//2747 2362//2362 2336//2336 
f 2362//2362 2361//2361 2336//2336 
f 2747//2747 2755//2755 2362//2362 
f 2363//2363 2756//2756 2748//2748 
f 2746//2746 2363//2363 2748//2748 
f 2746//2746 2337//2337 2363//2363 
f 2337//2337 2364//2364 2363//2363 
f 2338//2338 2365//2365 2337//2337 
f 2365//2365 2364//2364 2337//2337 
f 2339//2339 2366//2366 2338//2338 
f 2366//2366 2365//2365 2338//2338 
f 2340//2340 2367//2367 2339//2339 
f 2367//2367 2366//2366 2339//2339 
f 2341//2341 2368//2368 2340//2340 
f 2368//2368 2367//2367 2340//2340 
f 2342//2342 2369//2369 2341//2341 
f 2369//2369 2368//2368 2341//2341 
f 2343//2343 2370//2370 2342//2342 
f 2370//2370 2369//2369 2342//2342 
f 2322//2322 2345//2345 2370//2370 
f 2343//2343 2322//2322 2370//2370 
f 2346//2346 2374//2374 2371//2371 
f 2346//2346 2344//2344 2348//2348 
f 2346//2346 2348//2348 2374//2374 
f 2374//2374 2348//2348 2375//2375 
f 2349//2349 2376//2376 2348//2348 
f 2376//2376 2375//2375 2348//2348 
f 2350//2350 2377//2377 2349//2349 
f 2377//2377 2376//2376 2349//2349 
f 2351//2351 2378//2378 2350//2350 
f 2378//2378 2377//2377 2350//2350 
f 2352//2352 2379//2379 2351//2351 
f 2379//2379 2378//2378 2351//2351 
f 2353//2353 2380//2380 2352//2352 
f 2380//2380 2379//2379 2352//2352 
f 2354//2354 2381//2381 2353//2353 
f 2381//2381 2380//2380 2353//2353 
f 2355//2355 2382//2382 2354//2354 
f 2382//2382 2381//2381 2354//2354 
f 2356//2356 2383//2383 2355//2355 
f 2383//2383 2382//2382 2355//2355 
f 2357//2357 2384//2384 2356//2356 
f 2384//2384 2383//2383 2356//2356 
f 2358//2358 2385//2385 2357//2357 
f 2385//2385 2384//2384 2357//2357 
f 2359//2359 2386//2386 2358//2358 
f 2386//2386 2385//2385 2358//2358 
f 2360//2360 2387//2387 2359//2359 
f 2387//2387 2386//2386 2359//2359 
f 2361//2361 2388//2388 2360//2360 
f 2388//2388 2387//2387 2360//2360 
f 2362//2362 2389//2389 2361//2361 
f 2389//2389 2388//2388 2361//2361 
f 2757//2757 2362//2362 2755//2755 
f 2757//2757 2390//2390 2362//2362 
f 2390//2390 2389//2389 2362//2362 
f 2390//2390 2758//2758 2391//2391 
f 2757//2757 2758//2758 2390//2390 
f 2391//2391 2759//2759 2392//2392 
f 2758//2758 2759//2759 2391//2391 
f 2392//2392 2760//2760 2393//2393 
f 2759//2759 2760//2760 2392//2392 
f 2756//2756 2393//2393 2760//2760 
f 2756//2756 2363//2363 2393//2393 
f 2363//2363 2394//2394 2393//2393 
f 2364//2364 2395//2395 2363//2363 
f 2395//2395 2394//2394 2363//2363 
f 2365//2365 2396//2396 2364//2364 
f 2396//2396 2395//2395 2364//2364 
f 2366//2366 2397//2397 2365//2365 
f 2397//2397 2396//2396 2365//2365 
f 2367//2367 2398//2398 2366//2366 
f 2398//2398 2397//2397 2366//2366 
f 2368//2368 2399//2399 2367//2367 
f 2399//2399 2398//2398 2367//2367 
f 2369//2369 2400//2400 2368//2368 
f 2400//2400 2399//2399 2368//2368 
f 2347//2347 2372//2372 2400//2400 
f 2347//2347 2400//2400 2370//2370 
f 2370//2370 2400//2400 2369//2369 
f 2345//2345 2347//2347 2370//2370 
f 2373//2373 2404//2404 2401//2401 
f 2373//2373 2371//2371 2374//2374 
f 2373//2373 2374//2374 2404//2404 
f 2404//2404 2374//2374 2405//2405 
f 2375//2375 2406//2406 2374//2374 
f 2406//2406 2405//2405 2374//2374 
f 2376//2376 2407//2407 2375//2375 
f 2407//2407 2406//2406 2375//2375 
f 2377//2377 2408//2408 2376//2376 
f 2408//2408 2407//2407 2376//2376 
f 2378//2378 2409//2409 2377//2377 
f 2409//2409 2408//2408 2377//2377 
f 2379//2379 2410//2410 2378//2378 
f 2410//2410 2409//2409 2378//2378 
f 2380//2380 2411//2411 2379//2379 
f 2411//2411 2410//2410 2379//2379 
f 2381//2381 2412//2412 2380//2380 
f 2412//2412 2411//2411 2380//2380 
f 2382//2382 2413//2413 2381//2381 
f 2413//2413 2412//2412 2381//2381 
f 2383//2383 2414//2414 2382//2382 
f 2414//2414 2413//2413 2382//2382 
f 2384//2384 2415//2415 2383//2383 
f 2415//2415 2414//2414 2383//2383 
f 2385//2385 2416//2416 2384//2384 
f 2416//2416 2415//2415 2384//2384 
f 2386//2386 2417//2417 2385//2385 
f 2417//2417 2416//2416 2385//2385 
f 2387//2387 2418//2418 2386//2386 
f 2418//2418 2417//2417 2386//2386 
f 2388//2388 2419//2419 2387//2387 
f 2419//2419 2418//2418 2387//2387 
f 2389//2389 2420//2420 2388//2388 
f 2420//2420 2419//2419 2388//2388 
f 2390//2390 2421//2421 2389//2389 
f 2421//2421 2420//2420 2389//2389 
f 2391//2391 2422//2422 2390//2390 
f 2422//2422 2421//2421 2390//2390 
f 2392//2392 2423//2423 2391//2391 
f 2423//2423 2422//2422 2391//2391 
f 2393//2393 2424//2424 2392//2392 
f 2424//2424 2423//2423 2392//2392 
f 2394//2394 2425//2425 2393//2393 
f 2425//2425 2424//2424 2393//2393 
f 2395//2395 2426//2426 2394//2394 
f 2426//2426 2425//2425 2394//2394 
f 2396//2396 2427//2427 2395//2395 
f 2427//2427 2426//2426 2395//2395 
f 2397//2397 2428//2428 2396//2396 
f 2428//2428 2427//2427 2396//2396 
f 2398//2398 2429//2429 2397//2397 
f 2429//2429 2428//2428 2397//2397 
f 2399//2399 2430//2430 2398//2398 
f 2430//2430 2429//2429 2398//2398 
f 2400//2400 2431//2431 2399//2399 
f 2431//2431 2430//2430 2399//2399 
f 2372//2372 2402//2402 2431//2431 
f 2400//2400 2372//2372 2431//2431 
f 2404//2404 2434//2434 2432//2432 
f 2401//2401 2404//2404 2432//2432 
f 2405//2405 2435//2435 2404//2404 
f 2435//2435 2434//2434 2404//2404 
f 2406//2406 2436//2436 2405//2405 
f 2436//2436 2435//2435 2405//2405 
f 2407//2407 2437//2437 2406//2406 
f 2437//2437 2436//2436 2406//2406 
f 2408//2408 2438//2438 2407//2407 
f 2438//2438 2437//2437 2407//2407 
f 2409//2409 2439//2439 2408//2408 
f 2439//2439 2438//2438 2408//2408 
f 2410//2410 2440//2440 2409//2409 
f 2440//2440 2439//2439 2409//2409 
f 2411//2411 2441//2441 2410//2410 
f 2441//2441 2440//2440 2410//2410 
f 2412//2412 2442//2442 2411//2411 
f 2442//2442 2441//2441 2411//2411 
f 2413//2413 2443//2443 2412//2412 
f 2443//2443 2442//2442 2412//2412 
f 2414//2414 2444//2444 2413//2413 
f 2444//2444 2443//2443 2413//2413 
f 2415//2415 2445//2445 2414//2414 
f 2445//2445 2444//2444 2414//2414 
f 2416//2416 2446//2446 2415//2415 
f 2446//2446 2445//2445 2415//2415 
f 2417//2417 2447//2447 2416//2416 
f 2447//2447 2446//2446 2416//2416 
f 2418//2418 2448//2448 2417//2417 
f 2448//2448 2447//2447 2417//2417 
f 2419//2419 2449//2449 2418//2418 
f 2449//2449 2448//2448 2418//2418 
f 2420//2420 2450//2450 2419//2419 
f 2450//2450 2449//2449 2419//2419 
f 2421//2421 2451//2451 2420//2420 
f 2451//2451 2450//2450 2420//2420 
f 2422//2422 2452//2452 2421//2421 
f 2452//2452 2451//2451 2421//2421 
f 2423//2423 2453//2453 2422//2422 
f 2453//2453 2452//2452 2422//2422 
f 2424//2424 2454//2454 2423//2423 
f 2454//2454 2453//2453 2423//2423 
f 2425//2425 2455//2455 2424//2424 
f 2455//2455 2454//2454 2424//2424 
f 2426//2426 2456//2456 2425//2425 
f 2456//2456 2455//2455 2425//2425 
f 2427//2427 2457//2457 2426//2426 
f 2457//2457 2456//2456 2426//2426 
f 2428//2428 2458//2458 2427//2427 
f 2458//2458 2457//2457 2427//2427 
f 2429//2429 2459//2459 2428//2428 
f 2459//2459 2458//2458 2428//2428 
f 2430//2430 2460//2460 2429//2429 
f 2460//2460 2459//2459 2429//2429 
f 2403//2403 2433//2433 2460//2460 
f 2403//2403 2460//2460 2431//2431 
f 2431//2431 2460//2460 2430//2430 
f 2402//2402 2403//2403 2431//2431 
f 2434//2434 2463//2463 2461//2461 
f 2432//2432 2434//2434 2461//2461 
f 2435//2435 2464//2464 2434//2434 
f 2464//2464 2463//2463 2434//2434 
f 2436//2436 2465//2465 2435//2435 
f 2465//2465 2464//2464 2435//2435 
f 2437//2437 2466//2466 2436//2436 
f 2466//2466 2465//2465 2436//2436 
f 2438//2438 2467//2467 2437//2437 
f 2467//2467 2466//2466 2437//2437 
f 2439//2439 2468//2468 2438//2438 
f 2468//2468 2467//2467 2438//2438 
f 2440//2440 2469//2469 2439//2439 
f 2469//2469 2468//2468 2439//2439 
f 2441//2441 2470//2470 2440//2440 
f 2470//2470 2469//2469 2440//2440 
f 2442//2442 2471//2471 2441//2441 
f 2471//2471 2470//2470 2441//2441 
f 2443//2443 2472//2472 2442//2442 
f 2472//2472 2471//2471 2442//2442 
f 2444//2444 2473//2473 2443//2443 
f 2473//2473 2472//2472 2443//2443 
f 2445//2445 2474//2474 2444//2444 
f 2474//2474 2473//2473 2444//2444 
f 2446//2446 2475//2475 2445//2445 
f 2475//2475 2474//2474 2445//2445 
f 2447//2447 2476//2476 2446//2446 
f 2476//2476 2475//2475 2446//2446 
f 2448//2448 2477//2477 2447//2447 
f 2477//2477 2476//2476 2447//2447 
f 2449//2449 2478//2478 2448//2448 
f 2478//2478 2477//2477 2448//2448 
f 2450//2450 2479//2479 2449//2449 
f 2479//2479 2478//2478 2449//2449 
f 2451//2451 2480//2480 2450//2450 
f 2480//2480 2479//2479 2450//2450 
f 2452//2452 2481//2481 2451//2451 
f 2481//2481 2480//2480 2451//2451 
f 2453//2453 2482//2482 2452//2452 
f 2482//2482 2481//2481 2452//2452 
f 2454//2454 2483//2483 2453//2453 
f 2483//2483 2482//2482 2453//2453 
f 2455//2455 2484//2484 2454//2454 
f 2484//2484 2483//2483 2454//2454 
f 2456//2456 2485//2485 2455//2455 
f 2485//2485 2484//2484 2455//2455 
f 2457//2457 2486//2486 2456//2456 
f 2486//2486 2485//2485 2456//2456 
f 2458//2458 2487//2487 2457//2457 
f 2487//2487 2486//2486 2457//2457 
f 2459//2459 2488//2488 2458//2458 
f 2488//2488 2487//2487 2458//2458 
f 2460//2460 2489//2489 2459//2459 
f 2489//2489 2488//2488 2459//2459 
f 2433//2433 2462//2462 2489//2489 
f 2460//2460 2433//2433 2489//2489 
f 2463//2463 2494//2494 2490//2490 
f 2461//2461 2463//2463 2490//2490 
f 2464//2464 2495//2495 2463//2463 
f 2495//2495 2494//2494 2463//2463 
f 2465//2465 2496//2496 2464//2464 
f 2496//2496 2495//2495 2464//2464 
f 2466//2466 2497//2497 2465//2465 
f 2497//2497 2496//2496 2465//2465 
f 2467//2467 2498//2498 2466//2466 
f 2498//2498 2497//2497 2466//2466 
f 2468//2468 2499//2499 2467//2467 
f 2499//2499 2498//2498 2467//2467 
f 2469//2469 2500//2500 2468//2468 
f 2500//2500 2499//2499 2468//2468 
f 2470//2470 2501//2501 2469//2469 
f 2501//2501 2500//2500 2469//2469 
f 2471//2471 2502//2502 2470//2470 
f 2502//2502 2501//2501 2470//2470 
f 2472//2472 2503//2503 2471//2471 
f 2503//2503 2502//2502 2471//2471 
f 2473//2473 2504//2504 2472//2472 
f 2504//2504 2503//2503 2472//2472 
f 2474//2474 2505//2505 2473//2473 
f 2505//2505 2504//2504 2473//2473 
f 2475//2475 2506//2506 2474//2474 
f 2506//2506 2505//2505 2474//2474 
f 2476//2476 2507//2507 2475//2475 
f 2507//2507 2506//2506 2475//2475 
f 2477//2477 2508//2508 2476//2476 
f 2508//2508 2507//2507 2476//2476 
f 2478//2478 2509//2509 2477//2477 
f 2509//2509 2508//2508 2477//2477 
f 2479//2479 2510//2510 2478//2478 
f 2510//2510 2509//2509 2478//2478 
f 2480//2480 2511//2511 2479//2479 
f 2511//2511 2510//2510 2479//2479 
f 2481//2481 2512//2512 2480//2480 
f 2512//2512 2511//2511 2480//2480 
f 2482//2482 2513//2513 2481//2481 
f 2513//2513 2512//2512 2481//2481 
f 2483//2483 2514//2514 2482//2482 
f 2514//2514 2513//2513 2482//2482 
f 2484//2484 2515//2515 2483//2483 
f 2515//2515 2514//2514 2483//2483 
f 2485//2485 2516//2516 2484//2484 
f 2516//2516 2515//2515 2484//2484 
f 2486//2486 2517//2517 2485//2485 
f 2517//2517 2516//2516 2485//2485 
f 2487//2487 2518//2518 2486//2486 
f 2518//2518 2517//2517 2486//2486 
f 2488//2488 2519//2519 2487//2487 
f 2519//2519 2518//2518 2487//2487 
f 2489//2489 2520//2520 2488//2488 
f 2520//2520 2519//2519 2488//2488 
f 2462//2462 2491//2491 2520//2520 
f 2489//2489 2462//2462 2520//2520 
f 2490//2490 2494//2494 2492//2492 
f 2521//2521 2492//2492 2494//2494 
f 2521//2521 2494//2494 2524//2524 
f 2524//2524 2494//2494 2495//2495 
f 2496//2496 2525//2525 2495//2495 
f 2525//2525 2524//2524 2495//2495 
f 2497//2497 2526//2526 2496//2496 
f 2526//2526 2525//2525 2496//2496 
f 2498//2498 2527//2527 2497//2497 
f 2527//2527 2526//2526 2497//2497 
f 2499//2499 2528//2528 2498//2498 
f 2528//2528 2527//2527 2498//2498 
f 2500//2500 2529//2529 2499//2499 
f 2529//2529 2528//2528 2499//2499 
f 2501//2501 2530//2530 2500//2500 
f 2530//2530 2529//2529 2500//2500 
f 2502//2502 2531//2531 2501//2501 
f 2531//2531 2530//2530 2501//2501 
f 2503//2503 2532//2532 2502//2502 
f 2532//2532 2531//2531 2502//2502 
f 2504//2504 2533//2533 2503//2503 
f 2533//2533 2532//2532 2503//2503 
f 2505//2505 2534//2534 2504//2504 
f 2534//2534 2533//2533 2504//2504 
f 2506//2506 2535//2535 2505//2505 
f 2535//2535 2534//2534 2505//2505 
f 2507//2507 2536//2536 2506//2506 
f 2536//2536 2535//2535 2506//2506 
f 2508//2508 2537//2537 2507//2507 
f 2537//2537 2536//2536 2507//2507 
f 2509//2509 2538//2538 2508//2508 
f 2538//2538 2537//2537 2508//2508 
f 2510//2510 2539//2539 2509//2509 
f 2539//2539 2538//2538 2509//2509 
f 2511//2511 2540//2540 2510//2510 
f 2540//2540 2539//2539 2510//2510 
f 2512//2512 2541//2541 2511//2511 
f 2541//2541 2540//2540 2511//2511 
f 2513//2513 2542//2542 2512//2512 
f 2542//2542 2541//2541 2512//2512 
f 2514//2514 2543//2543 2513//2513 
f 2543//2543 2542//2542 2513//2513 
f 2515//2515 2544//2544 2514//2514 
f 2544//2544 2543//2543 2514//2514 
f 2516//2516 2545//2545 2515//2515 
f 2545//2545 2544//2544 2515//2515 
f 2517//2517 2546//2546 2516//2516 
f 2546//2546 2545//2545 2516//2516 
f 2518//2518 2547//2547 2517//2517 
f 2547//2547 2546//2546 2517//2517 
f 2519//2519 2548//2548 2518//2518 
f 2548//2548 2547//2547 2518//2518 
f 2493//2493 2522//2522 2548//2548 
f 2493//2493 2548//2548 2520//2520 
f 2520//2520 2548//2548 2519//2519 
f 2491//2491 2493//2493 2520//2520 
f 2521//2521 2524//2524 2523//2523 
f 2549//2549 2523//2523 2524//2524 
f 2549//2549 2524//2524 2553//2553 
f 2553//2553 2524//2524 2525//2525 
f 2526//2526 2554//2554 2525//2525 
f 2554//2554 2553//2553 2525//2525 
f 2527//2527 2555//2555 2526//2526 
f 2555//2555 2554//2554 2526//2526 
f 2528//2528 2556//2556 2527//2527 
f 2556//2556 2555//2555 2527//2527 
f 2529//2529 2557//2557 2528//2528 
f 2557//2557 2556//2556 2528//2528 
f 2530//2530 2558//2558 2529//2529 
f 2558//2558 2557//2557 2529//2529 
f 2531//2531 2559//2559 2530//2530 
f 2559//2559 2558//2558 2530//2530 
f 2532//2532 2560//2560 2531//2531 
f 2560//2560 2559//2559 2531//2531 
f 2533//2533 2561//2561 2532//2532 
f 2561//2561 2560//2560 2532//2532 
f 2534//2534 2562//2562 2533//2533 
f 2562//2562 2561//2561 2533//2533 
f 2535//2535 2563//2563 2534//2534 
f 2563//2563 2562//2562 2534//2534 
f 2536//2536 2564//2564 2535//2535 
f 2564//2564 2563//2563 2535//2535 
f 2537//2537 2565//2565 2536//2536 
f 2565//2565 2564//2564 2536//2536 
f 2538//2538 2566//2566 2537//2537 
f 2566//2566 2565//2565 2537//2537 
f 2539//2539 2567//2567 2538//2538 
f 2567//2567 2566//2566 2538//2538 
f 2540//2540 2568//2568 2539//2539 
f 2568//2568 2567//2567 2539//2539 
f 2541//2541 2569//2569 2540//2540 
f 2569//2569 2568//2568 2540//2540 
f 2542//2542 2570//2570 2541//2541 
f 2570//2570 2569//2569 2541//2541 
f 2543//2543 2571//2571 2542//2542 
f 2571//2571 2570//2570 2542//2542 
f 2544//2544 2572//2572 2543//2543 
f 2572//2572 2571//2571 2543//2543 
f 2545//2545 2573//2573 2544//2544 
f 2573//2573 2572//2572 2544//2544 
f 2546//2546 2574//2574 2545//2545 
f 2574//2574 2573//2573 2545//2545 
f 2547//2547 2575//2575 2546//2546 
f 2575//2575 2574//2574 2546//2546 
f 2548//2548 2576//2576 2547//2547 
f 2576//2576 2575//2575 2547//2547 
f 2522//2522 2550//2550 2576//2576 
f 2548//2548 2522//2522 2576//2576 
f 2549//2549 2553//2553 2551//2551 
f 2577//2577 2551//2551 2553//2553 
f 2577//2577 2553//2553 2586//2586 
f 2586//2586 2553//2553 2554//2554 
f 2555//2555 2587//2587 2554//2554 
f 2587//2587 2586//2586 2554//2554 
f 2556//2556 2588//2588 2555//2555 
f 2588//2588 2587//2587 2555//2555 
f 2557//2557 2589//2589 2556//2556 
f 2589//2589 2588//2588 2556//2556 
f 2558//2558 2590//2590 2557//2557 
f 2590//2590 2589//2589 2557//2557 
f 2559//2559 2591//2591 2558//2558 
f 2591//2591 2590//2590 2558//2558 
f 2560//2560 2592//2592 2559//2559 
f 2592//2592 2591//2591 2559//2559 
f 2561//2561 2593//2593 2560//2560 
f 2593//2593 2592//2592 2560//2560 
f 2562//2562 2594//2594 2561//2561 
f 2594//2594 2593//2593 2561//2561 
f 2563//2563 2595//2595 2562//2562 
f 2595//2595 2594//2594 2562//2562 
f 2564//2564 2596//2596 2563//2563 
f 2596//2596 2595//2595 2563//2563 
f 2565//2565 2597//2597 2564//2564 
f 2597//2597 2596//2596 2564//2564 
f 2566//2566 2598//2598 2565//2565 
f 2598//2598 2597//2597 2565//2565 
f 2567//2567 2599//2599 2566//2566 
f 2599//2599 2598//2598 2566//2566 
f 2568//2568 2600//2600 2567//2567 
f 2600//2600 2599//2599 2567//2567 
f 2569//2569 2601//2601 2568//2568 
f 2601//2601 2600//2600 2568//2568 
f 2570//2570 2602//2602 2569//2569 
f 2602//2602 2601//2601 2569//2569 
f 2571//2571 2603//2603 2570//2570 
f 2603//2603 2602//2602 2570//2570 
f 2572//2572 2604//2604 2571//2571 
f 2604//2604 2603//2603 2571//2571 
f 2573//2573 2605//2605 2572//2572 
f 2605//2605 2604//2604 2572//2572 
f 2574//2574 2606//2606 2573//2573 
f 2606//2606 2605//2605 2573//2573 
f 2575//2575 2607//2607 2574//2574 
f 2607//2607 2606//2606 2574//2574 
f 2552//2552 2578//2578 2607//2607 
f 2552//2552 2607//2607 2576//2576 
f 2576//2576 2607//2607 2575//2575 
f 2550//2550 2552//2552 2576//2576 
f 2577//2577 2586//2586 2579//2579 
f 2608//2608 2579//2579 2586//2586 
f 2608//2608 2586//2586 2618//2618 
f 2618//2618 2586//2586 2587//2587 
f 2588//2588 2619//2619 2587//2587 
f 2619//2619 2618//2618 2587//2587 
f 2589//2589 2620//2620 2588//2588 
f 2620//2620 2619//2619 2588//2588 
f 2590//2590 2621//2621 2589//2589 
f 2621//2621 2620//2620 2589//2589 
f 2591//2591 2622//2622 2590//2590 
f 2622//2622 2621//2621 2590//2590 
f 2592//2592 2623//2623 2591//2591 
f 2623//2623 2622//2622 2591//2591 
f 2593//2593 2624//2624 2592//2592 
f 2624//2624 2623//2623 2592//2592 
f 2594//2594 2625//2625 2593//2593 
f 2625//2625 2624//2624 2593//2593 
f 2595//2595 2626//2626 2594//2594 
f 2626//2626 2625//2625 2594//2594 
f 2596//2596 2627//2627 2595//2595 
f 2627//2627 2626//2626 2595//2595 
f 2597//2597 2628//2628 2596//2596 
f 2628//2628 2627//2627 2596//2596 
f 2580//2580 2609//2609 2628//2628 
f 2580//2580 2628//2628 2598//2598 
f 2598//2598 2628//2628 2597//2597 
f 2581//2581 2580//2580 2598//2598 
f 2599//2599 2581//2581 2598//2598 
f 2582//2582 2581//2581 2599//2599 
f 2600//2600 2582//2582 2599//2599 
f 2583//2583 2582//2582 2600//2600 
f 2601//2601 2583//2583 2600//2600 
f 2610//2610 2583//2583 2601//2601 
f 2610//2610 2601//2601 2629//2629 
f 2629//2629 2601//2601 2602//2602 
f 2603//2603 2630//2630 2602//2602 
f 2630//2630 2629//2629 2602//2602 
f 2604//2604 2631//2631 2603//2603 
f 2631//2631 2630//2630 2603//2603 
f 2605//2605 2632//2632 2604//2604 
f 2632//2632 2631//2631 2604//2604 
f 2584//2584 2611//2611 2632//2632 
f 2584//2584 2632//2632 2606//2606 
f 2606//2606 2632//2632 2605//2605 
f 2585//2585 2584//2584 2606//2606 
f 2607//2607 2585//2585 2606//2606 
f 2578//2578 2585//2585 2607//2607 
f 2608//2608 2618//2618 2612//2612 
f 2633//2633 2612//2612 2618//2618 
f 2633//2633 2618//2618 2638//2638 
f 2638//2638 2618//2618 2619//2619 
f 2620//2620 2639//2639 2619//2619 
f 2639//2639 2638//2638 2619//2619 
f 2621//2621 2640//2640 2620//2620 
f 2640//2640 2639//2639 2620//2620 
f 2622//2622 2641//2641 2621//2621 
f 2641//2641 2640//2640 2621//2621 
f 2623//2623 2642//2642 2622//2622 
f 2642//2642 2641//2641 2622//2622 
f 2624//2624 2643//2643 2623//2623 
f 2643//2643 2642//2642 2623//2623 
f 2625//2625 2644//2644 2624//2624 
f 2644//2644 2643//2643 2624//2624 
f 2626//2626 2645//2645 2625//2625 
f 2645//2645 2644//2644 2625//2625 
f 2627//2627 2646//2646 2626//2626 
f 2646//2646 2645//2645 2626//2626 
f 2613//2613 2634//2634 2646//2646 
f 2613//2613 2646//2646 2628//2628 
f 2628//2628 2646//2646 2627//2627 
f 2609//2609 2613//2613 2628//2628 
f 2610//2610 2629//2629 2614//2614 
f 2615//2615 2614//2614 2629//2629 
f 2630//2630 2615//2615 2629//2629 
f 2616//2616 2615//2615 2630//2630 
f 2631//2631 2616//2616 2630//2630 
f 2617//2617 2616//2616 2631//2631 
f 2632//2632 2617//2617 2631//2631 
f 2611//2611 2617//2617 2632//2632 
f 2633//2633 2638//2638 2635//2635 
f 2636//2636 2635//2635 2638//2638 
f 2639//2639 2636//2636 2638//2638 
f 2647//2647 2636//2636 2639//2639 
f 2647//2647 2639//2639 2655//2655 
f 2655//2655 2639//2639 2640//2640 
f 2641//2641 2656//2656 2640//2640 
f 2656//2656 2655//2655 2640//2640 
f 2642//2642 2657//2657 2641//2641 
f 2657//2657 2656//2656 2641//2641 
f 2643//2643 2658//2658 2642//2642 
f 2658//2658 2657//2657 2642//2642 
f 2644//2644 2659//2659 2643//2643 
f 2659//2659 2658//2658 2643//2643 
f 2645//2645 2660//2660 2644//2644 
f 2660//2660 2659//2659 2644//2644 
f 2637//2637 2648//2648 2660//2660 
f 2637//2637 2660//2660 2646//2646 
f 2646//2646 2660//2660 2645//2645 
f 2634//2634 2637//2637 2646//2646 
f 2647//2647 2655//2655 2649//2649 
f 2650//2650 2649//2649 2655//2655 
f 2656//2656 2650//2650 2655//2655 
f 2651//2651 2650//2650 2656//2656 
f 2657//2657 2651//2651 2656//2656 
f 2652//2652 2651//2651 2657//2657 
f 2658//2658 2652//2652 2657//2657 
f 2653//2653 2652//2652 2658//2658 
f 2659//2659 2653//2653 2658//2658 
f 2654//2654 2653//2653 2659//2659 
f 2660//2660 2654//2654 2659//2659 
f 2648//2648 2654//2654 2660//2660 
f 2661//2661 2669//2669 2665//2665 
f 2661//2661 2662//2662 2670//2670 
f 2669//2669 2661//2661 2670//2670 
f 2662//2662 2663//2663 2671//2671 
f 2670//2670 2662//2662 2671//2671 
f 2663//2663 2664//2664 2672//2672 
f 2671//2671 2663//2663 2672//2672 
f 2664//2664 2666//2666 2672//2672 
f 2667//2667 2677//2677 2673//2673 
f 2667//2667 2665//2665 2669//2669 
f 2667//2667 2669//2669 2677//2677 
f 2677//2677 2669//2669 2678//2678 
f 2670//2670 2679//2679 2669//2669 
f 2679//2679 2678//2678 2669//2669 
f 2671//2671 2680//2680 2670//2670 
f 2680//2680 2679//2679 2670//2670 
f 2672//2672 2681//2681 2671//2671 
f 2681//2681 2680//2680 2671//2671 
f 2666//2666 2668//2668 2682//2682 
f 2666//2666 2682//2682 2672//2672 
f 2672//2672 2682//2682 2681//2681 
f 2668//2668 2674//2674 2682//2682 
f 2675//2675 2687//2687 2683//2683 
f 2675//2675 2673//2673 2677//2677 
f 2675//2675 2677//2677 2687//2687 
f 2687//2687 2677//2677 2688//2688 
f 2678//2678 2689//2689 2677//2677 
f 2689//2689 2688//2688 2677//2677 
f 2679//2679 2690//2690 2678//2678 
f 2690//2690 2689//2689 2678//2678 
f 2680//2680 2691//2691 2679//2679 
f 2691//2691 2690//2690 2679//2679 
f 2681//2681 2692//2692 2680//2680 
f 2692//2692 2691//2691 2680//2680 
f 2682//2682 2693//2693 2681//2681 
f 2693//2693 2692//2692 2681//2681 
f 2674//2674 2676//2676 2694//2694 
f 2674//2674 2694//2694 2682//2682 
f 2682//2682 2694//2694 2693//2693 
f 2676//2676 2684//2684 2694//2694 
f 2685//2685 2697//2697 2695//2695 
f 2685//2685 2683//2683 2687//2687 
f 2685//2685 2687//2687 2697//2697 
f 2697//2697 2687//2687 2698//2698 
f 2688//2688 2699//2699 2687//2687 
f 2699//2699 2698//2698 2687//2687 
f 2689//2689 2700//2700 2688//2688 
f 2700//2700 2699//2699 2688//2688 
f 2690//2690 2701//2701 2689//2689 
f 2701//2701 2700//2700 2689//2689 
f 2691//2691 2702//2702 2690//2690 
f 2702//2702 2701//2701 2690//2690 
f 2692//2692 2703//2703 2691//2691 
f 2703//2703 2702//2702 2691//2691 
f 2693//2693 2704//2704 2692//2692 
f 2704//2704 2703//2703 2692//2692 
f 2694//2694 2705//2705 2693//2693 
f 2705//2705 2704//2704 2693//2693 
f 2684//2684 2686//2686 2706//2706 
f 2684//2684 2706//2706 2694//2694 
f 2694//2694 2706//2706 2705//2705 
f 2686//2686 2696//2696 2706//2706 
f 2697//2697 2709//2709 2707//2707 
f 2695//2695 2697//2697 2707//2707 
f 2698//2698 2710//2710 2697//2697 
f 2710//2710 2709//2709 2697//2697 
f 2699//2699 2711//2711 2698//2698 
f 2711//2711 2710//2710 2698//2698 
f 2700//2700 2712//2712 2699//2699 
f 2712//2712 2711//2711 2699//2699 
f 2701//2701 2713//2713 2700//2700 
f 2713//2713 2712//2712 2700//2700 
f 2702//2702 2714//2714 2701//2701 
f 2714//2714 2713//2713 2701//2701 
f 2703//2703 2715//2715 2702//2702 
f 2715//2715 2714//2714 2702//2702 
f 2704//2704 2716//2716 2703//2703 
f 2716//2716 2715//2715 2703//2703 
f 2705//2705 2717//2717 2704//2704 
f 2717//2717 2716//2716 2704//2704 
f 2706//2706 2718//2718 2705//2705 
f 2718//2718 2717//2717 2705//2705 
f 2696//2696 2708//2708 2718//2718 
f 2706//2706 2696//2696 2718//2718 
f 2709//2709 2723//2723 2719//2719 
f 2707//2707 2709//2709 2719//2719 
f 2710//2710 2724//2724 2709//2709 
f 2724//2724 2723//2723 2709//2709 
f 2711//2711 2725//2725 2710//2710 
f 2725//2725 2724//2724 2710//2710 
f 2712//2712 2726//2726 2711//2711 
f 2726//2726 2725//2725 2711//2711 
f 2713//2713 2727//2727 2712//2712 
f 2727//2727 2726//2726 2712//2712 
f 2714//2714 2728//2728 2713//2713 
f 2728//2728 2727//2727 2713//2713 
f 2715//2715 2729//2729 2714//2714 
f 2729//2729 2728//2728 2714//2714 
f 2716//2716 2730//2730 2715//2715 
f 2730//2730 2729//2729 2715//2715 
f 2717//2717 2731//2731 2716//2716 
f 2731//2731 2730//2730 2716//2716 
f 2718//2718 2732//2732 2717//2717 
f 2732//2732 2731//2731 2717//2717 
f 2708//2708 2720//2720 2732//2732 
f 2718//2718 2708//2708 2732//2732 
f 2719//2719 2723//2723 2721//2721 
f 2733//2733 2721//2721 2723//2723 
f 2733//2733 2723//2723 2737//2737 
f 2737//2737 2723//2723 2724//2724 
f 2725//2725 2738//2738 2724//2724 
f 2738//2738 2737//2737 2724//2724 
f 2726//2726 2739//2739 2725//2725 
f 2739//2739 2738//2738 2725//2725 
f 2727//2727 2740//2740 2726//2726 
f 2740//2740 2739//2739 2726//2726 
f 2728//2728 2741//2741 2727//2727 
f 2741//2741 2740//2740 2727//2727 
f 2729//2729 2742//2742 2728//2728 
f 2742//2742 2741//2741 2728//2728 
f 2730//2730 2743//2743 2729//2729 
f 2743//2743 2742//2742 2729//2729 
f 2731//2731 2744//2744 2730//2730 
f 2744//2744 2743//2743 2730//2730 
f 2722//2722 2734//2734 2744//2744 
f 2722//2722 2744//2744 2732//2732 
f 2732//2732 2744//2744 2731//2731 
f 2720//2720 2722//2722 2732//2732 
f 2733//2733 2737//2737 2735//2735 
f 2745//2745 2735//2735 2737//2737 
f 2745//2745 2737//2737 2749//2749 
f 2749//2749 2737//2737 2738//2738 
f 2739//2739 2750//2750 2738//2738 
f 2750//2750 2749//2749 2738//2738 
f 2740//2740 2751//2751 2739//2739 
f 2751//2751 2750//2750 2739//2739 
f 2741//2741 2752//2752 2740//2740 
f 2752//2752 2751//2751 2740//2740 
f 2742//2742 2753//2753 2741//2741 
f 2753//2753 2752//2752 2741//2741 
f 2743//2743 2754//2754 2742//2742 
f 2754//2754 2753//2753 2742//2742 
f 2736//2736 2746//2746 2754//2754 
f 2736//2736 2754//2754 2744//2744 
f 2744//2744 2754//2754 2743//2743 
f 2734//2734 2736//2736 2744//2744 
f 2745//2745 2749//2749 2747//2747 
f 2755//2755 2747//2747 2749//2749 
f 2755//2755 2749//2749 2761//2761 
f 2761//2761 2749//2749 2750//2750 
f 2751//2751 2762//2762 2750//2750 
f 2762//2762 2761//2761 2750//2750 
f 2752//2752 2763//2763 2751//2751 
f 2763//2763 2762//2762 2751//2751 
f 2753//2753 2764//2764 2752//2752 
f 2764//2764 2763//2763 2752//2752 
f 2748//2748 2756//2756 2764//2764 
f 2748//2748 2764//2764 2754//2754 
f 2754//2754 2764//2764 2753//2753 
f 2746//2746 2748//2748 2754//2754 
f 2755//2755 2761//2761 2757//2757 
f 2758//2758 2757//2757 2761//2761 
f 2762//2762 2758//2758 2761//2761 
f 2759//2759 2758//2758 2762//2762 
f 2763//2763 2759//2759 2762//2762 
f 2760//2760 2759//2759 2763//2763 
f 2764//2764 2760//2760 2763//2763 
f 2756//2756 2760//2760 2764//2764 
