#  3D Slicer output. SPACE=LPS

mtllib Markers.mtl

v 83.82546997070312 63.73319625854492 73.59358978271484
v 84.29850006103516 63.684791564941406 73.57687377929688
v 83.75700378417969 64.10717010498047 73.68508911132812
v 84.19525146484375 64.07762145996094 73.65848541259766
v 83.55878448486328 61.036048889160156 74.14290618896484
v 82.7857666015625 61.657798767089844 74.07173919677734
v 83.71955108642578 61.86195755004883 73.90005493164062
v 84.54513549804688 61.532470703125 74.07203674316406
v 85.50910186767578 61.49935531616211 74.31538391113281
v 83.39877319335938 63.32279968261719 73.67896270751953
v 83.9970932006836 63.229347229003906 73.60466766357422
v 82.07872772216797 62.30976104736328 74.26893615722656
v 82.66703796386719 62.421260833740234 73.95028686523438
v 83.35602569580078 62.60067367553711 73.77928924560547
v 84.43815612792969 62.61362838745117 73.796630859375
v 85.42842102050781 62.35205078125 74.10540771484375
v 86.18370056152344 62.07002258300781 74.44896697998047
v 83.23262786865234 63.85818862915039 73.81415557861328
v 84.5927734375 63.38032913208008 73.66448211669922
v 82.62603759765625 63.122188568115234 73.97074890136719
v 85.33194732666016 63.407684326171875 73.97789764404297
v 86.34609985351562 63.08062744140625 74.4537582397461
v 83.53773498535156 64.33033752441406 73.89041900634766
v 84.7406005859375 63.93014144897461 73.76148223876953
v 83.93758392333984 64.3913803100586 73.83708190917969
v 84.45256042480469 64.47378540039062 73.96347045898438
v 85.33609771728516 64.43727111816406 74.20482635498047
v 86.11701202392578 63.99665069580078 74.39777374267578
v 86.96418762207031 64.0649642944336 74.93558502197266
v 84.66319274902344 65.00654602050781 74.42076873779297
v 85.4244384765625 65.1523208618164 74.6621322631836
v 86.28326416015625 64.85737609863281 74.78675079345703
v 83.3094253540039 60.52089309692383 74.38574981689453
v 83.26457977294922 60.05134582519531 74.896484375
v 84.38874816894531 59.73805236816406 75.26236724853516
v 82.86792755126953 60.76472091674805 74.35737609863281
v 83.69947052001953 60.473838806152344 74.41149139404297
v 82.40098571777344 61.05916213989258 74.32723236083984
v 84.19666290283203 60.77993392944336 74.2834243774414
v 84.9436264038086 60.84285354614258 74.44632720947266
v 82.17681884765625 60.564449310302734 74.74273681640625
v 84.30316925048828 60.29673385620117 74.66988372802734
v 85.36654663085938 60.2840576171875 75.08293151855469
v 86.252685546875 60.377994537353516 75.58390808105469
v 82.01148223876953 61.40024185180664 74.43340301513672
v 85.6798095703125 60.97541809082031 74.63453674316406
v 81.52503967285156 61.83631896972656 74.71491241455078
v 86.09737396240234 61.43186950683594 74.58612060546875
v 81.4981460571289 61.11003875732422 74.91775512695312
v 86.32244873046875 61.04168701171875 75.0546875
v 86.85464477539062 60.93543243408203 75.71028137207031
v 81.40757751464844 62.68598175048828 74.89959716796875
v 86.56525421142578 61.73552322387695 74.80307006835938
v 81.95853424072266 63.02878189086914 74.33496856689453
v 87.08565521240234 61.819923400878906 75.4101333618164
v 82.1650619506836 63.41227722167969 74.23355102539062
v 86.84552001953125 62.43281555175781 74.84090423583984
v 82.47410583496094 63.875553131103516 74.25394439697266
v 87.10794067382812 63.2018928527832 74.97068786621094
v 81.82263946533203 63.49768829345703 74.62335205078125
v 87.37051391601562 62.735172271728516 75.35628509521484
v 83.09593200683594 64.31548309326172 74.11396789550781
v 87.62370300292969 63.637691497802734 75.59422302246094
v 83.66639709472656 64.79796600341797 74.3536605834961
v 87.54136657714844 64.46283721923828 75.46278381347656
v 82.67196655273438 64.51212310791016 74.58325958251953
v 84.20387268066406 65.26780700683594 74.66773986816406
v 87.1811752319336 64.98155212402344 75.34578704833984
v 84.7506332397461 65.62744140625 75.10857391357422
v 85.87885284423828 65.56897735595703 75.15312194824219
v 86.62980651855469 65.44366455078125 75.29684448242188
v 83.71876525878906 65.4266586303711 75.06095123291016
v 87.63057708740234 64.851318359375 75.6491470336914
v 84.70623016357422 66.12947082519531 75.844482421875
v 85.51737213134766 66.04420471191406 75.72718811035156
v 86.3978271484375 65.87734985351562 75.72657775878906
v 82.78196716308594 59.4315299987793 75.85346221923828
v 83.77875518798828 59.347923278808594 75.72211456298828
v 82.3519058227539 59.94249725341797 75.20562744140625
v 84.49481964111328 59.30753707885742 75.80223846435547
v 81.92826080322266 60.1412467956543 75.14920806884766
v 85.09015655517578 59.581764221191406 75.70918273925781
v 85.73501586914062 59.883094787597656 75.75387573242188
v 81.85723114013672 59.85907745361328 75.69535827636719
v 84.8655776977539 59.219356536865234 76.19010162353516
v 81.57167053222656 60.433135986328125 75.22369384765625
v 86.23412322998047 59.99063491821289 76.20101165771484
v 81.146728515625 60.878684997558594 75.41722869873047
v 86.68522644042969 60.426021575927734 76.02845001220703
v 81.2298812866211 60.3316650390625 75.82907104492188
v 80.994384765625 61.70558166503906 75.40290832519531
v 87.0343246459961 60.75127410888672 76.26756286621094
v 80.67831420898438 62.67854690551758 75.8763427734375
v 87.3565673828125 61.423465728759766 76.25642395019531
v 80.23758697509766 62.497493743896484 76.4361801147461
v 81.30286407470703 63.62337875366211 75.49591064453125
v 87.79685974121094 62.58894729614258 76.26386260986328
v 82.0096435546875 64.14669036865234 74.86564636230469
v 88.29776000976562 63.16941833496094 77.0042724609375
v 82.27116394042969 64.60197448730469 75.0089111328125
v 88.11796569824219 63.71342468261719 76.47665405273438
v 82.75171661376953 65.04884338378906 75.2483139038086
v 81.8708267211914 64.49114227294922 75.53856658935547
v 88.39273834228516 63.80055236816406 77.11129760742188
v 83.24476623535156 65.55024719238281 75.50328063964844
v 87.8731460571289 64.53739166259766 76.06812286376953
v 83.80213928222656 65.9209213256836 75.85392761230469
v 87.57842254638672 65.18092346191406 75.921142578125
v 82.86115264892578 65.56333923339844 76.0674819946289
v 84.35079956054688 66.30384826660156 76.3225326538086
v 87.083251953125 65.57752227783203 75.77495574951172
v 85.14582061767578 66.37447357177734 76.48324584960938
v 86.09717559814453 66.2082290649414 76.37296295166016
v 86.88410949707031 65.92229461669922 76.34022521972656
v 83.83122253417969 66.25923156738281 76.61190032958984
v 87.41193389892578 65.57696533203125 76.3016128540039
v 82.08308410644531 59.35643768310547 76.65127563476562
v 82.84380340576172 59.02721405029297 76.6610336303711
v 83.49597930908203 59.003047943115234 76.44166564941406
v 84.26410675048828 59.0484733581543 76.32920837402344
v 81.43991088867188 59.84459686279297 76.34059143066406
v 84.81233978271484 59.064815521240234 76.8399658203125
v 80.9645004272461 60.29951477050781 76.59449005126953
v 85.50900268554688 59.48115539550781 76.43171691894531
v 80.80958557128906 60.97423553466797 76.04109191894531
v 86.14772033691406 59.79662322998047 77.03290557861328
v 86.72950744628906 60.30583953857422 76.63359069824219
v 80.430908203125 61.828765869140625 76.37246704101562
v 87.1948471069336 60.879512786865234 76.95035552978516
v 80.0877914428711 62.29959487915039 76.90640258789062
v 80.08895111083984 62.71755599975586 76.7567138671875
v 87.72840118408203 61.769630432128906 77.21539306640625
v 80.2890396118164 62.89691162109375 76.4437026977539
v 88.1469497680664 62.53837203979492 77.13700103759766
v 80.62471008300781 63.38328170776367 76.39744567871094
v 88.36487579345703 62.903076171875 77.52173614501953
v 81.21149444580078 64.21379852294922 76.58135986328125
v 88.46891021728516 63.51887893676758 77.64024353027344
v 82.06282043457031 65.00811767578125 76.28372955322266
v 88.44744110107422 64.09321594238281 77.49019622802734
v 82.41548919677734 65.51419067382812 77.03961181640625
v 88.21183776855469 64.43549346923828 77.00373840332031
v 83.19441986083984 65.97529602050781 76.73793029785156
v 88.33816528320312 64.4823226928711 77.64464569091797
v 83.61674499511719 66.28284454345703 77.29718017578125
v 87.80442810058594 65.1332778930664 76.63780975341797
v 84.39399719238281 66.45230102539062 77.05123138427734
v 85.14460754394531 66.49772644042969 77.23632049560547
v 85.83345794677734 66.38233947753906 77.10108184814453
v 86.63214111328125 66.09896850585938 77.06622314453125
v 87.35307312011719 65.6536865234375 76.98392486572266
v 81.9227066040039 59.24242401123047 77.68594360351562
v 82.66293334960938 58.9555549621582 77.366943359375
v 83.2855453491211 58.84199523925781 77.09139251708984
v 84.02784729003906 58.85506820678711 77.13886260986328
v 81.35795593261719 59.71269607543945 77.13705444335938
v 84.64218139648438 58.951717376708984 77.52824401855469
v 80.82378387451172 60.27418518066406 77.49971771240234
v 85.35743713378906 59.301517486572266 77.51041412353516
v 84.16378784179688 58.85304641723633 77.88639831542969
v 80.54013061523438 60.98138427734375 76.93306732177734
v 86.02569580078125 59.763973236083984 78.00498962402344
v 86.68160247802734 60.29277801513672 77.54611206054688
v 80.20897674560547 61.70718002319336 77.27998352050781
v 87.20712280273438 61.01251220703125 77.97344970703125
v 80.01226043701172 62.30121994018555 77.51741027832031
v 80.01020050048828 62.71351623535156 77.2076416015625
v 87.71965026855469 61.826297760009766 78.29704284667969
v 80.20249938964844 63.09099578857422 76.91580963134766
v 88.14347839355469 62.398109436035156 77.79206848144531
v 80.522216796875 63.596073150634766 77.24610137939453
v 88.36289978027344 63.01340103149414 78.07563018798828
v 80.95870208740234 64.1874771118164 77.84178924560547
v 88.42879486083984 63.56431198120117 78.23049926757812
v 81.64420318603516 64.88817596435547 77.41919708251953
v 82.14615631103516 65.37492370605469 78.09247589111328
v 88.41941833496094 64.11742401123047 78.02745056152344
v 82.94344329833984 65.92035675048828 77.77020263671875
v 88.28511810302734 64.5734634399414 77.96760559082031
v 88.14948272705078 64.53091430664062 78.42874145507812
v 83.5382308959961 66.24767303466797 77.96087646484375
v 87.93360900878906 65.00287628173828 77.66140747070312
v 84.07337951660156 66.41988372802734 77.7992935180664
v 84.79605102539062 66.46358489990234 77.80476379394531
v 85.597412109375 66.36344146728516 77.82881164550781
v 86.30403900146484 66.17864227294922 77.70881652832031
v 87.0851821899414 65.68069458007812 77.9419174194336
v 83.86883544921875 66.290283203125 78.33016204833984
v 87.67593383789062 65.06001281738281 78.5467758178711
v 81.86917877197266 59.26581573486328 78.54693603515625
v 82.56114196777344 58.989891052246094 78.23466491699219
v 83.4084701538086 58.83147048950195 77.87940979003906
v 81.26470184326172 59.702606201171875 78.1523208618164
v 83.95050048828125 58.96360778808594 78.5578842163086
v 80.78518676757812 60.29322052001953 78.27275085449219
v 84.68614959716797 59.08103942871094 78.23666381835938
v 85.3655014038086 59.45675277709961 78.50340270996094
v 80.46041870117188 61.0096549987793 77.96078491210938
v 85.88127136230469 59.77688217163086 78.63909912109375
v 86.4011001586914 60.33016586303711 78.75960540771484
v 80.67365264892578 60.68190002441406 78.71076202392578
v 85.54298400878906 59.80716323852539 79.18553161621094
v 80.19243621826172 61.91008377075195 78.0645751953125
v 87.11046600341797 61.291744232177734 79.08992767333984
v 80.05265045166016 62.4689826965332 77.99617767333984
v 86.51227569580078 60.809974670410156 79.60946655273438
v 79.98912811279297 62.69691467285156 77.6643295288086
v 87.62222290039062 62.20673370361328 79.13045501708984
v 80.1390380859375 63.083431243896484 77.54966735839844
v 88.07247924804688 62.57110595703125 78.53227996826172
v 80.11785125732422 62.85792922973633 78.02978515625
v 80.45366668701172 63.41197204589844 78.22314453125
v 88.22883605957031 63.28173828125 78.66797637939453
v 87.9112319946289 62.93171691894531 79.10575866699219
v 80.88375091552734 64.04456329345703 78.81537628173828
v 88.27539825439453 63.926395416259766 78.62008666992188
v 81.47303009033203 64.7161636352539 78.70976257324219
v 88.10747528076172 64.22357177734375 78.87648010253906
v 81.11686706542969 64.33159637451172 79.18936157226562
v 87.87298583984375 63.789764404296875 79.23246765136719
v 82.10350799560547 65.24693298339844 78.89511108398438
v 87.84515380859375 64.55736541748047 79.00430297851562
v 82.6427230834961 65.62799835205078 78.68891906738281
v 83.40437316894531 65.98115539550781 78.64111328125
v 87.5487289428711 64.92961883544922 79.05631256103516
v 82.4637222290039 65.35066223144531 79.28369140625
v 87.30680847167969 64.58135986328125 79.52013397216797
v 84.056640625 66.11986541748047 78.81389617919922
v 87.11445617675781 65.29945373535156 78.9023666381836
v 84.43683624267578 66.32563781738281 78.40757751464844
v 85.2343978881836 66.20734405517578 78.5246353149414
v 86.23835754394531 65.8949203491211 78.55998229980469
v 84.70909118652344 65.98149871826172 79.09799194335938
v 85.60981750488281 65.70503234863281 79.30184936523438
v 86.50981903076172 65.23868560791016 79.45909118652344
v 81.8531494140625 59.41886901855469 79.1390609741211
v 82.45491027832031 59.205284118652344 79.02417755126953
v 83.21078491210938 58.99251174926758 78.75643920898438
v 81.46014404296875 59.57013702392578 78.86581420898438
v 83.71520233154297 59.10643005371094 79.07954406738281
v 84.4640121459961 59.41136932373047 79.28718566894531
v 81.55558776855469 59.77418899536133 79.34734344482422
v 82.21399688720703 59.70919418334961 79.682861328125
v 83.25173950195312 59.37976837158203 79.5125732421875
v 81.0864028930664 60.10824966430664 78.96282958984375
v 85.1129379272461 59.88823318481445 79.82596588134766
v 80.89083862304688 60.765167236328125 79.29314422607422
v 85.8191146850586 60.35539627075195 79.8453140258789
v 81.50611877441406 60.45556640625 79.83924102783203
v 84.57612609863281 59.85728454589844 80.09815216064453
v 80.55654907226562 61.49312973022461 78.9173812866211
v 86.20597076416016 61.047828674316406 80.2710189819336
v 86.76746368408203 61.2972412109375 79.85545349121094
v 81.04539489746094 61.340362548828125 79.80213928222656
v 81.5152587890625 61.20989990234375 80.324951171875
v 80.34690856933594 62.55950164794922 78.63519287109375
v 87.10347747802734 61.92885971069336 79.79141998291016
v 86.62313842773438 61.653629302978516 80.25859069824219
v 80.74598693847656 63.36893081665039 79.28901672363281
v 87.39555358886719 62.938053131103516 79.7485122680664
v 80.985595703125 64.021240234375 79.41439819335938
v 86.71935272216797 62.41938781738281 80.35004425048828
v 81.390380859375 64.37091064453125 79.62857818603516
v 87.34114074707031 63.823020935058594 79.84931945800781
v 82.0353012084961 64.896484375 79.562744140625
v 87.06752014160156 64.15420532226562 80.02640533447266
v 86.71258544921875 63.56952667236328 80.35476684570312
v 82.66661071777344 65.16552734375 79.74203491210938
v 86.6367416381836 64.51776123046875 80.06297302246094
v 83.05304718017578 65.54605865478516 79.3449935913086
v 83.95890808105469 65.66273498535156 79.4763412475586
v 84.94928741455078 65.4151382446289 79.8367919921875
v 85.85841369628906 65.03421783447266 80.01765441894531
v 83.32791900634766 65.13819122314453 80.0098876953125
v 84.24248504638672 65.00154113769531 80.27596282958984
v 85.16905212402344 64.70162200927734 80.47685241699219
v 85.99322509765625 64.25724792480469 80.52364349365234
v -48.51651382446289 88.52104949951172 67.59224700927734
v -47.73984146118164 88.31739807128906 67.66529083251953
v -46.989990234375 88.24679565429688 67.77837371826172
v -48.74020004272461 89.28687286376953 67.47447967529297
v -47.98466110229492 89.14672088623047 67.48676300048828
v -47.192405700683594 88.97601318359375 67.64273071289062
v -46.49277114868164 88.79985809326172 67.92486572265625
v -48.934608459472656 89.93500518798828 67.46604919433594
v -48.241939544677734 90.03048706054688 67.46369934082031
v -47.395774841308594 89.81000518798828 67.61410522460938
v -46.60858917236328 89.61029815673828 67.92125701904297
v -48.74603271484375 90.55719757080078 67.50279235839844
v 82.98655700683594 59.97356033325195 80.22700500488281
v 83.87239074707031 59.79926300048828 80.11739349365234
v 82.26739501953125 60.28591537475586 80.26921081542969
v 84.34505462646484 60.176551818847656 80.50379943847656
v 85.0601577758789 60.314476013183594 80.40975189208984
v 85.64505767822266 60.676639556884766 80.46886444091797
v 82.8553695678711 60.66877365112305 80.69181060791016
v 83.68877410888672 60.379150390625 80.64818572998047
v 82.0675048828125 60.919891357421875 80.54302215576172
v 85.71925354003906 61.09398651123047 80.70832061767578
v 81.42265319824219 61.937042236328125 80.37633514404297
v 81.91613006591797 61.581634521484375 80.69735717773438
v 82.72765350341797 61.57301712036133 80.9692611694336
v 83.65413665771484 61.15726089477539 81.00772857666016
v 84.54664611816406 60.799217224121094 80.85885620117188
v 85.26886749267578 60.80784225463867 80.75890350341797
v 80.87094116210938 62.383235931396484 79.69580841064453
v 86.03881072998047 61.766178131103516 80.70992279052734
v 81.4552001953125 62.810306549072266 80.41986083984375
v 82.16891479492188 62.394100189208984 80.86231994628906
v 83.01866912841797 62.407718658447266 81.15921020507812
v 83.69280242919922 62.03693389892578 81.21678924560547
v 84.51869201660156 61.668540954589844 81.14761352539062
v 85.26454162597656 61.36138916015625 80.95867156982422
v 81.06979370117188 63.2039794921875 79.9993667602539
v 86.070556640625 62.76604080200195 80.81695556640625
v 81.13587188720703 63.801300048828125 79.87584686279297
v 81.49124145507812 63.569488525390625 80.35881805419922
v 82.09068298339844 63.331031799316406 80.74625396728516
v 82.88729858398438 63.130531311035156 81.05964660644531
v 83.72679901123047 62.897010803222656 81.23410034179688
v 84.54667663574219 62.56001663208008 81.24227905273438
v 85.33413696289062 62.19575500488281 81.07927703857422
v 81.52622985839844 64.08155822753906 80.1583023071289
v 85.93978881835938 63.545127868652344 80.82401275634766
v 81.86578369140625 64.4463882446289 80.08377075195312
v 82.5765151977539 64.63151550292969 80.24974060058594
v 83.50569915771484 64.49227905273438 80.60735321044922
v 84.42803955078125 64.2569580078125 80.82456970214844
v 85.2833023071289 63.918418884277344 80.90196990966797
v 82.01508331298828 64.03318786621094 80.47624969482422
v 82.77204132080078 63.92442321777344 80.78032684326172
v 83.65153503417969 63.722225189208984 81.03082275390625
v 84.52764129638672 63.43501281738281 81.14456176757812
v 85.33232116699219 63.087528228759766 81.09039306640625
v -48.97922134399414 88.12589263916016 67.82644653320312
v -48.34142303466797 87.67750549316406 67.94449615478516
v -47.34613800048828 87.50371551513672 68.061279296875
v -47.922630310058594 86.98532104492188 68.34231567382812
v -47.4529914855957 86.94122314453125 68.39547729492188
v -49.112823486328125 88.7090835571289 67.66458129882812
v -46.736568450927734 87.83500671386719 67.96851348876953
v -46.50236129760742 88.21873474121094 67.92516326904297
v -46.35185623168945 87.92147827148438 68.13805389404297
v -49.44939041137695 89.41661071777344 67.69043731689453
v -46.077186584472656 88.42323303222656 68.24490356445312
v -50.15978240966797 89.29635620117188 68.148193359375
v -49.33917236328125 90.34735870361328 67.62059020996094
v -45.76364517211914 89.39741516113281 68.55471801757812
v -47.591800689697266 90.6407241821289 67.71778106689453
v -46.81680679321289 90.43280792236328 67.97039031982422
v -46.17918395996094 90.22048950195312 68.32323455810547
v -50.510032653808594 90.25435638427734 68.33865356445312
v -49.88650894165039 90.07545471191406 67.8772201538086
v -45.24892807006836 89.41218566894531 69.0722427368164
v -49.06504440307617 90.99724578857422 67.6950454711914
v -48.21689224243164 90.78128051757812 67.58380126953125
v -48.564186096191406 91.14037322998047 67.68521118164062
v -50.480037689208984 91.33235168457031 68.44871520996094
v -49.740386962890625 91.00991821289062 67.98137664794922
v -47.92914962768555 91.42723846435547 67.95328521728516
v -47.032005310058594 91.24617767333984 68.19915771484375
v -46.29185104370117 90.96268463134766 68.51019287109375
v -49.82585906982422 92.07052612304688 68.35709381103516
v -48.82597351074219 91.7925796508789 68.0833511352539
v -48.050968170166016 92.04107666015625 68.282958984375
v -47.30842971801758 92.10863494873047 68.62425994873047
v -46.45722961425781 91.7136001586914 68.81919860839844
v -49.16857147216797 92.6585693359375 68.56948852539062
v -48.19549560546875 92.64927673339844 68.73408508300781
v -48.13413619995117 86.56061553955078 68.77194213867188
v -47.54431915283203 86.58932495117188 68.7845687866211
v -48.66054153442383 86.38021087646484 69.19403076171875
v -48.62480545043945 86.98886108398438 68.47916412353516
v -46.9999885559082 86.92705535888672 68.64715576171875
v -49.05199432373047 87.58871459960938 68.17320251464844
v -46.58835983276367 87.47024536132812 68.34919738769531
v -49.439517974853516 87.07422637939453 68.81432342529297
v -46.2426872253418 87.08148193359375 69.10462188720703
v -45.772762298583984 87.02666473388672 69.74113464355469
v -49.6461067199707 88.28255462646484 68.14962005615234
v -46.01777267456055 87.82467651367188 68.6053695678711
v -50.368980407714844 88.53749084472656 68.5713119506836
v -50.17835235595703 87.7158432006836 68.88904571533203
v -45.532527923583984 87.7593765258789 69.41585540771484
v -50.76944351196289 89.24093627929688 68.71077728271484
v -45.58911895751953 88.48587036132812 68.80220031738281
v -51.162437438964844 89.97020721435547 68.94490814208984
v -45.29216766357422 89.0237045288086 69.02613830566406
v -45.198936462402344 88.5532455444336 69.38618469238281
v -51.01089859008789 90.76840209960938 68.78369903564453
v -44.98629379272461 89.23446655273438 69.65203857421875
v -45.21485900878906 89.92292022705078 69.31907653808594
v -51.04283905029297 91.61995697021484 69.05279541015625
v -45.6538200378418 90.59941864013672 69.01795959472656
v -50.46619415283203 92.06095123291016 68.6399154663086
v -45.174842834472656 90.6295166015625 69.72591400146484
v -50.14862823486328 92.54566955566406 68.68743896484375
v -45.91331100463867 91.37064361572266 69.09974670410156
v -49.7314453125 92.73759460449219 68.64008331298828
v -46.50175094604492 92.42530059814453 69.36695861816406
v -45.99806213378906 91.90550994873047 69.4042739868164
v -50.60383224487305 92.47779083251953 69.04451751708984
v -49.45146179199219 93.01544952392578 68.82160186767578
v -47.214054107666016 92.9211654663086 69.39659118652344
v -48.900306701660156 93.3087387084961 69.21952819824219
v -47.97957229614258 93.2939453125 69.38156127929688
v -50.61029052734375 92.88573455810547 69.54884338378906
v -49.92265701293945 93.06852722167969 69.15351867675781
v -46.623443603515625 92.87336730957031 69.70917510986328
v -48.77926254272461 93.81365966796875 69.91018676757812
v -48.19576644897461 93.71121215820312 69.8340835571289
v -48.8916015625 85.97052764892578 70.05623626708984
v -49.309593200683594 86.42806243896484 69.41069030761719
v -48.20675277709961 85.92181396484375 69.81651306152344
v -49.66082763671875 86.65351104736328 69.3194808959961
v -47.837425231933594 86.19540405273438 69.32009887695312
v -46.93012237548828 86.33641052246094 69.54180145263672
v -46.16957473754883 86.59932708740234 69.80424499511719
v -49.69562530517578 86.38136291503906 69.8887710571289
v -47.55029296875 85.83940124511719 70.04190063476562
v -46.982574462890625 85.85372161865234 70.3759765625
v -50.007015228271484 86.95896911621094 69.35852813720703
v -45.819740295410156 86.68938446044922 70.26305389404297
v -50.469051361083984 87.40618133544922 69.50868225097656
v -50.28523635864258 86.82720947265625 70.04036712646484
v -50.80177307128906 88.25729370117188 69.30169677734375
v -45.409637451171875 87.27132415771484 70.31974029541016
v -51.27241516113281 89.1856460571289 69.3684310913086
v -44.9343147277832 88.28589630126953 70.33012390136719
v -51.489383697509766 89.80012512207031 69.38346099853516
v -51.71305847167969 89.50535583496094 69.97187042236328
v -44.51632308959961 88.6996078491211 71.06843566894531
v -51.57796859741211 90.5580825805664 69.48873138427734
v -44.64810562133789 89.24119567871094 70.5760269165039
v -52.04949188232422 90.21696472167969 70.26461791992188
v -44.442081451416016 89.2177505493164 71.225830078125
v -51.62908172607422 91.54126739501953 69.81915283203125
v -44.858421325683594 90.09246063232422 70.22122192382812
v -45.02053451538086 90.8620376586914 70.29456329345703
v -52.03111267089844 90.93748474121094 70.1593017578125
v -51.12792205810547 92.30916595458984 69.64167022705078
v -45.46178436279297 91.45580291748047 69.96540832519531
v -45.950660705566406 92.30650329589844 69.92781829833984
v -45.08042526245117 91.19153594970703 70.60489654541016
v -50.91289520263672 92.8594970703125 70.25286102294922
v -46.31102752685547 92.75434112548828 69.90555572509766
v -50.21473693847656 93.34019470214844 70.00091552734375
v -49.44260025024414 93.6315689086914 69.84492492675781
v -46.6571044921875 93.13742065429688 70.25630950927734
v -46.08769607543945 92.71399688720703 70.34524536132812
v -48.987266540527344 93.97256469726562 70.47987365722656
v -47.474212646484375 93.50411987304688 69.95765686035156
v -48.320777893066406 93.98435974121094 70.42269897460938
v -47.76537322998047 93.8417739868164 70.36743927001953
v -49.41814041137695 85.93460845947266 70.78514862060547
v -48.71908187866211 85.65067291259766 70.88909149169922
v -48.0714225769043 85.62355041503906 70.60990142822266
v -47.37818145751953 85.61261749267578 70.71339416503906
v -49.99782180786133 86.3394775390625 70.52894592285156
v -46.88517761230469 85.71171569824219 71.11058044433594
v -50.436866760253906 86.71422576904297 70.99535369873047
v -46.35401153564453 86.1956558227539 70.5387954711914
v -49.93115997314453 86.16001892089844 71.09746551513672
v -50.80059814453125 87.49089813232422 70.22206115722656
v -45.71682357788086 86.67094421386719 71.03694915771484
v -51.35963821411133 88.43649291992188 70.25141906738281
v -45.10057067871094 87.46600341796875 71.30963134765625
v -51.791542053222656 88.91282653808594 70.64460754394531
v -44.666622161865234 88.15452575683594 71.20600128173828
v -51.62736129760742 88.3685073852539 71.05867767333984
v -52.051544189453125 89.5341567993164 70.73611450195312
v -44.46991729736328 88.42240142822266 71.56021881103516
v -52.273441314697266 90.15229034423828 70.8903579711914
v -52.26392364501953 90.62037658691406 70.57614135742188
v -44.38395309448242 88.86105346679688 71.6458740234375
v -44.43536376953125 89.38941955566406 71.77420806884766
v -52.249488830566406 91.0787353515625 70.681884765625
v -44.58757781982422 89.80850219726562 71.14196014404297
v -51.99201583862305 91.47796630859375 70.38777923583984
v -51.58799362182617 92.10824584960938 70.52015686035156
v -44.865135192871094 90.69327545166016 71.06060791015625
v -45.23896789550781 91.54096221923828 71.13530731201172
v -51.1318244934082 92.72886657714844 71.22040557861328
v -45.6938591003418 92.23416900634766 70.6775131225586
v -50.4298095703125 93.33428955078125 70.9155044555664
v -49.68879699707031 93.749267578125 70.6513900756836
v -46.60850143432617 93.30945587158203 71.16138458251953
v -46.10120391845703 92.81546020507812 70.98475646972656
v -49.10651779174805 93.99860382080078 71.21905517578125
v -47.1887092590332 93.64301300048828 70.68360900878906
v -48.47122573852539 94.07630157470703 71.07548522949219
v -47.72603988647461 93.92314910888672 71.06702423095703
v -47.07579803466797 93.64944458007812 71.35172271728516
v -48.892433166503906 85.64376831054688 71.67328643798828
v -48.249542236328125 85.49068450927734 71.37193298339844
v -47.53873062133789 85.48405456542969 71.44937133789062
v -49.57215881347656 85.90546417236328 71.50891876220703
v -46.96379089355469 85.60610961914062 71.82942199707031
v -50.546791076660156 86.77024841308594 72.00131225585938
v -50.02025604248047 86.24471282958984 71.77600860595703
v -46.34675216674805 86.04791259765625 71.72726440429688
v -47.35420227050781 85.49089813232422 72.20890808105469
v -51.13353729248047 87.58108520507812 71.49217987060547
v -45.668556213378906 86.7363052368164 72.09959411621094
v -51.65238952636719 88.24950408935547 71.65856170654297
v -50.859954833984375 87.12355041503906 72.2426528930664
v -51.93430709838867 88.88834381103516 71.37206268310547
v -45.12457275390625 87.44489288330078 72.38217163085938
v -44.688114166259766 87.97651672363281 71.84862518310547
v -51.818115234375 88.57683563232422 72.0528564453125
v -52.188377380371094 89.66119384765625 71.43695831298828
v -44.46677017211914 88.46272277832031 72.07728576660156
v -52.32244110107422 90.25643920898438 71.41387176513672
v -52.35883712768555 90.66697692871094 71.03465270996094
v -44.40897750854492 88.9449234008789 72.20145416259766
v -44.508087158203125 89.36262512207031 72.35359954833984
v -52.28782653808594 90.74847412109375 71.59664154052734
v -44.531246185302734 89.0023193359375 72.66155242919922
v -52.30670166015625 91.08760070800781 71.14613342285156
v -44.696983337402344 90.03468322753906 72.05914306640625
v -52.08238983154297 91.53265380859375 70.9628677368164
v -52.155799865722656 91.29508972167969 71.53176879882812
v -51.72714614868164 91.91925048828125 71.65923309326172
v -45.04423904418945 91.00767517089844 71.99232482910156
v -45.29166030883789 91.6160888671875 71.8978500366211
v -45.457000732421875 91.50177001953125 72.66133880615234
v -51.15068817138672 92.56808471679688 72.25218963623047
v -45.677974700927734 92.21269226074219 71.70345306396484
v -50.57670593261719 93.15971374511719 71.90476989746094
v -49.73196029663086 93.65428161621094 71.70670318603516
v -46.198123931884766 92.88760375976562 71.7172622680664
v -50.67341613769531 92.93623352050781 72.67134857177734
v -46.17469787597656 92.49541473388672 72.69708251953125
v -49.00212860107422 93.90715789794922 71.90642547607422
v -46.67860412597656 93.27841186523438 71.93096923828125
v -48.61574172973633 94.0475082397461 71.63719940185547
v -48.03080749511719 93.95122528076172 71.74571990966797
v -47.32660675048828 93.6849365234375 71.88876342773438
v -48.41380310058594 93.82878112792969 72.27891540527344
v -47.665985107421875 93.60563659667969 72.5125732421875
v -46.932613372802734 93.21353149414062 72.6386489868164
v -48.705116271972656 85.69051361083984 72.65591430664062
v -48.02997589111328 85.4864501953125 72.2121810913086
v -49.425804138183594 85.9075698852539 72.25616455078125
v -47.47993850708008 85.58334350585938 72.8570556640625
v -49.949867248535156 86.40995025634766 72.84335327148438
v -46.88997268676758 85.74055480957031 72.53276824951172
v -46.3173942565918 86.23159790039062 72.81785583496094
v -49.21839141845703 85.98347473144531 73.01203918457031
v -50.57939147949219 86.90717315673828 72.69793701171875
v -45.77635192871094 86.9307861328125 73.19447326660156
v -50.96527862548828 87.46383666992188 72.78633117675781
v -46.407039642333984 86.3925552368164 73.56918334960938
v -51.47419738769531 88.08385467529297 72.36725616455078
v -45.178321838378906 87.76658630371094 73.1615982055664
v -51.72182083129883 88.70922088623047 72.72996520996094
v -44.73542022705078 88.06179809570312 72.54493713378906
v -52.011993408203125 89.1926040649414 72.11172485351562
v -44.545902252197266 88.57613372802734 72.61768341064453
v -44.72142791748047 88.75084686279297 73.02471160888672
v -44.8181037902832 88.31404876708984 73.03787994384766
v -52.1455078125 90.0788803100586 72.1329345703125
v -44.802425384521484 89.38780975341797 72.96467590332031
v -51.97465896606445 91.0429916381836 72.32784271240234
v -45.10325241088867 90.41211700439453 73.00245666503906
v -45.48077392578125 90.9159927368164 73.50076293945312
v -45.42063903808594 90.30323791503906 73.79991149902344
v -51.47770309448242 91.82992553710938 72.87539672851562
v -45.86994934082031 91.57038116455078 73.56263732910156
v -50.9302864074707 92.452880859375 73.19473266601562
v -46.34724426269531 92.14594268798828 73.73090362548828
v -51.19367218017578 92.00870513916016 73.45233154296875
v -50.43101501464844 92.8867416381836 73.22105407714844
v -46.686283111572266 92.72306823730469 73.31855010986328
v -50.01857376098633 93.25837707519531 72.75243377685547
v -49.053707122802734 93.54304504394531 72.71437072753906
v -48.11509704589844 93.39824676513672 73.0904312133789
v -47.30870819091797 93.08928680419922 73.28431701660156
v -50.005271911621094 92.97017669677734 73.48775482177734
v -48.02578353881836 85.62467193603516 73.07374572753906
v -48.536041259765625 85.95835876464844 73.52220916748047
v -47.59177780151367 85.67716217041016 73.31465911865234
v -49.823646545410156 86.61011505126953 73.67211151123047
v -49.31980514526367 86.29585266113281 73.61167907714844
v -47.09104919433594 85.98809051513672 73.50719451904297
v -47.81111145019531 85.83283996582031 73.57669067382812
v -50.31037521362305 87.05952453613281 73.55513000488281
v -46.688045501708984 86.34812927246094 73.922119140625
v -50.798744201660156 87.63507080078125 73.60708618164062
v -46.35614013671875 86.81272888183594 74.06637573242188
v -49.863983154296875 86.86444854736328 73.98924255371094
v -49.442237854003906 86.7020263671875 74.13146209716797
v -47.014835357666016 86.47544860839844 74.23443603515625
v -51.20195388793945 88.23409271240234 73.42417907714844
v -45.75349044799805 87.5450210571289 73.89738464355469
v -51.56028747558594 88.984130859375 73.38632202148438
v -50.82417297363281 87.94602966308594 73.90911102294922
v -46.28238296508789 87.39237976074219 74.46478271484375
v -51.87657165527344 89.45512390136719 72.87865447998047
v -45.231712341308594 88.54063415527344 73.63713836669922
v -51.549095153808594 89.66813659667969 73.6343994140625
v -45.99210739135742 88.10459899902344 74.43736267089844
v -51.850006103515625 90.28025817871094 73.05953979492188
v -45.275699615478516 89.59195709228516 73.73161315917969
v -45.68423080444336 89.86931610107422 74.2523422241211
v -51.470638275146484 90.45668029785156 73.80721282958984
v -45.7864990234375 89.05370330810547 74.36974334716797
v -51.64109802246094 91.03031921386719 73.32499694824219
v -45.8857307434082 90.6800537109375 74.20225524902344
v -51.245086669921875 91.51695251464844 73.75270080566406
v -51.39749526977539 90.98003387451172 73.85551452636719
v -50.880958557128906 92.07044982910156 73.83480072021484
v -46.27370834350586 91.49044036865234 74.25017547607422
v -50.32455825805664 92.48495483398438 73.88168334960938
v -46.533512115478516 91.95480346679688 74.21456146240234
v -50.570003509521484 92.07178497314453 74.16716003417969
v -46.85203552246094 91.64523315429688 74.6142349243164
v -49.70310592651367 92.77314758300781 73.92957305908203
v -46.93946838378906 92.40380859375 74.00006866455078
v -49.41995620727539 93.11897277832031 73.4863510131836
v -48.60303497314453 93.07081604003906 73.66317749023438
v -47.754215240478516 92.81770324707031 73.88052368164062
v -49.0783576965332 92.68990325927734 74.15215301513672
v -48.28673553466797 92.47319793701172 74.3759765625
v -47.50823211669922 92.14311218261719 74.52898406982422
v -47.8232536315918 86.29139709472656 74.13863372802734
v -48.73298263549805 86.48007202148438 74.19205474853516
v -47.42513656616211 86.76724243164062 74.63552856445312
v -49.68965148925781 87.29161071777344 74.3789291381836
v -48.985713958740234 86.99004364013672 74.56706237792969
v -46.82638168334961 87.0290756225586 74.6295394897461
v -48.150089263916016 86.98808288574219 74.75013732910156
v -50.394798278808594 87.72235107421875 74.14314270019531
v -46.6705322265625 87.71658325195312 74.85590362548828
v -50.657196044921875 88.38098907470703 74.24212646484375
v -49.76449966430664 88.29314422607422 74.79682922363281
v -48.77208709716797 87.72980499267578 74.98303985595703
v -47.89963912963867 87.67127227783203 75.13514709472656
v -47.3566780090332 87.33231353759766 74.96137237548828
v -51.110408782958984 89.04596710205078 74.0218505859375
v -46.50252914428711 88.5943374633789 74.90271759033203
v -50.308441162109375 89.2765121459961 74.7426528930664
v -49.46407699584961 89.14944458007812 75.19348907470703
v -48.80654525756836 88.72752380371094 75.29094696044922
v -47.982582092285156 88.40177917480469 75.30990600585938
v -47.24760437011719 88.0919418334961 75.16814422607422
v -51.009803771972656 89.93059539794922 74.29669189453125
v -46.36327362060547 89.72869873046875 74.79528045654297
v -50.30477523803711 90.34478759765625 74.81653594970703
v -49.545143127441406 89.93656921386719 75.20933532714844
v -48.78610610961914 89.60302734375 75.42688751220703
v -48.01447677612305 89.31747436523438 75.42794799804688
v -47.2010383605957 89.02687072753906 75.23832702636719
v -50.9676628112793 90.87896728515625 74.28945922851562
v -46.572914123535156 90.79339599609375 74.77227020263672
v -50.727272033691406 91.64384460449219 74.26734924316406
v -47.154876708984375 91.01544189453125 75.05245208740234
v -50.24175262451172 91.22863006591797 74.710205078125
v -49.53709411621094 90.82750701904297 75.10587310791016
v -48.76717758178711 90.44976043701172 75.36231994628906
v -48.12764358520508 90.08334350585938 75.44367980957031
v -47.289920806884766 90.12615203857422 75.23505401611328
v -50.197330474853516 91.93164825439453 74.44559478759766
v -47.446712493896484 91.52204132080078 74.95481872558594
v -49.62791061401367 92.30949401855469 74.39205932617188
v -48.881439208984375 92.0683364868164 74.70907592773438
v -48.09268569946289 91.76731872558594 74.90744018554688
v -49.54533386230469 91.63903045654297 74.83257293701172
v -48.769039154052734 91.29902648925781 75.12149810791016
v -47.908958435058594 90.90998077392578 75.24880981445312
v 57.58830642700195 5.9677042961120605 103.40234375
v 57.99228286743164 5.962855815887451 103.58304595947266
v 57.372291564941406 6.413641452789307 103.34263610839844
v 57.79905319213867 6.430451393127441 103.50357818603516
v 57.4048957824707 5.65236234664917 103.48771667480469
v 57.82373809814453 5.449202537536621 103.69452667236328
v 57.12467575073242 5.291593074798584 103.80838775634766
v 57.64995193481445 5.072142601013184 103.91744995117188
v 56.992286682128906 6.058730602264404 103.42427062988281
v 58.24618148803711 5.732604503631592 103.82553100585938
v 53.390045166015625 6.558344841003418 104.00959777832031
v 54.27867889404297 6.43243932723999 103.8217544555664
v 55.290706634521484 6.203110218048096 103.72376251220703
v 56.25808334350586 5.779420375823975 103.68582916259766
v 58.545982360839844 5.750805854797363 104.22016143798828
v 56.95964813232422 6.717752456665039 103.390869140625
v 58.322059631347656 6.365193843841553 103.99412536621094
v 57.42409133911133 6.9514479637146 103.52005767822266
v 57.914085388183594 6.978697299957275 103.80859375
v 53.018218994140625 7.373764991760254 104.00164031982422
v 53.815284729003906 7.109580993652344 103.77925872802734
v 54.808650970458984 7.31251335144043 103.6627197265625
v 56.13969039916992 6.765077590942383 103.52323150634766
v 58.66248321533203 6.134185791015625 104.40232849121094
v 52.5463752746582 7.911237716674805 104.18473815917969
v 53.0220947265625 8.011589050292969 103.99913787841797
v 53.74241256713867 7.848306179046631 103.82705688476562
v 55.8370361328125 7.90048360824585 103.74646759033203
v 56.789817810058594 7.420128345489502 103.63746643066406
v 57.55788040161133 7.719738483428955 104.03107452392578
v 55.93929672241211 8.616106986999512 104.05918884277344
v 56.69059753417969 8.390192985534668 104.12950897216797
v 56.80989456176758 4.76301908493042 104.48857879638672
v 57.51960372924805 4.814131259918213 104.31108856201172
v 56.36446762084961 5.159512996673584 104.05952453613281
v 57.981624603271484 4.985863208770752 104.14701080322266
v 53.03837966918945 5.972824573516846 104.41271209716797
v 53.81724166870117 5.838554382324219 104.17638397216797
v 54.7068977355957 5.647522926330566 104.07647705078125
v 55.612823486328125 5.395651817321777 104.04682922363281
v 58.30709457397461 5.311678886413574 104.09618377685547
v 52.87730026245117 5.52512788772583 104.83504486083984
v 58.314208984375 4.9697065353393555 104.50374603271484
v 52.629966735839844 6.688169956207275 104.3716812133789
v 58.58867263793945 5.3040385246276855 104.65120697021484
v 52.31878662109375 7.402759075164795 104.40823364257812
v 58.78911209106445 5.860825538635254 104.8373031616211
v 52.144954681396484 7.939180374145508 104.5333251953125
v 55.020694732666016 8.105988502502441 103.75543212890625
v 58.754817962646484 6.633029460906982 104.87316131591797
v 52.38888168334961 8.259406089782715 104.39215087890625
v 54.432594299316406 8.074522018432617 103.76588439941406
v 55.36790084838867 8.55990219116211 103.96575164794922
v 58.285911560058594 7.388403415679932 104.4612808227539
v 52.73171615600586 8.294049263000488 104.19805908203125
v 53.304264068603516 8.474684715270996 104.16175842285156
v 54.00405502319336 8.416025161743164 103.96194458007812
v 58.00192642211914 8.123885154724121 104.56239318847656
v 54.643009185791016 8.565443992614746 103.98302459716797
v 55.62527084350586 8.89649772644043 104.19547271728516
v 57.54828643798828 8.621108055114746 104.64622497558594
v 56.051841735839844 9.175896644592285 104.55240631103516
v 56.89351272583008 9.063720703125 104.6803970336914
v 53.23902130126953 8.911410331726074 104.60308837890625
v 53.99576187133789 8.940815925598145 104.40361022949219
v 55.0558967590332 9.092328071594238 104.41400146484375
v 58.031707763671875 8.511553764343262 104.88317108154297
v 56.016510009765625 9.764703750610352 105.16646575927734
v 56.6451530456543 9.59017276763916 105.12203979492188
v -43.13926315307617 16.794143676757812 96.74112701416016
v 52.608131408691406 5.331360340118408 105.43013000488281
v 56.39651870727539 4.387397766113281 105.38119506835938
v 57.340091705322266 4.495825290679932 105.07060241699219
v 57.9692497253418 4.701828956604004 104.76131439208984
v 52.36845016479492 6.012258529663086 104.90979766845703
v 53.19404602050781 5.136561393737793 105.12555694580078
v 55.9739875793457 4.821918487548828 104.56880187988281
v 58.40057373046875 4.881473064422607 105.15396881103516
v 53.4609375 5.387465000152588 104.64046478271484
v 54.2508544921875 5.200246334075928 104.5680923461914
v 55.11746597290039 5.0028204917907715 104.5487289428711
v 52.05906677246094 5.725152969360352 105.4491195678711
v 53.85683822631836 4.9002509117126465 105.14722442626953
v 54.72054672241211 4.676023006439209 105.19467163085938
v 55.515525817871094 4.559128761291504 105.14661407470703
v 52.00062561035156 6.865231513977051 104.93286895751953
v 58.760833740234375 5.361223220825195 105.46534729003906
v 51.82945251464844 6.21470308303833 105.36784362792969
v 51.95066452026367 7.5559258460998535 104.82295227050781
v 59.02150344848633 6.153069019317627 105.79420471191406
v 51.893924713134766 7.9759111404418945 104.9670639038086
v 59.035804748535156 6.980642795562744 105.72069549560547
v 52.16030502319336 8.327013969421387 104.75318908691406
v 58.7656364440918 7.563776016235352 105.36345672607422
v 52.66219711303711 8.607985496520996 104.58309173583984
v 59.06627655029297 7.5754075050354 106.09625244140625
v 52.8924674987793 9.021576881408691 105.14141082763672
v 58.362632751464844 8.201091766357422 105.10370635986328
v 53.541175842285156 9.247781753540039 104.95606231689453
v 54.32679748535156 9.550664901733398 105.10215759277344
v 55.332977294921875 9.66351318359375 105.0340576171875
v 58.026893615722656 8.927456855773926 105.42513275146484
v 55.60790252685547 10.050971984863281 105.55804443359375
v 57.33635711669922 9.330312728881836 105.19185638427734
v 56.331485748291016 10.091804504394531 105.76251220703125
v 57.03265380859375 9.821577072143555 105.61317443847656
v 54.16563034057617 9.949203491210938 105.80574798583984
v 54.887779235839844 10.040640830993652 105.64875793457031
v -43.139015197753906 16.793750762939453 96.74110412597656
v -43.13905334472656 16.793296813964844 96.74049377441406
v -43.139408111572266 16.79292106628418 96.7407455444336
v -43.13932418823242 16.793012619018555 96.73994445800781
v -45.776126861572266 16.922996520996094 96.7363510131836
v -45.46183776855469 16.946489334106445 96.76695251464844
v 52.08650588989258 5.4514641761779785 106.00942993164062
v 52.69107437133789 5.042851448059082 106.17163848876953
v 53.41924285888672 4.791639804840088 105.87421417236328
v 54.314659118652344 4.514515399932861 105.79882049560547
v 55.375404357910156 4.198687553405762 106.19493865966797
v 56.43648147583008 4.102756500244141 106.3245620727539
v 57.175899505615234 4.249722957611084 106.00870513916016
v 57.907981872558594 4.514297008514404 105.63898468017578
v -48.302146911621094 18.042461395263672 97.02197265625
v -45.792022705078125 17.279096603393555 96.74063110351562
v -43.13911819458008 16.792465209960938 96.7393569946289
v 55.478702545166016 3.8926408290863037 107.0910873413086
v 51.76900100708008 5.855335235595703 105.75484466552734
v 58.4391975402832 4.839456081390381 106.13358306884766
v 51.57193374633789 6.297089099884033 105.90104675292969
v 58.88959884643555 5.416663646697998 106.46319580078125
v 51.6602897644043 6.732962608337402 105.49047088623047
v 51.739906311035156 7.4995317459106445 105.50239562988281
v 59.173038482666016 6.015145301818848 106.78558349609375
v 51.820377349853516 8.037948608398438 105.27349853515625
v 51.539161682128906 6.862551689147949 105.87422943115234
v 51.9600944519043 8.284804344177246 105.12373352050781
v 59.280250549316406 6.937837600708008 106.70553588867188
v 52.2947998046875 8.612407684326172 105.17152404785156
v 59.2012825012207 7.820107460021973 106.64141082763672
v 51.96543502807617 8.242083549499512 105.59078216552734
v 52.49306869506836 8.874704360961914 106.01055908203125
v 58.77442932128906 8.458850860595703 106.2359848022461
v 53.42251205444336 9.529474258422852 105.7208023071289
v 58.195987701416016 9.365005493164062 106.29074096679688
v 59.19095230102539 8.207715034484863 106.89279174804688
v 53.80791091918945 10.049129486083984 106.47356414794922
v 57.61285400390625 9.662752151489258 105.90006256103516
v 54.52277374267578 10.251753807067871 106.24230194091797
v 55.4272346496582 10.412532806396484 106.35997772216797
v 56.37925338745117 10.445029258728027 106.49282836914062
v 57.05119705200195 10.158886909484863 106.2527847290039
v 57.776790618896484 10.028585433959961 106.79732513427734
v 55.25382614135742 10.721165657043457 107.22418975830078
v 56.026676177978516 10.704717636108398 107.11871337890625
v 56.97995376586914 10.531024932861328 107.09933471679688
v 57.65177536010742 10.424412727355957 107.42835235595703
v -44.60841751098633 15.237432479858398 97.89974212646484
v -45.902774810791016 16.710582733154297 96.8292465209961
v -45.56378173828125 16.55567169189453 96.89142608642578
v -43.139404296875 16.792760848999023 96.74101257324219
v -46.072898864746094 16.279651641845703 97.13743591308594
v -45.14948272705078 15.942256927490234 97.3541030883789
v -44.49225997924805 15.824724197387695 97.7224349975586
v -42.491703033447266 15.285082817077637 98.10176086425781
v -46.27988815307617 17.107017517089844 96.86107635498047
v -45.19068145751953 16.603490829467773 96.98307800292969
v -43.13900375366211 16.792390823364258 96.74018859863281
v -43.139625549316406 16.792236328125 96.73987579345703
v -48.475486755371094 17.86455535888672 97.13524627685547
v -45.18592834472656 17.000703811645508 96.93128204345703
v 55.22435760498047 3.834106922149658 107.40293884277344
v -47.19304656982422 16.87868309020996 97.16471862792969
v -44.775291442871094 16.62636375427246 97.35386657714844
v -43.13934326171875 16.79140281677246 96.7394790649414
v -48.45469284057617 18.12407684326172 97.06808471679688
v -47.953399658203125 17.72691535949707 97.07406616210938
v -46.19352340698242 17.668140411376953 96.88602447509766
v -45.45033645629883 17.290761947631836 96.81019592285156
v -43.13924026489258 16.791675567626953 96.73936462402344
v -43.13941955566406 16.792024612426758 96.73894500732422
v 55.03873825073242 3.9757516384124756 106.98541259765625
v 55.59355926513672 3.818474531173706 107.64202117919922
v -48.192771911621094 18.205615997314453 97.17115783691406
v -45.733489990234375 17.626937866210938 96.88597869873047
v -43.13914108276367 16.791433334350586 96.7380599975586
v 51.90915298461914 5.561529636383057 106.55189514160156
v 52.38551330566406 5.210583686828613 106.73725128173828
v 53.256385803222656 4.724437713623047 106.98184967041016
v 54.3297004699707 4.292699337005615 106.74173736572266
v 56.15114974975586 3.950528621673584 107.17719268798828
v 56.95154571533203 4.081711292266846 106.84164428710938
v 57.75436782836914 4.367303371429443 106.81175231933594
v -48.69847869873047 18.12485694885254 97.30364990234375
v -47.1158447265625 17.924856185913086 97.08937072753906
v -45.236183166503906 17.507341384887695 97.14181518554688
v -44.474327087402344 17.391883850097656 97.70390319824219
v -43.13947677612305 16.791486740112305 96.73841094970703
v 51.68743896484375 5.823372840881348 106.19660186767578
v 58.496681213378906 4.879208564758301 107.35606384277344
v -47.86273193359375 18.598979949951172 97.49900817871094
v -47.07132339477539 18.61369514465332 97.42901611328125
v -46.11568832397461 18.235286712646484 97.26544952392578
v -45.15458297729492 18.210861206054688 97.59313201904297
v 51.699954986572266 5.88754940032959 106.6614990234375
v 52.05176544189453 5.7009077072143555 107.24041748046875
v 52.70476150512695 5.124807357788086 107.59407806396484
v 57.86756134033203 4.405928134918213 107.82616424560547
v 51.552490234375 6.174077033996582 106.40409088134766
v 59.012516021728516 5.523257732391357 107.35596466064453
v 51.67298126220703 6.401667594909668 106.95397186279297
v 51.515235900878906 6.644430160522461 106.33704376220703
v 59.31729507446289 6.181863784790039 107.71052551269531
v 51.58693313598633 7.192180156707764 106.19403076171875
v 51.6205940246582 7.053969860076904 106.70227813720703
v 59.574974060058594 6.632193565368652 108.40011596679688
v 51.885414123535156 7.89333438873291 106.56980895996094
v 59.514190673828125 6.984994411468506 107.69930267333984
v 59.64524841308594 7.414625644683838 108.33351135253906
v 52.384986877441406 8.874929428100586 107.24642181396484
v 59.41914367675781 7.784210681915283 107.412353515625
v 53.022613525390625 9.571228981018066 106.75313568115234
v 59.14644241333008 8.622135162353516 107.36982727050781
v 59.51726150512695 8.351856231689453 108.36001586914062
v 53.51275634765625 10.104081153869629 107.39635467529297
v 58.550575256347656 9.460182189941406 107.21629333496094
v 54.44694900512695 10.468624114990234 107.08132934570312
v 59.068748474121094 9.205462455749512 108.18801879882812
v 59.418025970458984 8.961884498596191 108.87533569335938
v 54.84043884277344 10.779940605163574 107.8619155883789
v 58.10419464111328 10.133709907531738 107.50541687011719
v 55.62405776977539 10.882207870483398 107.8268051147461
v 56.49028015136719 10.814123153686523 107.84150695800781
v 57.31694030761719 10.648722648620605 107.87474822998047
v 57.890045166015625 10.412153244018555 107.89749908447266
v -44.799705505371094 14.713252067565918 98.27943420410156
v -45.09923553466797 15.206594467163086 97.77861022949219
v -44.228397369384766 14.782666206359863 98.40315246582031
v -46.190303802490234 15.7127103805542 97.4971923828125
v -45.68584060668945 15.504863739013672 97.58341979980469
v -42.49179458618164 15.284687995910645 98.10213470458984
v -46.30914306640625 15.240036964416504 98.02967834472656
v -45.436973571777344 14.972553253173828 98.02931213378906
v -43.99681854248047 14.510588645935059 98.69561767578125
v -46.74287796020508 15.999382972717285 97.46199798583984
v -44.17267990112305 15.338593482971191 98.16394805908203
v -42.49212646484375 15.285116195678711 98.10211944580078
v -42.491371154785156 15.285012245178223 98.1021957397461
v -47.2833137512207 16.27240753173828 97.43132019042969
v -42.491695404052734 15.285439491271973 98.10218048095703
v -49.25851058959961 16.3897762298584 98.35196685791016
v -47.41455078125 15.781603813171387 97.86795806884766
v -42.491783142089844 15.285045623779297 98.1025390625
v -47.738441467285156 16.482900619506836 97.48019409179688
v -44.00657653808594 16.18302345275879 98.13705444335938
v -48.92477798461914 17.676488876342773 97.49861145019531
v -48.289363861083984 17.165307998657227 97.36747741699219
v 55.20640563964844 3.8236196041107178 107.74540710449219
v -49.71406173706055 16.93099594116211 98.2840347290039
v -49.083892822265625 17.024139404296875 97.84915924072266
v -48.40207290649414 16.331012725830078 97.89291381835938
v -43.44320297241211 16.60875701904297 98.68415069580078
v -49.126216888427734 18.052978515625 97.70738983154297
v -43.856689453125 17.130159378051758 98.19600677490234
v 54.825439453125 3.9676034450531006 107.48313903808594
v 55.426856994628906 3.857330799102783 108.08909606933594
v -48.731361389160156 18.46150779724121 97.721923828125
v -44.07783508300781 17.800018310546875 98.10740661621094
v 54.24753952026367 4.2983012199401855 107.95614624023438
v 56.04801940917969 3.929114580154419 108.20954132080078
v 57.041526794433594 4.102049350738525 107.80987548828125
v -49.53786087036133 17.56958770751953 98.06977844238281
v -43.54649353027344 17.644245147705078 98.67286682128906
v 54.98986053466797 3.944545269012451 108.01383209228516
v -48.36954116821289 18.93962860107422 98.08583068847656
v -44.530059814453125 18.168045043945312 97.89724731445312
v 53.342586517333984 4.725105285644531 107.92135620117188
v 57.55649948120117 4.343686103820801 108.65373992919922
v -47.51419448852539 19.056997299194336 97.90656280517578
v -46.69221878051758 18.946043014526367 97.74044036865234
v -45.827049255371094 19.000699996948242 97.97146606445312
v -44.928897857666016 18.70659637451172 98.02679443359375
v 52.487876892089844 5.659578800201416 108.34770965576172
v 53.044883728027344 5.055690765380859 108.38912200927734
v 58.209632873535156 4.683425426483154 108.35944366455078
v -44.217735290527344 18.537256240844727 98.41551208496094
v -43.5388069152832 18.5478458404541 99.0462417602539
v 51.97782897949219 6.378774166107178 107.88532257080078
v 58.83639144897461 5.34894323348999 108.4802017211914
v 59.3527946472168 6.032310485839844 108.59288024902344
v -46.00709533691406 19.626192092895508 98.57682037353516
v -45.05996322631836 19.360620498657227 98.61531066894531
v -44.107357025146484 19.238779067993164 99.0257339477539
v 52.22041702270508 6.342329502105713 108.71061706542969
v 51.802337646484375 7.156745910644531 107.43997192382812
v 59.51531219482422 6.354144096374512 109.01678466796875
v 52.041290283203125 8.052753448486328 107.8996353149414
v 59.67238998413086 6.962225914001465 109.05491638183594
v 52.4112434387207 8.953137397766113 108.50321197509766
v 59.73347091674805 7.755391597747803 109.1046142578125
v 52.8477668762207 9.599493980407715 107.77885437011719
v 53.26483154296875 10.039512634277344 108.21126556396484
v 59.671756744384766 8.487322807312012 109.25727081298828
v 53.999908447265625 10.455666542053223 108.19486236572266
v 58.966033935546875 9.514442443847656 109.10060119628906
v 59.466407775878906 8.996898651123047 109.43753051757812
v 52.86632537841797 9.654035568237305 108.6219482421875
v 54.67448043823242 10.785238265991211 108.61100769042969
v 58.416160583496094 9.980878829956055 108.21134185791016
v 55.240760803222656 10.925336837768555 108.36095428466797
v 55.980804443359375 10.91069221496582 108.65675354003906
v 56.96414566040039 10.765312194824219 108.53546142578125
v 57.747314453125 10.49133014678955 108.46407318115234
v 56.07686233520508 10.807086944580078 109.3466796875
v -46.54135513305664 14.670575141906738 99.06261444091797
v -45.42947769165039 14.563315391540527 98.6904296875
v -44.77301788330078 14.39959716796875 98.71058654785156
v -44.31964874267578 14.402432441711426 98.71334838867188
v -47.09980773925781 15.176995277404785 98.39713287353516
v -44.01896667480469 14.357429504394531 98.79234313964844
v -49.59831619262695 16.197805404663086 99.00323486328125
v -47.5659294128418 15.373945236206055 98.32952117919922
v -43.915382385253906 14.47102165222168 98.82908630371094
v -47.618289947509766 15.089372634887695 98.8885498046875
v -44.085330963134766 14.393324851989746 99.04589080810547
v -49.816070556640625 16.56711196899414 98.57174682617188
v -49.039100646972656 15.872010231018066 98.80033874511719
v -48.05392837524414 15.625664710998535 98.33158111572266
v -43.80659103393555 14.954262733459473 98.89962768554688
v -50.049781799316406 16.822954177856445 98.59432983398438
v -48.687843322753906 15.911466598510742 98.40404510498047
v -43.46978759765625 15.800415992736816 98.83277893066406
v -50.025848388671875 16.57990074157715 98.84017944335938
v -48.449798583984375 15.47845458984375 98.87788391113281
v -43.292396545410156 15.39917278289795 99.36133575439453
v -50.027862548828125 17.208534240722656 98.56092834472656
v -43.097137451171875 16.057708740234375 99.31168365478516
v -49.912906646728516 17.725069046020508 98.68852996826172
v -43.020416259765625 16.92901611328125 99.2935791015625
v -49.418209075927734 18.175310134887695 98.26199340820312
v -49.07624053955078 18.697105407714844 98.45069122314453
v 54.470603942871094 4.420010089874268 109.04443359375
v 55.30164337158203 4.0750203132629395 108.69488525390625
v 56.034271240234375 4.02408504486084 108.87467956542969
v 56.6993293762207 4.123226642608643 108.92414855957031
v -48.71712112426758 19.090837478637695 98.65184020996094
v -43.01875305175781 17.852828979492188 99.41722106933594
v 53.685977935791016 4.711183071136475 108.69705200195312
v 57.25864791870117 4.392099857330322 109.414306640625
v -48.028926849365234 19.32727813720703 98.5708236694336
v -46.903377532958984 19.504926681518555 98.46240997314453
v -43.07163619995117 18.66366958618164 99.69187927246094
v 53.25968551635742 5.331491947174072 109.37069702148438
v 58.00278854370117 4.7713704109191895 109.3189697265625
v -49.148292541503906 18.893632888793945 99.00093078613281
v 54.00018310546875 4.774800777435303 109.42489624023438
v 56.743507385253906 4.314119815826416 109.6632080078125
v -46.41130828857422 19.86441993713379 98.84455108642578
v -43.528778076171875 19.140623092651367 99.44268798828125
v 52.58246994018555 5.994513034820557 109.2249984741211
v 58.61384582519531 5.312517166137695 109.67002868652344
v -45.83517074584961 20.069820404052734 99.29656219482422
v -44.62744903564453 19.928430557250977 99.45442199707031
v -43.866485595703125 19.60506820678711 99.5713882446289
v 52.3454704284668 6.658021926879883 109.45722961425781
v 59.16657638549805 5.853260517120361 109.31379699707031
v -46.858402252197266 19.986289978027344 99.26296997070312
v 52.03852462768555 7.166006565093994 108.60200500488281
v 59.43552780151367 6.480730056762695 109.66228485107422
v -45.897361755371094 20.499645233154297 100.08097839355469
v -45.17460632324219 20.421804428100586 99.97256469726562
v 52.144798278808594 8.11860179901123 109.01045989990234
v 59.654083251953125 7.251357555389404 109.7592544555664
v 52.336280822753906 8.699342727661133 109.43199157714844
v 59.73058319091797 8.013374328613281 109.81639099121094
v 52.73897171020508 9.329253196716309 109.50688934326172
v 59.63047790527344 8.635820388793945 109.88642120361328
v 53.39132308959961 10.019416809082031 109.1180191040039
v 54.20364761352539 10.47217082977295 109.18966674804688
v 55.71049499511719 10.57711124420166 109.83135986328125
v 58.474609375 9.732386589050293 109.82241821289062
v 59.206424713134766 9.130095481872559 109.98934173583984
v 53.204105377197266 9.694169044494629 109.98760223388672
v 59.52020263671875 8.689149856567383 110.32142639160156
v 54.7797737121582 10.736407279968262 109.21016693115234
v 55.618194580078125 10.862648010253906 109.2398681640625
v 56.42226028442383 10.59490966796875 109.73822021484375
v 58.20241165161133 10.147201538085938 109.08348083496094
v 55.2191276550293 10.902713775634766 108.91338348388672
v 56.681095123291016 10.740533828735352 109.21316528320312
v 57.457435607910156 10.5308198928833 109.14054107666016
v 55.19605255126953 10.765380859375 109.42633819580078
v 57.11808776855469 10.396675109863281 109.7850570678711
v 57.83036804199219 10.191302299499512 109.66886138916016
v -47.3227653503418 14.609502792358398 99.9453353881836
v -46.39080047607422 14.275455474853516 100.01335906982422
v -45.61591720581055 14.242493629455566 99.651123046875
v -44.707763671875 14.273560523986816 99.27323913574219
v -48.141971588134766 15.081140518188477 99.50225067138672
v -44.07929611206055 14.41042709350586 99.91481018066406
v -50.01887130737305 16.541669845581055 99.28971862792969
v -49.59148406982422 16.102397918701172 99.84068298339844
v -48.91795349121094 15.55828857421875 99.56153869628906
v -43.40855407714844 14.92628288269043 99.9507064819336
v -50.18349075317383 16.883703231811523 98.9150161743164
v -42.97539138793945 15.531367301940918 99.98457336425781
v -50.20009994506836 16.94074058532715 99.33866119384766
v -49.99483871459961 16.725534439086914 99.9218521118164
v -42.641963958740234 15.74515151977539 100.7147216796875
v -50.19009017944336 17.299285888671875 99.0306396484375
v -42.729347229003906 16.297346115112305 99.97634887695312
v -50.14658737182617 17.349008560180664 99.59521484375
v -42.373756408691406 16.556447982788086 100.76338195800781
v -50.08400344848633 17.7006893157959 99.189697265625
v -42.613563537597656 17.186248779296875 100.01963806152344
v -49.670654296875 18.275798797607422 99.17680358886719
v 55.20314407348633 4.389355182647705 109.60335540771484
v 56.0577507019043 4.219333648681641 109.47952270507812
v -50.03581619262695 17.796934127807617 99.49412536621094
v -42.25279998779297 17.4852294921875 100.81805419921875
v -49.263702392578125 18.854612350463867 99.50629425048828
v -42.62031555175781 18.073740005493164 100.13174438476562
v 54.55206298828125 4.619176864624023 109.71849822998047
v 56.475799560546875 4.414849758148193 109.96561431884766
v -48.66465377807617 19.275266647338867 99.29109191894531
v -47.75107955932617 19.687849044799805 99.25736999511719
v -42.743927001953125 18.759248733520508 100.27459716796875
v 53.55101013183594 5.616561412811279 110.39799499511719
v 54.22926712036133 5.070827007293701 110.15853881835938
v 57.140296936035156 4.751007556915283 110.21582794189453
v 58.07622146606445 5.043059825897217 110.0885238647461
v -49.00892639160156 19.067012786865234 100.00276184082031
v -42.342098236083984 18.41950225830078 100.8696517944336
v 55.008033752441406 4.726243019104004 110.16255187988281
v 55.92843246459961 4.63185453414917 110.2364730834961
v -47.48686599731445 20.053438186645508 99.98870849609375
v -43.2575569152832 19.410537719726562 100.1822280883789
v 52.91444396972656 6.181838512420654 110.17658233642578
v 58.425296783447266 5.343470096588135 110.24488067626953
v -46.632225036621094 20.331872940063477 99.99957275390625
v -43.979103088378906 20.01852798461914 100.03911590576172
v 52.50053405761719 6.92717170715332 110.18817138671875
v 58.826663970947266 5.906797885894775 110.2960433959961
v -42.68305969238281 19.063629150390625 100.73455047607422
v -42.430091857910156 18.966411590576172 101.21253204345703
v 53.30978775024414 5.942564010620117 110.64804077148438
v 57.20338821411133 5.26577615737915 111.00662994384766
v 57.97465133666992 5.383517265319824 110.68881225585938
v -46.31890106201172 20.63287925720215 100.70440673828125
v -44.515289306640625 20.335391998291016 100.06067657470703
v 52.22831344604492 7.490087032318115 109.74148559570312
v 59.30929183959961 6.783331871032715 110.37230682373047
v -45.49541091918945 20.690887451171875 100.64482116699219
v -44.73244094848633 20.586610794067383 100.57606506347656
v -44.17308044433594 20.373252868652344 100.4923324584961
v 52.44820785522461 7.397590160369873 110.4828109741211
v 58.86640548706055 6.488063335418701 110.88947296142578
v 52.24519729614258 8.215012550354004 109.80618286132812
v 59.51641845703125 7.5894551277160645 110.40192413330078
v 59.069698333740234 7.170172214508057 110.96306610107422
v 52.49693298339844 8.693748474121094 110.24472045898438
v 59.60654830932617 8.268186569213867 110.35625457763672
v 52.919883728027344 9.211315155029297 110.52557373046875
v 59.47216033935547 8.472352981567383 110.59168243408203
v 52.683433532714844 8.816994667053223 110.76118469238281
v 59.176212310791016 8.064945220947266 110.91250610351562
v 53.38988494873047 9.601812362670898 110.57125091552734
v 59.19332504272461 8.740213394165039 110.61540222167969
v 53.85517501831055 10.007822036743164 110.09175872802734
v 54.78690719604492 10.40389633178711 109.90630340576172
v 55.458431243896484 10.0358304977417 110.61878204345703
v 56.49534606933594 10.111380577087402 110.41254425048828
v 57.6686897277832 9.789724349975586 110.38864135742188
v 58.588504791259766 9.227836608886719 110.54290008544922
v 53.799110412597656 9.643424034118652 110.84728240966797
v 56.03813552856445 9.566755294799805 111.16278839111328
v 56.958553314208984 9.396575927734375 111.11326599121094
v 57.90289306640625 9.045002937316895 111.11304473876953
v 58.655635833740234 8.615857124328613 111.08377075195312
v -47.53308868408203 14.49356460571289 101.06122589111328
v -46.67457962036133 14.197269439697266 100.83076477050781
v -45.7995719909668 14.06141185760498 100.62223052978516
v -44.928707122802734 14.114715576171875 100.31598663330078
v -48.23650360107422 14.971823692321777 100.3582763671875
v -44.3515510559082 14.198193550109863 101.09272766113281
v -49.01051330566406 15.56455135345459 100.70929718017578
v -43.6022834777832 14.579794883728027 100.89319610595703
v -43.0316047668457 15.099477767944336 100.76029205322266
v -49.60358810424805 16.29196548461914 100.6281967163086
v -42.72637939453125 15.355517387390137 101.3839111328125
v -49.850948333740234 16.85099983215332 100.57469177246094
v -50.00783920288086 17.21351432800293 100.1801528930664
v -42.37111282348633 15.975154876708984 101.54052734375
v -49.77562713623047 17.40546989440918 100.7354736328125
v -49.890201568603516 17.815227508544922 100.00301361083984
v -42.00241470336914 16.870519638061523 101.6863784790039
v -49.472450256347656 18.52385902404785 100.06905364990234
v -49.57363510131836 18.08618927001953 100.68135070800781
v -41.6693115234375 17.346439361572266 102.22203063964844
v -48.996891021728516 18.854154586791992 100.97759246826172
v -41.94057083129883 17.86309051513672 101.6452865600586
v -48.3271369934082 19.58543586730957 100.15620422363281
v 54.26090621948242 5.6080474853515625 110.91492462158203
v 55.25053024291992 5.20934534072876 110.83525848388672
v 56.40375518798828 5.139001846313477 110.94518280029297
v -41.68409729003906 17.859567642211914 102.30220794677734
v -47.85761642456055 19.997386932373047 100.52424621582031
v -42.14905548095703 18.575952529907227 101.52123260498047
v 53.659751892089844 5.888034820556641 110.9083023071289
v 56.84525680541992 5.593050956726074 111.42243957519531
v -47.27244567871094 20.340242385864258 100.89678192138672
v -42.916194915771484 19.551374435424805 101.31129455566406
v -42.373687744140625 19.019506454467773 101.74755096435547
v 53.355064392089844 6.2951202392578125 110.9605712890625
v 57.554039001464844 5.772326469421387 111.36810302734375
v 58.309120178222656 6.05398416519165 111.11392211914062
v -48.16267013549805 19.760046005249023 101.11177062988281
v 54.09944534301758 6.24776554107666 111.39604187011719
v 55.03323745727539 5.941594123840332 111.48466491699219
v 56.047611236572266 5.740478992462158 111.50550842285156
v -46.64641189575195 20.69561004638672 101.33257293701172
v -43.623531341552734 20.070079803466797 100.75547790527344
v 52.91572570800781 7.033236980438232 110.93403625488281
v 58.469032287597656 6.734768390655518 111.3971176147461
v -45.874977111816406 20.81254005432129 101.44165802001953
v -44.98457717895508 20.753768920898438 101.27706909179688
v -44.163639068603516 20.502954483032227 101.20413970947266
v 52.571556091308594 7.6344709396362305 110.88002014160156
v -47.09334945678711 20.56848907470703 101.68001556396484
v -43.501678466796875 20.160690307617188 101.46878814697266
v 53.58319091796875 6.760719299316406 111.41976928710938
v 54.24347686767578 6.975632190704346 111.81800079345703
v 54.87250900268555 6.5916361808776855 111.8388671875
v 55.82933044433594 6.533570766448975 112.0016098022461
v 56.960044860839844 6.3156561851501465 111.87763214111328
v 57.8502082824707 6.347817897796631 111.61335754394531
v 52.38450622558594 7.97440242767334 110.47926330566406
v 58.60088348388672 7.471441268920898 111.4603500366211
v 52.64571762084961 8.389084815979004 110.9548110961914
v 52.557373046875 7.963469982147217 110.95706939697266
v 55.28719711303711 7.436482906341553 112.11531066894531
v 57.75419616699219 7.064583778381348 111.90652465820312
v 52.91840362548828 8.843537330627441 111.11347961425781
v 58.59022521972656 8.067347526550293 111.42021179199219
v 53.40494155883789 9.180356979370117 111.19744110107422
v 55.722469329833984 9.188800811767578 111.55618286132812
v 56.27774429321289 8.951363563537598 111.63346099853516
v 57.189964294433594 8.634721755981445 111.65282440185547
v 58.03251266479492 8.346963882446289 111.57198333740234
v 53.1513557434082 8.818397521972656 111.4231948852539
v 55.29624557495117 8.653304100036621 111.84809875488281
v 56.36344528198242 8.074349403381348 112.06949615478516
v 57.387840270996094 7.816190719604492 112.01325225830078
v 58.13029098510742 7.758676528930664 111.7483139038086
v 54.013954162597656 9.388785362243652 111.28282928466797
v 55.2589111328125 9.44167709350586 111.32228088378906
v 54.5096435546875 9.780267715454102 110.84843444824219
v 54.557106018066406 9.181903839111328 111.54464721679688
v -47.63810348510742 14.517426490783691 102.0255126953125
v -46.89716720581055 14.20411491394043 101.76631927490234
v -46.05345916748047 14.028704643249512 101.55970001220703
v -45.19075393676758 14.0142183303833 101.33849334716797
v -48.27904510498047 14.938140869140625 101.42357635498047
v -44.66102600097656 14.135222434997559 102.07955932617188
v -48.821075439453125 15.50030517578125 101.80064392089844
v -43.86907958984375 14.433342933654785 101.93283081054688
v -43.171287536621094 14.88414478302002 101.68360137939453
v -49.27251434326172 16.01413917541504 101.34220886230469
v -42.70975112915039 15.424449920654297 102.22789001464844
v -49.53207778930664 16.765958786010742 101.3206558227539
v -42.15941619873047 16.242366790771484 102.51504516601562
v -41.75860595703125 16.854637145996094 102.40199279785156
v -49.38985824584961 17.76531982421875 101.50772857666016
v -41.588836669921875 17.163841247558594 102.66033172607422
v -49.02327346801758 18.462194442749023 102.01622772216797
v -41.55031967163086 17.572885513305664 102.6772232055664
v -41.68281555175781 18.02555274963379 102.7573471069336
v -48.51491928100586 19.295265197753906 102.13890838623047
v -42.00828170776367 18.468488693237305 102.2273178100586
v -47.69436264038086 20.14291000366211 101.96626281738281
v -42.71078872680664 19.311561584472656 102.50445556640625
v -47.1290397644043 20.545795440673828 102.21625518798828
v -43.209510803222656 19.947341918945312 102.00228118896484
v -46.55009460449219 20.7604923248291 102.00808715820312
v -45.88274383544922 20.830394744873047 102.1724853515625
v -45.21205139160156 20.79477882385254 102.01986694335938
v -44.52710723876953 20.67279052734375 101.85016632080078
v -43.8424186706543 20.371387481689453 102.09314727783203
v 53.55839157104492 7.4422197341918945 111.67257690429688
v 54.26942825317383 7.562005996704102 112.00920867919922
v 56.56642150878906 6.844603538513184 112.29498291015625
v 57.09080505371094 6.913029670715332 112.23348236083984
v -46.81310272216797 20.627687454223633 102.5550537109375
v -43.371559143066406 19.987380981445312 102.57682037353516
v 52.89748001098633 7.859225273132324 111.29141998291016
v 54.49678039550781 8.113029479980469 112.04454040527344
v 56.08465576171875 7.079023361206055 112.32026672363281
v 57.20125961303711 7.280589580535889 112.2617416381836
v 53.027008056640625 8.46717643737793 111.43643188476562
v 56.21352767944336 7.452418327331543 112.337646484375
v 56.776031494140625 7.493765354156494 112.33489990234375
v 53.41358184814453 8.131319046020508 111.73753356933594
v 53.898887634277344 7.9254584312438965 111.96459197998047
v 56.51075744628906 7.194126605987549 112.42321014404297
v 56.84946823120117 7.13778829574585 112.39618682861328
v 53.43580627441406 8.6798734664917 111.64297485351562
v 54.423011779785156 8.68021297454834 111.8857192993164
v 53.931785583496094 8.948226928710938 111.65695190429688
v 53.90747833251953 8.420876502990723 111.91159057617188
v -47.64592361450195 14.585272789001465 102.68389129638672
v -47.08510971069336 14.342171669006348 102.57657623291016
v -46.29558563232422 14.142780303955078 102.43841552734375
v -45.46574020385742 14.04991340637207 102.24957275390625
v -48.193328857421875 15.029352188110352 102.52610778808594
v -44.980831146240234 14.194903373718262 102.8036117553711
v -48.745704650878906 15.630632400512695 102.52135467529297
v -44.276268005371094 14.413046836853027 102.86402893066406
v -43.40914535522461 14.880000114440918 102.82169342041016
v -47.78617477416992 14.792129516601562 102.9834976196289
v -47.3314323425293 14.648394584655762 103.15376281738281
v -46.54466247558594 14.447683334350586 103.20843505859375
v -45.67473602294922 14.273077011108398 103.07362365722656
v -49.123924255371094 16.21681785583496 102.15325164794922
v -42.78667068481445 15.630877494812012 103.32732391357422
v -48.8499755859375 16.067365646362305 102.84162139892578
v -43.378150939941406 15.109918594360352 103.69639587402344
v -49.282615661621094 17.040302276611328 102.11096954345703
v -42.21435546875 16.476551055908203 103.41971588134766
v -41.788124084472656 16.825387954711914 102.92654418945312
v -49.09646224975586 17.734817504882812 102.48460388183594
v -41.628597259521484 17.338964462280273 103.05302429199219
v -41.89216995239258 17.07729148864746 103.41517639160156
v -48.7899055480957 18.540115356445312 102.80571746826172
v -41.60258865356445 17.739118576049805 103.03982543945312
v -41.722591400146484 17.999021530151367 103.12459564208984
v -41.90300369262695 17.733097076416016 103.50074005126953
v -48.458839416503906 19.20506477355957 103.08473205566406
v -42.0754280090332 18.427127838134766 103.10823822021484
v -48.03727722167969 19.76743507385254 102.83209228515625
v -47.311363220214844 20.26372718811035 102.82489776611328
v -43.52735900878906 19.698156356811523 103.31596374511719
v -42.77198028564453 18.932065963745117 103.58622741699219
v -48.17708206176758 19.53299903869629 103.37059783935547
v -42.332489013671875 18.2827091217041 103.8591537475586
v -46.671852111816406 20.478422164916992 103.00074005126953
v -43.86979675292969 20.23393440246582 102.81239318847656
v -46.25432586669922 20.710901260375977 102.63510131835938
v -45.500335693359375 20.680391311645508 102.6985855102539
v -44.58511734008789 20.542247772216797 102.613525390625
v -46.02365493774414 20.418027877807617 103.23696899414062
v -45.09384536743164 20.30545997619629 103.33023834228516
v -44.280948638916016 20.17020034790039 103.25841522216797
v -47.78989791870117 15.213692665100098 103.42180633544922
v -46.90945816040039 14.976105690002441 103.80297088623047
v -45.85004806518555 14.769007682800293 103.93013763427734
v -44.9191780090332 14.506146430969238 103.52234649658203
v -44.01653289794922 14.814417839050293 103.7431411743164
v -48.45872497558594 15.650613784790039 103.10881042480469
v -43.61866760253906 15.087597846984863 104.08477783203125
v -48.65059280395508 16.26088523864746 103.31167602539062
v -43.30885696411133 15.51517391204834 104.21498107910156
v -48.15913009643555 16.060379028320312 103.76087951660156
v -47.326229095458984 15.80899429321289 104.2868881225586
v -46.39625549316406 15.378777503967285 104.47977447509766
v -43.946678161621094 15.208243370056152 104.41093444824219
v -48.95616912841797 16.829280853271484 102.89311981201172
v -42.76199722290039 16.2163143157959 104.10188293457031
v -48.484466552734375 16.911283493041992 103.69970703125
v -47.84300231933594 16.79164695739746 104.40167236328125
v -43.25529861450195 16.07276725769043 104.62630462646484
v -48.73066329956055 17.75865364074707 103.3180160522461
v -42.36098861694336 17.102313995361328 104.0215072631836
v -48.12458801269531 17.896268844604492 104.1763916015625
v -43.03565979003906 16.75109100341797 104.6435546875
v -48.489437103271484 18.613483428955078 103.54058837890625
v -42.33173751831055 17.809782028198242 104.10636138916016
v -48.31659698486328 19.184629440307617 103.58441925048828
v -42.540130615234375 18.104494094848633 104.2710952758789
v -48.06245803833008 18.900697708129883 103.97505950927734
v -47.4858283996582 18.648305892944336 104.51068878173828
v -42.93613052368164 17.71620750427246 104.59197235107422
v -48.02241134643555 19.41758155822754 103.71817779541016
v -42.88007736206055 18.464832305908203 104.26676177978516
v -47.70442581176758 19.79254150390625 103.4292221069336
v -46.827945709228516 19.993778228759766 103.59136199951172
v -45.75408935546875 19.877668380737305 103.912109375
v -44.545013427734375 19.67285919189453 103.95800018310547
v -43.5599250793457 19.071605682373047 104.15910339355469
v -47.50633239746094 19.390119552612305 103.99388885498047
v -46.602481842041016 19.25454330444336 104.41349792480469
v -45.4369010925293 19.199697494506836 104.5801773071289
v -44.411781311035156 18.888322830200195 104.68543243408203
v -43.58405685424805 18.39616584777832 104.72586822509766
v -44.814781188964844 15.037775993347168 104.36608123779297
v -45.6201286315918 15.261242866516113 104.61639404296875
v -44.361995697021484 15.478479385375977 104.8192367553711
v -46.58266830444336 16.08353042602539 104.89070129394531
v -45.90260696411133 15.718056678771973 104.92469024658203
v -43.769195556640625 15.72362995147705 104.78225708007812
v -45.08393096923828 15.700912475585938 104.99687957763672
v -47.222633361816406 16.502199172973633 104.80071258544922
v -43.664005279541016 16.36941909790039 105.00700378417969
v -47.38700485229492 17.051908493041992 104.90320587158203
v -46.67662811279297 16.92457389831543 105.15800476074219
v -45.72593307495117 16.40497589111328 105.23493957519531
v -44.87119674682617 16.33134651184082 105.29911041259766
v -44.311622619628906 16.01091194152832 105.1208724975586
v -47.697731018066406 17.471820831298828 104.72833251953125
v -43.60383987426758 17.128427505493164 105.0664291381836
v -47.60661697387695 17.991619110107422 104.75245666503906
v -47.16608810424805 17.639352798461914 105.06311798095703
v -46.49346160888672 17.611055374145508 105.2868423461914
v -45.83942794799805 17.281436920166016 105.37248992919922
v -45.01085662841797 16.977428436279297 105.39990997314453
v -44.26736068725586 16.69509506225586 105.29056549072266
v -47.21627426147461 18.234813690185547 104.94080352783203
v -43.7066535949707 17.794408798217773 105.04794311523438
v -46.865516662597656 18.627994537353516 104.8700180053711
v -46.13802719116211 18.66535186767578 104.9749984741211
v -45.21630096435547 18.489330291748047 105.0848388671875
v -44.352874755859375 18.16238784790039 105.12120819091797
v -46.67350387573242 18.155614852905273 105.14820861816406
v -45.9252815246582 18.015655517578125 105.28707885742188
v -45.09896469116211 17.747440338134766 105.350830078125
v -44.30845642089844 17.431486129760742 105.30361938476562
v 24.2504940032959 50.09003448486328 115.25428009033203
v 24.53296661376953 50.09229278564453 115.2631607055664
v 23.869556427001953 49.903194427490234 115.4954605102539
v 24.388179779052734 49.888572692871094 115.38721466064453
v 23.974992752075195 50.28329849243164 115.31080627441406
v 24.760286331176758 49.95302200317383 115.50322723388672
v 24.370407104492188 50.35007858276367 115.2619400024414
v 24.73361587524414 50.26908874511719 115.36176300048828
v 22.618776321411133 50.41592788696289 115.81709289550781
v 23.391551971435547 50.33745193481445 115.52880859375
v 22.42290496826172 50.90731430053711 115.9504623413086
v 23.085750579833984 50.89510726928711 115.6812744140625
v 23.92913246154785 50.753868103027344 115.46056365966797
v 24.647172927856445 50.6666374206543 115.48201751708984
v 22.283733367919922 50.068450927734375 116.0248794555664
v 22.938547134399414 49.71625518798828 115.90498352050781
v 23.689239501953125 49.56497573852539 115.78853607177734
v 24.401132583618164 49.49260711669922 115.83616638183594
v 21.95209503173828 49.628787994384766 116.37890625
v 25.239580154418945 49.10125732421875 116.43021392822266
v 26.079593658447266 49.009727478027344 116.91944885253906
v 21.842853546142578 50.45099639892578 116.28976440429688
v 25.123685836791992 49.7393798828125 115.91445922851562
v 21.291608810424805 49.89394760131836 116.717041015625
v 22.779903411865234 49.404205322265625 116.07429504394531
v 25.86688995361328 49.91024398803711 116.41026306152344
v 26.709688186645508 49.636634826660156 117.1070556640625
v 22.073867797851562 51.21598434448242 116.35993957519531
v 25.179933547973633 50.35563659667969 115.75094604492188
v 22.745399475097656 51.397987365722656 116.02196502685547
v 23.562875747680664 51.40715026855469 115.83206176757812
v 24.426544189453125 51.26853561401367 115.76535034179688
v 25.06888771057129 51.011817932128906 115.83704376220703
v 25.791818618774414 51.01103591918945 116.32145690917969
v 26.65404510498047 50.63245391845703 116.92176055908203
v 22.429645538330078 51.722347259521484 116.44776916503906
v 23.138774871826172 51.99204635620117 116.36262512207031
v 24.12000846862793 51.93959426879883 116.21741485595703
v 25.129484176635742 51.712493896484375 116.28196716308594
v 25.83934211730957 51.71290969848633 116.57906341552734
v 26.503864288330078 51.65941619873047 116.99818420410156
v 23.758026123046875 52.51606750488281 116.75171661376953
v 24.694856643676758 52.482383728027344 116.78902435302734
v 25.7652587890625 52.34132766723633 117.00605773925781
v 21.75390625 49.173561096191406 116.76355743408203
v 25.01963996887207 48.559532165527344 116.77969360351562
v 25.544795989990234 48.46675491333008 117.02232360839844
v 21.86343765258789 48.69228744506836 117.35417938232422
v 22.816543579101562 48.21174240112305 117.40652465820312
v 24.768239974975586 48.08290100097656 117.31575775146484
v 25.814085006713867 47.946598052978516 117.6477279663086
v 26.29772186279297 47.816162109375 118.07231903076172
v 21.40924644470215 49.33076095581055 116.90702056884766
v 22.080917358398438 49.09648895263672 116.66230010986328
v 24.43401527404785 48.77440643310547 116.53047180175781
v 26.153778076171875 48.411842346191406 117.33328247070312
v 20.99373435974121 49.56268310546875 117.13290405273438
v 23.556949615478516 49.18047332763672 116.16218566894531
v 26.725730895996094 48.756378173828125 117.57420349121094
v 21.10320281982422 49.117523193359375 117.49481201171875
v 22.595191955566406 48.771087646484375 116.79427337646484
v 23.548316955566406 48.4434814453125 116.92589569091797
v 26.404382705688477 48.14735794067383 117.76882934570312
v 20.885150909423828 49.99173355102539 117.20267486572266
v 22.544363021850586 49.27539825439453 116.29119110107422
v 22.980817794799805 49.32491683959961 116.09739685058594
v 27.23863983154297 49.39426040649414 117.64269256591797
v 21.19952964782715 50.37395477294922 116.82099151611328
v 22.787681579589844 49.26626968383789 116.17240142822266
v 22.973878860473633 49.03641128540039 116.371337890625
v 27.73004150390625 49.57178497314453 118.08796691894531
v 21.46225929260254 50.92509460449219 116.85816192626953
v 27.4201717376709 50.22055435180664 117.57852172851562
v 27.968181610107422 50.15541458129883 118.13748931884766
v 21.910446166992188 51.65047836303711 117.04619598388672
v 27.33616828918457 51.302146911621094 117.53929138183594
v 22.532432556152344 52.09813690185547 116.81806945800781
v 23.022384643554688 52.4942512512207 116.98538970947266
v 27.0600528717041 51.918365478515625 117.46361541748047
v 23.483640670776367 52.844085693359375 117.24050903320312
v 26.73100471496582 52.451942443847656 117.63874053955078
v 24.16885757446289 52.975223541259766 117.33837127685547
v 25.163005828857422 53.08109664916992 117.56429290771484
v 26.04482650756836 52.94291687011719 117.66431427001953
v 23.023738861083984 52.78688049316406 117.54802703857422
v 27.44158363342285 52.072998046875 117.93765258789062
v 27.851972579956055 52.157752990722656 118.49528503417969
v 25.15180015563965 53.543270111083984 118.22731018066406
v 25.813220977783203 53.397430419921875 118.17035675048828
v 21.779006958007812 48.213645935058594 118.44388580322266
v 22.55031967163086 47.94606018066406 118.11857604980469
v 24.378719329833984 47.51156234741211 118.1983642578125
v 25.32461166381836 47.56208038330078 118.13406372070312
v 25.946380615234375 47.59805679321289 118.18685913085938
v 21.27193260192871 48.68818664550781 118.04237365722656
v 23.154497146606445 47.77216339111328 117.91844940185547
v 23.948701858520508 47.86028289794922 117.56136322021484
v 26.289052963256836 47.628883361816406 118.50654602050781
v 20.851158142089844 49.065399169921875 118.19385528564453
v 23.40679168701172 47.928104400634766 117.52935028076172
v 23.659931182861328 47.6379508972168 117.96076965332031
v 20.758758544921875 49.5401496887207 117.66983032226562
v 26.81240463256836 48.10319900512695 118.46502685546875
v 27.374923706054688 48.879085540771484 118.18946075439453
v 20.68518829345703 50.0466423034668 117.8534164428711
v 27.870759963989258 49.11761474609375 118.63716125488281
v 20.963611602783203 50.526611328125 117.37260437011719
v 21.255460739135742 51.139076232910156 117.62863159179688
v 28.20884132385254 49.72246170043945 118.71121215820312
v 28.266448974609375 50.40797424316406 118.53861236572266
v 28.544042587280273 50.251346588134766 119.19048309326172
v 21.66350746154785 51.77063751220703 118.02337646484375
v 27.940731048583984 50.80636978149414 118.08658599853516
v 22.39268684387207 52.334266662597656 117.57347106933594
v 27.925861358642578 51.5711784362793 118.25201416015625
v 28.363800048828125 51.019737243652344 118.844482421875
v 28.61665916442871 50.77717590332031 119.40587615966797
v 22.83191680908203 52.8079833984375 118.31623077392578
v 28.21816635131836 51.79738235473633 118.94715881347656
v 23.56129264831543 53.0974235534668 117.88810729980469
v 24.40020751953125 53.41672134399414 118.1701431274414
v 27.367740631103516 52.71508026123047 118.58795166015625
v 27.956621170043945 52.34355163574219 119.00128936767578
v 24.84900665283203 53.716190338134766 118.63667297363281
v 26.568925857543945 53.120033264160156 118.23209381103516
v 25.50657844543457 53.735355377197266 118.8351058959961
v 26.29387664794922 53.529693603515625 118.78693389892578
v 24.371774673461914 53.67302703857422 118.8626708984375
v 26.890832901000977 53.26612854003906 118.82527160644531
v 21.728357315063477 48.03667068481445 119.340087890625
v 22.470643997192383 47.70772933959961 119.07218170166016
v 23.464643478393555 47.46123123168945 118.69708251953125
v 24.35761833190918 47.22489929199219 118.98387145996094
v 25.057743072509766 47.26967239379883 118.87278747558594
v 25.796228408813477 47.4071044921875 118.7498779296875
v 21.14813232421875 48.58509063720703 118.93156433105469
v 26.362157821655273 47.58134841918945 119.22882843017578
v 20.73164176940918 49.12022399902344 118.80438995361328
v 21.35511589050293 48.27587890625 119.50599670410156
v 20.60353660583496 49.566078186035156 118.41542053222656
v 27.082523345947266 47.9560546875 119.65066528320312
v 27.590778350830078 48.530670166015625 119.05597686767578
v 20.602046966552734 49.42859649658203 119.01359558105469
v 28.405532836914062 48.75745391845703 120.1429672241211
v 20.61878204345703 50.084144592285156 118.4908447265625
v 28.199234008789062 49.01322937011719 119.38611602783203
v 20.832632064819336 50.57989501953125 118.14539337158203
v 28.492956161499023 49.579627990722656 119.35279846191406
v 28.535799026489258 49.234588623046875 119.79646301269531
v 21.150808334350586 51.170799255371094 118.52391052246094
v 28.67180633544922 49.75543212890625 119.84236145019531
v 21.53339195251465 51.74093246459961 118.91085052490234
v 28.715524673461914 50.4438362121582 119.90520477294922
v 22.091768264770508 52.28580856323242 118.59491729736328
v 28.54026985168457 51.30609130859375 119.81204986572266
v 21.870641708374023 52.084373474121094 119.35383605957031
v 22.540611267089844 52.61223602294922 119.48136138916016
v 28.219270706176758 52.0845947265625 119.52486419677734
v 23.616487503051758 53.31446075439453 119.01628112792969
v 27.756689071655273 52.658447265625 119.6351547241211
v 24.242938995361328 53.706993103027344 119.37826538085938
v 27.24195098876953 53.13063049316406 119.27246856689453
v 24.85660171508789 53.83483123779297 119.2873764038086
v 25.46823501586914 53.862648010253906 119.51942443847656
v 26.057558059692383 53.73628234863281 119.44501495361328
v 26.72694206237793 53.4757080078125 119.40829467773438
v 24.526281356811523 53.7945556640625 119.84214782714844
v 22.33681869506836 47.7093620300293 120.14937591552734
v 23.19367027282715 47.35078430175781 119.7899169921875
v 24.0553035736084 47.166221618652344 119.65567779541016
v 24.769994735717773 47.13194274902344 119.5436019897461
v 25.55467987060547 47.26225280761719 119.70708465576172
v 21.606298446655273 48.17844009399414 120.02720642089844
v 26.367828369140625 47.556915283203125 120.40312957763672
v 21.178346633911133 48.58556365966797 119.7598648071289
v 28.423967361450195 48.559364318847656 120.39159393310547
v 25.572589874267578 47.274662017822266 120.6575927734375
v 20.84386444091797 49.15154266357422 119.49522399902344
v 27.167449951171875 47.948638916015625 120.62269592285156
v 28.314449310302734 48.48621368408203 120.31352233886719
v 28.4548282623291 48.76045608520508 120.58916473388672
v 20.63170051574707 49.61970138549805 119.327392578125
v 27.91427230834961 48.39500427246094 120.20942687988281
v 21.07010841369629 48.9234733581543 120.0298080444336
v 28.306745529174805 48.497047424316406 120.50037384033203
v 20.576332092285156 49.82710266113281 118.95812225341797
v 28.60881996154785 49.23347473144531 120.34632110595703
v 20.803985595703125 50.4161491394043 119.07257080078125
v 20.6451358795166 49.924163818359375 119.30300903320312
v 21.20119857788086 51.1800422668457 119.35282135009766
v 28.72064208984375 49.882591247558594 120.56367492675781
v 21.531885147094727 51.66780090332031 119.57479858398438
v 21.40256118774414 51.267425537109375 119.96992492675781
v 21.88283348083496 51.841339111328125 120.16368865966797
v 28.73316764831543 50.64990997314453 120.71051788330078
v 28.569129943847656 51.36887741088867 120.95114135742188
v 22.534549713134766 52.431983947753906 120.69664764404297
v 28.229915618896484 52.049495697021484 120.3483657836914
v 23.253177642822266 53.072139739990234 120.2559585571289
v 23.9887638092041 53.549896240234375 119.99786376953125
v 27.611080169677734 52.660301208496094 120.80477142333984
v 24.54082679748535 53.68568801879883 120.49520111083984
v 27.175779342651367 53.18490219116211 120.0125503540039
v 25.135480880737305 53.834327697753906 120.09515380859375
v 25.782535552978516 53.803375244140625 119.99847412109375
v 26.444316864013672 53.566162109375 120.19586181640625
v 26.94708824157715 53.205902099609375 120.75000762939453
v -4.634626865386963 -5.755941390991211 116.37506866455078
v -2.5773372650146484 -3.930206060409546 116.53649139404297
v 22.54599380493164 47.737770080566406 121.1811294555664
v 23.14211082458496 47.389034271240234 120.75601196289062
v 23.804235458374023 47.186607360839844 120.4111557006836
v 24.715187072753906 47.154964447021484 120.50379180908203
v 21.949546813964844 48.13991928100586 120.8531723022461
v 25.216449737548828 47.278221130371094 121.21720886230469
v 25.859222412109375 47.48905563354492 121.36166381835938
v 22.21552276611328 48.129913330078125 121.5544204711914
v 24.686199188232422 47.28089904785156 121.42046356201172
v 21.413944244384766 48.75956726074219 120.53050994873047
v 26.69564437866211 47.87443161010742 121.5237045288086
v 21.083194732666016 49.388614654541016 120.23867797851562
v 27.547630310058594 48.28792953491211 121.26312255859375
v 28.157812118530273 48.617889404296875 120.95489501953125
v 20.83517837524414 49.8751106262207 119.71126556396484
v 28.47389793395996 49.25279998779297 121.13868713378906
v 21.103097915649414 50.62678527832031 119.9000473022461
v 21.16126823425293 50.08720779418945 120.36727905273438
v 21.534059524536133 50.85559844970703 120.67464447021484
v 28.6541748046875 50.07726287841797 121.39728546142578
v 22.09261703491211 51.638450622558594 121.2218017578125
v 28.673168182373047 50.78996276855469 121.569580078125
v 28.4973201751709 51.3306999206543 121.80718231201172
v 22.605379104614258 52.25376892089844 121.65878295898438
v 28.191225051879883 51.93239212036133 121.35043334960938
v 23.12394142150879 52.81406784057617 121.29962921142578
v 23.961288452148438 53.29432678222656 121.04097747802734
v 26.8276424407959 52.88125228881836 121.6413345336914
v 27.66935157775879 52.30359649658203 121.74703979492188
v 23.022428512573242 52.5845832824707 121.98706817626953
v 24.70899200439453 53.51596450805664 121.1506118774414
v 26.438655853271484 53.40028381347656 120.9708251953125
v 25.087188720703125 53.70044708251953 120.7869873046875
v 25.76465606689453 53.65743637084961 120.7115707397461
v 25.352088928222656 53.45780563354492 121.36739349365234
v 26.056638717651367 53.3499870300293 121.38500213623047
v -4.697379112243652 -5.879307270050049 116.53202056884766
v -5.03476095199585 -6.372894287109375 117.2711181640625
v -4.362425804138184 -6.24977970123291 116.9102783203125
v -3.2315473556518555 -6.396085739135742 117.02466583251953
v -2.2370219230651855 -6.532135486602783 117.19178009033203
v -1.5098559856414795 -6.659621238708496 117.40962982177734
v -1.1194772720336914 -6.7614426612854 117.6590805053711
v -4.71718168258667 -5.614088535308838 116.49463653564453
v -4.43411111831665 -5.836071968078613 116.46989440917969
v -4.453904628753662 -5.5708394050598145 116.43251037597656
v -5.031097888946533 -5.7643280029296875 116.92615509033203
v -3.768392324447632 -5.5481390953063965 116.61946105957031
v -2.5711491107940674 -5.7156805992126465 116.8681869506836
v -1.667169213294983 -5.960086345672607 117.18734741210938
v -1.0752930641174316 -6.245718002319336 117.56893920898438
v -2.793118476867676 -4.0621657371521 116.56771850585938
v -5.257666110992432 -5.086843013763428 117.17633819580078
v -4.471330642700195 -4.976110935211182 116.71761322021484
v -3.6473896503448486 -4.773741245269775 116.61432647705078
v -2.8172266483306885 -4.642020225524902 116.66898345947266
v -1.847639799118042 -4.98968505859375 117.04283905029297
v -1.0683887004852295 -5.35300874710083 117.54582977294922
v -2.743257761001587 -3.8120572566986084 116.62976837158203
v -2.5040621757507324 -4.0853400230407715 116.59185028076172
v -2.4541995525360107 -3.835216999053955 116.65390014648438
v -3.4997458457946777 -3.91963267326355 116.79561614990234
v -2.102012872695923 -4.027437210083008 116.91680908203125
v -1.1447540521621704 -4.165913105010986 117.56722259521484
v -3.969179391860962 -3.1274232864379883 117.259765625
v -3.2642693519592285 -2.9439101219177246 117.23966979980469
v -2.5753188133239746 -3.4301373958587646 116.96766662597656
v -1.6925543546676636 -3.1660995483398438 117.47246551513672
v -2.4833884239196777 -2.5613245964050293 117.58723449707031
v 23.17470932006836 47.55866241455078 121.61011505126953
v 23.935880661010742 47.304962158203125 121.27935791015625
v 22.70623207092285 47.97713088989258 121.9900131225586
v 24.372724533081055 47.48418426513672 121.9357681274414
v 22.2530460357666 48.38895034790039 122.01033020019531
v 25.147037506103516 47.55476760864258 121.98255157470703
v 25.981399536132812 47.79939270019531 122.18094635009766
v 23.189502716064453 47.77406311035156 122.12890625
v 23.7099552154541 47.647369384765625 122.09041595458984
v 21.883546829223633 48.75129699707031 121.53455352783203
v 26.527294158935547 48.094303131103516 122.38394927978516
v 27.14508628845215 48.38700866699219 122.18848419189453
v 27.904251098632812 48.877960205078125 121.89559936523438
v 22.174545288085938 48.84246826171875 122.2284927368164
v 26.08709144592285 48.128055572509766 122.76067352294922
v 21.524585723876953 49.71699523925781 121.0797348022461
v 28.322988510131836 49.62712860107422 122.03733825683594
v 27.891441345214844 49.378150939941406 122.58349609375
v 21.935142517089844 50.67512893676758 121.71245574951172
v 28.48284149169922 50.37111282348633 122.15828704833984
v 28.054353713989258 50.012027740478516 122.72920227050781
v 22.3896541595459 51.51990509033203 122.21456909179688
v 28.529510498046875 50.92005920410156 122.16394805908203
v 22.79949188232422 52.174560546875 122.36024475097656
v 28.392953872680664 51.207069396972656 122.29280090332031
v 28.111074447631836 50.87129592895508 122.7156982421875
v 23.19701385498047 52.502037048339844 122.42933654785156
v 28.047626495361328 51.64292526245117 122.24906921386719
v 23.64987564086914 52.837684631347656 122.04127502441406
v 24.70903205871582 53.093109130859375 121.92284393310547
v 25.803117752075195 53.01790237426758 122.0170669555664
v 26.42586898803711 52.46800994873047 122.62078857421875
v 27.29993438720703 52.156917572021484 122.45756530761719
v 23.575294494628906 52.50151062011719 122.67550659179688
v 26.870092391967773 51.88155746459961 123.1347885131836
v 27.558414459228516 51.48834228515625 122.96939849853516
v -5.323636531829834 -6.611159801483154 117.84459686279297
v -4.616087913513184 -6.842667102813721 117.64354705810547
v -3.698749542236328 -6.952057838439941 117.54011535644531
v -2.7267189025878906 -7.024846076965332 117.53984832763672
v -1.911390781402588 -7.048829078674316 117.61626434326172
v -1.3867952823638916 -7.014717102050781 117.70561981201172
v -5.469648361206055 -6.1329545974731445 117.45813751220703
v -1.1116447448730469 -6.978525638580322 117.97428131103516
v -5.679600715637207 -5.569949626922607 117.56737518310547
v -0.8421397805213928 -6.580674648284912 118.00392150878906
v -5.717257976531982 -4.73862361907959 117.81024169921875
v -0.6339133977890015 -5.8673834800720215 118.07158660888672
v -5.042096138000488 -4.38312292098999 117.22917938232422
v -4.447672367095947 -4.099608421325684 116.95174407958984
v -4.286153316497803 -3.591165542602539 117.1002426147461
v -0.4132079780101776 -4.774667263031006 118.30489349365234
v -4.609570026397705 -3.2609236240386963 117.55493927001953
v -0.4709434509277344 -3.803251266479492 118.19720458984375
v -5.2528581619262695 -3.774514675140381 117.84203338623047
v -4.771172523498535 -3.776716470718384 117.27367401123047
v -4.268068790435791 -2.768092393875122 117.72579193115234
v -0.8253171443939209 -3.178212881088257 118.02227783203125
v -3.76899790763855 -2.6230790615081787 117.54082489013672
v -3.289454936981201 -2.330622673034668 117.71238708496094
v -1.2667428255081177 -2.6519365310668945 117.92630767822266
v -0.3416445255279541 -3.360149383544922 118.41063690185547
v -2.83750319480896 -2.032485008239746 118.04429626464844
v -1.7535347938537598 -2.461413860321045 117.84064483642578
v -2.0849766731262207 -1.9926183223724365 118.33386993408203
v -3.360229730606079 -1.9624814987182617 118.17792510986328
v -1.4054768085479736 -2.250328779220581 118.23529052734375
v 23.317211151123047 48.20491409301758 122.6182632446289
v 24.411792755126953 47.99410629272461 122.6666488647461
v 25.42639923095703 48.02067947387695 122.75321960449219
v 22.578744888305664 48.539466857910156 122.48475646972656
v 25.822877883911133 48.430755615234375 123.18033599853516
v 22.412715911865234 49.12644577026367 122.64883422851562
v 26.560565948486328 48.56946563720703 122.972900390625
v 27.356266021728516 48.95954132080078 122.76104736328125
v 22.96646499633789 49.01092529296875 123.04681396484375
v 23.95670509338379 48.9090461730957 123.48892211914062
v 25.0566463470459 48.55988311767578 123.35896301269531
v 22.065101623535156 49.62456512451172 122.17277526855469
v 27.4621524810791 49.614051818847656 123.15753173828125
v 22.613935470581055 49.78279495239258 122.9859390258789
v 23.278818130493164 49.72248077392578 123.6323471069336
v 24.847707748413086 49.163780212402344 123.92342376708984
v 25.89923667907715 49.12372589111328 123.68659210205078
v 26.83798599243164 49.20958709716797 123.34658813476562
v 22.370433807373047 50.603275299072266 122.6167984008789
v 27.56205940246582 50.34064865112305 123.2979507446289
v 22.9981746673584 50.68244552612305 123.39295959472656
v 26.675289154052734 49.96626663208008 123.74938201904297
v 22.628591537475586 51.24510192871094 122.87798309326172
v 27.542245864868164 50.94287109375 123.3070297241211
v 22.736600875854492 51.75065231323242 122.74691009521484
v 23.200471878051758 52.06684494018555 122.90191650390625
v 26.413455963134766 51.58928680419922 123.56455993652344
v 27.01511573791504 51.26971435546875 123.50407409667969
v 22.9871883392334 51.48435974121094 123.14704132080078
v 23.68490219116211 51.4542121887207 123.5364761352539
v 24.6605167388916 51.316993713378906 123.89897155761719
v 25.362802505493164 51.03725051879883 124.07470703125
v 26.241153717041016 50.882240295410156 123.90953063964844
v 27.07359504699707 50.686161041259766 123.63932037353516
v 23.808839797973633 52.180519104003906 123.0874252319336
v 26.15890884399414 52.06382369995117 123.23479461669922
v 24.245927810668945 52.579559326171875 122.70384216308594
v 25.3542537689209 52.47064971923828 122.84598541259766
v 24.534364700317383 51.996543884277344 123.34947967529297
v 25.55032730102539 51.66328811645508 123.63179779052734
v -5.594335079193115 -6.707314968109131 118.62098693847656
v -4.886042594909668 -7.108582973480225 118.41934204101562
v -4.03777551651001 -7.339044094085693 118.3280258178711
v -3.0723342895507812 -7.408942222595215 118.2445068359375
v -2.2842533588409424 -7.341355800628662 118.05726623535156
v -1.5750128030776978 -7.2512125968933105 118.21575927734375
v -5.84899377822876 -6.135537624359131 118.06737518310547
v -0.9487888216972351 -6.939551830291748 118.60380554199219
v -1.4467488527297974 -7.338188171386719 118.96936798095703
v -6.238893508911133 -5.455060005187988 118.35675048828125
v -0.5645929574966431 -6.363403797149658 118.54069519042969
v -6.581467628479004 -5.698830604553223 118.74819946289062
v -6.1331000328063965 -4.8331074714660645 118.3631362915039
v -0.23842674493789673 -5.704835891723633 118.87152099609375
v -5.875940799713135 -4.186150550842285 118.4856948852539
v 0.16169269382953644 -4.8568878173828125 119.31430053710938
v -5.469367027282715 -3.529301643371582 118.40489196777344
v 0.5186325311660767 -4.223082542419434 119.81542205810547
v -4.87173318862915 -2.8892557621002197 118.47175598144531
v 0.047473158687353134 -3.7160861492156982 119.02251434326172
v -3.9526422023773193 -2.290785074234009 118.09431457519531
v -0.37951964139938354 -2.943809986114502 118.6575927734375
v 0.46826228499412537 -3.7162039279937744 119.70454406738281
v -3.6654469966888428 -1.8727682828903198 118.61161804199219
v -0.8905973434448242 -2.506173610687256 118.41358947753906
v -2.9446873664855957 -1.6872233152389526 118.75094604492188
v -2.0613608360290527 -1.4784260988235474 119.3329849243164
v -1.2217457294464111 -1.9820680618286133 118.9901351928711
v -4.2130327224731445 -2.1399166584014893 118.83442687988281
v -0.5593981742858887 -2.4255168437957764 119.02682495117188
v -2.2665743827819824 -1.158826231956482 119.90782165527344
v 24.25955581665039 49.39154052734375 124.06499481201172
v 23.811410903930664 49.54643630981445 123.9865951538086
v 24.677738189697266 49.603553771972656 124.2447280883789
v 23.637428283691406 49.946964263916016 124.07498931884766
v 25.30289649963379 49.606056213378906 124.19015502929688
v 25.913951873779297 49.77043914794922 124.10577392578125
v 24.16731071472168 49.88583755493164 124.25780487060547
v 23.393600463867188 50.289939880371094 123.91224670410156
v 26.007593154907227 50.22383117675781 124.15589141845703
v 23.544658660888672 50.74022674560547 123.8965072631836
v 24.104442596435547 50.842525482177734 124.09014129638672
v 24.79979133605957 50.70705032348633 124.24879455566406
v 25.49285316467285 50.49974060058594 124.26191711425781
v 23.81419563293457 50.34904479980469 124.17281341552734
v 24.328420639038086 50.376808166503906 124.30902099609375
v 24.895183563232422 50.09196853637695 124.3477554321289
v 25.541183471679688 50.027122497558594 124.3021240234375
v -5.747559547424316 -6.711992263793945 119.45086669921875
v -5.031815052032471 -7.193373203277588 119.31581115722656
v -4.33350944519043 -7.488264560699463 119.07673645019531
v -3.4098098278045654 -7.732766628265381 119.35887908935547
v -2.2707669734954834 -7.556395530700684 118.95157623291016
v -3.2273478507995605 -7.992558479309082 120.05026245117188
v -6.236774921417236 -6.09133768081665 118.88268280029297
v -1.6342777013778687 -7.460754871368408 119.80135345458984
v -6.608613967895508 -5.744645595550537 118.97431945800781
v -1.030437707901001 -7.118703842163086 119.42115020751953
v -6.709812641143799 -5.626290321350098 118.8554458618164
v -0.4750572443008423 -6.51161003112793 119.42169189453125
v -6.604217529296875 -5.473108291625977 118.7590103149414
v -6.631378173828125 -5.518921375274658 118.9851303100586
v -6.357662200927734 -5.012983798980713 118.92239379882812
v 0.12688016891479492 -5.734551906585693 119.87578582763672
v 0.5488147139549255 -5.034466743469238 120.26882934570312
v 0.4143345057964325 -5.583149433135986 120.43758392333984
v -6.060154438018799 -4.179842472076416 119.30084991455078
v 0.8102667927742004 -4.389098644256592 120.5410385131836
v -5.627828598022461 -3.5057642459869385 118.95734405517578
v 0.9836899638175964 -4.478600025177002 121.05667114257812
v -5.327760696411133 -3.0249216556549072 119.46110534667969
v 0.6583059430122375 -3.7932705879211426 120.27174377441406
v 0.35536816716194153 -3.3078761100769043 119.87474822998047
v -4.667062759399414 -2.3609910011291504 119.74893951416016
v -0.08796779811382294 -2.8339531421661377 119.40547180175781
v -3.687502145767212 -1.7052886486053467 119.4847640991211
v -2.808621406555176 -1.3323198556900024 119.67097473144531
v -1.3159458637237549 -1.521388053894043 120.01444244384766
v -0.5078597068786621 -2.2004990577697754 119.91905212402344
v 0.10863815993070602 -2.779883623123169 120.1887435913086
v -2.5616157054901123 -1.1011542081832886 120.35867309570312
v -1.8508976697921753 -1.2039226293563843 119.9684829711914
v -2.039184808731079 -1.0562983751296997 120.36595153808594
v -1.6368896961212158 -1.1704754829406738 120.35916137695312
v -3.365577220916748 -8.062673568725586 120.22174835205078
v -3.5279877185821533 -7.9635329246521 120.02794647216797
v -3.2051992416381836 -7.996912956237793 120.38658905029297
v -5.846175193786621 -6.565586566925049 120.05165100097656
v -5.170950889587402 -7.018581867218018 120.36164093017578
v -4.099884033203125 -7.639612197875977 120.11431121826172
v -2.640839099884033 -7.791614055633545 120.21353149414062
v -3.505840301513672 -7.967894554138184 120.3642807006836
v -6.147083759307861 -6.286169528961182 119.5755386352539
v -1.7393617630004883 -7.496902942657471 120.87322235107422
v -0.8879210948944092 -7.023976802825928 120.40741729736328
v -6.107244968414307 -6.124768257141113 120.07731628417969
v -5.696150302886963 -6.350354194641113 120.79844665527344
v -6.3865790367126465 -5.665988445281982 119.45628356933594
v -0.15983262658119202 -6.3801774978637695 120.42777252197266
v 0.2517385482788086 -5.919820308685303 120.56849670410156
v -6.081336975097656 -5.496899127960205 120.48528289794922
v 0.10975123941898346 -6.177923202514648 121.03693389892578
v -6.235255718231201 -4.839266300201416 119.78092956542969
v 0.5084635019302368 -5.564675807952881 121.09465026855469
v 0.858843982219696 -4.880310535430908 120.96704864501953
v -6.028249740600586 -4.54747200012207 120.54804229736328
v -6.057923316955566 -4.167916774749756 119.96068572998047
v 1.016013264656067 -4.722034454345703 121.34483337402344
v -5.783477783203125 -3.5883474349975586 119.75404357910156
v 0.9876139163970947 -4.413410186767578 121.48101043701172
v -5.854424476623535 -3.847480535507202 120.40650177001953
v -5.395610332489014 -3.131467342376709 120.47748565673828
v 0.8510036468505859 -4.035103797912598 120.99861907958984
v -4.771641254425049 -2.4011433124542236 121.06150817871094
v 0.48686763644218445 -3.3159265518188477 120.8616943359375
v -4.02608060836792 -1.7942042350769043 120.64179229736328
v -3.2229044437408447 -1.346182942390442 120.42475128173828
v -0.8192284107208252 -1.792952537536621 120.99685668945312
v -0.06979071348905563 -2.535853862762451 120.9973373413086
v -2.7357890605926514 -1.1438440084457397 121.02525329589844
v -1.3462797403335571 -1.3170527219772339 120.69396209716797
v -2.2161238193511963 -1.032964825630188 120.88019561767578
v -1.7349417209625244 -1.1053701639175415 120.82353210449219
v -4.294388294219971 -7.312849521636963 121.40996551513672
v -3.3018124103546143 -7.761941909790039 120.99594116210938
v -2.4411983489990234 -7.693714618682861 121.21542358398438
v -5.081595420837402 -6.80558443069458 121.37864685058594
v -1.900442123413086 -7.449028015136719 121.86429595947266
v -5.359679698944092 -6.247042179107666 121.80345153808594
v -1.1018911600112915 -7.120000839233398 121.59059143066406
v -0.3736984431743622 -6.645126819610596 121.26830291748047
v -5.768571853637695 -5.753416538238525 121.33451843261719
v 0.06852329522371292 -6.1568498611450195 121.76905059814453
v -5.85332727432251 -4.993801593780518 121.32003784179688
v 0.47257038950920105 -5.478158950805664 122.1332778930664
v 0.8547973036766052 -5.072810173034668 121.54824829101562
v -5.69451379776001 -3.998483657836914 121.2655029296875
v 0.9960741996765137 -4.751096248626709 121.67865753173828
v 0.8825726509094238 -4.564423561096191 121.95335388183594
v 0.8212183117866516 -4.937639236450195 122.01701354980469
v -5.241189956665039 -3.1224915981292725 121.6752700805664
v 0.6885249018669128 -3.963289976119995 121.83673095703125
v -4.749972820281982 -2.4884722232818604 122.12286376953125
v 0.2507915198802948 -3.0991697311401367 121.9162826538086
v -4.191133499145508 -1.9616981744766235 121.73695373535156
v -3.3303844928741455 -1.498186707496643 121.49542999267578
v -1.0972089767456055 -1.7275042533874512 121.9371566772461
v -0.3667607009410858 -2.3659517765045166 122.08515930175781
v -4.3113250732421875 -2.163949489593506 122.50177764892578
v 0.005975745152682066 -2.949352741241455 122.69259643554688
v -2.642381191253662 -1.2573312520980835 121.64305877685547
v -1.3856173753738403 -1.3395416736602783 121.28362274169922
v -2.327554941177368 -1.0974061489105225 121.36344146728516
v -1.8893589973449707 -1.1345627307891846 121.35060119628906
v -2.1275060176849365 -1.2900131940841675 121.85269927978516
v -1.6151331663131714 -1.3652387857437134 121.79557037353516
v -4.05582857131958 -7.212158203125 122.3448486328125
v -3.489060640335083 -7.465389251708984 122.09648895263672
v -2.6924290657043457 -7.576748847961426 121.96807098388672
v -4.611772060394287 -6.720381259918213 122.40888214111328
v -2.181718349456787 -7.327077388763428 122.58866119384766
v -5.108860969543457 -6.025595188140869 122.57215118408203
v -1.38412344455719 -7.021761894226074 122.6684799194336
v -0.5523636341094971 -6.659994125366211 122.22808074951172
v -4.092548847198486 -7.011584758758545 122.76935577392578
v -3.613104820251465 -7.159689426422119 122.84070587158203
v -2.869659423828125 -7.293932914733887 122.7763442993164
v -5.523967742919922 -5.449773788452148 122.1474609375
v -0.09236576408147812 -6.101053237915039 122.66110229492188
v -5.165380954742432 -5.5040364265441895 122.91390991210938
v -5.627601146697998 -4.62064266204834 122.0069351196289
v 0.15604963898658752 -5.524898052215576 122.95065307617188
v -5.410545825958252 -3.8942785263061523 122.31279754638672
v 0.4867324233055115 -4.726797580718994 122.65628814697266
v -5.035845756530762 -3.13333797454834 122.74163818359375
v 0.2679790258407593 -3.694453001022339 122.86549377441406
v -4.574784755706787 -2.571303606033325 122.93914031982422
v -0.17411033809185028 -3.153923988342285 123.3985366821289
v -4.11967134475708 -2.272298574447632 123.0394287109375
v -0.3459705412387848 -2.6260218620300293 122.94452667236328
v -3.64141583442688 -1.9167536497116089 122.56585693359375
v -2.620626449584961 -1.6428090333938599 122.39390563964844
v -1.6941066980361938 -1.6760075092315674 122.39691162109375
v -0.9573425054550171 -2.2112462520599365 122.85601043701172
v -3.679358720779419 -2.273135185241699 123.31869506835938
v -0.5886713862419128 -2.683305025100708 123.3918685913086
v -3.931743621826172 -6.6543426513671875 123.29899597167969
v -3.0812859535217285 -6.867548942565918 123.4535903930664
v -2.135676145553589 -6.91180419921875 123.37435150146484
v -1.330674409866333 -6.652113437652588 123.48938751220703
v -0.7226308584213257 -6.504793643951416 123.1099853515625
v -4.572622776031494 -5.922512531280518 123.37518310546875
v -0.35559865832328796 -5.919307231903076 123.43893432617188
v -4.9677557945251465 -5.179866790771484 123.39773559570312
v -3.9644813537597656 -6.172591686248779 123.79833221435547
v -3.316920042037964 -6.270723342895508 124.04907989501953
v -2.5404179096221924 -6.505012512207031 123.9912109375
v -1.6700986623764038 -6.217658519744873 124.1579818725586
v -0.9310086369514465 -6.246933937072754 123.75067901611328
v -5.320828914642334 -4.732541084289551 122.84034729003906
v -0.1046423614025116 -5.1683878898620605 123.57044982910156
v -4.929771423339844 -4.502235412597656 123.6238021850586
v -2.5112082958221436 -5.956815719604492 124.52957916259766
v -0.8337764143943787 -5.613577365875244 124.14517211914062
v -5.13640022277832 -3.8763272762298584 123.17288208007812
v 0.04087856411933899 -4.341739177703857 123.56603240966797
v -4.766666412353516 -3.754415273666382 123.83373260498047
v -0.5767806172370911 -4.667015075683594 124.22716522216797
v -4.934381008148193 -3.3476803302764893 123.40980529785156
v -0.022917980328202248 -3.734541416168213 123.63004302978516
v -4.7321014404296875 -2.9603545665740967 123.34419250488281
v -4.13601541519165 -2.809007406234741 123.69327545166016
v -0.7125713229179382 -3.0777084827423096 123.85072326660156
v -0.3624533712863922 -3.5326273441314697 123.9300308227539
v -4.661499500274658 -3.204711437225342 123.71846771240234
v -4.426513671875 -3.369852066040039 124.03096771240234
v -1.9285188913345337 -3.4746203422546387 124.49961853027344
v -0.9738444089889526 -3.787982702255249 124.338134765625
v -0.30183011293411255 -4.009583473205566 124.02189636230469
v -3.345303535461426 -2.563971996307373 123.7770767211914
v -1.0740145444869995 -2.5780396461486816 123.55137634277344
v -2.961747884750366 -2.1638715267181396 123.28004455566406
v -1.8789880275726318 -2.2244203090667725 123.27873992919922
v -2.506610870361328 -2.7860655784606934 124.02366638183594
v -1.4748075008392334 -2.94516921043396 124.00666809082031
v -3.8646292686462402 -5.635567665100098 124.20321655273438
v -3.162912368774414 -5.7327561378479 124.54227447509766
v -1.4308295249938965 -5.63618803024292 124.59822845458984
v -4.516548156738281 -5.092422008514404 123.94734191894531
v -2.7438831329345703 -5.443087577819824 124.79486846923828
v -1.9051555395126343 -5.752413272857666 124.69474792480469
v -1.1826223134994507 -5.110011100769043 124.65863800048828
v -2.2690834999084473 -5.465442657470703 124.8496322631836
v -3.9491798877716064 -4.833396911621094 124.46966552734375
v -3.2859301567077637 -5.176921367645264 124.69756317138672
v -1.7819280624389648 -5.27711820602417 124.85833740234375
v -4.464181423187256 -4.347772121429443 124.18549346923828
v -1.1627800464630127 -4.517038345336914 124.6705551147461
v -4.3558244705200195 -3.7937042713165283 124.25519561767578
v -2.38063645362854 -3.9203543663024902 124.76750946044922
v -1.7235424518585205 -4.1985907554626465 124.77047729492188
v -3.9167227745056152 -4.1345648765563965 124.52610778808594
v -3.3843252658843994 -4.554502964019775 124.74215698242188
v -2.4771342277526855 -4.751343250274658 124.87911987304688
v -1.6264837980270386 -4.783419609069824 124.86878967285156
v -3.9282329082489014 -3.47967529296875 124.31523132324219
v -2.6596627235412598 -3.396258592605591 124.53160095214844
v -3.3135673999786377 -3.105189085006714 124.2470703125
v -3.1679635047912598 -3.882622480392456 124.66532897949219
vn -0.1457328349351883 0.10771157592535019 -0.983443021774292
vn 0.13929907977581024 0.0703810527920723 -0.9877460598945618
vn -0.19609764218330383 0.3736509084701538 -0.9066039323806763
vn 0.0959249883890152 0.373015820980072 -0.9228529930114746
vn -0.03252466022968292 -0.3444227874279022 -0.9382510781288147
vn -0.2448352426290512 -0.22504742443561554 -0.9430850148200989
vn -0.008791395463049412 -0.234229177236557 -0.972141683101654
vn 0.17034099996089935 -0.28591397404670715 -0.9429937601089478
vn 0.3046150207519531 -0.3095281422138214 -0.900778591632843
vn -0.2626810073852539 -0.010869142599403858 -0.9648215174674988
vn -0.001971704186871648 -0.14521025121212006 -0.9893988966941833
vn -0.5351735353469849 -0.06250615417957306 -0.8424264788627625
vn -0.3414052724838257 -0.09590023756027222 -0.9350110292434692
vn -0.14390595257282257 -0.15427882969379425 -0.9774912595748901
vn 0.1717817485332489 -0.20356762409210205 -0.963873028755188
vn 0.31644195318222046 -0.14164753258228302 -0.9379768371582031
vn 0.46589943766593933 -0.17013724148273468 -0.8683266043663025
vn -0.3987742066383362 0.2634117007255554 -0.8784039616584778
vn 0.28630515933036804 -0.09146377444267273 -0.953762948513031
vn -0.4062711298465729 0.06742323935031891 -0.9112617373466492
vn 0.3924599289894104 0.01525826659053564 -0.9196425676345825
vn 0.4924839735031128 -0.010865850374102592 -0.8702536821365356
vn -0.3142693042755127 0.5647010207176208 -0.7631170749664307
vn 0.33937567472457886 0.25251469016075134 -0.9061238765716553
vn -0.056428082287311554 0.6331099271774292 -0.7720024585723877
vn 0.13915221393108368 0.5969600081443787 -0.7901110649108887
vn 0.31302154064178467 0.3976632356643677 -0.8624856472015381
vn 0.44357171654701233 0.18690097332000732 -0.8765341639518738
vn 0.5874988436698914 0.1360279768705368 -0.7977101802825928
vn 0.062346674501895905 0.6492115259170532 -0.7580483555793762
vn 0.1820768117904663 0.6162914633750916 -0.766180694103241
vn 0.38263729214668274 0.41786590218544006 -0.8240005373954773
vn -0.13167203962802887 -0.5682178735733032 -0.812275230884552
vn -0.10657096654176712 -0.7367039918899536 -0.6677648425102234
vn 0.13621896505355835 -0.7366469502449036 -0.6624166369438171
vn -0.21731431782245636 -0.4885943830013275 -0.8450148105621338
vn 0.040783002972602844 -0.6027035713195801 -0.7969222664833069
vn -0.3437926471233368 -0.3536736071109772 -0.8698974847793579
vn 0.14677190780639648 -0.45832598209381104 -0.876581609249115
vn 0.25800320506095886 -0.4989893436431885 -0.8273113369941711
vn -0.37441059947013855 -0.5131595730781555 -0.772323727607727
vn 0.1651855707168579 -0.669340968132019 -0.7243593335151672
vn 0.3526749312877655 -0.6501930952072144 -0.6729556918144226
vn 0.5359304547309875 -0.634378969669342 -0.5570834279060364
vn -0.5049620270729065 -0.22809670865535736 -0.8324573636054993
vn 0.3868774473667145 -0.5246227979660034 -0.7583513855934143
vn -0.6898972392082214 -0.07060068100690842 -0.7204563617706299
vn 0.47951990365982056 -0.3807324767112732 -0.79063481092453
vn -0.6521645784378052 -0.2768831253051758 -0.7057033181190491
vn 0.5800782442092896 -0.5119674801826477 -0.6335602402687073
vn 0.7291742563247681 -0.46213167905807495 -0.5047170519828796
vn -0.7651248574256897 0.11007589846849442 -0.6344030499458313
vn 0.6428486704826355 -0.3244171142578125 -0.6939014792442322
vn -0.6366801261901855 0.07203330844640732 -0.7677562236785889
vn 0.7789830565452576 -0.3370837867259979 -0.5287343859672546
vn -0.5556904673576355 0.24349327385425568 -0.7949334979057312
vn 0.6607638001441956 -0.16886259615421295 -0.731352686882019
vn -0.5227336287498474 0.4019424617290497 -0.7517924904823303
vn 0.6837640404701233 -0.02014228329062462 -0.7294251322746277
vn -0.7223154306411743 0.3193282186985016 -0.6134247183799744
vn 0.8095991015434265 -0.17988431453704834 -0.5587405562400818
vn -0.4228885769844055 0.5545121431350708 -0.7167158126831055
vn 0.8262840509414673 -0.039965081959962845 -0.5618339776992798
vn -0.2286067008972168 0.7196152210235596 -0.6556621789932251
vn 0.7394191026687622 0.09223367273807526 -0.6668975949287415
vn -0.4624447226524353 0.6314248442649841 -0.6224528551101685
vn -0.10883724689483643 0.7424361109733582 -0.6610167622566223
vn 0.5474119782447815 0.4077145755290985 -0.7308275699615479
vn -0.026250729337334633 0.7964783310890198 -0.6040970087051392
vn 0.18163703382015228 0.707158088684082 -0.683326780796051
vn 0.3682154715061188 0.6167200803756714 -0.6957541108131409
vn -0.2647188901901245 0.7819730639457703 -0.5643066763877869
vn 0.771176815032959 0.3148644268512726 -0.5533052086830139
vn -0.07285679131746292 0.8798401355743408 -0.4696522355079651
vn 0.09396094083786011 0.8716071844100952 -0.4811156988143921
vn 0.2768934965133667 0.834585428237915 -0.4762323498725891
vn -0.22469064593315125 -0.8514531254768372 -0.4738582670688629
vn -0.044741421937942505 -0.840880811214447 -0.5393677949905396
vn -0.22493396699428558 -0.7555785775184631 -0.6152281761169434
vn 0.1506684422492981 -0.8418920040130615 -0.5181861519813538
vn -0.42670363187789917 -0.6554087996482849 -0.6231880784034729
vn 0.34822750091552734 -0.7739750742912292 -0.5288670659065247
vn 0.44965264201164246 -0.7543169856071472 -0.4783496856689453
vn -0.4725162982940674 -0.7753476500511169 -0.4190041720867157
vn 0.32368332147598267 -0.8873882293701172 -0.3282853960990906
vn -0.619948148727417 -0.5086057186126709 -0.5974817872047424
vn 0.5618603825569153 -0.7788214087486267 -0.27883705496788025
vn -0.788433849811554 -0.3212854564189911 -0.5245453119277954
vn 0.6701646447181702 -0.6478017568588257 -0.3622600734233856
vn -0.7312955856323242 -0.5583661198616028 -0.3917067050933838
vn -0.8259971141815186 -0.09353302419185638 -0.5558599829673767
vn 0.8135984539985657 -0.5281093716621399 -0.2432243973016739
vn -0.7962340712547302 0.13916724920272827 -0.5887646675109863
vn 0.8701356053352356 -0.39146292209625244 -0.2993675470352173
vn -0.8651398420333862 -0.05432727932929993 -0.49857959151268005
vn -0.7777370810508728 0.4150654077529907 -0.47206544876098633
vn 0.8735705018043518 -0.27348700165748596 -0.40259093046188354
vn -0.6683927774429321 0.4931645095348358 -0.5568123459815979
vn 0.9326820969581604 -0.17474757134914398 -0.3155430257320404
vn -0.5796446204185486 0.6572263240814209 -0.481732040643692
vn 0.9028407335281372 -0.012570313178002834 -0.42979148030281067
vn -0.4858592450618744 0.7377503514289856 -0.4686846137046814
vn -0.6917986869812012 0.6294443607330322 -0.35385653376579285
vn 0.9551910758018494 0.04331741854548454 -0.2928030788898468
vn -0.40076351165771484 0.7962906956672668 -0.4531112611293793
vn 0.9089149236679077 0.18200495839118958 -0.37516388297080994
vn -0.29072627425193787 0.8560753464698792 -0.4273327589035034
vn 0.7573638558387756 0.5172907710075378 -0.39851003885269165
vn -0.5199615955352783 0.7972237467765808 -0.3067152202129364
vn -0.1492300182580948 0.9356387853622437 -0.31986019015312195
vn 0.5149478316307068 0.7021909356117249 -0.491687536239624
vn 0.05274244770407677 0.9653246402740479 -0.25566887855529785
vn 0.23919786512851715 0.9401974081993103 -0.2425144612789154
vn 0.4421939551830292 0.8742257356643677 -0.200484037399292
vn -0.3211069107055664 0.9156878590583801 -0.24167370796203613
vn 0.6659191250801086 0.7180332541465759 -0.20243537425994873
vn -0.4358467161655426 -0.8614494800567627 -0.26065781712532043
vn -0.2630039155483246 -0.9188562631607056 -0.2941635847091675
vn -0.06651933491230011 -0.9349905848503113 -0.34837886691093445
vn 0.1011139526963234 -0.9442679286003113 -0.3132636845111847
vn -0.6224868893623352 -0.730625569820404 -0.2805287539958954
vn 0.332490473985672 -0.9338732361793518 -0.1316465139389038
vn -0.8088922500610352 -0.544424295425415 -0.222026064991951
vn 0.47488629817962646 -0.8517970442771912 -0.22118957340717316
vn -0.8732596635818481 -0.32645490765571594 -0.36172470450401306
vn 0.5882219076156616 -0.807925283908844 -0.035379789769649506
vn 0.7079801559448242 -0.7008833885192871 -0.08675636351108551
vn -0.8854861259460449 -0.22609059512615204 -0.4059525430202484
vn 0.8329781889915466 -0.5521891713142395 -0.03513539582490921
vn -0.952921986579895 -0.18915438652038574 -0.23698177933692932
vn -0.9413942098617554 0.14161339402198792 -0.30614152550697327
vn 0.8630626201629639 -0.49434614181518555 -0.10365713387727737
vn -0.8152459263801575 0.3167082667350769 -0.4848400950431824
vn 0.8863630294799805 -0.39754214882850647 -0.2373201847076416
vn -0.7579873204231262 0.5161166787147522 -0.39884698390960693
vn 0.9557413458824158 -0.28099381923675537 -0.08718333393335342
vn -0.7390599846839905 0.6277334690093994 -0.24442002177238464
vn 0.9967946410179138 -0.06685549765825272 -0.04394197091460228
vn -0.6455467939376831 0.7156954407691956 -0.26655077934265137
vn 0.9779399037361145 0.1750665307044983 -0.11395304650068283
vn -0.5995322465896606 0.7887774109840393 -0.13561449944972992
vn 0.9052689671516418 0.33756983280181885 -0.2579432427883148
vn -0.4823898673057556 0.8514847755432129 -0.20560573041439056
vn 0.8998357057571411 0.4308966100215912 -0.06799934804439545
vn -0.3701775074005127 0.9264429211616516 -0.06835321336984634
vn 0.8420760035514832 0.5208368301391602 -0.14013215899467468
vn -0.122857004404068 0.9876895546913147 -0.09682729840278625
vn 0.0702420249581337 0.9973801970481873 -0.01728670671582222
vn 0.23518006503582 0.9714094996452332 -0.03246496617794037
vn 0.43029293417930603 0.9025710225105286 0.014614954590797424
vn 0.6325310468673706 0.7738561630249023 0.03242167457938194
vn -0.48034849762916565 -0.8742706179618835 -0.07011619955301285
vn -0.2967625558376312 -0.9514187574386597 -0.08206303417682648
vn -0.10063637048006058 -0.9856036901473999 -0.13585931062698364
vn 0.09955327957868576 -0.9884241223335266 -0.11448521912097931
vn -0.6557084321975708 -0.7421973347663879 -0.13852645456790924
vn 0.31983211636543274 -0.9472211599349976 0.02189772203564644
vn -0.835789680480957 -0.5431609749794006 -0.08019915968179703
vn 0.47874146699905396 -0.877227246761322 0.03576278313994408
vn 0.16043192148208618 -0.9815210103988647 0.10429828613996506
vn -0.9067159295082092 -0.3819284439086914 -0.17887696623802185
vn 0.6017211079597473 -0.7896968722343445 0.11962683498859406
vn 0.7198821902275085 -0.6878729462623596 0.09273938089609146
vn -0.9403815269470215 -0.325499564409256 -0.09865434467792511
vn 0.7942414879798889 -0.593069314956665 0.13209594786167145
vn -0.9835906028747559 -0.18014487624168396 0.009869690984487534
vn -0.9823122024536133 0.15467412769794464 -0.10553953051567078
vn 0.8304538726806641 -0.5251248478889465 0.1859849989414215
vn -0.8511333465576172 0.4812846779823303 -0.20961177349090576
vn 0.8863983154296875 -0.460216760635376 0.04998639225959778
vn -0.7838508486747742 0.6130797863006592 -0.0985448881983757
vn 0.9509186744689941 -0.2597891688346863 0.1681171953678131
vn -0.7711144089698792 0.6360870599746704 -0.02785451151430607
vn 0.9733573794364929 -0.044104404747486115 0.22501161694526672
vn -0.7001621127128601 0.7078311443328857 -0.09353183954954147
vn -0.6133882403373718 0.7892205119132996 0.02976473607122898
vn 0.967694103717804 0.1948709636926651 0.15997934341430664
vn -0.5139449834823608 0.8570665717124939 0.036021120846271515
vn 0.8537017703056335 0.4984474182128906 0.150809645652771
vn 0.8251981735229492 0.47658100724220276 0.30318063497543335
vn -0.40076687932014465 0.9076333045959473 0.12485117465257645
vn 0.7474886178970337 0.6619638800621033 0.05535890534520149
vn -0.16995827853679657 0.981884241104126 0.083770751953125
vn 0.024328304454684258 0.9879448413848877 0.15288306772708893
vn 0.20827920734882355 0.9546478390693665 0.21276122331619263
vn 0.37146198749542236 0.9082178473472595 0.19275997579097748
vn 0.5382450819015503 0.8144281506538391 0.21679258346557617
vn -0.23601175844669342 0.9305352568626404 0.28000470995903015
vn 0.6686212420463562 0.6898908019065857 0.27748215198516846
vn -0.4360331892967224 -0.89296555519104 0.11174801737070084
vn -0.2506036162376404 -0.9624114632606506 0.1046995148062706
vn -0.055338505655527115 -0.9957139492034912 0.07410439848899841
vn -0.7016445398330688 -0.7123642563819885 0.01523836050182581
vn 0.1487143337726593 -0.9526484608650208 0.2652263343334198
vn -0.8494116067886353 -0.5206024050712585 0.08644664287567139
vn 0.3481742739677429 -0.9097453951835632 0.2261372059583664
vn 0.4313303530216217 -0.8703335523605347 0.23764201998710632
vn -0.9369019865989685 -0.3438878059387207 0.06289590150117874
vn 0.5711764693260193 -0.777216374874115 0.26399266719818115
vn 0.6816381812095642 -0.6813518404960632 0.26670053601264954
vn -0.9019572734832764 -0.34837400913238525 0.2551638185977936
vn 0.48030179738998413 -0.7948485612869263 0.37084507942199707
vn -0.9455068707466125 -0.2383614480495453 0.22181223332881927
vn 0.7846871614456177 -0.5375727415084839 0.3086772859096527
vn -0.9579237699508667 -0.04867800697684288 0.2828649878501892
vn 0.6655870676040649 -0.6353638768196106 0.3915439546108246
vn -0.9836918115615845 0.15265633165836334 0.09511272609233856
vn 0.8128807544708252 -0.3754453659057617 0.4452704191207886
vn -0.88096684217453 0.4720366895198822 0.03284602239727974
vn 0.8735707402229309 -0.37190985679626465 0.3139384090900421
vn -0.907386302947998 0.2939430773258209 0.30041244626045227
vn -0.8685083985328674 0.45772606134414673 0.19021065533161163
vn 0.8924844861030579 -0.14018550515174866 0.42874178290367126
vn 0.8218874931335449 -0.1966666728258133 0.5346242189407349
vn -0.8517454862594604 0.5133525133132935 0.10487537831068039
vn 0.9109728336334229 0.1058155968785286 0.39866235852241516
vn -0.6782753467559814 0.7264343500137329 0.11061539500951767
vn 0.8265076279640198 0.25450095534324646 0.502109944820404
vn -0.7327464818954468 0.6504660248756409 0.1999414712190628
vn 0.7729140520095825 0.07808101177215576 0.6296882033348083
vn -0.5933197736740112 0.7764119505882263 0.21249982714653015
vn 0.7268330454826355 0.4257034659385681 0.5389715433120728
vn -0.45316219329833984 0.8664569854736328 0.2095145434141159
vn -0.3607449233531952 0.8680316805839539 0.34115132689476013
vn 0.5872978568077087 0.6254980564117432 0.5136472582817078
vn -0.44057902693748474 0.8148953914642334 0.3766108453273773
vn 0.58475261926651 0.47307419776916504 0.6589880585670471
vn -0.1578788012266159 0.8709688186645508 0.4652823805809021
vn 0.4547746181488037 0.7647488713264465 0.4564419388771057
vn -0.01500578410923481 0.9470319747924805 0.3207884728908539
vn 0.16130651533603668 0.9130098819732666 0.3746907114982605
vn 0.34345361590385437 0.8553286194801331 0.38788214325904846
vn 0.040907688438892365 0.8525533676147461 0.5210368037223816
vn 0.22255565226078033 0.8110038042068481 0.5410561561584473
vn 0.3860194981098175 0.7137203216552734 0.5844590067863464
vn -0.38831833004951477 -0.8216215372085571 0.4173092544078827
vn -0.19985182583332062 -0.9021027088165283 0.38245272636413574
vn -0.07359392940998077 -0.9517771601676941 0.29783254861831665
vn -0.6484938859939575 -0.7247397303581238 0.23282626271247864
vn 0.08774708211421967 -0.8930855989456177 0.4412466585636139
vn 0.24792641401290894 -0.8712846040725708 0.42355138063430786
vn -0.5794244408607483 -0.6051927804946899 0.5459020137786865
vn -0.2971535921096802 -0.7135838270187378 0.6344271898269653
vn -0.046894341707229614 -0.834074854850769 0.5496546030044556
vn -0.7812821269035339 -0.5270323753356934 0.3344176113605499
vn 0.3827812969684601 -0.7945547103881836 0.4713399112224579
vn -0.8160473108291626 -0.33343350887298584 0.47211119532585144
vn 0.5379565954208374 -0.7102881669998169 0.4539751410484314
vn -0.6134181618690491 -0.4675764739513397 0.6364670991897583
vn 0.20132441818714142 -0.7983090877532959 0.5676011443138123
vn -0.917622447013855 -0.1630859673023224 0.36245280504226685
vn 0.6057705283164978 -0.49669569730758667 0.6215588450431824
vn 0.7333824634552002 -0.47297996282577515 0.4883033037185669
vn -0.8014389276504517 -0.19989603757858276 0.5636818408966064
vn -0.6321380138397217 -0.28365185856819153 0.7210708856582642
vn -0.9104250073432922 0.06495540589094162 0.4085427224636078
vn 0.7831557989120483 -0.298313170671463 0.5455971956253052
vn 0.658362090587616 -0.2969059944152832 0.6916691660881042
vn -0.9117580652236938 0.21522748470306396 0.34982049465179443
vn 0.7386226058006287 -0.11599654704332352 0.664064347743988
vn -0.8362504243850708 0.43871983885765076 0.32895326614379883
vn 0.6448253393173218 -0.10536471754312515 0.7570328116416931
vn -0.6340611577033997 0.660916268825531 0.4014427661895752
vn 0.7066476345062256 0.1208624467253685 0.6971667408943176
vn -0.5239336490631104 0.7353543043136597 0.42982274293899536
vn 0.5633400678634644 0.30972641706466675 0.7659749388694763
vn 0.5462964177131653 0.12852907180786133 0.8276717662811279
vn -0.33822470903396606 0.74703049659729 0.572319507598877
vn 0.4190365672111511 0.49598821997642517 0.7605288028717041
vn -0.26707080006599426 0.8478990793228149 0.4579741358757019
vn -0.1274562031030655 0.807656466960907 0.5757134556770325
vn 0.07337920367717743 0.7493336200714111 0.6581144332885742
vn 0.26460975408554077 0.660007655620575 0.703115701675415
vn -0.17079849541187286 0.7273402214050293 0.6646835207939148
vn -0.033900439739227295 0.676234781742096 0.7359058260917664
vn 0.13620992004871368 0.5869011878967285 0.7981189489364624
vn 0.34806615114212036 0.43128329515457153 0.8323729634284973
vn -0.08285140246152878 -0.2779487371444702 -0.9570162892341614
vn 0.07536832988262177 -0.28872644901275635 -0.9544405341148376
vn 0.20541350543498993 -0.2152329981327057 -0.9547146558761597
vn -0.13459962606430054 -0.10273751616477966 -0.9855597615242004
vn 0.09635666757822037 -0.08386775106191635 -0.9918072819709778
vn 0.27010220289230347 -0.043405208736658096 -0.9618527889251709
vn 0.48652058839797974 0.014687659218907356 -0.8735457062721252
vn -0.19015873968601227 0.009892575442790985 -0.9817035794258118
vn 0.1036202535033226 0.07559046894311905 -0.991740345954895
vn 0.28759342432022095 0.10456220805644989 -0.9520277380943298
vn 0.48701608180999756 0.10381612181663513 -0.867201030254364
vn -0.08732644468545914 0.20014512538909912 -0.9758668541908264
vn -0.14857889711856842 -0.6844154000282288 0.7137926816940308
vn 0.01807231642305851 -0.7841160893440247 0.6203510165214539
vn -0.3571185767650604 -0.5629228949546814 0.7453752160072327
vn 0.10126358270645142 -0.645313560962677 0.7571764588356018
vn 0.3006683886051178 -0.6785221099853516 0.6702284812927246
vn 0.4671708643436432 -0.6132964491844177 0.6368821859359741
vn -0.20362530648708344 -0.44517701864242554 0.8719829320907593
vn -0.05586852878332138 -0.5522574782371521 0.8317995071411133
vn -0.4051802456378937 -0.38579633831977844 0.8288487195968628
vn 0.46482178568840027 -0.36647242307662964 0.8060017228126526
vn -0.6781449317932129 -0.06266946345567703 0.7322514057159424
vn -0.4590238332748413 -0.16465896368026733 0.8730318546295166
vn -0.24663607776165009 -0.21409764885902405 0.9451628923416138
vn -0.0711124911904335 -0.3220503628253937 0.9440479874610901
vn 0.08965934067964554 -0.4365328550338745 0.8952096104621887
vn 0.26160097122192383 -0.49017566442489624 0.8314402103424072
vn -0.8501811623573303 -0.022392192855477333 0.5260139107704163
vn 0.4980953335762024 -0.1993100941181183 0.8439055681228638
vn -0.6381299495697021 0.02870120480656624 0.7693935036659241
vn -0.417706698179245 0.0009684296674095094 0.9085814952850342
vn -0.22158992290496826 -0.021155089139938354 0.9749104380607605
vn -0.0686848983168602 -0.12700648605823517 0.9895209670066833
vn 0.08269684761762619 -0.20562168955802917 0.9751312732696533
vn 0.251926988363266 -0.2477247267961502 0.9355027079582214
vn -0.8052738308906555 0.10154366493225098 0.5841429829597473
vn 0.46382516622543335 -0.01600717566907406 0.8857821822166443
vn -0.7808963060379028 0.3388993740081787 0.5247363448143005
vn -0.6023874282836914 0.22506682574748993 0.7658161520957947
vn -0.4044465124607086 0.18801914155483246 0.8950262069702148
vn -0.247763529419899 0.17882384359836578 0.9521740078926086
vn -0.07352182269096375 0.10729546844959259 0.9915050268173218
vn 0.08712223172187805 -0.0037845680490136147 0.9961904883384705
vn 0.27903032302856445 -0.09416414797306061 0.9556543231010437
vn -0.5923091173171997 0.48221224546432495 0.6454775929450989
vn 0.38847967982292175 0.20667226612567902 0.8979811072349548
vn -0.4461442232131958 0.6609480977058411 0.6034095287322998
vn -0.2917347848415375 0.6367833614349365 0.7137211561203003
vn -0.13662473857402802 0.5611732602119446 0.8163444399833679
vn 0.010746579617261887 0.48159870505332947 0.8763260245323181
vn 0.18542292714118958 0.3621450364589691 0.9134929180145264
vn -0.3774357736110687 0.43938928842544556 0.8151560425758362
vn -0.23949876427650452 0.4080008864402771 0.8810083270072937
vn -0.10401973128318787 0.34333929419517517 0.933433473110199
vn 0.054553866386413574 0.23821301758289337 0.969679594039917
vn 0.24015073478221893 0.1007135882973671 0.9654970169067383
vn -0.29993557929992676 -0.4035341739654541 -0.8644067049026489
vn -0.09211017936468124 -0.4795962870121002 -0.8726414442062378
vn 0.14850792288780212 -0.5070551037788391 -0.8490232825279236
vn -0.03134061396121979 -0.624476969242096 -0.7804141640663147
vn 0.19600895047187805 -0.6469190120697021 -0.7369371056556702
vn -0.349160760641098 -0.2406303733587265 -0.9056400656700134
vn 0.29836782813072205 -0.4553889036178589 -0.8388072848320007
vn 0.4614965319633484 -0.1730542629957199 -0.8700995445251465
vn 0.59050053358078 -0.4053342342376709 -0.6978633999824524
vn -0.42924362421035767 -0.12277872860431671 -0.8948046565055847
vn 0.6973788142204285 -0.13178490102291107 -0.7044824957847595
vn -0.5871551632881165 -0.17304076254367828 -0.7907627820968628
vn -0.3630427122116089 0.12379290908575058 -0.9235125184059143
vn 0.6879581212997437 0.0862402468919754 -0.7206082940101624
vn 0.2971697151660919 0.2739785611629486 -0.9146726131439209
vn 0.4442138969898224 0.25305747985839844 -0.8594393134117126
vn 0.6233457326889038 0.20384538173675537 -0.7549087405204773
vn -0.6130805015563965 0.012145440094172955 -0.7899271249771118
vn -0.5225266814231873 0.03172365576028824 -0.8520326018333435
vn 0.8223889470100403 0.09232127666473389 -0.5613851547241211
vn -0.24958154559135437 0.3583142161369324 -0.8996221423149109
vn 0.16257897019386292 0.28346022963523865 -0.945102334022522
vn 0.008844607509672642 0.41850510239601135 -0.9081714153289795
vn -0.5488971471786499 0.18752853572368622 -0.8145827054977417
vn -0.4115075469017029 0.2597329318523407 -0.8736134171485901
vn 0.22904907166957855 0.4646717309951782 -0.8553459644317627
vn 0.3981635868549347 0.42129725217819214 -0.8148462772369385
vn 0.5853193402290344 0.34354904294013977 -0.7344217300415039
vn -0.2656412124633789 0.3501167297363281 -0.8982499837875366
vn -0.055062562227249146 0.4936305582523346 -0.867926836013794
vn 0.17516186833381653 0.5543487071990967 -0.8136436343193054
vn 0.3526774048805237 0.5637924075126648 -0.7468311786651611
vn 0.5247559547424316 0.48460057377815247 -0.699852466583252
vn 0.04286131635308266 0.5529443025588989 -0.832115113735199
vn 0.19114796817302704 0.6258965730667114 -0.7561189532279968
vn -0.08430133014917374 -0.7678720951080322 -0.6350321173667908
vn 0.17024175822734833 -0.7824478149414062 -0.5989934802055359
vn -0.2200688123703003 -0.7960754632949829 -0.5637673735618591
vn -0.24241013824939728 -0.644385039806366 -0.7252622246742249
vn 0.37911519408226013 -0.6810937523841858 -0.626404881477356
vn -0.35539868474006653 -0.5233431458473206 -0.7744700312614441
vn 0.44427236914634705 -0.613765299320221 -0.6526210308074951
vn -0.41764989495277405 -0.5935158133506775 -0.6879734992980957
vn 0.5733758807182312 -0.6215116381645203 -0.5338196158409119
vn 0.7249040603637695 -0.551998496055603 -0.412082314491272
vn -0.5191686749458313 -0.36458176374435425 -0.7730097770690918
vn 0.7064738273620605 -0.4393885135650635 -0.5548264980316162
vn -0.6550004482269287 -0.3278858959674835 -0.6807828545570374
vn -0.6202545762062073 -0.4579993188381195 -0.6368052959442139
vn 0.796370267868042 -0.4190085828304291 -0.43614938855171204
vn -0.7107190489768982 -0.21866574883460999 -0.6686282753944397
vn 0.7720843553543091 -0.22775407135486603 -0.5933075547218323
vn -0.7406787872314453 -0.0972406417131424 -0.6647850275039673
vn 0.8180818557739258 -0.09720699489116669 -0.5668270587921143
vn 0.8720287084579468 -0.25458264350891113 -0.4180355966091156
vn -0.7102766036987305 0.09248752146959305 -0.6978203654289246
vn 0.9279205203056335 -0.030201232060790062 -0.37155279517173767
vn 0.8357491493225098 0.1949533075094223 -0.5133387446403503
vn -0.7387040853500366 0.2618834674358368 -0.621074378490448
vn 0.7496213316917419 0.2810806334018707 -0.5992175340652466
vn -0.560137927532196 0.3235993981361389 -0.7625805139541626
vn 0.8456420302391052 0.2989821434020996 -0.4421529769897461
vn -0.44443461298942566 0.5307658910751343 -0.7216408848762512
vn 0.7169235944747925 0.3817773461341858 -0.5833238363265991
vn -0.22643430531024933 0.5775622725486755 -0.7843145728111267
vn 0.5319324135780334 0.5762072801589966 -0.6205103397369385
vn 0.6952255964279175 0.4829873740673065 -0.5323387980461121
vn -0.6348581910133362 0.5242480635643005 -0.5675554275512695
vn -0.09571810066699982 0.7404402494430542 -0.6652716398239136
vn 0.3709999620914459 0.6926442384719849 -0.618549108505249
vn 0.01605820283293724 0.7765256762504578 -0.6298810243606567
vn 0.2538687586784363 0.7159201502799988 -0.6503914594650269
vn -0.6063867211341858 0.6902210712432861 -0.3948291540145874
vn -0.36925140023231506 0.7759702205657959 -0.5113938450813293
vn 0.4557291567325592 0.7317490577697754 -0.5068079829216003
vn -0.05215465649962425 0.894948422908783 -0.443110853433609
vn 0.1893072873353958 0.8384813070297241 -0.510991096496582
vn -0.2675473690032959 -0.8915630578994751 -0.36542272567749023
vn -0.31025248765945435 -0.7889728546142578 -0.5303444862365723
vn -0.0926181972026825 -0.8977054953575134 -0.4307512938976288
vn -0.47419431805610657 -0.6909210085868835 -0.5456811785697937
vn 0.06380899250507355 -0.8536709547042847 -0.516889214515686
vn 0.3728397786617279 -0.794459342956543 -0.4794006049633026
vn 0.5401937961578369 -0.7327655553817749 -0.4138180911540985
vn -0.5046473145484924 -0.7865375280380249 -0.3559352159500122
vn 0.1459331214427948 -0.8973782062530518 -0.4164324402809143
vn 0.38875988125801086 -0.855789840221405 -0.34130555391311646
vn -0.6220669746398926 -0.5914812088012695 -0.5130133628845215
vn 0.7068279981613159 -0.6677232980728149 -0.23353765904903412
vn -0.7522196173667908 -0.4945163130760193 -0.43545305728912354
vn -0.7189739942550659 -0.62440025806427 -0.3052879571914673
vn -0.7776625752449036 -0.3909611403942108 -0.4923315942287445
vn 0.8395310044288635 -0.4893914759159088 -0.23597407341003418
vn -0.7941322922706604 -0.3101062774658203 -0.5226739645004272
vn 0.8878156542778015 -0.32515648007392883 -0.3256634473800659
vn -0.8359276056289673 -0.15048804879188538 -0.5278053283691406
vn -0.8624083995819092 -0.2636902630329132 -0.4321102201938629
vn 0.9413853287696838 -0.1822742223739624 -0.28384819626808167
vn -0.8227953314781189 0.028726287186145782 -0.5676113367080688
vn 0.9454846382141113 0.0034031455870717764 -0.32564887404441833
vn -0.8761060237884521 -0.16462741792201996 -0.4531401991844177
vn 0.978895902633667 0.08146651089191437 -0.18741948902606964
vn -0.79622882604599 0.33506834506988525 -0.5037350058555603
vn 0.9395354390144348 0.1777852326631546 -0.2926868796348572
vn 0.9089518785476685 0.32038483023643494 -0.26675859093666077
vn -0.8539983630180359 0.11686260253190994 -0.5069813132286072
vn -0.7628861665725708 0.5001310110092163 -0.4097239077091217
vn 0.8210827112197876 0.44477060437202454 -0.3577740490436554
vn 0.761785626411438 0.5237025618553162 -0.3813374638557434
vn 0.878392219543457 0.45090341567993164 -0.15847156941890717
vn -0.6930975914001465 0.698543131351471 -0.17791391909122467
vn 0.6327473521232605 0.6563952565193176 -0.410823792219162
vn -0.4962759017944336 0.8283961415290833 -0.2597498893737793
vn -0.2819928526878357 0.8738666772842407 -0.396026611328125
vn 0.5387465357780457 0.7903263568878174 -0.2917814552783966
vn 0.7249835133552551 0.6591542959213257 -0.1997862160205841
vn -0.1844327449798584 0.9636592268943787 -0.19324997067451477
vn 0.4121348261833191 0.7814150452613831 -0.4685460925102234
vn 0.1125350147485733 0.9640600085258484 -0.24067451059818268
vn 0.32497546076774597 0.8999249935150146 -0.29073354601860046
vn -0.4069148004055023 -0.8906782865524292 -0.20276230573654175
vn -0.2529369592666626 -0.9481287598609924 -0.19254833459854126
vn -0.06115492060780525 -0.9616332650184631 -0.26743507385253906
vn 0.18685491383075714 -0.9521320462226868 -0.24192942678928375
vn -0.6183112859725952 -0.7508180737495422 -0.2323005050420761
vn 0.4406511187553406 -0.8867634534835815 -0.13956068456172943
vn -0.7645301222801208 -0.6343518495559692 -0.11441794782876968
vn 0.5637615919113159 -0.7940033078193665 -0.22744591534137726
vn -0.6112333536148071 -0.7858631610870361 -0.09387744963169098
vn -0.8203165531158447 -0.5064532160758972 -0.26568010449409485
vn 0.7407510280609131 -0.6675280332565308 -0.07546094059944153
vn -0.8153232932090759 -0.4621059000492096 -0.34886404871940613
vn 0.8166701197624207 -0.5665139555931091 -0.11005386710166931
vn -0.8690465092658997 -0.39171263575553894 -0.30219095945358276
vn 0.8639460206031799 -0.44831031560897827 -0.2293800413608551
vn -0.8308728933334351 -0.5130385756492615 -0.21550358831882477
vn -0.918278157711029 -0.29735422134399414 -0.26143011450767517
vn 0.9409677982330322 -0.3219170570373535 -0.10463789850473404
vn -0.9594992995262146 -0.2080952227115631 -0.1898880898952484
vn -0.9393050670623779 -0.035683754831552505 -0.3412223160266876
vn 0.9966135025024414 -0.06179045885801315 -0.05425400659441948
vn 0.9754100441932678 0.21816928684711456 0.031263742595911026
vn -0.9366121888160706 0.2452872395515442 -0.25018367171287537
vn 0.9592275619506836 0.25314491987228394 -0.12569895386695862
vn -0.8394502997398376 0.42008739709854126 -0.3447459638118744
vn -0.7880340814590454 0.5888310074806213 -0.17966748774051666
vn 0.9459511637687683 0.321169912815094 -0.045014746487140656
vn 0.8744077086448669 0.4831283390522003 -0.04470159485936165
vn -0.7268664240837097 0.6866178512573242 0.014869647100567818
vn 0.8387055993080139 0.5296053886413574 -0.12685060501098633
vn -0.5675760507583618 0.8230730295181274 -0.02020699717104435
vn -0.41858986020088196 0.9031839966773987 -0.09508514404296875
vn 0.6341544985771179 0.771990180015564 -0.043351080268621445
vn 0.7349177598953247 0.6762893795967102 -0.05028517544269562
vn -0.2726018726825714 0.9609492421150208 0.047590214759111404
vn 0.4899619221687317 0.8490215539932251 -0.1977366805076599
vn 0.04502009600400925 0.9987252950668335 -0.02282765693962574
vn 0.30509352684020996 0.9520346522331238 -0.023408427834510803
vn 0.49488595128059387 0.8680920600891113 0.03878353163599968
vn -0.3041190505027771 -0.9525918960571289 0.008962476626038551
vn -0.12039719521999359 -0.9896306991577148 -0.0783303827047348
vn 0.1167239099740982 -0.9893704056739807 -0.08672772347927094
vn -0.47059082984924316 -0.8823251724243164 -0.006833530031144619
vn 0.42246249318122864 -0.906379222869873 0.0014603869058191776
vn -0.7203121185302734 -0.6928867101669312 0.03253472223877907
vn -0.6461379528045654 -0.7602524161338806 0.06724628061056137
vn 0.6347620487213135 -0.7726516127586365 0.0093103451654315
vn 0.20420001447200775 -0.9749649167060852 0.08801017701625824
vn -0.8129236102104187 -0.5758488178253174 -0.08691056817770004
vn 0.7434308528900146 -0.6635653376579285 0.08361637592315674
vn -0.8508146405220032 -0.5243313312530518 -0.03451329469680786
vn -0.8066691756248474 -0.5861271023750305 0.07576167583465576
vn -0.9263444542884827 -0.3660646378993988 -0.08878406137228012
vn 0.7882943153381348 -0.5968827605247498 0.14940893650054932
vn 0.8536911010742188 -0.5207316875457764 0.00708142900839448
vn -0.9072667956352234 -0.4091292917728424 0.09736666828393936
vn -0.9674794673919678 -0.25275421142578125 0.009942456148564816
vn 0.9507217407226562 -0.29288291931152344 0.10172393918037415
vn -0.9894684553146362 -0.11555016785860062 0.08718066662549973
vn -0.9980661273002625 0.01634903810918331 -0.0599726065993309
vn 0.9882287383079529 0.009629647247493267 0.15268030762672424
vn 0.9262641668319702 0.2713959813117981 0.2614938020706177
vn -0.9666314125061035 0.1181376725435257 0.22730417549610138
vn 0.9201748371124268 0.0923367440700531 0.38046324253082275
vn -0.9583425521850586 0.28310316801071167 0.037844136357307434
vn 0.9258571267127991 0.3367580771446228 0.17141377925872803
vn -0.8530251979827881 0.5200838446617126 -0.04313807561993599
vn -0.8864911198616028 0.409197598695755 0.21608053147792816
vn -0.819449245929718 0.5555587410926819 0.14091625809669495
vn 0.9147084951400757 0.3742215931415558 0.1525339037179947
vn 0.8653857111930847 0.48238879442214966 0.1356787532567978
vn 0.8347145915031433 0.47371914982795715 0.2807878851890564
vn -0.7486264109611511 0.6406617760658264 0.1706196814775467
vn 0.8090934753417969 0.5775404572486877 0.10869599133729935
vn -0.5720727443695068 0.8105551600456238 0.1254318505525589
vn -0.41535571217536926 0.892595112323761 0.1753673255443573
vn 0.7250694036483765 0.6766465306282043 0.1281556338071823
vn -0.5920751094818115 0.7692127823829651 0.2403307855129242
vn 0.725418210029602 0.6278464794158936 0.2820946276187897
vn -0.2471221387386322 0.9236723184585571 0.292848140001297
vn 0.6040533185005188 0.7722158432006836 0.19698290526866913
vn -0.04055566340684891 0.9817577004432678 0.1857607066631317
vn 0.20938315987586975 0.9584541320800781 0.19371208548545837
vn 0.40116098523139954 0.8914674520492554 0.21060790121555328
vn 0.02011379785835743 0.922807514667511 0.384736031293869
vn 0.2678220868110657 0.8883188366889954 0.3730429708957672
vn 0.5090159773826599 0.7956978678703308 0.32827994227409363
vn -0.288832426071167 -0.9352467060089111 0.2046692967414856
vn -0.09207051992416382 -0.9919691681861877 0.08671894669532776
vn -0.4643860161304474 -0.8731828927993774 0.14797751605510712
vn 0.20088082551956177 -0.9547879099845886 0.2191505879163742
vn -0.5965038537979126 -0.7680788040161133 0.23289071023464203
vn 0.48416611552238464 -0.8532899022102356 0.19359654188156128
vn 0.6270297169685364 -0.7531174421310425 0.1991177499294281
vn -0.41344523429870605 -0.860995888710022 0.2962249219417572
vn -0.7082557082176208 -0.670438826084137 0.2211012840270996
vn 0.743790328502655 -0.5931916832923889 0.3080577850341797
vn -0.8096758127212524 -0.5452722311019897 0.21703319251537323
vn 0.617416501045227 -0.717464029788971 0.322555810213089
vn -0.8267412781715393 -0.5388296246528625 0.16174526512622833
vn 0.7823079824447632 -0.45464012026786804 0.42578938603401184
vn -0.8911442756652832 -0.3609481751918793 0.27491527795791626
vn 0.8525904417037964 -0.46342962980270386 0.24150076508522034
vn -0.9579432606697083 -0.2472103238105774 0.1457115262746811
vn 0.9272634983062744 -0.20401707291603088 0.3139418065547943
vn 0.8380985856056213 -0.019913258031010628 0.5451552271842957
vn 0.8228771090507507 -0.3013596832752228 0.48172152042388916
vn -0.9665073752403259 -0.05228932201862335 0.25125551223754883
vn 0.8529151082038879 0.21549265086650848 0.47549837827682495
vn -0.9141809940338135 0.2688019573688507 0.3033457398414612
vn 0.89647376537323 0.28842630982398987 0.3363705277442932
vn 0.8233804702758789 0.37123286724090576 0.4292212128639221
vn 0.8281592130661011 0.2227448970079422 0.5143317580223083
vn -0.8506268858909607 0.45040163397789 0.2712422013282776
vn 0.7787505984306335 0.46333563327789307 0.4229274392127991
vn -0.679642915725708 0.645202100276947 0.34899821877479553
vn 0.6767545938491821 0.5910192728042603 0.4389755427837372
vn -0.7806588411331177 0.4911581873893738 0.38643932342529297
vn -0.508525013923645 0.7642335891723633 0.39667293429374695
vn 0.5523075461387634 0.7240574359893799 0.4131552577018738
vn -0.35775643587112427 0.8870989680290222 0.291660338640213
vn -0.17204110324382782 0.8970472812652588 0.40707263350486755
vn 0.0896725058555603 0.8663085699081421 0.4913942515850067
vn 0.32799679040908813 0.8121607303619385 0.4825070798397064
vn -0.3369563817977905 0.8171157240867615 0.4677417576313019
vn -0.1353817582130432 -0.9472572207450867 0.29047468304634094
vn -0.24189512431621552 -0.850039541721344 0.46788841485977173
vn 0.1369408369064331 -0.9062230587005615 0.4000087380409241
vn -0.5505968928337097 -0.7325029969215393 0.40035298466682434
vn -0.39268890023231506 -0.8117495775222778 0.4322708547115326
vn 0.3473782241344452 -0.8366366624832153 0.42351794242858887
vn -0.009897255338728428 -0.8278145790100098 0.5609145760536194
vn -0.6819871068000793 -0.5909709334373474 0.4308677017688751
vn 0.45990070700645447 -0.7299736142158508 0.5055985450744629
vn -0.7279322743415833 -0.5482642650604248 0.4117291569709778
vn 0.6243723034858704 -0.5539712905883789 0.5507041215896606
vn -0.5919597744941711 -0.5448328256607056 0.5939199924468994
vn -0.3871779143810272 -0.663271963596344 0.6404401659965515
vn 0.27551448345184326 -0.7125649452209473 0.6452464461326599
vn -0.8223121166229248 -0.3882303833961487 0.41602879762649536
vn 0.7570152282714844 -0.3852817714214325 0.5277177095413208
vn -0.847909152507782 -0.26463639736175537 0.4593666195869446
vn -0.7250047922134399 -0.3804127871990204 0.5741552710533142
vn 0.6255789995193481 -0.374235063791275 0.6845430135726929
vn -0.9331755638122559 -0.14890331029891968 0.3271257281303406
vn 0.7831829190254211 -0.1270446479320526 0.6086742281913757
vn -0.8398078083992004 -0.09983214735984802 0.5336257815361023
vn 0.6833319067955017 -0.18315353989601135 0.70676189661026
vn -0.9282953143119812 0.041771166026592255 0.3694903254508972
vn 0.8408867716789246 0.0755683034658432 0.5359095335006714
vn 0.7155394554138184 0.11179427057504654 0.6895689964294434
vn -0.8217976689338684 0.029964454472064972 0.5689910054206848
vn 0.7002919316291809 -0.031978290528059006 0.7131399512290955
vn -0.8957587480545044 0.23255164921283722 0.3788614571094513
vn 0.7070398926734924 0.27495741844177246 0.6515313982963562
vn -0.7794784903526306 0.3384537994861603 0.5271264314651489
vn -0.7928643226623535 0.19410096108913422 0.5776599645614624
vn -0.6524003744125366 0.5357460379600525 0.5360503196716309
vn 0.685158371925354 0.37841424345970154 0.6223831176757812
vn -0.4431896209716797 0.6785208582878113 0.5858263373374939
vn 0.5530387163162231 0.5549576878547668 0.6214258670806885
vn -0.5040480494499207 0.533900797367096 0.6788855195045471
vn 0.43899422883987427 0.4618997573852539 0.7706702947616577
vn -0.24170462787151337 0.7451613545417786 0.6215412616729736
vn 0.392194002866745 0.6991766691207886 0.5977757573127747
vn -0.1522657573223114 0.8647308945655823 0.47859758138656616
vn 0.006162687670439482 0.8323335647583008 0.554240882396698
vn 0.18620716035366058 0.7756601572036743 0.6030575037002563
vn -0.07476314157247543 0.7380917072296143 0.6705453991889954
vn 0.06456358730792999 0.6968013048171997 0.7143524885177612
vn 0.23509742319583893 0.6358098983764648 0.7351701259613037
vn -0.008688094094395638 -0.7627468109130859 0.6466389894485474
vn -0.2079121321439743 -0.7323982119560242 0.648356020450592
vn 0.10103557258844376 -0.6234787106513977 0.7752845287322998
vn -0.49250662326812744 -0.43147367238998413 0.7558225393295288
vn -0.28866347670555115 -0.5245752930641174 0.8009333610534668
vn 0.39851751923561096 -0.5067906379699707 0.764426052570343
vn -0.11139397323131561 -0.5558741092681885 0.8237690329551697
vn -0.5677301287651062 -0.46891525387763977 0.676609992980957
vn 0.45793333649635315 -0.25624120235443115 0.8512564897537231
vn -0.6488108038902283 -0.2611510455608368 0.7147339582443237
vn -0.4393060803413391 -0.3064572215080261 0.844448983669281
vn -0.25745630264282227 -0.35256266593933105 0.8996754288673401
vn -0.0331372395157814 -0.33776628971099854 0.9406465291976929
vn 0.16298545897006989 -0.4098079204559326 0.8974927067756653
vn -0.7250611782073975 -0.22166061401367188 0.652037501335144
vn 0.512123167514801 -0.07001961767673492 0.8560532927513123
vn -0.5472973585128784 -0.14237864315509796 0.8247386813163757
vn -0.3676272928714752 -0.1582280993461609 0.9164137244224548
vn -0.1958710253238678 -0.2207764834165573 0.9554539918899536
vn 0.0064974697306752205 -0.1854025274515152 0.9826412200927734
vn 0.24908234179019928 -0.18320108950138092 0.9509970545768738
vn -0.6758887767791748 -0.055792514234781265 0.7348888516426086
vn 0.5471556186676025 0.07978086173534393 0.8332201838493347
vn -0.5102725625038147 0.05114349350333214 0.8584907054901123
vn -0.3652270436286926 0.02126375585794449 0.9306756258010864
vn -0.15516266226768494 -0.035442009568214417 0.9872530102729797
vn 0.08751244097948074 -0.06505321711301804 0.9940370321273804
vn 0.3116098642349243 -0.033543504774570465 0.9496179223060608
vn -0.6456441283226013 0.14421769976615906 0.7498965859413147
vn 0.5529257655143738 0.21336868405342102 0.8054482936859131
vn -0.6028485894203186 0.3213425278663635 0.7302824854850769
vn 0.3646774888038635 0.2582060694694519 0.8946171998977661
vn -0.4506947696208954 0.24549539387226105 0.8582577109336853
vn -0.3064088225364685 0.2078104019165039 0.9289394617080688
vn -0.1318412870168686 0.17474046349525452 0.9757477641105652
vn 0.07833319902420044 0.09409501403570175 0.9924767017364502
vn 0.3320571184158325 0.08991687744855881 0.9389638304710388
vn -0.3677860200405121 0.4792739748954773 0.7968876361846924
vn 0.23450104892253876 0.4451443552970886 0.8642082214355469
vn -0.23827232420444489 0.6078920960426331 0.7574256062507629
vn -0.0789729431271553 0.5634419322013855 0.8223724961280823
vn 0.06120458245277405 0.5075961351394653 0.8594185709953308
vn -0.2474951297044754 0.41036126017570496 0.8776957392692566
vn -0.09276250749826431 0.36063525080680847 0.9280826449394226
vn 0.10922571271657944 0.2714383006095886 0.9562379717826843
vn 0.21815693378448486 -0.17713066935539246 -0.9597042798995972
vn 0.5574055314064026 -0.07850735634565353 -0.8265202641487122
vn 0.11951734870672226 0.0819305032491684 -0.9894458055496216
vn 0.49723801016807556 0.18540503084659576 -0.8475726246833801
vn -0.031267207115888596 -0.45709121227264404 -0.8888700604438782
vn 0.31022515892982483 -0.48361581563949585 -0.8184596300125122
vn -0.1321468949317932 -0.632374107837677 -0.7633087038993835
vn 0.06453368067741394 -0.7102172374725342 -0.7010185122489929
vn -0.17284657061100006 -0.23549793660640717 -0.9563811421394348
vn 0.6811135411262512 -0.17506365478038788 -0.7109410166740417
vn -0.3384772837162018 -0.27479901909828186 -0.8999548554420471
vn -0.17567087709903717 -0.26644572615623474 -0.947705864906311
vn -0.15757471323013306 -0.27769720554351807 -0.9476574063301086
vn -0.18197309970855713 -0.39273592829704285 -0.9014678597450256
vn 0.8583545088768005 -0.1383422166109085 -0.49405357241630554
vn -0.0531943254172802 0.17089253664016724 -0.983852744102478
vn 0.7633451223373413 0.18864457309246063 -0.6178328394889832
vn 0.27910277247428894 0.37774962186813354 -0.8828402161598206
vn 0.5894501209259033 0.3706058859825134 -0.7177742123603821
vn -0.37796536087989807 -0.0947745144367218 -0.920956015586853
vn -0.20544981956481934 -0.08165521919727325 -0.9752552509307861
vn -0.0801733136177063 0.02511722221970558 -0.9964644312858582
vn -0.12748686969280243 0.01931109093129635 -0.991652250289917
vn 0.8953167796134949 0.07958106696605682 -0.4382634162902832
vn -0.5190039873123169 0.07808841019868851 -0.8511974215507507
vn -0.26793238520622253 0.21326668560504913 -0.9395369291305542
vn -0.18468233942985535 0.17285114526748657 -0.9674786329269409
vn 0.07143999636173248 0.29835307598114014 -0.9517782330513
vn 0.092448391020298 0.38397786021232605 -0.9187025427818298
vn 0.41325071454048157 0.4738369584083557 -0.777626097202301
vn 0.17701658606529236 0.5044696927070618 -0.8450890779495239
vn 0.24229972064495087 0.5112574696540833 -0.8245645761489868
vn -0.07675940543413162 -0.8499155640602112 -0.5212979912757874
vn 0.017481287941336632 -0.8708553910255432 -0.491228312253952
vn -0.1500493884086609 -0.6774786710739136 -0.7200749516487122
vn 0.3480898141860962 -0.7485930323600769 -0.5643066167831421
vn -0.4379512667655945 -0.4426232576370239 -0.7824853658676147
vn -0.25494810938835144 -0.48874935507774353 -0.8343414068222046
vn -0.18458646535873413 -0.526217520236969 -0.8300741314888
vn -0.18286935985088348 -0.5885860919952393 -0.7874802947044373
vn 0.6689091324806213 -0.4555313289165497 -0.5874110460281372
vn -0.49173057079315186 -0.6287597417831421 -0.6023804545402527
vn 0.6258594393730164 -0.6961404085159302 -0.35169368982315063
vn -0.5611479878425598 -0.2690468430519104 -0.7827686071395874
vn 0.867910623550415 -0.409270703792572 -0.28147581219673157
vn -0.6531509160995483 -0.14788974821567535 -0.7426456212997437
vn 0.9587583541870117 -0.12859724462032318 -0.25346639752388
vn -0.7668492794036865 0.12494681775569916 -0.6295478343963623
vn 0.003726033493876457 0.29358479380607605 -0.9559258222579956
vn 0.909896731376648 0.15578745305538177 -0.3844713866710663
vn -0.5964529514312744 0.4417305588722229 -0.6701627373695374
vn -0.08711183071136475 0.27432307600975037 -0.9576838612556458
vn 0.026679884642362595 0.495922327041626 -0.8679569363594055
vn 0.7440963983535767 0.3312149941921234 -0.580187201499939
vn -0.3657277524471283 0.4774423837661743 -0.7989317774772644
vn -0.2202271819114685 0.5580881834030151 -0.8000234961509705
vn -0.15735113620758057 0.4736163020133972 -0.8665611743927002
vn 0.6028021574020386 0.43648776412010193 -0.6679132580757141
vn -0.05949844419956207 0.5432191491127014 -0.8374801278114319
vn 0.061928145587444305 0.6377992630004883 -0.7677090167999268
vn 0.41949671506881714 0.5889138579368591 -0.6907988786697388
vn 0.13973914086818695 0.6845245361328125 -0.7154713273048401
vn 0.2891894280910492 0.6302019953727722 -0.7205657362937927
vn -0.3101106584072113 0.7567121386528015 -0.5755155086517334
vn -0.15358388423919678 0.712977945804596 -0.6841597557067871
vn -0.053240563720464706 0.7114229202270508 -0.7007445693016052
vn 0.6115233898162842 0.558432936668396 -0.5605281591415405
vn 0.09264503419399261 0.7871852517127991 -0.6097182631492615
vn 0.23387540876865387 0.7460918426513672 -0.6234174370765686
vn 0.03399909660220146 0.9842954277992249 -0.17322422564029694
vn -0.5062418580055237 -0.7664684057235718 -0.39527878165245056
vn -0.03363935276865959 -0.9364005923271179 -0.3493170440196991
vn 0.09385278075933456 -0.9487043619155884 -0.3019134998321533
vn 0.32450562715530396 -0.9023846387863159 -0.283545583486557
vn -0.6186488270759583 -0.4388096034526825 -0.6517053246498108
vn -0.3750664293766022 -0.8147013783454895 -0.4422520697116852
vn -0.13285943865776062 -0.8169746994972229 -0.561160147190094
vn 0.6843187212944031 -0.7173401117324829 -0.13088572025299072
vn -0.30164408683776855 -0.6777109503746033 -0.670610785484314
vn -0.20464175939559937 -0.7235294580459595 -0.659262478351593
vn -0.17236408591270447 -0.7603092193603516 -0.6262751221656799
vn -0.6314055919647217 -0.601881742477417 -0.48894307017326355
vn -0.2538485527038574 -0.8549755215644836 -0.45230281352996826
vn -0.1762479990720749 -0.8764824867248535 -0.44801241159439087
vn -0.1257375180721283 -0.8922059535980225 -0.43377262353897095
vn -0.7944203019142151 -0.16484960913658142 -0.5845690369606018
vn 0.8982760906219482 -0.42266330122947693 -0.12023258954286575
vn -0.7956582903862 -0.2930189371109009 -0.5301584005355835
vn -0.8733728528022766 -0.06902791559696198 -0.48213598132133484
vn 0.9680577516555786 -0.1459597647190094 -0.20386262238025665
vn -0.9060981273651123 0.18796728551387787 -0.37901774048805237
vn 0.9479339718818665 0.08000236004590988 -0.3082544505596161
vn -0.7127097249031067 0.549071192741394 -0.43653833866119385
vn 0.8655115962028503 0.277574360370636 -0.41694390773773193
vn -0.44227007031440735 0.7350876927375793 -0.5138514041900635
vn 0.9220383167266846 0.21070420742034912 -0.32472938299179077
vn -0.49212953448295593 0.8137730956077576 -0.309163361787796
vn 0.7801449298858643 0.4184897541999817 -0.46501633524894714
vn -0.29380151629447937 0.8296997547149658 -0.47463569045066833
vn -0.2044099122285843 0.8063735365867615 -0.5549579858779907
vn -0.04748488962650299 0.7757844924926758 -0.6292086839675903
vn 0.6406401991844177 0.6032105684280396 -0.475097119808197
vn 0.0012546709040179849 0.864554762840271 -0.5025370717048645
vn 0.43774861097335815 0.6762503385543823 -0.592504620552063
vn 0.14724303781986237 0.8652351498603821 -0.47925737500190735
vn 0.3327772617340088 0.7899290919303894 -0.5150449872016907
vn -0.31844642758369446 0.8428523540496826 -0.4338107705116272
vn -0.13620653748512268 0.8613849878311157 -0.48935025930404663
vn 0.7422261834144592 0.1960655152797699 0.6408265233039856
vn 0.8480508327484131 0.36453697085380554 -0.3846070170402527
vn -0.9602910876274109 0.23371699452400208 0.15237285196781158
vn -0.340038001537323 0.7150985598564148 -0.6107439398765564
vn -0.07212776690721512 -0.1910255402326584 -0.9789314866065979
vn 0.29223158955574036 -0.09940676391124725 -0.9511671662330627
vn -0.6127706170082092 -0.7687892317771912 -0.18296270072460175
vn -0.4653698205947876 -0.8730769157409668 -0.1454913318157196
vn -0.3614994287490845 -0.9024531245231628 -0.23430010676383972
vn -0.2351033240556717 -0.9252851009368896 -0.29761362075805664
vn -0.10823067277669907 -0.9457963109016418 -0.30619528889656067
vn 0.035386260598897934 -0.9755487442016602 -0.2169160544872284
vn 0.1835927516222 -0.9657214283943176 -0.1835099756717682
vn 0.39867886900901794 -0.909075140953064 -0.12098605185747147
vn -0.001114522572606802 0.1329115778207779 -0.9911273121833801
vn -0.0013105273246765137 0.16347096860408783 -0.9865472912788391
vn 0.6088025569915771 0.5924897789955139 -0.5275560617446899
vn 0.012096860446035862 -0.9694306254386902 -0.24506717920303345
vn -0.8027132749557495 -0.498588502407074 -0.32720163464546204
vn 0.6916248202323914 -0.7211437821388245 -0.04008586332201958
vn -0.9565081596374512 -0.19241364300251007 -0.21924690902233124
vn 0.8750749826431274 -0.47662487626075745 -0.08409851044416428
vn -0.908239483833313 -0.04236282780766487 -0.41630083322525024
vn -0.9733937978744507 0.1480034738779068 -0.1749274581670761
vn 0.9525200128555298 -0.2758074700832367 -0.1289801448583603
vn -0.9526563286781311 0.29936739802360535 -0.05315187945961952
vn -0.9846858978271484 0.07056710124015808 -0.15941761434078217
vn -0.8170508146286011 0.5501842498779297 -0.17241035401821136
vn 0.9747173190116882 -0.03302430361509323 -0.22098767757415771
vn -0.6394490003585815 0.748507022857666 -0.17561981081962585
vn 0.9265549778938293 0.19578422605991364 -0.32119235396385193
vn -0.8549473285675049 0.5106208324432373 0.09127695113420486
vn -0.7223044633865356 0.6868271231651306 -0.08089975267648697
vn 0.818524181842804 0.434283047914505 -0.3760537803173065
vn -0.47111859917640686 0.818135142326355 -0.32970017194747925
vn 0.6931547522544861 0.6085164546966553 -0.386321485042572
vn 0.898526132106781 0.3193272352218628 -0.30113279819488525
vn -0.44715678691864014 0.8530856370925903 -0.26887860894203186
vn 0.5243360996246338 0.7196103930473328 -0.4552280902862549
vn -0.231327086687088 0.9123826026916504 -0.3377068042755127
vn -0.056111957877874374 0.9249144792556763 -0.37601152062416077
vn 0.13680210709571838 0.9124882817268372 -0.3855520486831665
vn 0.3323882818222046 0.8493764400482178 -0.4099729061126709
vn 0.5352935791015625 0.7509182095527649 -0.3867592513561249
vn -0.12945786118507385 0.951612651348114 -0.27870064973831177
vn 0.06604593247175217 0.955659031867981 -0.2869737446308136
vn 0.2607533633708954 0.9120776653289795 -0.3164205253124237
vn 0.4265514612197876 0.8517318964004517 -0.3043135404586792
vn 0.373672753572464 -0.47141751646995544 -0.7988330721855164
vn -0.2286127358675003 -0.39740481972694397 -0.8887101411819458
vn 0.08372922241687775 -0.45965051651000977 -0.884144127368927
vn -0.5627233982086182 -0.3703562915325165 0.7390389442443848
vn -0.16751039028167725 -0.48732030391693115 -0.8570059537887573
vn 0.26038506627082825 -0.44782862067222595 -0.8553649187088013
vn 0.5662316679954529 -0.23740831017494202 -0.7893155813217163
vn 0.11291644722223282 0.04591996967792511 -0.9925428032875061
vn -0.29210206866264343 -0.12393609434366226 -0.9483228921890259
vn 0.4854295253753662 -0.2844492197036743 -0.8267084360122681
vn 0.9641984701156616 -0.23181316256523132 0.1287790983915329
vn -0.996826708316803 0.07954293489456177 -0.003081562928855419
vn -0.44242918491363525 -0.2543215751647949 -0.8599866032600403
vn 0.654229462146759 0.10468442738056183 -0.7490161061286926
vn -0.15319161117076874 -0.9791362881660461 -0.13350829482078552
vn -0.2085062712430954 -0.29413098096847534 -0.9327443838119507
vn 0.6712864637374878 -0.0490817092359066 -0.7395711541175842
vn 0.2814682424068451 -0.8866214752197266 0.3669850826263428
vn -0.3766753375530243 0.4014778435230255 -0.8348240852355957
vn -0.0313061885535717 -0.09919843077659607 -0.9945750832557678
vn -0.08399534225463867 0.34080418944358826 -0.9363745450973511
vn 0.4219757914543152 0.30488497018814087 -0.8538042306900024
vn 0.9315043687820435 -0.36173874139785767 -0.0380094088613987
vn -0.6444615125656128 0.6036891341209412 -0.46928539872169495
vn -0.239602729678154 -0.9359031319618225 -0.2582167387008667
vn 0.07880818098783493 -0.996699333190918 -0.019487867131829262
vn -0.017838161438703537 0.6627925038337708 -0.7485906481742859
vn 0.24941019713878632 0.5190624594688416 -0.8175382018089294
vn 0.23497025668621063 0.26524779200553894 -0.9351109862327576
vn -0.7157814502716064 -0.6895569562911987 0.11030901968479156
vn -0.5863592028617859 -0.8057356476783752 0.08350478857755661
vn -0.4458264112472534 -0.8950860500335693 -0.007730286102741957
vn -0.3491979241371155 -0.9226359128952026 -0.1637188345193863
vn 0.12015926092863083 -0.9856614470481873 -0.1184619665145874
vn 0.21271255612373352 -0.9735842943191528 -0.08298839628696442
vn 0.43406546115875244 -0.900089681148529 -0.03775923326611519
vn -0.5935952067375183 0.4162263572216034 -0.6887673139572144
vn -0.06406009942293167 0.2838611900806427 -0.956723153591156
vn 0.5743951797485352 0.42118263244628906 -0.7019083499908447
vn 0.603547215461731 0.15896092355251312 -0.7813208103179932
vn -0.7991527318954468 -0.42514491081237793 -0.4249786138534546
vn -0.8571534156799316 -0.5107041001319885 -0.06685279309749603
vn 0.6969958543777466 -0.7170602083206177 0.0046329498291015625
vn -0.1457710713148117 0.6659310460090637 -0.7316328287124634
vn -0.016269715502858162 0.5881952047348022 -0.8085553646087646
vn 0.1706351786851883 0.5784223675727844 -0.7976911664009094
vn 0.3779929280281067 0.47179701924324036 -0.796573281288147
vn -0.8759942650794983 -0.41815316677093506 0.2403789609670639
vn -0.7897053956985474 -0.5369621515274048 0.2967105507850647
vn -0.6371119618415833 -0.7505884170532227 0.17522968351840973
vn 0.481841117143631 -0.8756182789802551 0.03349451720714569
vn -0.9728520512580872 -0.21370290219783783 0.08882568776607513
vn 0.8657659292221069 -0.5001112818717957 -0.018389537930488586
vn -0.9462994337081909 -0.13248883187770844 0.2948969602584839
vn -0.9967092275619507 0.01983334869146347 0.07859595865011215
vn 0.931073784828186 -0.34683722257614136 -0.11316164582967758
vn -0.9670702219009399 0.25297287106513977 0.0279277041554451
vn -0.9675213098526001 0.16823677718639374 0.1886768937110901
vn 0.9651625752449036 -0.23923994600772858 -0.10595015436410904
vn -0.920791506767273 0.38400980830192566 0.06840744614601135
vn 0.973996639251709 -0.10151820629835129 -0.20254549384117126
vn 0.9885759949684143 0.007110187318176031 -0.15055564045906067
vn -0.8523349165916443 0.5212004780769348 -0.043304916471242905
vn 0.9613379240036011 0.1507398933172226 -0.2304493933916092
vn -0.6598997712135315 0.7285653948783875 -0.18364334106445312
vn 0.8661147952079773 0.41983112692832947 -0.27126917243003845
vn 0.9391629695892334 0.26292163133621216 -0.22100962698459625
vn -0.5316591262817383 0.8329404592514038 -0.15345636010169983
vn 0.7513856887817383 0.5833961963653564 -0.3083317279815674
vn -0.31195756793022156 0.920750617980957 -0.23430906236171722
vn 0.8058384656906128 0.5494517683982849 -0.22074222564697266
vn 0.8506910800933838 0.49588704109191895 -0.1744157373905182
vn -0.26624786853790283 0.9516156315803528 -0.15342693030834198
vn 0.6513775587081909 0.7054386734962463 -0.2793987989425659
vn -0.01409921981394291 0.9878432154655457 -0.15481287240982056
vn 0.14560085535049438 0.9791416525840759 -0.1417112946510315
vn 0.29707252979278564 0.9464917182922363 -0.12610110640525818
vn 0.5308040976524353 0.8398059606552124 -0.11389895528554916
vn 0.05334792286157608 -0.7398523688316345 -0.6706507802009583
vn 0.07893549650907516 -0.6047053337097168 -0.7925280332565308
vn 0.4855041205883026 -0.4700356423854828 -0.7371243834495544
vn -0.19257116317749023 -0.6098281741142273 -0.7687821388244629
vn -0.08259698003530502 -0.6029112339019775 -0.7935211062431335
vn -0.12429036945104599 -0.9911555051803589 -0.0465056337416172
vn -0.23130105435848236 -0.747810423374176 -0.6223177909851074
vn -0.14386847615242004 -0.7548394203186035 -0.6399370431900024
vn 0.5699448585510254 -0.3903689682483673 -0.723031759262085
vn -0.23245328664779663 -0.5457846522331238 -0.8050370812416077
vn 0.692937433719635 -0.27922654151916504 -0.6647332906723022
vn -0.987316906452179 0.1353888362646103 -0.0829172432422638
vn 0.9845651388168335 -0.13626699149608612 0.10983093827962875
vn -0.25468873977661133 -0.48305657505989075 -0.8377290964126587
vn 0.13617785274982452 0.9878724813461304 0.07458961755037308
vn -0.47429120540618896 -0.5986047387123108 -0.6455387473106384
vn -0.2891142666339874 -0.6368215084075928 -0.7147526741027832
vn -0.09769516438245773 -0.04760857671499252 0.9940770268440247
vn -0.3216807544231415 -0.4648630917072296 -0.8248780369758606
vn 0.7177459597587585 -0.12378069013357162 -0.6852146983146667
vn -0.6050907373428345 -0.1565769910812378 -0.780608057975769
vn -0.34992358088493347 -0.38342514634132385 -0.8547155857086182
vn -0.19759859144687653 -0.9778558015823364 0.06894098222255707
vn -0.5724291801452637 -0.26968178153038025 -0.7743362188339233
vn -0.4945612847805023 -0.35500675439834595 -0.7933343052864075
vn -0.3883460760116577 -0.5379490852355957 -0.7481966018676758
vn 0.7913140654563904 -0.04780209809541702 -0.6095384359359741
vn -0.7127421498298645 0.3363800048828125 -0.6155056357383728
vn 0.710115373134613 0.04581210017204285 -0.7025933861732483
vn -0.39890211820602417 -0.9162169694900513 -0.03773026540875435
vn -0.06513909250497818 -0.973434329032898 0.2195054292678833
vn -0.4636572003364563 0.6881040334701538 -0.5581530332565308
vn 0.669343113899231 0.2603420913219452 -0.6958461403846741
vn -0.420476496219635 -0.8991289138793945 0.12151825428009033
vn 0.1114116832613945 -0.9865597486495972 0.11952938139438629
vn 0.26370999217033386 -0.964033305644989 0.03311987221240997
vn -0.7275620698928833 0.08487510681152344 -0.6807714700698853
vn 0.7600218653678894 0.18587741255760193 -0.6227490305900574
vn -0.34896519780158997 -0.9122985601425171 0.2143237143754959
vn -0.3481711745262146 0.7679108381271362 -0.5376707315444946
vn 0.5151432752609253 0.3861652910709381 -0.7651821970939636
vn -0.5096685290336609 -0.8496747612953186 0.135243758559227
vn 0.40376371145248413 -0.9026507139205933 0.1489853709936142
vn -0.13064153492450714 0.7768338918685913 -0.6160047650337219
vn 0.06298651546239853 0.7158461213111877 -0.6954114437103271
vn 0.1823212206363678 0.6754346489906311 -0.7145256996154785
vn 0.38191235065460205 0.5882424712181091 -0.7128210663795471
vn -0.7763484120368958 -0.5617374181747437 0.2858920991420746
vn -0.6288590431213379 -0.7301430106163025 0.26725929975509644
vn 0.6139197945594788 -0.7795180678367615 0.12431483715772629
vn 0.5748276710510254 0.47434166073799133 -0.666763186454773
vn 0.6809733510017395 0.349807471036911 -0.6433584690093994
vn -0.9259501695632935 -0.26060524582862854 0.2733151316642761
vn 0.7629339098930359 -0.6432352066040039 0.06465596705675125
vn 0.8659085631370544 -0.49902209639549255 -0.03434113413095474
vn 0.11845125257968903 0.7615339756011963 -0.6372090578079224
vn 0.30788666009902954 0.6973972320556641 -0.6471807360649109
vn 0.47845929861068726 0.5738255381584167 -0.6646811962127686
vn -0.8998190760612488 -0.3438684344291687 0.26847749948501587
vn -0.9740694165229797 0.09543633460998535 0.20513595640659332
vn 0.9211673140525818 -0.382383793592453 0.0723426565527916
vn -0.9599414467811584 0.2677651345729828 0.08254849910736084
vn 0.9841148853302002 -0.17521211504936218 0.028612229973077774
vn -0.8881374597549438 0.45877835154533386 0.027097975835204124
vn 0.9979393482208252 0.01589123159646988 -0.062165774405002594
vn -0.7497360706329346 0.6567648649215698 -0.08096811920404434
vn -0.6010415554046631 0.7991380095481873 -0.011293444782495499
vn 0.9642806649208069 0.24945712089538574 -0.08907274156808853
vn -0.453361839056015 0.8907565474510193 -0.03187181055545807
vn 0.6904937624931335 0.7230599522590637 0.020067909732460976
vn 0.8212199211120605 0.5701608657836914 0.022682704031467438
vn -0.7463392019271851 0.6627203822135925 0.061477623879909515
vn -0.345623254776001 0.9375893473625183 0.03835051506757736
vn 0.6937161684036255 0.7138593196868896 -0.09572231024503708
vn -0.1183655858039856 0.9919623732566833 -0.04472409561276436
vn 0.08411842584609985 0.9954578280448914 0.04458554834127426
vn 0.2409624606370926 0.969594419002533 0.04270550608634949
vn 0.46074289083480835 0.8864842057228088 0.043147969990968704
vn 0.09050143510103226 0.9489056468009949 0.30230385065078735
vn -0.24145705997943878 -0.88381028175354 -0.40072178840637207
vn -0.19752237200737 -0.8810718059539795 -0.42976436018943787
vn -0.10238944739103317 -0.9096693396568298 -0.4025146961212158
vn 0.08326815068721771 -0.8688852190971375 -0.48795992136001587
vn -0.2359653264284134 -0.7993207573890686 -0.5526361465454102
vn 0.42044445872306824 -0.8476031422615051 -0.32372117042541504
vn -0.5883702039718628 -0.7659497261047363 -0.2591167986392975
vn -0.31310388445854187 -0.7565696835517883 -0.5740804672241211
vn 0.8890478014945984 -0.4496482014656067 -0.0860850065946579
vn -0.3398587703704834 -0.850963294506073 -0.40044674277305603
vn 0.49735358357429504 -0.8533099293708801 0.15653002262115479
vn -0.5357053279876709 -0.6162209510803223 -0.5773141384124756
vn -0.5242953896522522 -0.7511790990829468 -0.40105414390563965
vn -0.37644287943840027 -0.7132134437561035 -0.5912845730781555
vn 0.8484591245651245 -0.36726081371307373 -0.3810993432998657
vn -0.7767341136932373 -0.29150664806365967 -0.5583081841468811
vn -0.43238013982772827 -0.6848774552345276 -0.5865069031715393
vn 0.7701190710067749 -0.24670135974884033 -0.588264524936676
vn -0.752220869064331 -0.606006920337677 -0.2586878836154938
vn -0.44380295276641846 -0.8074321746826172 -0.38870590925216675
vn 0.816662073135376 -0.4126942455768585 -0.40341857075691223
vn -0.8395580053329468 0.10558720678091049 -0.5329106450080872
vn 0.8592879176139832 -0.1946856528520584 -0.4729923605918884
vn -0.827707052230835 0.409355491399765 -0.3838348388671875
vn 0.849552571773529 -0.007995015941560268 -0.5274433493614197
vn -0.7398561239242554 0.5148443579673767 -0.4330683648586273
vn -0.6342786550521851 0.6612412929534912 -0.4005627930164337
vn -0.3514034152030945 -0.9012703895568848 0.2534310221672058
vn -0.20003335177898407 -0.9392987489700317 0.2787554860115051
vn 0.0026547471061348915 -0.9742612838745117 0.22540603578090668
vn 0.19434665143489838 -0.9635917544364929 0.18363092839717865
vn -0.470192551612854 0.8128204345703125 -0.34386342763900757
vn 0.8148508071899414 0.15774719417095184 -0.5577938556671143
vn -0.4977269768714905 -0.8300893306732178 0.2514350116252899
vn 0.36435893177986145 -0.8815021514892578 0.30032750964164734
vn -0.27992069721221924 0.8744544386863708 -0.3961993455886841
vn -0.10093391686677933 0.8179312348365784 -0.5663928389549255
vn 0.7712252736091614 0.3527204692363739 -0.5299056172370911
vn -0.6270627975463867 -0.6916157603263855 0.35841310024261475
vn 0.5282570123672485 -0.8142838478088379 0.24059580266475677
vn -0.6643063426017761 0.7173004150390625 -0.2101840227842331
vn -0.4914569556713104 -0.7925485968589783 0.3610217869281769
vn 0.1884070634841919 -0.9169505834579468 0.35171639919281006
vn -0.04590189456939697 0.8512816429138184 -0.5226974487304688
vn 0.6535937190055847 0.5016111135482788 -0.5667465925216675
vn -0.7870252728462219 -0.5201836824417114 0.33166271448135376
vn 0.6793980598449707 -0.7032756805419922 0.20933616161346436
vn 0.05936023220419884 0.8600314855575562 -0.5067762732505798
vn 0.2978896498680115 0.7454085350036621 -0.5963454842567444
vn 0.5278374552726746 0.6537140011787415 -0.5422597527503967
vn -0.8984426856040955 -0.3226800560951233 0.297789067029953
vn 0.8031186461448669 -0.5689380764961243 0.17694616317749023
vn -0.2044767588376999 0.8920177221298218 -0.40310510993003845
vn -0.9789155125617981 -0.056596916168928146 0.1962684690952301
vn 0.8887410759925842 -0.38803932070732117 0.24405889213085175
vn -0.06793416291475296 0.9213420748710632 -0.38277122378349304
vn 0.11589889228343964 0.8848131895065308 -0.45130157470703125
vn -0.9807998538017273 0.17346270382404327 0.08912011235952377
vn 0.9634498953819275 -0.18990331888198853 0.18894711136817932
vn -0.914955735206604 0.3890399634838104 0.10725636780261993
vn 0.9921632409095764 0.009675373323261738 0.12457349896430969
vn -0.7795085310935974 0.6087896227836609 0.14745043218135834
vn 0.9225400686264038 0.3666144609451294 0.12047304958105087
vn -0.5626533627510071 0.8130645155906677 0.14949026703834534
vn -0.43411552906036377 0.8740636110305786 0.21807457506656647
vn -0.012286675162613392 0.860447347164154 0.5093912482261658
vn 0.5169603228569031 0.7812055945396423 0.34995704889297485
vn 0.6333640217781067 0.7174341082572937 0.290066123008728
vn -0.5958150625228882 0.7691712379455566 0.23104123771190643
vn 0.7920054793357849 0.4956784248352051 0.35641300678253174
vn -0.3150949776172638 0.9098213315010071 0.2700747549533844
vn -0.001350826001726091 0.9615923166275024 0.2744785249233246
vn 0.14007103443145752 0.8752061128616333 0.4630274176597595
vn 0.555787205696106 0.8191505074501038 0.14175020158290863
vn -0.13158361613750458 0.9822959899902344 0.13334299623966217
vn 0.2100316435098648 0.9481832981109619 0.2384014129638672
vn 0.35545986890792847 0.909113883972168 0.21716424822807312
vn -0.1433153748512268 0.9132651090621948 0.38132351636886597
vn 0.2606033980846405 0.8524048328399658 0.4533122479915619
vn 0.4077795743942261 0.8309454321861267 0.3784777820110321
vn -0.35482147336006165 -0.9043624997138977 -0.23712918162345886
vn -0.22997494041919708 -0.9408087730407715 -0.24897873401641846
vn -0.11520161479711533 -0.9575272798538208 -0.26432961225509644
vn 0.038889117538928986 -0.986549973487854 -0.15876662731170654
vn -0.44463250041007996 -0.860264241695404 -0.2494942843914032
vn 0.4956810772418976 -0.8632470369338989 -0.09541960805654526
vn -0.8210038542747498 -0.5697978734970093 0.03582054376602173
vn -0.737449586391449 -0.6741877794265747 0.040483951568603516
vn -0.5774369239807129 -0.8010698556900024 -0.15765050053596497
vn 0.707577645778656 -0.6666963696479797 -0.23420041799545288
vn -0.9618597626686096 -0.2017192244529724 -0.18475718796253204
vn 0.8527822494506836 -0.41850587725639343 -0.3124343454837799
vn -0.9795082807540894 -0.17085835337638855 0.1066349521279335
vn -0.9194637537002563 -0.3281170725822449 0.2166231870651245
vn 0.8853240013122559 -0.39645734429359436 -0.2429465800523758
vn -0.9720296263694763 0.1767311841249466 -0.15467587113380432
vn 0.9006435871124268 -0.19123134016990662 -0.39022010564804077
vn -0.9744113683700562 0.13454142212867737 0.18005868792533875
vn 0.9261522889137268 -0.20271596312522888 -0.31803804636001587
vn -0.9085395932197571 0.4070352613925934 -0.09422353655099869
vn 0.8950979113578796 -0.0157020203769207 -0.44559311866760254
vn -0.7982233762741089 0.5912925601005554 -0.11494605988264084
vn -0.19028238952159882 -0.9038372039794922 0.38323748111724854
vn -0.04178335890173912 -0.9356839656829834 0.3503565788269043
vn -0.879712700843811 0.461028516292572 0.11644013226032257
vn 0.9253548979759216 0.0013201921246945858 -0.3790997564792633
vn -0.7145346999168396 0.6992014646530151 -0.023610252887010574
vn 0.8678101301193237 0.1631350964307785 -0.46935325860977173
vn -0.3435855805873871 -0.8440300226211548 0.4117794334888458
vn 0.059960078448057175 -0.8556218147277832 0.5141168236732483
vn -0.4991616904735565 0.853019118309021 -0.15230241417884827
vn -0.34968137741088867 0.8798906803131104 -0.32173803448677063
vn 0.8065557479858398 0.38213351368904114 -0.4510452449321747
vn -0.52985680103302 -0.7363326549530029 0.4207921326160431
vn -0.410670667886734 -0.7560039162635803 0.509713351726532
vn 0.25470173358917236 -0.8283142447471619 0.4990215599536896
vn 0.44893261790275574 -0.8196906447410583 0.3557623028755188
vn -0.665560245513916 0.7433379292488098 0.06692014634609222
vn 0.8893054127693176 0.2561646103858948 -0.3788345158100128
vn -0.23117810487747192 -0.8069125413894653 0.543552041053772
vn -0.06090698391199112 -0.8253102898597717 0.5613850951194763
vn -0.3871433436870575 0.8831040263175964 -0.2650420367717743
vn 0.6939374208450317 0.5962708592414856 -0.4036236107349396
vn -0.7626768350601196 -0.5095422863960266 0.39836010336875916
vn 0.6083044409751892 -0.6687730550765991 0.42744407057762146
vn -0.21837808191776276 0.9154340624809265 -0.33807042241096497
vn 0.5210708379745483 0.7261382341384888 -0.44856274127960205
vn -0.8557420372962952 -0.3581204116344452 0.37343719601631165
vn 0.7305638790130615 -0.5413867831230164 0.41614532470703125
vn 0.778719425201416 0.5221031904220581 -0.3478568196296692
vn 0.8209174275398254 0.5113962888717651 -0.25410324335098267
vn -0.6531084179878235 -0.5835099816322327 0.4826650321483612
vn 0.21730956435203552 -0.7601032853126526 0.6123884320259094
vn 0.4469788372516632 -0.6927400231361389 0.5659692883491516
vn -0.1900772750377655 0.9514909386634827 -0.24194146692752838
vn 0.30438488721847534 0.8368068933486938 -0.455086886882782
vn -0.9707294702529907 -0.10605737566947937 0.21549062430858612
vn 0.8515802621841431 -0.3388317823410034 0.40000516176223755
vn 0.022556675598025322 0.9694764018058777 -0.24414508044719696
vn 0.21666499972343445 0.9427942633628845 -0.25336790084838867
vn 0.44212064146995544 0.8502503037452698 -0.2856639325618744
vn -0.8915103077888489 -0.25597047805786133 0.37374934554100037
vn 0.7149742841720581 -0.41175374388694763 0.5650404691696167
vn -0.9697970747947693 0.16635048389434814 0.17838500440120697
vn 0.8915544152259827 -0.1409950852394104 0.43040817975997925
vn 0.7587733864784241 -0.18434728682041168 0.6247232556343079
vn -0.8946986198425293 0.383730411529541 0.22861644625663757
vn 0.928259551525116 0.044716063886880875 0.3692353665828705
vn -0.6921998858451843 0.6498522162437439 0.31392914056777954
vn 0.7348331212997437 0.2718418538570404 0.6213873624801636
vn -0.8259511590003967 0.4440031349658966 0.3473699986934662
vn 0.6953317523002625 0.10179980844259262 0.7114426493644714
vn -0.49423345923423767 0.7746062278747559 0.3946119546890259
vn 0.5244012475013733 0.5653797388076782 0.6366703510284424
vn -0.3585194945335388 0.8688804507255554 0.3413364291191101
vn -0.22597810626029968 0.855551540851593 0.4657955765724182
vn -0.022762559354305267 0.8055651783943176 0.5920698642730713
vn 0.1411667913198471 0.7888303399085999 0.5981794595718384
vn 0.3105427622795105 0.7590767741203308 0.5721587538719177
vn 0.4322243928909302 0.7073604464530945 0.5593060851097107
vn -0.2898494303226471 0.8171375393867493 0.49827060103416443
vn 0.10133783519268036 0.7174725532531738 0.6891762018203735
vn 0.2068922221660614 0.679926335811615 0.703488290309906
vn 0.3056998550891876 0.6347395777702332 0.7096853256225586
vn 0.4709286689758301 0.49462220072746277 0.7304622530937195
vn -0.43253692984580994 -0.8974697589874268 -0.08637061715126038
vn -0.2671636939048767 -0.9560836553573608 -0.12053055316209793
vn -0.08391957730054855 -0.9882488250732422 -0.12775684893131256
vn 0.12940308451652527 -0.9852279424667358 -0.11216437071561813
vn -0.5282827615737915 -0.8422276973724365 -0.10756329447031021
vn 0.32747191190719604 -0.9444711804389954 -0.027137309312820435
vn -0.7081493139266968 -0.7048075199127197 0.04208245500922203
vn 0.5641493797302246 -0.8226042985916138 -0.0711175799369812
vn 0.7535961270332336 -0.637700080871582 -0.15947282314300537
vn -0.8528392314910889 -0.4755248725414276 0.21573437750339508
vn 0.8131144046783447 -0.5778591632843018 -0.07016921788454056
vn -0.928485631942749 -0.17294901609420776 0.3286381959915161
vn -0.9573105573654175 0.05280459672212601 0.28419744968414307
vn 0.8981550335884094 -0.4216335415840149 -0.1246708557009697
vn -0.9213195443153381 0.15579557418823242 0.3562275171279907
vn -0.8870080709457397 0.4014907479286194 0.22808319330215454
vn 0.9159033894538879 -0.260942667722702 -0.30500802397727966
vn -0.8134445548057556 0.5668267011642456 0.1304432600736618
vn -0.8635149598121643 0.4147755205631256 0.28688541054725647
vn 0.940270185470581 -0.09332634508609772 -0.3273870050907135
vn -0.791338324546814 0.5897446274757385 0.1611987054347992
vn 0.929334282875061 0.13441982865333557 -0.3439027667045593
vn -0.585425615310669 0.806573212146759 -0.08195424824953079
vn -0.30808141827583313 -0.7109271883964539 0.6321933269500732
vn -0.1868623048067093 -0.7357198596000671 0.6509982943534851
vn -0.0031066068913787603 -0.7748464941978455 0.6321418285369873
vn 0.9291359186172485 0.26729118824005127 -0.2554641366004944
vn -0.5308752059936523 0.8407937288284302 -0.1060066968202591
vn 0.9050303101539612 0.36744779348373413 -0.21424825489521027
vn -0.44479477405548096 -0.6301438212394714 0.6364561915397644
vn 0.08658143877983093 -0.6464757323265076 0.7580058574676514
vn -0.43685877323150635 0.8869354724884033 -0.14999982714653015
vn 0.7210668325424194 0.6739853024482727 -0.16064386069774628
vn 0.7966564893722534 0.6024225950241089 -0.04924938082695007
vn -0.625808835029602 -0.4376944899559021 0.6455903649330139
vn 0.32684358954429626 -0.599007785320282 0.7310013771057129
vn 0.551620602607727 -0.5390542149543762 0.6365024447441101
vn -0.6580421328544617 0.7528051733970642 0.01627921313047409
vn -0.3474012613296509 -0.5106683969497681 0.7864668965339661
vn -0.1992085874080658 -0.5951112508773804 0.7785618901252747
vn -0.07717110961675644 -0.6217434406280518 0.7794099450111389
vn -0.26139184832572937 0.9541521668434143 -0.14583581686019897
vn 0.6121600270271301 0.7462233901023865 -0.2615547180175781
vn -0.7098778486251831 -0.37103214859962463 0.5986723303794861
vn 0.5832189321517944 -0.29572248458862305 0.7565737366676331
vn -0.042695507407188416 0.9947878122329712 -0.09259802848100662
vn 0.16014817357063293 0.9823170900344849 -0.09698282927274704
vn 0.4052290916442871 0.9070167541503906 -0.11449941992759705
vn -0.8237043023109436 -0.23023581504821777 0.5181723833084106
vn -0.4504418969154358 0.8907291293144226 -0.0608585961163044
vn 0.5910433530807495 0.7998124957084656 -0.10472715646028519
vn -0.5088586211204529 -0.38127216696739197 0.7718124389648438
vn -0.2944573163986206 -0.33302828669548035 0.8957606554031372
vn -0.21482530236244202 -0.3853018879890442 0.8974366784095764
vn -0.1544153243303299 -0.46750062704086304 0.8704016804695129
vn 0.16842816770076752 -0.5251020193099976 0.8342061042785645
vn 0.40074604749679565 -0.4181542694568634 0.8151991367340088
vn -0.9525829553604126 0.05085192248225212 0.2999996542930603
vn 0.6037721037864685 -0.0556044764816761 0.795215368270874
vn -0.8486825227737427 0.20117340981960297 0.4891494810581207
vn -0.8428200483322144 0.007610691711306572 0.538141667842865
vn -0.16263994574546814 -0.025157149881124496 0.9863647222518921
vn 0.4645819365978241 -0.17693369090557098 0.8676739931106567
vn -0.7045495510101318 0.49300137162208557 0.5104504227638245
vn 0.538845419883728 0.2536257207393646 0.8033178448677063
vn -0.43026551604270935 0.6876499652862549 0.5848154425621033
vn 0.036177635192871094 0.5911985039710999 0.8057143688201904
vn 0.13116297125816345 0.5412552356719971 0.8305655121803284
vn 0.20378528535366058 0.5189868807792664 0.8301351070404053
vn 0.33907052874565125 0.44365862011909485 0.8295771479606628
vn -0.5486273765563965 0.4786017835140228 0.6855277419090271
vn 0.021686779335141182 0.4115307927131653 0.9111378192901611
vn 0.028985455632209778 0.41783076524734497 0.9080623984336853
vn 0.31125548481941223 0.3224485218524933 0.8939502239227295
vn 0.43021827936172485 0.13719810545444489 0.892238199710846
vn -0.1917148232460022 0.7302550077438354 0.6557233929634094
vn -0.024906815961003304 0.6898383498191833 0.723534882068634
vn -0.12136504799127579 0.8165048956871033 0.5644381046295166
vn -0.02802618406713009 0.6469849348068237 0.761987566947937
vn -0.4926474690437317 -0.8688538670539856 0.048902831971645355
vn -0.28989163041114807 -0.9568366408348083 0.020653938874602318
vn -0.11602778732776642 -0.993209183216095 0.008551194332540035
vn 0.08924997597932816 -0.9959588646888733 -0.010017601773142815
vn -0.6135658025741577 -0.7891325950622559 0.028403783217072487
vn 0.24791547656059265 -0.9632571339607239 0.10331369191408157
vn -0.7723620533943176 -0.6153613924980164 0.15743984282016754
vn 0.4651181995868683 -0.881055474281311 0.08606034517288208
vn 0.6555326581001282 -0.7545116543769836 0.03145166113972664
vn -0.8563011884689331 -0.4713123142719269 0.2112179845571518
vn 0.773768424987793 -0.6274333596229553 0.08723488450050354
vn -0.9303481578826904 -0.14309483766555786 0.33760368824005127
vn 0.8326112627983093 -0.5532662272453308 0.025593694299459457
vn 0.8816446661949158 -0.4398358464241028 -0.17101819813251495
vn -0.9226621985435486 0.24082402884960175 0.30116143822669983
vn 0.9636067748069763 -0.2667374908924103 -0.017694681882858276
vn -0.8999180793762207 0.38379406929016113 0.20700164139270782
vn 0.9963186383247375 0.07013196498155594 -0.049302682280540466
vn 0.8883212804794312 0.4590364694595337 0.01307104155421257
vn -0.8002007603645325 0.5908924341201782 0.10259083658456802
vn 0.8571220636367798 0.510735034942627 -0.0670192688703537
vn -0.6251519322395325 0.7797831892967224 0.03351482376456261
vn 0.7262951731681824 0.6668505072593689 0.16675028204917908
vn -0.4761508107185364 0.873465359210968 0.10167935490608215
vn 0.6745238900184631 0.7375115752220154 0.03307855501770973
vn -0.2182771861553192 0.9752683639526367 0.034737929701805115
vn -0.014697311446070671 0.9934110045433044 0.11366021633148193
vn 0.12814952433109283 0.9873239994049072 0.09364327043294907
vn 0.2871426045894623 0.9564431309700012 0.05259009450674057
vn 0.4595898389816284 0.8834959268569946 0.09062105417251587
vn -0.5002118349075317 -0.26910728216171265 0.8230245113372803
vn -0.22773130238056183 -0.1784691959619522 0.95722895860672
vn 0.002691621193662286 -0.4679143726825714 0.8837697505950928
vn 0.3456317186355591 -0.3926204442977905 0.8522839546203613
vn -0.3149799406528473 0.9149304628372192 0.2523687183856964
vn 0.6115803718566895 0.7510482668876648 0.24878910183906555
vn -0.6775909066200256 -0.13143713772296906 0.7235985994338989
vn -0.05690401792526245 0.13909196853637695 0.988643229007721
vn -0.23475755751132965 -0.2165900617837906 0.9476168155670166
vn 0.4225025475025177 0.0607169084250927 0.9043257832527161
vn -0.6798151135444641 0.15521769225597382 0.716769814491272
vn -0.150832399725914 0.24566100537776947 0.9575490951538086
vn 0.13911870121955872 0.3255891799926758 0.9352206587791443
vn -0.510383665561676 0.0028219313826411963 0.8599421977996826
vn -0.3133811354637146 -0.05147400498390198 0.9482313990592957
vn -0.05457145720720291 -0.03658527135848999 0.9978394508361816
vn 0.2057698667049408 -0.123317189514637 0.9707995057106018
vn -0.3975708782672882 0.3823748528957367 0.8341025114059448
vn -0.044866014271974564 0.42492276430130005 0.9041171073913574
vn -0.2157946676015854 0.5656019449234009 0.7959441542625427
vn -0.2507483661174774 0.25565481185913086 0.9336840510368347
vn -0.4898488223552704 -0.8435606360435486 0.22012192010879517
vn -0.29121914505958557 -0.9317543506622314 0.21685320138931274
vn -0.1455318033695221 -0.9693423509597778 0.19797979295253754
vn 0.01688811555504799 -0.9892584681510925 0.14519815146923065
vn -0.6841241121292114 -0.6879494786262512 0.24228039383888245
vn 0.14074085652828217 -0.9511440992355347 0.2748034596443176
vn -0.7987543344497681 -0.53205806016922 0.2809017300605774
vn 0.34633126854896545 -0.9038355350494385 0.25126883387565613
vn 0.5789949297904968 -0.7953290939331055 0.17948949337005615
vn -0.5842255353927612 -0.6913726329803467 0.4250698983669281
vn -0.3560199737548828 -0.797200620174408 0.4875664710998535
vn -0.19109994173049927 -0.8778154253959656 0.43922773003578186
vn -0.04602949321269989 -0.9276004433631897 0.3707273602485657
vn -0.9075217247009277 -0.3071722984313965 0.28644299507141113
vn 0.7525461316108704 -0.6043134331703186 0.2616860270500183
vn -0.8615075349807739 -0.32314440608024597 0.39164087176322937
vn 0.6077767610549927 -0.7461126446723938 0.2718885838985443
vn -0.9431902170181274 -0.020379310473799706 0.33162766695022583
vn 0.7842580080032349 -0.48533982038497925 0.38650307059288025
vn 0.8542689085006714 -0.47444117069244385 0.21243895590305328
vn -0.9295476675033569 0.14967383444309235 0.3369554877281189
vn 0.9236396551132202 -0.1628509908914566 0.34694305062294006
vn 0.8174015283584595 -0.26484647393226624 0.5115771293640137
vn -0.9114363193511963 0.30592989921569824 0.275119423866272
vn 0.9434838891029358 0.16065119206905365 0.2898782789707184
vn 0.8090353608131409 0.45252999663352966 0.37507131695747375
vn 0.8126258850097656 0.14650355279445648 0.5640708208084106
vn -0.86723792552948 0.4595816433429718 0.19152827560901642
vn 0.7444580793380737 0.604224443435669 0.2840688228607178
vn -0.6537095904350281 0.7436131238937378 0.1403687447309494
vn -0.4743900001049042 0.8199506998062134 0.3203670382499695
vn 0.5091028809547424 0.7152015566825867 0.47885385155677795
vn 0.6082859039306641 0.6719982028007507 0.4223822355270386
vn -0.6700562834739685 0.6741987466812134 0.3106133043766022
vn 0.7358834743499756 0.47308075428009033 0.48442769050598145
vn -0.24472033977508545 0.8444924354553223 0.47638699412345886
vn 0.4278150498867035 0.8389067649841309 0.336466521024704
vn -0.0949769839644432 0.9466084837913513 0.30807748436927795
vn 0.08614258468151093 0.9354472756385803 0.3428087830543518
vn 0.2449951469898224 0.9253872036933899 0.28919872641563416
vn -0.04284359887242317 0.8366312384605408 0.546088457107544
vn 0.12309321016073227 0.8322294354438782 0.5405943989753723
vn 0.2941497266292572 0.8040537238121033 0.5166948437690735
vn -0.5650022625923157 -0.5863440036773682 0.5804938673973083
vn -0.3360840976238251 -0.7074308395385742 0.6217628717422485
vn -0.12073935568332672 -0.8184857368469238 0.5616967082023621
vn 0.10962311178445816 -0.8883510828018188 0.44588690996170044
vn 0.29308634996414185 -0.8834030628204346 0.3656493127346039
vn -0.7047275900840759 -0.5219184756278992 0.4805832505226135
vn 0.45823776721954346 -0.7589145302772522 0.46267372369766235
vn -0.795443058013916 -0.2597505748271942 0.5475399494171143
vn 0.6385838985443115 -0.5640754103660583 0.5234783291816711
vn -0.6557977795600891 -0.3827499747276306 0.6507164239883423
vn -0.4978087544441223 -0.5096333622932434 0.701755166053772
vn -0.30653855204582214 -0.644232451915741 0.700713038444519
vn 0.28949061036109924 -0.7294095158576965 0.6198040246963501
vn -0.9043349623680115 -0.071827732026577 0.4207364320755005
vn 0.7539581060409546 -0.4015350043773651 0.5199199914932251
vn -0.7939586043357849 -0.10038752853870392 0.5996266007423401
vn -0.6915664672851562 -0.24486635625362396 0.6795412302017212
vn 0.6233171224594116 -0.36856815218925476 0.6896616816520691
vn -0.8792649507522583 0.0797666683793068 0.4696066379547119
vn 0.7463437914848328 -0.18627561628818512 0.6389620304107666
vn -0.7666867971420288 0.09801620244979858 0.634495198726654
vn 0.6518353223800659 -0.15032605826854706 0.7433121204376221
vn -0.8590196967124939 0.19771766662597656 0.472221314907074
vn 0.7533925175666809 0.0697818398475647 0.6538580060005188
vn -0.7857905626296997 0.38941287994384766 0.48051097989082336
vn 0.6262291073799133 0.3158268630504608 0.7128047347068787
vn -0.6167298555374146 0.3168116807937622 0.7206072211265564
vn -0.5057791471481323 0.45402809977531433 0.7335162162780762
vn 0.5631888508796692 0.11874426156282425 0.8177518844604492
vn -0.5060084462165833 0.5900676250457764 0.6291071176528931
vn 0.505856990814209 0.5294488072395325 0.681023359298706
vn -0.4003933072090149 0.7954716086387634 0.4548737704753876
vn -0.22435249388217926 0.7607366442680359 0.6090530753135681
vn -0.013299277052283287 0.7387598156929016 0.6738376617431641
vn 0.217049241065979 0.7233518958091736 0.6554782390594482
vn 0.39661505818367004 0.6659800410270691 0.631796658039093
vn -0.328544944524765 0.6127599477767944 0.7187374234199524
vn -0.18486672639846802 0.6569026112556458 0.7309605479240417
vn 0.03291085362434387 0.6577953696250916 0.7524774074554443
vn 0.2109827846288681 0.6031631827354431 0.7692077159881592
vn 0.39092931151390076 0.46011674404144287 0.7971618175506592
vn 0.05480465665459633 -0.7932326793670654 0.6064473390579224
vn -0.10790664702653885 -0.7022719383239746 0.7036833763122559
vn 0.1423596739768982 -0.62697833776474 0.7659189701080322
vn -0.3327948749065399 -0.4311208724975586 0.8386789560317993
vn -0.194613516330719 -0.5086469650268555 0.838691771030426
vn 0.4124734699726105 -0.5041298270225525 0.7587613463401794
vn -0.026255814358592033 -0.5350449681282043 0.8444154858589172
vn -0.4800858795642853 -0.36792895197868347 0.7963327169418335
vn 0.4454258978366852 -0.23313303291797638 0.8644331693649292
vn -0.5152677297592163 -0.1926984041929245 0.8350847363471985
vn -0.28617826104164124 -0.20585541427135468 0.9358021020889282
vn -0.14814791083335876 -0.28412339091300964 0.9472730159759521
vn 0.01999448612332344 -0.28298690915107727 0.9589154124259949
vn 0.196287602186203 -0.38613665103912354 0.9013155102729797
vn -0.6744809150695801 -0.03483413904905319 0.7374700903892517
vn 0.45389413833618164 -0.007430343423038721 0.891024649143219
vn -0.6311752796173096 0.20719681680202484 0.7474538683891296
vn -0.415912926197052 0.035566963255405426 0.9087086915969849
vn -0.2102271169424057 0.04477761685848236 0.9766266345977783
vn -0.09895672649145126 -0.03234352916479111 0.994566023349762
vn 0.022372715175151825 -0.058158401399850845 0.9980566501617432
vn 0.23506003618240356 -0.1245880201458931 0.963962972164154
vn -0.42921367287635803 0.3227293789386749 0.8435766100883484
vn 0.3935145437717438 0.23359429836273193 0.8891456723213196
vn -0.27470505237579346 0.5337439179420471 0.7997841238975525
vn -0.07978563755750656 0.529013454914093 0.844854474067688
vn 0.06381659209728241 0.47313201427459717 0.8786771893501282
vn 0.20959646999835968 0.382383793592453 0.8999178409576416
vn -0.2193981558084488 0.29815083742141724 0.9289621114730835
vn -0.05726936087012291 0.2682357430458069 0.9616495370864868
vn 0.054855842143297195 0.1997300684452057 0.978314220905304
vn 0.21941567957401276 0.108036570250988 0.9696313142776489
vn -0.13756118714809418 -0.28954485058784485 -0.9472278952598572
vn 0.2832784652709961 -0.276563435792923 -0.91829514503479
vn -0.24504108726978302 -0.5152109861373901 -0.8212871551513672
vn 0.07081052660942078 -0.6719400882720947 -0.737212598323822
vn -0.2867094576358795 -0.000014273348824644927 -0.9580175876617432
vn 0.4999668598175049 -0.4930318295955658 -0.7120062112808228
vn 0.07485745847225189 0.24627715349197388 -0.9663043022155762
vn 0.5232333540916443 0.07025419920682907 -0.8492887020111084
vn -0.40985286235809326 -0.058421093970537186 -0.910278856754303
vn -0.33309951424598694 -0.0747855007648468 -0.9399212002754211
vn -0.4826233685016632 0.23955875635147095 -0.8424288630485535
vn -0.2815053164958954 0.25870954990386963 -0.9240260720252991
vn -0.10097040981054306 0.3736632466316223 -0.9220525026321411
vn 0.32243987917900085 0.400542289018631 -0.8576703071594238
vn -0.4593255817890167 -0.2106948047876358 -0.8629181385040283
vn -0.30309271812438965 -0.3902624547481537 -0.8693848252296448
vn -0.12979167699813843 -0.6389869451522827 -0.7581885457038879
vn 0.11200115829706192 -0.6923845410346985 -0.7127828598022461
vn -0.46325671672821045 -0.370068222284317 -0.8052594661712646
vn 0.3245086371898651 -0.5454985499382019 -0.7727389931678772
vn 0.4813886880874634 -0.4190376102924347 -0.7698522210121155
vn -0.6029744744300842 0.0773773267865181 -0.7939991354942322
vn 0.49186012148857117 -0.4610036313533783 -0.7386131286621094
vn -0.6489425301551819 -0.1619969755411148 -0.7433913350105286
vn -0.3272455930709839 -0.4345465898513794 -0.8390945196151733
vn 0.5788271427154541 -0.22332417964935303 -0.7842738032341003
vn 0.5991709232330322 -0.24937093257904053 -0.7607945799827576
vn -0.6156114935874939 0.42895951867103577 -0.6610720157623291
vn 0.6253523826599121 -0.004580800421535969 -0.7803290486335754
vn -0.3475586771965027 0.4925479590892792 -0.7978718280792236
vn -0.10089840739965439 0.5295045375823975 -0.8422853350639343
vn 0.1488506942987442 0.5226920247077942 -0.8394263386726379
vn 0.43875133991241455 0.3695293366909027 -0.8191125392913818
vn 0.5531684160232544 0.18853741884231567 -0.8114544749259949
vn 0.6095162630081177 0.010733364149928093 -0.7927009463310242
vn -0.49811965227127075 0.6078928709030151 -0.618338942527771
vn -0.2285962700843811 0.6679397225379944 -0.7082374691963196
vn 0.04991251602768898 0.6329648494720459 -0.7725698947906494
vn 0.30183055996894836 0.5244066119194031 -0.7961758375167847
vn 0.4315880239009857 0.4179457724094391 -0.7994080185890198
vn 0.5282914042472839 0.324721097946167 -0.784515380859375
vn -0.0819423571228981 0.7420734167098999 -0.6652913689613342
vn 0.13724105060100555 0.6995773911476135 -0.7012534737586975
vn 0.3296389579772949 0.6007277965545654 -0.7283297777175903
vn -0.44395482540130615 -0.6097276210784912 -0.6566097736358643
vn 0.13567785918712616 -0.6798701286315918 -0.720672070980072
vn 0.26021313667297363 -0.6415673494338989 -0.7215819358825684
vn -0.4268784821033478 -0.7654849290847778 -0.481464147567749
vn -0.29851704835891724 -0.7826089859008789 -0.5462698340415955
vn 0.052088312804698944 -0.7860419154167175 -0.6159748435020447
vn 0.22943606972694397 -0.7504519820213318 -0.6198233962059021
vn 0.4820978343486786 -0.7421440482139587 -0.4656221270561218
vn -0.5541675090789795 -0.5349776148796082 -0.6377283334732056
vn -0.35084858536720276 -0.6525846719741821 -0.6715940237045288
vn 0.04240569844841957 -0.6995939612388611 -0.7132812142372131
vn 0.43418052792549133 -0.5669018030166626 -0.7000783085823059
vn -0.7598587870597839 -0.35121428966522217 -0.5470495223999023
vn -0.07166268676519394 -0.6607548594474792 -0.747173011302948
vn 0.6144862174987793 -0.4741849899291992 -0.6305198669433594
vn -0.6577653288841248 -0.6266493201255798 -0.4179180860519409
vn -0.2616997957229614 -0.7389479279518127 -0.6208617091178894
vn -0.09241914004087448 -0.7415558099746704 -0.664495050907135
vn 0.5479921102523804 -0.6157904863357544 -0.5661332011222839
vn -0.8858972787857056 0.03412072733044624 -0.4626249074935913
vn -0.3927100896835327 -0.5443302392959595 -0.7412714958190918
vn -0.07735726237297058 -0.5731465816497803 -0.8157933950424194
vn 0.6572233438491821 -0.339797705411911 -0.672751784324646
vn -0.7562085390090942 0.21647490561008453 -0.6174845695495605
vn -0.2292156219482422 -0.651652991771698 -0.7230551242828369
vn -0.16444405913352966 -0.7200084924697876 -0.6742002964019775
vn 0.7302687168121338 -0.3288693130016327 -0.5987926125526428
vn -0.7290427088737488 0.44803524017333984 -0.5174564123153687
vn 0.6750112771987915 -0.1023794412612915 -0.7306697964668274
vn 0.7758908867835999 -0.1479565054178238 -0.6132718324661255
vn -0.6834178566932678 0.6190517544746399 -0.3869301974773407
vn 0.6692587733268738 0.1453501582145691 -0.7286742329597473
vn -0.5009469389915466 0.715901792049408 -0.48635047674179077
vn -0.3807907998561859 0.7676523923873901 -0.515468955039978
vn 0.5789352655410767 0.372022807598114 -0.7255570888519287
vn -0.22912651300430298 0.8542687892913818 -0.4666111469268799
vn 0.48389407992362976 0.5784328579902649 -0.656705379486084
vn -0.045496709644794464 0.8519359230995178 -0.5216658711433411
vn 0.10369592905044556 0.7850817441940308 -0.6106503009796143
vn 0.3119117021560669 0.7010412216186523 -0.6412895917892456
vn -0.4590403437614441 0.8404720425605774 -0.28790411353111267
vn 0.6542576551437378 0.4413434565067291 -0.6141359806060791
vn 0.7497748136520386 0.4714106619358063 -0.4643380045890808
vn 0.0335112027823925 0.8824293613433838 -0.4692499339580536
vn 0.2305978685617447 0.8414371013641357 -0.4886801540851593
vn -0.4963887929916382 -0.8260356187820435 -0.26695188879966736
vn -0.3823586702346802 -0.8598944544792175 -0.3382061719894409
vn -0.014427606016397476 -0.9122965335845947 -0.4092760980129242
vn 0.0678877979516983 -0.8920047879219055 -0.4468989968299866
vn 0.23977218568325043 -0.8795202374458313 -0.4110395014286041
vn -0.5928866267204285 -0.7480164766311646 -0.29825645685195923
vn -0.28626665472984314 -0.8747130036354065 -0.39106085896492004
vn -0.010170099325478077 -0.8179798722267151 -0.5751569867134094
vn 0.482515811920166 -0.8466771245002747 -0.22431311011314392
vn -0.8088469505310059 -0.5507229566574097 -0.20608457922935486
vn -0.16379095613956451 -0.8055598139762878 -0.5694260597229004
vn -0.11491650342941284 -0.9060085415840149 -0.4073607921600342
vn -0.9112922549247742 -0.28087419271469116 -0.3010915219783783
vn 0.6442400813102722 -0.6852441430091858 -0.3396987318992615
vn 0.6678031086921692 -0.5371318459510803 -0.51529461145401
vn -0.9684246778488159 0.14425352215766907 -0.20333382487297058
vn 0.7393033504486084 -0.49314627051353455 -0.45851635932922363
vn -0.8662742972373962 0.3817797303199768 -0.32220032811164856
vn -0.7985473871231079 0.555481493473053 -0.23186740279197693
vn 0.8328695893287659 -0.29323330521583557 -0.4694066047668457
vn 0.8722336888313293 -0.04591673985123634 -0.486929327249527
vn 0.9371638894081116 -0.07198815792798996 -0.3413819670677185
vn -0.7358205914497375 0.657257616519928 -0.16303542256355286
vn 0.7792192101478577 0.06612159311771393 -0.6232538819313049
vn -0.6081230044364929 0.7510707378387451 -0.25705891847610474
vn 0.7952187061309814 0.23353354632854462 -0.5595439076423645
vn 0.9050672054290771 0.1573081910610199 -0.39510443806648254
vn 0.9613758325576782 0.13183565437793732 -0.24161109328269958
vn -0.5328791737556458 0.8403506875038147 -0.09925027936697006
vn 0.8940269351005554 0.32356104254722595 -0.3098776936531067
vn -0.30691567063331604 0.9163582921028137 -0.2570803761482239
vn -0.20348843932151794 0.893470287322998 -0.4003790020942688
vn 0.6266158223152161 0.665687084197998 -0.40523242950439453
vn 0.766806423664093 0.5946024656295776 -0.24177637696266174
vn -0.08697739988565445 0.9488344788551331 -0.3035591244697571
vn 0.44090303778648376 0.738085150718689 -0.5107200145721436
vn 0.13357460498809814 0.9553350806236267 -0.2636147737503052
vn 0.32588663697242737 0.8954006433486938 -0.30340683460235596
vn -0.3130233585834503 0.9215230941772461 -0.22980761528015137
vn 0.513266384601593 0.7985799312591553 -0.3143689036369324
vn -0.5270261168479919 -0.8459700345993042 -0.08110518008470535
vn -0.3868313133716583 -0.9076125025749207 -0.16309857368469238
vn -0.23028458654880524 -0.9445945620536804 -0.23390202224254608
vn -0.07306075096130371 -0.9693489074707031 -0.2345736026763916
vn 0.09002301841974258 -0.965889036655426 -0.24280495941638947
vn 0.23130695521831512 -0.9542356729507446 -0.18955567479133606
vn -0.7369711995124817 -0.6712607145309448 -0.07926288992166519
vn 0.4631333649158478 -0.8816319704055786 -0.09073387086391449
vn -0.8717169165611267 -0.4900098741054535 -0.0002654062118381262
vn -0.6973448991775513 -0.71564781665802 0.03947565332055092
vn -0.9790558815002441 -0.16753143072128296 -0.11568436026573181
vn 0.5273443460464478 -0.8382331132888794 -0.13882775604724884
vn 0.6514363884925842 -0.6825100779533386 -0.3313769996166229
vn -0.9625906348228455 -0.2538653016090393 0.09471914172172546
vn 0.799207866191864 -0.480692058801651 -0.36083510518074036
vn -0.9707038402557373 0.23852503299713135 -0.028981143608689308
vn 0.7347094416618347 -0.5528748035430908 -0.3931048810482025
vn -0.8991883993148804 0.4296150207519531 -0.08301307260990143
vn 0.8821292519569397 -0.2852220833301544 -0.3748284578323364
vn 0.8970144987106323 -0.35240083932876587 -0.26679328083992004
vn -0.8492141366004944 0.527168333530426 -0.03047793358564377
vn 0.9749830365180969 -0.14469848573207855 -0.16873206198215485
vn -0.7804872393608093 0.6251610517501831 -0.003664332674816251
vn 0.9931439161300659 0.03824866563081741 -0.110463447868824
vn -0.6517942547798157 0.7556979060173035 -0.063914455473423
vn 0.9514682292938232 0.28722745180130005 -0.11049249768257141
vn -0.6865867376327515 0.7192234396934509 0.10637862980365753
vn -0.611186683177948 0.7885847091674805 0.06771297007799149
vn 0.8681843876838684 0.4883486032485962 -0.08815668523311615
vn -0.4817194938659668 0.8704931735992432 -0.10093581676483154
vn 0.7234517335891724 0.6889905333518982 -0.04369962215423584
vn -0.3663187623023987 0.9287956953048706 -0.05611786991357803
vn 0.6381102204322815 0.7565576434135437 -0.1429544985294342
vn -0.09801679849624634 0.9905780553817749 -0.09564442187547684
vn 0.08602385222911835 0.994862973690033 -0.05336279049515724
vn 0.2800907790660858 0.9564110040664673 -0.08262638747692108
vn 0.44927212595939636 0.8902817964553833 -0.0745181292295456
vn -0.24029865860939026 0.9678359031677246 0.07450064271688461
vn -0.48270654678344727 -0.8734666705131531 0.06364310532808304
vn -0.3028194308280945 -0.9509456753730774 -0.06326719373464584
vn -0.13284187018871307 -0.9882141947746277 -0.07606417685747147
vn 0.05384664982557297 -0.9957603216171265 -0.07457822561264038
vn 0.24078920483589172 -0.969879686832428 -0.036796581000089645
vn -0.664109468460083 -0.7164310216903687 0.21374130249023438
vn 0.39857539534568787 -0.9159182906150818 0.04723818227648735
vn -0.8217825889587402 -0.5323366522789001 0.20320214331150055
vn 0.8271843791007996 -0.5615930557250977 -0.019475378096103668
vn 0.2487732470035553 -0.965043842792511 0.08247622847557068
vn -0.8999099731445312 -0.34846338629722595 0.2621743381023407
vn 0.47756657004356384 -0.8761245608329773 0.0658479556441307
vn 0.48673251271247864 -0.8192723393440247 -0.3031243085861206
vn 0.8953532576560974 -0.3905887305736542 0.21396973729133606
vn -0.9440951943397522 -0.08243190497159958 0.3192010223865509
vn 0.4680144488811493 -0.872283399105072 -0.14171868562698364
vn -0.8741176128387451 -0.3307858407497406 0.35566720366477966
vn 0.47811001539230347 -0.836516261100769 0.2676776349544525
vn -0.9911268353462219 0.11347022652626038 0.06922484189271927
vn 0.9655522704124451 -0.2600485682487488 -0.009140548296272755
vn -0.9063025116920471 0.39172282814979553 0.15864743292331696
vn -0.9275471568107605 0.2384720891714096 0.2877280116081238
vn -0.8739858269691467 0.46592164039611816 0.1380792260169983
vn 0.9912617802619934 -0.123469278216362 0.04642671346664429
vn -0.7913387417793274 0.5865524411201477 0.1724507212638855
vn -0.8328848481178284 0.45765262842178345 0.3112185597419739
vn -0.7514480948448181 0.6064781546592712 0.2598270773887634
vn 0.9956953525543213 0.09191082417964935 0.011969087645411491
vn 0.9315599799156189 0.36151954531669617 0.03872530534863472
vn -0.7025694847106934 0.6939537525177002 0.15755724906921387
vn 0.8328757286071777 0.5516642332077026 0.04454847797751427
vn -0.5478047132492065 0.8306966423988342 0.09926323592662811
vn -0.4580787420272827 0.882483720779419 0.10670729726552963
vn 0.6565657258033752 0.7307324409484863 0.18695373833179474
vn -0.25609102845191956 0.9409670233726501 0.2213558405637741
vn 0.5883333683013916 0.805159330368042 0.07471468299627304
vn -0.02350492589175701 0.9918230772018433 0.1254374384880066
vn 0.1911785751581192 0.9760054349899292 0.10423107445240021
vn 0.3775036931037903 0.9177179932594299 0.12363147735595703
vn 0.5177358984947205 0.8210827708244324 0.24035947024822235
vn -0.26568108797073364 -0.16673830151557922 -0.9495324492454529
vn 0.1554289162158966 0.21498440206050873 -0.9641699194908142
vn -0.5153136849403381 -0.8263989686965942 0.22697269916534424
vn -0.32414522767066956 -0.9385160207748413 0.11881738156080246
vn -0.15971489250659943 -0.9853349328041077 0.060052402317523956
vn 0.034883979707956314 -0.9967526197433472 0.0725761204957962
vn -0.7165507674217224 -0.6459587812423706 0.2632341682910919
vn 0.15945954620838165 -0.9620571732521057 0.22140160202980042
vn 0.30214327573776245 -0.9235660433769226 0.23608310520648956
vn -0.703597366809845 -0.6279624700546265 0.33258673548698425
vn 0.01789954863488674 -0.9628593921661377 0.26940953731536865
vn -0.8261319994926453 -0.3853776454925537 0.41108402609825134
vn 0.4254610240459442 -0.8736865520477295 0.23591271042823792
vn -0.8938198089599609 -0.10213665664196014 0.4366398751735687
vn 0.5381688475608826 -0.8106391429901123 0.230734720826149
vn 0.605425238609314 -0.7232740521430969 0.3321671187877655
vn -0.9040728807449341 0.10981657356023788 0.4130284786224365
vn 0.8921125531196594 -0.3617357909679413 0.2707073986530304
vn -0.8949800729751587 0.3154548704624176 0.31543466448783875
vn -0.8841109275817871 0.14383839070796967 0.4445878863334656
vn -0.8595827221870422 0.3208397924900055 0.39771777391433716
vn 0.9687513113021851 -0.15993860363960266 0.18958033621311188
vn -0.843883216381073 0.4557781219482422 0.2830680012702942
vn 0.9850800633430481 0.08439620584249496 0.14998212456703186
vn 0.8755752444267273 0.4322536587715149 0.21569593250751495
vn -0.7645241618156433 0.6033740639686584 0.22680944204330444
vn 0.766251802444458 0.6126900315284729 0.19356954097747803
vn -0.5414067506790161 0.8197510242462158 0.18678084015846252
vn -0.3701168894767761 0.8848432302474976 0.28295931220054626
vn 0.42377859354019165 0.8038609027862549 0.4173958897590637
vn 0.5973129272460938 0.7275413870811462 0.33749204874038696
vn -0.5685390830039978 0.7759407162666321 0.27327537536621094
vn -0.1902891993522644 0.8999230861663818 0.39233723282814026
vn 0.3540560305118561 0.8844199776649475 0.30404898524284363
vn -0.03549909591674805 0.9574986100196838 0.286245197057724
vn 0.16893215477466583 0.9498825073242188 0.2630307376384735
vn 0.037122879177331924 0.8949111700057983 0.44469761848449707
vn 0.22987700998783112 0.8710387349128723 0.43410617113113403
vn -0.5284729599952698 -0.5931879281997681 -0.6073256134986877
vn -0.42735013365745544 -0.6079588532447815 -0.6691471934318542
vn -0.12065041065216064 -0.6864108443260193 -0.7171357274055481
vn 0.04796818643808365 -0.5129762291908264 -0.857061505317688
vn 0.1453794240951538 -0.44674837589263916 -0.8827688097953796
vn 0.32248765230178833 -0.39332613348960876 -0.8609856367111206
vn 0.6335657238960266 -0.43469253182411194 -0.6400288343429565
vn -0.6662150025367737 0.24590638279914856 -0.7040509581565857
vn 0.22061988711357117 -0.5108090043067932 -0.8309037685394287
vn 0.07274702936410904 0.24906852841377258 -0.9657498598098755
vn -0.6869456171989441 -0.18117521703243256 -0.7037622332572937
vn 0.16210049390792847 -0.1629282385110855 -0.9732306003570557
vn 0.22450998425483704 -0.21226711571216583 -0.9510719776153564
vn 0.3969862759113312 -0.13709098100662231 -0.9075285196304321
vn 0.660264253616333 -0.1286613941192627 -0.7399306893348694
vn -0.15928694605827332 -0.014900040812790394 -0.9871199131011963
vn -0.6461870670318604 0.16350266337394714 -0.7454590201377869
vn -0.3408416211605072 0.2829514443874359 -0.8965296745300293
vn -0.05161300301551819 0.10922786593437195 -0.9926759004592896
vn 0.17194156348705292 -0.1108536496758461 -0.9788501262664795
vn 0.44518163800239563 -0.024692352861166 -0.8950998187065125
vn 0.6535220742225647 0.0031379847787320614 -0.7569010257720947
vn -0.1185159757733345 0.5448446869850159 -0.8301193714141846
vn 0.43257614970207214 -0.17149192094802856 -0.8851374983787537
vn 0.47828829288482666 0.4440441131591797 -0.7576708793640137
vn -0.18034212291240692 0.3241673409938812 -0.9286507964134216
vn 0.571479856967926 0.12582017481327057 -0.8109130859375
vn 0.6162222027778625 0.10173705965280533 -0.7809736132621765
vn -0.3009636104106903 0.5160177946090698 -0.8019642233848572
vn -0.052012719213962555 0.5344333648681641 -0.8436087369918823
vn 0.18589605391025543 0.5743370056152344 -0.7972325682640076
vn 0.41135308146476746 0.3714909851551056 -0.832335889339447
vn 0.1558663249015808 0.627407968044281 -0.7629318237304688
vn -0.31690847873687744 -0.8981223106384277 0.30486932396888733
vn -0.13529372215270996 -0.961915135383606 0.23751838505268097
vn -0.4983575940132141 -0.7215887904167175 0.4805718660354614
vn -0.0411696694791317 -0.8938677310943604 0.44643649458885193
vn -0.7184034585952759 -0.5083104372024536 0.47488638758659363
vn 0.10994991660118103 -0.8962980508804321 0.42960551381111145
vn 0.25135669112205505 -0.8892228603363037 0.38223353028297424
vn -0.31149959564208984 -0.7882956862449646 0.5306203961372375
vn -0.14565694332122803 -0.8516889214515686 0.5033985376358032
vn -0.8733181357383728 -0.30090638995170593 0.3831068277359009
vn 0.4180358052253723 -0.8014850616455078 0.42763036489486694
vn 0.5296159386634827 -0.742703914642334 0.40975332260131836
vn 0.6887944340705872 -0.6133459210395813 0.3864828944206238
vn -0.8101984858512878 -0.2646036148071289 0.5230327844619751
vn 0.26192066073417664 -0.786127507686615 0.5598223805427551
vn -0.8885164260864258 -0.004201802425086498 0.4588256776332855
vn 0.8520899415016174 -0.35802486538887024 0.38178640604019165
vn 0.7109817862510681 -0.4580898880958557 0.5335341095924377
vn -0.8946542739868164 0.19481463730335236 0.4020460247993469
vn 0.8991547226905823 -0.13465118408203125 0.41640111804008484
vn 0.7708561420440674 -0.2055119127035141 0.6029475331306458
vn -0.8669198155403137 0.3427009880542755 0.3619476854801178
vn 0.9130761027336121 0.10038162767887115 0.3952411115169525
vn -0.7094671130180359 0.5775915384292603 0.4037877023220062
vn 0.7708756327629089 0.39292025566101074 0.501362681388855
vn 0.7435435652732849 0.1547972559928894 0.6505235433578491
vn -0.46401453018188477 0.7526978254318237 0.4670508801937103
vn 0.6613499522209167 0.5877812504768372 0.46597158908843994
vn -0.2753773629665375 0.8888282775878906 0.3662671744823456
vn -0.10123439133167267 0.8626003265380859 0.4956533908843994
vn 0.14270664751529694 0.8302145600318909 0.5388678908348083
vn 0.2606552541255951 0.7927656173706055 0.5509822964668274
vn 0.485723078250885 0.7155776023864746 0.5020176768302917
vn -0.25357964634895325 0.7757449746131897 0.57785564661026
vn 0.37985295057296753 0.6499340534210205 0.6582534313201904
vn 0.5906063318252563 0.5063262581825256 0.6283453106880188
vn -0.5585896968841553 -0.7106770873069763 -0.4276864528656006
vn -0.27049192786216736 -0.8050808906555176 -0.5279005765914917
vn -0.09288294613361359 -0.7873823046684265 -0.6094275712966919
vn -0.004384562373161316 -0.7549384832382202 -0.6557809710502625
vn 0.12442503124475479 -0.7603894472122192 -0.6374374032020569
vn 0.33450329303741455 -0.7546179294586182 -0.5644992589950562
vn -0.6925743818283081 -0.3991106450557709 -0.6008755564689636
vn 0.6282260417938232 -0.7244205474853516 -0.28380799293518066
vn -0.7812952399253845 -0.04432078078389168 -0.6225860714912415
vn 0.8441225290298462 -0.3738735318183899 -0.38428598642349243
vn -0.7656722068786621 0.2657160460948944 -0.585782527923584
vn 0.8464993834495544 -0.13192521035671234 -0.5157853364944458
vn -0.6166998744010925 0.2924783527851105 -0.7308472990989685
vn -0.3789827525615692 0.3029724955558777 -0.8744025230407715
vn -0.349317729473114 0.44956591725349426 -0.8221117258071899
vn 0.8161161541938782 -0.04009120538830757 -0.5764955282211304
vn -0.5631617903709412 0.56606525182724 -0.6020123958587646
vn 0.744636058807373 0.05529677867889404 -0.665176272392273
vn -0.7059304118156433 0.46938568353652954 -0.5304144024848938
vn -0.5639650821685791 0.42052823305130005 -0.7107034921646118
vn -0.5196809768676758 0.6372023820877075 -0.5691263675689697
vn 0.6212868690490723 0.3019164800643921 -0.7230830788612366
vn -0.2788648307323456 0.6512525081634521 -0.7057652473449707
vn -0.10103761404752731 0.7095476984977722 -0.6973761916160583
vn 0.48465660214424133 0.4992867708206177 -0.7182065844535828
vn 0.7787685990333557 0.23256172239780426 -0.5826100707054138
vn 0.07466275244951248 0.8084356784820557 -0.5838297605514526
vn 0.25551822781562805 0.6323381662368774 -0.7313405275344849
vn 0.19540107250213623 0.8314180970191956 -0.5201560854911804
vn -0.1889466494321823 0.8461769819259644 -0.49828076362609863
vn 0.38429439067840576 0.7517431378364563 -0.5359106063842773
vn -0.302168607711792 -0.6574788689613342 0.6902287006378174
vn -0.08069995045661926 -0.7745469212532043 0.6273472905158997
vn 0.06245250627398491 -0.815695583820343 0.5751003623008728
vn -0.5579383373260498 -0.5044400691986084 0.6589727997779846
vn 0.17666786909103394 -0.6769794821739197 0.7144839763641357
vn -0.7219604849815369 -0.2176850289106369 0.6568000912666321
vn 0.406613290309906 -0.6515045762062073 0.6404743790626526
vn 0.5571252703666687 -0.5989844799041748 0.5751773715019226
vn -0.5168343782424927 -0.4118558466434479 0.7505045533180237
vn -0.28811001777648926 -0.6449858546257019 0.7078035473823547
vn -0.008683571591973305 -0.695392906665802 0.7185773849487305
vn -0.8749077320098877 -0.024913404136896133 0.48364853858947754
vn 0.583869993686676 -0.3552851676940918 0.7299782633781433
vn -0.7457432150840759 -0.0809234082698822 0.6613005995750427
vn -0.6611896753311157 -0.3001727759838104 0.6875496506690979
vn 0.011337490752339363 -0.651056170463562 0.7589449286460876
vn 0.26463383436203003 -0.5588807463645935 0.7858888506889343
vn 0.43100419640541077 -0.4821231961250305 0.7627533078193665
vn -0.8489953875541687 0.10109139233827591 0.5186399817466736
vn 0.6283243298530579 -0.10495693236589432 0.7708388566970825
vn -0.7067391276359558 0.14535410702228546 0.6923814415931702
vn 0.46034032106399536 -0.2143036425113678 0.8614875078201294
vn -0.7912101149559021 0.21805499494075775 0.5713481307029724
vn 0.6139159202575684 0.2171829342842102 0.758906364440918
vn -0.7195916771888733 0.4349651336669922 0.5412883758544922
vn -0.46443766355514526 0.5785527229309082 0.6705031991004944
vn 0.2295519858598709 0.5214473605155945 0.8218263983726501
vn 0.4191974103450775 0.3995043933391571 0.815272867679596
vn -0.5687867403030396 0.35414907336235046 0.7423343062400818
vn -0.3550235629081726 0.49477022886276245 0.7931965589523315
vn -0.08978713303804398 0.5591983199119568 0.8241574168205261
vn 0.11473003029823303 0.46344420313835144 0.8786674737930298
vn 0.30461233854293823 0.2846086323261261 0.9089605808258057
vn 0.44726136326789856 0.0669480487704277 0.8918942213058472
vn -0.20390622317790985 0.6475058197975159 0.7342740893363953
vn 0.15904605388641357 0.7062374353408813 0.6898790597915649
vn -0.0769534483551979 0.8060625791549683 0.5868059992790222
vn 0.04262686148285866 0.7755799889564514 0.6298084259033203
vn -0.0711309015750885 0.6594182848930359 0.7484036087989807
vn 0.07448962330818176 0.5961800813674927 0.7993876338005066
vn -0.6347463130950928 -0.739600419998169 -0.22380444407463074
vn -0.4095790684223175 -0.8656123280525208 -0.2880283296108246
vn -0.18300122022628784 -0.9100134968757629 -0.3720027208328247
vn -0.03772658482193947 -0.9232890009880066 -0.38224875926971436
vn 0.07896431535482407 -0.9182300567626953 -0.38809558749198914
vn 0.3121204674243927 -0.9170791506767273 -0.24808599054813385
vn -0.7883240580558777 -0.4406984746456146 -0.4293367862701416
vn 0.6913962364196777 -0.7076807022094727 -0.14546245336532593
vn 0.4227779507637024 -0.8989555835723877 -0.11461964249610901
vn -0.8077014684677124 -0.02882612682878971 -0.588886559009552
vn 0.8785698413848877 -0.3996012210845947 -0.26159870624542236
vn -0.6800295114517212 -0.4616127610206604 -0.569625735282898
vn -0.8641570210456848 0.2807641625404358 -0.41761723160743713
vn 0.8951399922370911 -0.26426538825035095 -0.3590099811553955
vn -0.8365072011947632 0.42678385972976685 -0.3436732292175293
vn 0.8787438869476318 -0.1630026251077652 -0.44859713315963745
vn -0.7401710748672485 0.5588644742965698 -0.37392160296440125
vn 0.9025959372520447 -0.06101299449801445 -0.42614319920539856
vn -0.6610841155052185 0.6737932562828064 -0.3301068842411041
vn 0.8613066077232361 0.13835641741752625 -0.48888489603996277
vn -0.45366379618644714 0.7551761865615845 -0.4731787145137787
vn 0.764944851398468 0.4314146935939789 -0.47826841473579407
vn 0.8934924602508545 0.1962633579969406 -0.4039207398891449
vn -0.36325904726982117 0.8826168179512024 -0.2983798682689667
vn 0.604130208492279 0.604101836681366 -0.5196995735168457
vn -0.06865905970335007 0.9299933910369873 -0.3611070513725281
vn 0.20204880833625793 0.8745882511138916 -0.4407627284526825
vn 0.45663776993751526 0.8151613473892212 -0.3563622534275055
vn -0.5824924111366272 0.7795521020889282 -0.230219766497612
vn 0.6624140739440918 0.6702278256416321 -0.3346676230430603
vn -0.006167942192405462 0.9420182704925537 -0.3355049192905426
vn -0.19965970516204834 -0.5579372048377991 0.8055074214935303
vn -0.4373989701271057 -0.4810415506362915 0.7597902417182922
vn -0.02936788834631443 -0.4038446843624115 0.9143561124801636
vn -0.5181664228439331 -0.20534652471542358 0.8302628993988037
vn 0.140128031373024 -0.4416148364543915 0.8861944079399109
vn 0.3594943881034851 -0.35657814145088196 0.8623316884040833
vn -0.23041783273220062 -0.21332497894763947 0.9494209289550781
vn -0.6736789345741272 0.03936538100242615 0.7379750609397888
vn 0.39554068446159363 0.01835707761347294 0.9182649850845337
vn -0.5222141146659851 0.35319676995277405 0.7762373685836792
vn -0.24342146515846252 0.429708331823349 0.8695382475852966
vn -0.023041095584630966 0.3388129472732544 0.9405716061592102
vn 0.16868852078914642 0.22145213186740875 0.9604703187942505
vn -0.3879018723964691 0.13621659576892853 0.9115795493125916
vn -0.15163283050060272 0.15228858590126038 0.9766349196434021
vn 0.010710311122238636 -0.05059986189007759 0.9986615777015686
vn 0.1971324235200882 -0.1273188591003418 0.9720745086669922
vn -0.6527299284934998 -0.7573180198669434 -0.020325059071183205
vn -0.49595874547958374 -0.8666465878486633 -0.05430179834365845
vn -0.3053545653820038 -0.9370972514152527 -0.16913734376430511
vn -0.06697472184896469 -0.9567497372627258 -0.2830977439880371
vn 0.16403087973594666 -0.9707116484642029 -0.17553584277629852
vn 0.21248576045036316 -0.9424384236335754 -0.25818511843681335
vn -0.7562291026115417 -0.6244722008705139 -0.19532564282417297
vn 0.38927939534187317 -0.9206613898277283 -0.029056783765554428
vn -0.8141202926635742 -0.5397645235061646 0.21415533125400543
vn 0.6106279492378235 -0.7903363108634949 -0.050020914524793625
vn -0.9852903485298157 -0.1082058697938919 -0.13226652145385742
vn 0.7989281415939331 -0.5813589692115784 -0.15406359732151031
vn -0.8311421871185303 0.33845770359039307 -0.44119060039520264
vn -0.8994882106781006 0.28037169575691223 0.33513081073760986
vn -0.919483482837677 0.38447245955467224 -0.08204331248998642
vn 0.8482235074043274 -0.4256688356399536 -0.3151554763317108
vn 0.8985791802406311 -0.28417569398880005 -0.3343645930290222
vn 0.8903098702430725 -0.3968394994735718 -0.2233087122440338
vn -0.9155529737472534 0.39488738775253296 -0.07633311301469803
vn 0.9438912272453308 -0.024690384045243263 -0.3293324410915375
vn -0.8003387451171875 0.5686556696891785 -0.18997018039226532
vn 0.9782035946846008 0.040195953100919724 -0.20372077822685242
vn -0.7329107522964478 0.6733396053314209 -0.09723981469869614
vn 0.9396688342094421 0.25569847226142883 -0.22724610567092896
vn 0.857928454875946 0.4310370981693268 -0.2795815169811249
vn -0.6593825221061707 0.7467230558395386 -0.08728892356157303
vn 0.8006470203399658 0.506723940372467 -0.319679856300354
vn -0.4358960688114166 0.8854735493659973 -0.16103194653987885
vn -0.21416452527046204 0.9295873641967773 -0.3000016212463379
vn 0.5663443207740784 0.7749974727630615 -0.28041595220565796
vn 0.6655851006507874 0.726677656173706 -0.17010636627674103
vn 0.7920811176300049 0.5967238545417786 -0.12856219708919525
vn -0.21477313339710236 0.9694294333457947 -0.1186554953455925
vn 0.3154193162918091 0.878153920173645 -0.3596614599227905
vn 0.11200542002916336 0.9836782813072205 -0.1408257931470871
vn 0.43279436230659485 0.8838974833488464 -0.1772409975528717
vn -0.08598677068948746 -0.9962475895881653 0.009854714386165142
vn -0.346985787153244 -0.9108384847640991 -0.22354908287525177
vn 0.1968773603439331 -0.9513309597969055 0.23708394169807434
vn -0.7283220887184143 -0.6533057689666748 0.20673321187496185
vn -0.5694186687469482 -0.8052132725715637 0.16551156342029572
vn -0.44963642954826355 -0.8920429348945618 0.04567926377058029
vn 0.2805314362049103 -0.959514856338501 -0.02516646310687065
vn -0.38355761766433716 -0.8846489191055298 0.2651035189628601
vn -0.8500836491584778 -0.5207011699676514 0.07891873270273209
vn 0.3866232633590698 -0.921047568321228 0.04683842882514
vn 0.5906198620796204 -0.8067111968994141 -0.019626528024673462
vn -0.8897420167922974 -0.3504195511341095 0.29251542687416077
vn -0.805357813835144 -0.5039485096931458 0.3121454119682312
vn -0.9433438777923584 -0.13754241168498993 0.3019676208496094
vn 0.7300364971160889 -0.6686509847640991 -0.14125367999076843
vn 0.8157532215118408 -0.5521673560142517 -0.1722148209810257
vn -0.9501309990882874 -0.09815021604299545 0.29600265622138977
vn 0.7698378562927246 -0.637909471988678 -0.020523861050605774
vn -0.9741357564926147 0.1697167158126831 0.14918369054794312
vn 0.8643897771835327 -0.4990343749523163 -0.06160442531108856
vn 0.8979908227920532 -0.3520469069480896 -0.2639611065387726
vn -0.9562756419181824 0.1680804193019867 0.23934464156627655
vn -0.940194845199585 0.326305627822876 0.09776667505502701
vn 0.9768361449241638 -0.19809243083000183 -0.08093612641096115
vn -0.8510403037071228 0.5251004695892334 -0.00017339122132398188
vn 0.9619304537773132 0.24662750959396362 0.11774846911430359
vn -0.8934248685836792 0.41150832176208496 0.18014705181121826
vn -0.807556688785553 0.5839537978172302 0.08276624232530594
vn 0.934760570526123 0.34986814856529236 -0.061765849590301514
vn -0.716468870639801 0.6968349814414978 0.03306629881262779
vn 0.86989426612854 0.49323606491088867 -0.0014949181349948049
vn -0.5475956201553345 0.8367115259170532 -0.007274188566952944
vn -0.4192560613155365 0.9063506126403809 -0.05246826261281967
vn 0.675704836845398 0.7370641827583313 0.012629572302103043
vn 0.7553421854972839 0.6549229025840759 0.023112282156944275
vn -0.3118135333061218 0.9451169371604919 0.0976027399301529
vn 0.5963295698165894 0.8010084629058838 -0.05269370228052139
vn -0.013147665187716484 0.9987755417823792 0.04769287630915642
vn 0.32743582129478455 0.9440223574638367 0.04009470343589783
vn -0.4568912088871002 -0.8639521598815918 0.2117478847503662
vn -0.1248280480504036 -0.956264853477478 0.2645288109779358
vn 0.17625203728675842 -0.9770230054855347 0.11983872950077057
vn -0.6436930894851685 -0.7109050750732422 0.2833254039287567
vn 0.30865877866744995 -0.9324414730072021 0.1878369152545929
vn -0.7922497987747192 -0.488838791847229 0.36520805954933167
vn 0.492597371339798 -0.8633716702461243 0.10925771296024323
vn 0.6456200480461121 -0.7630823850631714 0.029665859416127205
vn -0.9118645787239075 -0.2555341124534607 0.3212558329105377
vn 0.7633214592933655 -0.6364544630050659 0.11075244843959808
vn -0.9554404616355896 0.01887451857328415 0.2945798337459564
vn 0.8368481397628784 -0.4893019497394562 0.24549704790115356
vn 0.8666849732398987 -0.4978080689907074 0.03231548145413399
vn -0.9266648888587952 0.3008037507534027 0.2254093438386917
vn 0.9680757522583008 -0.146593376994133 0.20332194864749908
vn 0.8995397686958313 0.15173837542533875 0.40963852405548096
vn 0.8752642869949341 -0.3040362000465393 0.37613093852996826
vn -0.8672098517417908 0.4780184030532837 0.1394474059343338
vn 0.8868318200111389 0.38216927647590637 0.2597615420818329
vn -0.7452429533004761 0.6512756943702698 0.1430136263370514
vn 0.8460718393325806 0.5124703645706177 0.1467537134885788
vn -0.5314518213272095 0.8393316268920898 0.11437413841485977
vn -0.39720189571380615 0.8948609232902527 0.20360416173934937
vn 0.5382072925567627 0.7925492525100708 0.2867031395435333
vn 0.6817735433578491 0.7117592692375183 0.16906706988811493
vn -0.533520519733429 0.8120628595352173 0.23645274341106415
vn 0.8171772360801697 0.5223586559295654 0.24364501237869263
vn -0.2558841109275818 0.9013522863388062 0.3494100868701935
vn 0.5199906229972839 0.8395408987998962 0.15741947293281555
vn -0.08082578331232071 0.966873288154602 0.24212242662906647
vn 0.2188284695148468 0.9492455720901489 0.22593587636947632
vn 0.039780907332897186 0.898824155330658 0.43650051951408386
vn 0.339275985956192 0.8682163953781128 0.3620664179325104
vn -0.43988943099975586 -0.8496700525283813 0.29078879952430725
vn -0.2091124802827835 -0.9393064379692078 0.27198415994644165
vn 0.045828673988580704 -0.9664655327796936 0.2526741325855255
vn -0.6424166560173035 -0.6533205509185791 0.40059104561805725
vn 0.18552352488040924 -0.9171833992004395 0.35264095664024353
vn -0.7666383981704712 -0.4627205431461334 0.44514644145965576
vn 0.38282647728919983 -0.8735535740852356 0.30057939887046814
vn 0.5966779589653015 -0.7819633483886719 0.18030202388763428
vn -0.4943552017211914 -0.7330651879310608 0.46714913845062256
vn -0.2438531368970871 -0.8492334485054016 0.4683356285095215
vn -0.032393679022789 -0.9062305688858032 0.4215410351753235
vn -0.9080415964126587 -0.19983388483524323 0.3681398332118988
vn 0.7390165328979492 -0.6141639947891235 0.276870459318161
vn -0.8292633295059204 -0.2942449450492859 0.4751233756542206
vn -0.9504185318946838 0.07164168357849121 0.30260878801345825
vn 0.8371748328208923 -0.36626771092414856 0.406185120344162
vn -0.9350048303604126 0.23655462265014648 0.2642120122909546
vn 0.886998176574707 -0.056139424443244934 0.45834776759147644
vn -0.8682998418807983 0.438947856426239 0.23104143142700195
vn 0.9080615043640137 0.26480549573898315 0.3245033323764801
vn -0.6563758850097656 0.6682574152946472 0.35014691948890686
vn 0.7340812683105469 0.4907042980194092 0.46939757466316223
vn -0.4253271520137787 0.7903091311454773 0.44103091955184937
vn 0.6441617608070374 0.694689154624939 0.32009780406951904
vn -0.2667865753173828 0.9047433733940125 0.3320607542991638
vn -0.11031043529510498 0.8741279244422913 0.473003089427948
vn 0.21439087390899658 0.8387548923492432 0.5005265474319458
vn 0.3994743824005127 0.8214540481567383 0.4069809317588806
vn -0.22630564868450165 0.8135477900505066 0.5356545448303223
vn 0.4982278645038605 0.6912487745285034 0.5233968496322632
vn -0.4579661190509796 -0.6665951609611511 0.5881479978561401
vn -0.14477260410785675 -0.797182559967041 0.5861234664916992
vn 0.13287393748760223 -0.8466696739196777 0.5152621269226074
vn 0.32585471868515015 -0.8087273240089417 0.4896722435951233
vn 0.5586612224578857 -0.747184157371521 0.3600187301635742
vn -0.6597381830215454 -0.4767826497554779 0.5808818936347961
vn 0.7005667090415955 -0.5032787919044495 0.505882203578949
vn -0.793868899345398 -0.24308931827545166 0.5573866367340088
vn -0.500645637512207 -0.5543032288551331 0.6649074554443359
vn -0.2849256992340088 -0.6516993641853333 0.7029262185096741
vn -0.01635405793786049 -0.7547580003738403 0.6557995080947876
vn 0.24844612181186676 -0.7035331726074219 0.665819525718689
vn 0.49039462208747864 -0.6371880769729614 0.5945624113082886
vn -0.9167302846908569 -0.03008520044386387 0.3983722925186157
vn 0.7815703749656677 -0.23627690970897675 0.5773395299911499
vn -0.8259141445159912 -0.06249171495437622 0.5603219270706177
vn -0.07657231390476227 -0.6210097074508667 0.7800536155700684
vn 0.5991647839546204 -0.4139717221260071 0.6852947473526001
vn -0.9180856347084045 0.1412232667207718 0.3703710436820984
vn 0.8486550450325012 -0.033201850950717926 0.52790367603302
vn -0.7798259258270264 0.14639610052108765 0.6086375713348389
vn 0.6616303324699402 -0.07174286991357803 0.746390163898468
vn -0.8533399701118469 0.3273141086101532 0.4058033525943756
vn 0.8291743993759155 0.2200261354446411 0.5138661861419678
vn -0.6861341595649719 0.5991997122764587 0.412528395652771
vn -0.38750699162483215 0.6652892231941223 0.6381447315216064
vn 0.4095231890678406 0.5551227927207947 0.7239678502082825
vn 0.5890204310417175 0.37593966722488403 0.7153491377830505
vn -0.649732768535614 0.47677040100097656 0.5920619368553162
vn -0.5139898061752319 0.435992956161499 0.7387318015098572
vn 0.17454299330711365 0.5020971298217773 0.847014307975769
vn 0.39313215017318726 0.33460861444473267 0.8564369082450867
vn 0.6571595668792725 0.09104540944099426 0.7482326030731201
vn -0.13774780929088593 0.7201420068740845 0.680015504360199
vn 0.25492358207702637 0.7455816864967346 0.6157287359237671
vn -0.04278910160064697 0.8383105397224426 0.5435113310813904
vn 0.1135525330901146 0.8054413795471191 0.5816958546638489
vn 0.04359286278486252 0.6953293085098267 0.717367947101593
vn 0.19267427921295166 0.6242237091064453 0.7571138739585876
vn -0.5057006478309631 -0.40875792503356934 0.7597261667251587
vn -0.3151170313358307 -0.47402989864349365 0.8221903443336487
vn 0.4095166027545929 -0.4731997549533844 0.7799860239028931
vn -0.6656073927879333 -0.2771565914154053 0.6929293274879456
vn -0.18721985816955566 -0.2964276671409607 0.9365252256393433
vn 0.14483831822872162 -0.5426192879676819 0.8273972868919373
vn 0.5050151348114014 -0.18231351673603058 0.8436358571052551
vn -0.036353107541799545 -0.3068769574165344 0.9510546922683716
vn -0.4946848750114441 -0.17941069602966309 0.8503521084785461
vn -0.33246397972106934 -0.21000434458255768 0.919437825679779
vn 0.19082053005695343 -0.20440778136253357 0.9601067900657654
vn -0.653984546661377 -0.06230254843831062 0.7539381384849548
vn 0.4597238600254059 0.13048316538333893 0.8784236907958984
vn -0.5440918803215027 0.1967688351869583 0.8156261444091797
vn 0.014612924307584763 0.2981107234954834 0.9544194340705872
vn 0.19067542254924774 0.27174684405326843 0.9432902932167053
vn -0.3898940682411194 0.1115729957818985 0.9140755534172058
vn -0.2675490379333496 0.01192349661141634 0.963470458984375
vn -0.07209613919258118 0.03470820188522339 0.9967936277389526
vn 0.21831533312797546 0.038488227874040604 0.9751189947128296
vn -0.29502642154693604 0.4385817348957062 0.8488848805427551
vn -0.029910653829574585 0.5102546811103821 0.8595030903816223
vn -0.16979701817035675 0.5733758211135864 0.801504373550415
vn -0.17409339547157288 0.29062673449516296 0.9408653974533081

g grp1
usemtl mtl1
f 1//1 10//10 18//18 
f 1//1 2//2 11//11 
f 10//10 1//1 11//11 
f 11//11 2//2 19//19 
f 3//3 1//1 18//18 
f 23//23 3//3 18//18 
f 2//2 1//1 4//4 
f 4//4 1//1 3//3 
f 24//24 19//19 2//2 
f 4//4 24//24 2//2 
f 3//3 23//23 25//25 
f 4//4 3//3 25//25 
f 26//26 4//4 25//25 
f 24//24 4//4 26//26 
f 5//5 33//33 36//36 
f 33//33 5//5 37//37 
f 6//6 38//38 45//45 
f 36//36 38//38 6//6 
f 36//36 6//6 5//5 
f 5//5 6//6 7//7 
f 39//39 37//37 5//5 
f 39//39 5//5 8//8 
f 8//8 5//5 7//7 
f 8//8 9//9 40//40 
f 39//39 8//8 40//40 
f 40//40 9//9 46//46 
f 12//12 47//47 52//52 
f 45//45 47//47 12//12 
f 45//45 12//12 6//6 
f 6//6 12//12 13//13 
f 7//7 6//6 14//14 
f 14//14 6//6 13//13 
f 8//8 7//7 15//15 
f 15//15 7//7 14//14 
f 9//9 8//8 16//16 
f 16//16 8//8 15//15 
f 48//48 46//46 9//9 
f 48//48 9//9 17//17 
f 17//17 9//9 16//16 
f 48//48 17//17 53//53 
f 12//12 52//52 54//54 
f 54//54 56//56 20//20 
f 54//54 20//20 12//12 
f 12//12 20//20 13//13 
f 10//10 20//20 18//18 
f 10//10 14//14 20//20 
f 14//14 13//13 20//20 
f 11//11 14//14 10//10 
f 15//15 14//14 11//11 
f 19//19 15//15 11//11 
f 19//19 21//21 15//15 
f 21//21 16//16 15//15 
f 17//17 16//16 22//22 
f 22//22 16//16 21//21 
f 57//57 53//53 17//17 
f 22//22 57//57 17//17 
f 20//20 56//56 58//58 
f 58//58 18//18 20//20 
f 58//58 62//62 18//18 
f 62//62 23//23 18//18 
f 21//21 24//24 27//27 
f 19//19 24//24 21//21 
f 22//22 21//21 28//28 
f 28//28 21//21 27//27 
f 59//59 57//57 22//22 
f 59//59 22//22 29//29 
f 29//29 22//22 28//28 
f 59//59 29//29 63//63 
f 23//23 62//62 64//64 
f 25//25 23//23 64//64 
f 30//30 64//64 67//67 
f 30//30 26//26 64//64 
f 26//26 25//25 64//64 
f 26//26 27//27 24//24 
f 26//26 30//30 27//27 
f 30//30 31//31 27//27 
f 28//28 27//27 32//32 
f 32//32 27//27 31//31 
f 68//68 65//65 29//29 
f 68//68 29//29 32//32 
f 32//32 29//29 28//28 
f 63//63 29//29 65//65 
f 30//30 67//67 69//69 
f 31//31 30//30 69//69 
f 70//70 31//31 69//69 
f 32//32 31//31 70//70 
f 71//71 32//32 70//70 
f 68//68 32//32 71//71 
f 34//34 77//77 79//79 
f 34//34 35//35 78//78 
f 77//77 34//34 78//78 
f 78//78 35//35 80//80 
f 41//41 81//81 86//86 
f 79//79 81//81 41//41 
f 34//34 79//79 41//41 
f 34//34 41//41 36//36 
f 34//34 36//36 33//33 
f 37//37 34//34 33//33 
f 37//37 42//42 34//34 
f 42//42 35//35 34//34 
f 82//82 80//80 35//35 
f 82//82 35//35 43//43 
f 43//43 35//35 42//42 
f 43//43 44//44 83//83 
f 82//82 43//43 83//83 
f 83//83 44//44 87//87 
f 49//49 88//88 91//91 
f 86//86 88//88 49//49 
f 41//41 86//86 49//49 
f 41//41 49//49 45//45 
f 41//41 45//45 38//38 
f 36//36 41//41 38//38 
f 37//37 39//39 42//42 
f 40//40 42//42 39//39 
f 43//43 42//42 40//40 
f 46//46 43//43 40//40 
f 46//46 50//50 43//43 
f 50//50 44//44 43//43 
f 89//89 87//87 44//44 
f 89//89 44//44 51//51 
f 51//51 44//44 50//50 
f 89//89 51//51 92//92 
f 47//47 49//49 91//91 
f 47//47 91//91 52//52 
f 52//52 91//91 93//93 
f 45//45 49//49 47//47 
f 46//46 48//48 50//50 
f 53//53 50//50 48//48 
f 53//53 55//55 50//50 
f 55//55 51//51 50//50 
f 94//94 92//92 51//51 
f 55//55 94//94 51//51 
f 60//60 54//54 52//52 
f 60//60 52//52 96//96 
f 96//96 52//52 93//93 
f 54//54 60//60 56//56 
f 55//55 57//57 61//61 
f 53//53 57//57 55//55 
f 97//97 94//94 55//55 
f 61//61 97//97 55//55 
f 60//60 96//96 98//98 
f 66//66 98//98 100//100 
f 58//58 98//98 66//66 
f 58//58 60//60 98//98 
f 58//58 56//56 60//60 
f 58//58 66//66 62//62 
f 57//57 59//59 61//61 
f 61//61 59//59 63//63 
f 61//61 63//63 97//97 
f 97//97 63//63 101//101 
f 66//66 100//100 102//102 
f 72//72 102//102 105//105 
f 64//64 102//102 72//72 
f 64//64 66//66 102//102 
f 64//64 62//62 66//66 
f 64//64 72//72 67//67 
f 65//65 68//68 73//73 
f 65//65 73//73 106//106 
f 65//65 106//106 63//63 
f 63//63 106//106 101//101 
f 72//72 105//105 107//107 
f 74//74 107//107 110//110 
f 69//69 107//107 74//74 
f 69//69 72//72 107//107 
f 69//69 67//67 72//72 
f 69//69 75//75 70//70 
f 74//74 75//75 69//69 
f 70//70 76//76 71//71 
f 75//75 76//76 70//70 
f 71//71 76//76 111//111 
f 68//68 71//71 111//111 
f 68//68 111//111 108//108 
f 68//68 108//108 73//73 
f 106//106 73//73 108//108 
f 74//74 110//110 112//112 
f 75//75 74//74 112//112 
f 113//113 75//75 112//112 
f 76//76 75//75 113//113 
f 114//114 76//76 113//113 
f 111//111 76//76 114//114 
f 84//84 117//117 121//121 
f 84//84 79//79 77//77 
f 84//84 77//77 117//117 
f 117//117 77//77 118//118 
f 78//78 119//119 77//77 
f 77//77 119//119 118//118 
f 80//80 85//85 120//120 
f 80//80 120//120 78//78 
f 78//78 120//120 119//119 
f 120//120 85//85 122//122 
f 90//90 123//123 125//125 
f 121//121 123//123 90//90 
f 84//84 121//121 90//90 
f 84//84 90//90 86//86 
f 84//84 86//86 81//81 
f 79//79 84//84 81//81 
f 80//80 82//82 85//85 
f 85//85 124//124 122//122 
f 85//85 82//82 124//124 
f 82//82 83//83 124//124 
f 124//124 83//83 87//87 
f 126//126 124//124 87//87 
f 88//88 90//90 125//125 
f 88//88 125//125 91//91 
f 91//91 125//125 128//128 
f 86//86 90//90 88//88 
f 87//87 127//127 126//126 
f 89//89 127//127 87//87 
f 127//127 89//89 92//92 
f 129//129 127//127 92//92 
f 95//95 130//130 131//131 
f 95//95 128//128 130//130 
f 95//95 93//93 128//128 
f 93//93 91//91 128//128 
f 92//92 94//94 129//129 
f 129//129 94//94 132//132 
f 95//95 131//131 133//133 
f 133//133 93//93 95//95 
f 133//133 135//135 93//93 
f 135//135 96//96 93//93 
f 134//134 97//97 99//99 
f 134//134 132//132 97//97 
f 132//132 94//94 97//97 
f 134//134 99//99 136//136 
f 103//103 98//98 96//96 
f 103//103 96//96 137//137 
f 137//137 96//96 135//135 
f 98//98 103//103 100//100 
f 99//99 101//101 104//104 
f 97//97 101//101 99//99 
f 138//138 136//136 99//99 
f 104//104 138//138 99//99 
f 103//103 137//137 139//139 
f 109//109 139//139 141//141 
f 102//102 139//139 109//109 
f 102//102 103//103 139//139 
f 102//102 100//100 103//103 
f 102//102 109//109 105//105 
f 104//104 142//142 140//140 
f 104//104 101//101 142//142 
f 101//101 106//106 142//142 
f 138//138 104//104 140//140 
f 109//109 141//141 143//143 
f 115//115 143//143 145//145 
f 107//107 143//143 115//115 
f 107//107 109//109 143//143 
f 107//107 105//105 109//109 
f 107//107 115//115 110//110 
f 108//108 111//111 116//116 
f 108//108 116//116 146//146 
f 108//108 146//146 106//106 
f 106//106 146//146 142//142 
f 115//115 145//145 147//147 
f 110//110 115//115 147//147 
f 110//110 147//147 112//112 
f 112//112 147//147 148//148 
f 113//113 112//112 149//149 
f 112//112 148//148 149//149 
f 114//114 113//113 150//150 
f 113//113 149//149 150//150 
f 116//116 111//111 114//114 
f 116//116 114//114 151//151 
f 151//151 114//114 150//150 
f 146//146 116//116 151//151 
f 117//117 152//152 156//156 
f 121//121 117//117 156//156 
f 118//118 153//153 117//117 
f 117//117 153//153 152//152 
f 119//119 154//154 118//118 
f 118//118 154//154 153//153 
f 120//120 155//155 119//119 
f 119//119 155//155 154//154 
f 155//155 120//120 122//122 
f 157//157 155//155 122//122 
f 123//123 158//158 161//161 
f 125//125 123//123 161//161 
f 156//156 123//123 121//121 
f 158//158 123//123 156//156 
f 122//122 159//159 157//157 
f 124//124 159//159 122//122 
f 159//159 124//124 126//126 
f 162//162 159//159 126//126 
f 125//125 161//161 128//128 
f 161//161 164//164 128//128 
f 126//126 163//163 162//162 
f 127//127 163//163 126//126 
f 163//163 127//127 129//129 
f 165//165 163//163 129//129 
f 130//130 166//166 167//167 
f 131//131 130//130 167//167 
f 164//164 130//130 128//128 
f 166//166 130//130 164//164 
f 129//129 132//132 165//165 
f 165//165 132//132 168//168 
f 131//131 167//167 169//169 
f 133//133 131//131 169//169 
f 169//169 135//135 133//133 
f 171//171 135//135 169//169 
f 132//132 170//170 168//168 
f 134//134 170//170 132//132 
f 170//170 134//134 136//136 
f 172//172 170//170 136//136 
f 135//135 171//171 137//137 
f 171//171 173//173 137//137 
f 136//136 138//138 172//172 
f 172//172 138//138 174//174 
f 137//137 173//173 175//175 
f 139//139 137//137 175//175 
f 175//175 141//141 139//139 
f 176//176 141//141 175//175 
f 140//140 142//142 144//144 
f 140//140 144//144 177//177 
f 140//140 177//177 138//138 
f 138//138 177//177 174//174 
f 141//141 176//176 178//178 
f 143//143 141//141 178//178 
f 178//178 145//145 143//143 
f 181//181 145//145 178//178 
f 144//144 182//182 179//179 
f 144//144 142//142 182//182 
f 142//142 146//146 182//182 
f 177//177 144//144 179//179 
f 145//145 181//181 183//183 
f 147//147 145//145 183//183 
f 148//148 147//147 184//184 
f 147//147 183//183 184//184 
f 149//149 148//148 185//185 
f 148//148 184//184 185//185 
f 150//150 149//149 186//186 
f 149//149 185//185 186//186 
f 151//151 150//150 187//187 
f 150//150 186//186 187//187 
f 182//182 146//146 151//151 
f 187//187 182//182 151//151 
f 152//152 190//190 193//193 
f 156//156 152//152 193//193 
f 153//153 191//191 152//152 
f 152//152 191//191 190//190 
f 154//154 192//192 153//153 
f 153//153 192//192 191//191 
f 160//160 194//194 192//192 
f 160//160 192//192 155//155 
f 155//155 192//192 154//154 
f 155//155 157//157 160//160 
f 158//158 195//195 198//198 
f 161//161 158//158 198//198 
f 193//193 158//158 156//156 
f 195//195 158//158 193//193 
f 160//160 196//196 194//194 
f 157//157 196//196 160//160 
f 157//157 159//159 196//196 
f 159//159 197//197 196//196 
f 197//197 159//159 162//162 
f 199//199 197//197 162//162 
f 161//161 198//198 164//164 
f 198//198 203//203 164//164 
f 162//162 200//200 199//199 
f 163//163 200//200 162//162 
f 200//200 163//163 165//165 
f 204//204 200//200 165//165 
f 166//166 205//205 207//207 
f 167//167 166//166 207//207 
f 203//203 166//166 164//164 
f 205//205 166//166 203//203 
f 165//165 168//168 204//204 
f 204//204 168//168 208//208 
f 167//167 207//207 209//209 
f 169//169 167//167 209//209 
f 209//209 171//171 169//169 
f 212//212 171//171 209//209 
f 168//168 210//210 208//208 
f 170//170 210//210 168//168 
f 210//210 170//170 172//172 
f 213//213 210//210 172//172 
f 171//171 212//212 173//173 
f 212//212 215//215 173//173 
f 172//172 174//174 213//213 
f 213//213 174//174 216//216 
f 173//173 215//215 217//217 
f 175//175 173//173 217//217 
f 217//217 176//176 175//175 
f 221//221 176//176 217//217 
f 180//180 222//222 218//218 
f 180//180 218//218 216//216 
f 180//180 216//216 177//177 
f 177//177 216//216 174//174 
f 176//176 221//221 223//223 
f 178//178 176//176 223//223 
f 181//181 224//224 188//188 
f 181//181 178//178 224//224 
f 178//178 223//223 224//224 
f 224//224 228//228 188//188 
f 189//189 229//229 225//225 
f 222//222 189//189 225//225 
f 180//180 189//189 222//222 
f 180//180 182//182 189//189 
f 180//180 179//179 182//182 
f 177//177 179//179 180//180 
f 181//181 188//188 183//183 
f 188//188 228//228 230//230 
f 188//188 230//230 183//183 
f 183//183 230//230 184//184 
f 185//185 184//184 231//231 
f 184//184 230//230 231//231 
f 186//186 185//185 232//232 
f 185//185 231//231 232//232 
f 229//229 189//189 187//187 
f 229//229 187//187 232//232 
f 232//232 187//187 186//186 
f 182//182 187//187 189//189 
f 190//190 236//236 239//239 
f 193//193 190//190 239//239 
f 191//191 237//237 190//190 
f 190//190 237//237 236//236 
f 192//192 238//238 191//191 
f 191//191 238//238 237//237 
f 238//238 192//192 194//194 
f 240//240 238//238 194//194 
f 195//195 201//201 198//198 
f 195//195 245//245 201//201 
f 195//195 193//193 245//245 
f 193//193 239//239 245//245 
f 194//194 241//241 240//240 
f 196//196 241//241 194//194 
f 202//202 246//246 241//241 
f 202//202 241//241 197//197 
f 197//197 241//241 196//196 
f 197//197 199//199 202//202 
f 201//201 247//247 251//251 
f 201//201 251//251 198//198 
f 198//198 251//251 203//203 
f 245//245 247//247 201//201 
f 202//202 248//248 246//246 
f 206//206 252//252 248//248 
f 200//200 206//206 248//248 
f 200//200 248//248 202//202 
f 200//200 202//202 199//199 
f 200//200 204//204 206//206 
f 205//205 211//211 207//207 
f 205//205 256//256 211//211 
f 205//205 203//203 256//256 
f 203//203 251//251 256//256 
f 206//206 253//253 252//252 
f 253//253 206//206 204//204 
f 253//253 204//204 257//257 
f 257//257 204//204 208//208 
f 207//207 211//211 209//209 
f 211//211 212//212 209//209 
f 211//211 256//256 212//212 
f 256//256 259//259 212//212 
f 214//214 208//208 210//210 
f 214//214 260//260 208//208 
f 260//260 257//257 208//208 
f 210//210 213//213 214//214 
f 261//261 219//219 215//215 
f 261//261 215//215 259//259 
f 259//259 215//215 212//212 
f 261//261 263//263 219//219 
f 220//220 260//260 214//214 
f 264//264 260//260 220//220 
f 213//213 216//216 220//220 
f 214//214 213//213 220//220 
f 215//215 219//219 217//217 
f 221//221 265//265 226//226 
f 217//217 265//265 221//221 
f 217//217 263//263 265//265 
f 217//217 219//219 263//263 
f 265//265 268//268 226//226 
f 227//227 269//269 266//266 
f 264//264 227//227 266//266 
f 220//220 227//227 264//264 
f 220//220 222//222 227//227 
f 220//220 218//218 222//222 
f 216//216 218//218 220//220 
f 221//221 226//226 223//223 
f 226//226 268//268 270//270 
f 226//226 270//270 223//223 
f 223//223 270//270 224//224 
f 228//228 271//271 233//233 
f 228//228 224//224 271//271 
f 224//224 270//270 271//271 
f 233//233 272//272 234//234 
f 271//271 272//272 233//233 
f 234//234 273//273 235//235 
f 272//272 273//273 234//234 
f 269//269 235//235 273//273 
f 227//227 235//235 269//269 
f 227//227 229//229 235//235 
f 227//227 225//225 229//229 
f 222//222 225//225 227//227 
f 228//228 233//233 230//230 
f 231//231 230//230 233//233 
f 234//234 231//231 233//233 
f 232//232 231//231 234//234 
f 235//235 232//232 234//234 
f 229//229 232//232 235//235 
f 236//236 242//242 239//239 
f 236//236 237//237 243//243 
f 242//242 236//236 243//243 
f 237//237 238//238 244//244 
f 243//243 237//237 244//244 
f 238//238 240//240 244//244 
f 242//242 249//249 245//245 
f 239//239 242//242 245//245 
f 292//292 243//243 290//290 
f 292//292 249//249 243//243 
f 249//249 242//242 243//243 
f 244//244 290//290 243//243 
f 291//291 290//290 244//244 
f 250//250 293//293 291//291 
f 241//241 250//250 291//291 
f 241//241 291//291 244//244 
f 241//241 244//244 240//240 
f 241//241 246//246 250//250 
f 247//247 254//254 251//251 
f 247//247 245//245 249//249 
f 247//247 249//249 254//254 
f 254//254 249//249 255//255 
f 298//298 249//249 292//292 
f 255//255 249//249 298//298 
f 250//250 294//294 293//293 
f 246//246 294//294 250//250 
f 246//246 248//248 294//294 
f 248//248 295//295 294//294 
f 295//295 248//248 252//252 
f 299//299 295//295 252//252 
f 254//254 300//300 306//306 
f 254//254 306//306 251//251 
f 251//251 306//306 256//256 
f 255//255 300//300 254//254 
f 301//301 300//300 255//255 
f 298//298 301//301 255//255 
f 258//258 252//252 253//253 
f 258//258 307//307 252//252 
f 307//307 299//299 252//252 
f 253//253 257//257 258//258 
f 256//256 306//306 259//259 
f 306//306 314//314 259//259 
f 262//262 307//307 258//258 
f 315//315 307//307 262//262 
f 257//257 260//260 262//262 
f 258//258 257//257 262//262 
f 259//259 314//314 316//316 
f 261//261 259//259 316//316 
f 316//316 263//263 261//261 
f 323//323 263//263 316//316 
f 267//267 315//315 262//262 
f 324//324 315//315 267//267 
f 260//260 264//264 267//267 
f 262//262 260//260 267//267 
f 263//263 323//323 325//325 
f 265//265 263//263 325//325 
f 268//268 326//326 274//274 
f 268//268 265//265 326//326 
f 265//265 325//325 326//326 
f 274//274 327//327 275//275 
f 326//326 327//327 274//274 
f 275//275 328//328 276//276 
f 327//327 328//328 275//275 
f 276//276 329//329 277//277 
f 328//328 329//329 276//276 
f 324//324 277//277 329//329 
f 267//267 277//277 324//324 
f 267//267 269//269 277//277 
f 267//267 266//266 269//269 
f 264//264 266//266 267//267 
f 268//268 274//274 270//270 
f 271//271 270//270 274//274 
f 275//275 271//271 274//274 
f 272//272 271//271 275//275 
f 276//276 272//272 275//275 
f 273//273 272//272 276//276 
f 277//277 273//273 276//276 
f 269//269 273//273 277//277 
f 278//278 335//335 340//340 
f 278//278 279//279 336//336 
f 335//335 278//278 336//336 
f 279//279 280//280 337//337 
f 336//336 279//279 337//337 
f 337//337 280//280 341//341 
f 281//281 278//278 340//340 
f 344//344 281//281 340//340 
f 279//279 278//278 282//282 
f 282//282 278//278 281//281 
f 280//280 279//279 283//283 
f 283//283 279//279 282//282 
f 342//342 341//341 280//280 
f 342//342 280//280 284//284 
f 284//284 280//280 283//283 
f 342//342 284//284 345//345 
f 285//285 281//281 344//344 
f 347//347 285//285 344//344 
f 282//282 281//281 286//286 
f 286//286 281//281 285//285 
f 283//283 282//282 287//287 
f 287//287 282//282 286//286 
f 284//284 283//283 288//288 
f 288//288 283//283 287//287 
f 348//348 345//345 284//284 
f 288//288 348//348 284//284 
f 289//289 285//285 347//347 
f 355//355 289//289 347//347 
f 356//356 349//349 286//286 
f 356//356 286//286 289//289 
f 289//289 286//286 285//285 
f 287//287 286//286 349//349 
f 350//350 287//287 349//349 
f 288//288 287//287 350//350 
f 351//351 288//288 350//350 
f 348//348 288//288 351//351 
f 289//289 355//355 357//357 
f 356//356 289//289 357//357 
f 290//290 296//296 292//292 
f 290//290 291//291 297//297 
f 296//296 290//290 297//297 
f 291//291 293//293 297//297 
f 296//296 302//302 298//298 
f 292//292 296//296 298//298 
f 297//297 303//303 296//296 
f 303//303 302//302 296//296 
f 293//293 294//294 304//304 
f 293//293 304//304 297//297 
f 297//297 304//304 303//303 
f 294//294 295//295 305//305 
f 304//304 294//294 305//305 
f 295//295 299//299 305//305 
f 300//300 308//308 306//306 
f 300//300 301//301 309//309 
f 308//308 300//300 309//309 
f 301//301 298//298 302//302 
f 301//301 302//302 309//309 
f 309//309 302//302 310//310 
f 303//303 311//311 302//302 
f 311//311 310//310 302//302 
f 304//304 312//312 303//303 
f 312//312 311//311 303//303 
f 305//305 313//313 304//304 
f 313//313 312//312 304//304 
f 299//299 307//307 313//313 
f 305//305 299//299 313//313 
f 308//308 317//317 314//314 
f 306//306 308//308 314//314 
f 309//309 318//318 308//308 
f 318//318 317//317 308//308 
f 310//310 319//319 309//309 
f 319//319 318//318 309//309 
f 311//311 320//320 310//310 
f 320//320 319//319 310//310 
f 312//312 321//321 311//311 
f 321//321 320//320 311//311 
f 313//313 322//322 312//312 
f 322//322 321//321 312//312 
f 307//307 315//315 322//322 
f 313//313 307//307 322//322 
f 314//314 317//317 316//316 
f 323//323 316//316 317//317 
f 323//323 317//317 330//330 
f 330//330 317//317 318//318 
f 319//319 331//331 318//318 
f 331//331 330//330 318//318 
f 320//320 332//332 319//319 
f 332//332 331//331 319//319 
f 321//321 333//333 320//320 
f 333//333 332//332 320//320 
f 322//322 334//334 321//321 
f 334//334 333//333 321//321 
f 315//315 324//324 334//334 
f 322//322 315//315 334//334 
f 323//323 330//330 325//325 
f 326//326 325//325 330//330 
f 331//331 326//326 330//330 
f 327//327 326//326 331//331 
f 332//332 327//327 331//331 
f 328//328 327//327 332//332 
f 333//333 328//328 332//332 
f 329//329 328//328 333//333 
f 334//334 329//329 333//333 
f 324//324 329//329 334//334 
f 338//338 370//370 373//373 
f 338//338 339//339 371//371 
f 370//370 338//338 371//371 
f 371//371 339//339 374//374 
f 335//335 375//375 380//380 
f 340//340 335//335 380//380 
f 373//373 336//336 338//338 
f 373//373 375//375 336//336 
f 375//375 335//335 336//336 
f 337//337 338//338 336//336 
f 339//339 338//338 337//337 
f 341//341 343//343 376//376 
f 337//337 341//341 376//376 
f 337//337 376//376 374//374 
f 337//337 374//374 339//339 
f 376//376 343//343 381//381 
f 346//346 382//382 385//385 
f 346//346 380//380 382//382 
f 346//346 344//344 380//380 
f 344//344 340//340 380//380 
f 341//341 342//342 343//343 
f 343//343 342//342 345//345 
f 343//343 345//345 381//381 
f 381//381 345//345 386//386 
f 352//352 387//387 390//390 
f 385//385 387//387 352//352 
f 385//385 352//352 346//346 
f 346//346 352//352 353//353 
f 344//344 353//353 347//347 
f 346//346 353//353 344//344 
f 388//388 348//348 354//354 
f 388//388 386//386 348//348 
f 386//386 345//345 348//348 
f 388//388 354//354 391//391 
f 358//358 352//352 390//390 
f 393//393 358//358 390//390 
f 353//353 352//352 359//359 
f 359//359 352//352 358//358 
f 347//347 359//359 355//355 
f 353//353 359//359 347//347 
f 349//349 356//356 360//360 
f 349//349 361//361 350//350 
f 360//360 361//361 349//349 
f 350//350 362//362 351//351 
f 361//361 362//362 350//350 
f 351//351 362//362 394//394 
f 348//348 351//351 394//394 
f 348//348 394//394 392//392 
f 348//348 392//392 354//354 
f 391//391 354//354 392//392 
f 358//358 393//393 395//395 
f 395//395 397//397 363//363 
f 395//395 363//363 358//358 
f 358//358 363//363 359//359 
f 355//355 364//364 357//357 
f 355//355 359//359 364//364 
f 359//359 363//363 364//364 
f 357//357 360//360 356//356 
f 357//357 364//364 360//360 
f 364//364 365//365 360//360 
f 361//361 360//360 366//366 
f 366//366 360//360 365//365 
f 362//362 361//361 367//367 
f 367//367 361//361 366//366 
f 398//398 394//394 362//362 
f 367//367 398//398 362//362 
f 363//363 397//397 399//399 
f 399//399 403//403 368//368 
f 399//399 368//368 363//363 
f 363//363 368//368 364//364 
f 365//365 364//364 369//369 
f 369//369 364//364 368//368 
f 404//404 400//400 366//366 
f 404//404 366//366 369//369 
f 369//369 366//366 365//365 
f 367//367 366//366 400//400 
f 401//401 367//367 400//400 
f 398//398 367//367 401//401 
f 368//368 403//403 405//405 
f 369//369 368//368 405//405 
f 406//406 369//369 405//405 
f 404//404 369//369 406//406 
f 372//372 412//412 413//413 
f 412//412 372//372 414//414 
f 377//377 415//415 422//422 
f 413//413 415//415 377//377 
f 372//372 413//413 377//377 
f 372//372 377//377 373//373 
f 372//372 373//373 370//370 
f 372//372 416//416 414//414 
f 372//372 370//370 416//416 
f 370//370 371//371 416//416 
f 374//374 378//378 417//417 
f 374//374 417//417 371//371 
f 371//371 417//417 416//416 
f 378//378 379//379 418//418 
f 417//417 378//378 418//418 
f 418//418 379//379 423//423 
f 383//383 424//424 426//426 
f 422//422 424//424 383//383 
f 377//377 422//422 383//383 
f 377//377 383//383 380//380 
f 377//377 380//380 375//375 
f 373//373 377//377 375//375 
f 374//374 376//376 378//378 
f 381//381 378//378 376//376 
f 381//381 384//384 378//378 
f 384//384 379//379 378//378 
f 427//427 423//423 379//379 
f 384//384 427//427 379//379 
f 382//382 383//383 426//426 
f 382//382 426//426 385//385 
f 385//385 426//426 428//428 
f 380//380 383//383 382//382 
f 384//384 386//386 389//389 
f 381//381 386//386 384//384 
f 429//429 427//427 384//384 
f 389//389 429//429 384//384 
f 387//387 430//430 433//433 
f 390//390 387//387 433//433 
f 428//428 387//387 385//385 
f 430//430 387//387 428//428 
f 386//386 388//388 389//389 
f 389//389 388//388 391//391 
f 389//389 391//391 429//429 
f 429//429 391//391 434//434 
f 390//390 433//433 393//393 
f 433//433 437//437 393//393 
f 392//392 394//394 396//396 
f 392//392 396//396 438//438 
f 392//392 438//438 391//391 
f 391//391 438//438 434//434 
f 402//402 395//395 393//393 
f 402//402 393//393 441//441 
f 441//441 393//393 437//437 
f 395//395 402//402 397//397 
f 396//396 442//442 439//439 
f 396//396 394//394 442//442 
f 394//394 398//398 442//442 
f 438//438 396//396 439//439 
f 407//407 402//402 441//441 
f 445//445 407//407 441//441 
f 397//397 408//408 399//399 
f 397//397 402//402 408//408 
f 402//402 407//407 408//408 
f 399//399 408//408 403//403 
f 400//400 404//404 409//409 
f 446//446 400//400 409//409 
f 446//446 443//443 400//400 
f 443//443 401//401 400//400 
f 442//442 398//398 401//401 
f 443//443 442//442 401//401 
f 407//407 445//445 447//447 
f 408//408 407//407 447//447 
f 448//448 408//408 447//447 
f 410//410 448//448 451//451 
f 405//405 448//448 410//410 
f 405//405 408//408 448//448 
f 405//405 403//403 408//408 
f 405//405 411//411 406//406 
f 410//410 411//411 405//405 
f 406//406 411//411 452//452 
f 404//404 406//406 452//452 
f 404//404 452//452 449//449 
f 404//404 449//449 409//409 
f 446//446 409//409 449//449 
f 410//410 451//451 453//453 
f 411//411 410//410 453//453 
f 454//454 411//411 453//453 
f 452//452 411//411 454//454 
f 419//419 455//455 459//459 
f 419//419 413//413 412//412 
f 419//419 412//412 455//455 
f 455//455 412//412 456//456 
f 414//414 420//420 457//457 
f 414//414 457//457 412//412 
f 412//412 457//457 456//456 
f 420//420 421//421 458//458 
f 457//457 420//420 458//458 
f 458//458 421//421 460//460 
f 425//425 461//461 464//464 
f 459//459 461//461 425//425 
f 419//419 459//459 425//425 
f 419//419 425//425 422//422 
f 419//419 422//422 415//415 
f 413//413 419//419 415//415 
f 414//414 416//416 420//420 
f 417//417 420//420 416//416 
f 421//421 420//420 417//417 
f 421//421 462//462 460//460 
f 421//421 417//417 462//462 
f 417//417 418//418 462//462 
f 462//462 418//418 423//423 
f 465//465 462//462 423//423 
f 424//424 425//425 464//464 
f 424//424 464//464 426//426 
f 426//426 464//464 466//466 
f 422//422 425//425 424//424 
f 423//423 427//427 465//465 
f 465//465 427//427 467//467 
f 431//431 468//468 471//471 
f 431//431 466//466 468//468 
f 431//431 428//428 466//466 
f 428//428 426//426 466//466 
f 469//469 429//429 432//432 
f 469//469 467//467 429//429 
f 467//467 427//427 429//429 
f 469//469 432//432 472//472 
f 435//435 473//473 474//474 
f 471//471 473//473 435//435 
f 431//431 471//471 435//435 
f 431//431 435//435 433//433 
f 431//431 433//433 430//430 
f 428//428 431//431 430//430 
f 432//432 434//434 436//436 
f 429//429 434//434 432//432 
f 475//475 472//472 432//432 
f 436//436 475//475 432//432 
f 440//440 435//435 474//474 
f 477//477 440//440 474//474 
f 433//433 440//440 437//437 
f 435//435 440//440 433//433 
f 436//436 478//478 476//476 
f 436//436 434//434 478//478 
f 434//434 438//438 478//478 
f 475//475 436//436 476//476 
f 440//440 477//477 479//479 
f 479//479 437//437 440//440 
f 479//479 480//480 437//437 
f 480//480 441//441 437//437 
f 439//439 442//442 444//444 
f 439//439 444//444 481//481 
f 439//439 481//481 438//438 
f 438//438 481//481 478//478 
f 441//441 480//480 445//445 
f 480//480 483//483 445//445 
f 443//443 446//446 450//450 
f 443//443 450//450 484//484 
f 442//442 443//443 484//484 
f 442//442 484//484 482//482 
f 442//442 482//482 444//444 
f 481//481 444//444 482//482 
f 445//445 483//483 485//485 
f 447//447 445//445 485//485 
f 448//448 447//447 486//486 
f 447//447 485//485 486//486 
f 486//486 451//451 448//448 
f 489//489 451//451 486//486 
f 449//449 490//490 487//487 
f 452//452 490//490 449//449 
f 450//450 446//446 449//449 
f 450//450 449//449 488//488 
f 488//488 449//449 487//487 
f 484//484 450//450 488//488 
f 451//451 489//489 491//491 
f 453//453 451//451 491//491 
f 454//454 453//453 492//492 
f 453//453 491//491 492//492 
f 490//490 452//452 454//454 
f 492//492 490//490 454//454 
f 455//455 463//463 459//459 
f 497//497 463//463 455//455 
f 497//497 455//455 494//494 
f 494//494 455//455 456//456 
f 457//457 495//495 456//456 
f 456//456 495//495 494//494 
f 458//458 496//496 457//457 
f 457//457 496//496 495//495 
f 496//496 458//458 460//460 
f 498//498 496//496 460//460 
f 461//461 499//499 503//503 
f 464//464 461//461 503//503 
f 463//463 461//461 459//459 
f 463//463 500//500 461//461 
f 500//500 499//499 461//461 
f 497//497 500//500 463//463 
f 460//460 501//501 498//498 
f 462//462 501//501 460//460 
f 501//501 462//462 465//465 
f 504//504 501//501 465//465 
f 470//470 505//505 507//507 
f 470//470 503//503 505//505 
f 470//470 466//466 503//503 
f 466//466 464//464 503//503 
f 465//465 467//467 504//504 
f 504//504 467//467 508//508 
f 468//468 470//470 507//507 
f 468//468 507//507 471//471 
f 471//471 507//507 511//511 
f 466//466 470//470 468//468 
f 467//467 509//509 508//508 
f 469//469 509//509 467//467 
f 509//509 469//469 472//472 
f 512//512 509//509 472//472 
f 473//473 513//513 514//514 
f 474//474 473//473 514//514 
f 511//511 473//473 471//471 
f 513//513 473//473 511//511 
f 472//472 475//475 512//512 
f 512//512 475//475 515//515 
f 474//474 514//514 477//477 
f 514//514 519//519 477//477 
f 476//476 520//520 516//516 
f 478//478 520//520 476//476 
f 515//515 475//475 476//476 
f 516//516 515//515 476//476 
f 477//477 519//519 521//521 
f 479//479 477//477 521//521 
f 521//521 480//480 479//479 
f 523//523 480//480 521//521 
f 478//478 481//481 520//520 
f 520//520 481//481 524//524 
f 480//480 523//523 483//483 
f 523//523 527//527 483//483 
f 482//482 528//528 525//525 
f 484//484 528//528 482//482 
f 524//524 481//481 482//482 
f 525//525 524//524 482//482 
f 483//483 527//527 529//529 
f 485//485 483//483 529//529 
f 486//486 485//485 530//530 
f 485//485 529//529 530//530 
f 530//530 489//489 486//486 
f 534//534 489//489 530//530 
f 487//487 490//490 493//493 
f 535//535 487//487 493//493 
f 535//535 531//531 487//487 
f 531//531 488//488 487//487 
f 528//528 484//484 488//488 
f 531//531 528//528 488//488 
f 489//489 534//534 536//536 
f 491//491 489//489 536//536 
f 492//492 491//491 537//537 
f 491//491 536//536 537//537 
f 493//493 490//490 492//492 
f 493//493 492//492 538//538 
f 538//538 492//492 537//537 
f 535//535 493//493 538//538 
f 494//494 542//542 544//544 
f 497//497 494//494 544//544 
f 495//495 543//543 494//494 
f 494//494 543//543 542//542 
f 502//502 545//545 543//543 
f 502//502 543//543 496//496 
f 496//496 543//543 495//495 
f 496//496 498//498 502//502 
f 499//499 506//506 503//503 
f 550//550 506//506 499//499 
f 550//550 499//499 546//546 
f 546//546 499//499 500//500 
f 544//544 500//500 497//497 
f 546//546 500//500 544//544 
f 502//502 547//547 545//545 
f 498//498 547//547 502//502 
f 498//498 501//501 547//547 
f 501//501 548//548 547//547 
f 548//548 501//501 504//504 
f 551//551 548//548 504//504 
f 505//505 510//510 507//507 
f 505//505 554//554 510//510 
f 503//503 554//554 505//505 
f 503//503 552//552 554//554 
f 503//503 506//506 552//552 
f 550//550 552//552 506//506 
f 504//504 508//508 551//551 
f 551//551 508//508 555//555 
f 510//510 556//556 558//558 
f 510//510 558//558 507//507 
f 507//507 558//558 511//511 
f 554//554 556//556 510//510 
f 508//508 557//557 555//555 
f 509//509 557//557 508//508 
f 557//557 509//509 512//512 
f 559//559 557//557 512//512 
f 513//513 517//517 514//514 
f 513//513 562//562 517//517 
f 513//513 511//511 562//562 
f 511//511 558//558 562//562 
f 518//518 563//563 560//560 
f 518//518 560//560 559//559 
f 518//518 559//559 515//515 
f 515//515 559//559 512//512 
f 517//517 522//522 519//519 
f 514//514 517//517 519//519 
f 564//564 517//517 562//562 
f 522//522 517//517 564//564 
f 516//516 563//563 518//518 
f 516//516 520//520 563//563 
f 520//520 565//565 563//563 
f 515//515 516//516 518//518 
f 519//519 522//522 521//521 
f 522//522 523//523 521//521 
f 522//522 564//564 523//523 
f 564//564 568//568 523//523 
f 526//526 569//569 566//566 
f 526//526 566//566 565//565 
f 526//526 565//565 524//524 
f 524//524 565//565 520//520 
f 570//570 532//532 527//527 
f 570//570 527//527 568//568 
f 568//568 527//527 523//523 
f 570//570 573//573 532//532 
f 533//533 574//574 571//571 
f 569//569 533//533 571//571 
f 526//526 533//533 569//569 
f 526//526 528//528 533//533 
f 526//526 525//525 528//528 
f 524//524 525//525 526//526 
f 527//527 532//532 529//529 
f 532//532 573//573 575//575 
f 532//532 575//575 529//529 
f 529//529 575//575 530//530 
f 534//534 576//576 539//539 
f 534//534 530//530 576//576 
f 530//530 575//575 576//576 
f 539//539 577//577 540//540 
f 576//576 577//577 539//539 
f 540//540 578//578 541//541 
f 577//577 578//578 540//540 
f 574//574 541//541 578//578 
f 533//533 541//541 574//574 
f 533//533 535//535 541//541 
f 533//533 531//531 535//535 
f 528//528 531//531 533//533 
f 534//534 539//539 536//536 
f 537//537 536//536 539//539 
f 540//540 537//537 539//539 
f 538//538 537//537 540//540 
f 541//541 538//538 540//540 
f 535//535 538//538 541//541 
f 542//542 549//549 544//544 
f 581//581 549//549 542//542 
f 581//581 542//542 580//580 
f 580//580 542//542 543//543 
f 580//580 543//543 545//545 
f 582//582 580//580 545//545 
f 546//546 583//583 587//587 
f 550//550 546//546 587//587 
f 549//549 546//546 544//544 
f 549//549 584//584 546//546 
f 584//584 583//583 546//546 
f 581//581 584//584 549//549 
f 545//545 585//585 582//582 
f 547//547 585//585 545//545 
f 553//553 588//588 585//585 
f 553//553 585//585 548//548 
f 548//548 585//585 547//547 
f 548//548 551//551 553//553 
f 552//552 589//589 594//594 
f 554//554 552//552 594//594 
f 587//587 552//552 550//550 
f 589//589 552//552 587//587 
f 553//553 590//590 588//588 
f 590//590 553//553 551//551 
f 590//590 551//551 595//595 
f 595//595 551//551 555//555 
f 556//556 596//596 599//599 
f 558//558 556//556 599//599 
f 594//594 556//556 554//554 
f 596//596 556//556 594//594 
f 561//561 555//555 557//557 
f 561//561 600//600 555//555 
f 600//600 595//595 555//555 
f 557//557 559//559 561//561 
f 558//558 599//599 562//562 
f 599//599 603//603 562//562 
f 560//560 600//600 561//561 
f 560//560 563//563 600//600 
f 563//563 604//604 600//600 
f 559//559 560//560 561//561 
f 562//562 603//603 564//564 
f 603//603 608//608 564//564 
f 567//567 609//609 605//605 
f 567//567 605//605 604//604 
f 567//567 604//604 565//565 
f 565//565 604//604 563//563 
f 610//610 572//572 568//568 
f 610//610 568//568 608//608 
f 608//608 568//568 564//564 
f 610//610 612//612 572//572 
f 566//566 609//609 567//567 
f 566//566 569//569 609//609 
f 569//569 613//613 609//609 
f 565//565 566//566 567//567 
f 568//568 572//572 570//570 
f 573//573 614//614 579//579 
f 570//570 614//614 573//573 
f 570//570 612//612 614//614 
f 570//570 572//572 612//612 
f 614//614 618//618 579//579 
f 571//571 619//619 615//615 
f 574//574 619//619 571//571 
f 613//613 569//569 571//571 
f 615//615 613//613 571//571 
f 573//573 579//579 575//575 
f 579//579 618//618 620//620 
f 579//579 620//620 575//575 
f 575//575 620//620 576//576 
f 577//577 576//576 621//621 
f 576//576 620//620 621//621 
f 578//578 577//577 622//622 
f 577//577 621//621 622//622 
f 619//619 574//574 578//578 
f 622//622 619//619 578//578 
f 580//580 586//586 581//581 
f 580//580 582//582 586//586 
f 583//583 591//591 587//587 
f 583//583 584//584 592//592 
f 591//591 583//583 592//592 
f 584//584 627//627 592//592 
f 581//581 627//627 584//584 
f 581//581 626//626 627//627 
f 581//581 586//586 626//626 
f 593//593 628//628 626//626 
f 585//585 593//593 626//626 
f 585//585 626//626 586//586 
f 585//585 586//586 582//582 
f 585//585 588//588 593//593 
f 589//589 597//597 594//594 
f 589//589 633//633 597//597 
f 587//587 633//633 589//589 
f 587//587 629//629 633//633 
f 587//587 591//591 629//629 
f 592//592 629//629 591//591 
f 630//630 629//629 592//592 
f 627//627 630//630 592//592 
f 593//593 631//631 628//628 
f 598//598 634//634 631//631 
f 590//590 598//598 631//631 
f 590//590 631//631 593//593 
f 590//590 593//593 588//588 
f 590//590 595//595 598//598 
f 596//596 601//601 599//599 
f 596//596 640//640 601//601 
f 594//594 640//640 596//596 
f 594//594 635//635 640//640 
f 594//594 597//597 635//635 
f 633//633 635//635 597//597 
f 602//602 634//634 598//598 
f 641//641 634//634 602//602 
f 595//595 600//600 602//602 
f 598//598 595//595 602//602 
f 601//601 606//606 603//603 
f 599//599 601//601 603//603 
f 647//647 601//601 640//640 
f 606//606 601//601 647//647 
f 607//607 641//641 602//602 
f 648//648 641//641 607//607 
f 600//600 604//604 607//607 
f 602//602 600//600 607//607 
f 606//606 611//611 608//608 
f 603//603 606//606 608//608 
f 654//654 606//606 647//647 
f 611//611 606//606 654//654 
f 605//605 648//648 607//607 
f 605//605 609//609 648//648 
f 609//609 655//655 648//648 
f 604//604 605//605 607//607 
f 608//608 611//611 610//610 
f 612//612 656//656 616//616 
f 610//610 656//656 612//612 
f 610//610 654//654 656//656 
f 610//610 611//611 654//654 
f 656//656 663//663 616//616 
f 617//617 664//664 657//657 
f 617//617 657//657 655//655 
f 617//617 655//655 613//613 
f 613//613 655//655 609//609 
f 612//612 616//616 614//614 
f 618//618 665//665 623//623 
f 614//614 665//665 618//618 
f 614//614 663//663 665//665 
f 614//614 616//616 663//663 
f 623//623 666//666 624//624 
f 665//665 666//666 623//623 
f 624//624 667//667 625//625 
f 666//666 667//667 624//624 
f 664//664 625//625 667//667 
f 617//617 625//625 664//664 
f 617//617 619//619 625//625 
f 617//617 615//615 619//619 
f 613//613 615//615 617//617 
f 618//618 623//623 620//620 
f 621//621 620//620 623//623 
f 624//624 621//621 623//623 
f 622//622 621//621 624//624 
f 625//625 622//622 624//624 
f 619//619 622//622 625//625 
f 626//626 632//632 627//627 
f 626//626 628//628 632//632 
f 629//629 636//636 633//633 
f 629//629 630//630 637//637 
f 636//636 629//629 637//637 
f 630//630 627//627 632//632 
f 630//630 632//632 637//637 
f 637//637 632//632 638//638 
f 628//628 631//631 639//639 
f 628//628 639//639 632//632 
f 632//632 639//639 638//638 
f 631//631 634//634 639//639 
f 635//635 642//642 640//640 
f 635//635 633//633 636//636 
f 635//635 636//636 642//642 
f 642//642 636//636 643//643 
f 637//637 644//644 636//636 
f 644//644 643//643 636//636 
f 638//638 645//645 637//637 
f 645//645 644//644 637//637 
f 639//639 646//646 638//638 
f 646//646 645//645 638//638 
f 634//634 641//641 646//646 
f 639//639 634//634 646//646 
f 642//642 649//649 647//647 
f 640//640 642//642 647//647 
f 643//643 650//650 642//642 
f 650//650 649//649 642//642 
f 644//644 651//651 643//643 
f 651//651 650//650 643//643 
f 645//645 652//652 644//644 
f 652//652 651//651 644//644 
f 646//646 653//653 645//645 
f 653//653 652//652 645//645 
f 641//641 648//648 653//653 
f 646//646 641//641 653//653 
f 649//649 658//658 654//654 
f 647//647 649//649 654//654 
f 650//650 659//659 649//649 
f 659//659 658//658 649//649 
f 651//651 660//660 650//650 
f 660//660 659//659 650//650 
f 652//652 661//661 651//651 
f 661//661 660//660 651//651 
f 653//653 662//662 652//652 
f 662//662 661//661 652//652 
f 648//648 655//655 662//662 
f 653//653 648//648 662//662 
f 654//654 658//658 656//656 
f 663//663 656//656 658//658 
f 663//663 658//658 668//668 
f 668//668 658//658 659//659 
f 660//660 669//669 659//659 
f 669//669 668//668 659//659 
f 661//661 670//670 660//660 
f 670//670 669//669 660//660 
f 657//657 664//664 670//670 
f 657//657 670//670 662//662 
f 662//662 670//670 661//661 
f 655//655 657//657 662//662 
f 663//663 668//668 665//665 
f 666//666 665//665 668//668 
f 669//669 666//666 668//668 
f 667//667 666//666 669//669 
f 670//670 667//667 669//669 
f 664//664 667//667 670//670 
f 671//671 675//675 679//679 
f 671//671 672//672 676//676 
f 675//675 671//671 676//676 
f 676//676 672//672 680//680 
f 673//673 671//671 679//679 
f 686//686 673//673 679//679 
f 672//672 671//671 674//674 
f 674//674 671//671 673//673 
f 687//687 680//680 672//672 
f 674//674 687//687 672//672 
f 673//673 686//686 688//688 
f 674//674 673//673 688//688 
f 689//689 674//674 688//688 
f 687//687 674//674 689//689 
f 677//677 703//703 705//705 
f 677//677 678//678 704//704 
f 703//703 677//677 704//704 
f 704//704 678//678 706//706 
f 681//681 707//707 714//714 
f 681//681 682//682 708//708 
f 707//707 681//681 708//708 
f 682//682 683//683 709//709 
f 708//708 682//682 709//709 
f 683//683 684//684 710//710 
f 709//709 683//683 710//710 
f 705//705 710//710 684//684 
f 677//677 705//705 684//684 
f 677//677 684//684 679//679 
f 677//677 679//679 675//675 
f 676//676 677//677 675//675 
f 678//678 677//677 676//676 
f 680//680 685//685 711//711 
f 676//676 680//680 711//711 
f 676//676 711//711 706//706 
f 676//676 706//706 678//678 
f 711//711 685//685 715//715 
f 690//690 681//681 714//714 
f 716//716 690//690 714//714 
f 682//682 681//681 691//691 
f 691//691 681//681 690//690 
f 683//683 682//682 692//692 
f 692//692 682//682 691//691 
f 684//684 683//683 693//693 
f 693//693 683//683 692//692 
f 679//679 693//693 686//686 
f 684//684 693//693 679//679 
f 685//685 687//687 694//694 
f 680//680 687//687 685//685 
f 717//717 715//715 685//685 
f 694//694 717//717 685//685 
f 695//695 718//718 721//721 
f 716//716 718//718 695//695 
f 716//716 695//695 690//690 
f 690//690 695//695 696//696 
f 691//691 690//690 697//697 
f 697//697 690//690 696//696 
f 722//722 719//719 692//692 
f 722//722 692//692 697//697 
f 697//697 692//692 691//691 
f 719//719 723//723 698//698 
f 719//719 698//698 692//692 
f 692//692 698//698 693//693 
f 686//686 699//699 688//688 
f 686//686 693//693 699//699 
f 693//693 698//698 699//699 
f 688//688 700//700 689//689 
f 699//699 700//700 688//688 
f 689//689 700//700 724//724 
f 687//687 689//689 724//724 
f 687//687 724//724 720//720 
f 687//687 720//720 694//694 
f 717//717 694//694 720//720 
f 695//695 721//721 725//725 
f 696//696 695//695 725//725 
f 726//726 696//696 725//725 
f 697//697 696//696 726//726 
f 727//727 697//697 726//726 
f 722//722 697//697 727//727 
f 701//701 698//698 723//723 
f 730//730 701//701 723//723 
f 699//699 698//698 702//702 
f 702//702 698//698 701//701 
f 731//731 728//728 700//700 
f 731//731 700//700 702//702 
f 702//702 700//700 699//699 
f 724//724 700//700 728//728 
f 701//701 730//730 732//732 
f 702//702 701//701 732//732 
f 733//733 702//702 732//732 
f 731//731 702//702 733//733 
f 712//712 741//741 745//745 
f 741//741 712//712 746//746 
f 703//703 742//742 747//747 
f 705//705 703//703 747//747 
f 704//704 743//743 703//703 
f 703//703 743//743 742//742 
f 706//706 713//713 744//744 
f 706//706 744//744 704//704 
f 704//704 744//744 743//743 
f 744//744 713//713 748//748 
f 707//707 712//712 745//745 
f 707//707 745//745 714//714 
f 714//714 745//745 756//756 
f 712//712 749//749 746//746 
f 712//712 707//707 749//749 
f 707//707 708//708 749//749 
f 709//709 750//750 708//708 
f 708//708 750//750 749//749 
f 710//710 751//751 709//709 
f 709//709 751//751 750//750 
f 747//747 710//710 705//705 
f 751//751 710//710 747//747 
f 706//706 711//711 713//713 
f 713//713 711//711 715//715 
f 713//713 715//715 748//748 
f 748//748 715//715 757//757 
f 714//714 756//756 716//716 
f 756//756 759//759 716//716 
f 715//715 717//717 757//757 
f 757//757 717//717 760//760 
f 718//718 761//761 763//763 
f 721//721 718//718 763//763 
f 759//759 718//718 716//716 
f 761//761 718//718 759//759 
f 719//719 722//722 729//729 
f 719//719 729//729 723//723 
f 720//720 764//764 762//762 
f 724//724 764//764 720//720 
f 760//760 717//717 720//720 
f 762//762 760//760 720//720 
f 721//721 763//763 765//765 
f 725//725 721//721 765//765 
f 734//734 765//765 767//767 
f 734//734 726//726 765//765 
f 726//726 725//725 765//765 
f 726//726 735//735 727//727 
f 734//734 735//735 726//726 
f 727//727 729//729 722//722 
f 727//727 735//735 729//729 
f 735//735 736//736 729//729 
f 723//723 736//736 730//730 
f 729//729 736//736 723//723 
f 728//728 731//731 737//737 
f 728//728 737//737 768//768 
f 728//728 768//768 724//724 
f 724//724 768//768 764//764 
f 734//734 767//767 769//769 
f 735//735 734//734 769//769 
f 770//770 735//735 769//769 
f 736//736 735//735 770//770 
f 771//771 736//736 770//770 
f 738//738 771//771 773//773 
f 732//732 771//771 738//738 
f 732//732 736//736 771//771 
f 732//732 730//730 736//736 
f 732//732 739//739 733//733 
f 738//738 739//739 732//732 
f 733//733 739//739 774//774 
f 731//731 733//733 774//774 
f 731//731 774//774 772//772 
f 731//731 772//772 737//737 
f 768//768 737//737 772//772 
f 738//738 773//773 775//775 
f 739//739 738//738 775//775 
f 776//776 739//739 775//775 
f 774//774 739//739 776//776 
f 740//740 779//779 780//780 
f 779//779 740//740 781//781 
f 740//740 780//780 782//782 
f 781//781 740//740 782//782 
f 752//752 785//785 797//797 
f 752//752 745//745 741//741 
f 752//752 741//741 785//785 
f 785//785 741//741 786//786 
f 746//746 753//753 787//787 
f 746//746 787//787 741//741 
f 741//741 787//787 786//786 
f 753//753 754//754 788//788 
f 787//787 753//753 788//788 
f 754//754 755//755 789//789 
f 788//788 754//754 789//789 
f 755//755 747//747 742//742 
f 755//755 742//742 789//789 
f 789//789 742//742 790//790 
f 743//743 791//791 742//742 
f 742//742 791//791 790//790 
f 744//744 792//792 743//743 
f 743//743 792//792 791//791 
f 792//792 744//744 748//748 
f 798//798 792//792 748//748 
f 758//758 752//752 797//797 
f 799//799 758//758 797//797 
f 745//745 758//758 756//756 
f 752//752 758//758 745//745 
f 746//746 749//749 753//753 
f 750//750 753//753 749//749 
f 754//754 753//753 750//750 
f 751//751 754//754 750//750 
f 755//755 754//754 751//751 
f 747//747 755//755 751//751 
f 748//748 757//757 798//798 
f 798//798 757//757 800//800 
f 758//758 799//799 801//801 
f 801//801 756//756 758//758 
f 801//801 802//802 756//756 
f 802//802 759//759 756//756 
f 757//757 760//760 800//800 
f 800//800 760//760 803//803 
f 761//761 804//804 806//806 
f 763//763 761//761 806//806 
f 802//802 761//761 759//759 
f 804//804 761//761 802//802 
f 762//762 764//764 766//766 
f 762//762 766//766 807//807 
f 762//762 807//807 760//760 
f 760//760 807//807 803//803 
f 763//763 806//806 808//808 
f 765//765 763//763 808//808 
f 808//808 767//767 765//765 
f 811//811 767//767 808//808 
f 766//766 812//812 809//809 
f 766//766 764//764 812//812 
f 764//764 768//768 812//812 
f 807//807 766//766 809//809 
f 767//767 811//811 813//813 
f 769//769 767//767 813//813 
f 777//777 813//813 816//816 
f 777//777 770//770 813//813 
f 770//770 769//769 813//813 
f 770//770 778//778 771//771 
f 777//777 778//778 770//770 
f 771//771 778//778 773//773 
f 772//772 817//817 814//814 
f 774//774 817//817 772//772 
f 812//812 768//768 772//772 
f 814//814 812//812 772//772 
f 777//777 816//816 818//818 
f 778//778 777//777 818//818 
f 819//819 778//778 818//818 
f 773//773 778//778 819//819 
f 773//773 819//819 775//775 
f 775//775 819//819 820//820 
f 776//776 775//775 821//821 
f 775//775 820//820 821//821 
f 817//817 774//774 776//776 
f 821//821 817//817 776//776 
f 783//783 828//828 835//835 
f 783//783 784//784 829//829 
f 828//828 783//783 829//829 
f 829//829 784//784 836//836 
f 779//779 830//830 837//837 
f 780//780 779//779 837//837 
f 830//830 779//779 781//781 
f 838//838 830//830 781//781 
f 793//793 839//839 845//845 
f 839//839 793//793 846//846 
f 794//794 783//783 835//835 
f 847//847 794//794 835//835 
f 848//848 840//840 784//784 
f 848//848 784//784 794//794 
f 794//794 784//784 783//783 
f 836//836 784//784 840//840 
f 795//795 782//782 780//780 
f 795//795 780//780 849//849 
f 849//849 780//780 837//837 
f 782//782 795//795 850//850 
f 782//782 850//850 781//781 
f 781//781 850//850 838//838 
f 796//796 841//841 851//851 
f 841//841 796//796 852//852 
f 793//793 845//845 853//853 
f 846//846 793//793 853//853 
f 794//794 847//847 854//854 
f 848//848 794//794 854//854 
f 795//795 849//849 855//855 
f 850//850 795//795 855//855 
f 785//785 856//856 868//868 
f 797//797 785//785 868//868 
f 786//786 857//857 785//785 
f 785//785 857//857 856//856 
f 787//787 858//858 786//786 
f 786//786 858//858 857//857 
f 788//788 859//859 787//787 
f 787//787 859//859 858//858 
f 851//851 789//789 796//796 
f 851//851 859//859 789//789 
f 859//859 788//788 789//789 
f 796//796 860//860 852//852 
f 796//796 789//789 860//860 
f 789//789 790//790 860//860 
f 791//791 861//861 790//790 
f 790//790 861//861 860//860 
f 792//792 862//862 791//791 
f 791//791 862//862 861//861 
f 862//862 792//792 798//798 
f 869//869 862//862 798//798 
f 797//797 868//868 799//799 
f 868//868 878//878 799//799 
f 798//798 800//800 869//869 
f 869//869 800//800 879//879 
f 805//805 801//801 799//799 
f 805//805 799//799 881//881 
f 881//881 799//799 878//878 
f 801//801 805//805 802//802 
f 800//800 803//803 879//879 
f 879//879 803//803 882//882 
f 804//804 810//810 806//806 
f 805//805 881//881 883//883 
f 883//883 802//802 805//805 
f 883//883 886//886 802//802 
f 804//804 802//802 810//810 
f 810//810 802//802 886//886 
f 803//803 807//807 882//882 
f 882//882 807//807 887//887 
f 806//806 810//810 808//808 
f 810//810 811//811 808//808 
f 810//810 886//886 811//811 
f 886//886 889//889 811//811 
f 809//809 812//812 815//815 
f 809//809 815//815 890//890 
f 809//809 890//890 807//807 
f 807//807 890//890 887//887 
f 811//811 889//889 891//891 
f 813//813 811//811 891//891 
f 891//891 816//816 813//813 
f 894//894 816//816 891//891 
f 814//814 817//817 822//822 
f 814//814 822//822 895//895 
f 812//812 814//814 895//895 
f 812//812 895//895 892//892 
f 812//812 892//892 815//815 
f 890//890 815//815 892//892 
f 816//816 894//894 896//896 
f 818//818 816//816 896//896 
f 823//823 896//896 899//899 
f 823//823 819//819 896//896 
f 819//819 818//818 896//896 
f 819//819 824//824 820//820 
f 823//823 824//824 819//819 
f 820//820 825//825 821//821 
f 824//824 825//825 820//820 
f 821//821 822//822 817//817 
f 821//821 825//825 822//822 
f 825//825 826//826 822//822 
f 900//900 895//895 822//822 
f 826//826 900//900 822//822 
f 823//823 899//899 901//901 
f 824//824 823//823 901//901 
f 902//902 824//824 901//901 
f 825//825 824//824 902//902 
f 903//903 825//825 902//902 
f 826//826 825//825 903//903 
f 904//904 826//826 903//903 
f 900//900 826//826 904//904 
f 827//827 905//905 906//906 
f 905//905 827//827 907//907 
f 831//831 908//908 914//914 
f 831//831 832//832 909//909 
f 908//908 831//831 909//909 
f 906//906 909//909 832//832 
f 906//906 832//832 827//827 
f 827//827 832//832 833//833 
f 915//915 907//907 827//827 
f 833//833 915//915 827//827 
f 834//834 910//910 916//916 
f 910//910 834//834 917//917 
f 842//842 918//918 923//923 
f 914//914 918//918 842//842 
f 831//831 914//914 842//842 
f 831//831 842//842 835//835 
f 831//831 835//835 828//828 
f 829//829 831//831 828//828 
f 832//832 831//831 829//829 
f 836//836 832//832 829//829 
f 836//836 843//843 832//832 
f 843//843 833//833 832//832 
f 924//924 915//915 833//833 
f 924//924 833//833 843//843 
f 837//837 830//830 844//844 
f 834//834 916//916 919//919 
f 838//838 844//844 830//830 
f 917//917 834//834 919//919 
f 863//863 925//925 932//932 
f 863//863 845//845 839//839 
f 863//863 839//839 925//925 
f 925//925 839//839 926//926 
f 846//846 864//864 842//842 
f 846//846 842//842 926//926 
f 846//846 926//926 839//839 
f 926//926 842//842 923//923 
f 835//835 864//864 847//847 
f 842//842 864//864 835//835 
f 840//840 848//848 865//865 
f 840//840 843//843 836//836 
f 840//840 865//865 843//843 
f 865//865 866//866 843//843 
f 924//924 843//843 866//866 
f 924//924 866//866 933//933 
f 837//837 844//844 849//849 
f 849//849 844//844 867//867 
f 838//838 850//850 867//867 
f 844//844 838//838 867//867 
f 841//841 927//927 934//934 
f 851//851 841//841 934//934 
f 927//927 841//841 852//852 
f 935//935 927//927 852//852 
f 863//863 932//932 936//936 
f 870//870 936//936 944//944 
f 853//853 936//936 870//870 
f 853//853 863//863 936//936 
f 853//853 845//845 863//863 
f 853//853 864//864 846//846 
f 853//853 870//870 864//864 
f 870//870 871//871 864//864 
f 847//847 872//872 854//854 
f 847//847 864//864 872//872 
f 864//864 871//871 872//872 
f 854//854 865//865 848//848 
f 854//854 872//872 865//865 
f 872//872 873//873 865//865 
f 945//945 937//937 866//866 
f 945//945 866//866 873//873 
f 873//873 866//866 865//865 
f 849//849 867//867 855//855 
f 866//866 937//937 933//933 
f 850//850 855//855 867//867 
f 856//856 874//874 868//868 
f 856//856 857//857 875//875 
f 874//874 856//856 875//875 
f 857//857 858//858 876//876 
f 875//875 857//857 876//876 
f 946//946 876//876 858//858 
f 946//946 858//858 938//938 
f 938//938 858//858 859//859 
f 934//934 859//859 851//851 
f 938//938 859//859 934//934 
f 852//852 939//939 935//935 
f 860//860 939//939 852//852 
f 861//861 940//940 860//860 
f 860//860 940//940 939//939 
f 877//877 947//947 940//940 
f 877//877 940//940 862//862 
f 862//862 940//940 861//861 
f 862//862 869//869 877//877 
f 870//870 944//944 948//948 
f 871//871 870//870 948//948 
f 949//949 871//871 948//948 
f 872//872 871//871 949//949 
f 950//950 872//872 949//949 
f 873//873 872//872 950//950 
f 951//951 873//873 950//950 
f 945//945 873//873 951//951 
f 874//874 880//880 878//878 
f 868//868 874//874 878//878 
f 957//957 875//875 952//952 
f 957//957 880//880 875//875 
f 880//880 874//874 875//875 
f 876//876 952//952 875//875 
f 953//953 952//952 876//876 
f 946//946 953//953 876//876 
f 877//877 954//954 947//947 
f 954//954 877//877 869//869 
f 954//954 869//869 958//958 
f 958//958 869//869 879//879 
f 880//880 884//884 881//881 
f 878//878 880//880 881//881 
f 964//964 880//880 957//957 
f 884//884 880//880 964//964 
f 959//959 882//882 885//885 
f 959//959 958//958 882//882 
f 958//958 879//879 882//882 
f 959//959 885//885 965//965 
f 881//881 884//884 883//883 
f 884//884 886//886 883//883 
f 884//884 964//964 886//886 
f 964//964 966//966 886//886 
f 885//885 887//887 888//888 
f 882//882 887//887 885//885 
f 967//967 965//965 885//885 
f 888//888 967//967 885//885 
f 886//886 966//966 889//889 
f 966//966 968//968 889//889 
f 888//888 890//890 893//893 
f 887//887 890//890 888//888 
f 969//969 967//967 888//888 
f 893//893 969//969 888//888 
f 889//889 968//968 970//970 
f 891//891 889//889 970//970 
f 970//970 894//894 891//891 
f 971//971 894//894 970//970 
f 892//892 895//895 897//897 
f 892//892 893//893 890//890 
f 892//892 897//897 893//893 
f 897//897 898//898 893//893 
f 972//972 969//969 893//893 
f 898//898 972//972 893//893 
f 894//894 971//971 973//973 
f 896//896 894//894 973//973 
f 973//973 899//899 896//896 
f 977//977 899//899 973//973 
f 897//897 978//978 974//974 
f 897//897 895//895 978//978 
f 895//895 900//900 978//978 
f 898//898 897//897 974//974 
f 975//975 898//898 974//974 
f 972//972 898//898 975//975 
f 899//899 977//977 979//979 
f 901//901 899//899 979//979 
f 902//902 901//901 980//980 
f 901//901 979//979 980//980 
f 903//903 902//902 981//981 
f 902//902 980//980 981//981 
f 904//904 903//903 982//982 
f 903//903 981//981 982//982 
f 978//978 900//900 904//904 
f 982//982 978//978 904//904 
f 911//911 984//984 988//988 
f 911//911 912//912 985//985 
f 984//984 911//911 985//985 
f 912//912 906//906 905//905 
f 912//912 905//905 985//985 
f 985//985 905//905 986//986 
f 907//907 913//913 987//987 
f 907//907 987//987 905//905 
f 905//905 987//987 986//986 
f 987//987 913//913 989//989 
f 920//920 990//990 995//995 
f 990//990 920//920 996//996 
f 921//921 991//991 997//997 
f 988//988 991//991 921//921 
f 911//911 988//988 921//921 
f 911//911 921//921 914//914 
f 911//911 914//914 908//908 
f 909//909 911//911 908//908 
f 912//912 911//911 909//909 
f 906//906 912//912 909//909 
f 913//913 998//998 992//992 
f 913//913 907//907 998//998 
f 907//907 915//915 998//998 
f 910//910 922//922 916//916 
f 913//913 992//992 989//989 
f 910//910 917//917 922//922 
f 928//928 999//999 1005//1005 
f 995//995 999//999 928//928 
f 995//995 928//928 920//920 
f 920//920 928//928 929//929 
f 1000//1000 996//996 920//920 
f 1000//1000 920//920 930//930 
f 930//930 920//920 929//929 
f 997//997 1000//1000 930//930 
f 921//921 997//997 930//930 
f 921//921 930//930 923//923 
f 921//921 923//923 918//918 
f 914//914 921//921 918//918 
f 1001//1001 924//924 931//931 
f 1001//1001 998//998 924//924 
f 998//998 915//915 924//924 
f 916//916 922//922 919//919 
f 931//931 1006//1006 1001//1001 
f 917//917 919//919 922//922 
f 941//941 928//928 1005//1005 
f 1007//1007 941//941 1005//1005 
f 925//925 941//941 932//932 
f 925//925 929//929 941//941 
f 929//929 928//928 941//941 
f 926//926 929//929 925//925 
f 930//930 929//929 926//926 
f 923//923 930//930 926//926 
f 931//931 933//933 942//942 
f 924//924 933//933 931//931 
f 1008//1008 1006//1006 931//931 
f 942//942 1008//1008 931//931 
f 927//927 943//943 934//934 
f 927//927 935//935 943//943 
f 941//941 1007//1007 1009//1009 
f 932//932 941//941 1009//1009 
f 932//932 1009//1009 936//936 
f 936//936 1009//1009 1010//1010 
f 1010//1010 944//944 936//936 
f 1015//1015 944//944 1010//1010 
f 937//937 945//945 955//955 
f 937//937 942//942 933//933 
f 937//937 955//955 942//942 
f 955//955 956//956 942//942 
f 1016//1016 1008//1008 942//942 
f 956//956 1016//1016 942//942 
f 938//938 1011//1011 1017//1017 
f 946//946 938//938 1017//1017 
f 943//943 938//938 934//934 
f 943//943 1012//1012 938//938 
f 1012//1012 1011//1011 938//938 
f 935//935 1012//1012 943//943 
f 935//935 939//939 1012//1012 
f 939//939 1013//1013 1012//1012 
f 940//940 1014//1014 939//939 
f 939//939 1014//1014 1013//1013 
f 1014//1014 940//940 947//947 
f 1018//1018 1014//1014 947//947 
f 944//944 1015//1015 1019//1019 
f 948//948 944//944 1019//1019 
f 949//949 948//948 1020//1020 
f 948//948 1019//1019 1020//1020 
f 960//960 1020//1020 1027//1027 
f 960//960 950//950 1020//1020 
f 950//950 949//949 1020//1020 
f 950//950 961//961 951//951 
f 960//960 961//961 950//950 
f 951//951 955//955 945//945 
f 951//951 961//961 955//955 
f 961//961 962//962 955//955 
f 1028//1028 1021//1021 956//956 
f 1028//1028 956//956 962//962 
f 962//962 956//956 955//955 
f 1016//1016 956//956 1021//1021 
f 952//952 963//963 957//957 
f 1029//1029 963//963 952//952 
f 1029//1029 952//952 1022//1022 
f 1022//1022 952//952 953//953 
f 1017//1017 953//953 946//946 
f 1022//1022 953//953 1017//1017 
f 947//947 1023//1023 1018//1018 
f 954//954 1023//1023 947//947 
f 1023//1023 954//954 958//958 
f 1030//1030 1023//1023 958//958 
f 960//960 1027//1027 1031//1031 
f 961//961 960//960 1031//1031 
f 1032//1032 961//961 1031//1031 
f 962//962 961//961 1032//1032 
f 1033//1033 962//962 1032//1032 
f 1028//1028 962//962 1033//1033 
f 963//963 1034//1034 1037//1037 
f 963//963 1037//1037 957//957 
f 957//957 1037//1037 964//964 
f 1029//1029 1034//1034 963//963 
f 958//958 1035//1035 1030//1030 
f 959//959 1035//1035 958//958 
f 1035//1035 959//959 965//965 
f 1038//1038 1035//1035 965//965 
f 964//964 1037//1037 966//966 
f 1037//1037 1041//1041 966//966 
f 965//965 967//967 1038//1038 
f 1038//1038 967//967 1042//1042 
f 966//966 1041//1041 968//968 
f 1041//1041 1043//1043 968//968 
f 967//967 969//969 1042//1042 
f 1042//1042 969//969 1044//1044 
f 976//976 970//970 968//968 
f 976//976 968//968 1045//1045 
f 1045//1045 968//968 1043//1043 
f 970//970 976//976 971//971 
f 969//969 972//972 1044//1044 
f 1044//1044 972//972 1046//1046 
f 976//976 1045//1045 1047//1047 
f 971//971 976//976 1047//1047 
f 971//971 1047//1047 973//973 
f 973//973 1047//1047 1048//1048 
f 1048//1048 977//977 973//973 
f 1054//1054 977//977 1048//1048 
f 983//983 1055//1055 1049//1049 
f 1049//1049 1056//1056 983//983 
f 974//974 1057//1057 1050//1050 
f 978//978 1057//1057 974//974 
f 975//975 974//974 1051//1051 
f 974//974 1050//1050 1051//1051 
f 1046//1046 972//972 975//975 
f 1051//1051 1046//1046 975//975 
f 977//977 1054//1054 1058//1058 
f 979//979 977//977 1058//1058 
f 1055//1055 983//983 980//980 
f 1055//1055 980//980 1058//1058 
f 1058//1058 980//980 979//979 
f 983//983 1056//1056 1059//1059 
f 983//983 1059//1059 980//980 
f 980//980 1059//1059 981//981 
f 982//982 981//981 1060//1060 
f 981//981 1059//1059 1060//1060 
f 1057//1057 978//978 982//982 
f 1060//1060 1057//1057 982//982 
f 993//993 1064//1064 1068//1068 
f 993//993 988//988 984//984 
f 993//993 984//984 1064//1064 
f 1064//1064 984//984 1065//1065 
f 985//985 1066//1066 984//984 
f 984//984 1066//1066 1065//1065 
f 986//986 1067//1067 985//985 
f 985//985 1067//1067 1066//1066 
f 994//994 1069//1069 1067//1067 
f 994//994 1067//1067 987//987 
f 987//987 1067//1067 986//986 
f 987//987 989//989 994//994 
f 1002//1002 1070//1070 1074//1074 
f 1002//1002 995//995 990//990 
f 1002//1002 990//990 1070//1070 
f 1070//1070 990//990 1071//1071 
f 996//996 1003//1003 1072//1072 
f 996//996 1072//1072 990//990 
f 990//990 1072//1072 1071//1071 
f 1068//1068 1072//1072 1003//1003 
f 993//993 1068//1068 1003//1003 
f 993//993 1003//1003 997//997 
f 993//993 997//997 991//991 
f 988//988 993//993 991//991 
f 1073//1073 998//998 1004//1004 
f 1073//1073 1069//1069 998//998 
f 992//992 998//998 994//994 
f 994//994 998//998 1069//1069 
f 992//992 994//994 989//989 
f 1004//1004 1075//1075 1073//1073 
f 999//999 1002//1002 1074//1074 
f 999//999 1074//1074 1005//1005 
f 1005//1005 1074//1074 1079//1079 
f 995//995 1002//1002 999//999 
f 996//996 1000//1000 1003//1003 
f 997//997 1003//1003 1000//1000 
f 998//998 1001//1001 1004//1004 
f 1004//1004 1001//1001 1006//1006 
f 1004//1004 1006//1006 1075//1075 
f 1075//1075 1006//1006 1080//1080 
f 1005//1005 1079//1079 1007//1007 
f 1079//1079 1083//1083 1007//1007 
f 1006//1006 1008//1008 1080//1080 
f 1080//1080 1008//1008 1084//1084 
f 1007//1007 1083//1083 1085//1085 
f 1009//1009 1007//1007 1085//1085 
f 1024//1024 1085//1085 1090//1090 
f 1024//1024 1010//1010 1085//1085 
f 1010//1010 1009//1009 1085//1085 
f 1010//1010 1024//1024 1015//1015 
f 1008//1008 1016//1016 1084//1084 
f 1084//1084 1016//1016 1091//1091 
f 1011//1011 1025//1025 1017//1017 
f 1092//1092 1025//1025 1011//1011 
f 1092//1092 1011//1011 1086//1086 
f 1086//1086 1011//1011 1012//1012 
f 1013//1013 1087//1087 1012//1012 
f 1012//1012 1087//1087 1086//1086 
f 1026//1026 1093//1093 1087//1087 
f 1026//1026 1087//1087 1014//1014 
f 1014//1014 1087//1087 1013//1013 
f 1014//1014 1018//1018 1026//1026 
f 1024//1024 1090//1090 1094//1094 
f 1015//1015 1024//1024 1094//1094 
f 1015//1015 1094//1094 1019//1019 
f 1019//1019 1094//1094 1095//1095 
f 1036//1036 1095//1095 1105//1105 
f 1036//1036 1020//1020 1095//1095 
f 1020//1020 1019//1019 1095//1095 
f 1020//1020 1036//1036 1027//1027 
f 1021//1021 1106//1106 1096//1096 
f 1028//1028 1106//1106 1021//1021 
f 1091//1091 1016//1016 1021//1021 
f 1096//1096 1091//1091 1021//1021 
f 1022//1022 1097//1097 1107//1107 
f 1029//1029 1022//1022 1107//1107 
f 1025//1025 1022//1022 1017//1017 
f 1025//1025 1098//1098 1022//1022 
f 1098//1098 1097//1097 1022//1022 
f 1092//1092 1098//1098 1025//1025 
f 1026//1026 1099//1099 1093//1093 
f 1018//1018 1099//1099 1026//1026 
f 1018//1018 1023//1023 1099//1099 
f 1023//1023 1100//1100 1099//1099 
f 1100//1100 1023//1023 1030//1030 
f 1108//1108 1100//1100 1030//1030 
f 1036//1036 1105//1105 1109//1109 
f 1039//1039 1109//1109 1118//1118 
f 1031//1031 1109//1109 1039//1039 
f 1031//1031 1036//1036 1109//1109 
f 1031//1031 1027//1027 1036//1036 
f 1031//1031 1040//1040 1032//1032 
f 1039//1039 1040//1040 1031//1031 
f 1119//1119 1032//1032 1040//1040 
f 1119//1119 1110//1110 1032//1032 
f 1110//1110 1033//1033 1032//1032 
f 1106//1106 1028//1028 1033//1033 
f 1110//1110 1106//1106 1033//1033 
f 1034//1034 1111//1111 1120//1120 
f 1037//1037 1034//1034 1120//1120 
f 1107//1107 1034//1034 1029//1029 
f 1111//1111 1034//1034 1107//1107 
f 1030//1030 1112//1112 1108//1108 
f 1035//1035 1112//1112 1030//1030 
f 1112//1112 1035//1035 1038//1038 
f 1121//1121 1112//1112 1038//1038 
f 1039//1039 1118//1118 1122//1122 
f 1040//1040 1039//1039 1122//1122 
f 1123//1123 1040//1040 1122//1122 
f 1119//1119 1040//1040 1123//1123 
f 1037//1037 1120//1120 1041//1041 
f 1120//1120 1127//1127 1041//1041 
f 1038//1038 1042//1042 1121//1121 
f 1121//1121 1042//1042 1128//1128 
f 1041//1041 1127//1127 1043//1043 
f 1127//1127 1130//1130 1043//1043 
f 1042//1042 1044//1044 1128//1128 
f 1128//1128 1044//1044 1131//1131 
f 1132//1132 1052//1052 1045//1045 
f 1132//1132 1045//1045 1130//1130 
f 1130//1130 1045//1045 1043//1043 
f 1132//1132 1136//1136 1052//1052 
f 1053//1053 1137//1137 1133//1133 
f 1053//1053 1133//1133 1131//1131 
f 1053//1053 1131//1131 1046//1046 
f 1046//1046 1131//1131 1044//1044 
f 1045//1045 1052//1052 1047//1047 
f 1052//1052 1136//1136 1138//1138 
f 1052//1052 1138//1138 1047//1047 
f 1047//1047 1138//1138 1048//1048 
f 1054//1054 1139//1139 1061//1061 
f 1054//1054 1048//1048 1139//1139 
f 1048//1048 1138//1138 1139//1139 
f 1061//1061 1049//1049 1055//1055 
f 1061//1061 1139//1139 1049//1049 
f 1139//1139 1140//1140 1049//1049 
f 1056//1056 1141//1141 1062//1062 
f 1056//1056 1049//1049 1141//1141 
f 1049//1049 1140//1140 1141//1141 
f 1062//1062 1142//1142 1063//1063 
f 1141//1141 1142//1142 1062//1062 
f 1063//1063 1050//1050 1057//1057 
f 1063//1063 1142//1142 1050//1050 
f 1142//1142 1143//1143 1050//1050 
f 1137//1137 1053//1053 1051//1051 
f 1137//1137 1051//1051 1143//1143 
f 1143//1143 1051//1051 1050//1050 
f 1046//1046 1051//1051 1053//1053 
f 1054//1054 1061//1061 1058//1058 
f 1055//1055 1058//1058 1061//1061 
f 1056//1056 1062//1062 1059//1059 
f 1060//1060 1059//1059 1062//1062 
f 1063//1063 1060//1060 1062//1062 
f 1057//1057 1060//1060 1063//1063 
f 1064//1064 1149//1149 1153//1153 
f 1068//1068 1064//1064 1153//1153 
f 1065//1065 1150//1150 1064//1064 
f 1064//1064 1150//1150 1149//1149 
f 1066//1066 1151//1151 1065//1065 
f 1065//1065 1151//1151 1150//1150 
f 1067//1067 1152//1152 1066//1066 
f 1066//1066 1152//1152 1151//1151 
f 1152//1152 1067//1067 1069//1069 
f 1154//1154 1152//1152 1069//1069 
f 1070//1070 1076//1076 1074//1074 
f 1070//1070 1071//1071 1077//1077 
f 1076//1076 1070//1070 1077//1077 
f 1158//1158 1077//1077 1071//1071 
f 1158//1158 1071//1071 1155//1155 
f 1155//1155 1071//1071 1072//1072 
f 1153//1153 1072//1072 1068//1068 
f 1155//1155 1072//1072 1153//1153 
f 1069//1069 1156//1156 1154//1154 
f 1073//1073 1156//1156 1069//1069 
f 1075//1075 1078//1078 1157//1157 
f 1075//1075 1157//1157 1073//1073 
f 1073//1073 1157//1157 1156//1156 
f 1157//1157 1078//1078 1159//1159 
f 1076//1076 1081//1081 1079//1079 
f 1074//1074 1076//1076 1079//1079 
f 1161//1161 1077//1077 1160//1160 
f 1161//1161 1081//1081 1077//1077 
f 1081//1081 1076//1076 1077//1077 
f 1158//1158 1160//1160 1077//1077 
f 1078//1078 1080//1080 1082//1082 
f 1075//1075 1080//1080 1078//1078 
f 1162//1162 1159//1159 1078//1078 
f 1082//1082 1162//1162 1078//1078 
f 1081//1081 1088//1088 1083//1083 
f 1079//1079 1081//1081 1083//1083 
f 1164//1164 1081//1081 1161//1161 
f 1088//1088 1081//1081 1164//1164 
f 1082//1082 1084//1084 1089//1089 
f 1080//1080 1084//1084 1082//1082 
f 1165//1165 1162//1162 1082//1082 
f 1089//1089 1165//1165 1082//1082 
f 1083//1083 1088//1088 1085//1085 
f 1090//1090 1166//1166 1101//1101 
f 1085//1085 1166//1166 1090//1090 
f 1085//1085 1164//1164 1166//1166 
f 1085//1085 1088//1088 1164//1164 
f 1166//1166 1169//1169 1101//1101 
f 1089//1089 1091//1091 1102//1102 
f 1084//1084 1091//1091 1089//1089 
f 1170//1170 1165//1165 1089//1089 
f 1102//1102 1170//1170 1089//1089 
f 1086//1086 1103//1103 1092//1092 
f 1086//1086 1087//1087 1104//1104 
f 1103//1103 1086//1086 1104//1104 
f 1087//1087 1093//1093 1104//1104 
f 1090//1090 1101//1101 1094//1094 
f 1101//1101 1169//1169 1171//1171 
f 1101//1101 1171//1171 1094//1094 
f 1094//1094 1171//1171 1095//1095 
f 1171//1171 1105//1105 1095//1095 
f 1176//1176 1105//1105 1171//1171 
f 1096//1096 1106//1106 1113//1113 
f 1096//1096 1102//1102 1091//1091 
f 1096//1096 1113//1113 1102//1102 
f 1113//1113 1114//1114 1102//1102 
f 1177//1177 1170//1170 1102//1102 
f 1114//1114 1177//1177 1102//1102 
f 1097//1097 1115//1115 1107//1107 
f 1178//1178 1115//1115 1097//1097 
f 1178//1178 1097//1097 1172//1172 
f 1172//1172 1097//1097 1098//1098 
f 1103//1103 1098//1098 1092//1092 
f 1103//1103 1173//1173 1098//1098 
f 1173//1173 1172//1172 1098//1098 
f 1104//1104 1173//1173 1103//1103 
f 1174//1174 1173//1173 1104//1104 
f 1116//1116 1179//1179 1174//1174 
f 1099//1099 1116//1116 1174//1174 
f 1099//1099 1174//1174 1104//1104 
f 1099//1099 1104//1104 1093//1093 
f 1099//1099 1100//1100 1117//1117 
f 1116//1116 1099//1099 1117//1117 
f 1100//1100 1108//1108 1117//1117 
f 1105//1105 1176//1176 1180//1180 
f 1109//1109 1105//1105 1180//1180 
f 1180//1180 1118//1118 1109//1109 
f 1190//1190 1118//1118 1180//1180 
f 1110//1110 1119//1119 1124//1124 
f 1110//1110 1124//1124 1191//1191 
f 1106//1106 1110//1110 1191//1191 
f 1106//1106 1191//1191 1181//1181 
f 1106//1106 1181//1181 1113//1113 
f 1114//1114 1113//1113 1181//1181 
f 1182//1182 1114//1114 1181//1181 
f 1177//1177 1114//1114 1182//1182 
f 1111//1111 1125//1125 1120//1120 
f 1111//1111 1192//1192 1125//1125 
f 1107//1107 1192//1192 1111//1111 
f 1107//1107 1183//1183 1192//1192 
f 1107//1107 1115//1115 1183//1183 
f 1178//1178 1183//1183 1115//1115 
f 1116//1116 1184//1184 1179//1179 
f 1117//1117 1184//1184 1116//1116 
f 1185//1185 1184//1184 1117//1117 
f 1126//1126 1193//1193 1185//1185 
f 1112//1112 1126//1126 1185//1185 
f 1112//1112 1185//1185 1117//1117 
f 1112//1112 1117//1117 1108//1108 
f 1112//1112 1121//1121 1126//1126 
f 1118//1118 1190//1190 1194//1194 
f 1122//1122 1118//1118 1194//1194 
f 1123//1123 1122//1122 1195//1195 
f 1122//1122 1194//1194 1195//1195 
f 1124//1124 1119//1119 1123//1123 
f 1124//1124 1123//1123 1196//1196 
f 1196//1196 1123//1123 1195//1195 
f 1191//1191 1124//1124 1196//1196 
f 1125//1125 1197//1197 1206//1206 
f 1125//1125 1206//1206 1120//1120 
f 1120//1120 1206//1206 1127//1127 
f 1192//1192 1197//1197 1125//1125 
f 1129//1129 1193//1193 1126//1126 
f 1207//1207 1193//1193 1129//1129 
f 1121//1121 1128//1128 1129//1129 
f 1126//1126 1121//1121 1129//1129 
f 1208//1208 1134//1134 1130//1130 
f 1208//1208 1130//1130 1206//1206 
f 1206//1206 1130//1130 1127//1127 
f 1208//1208 1212//1212 1134//1134 
f 1135//1135 1207//1207 1129//1129 
f 1213//1213 1207//1207 1135//1135 
f 1128//1128 1131//1131 1135//1135 
f 1129//1129 1128//1128 1135//1135 
f 1130//1130 1134//1134 1132//1132 
f 1136//1136 1214//1214 1144//1144 
f 1132//1132 1214//1214 1136//1136 
f 1132//1132 1212//1212 1214//1214 
f 1132//1132 1134//1134 1212//1212 
f 1214//1214 1224//1224 1144//1144 
f 1145//1145 1225//1225 1215//1215 
f 1145//1145 1216//1216 1146//1146 
f 1215//1215 1216//1216 1145//1145 
f 1146//1146 1217//1217 1147//1147 
f 1216//1216 1217//1217 1146//1146 
f 1147//1147 1218//1218 1148//1148 
f 1217//1217 1218//1218 1147//1147 
f 1213//1213 1148//1148 1218//1218 
f 1135//1135 1148//1148 1213//1213 
f 1135//1135 1137//1137 1148//1148 
f 1135//1135 1133//1133 1137//1137 
f 1131//1131 1133//1133 1135//1135 
f 1136//1136 1144//1144 1138//1138 
f 1144//1144 1224//1224 1226//1226 
f 1144//1144 1226//1226 1138//1138 
f 1138//1138 1226//1226 1139//1139 
f 1225//1225 1145//1145 1140//1140 
f 1225//1225 1140//1140 1226//1226 
f 1226//1226 1140//1140 1139//1139 
f 1141//1141 1140//1140 1145//1145 
f 1146//1146 1141//1141 1145//1145 
f 1142//1142 1141//1141 1146//1146 
f 1147//1147 1142//1142 1146//1146 
f 1143//1143 1142//1142 1147//1147 
f 1148//1148 1143//1143 1147//1147 
f 1137//1137 1143//1143 1148//1148 
f 1149//1149 1228//1228 1232//1232 
f 1153//1153 1149//1149 1232//1232 
f 1150//1150 1229//1229 1149//1149 
f 1149//1149 1229//1229 1228//1228 
f 1151//1151 1230//1230 1150//1150 
f 1150//1150 1230//1230 1229//1229 
f 1152//1152 1231//1231 1151//1151 
f 1151//1151 1231//1231 1230//1230 
f 1231//1231 1152//1152 1154//1154 
f 1233//1233 1231//1231 1154//1154 
f 1155//1155 1234//1234 1237//1237 
f 1158//1158 1155//1155 1237//1237 
f 1232//1232 1155//1155 1153//1153 
f 1234//1234 1155//1155 1232//1232 
f 1154//1154 1235//1235 1233//1233 
f 1156//1156 1235//1235 1154//1154 
f 1157//1157 1236//1236 1156//1156 
f 1156//1156 1236//1236 1235//1235 
f 1236//1236 1157//1157 1159//1159 
f 1238//1238 1236//1236 1159//1159 
f 1160//1160 1163//1163 1161//1161 
f 1160//1160 1239//1239 1163//1163 
f 1160//1160 1158//1158 1239//1239 
f 1158//1158 1237//1237 1239//1239 
f 1159//1159 1162//1162 1238//1238 
f 1238//1238 1162//1162 1240//1240 
f 1163//1163 1167//1167 1164//1164 
f 1161//1161 1163//1163 1164//1164 
f 1242//1242 1163//1163 1239//1239 
f 1167//1167 1163//1163 1242//1242 
f 1241//1241 1165//1165 1168//1168 
f 1241//1241 1240//1240 1165//1165 
f 1240//1240 1162//1162 1165//1165 
f 1241//1241 1168//1168 1243//1243 
f 1164//1164 1167//1167 1166//1166 
f 1167//1167 1169//1169 1166//1166 
f 1167//1167 1242//1242 1169//1169 
f 1242//1242 1244//1244 1169//1169 
f 1168//1168 1170//1170 1175//1175 
f 1165//1165 1170//1170 1168//1168 
f 1245//1245 1243//1243 1168//1168 
f 1175//1175 1245//1245 1168//1168 
f 1186//1186 1171//1171 1169//1169 
f 1186//1186 1169//1169 1247//1247 
f 1247//1247 1169//1169 1244//1244 
f 1171//1171 1186//1186 1176//1176 
f 1175//1175 1248//1248 1246//1246 
f 1175//1175 1170//1170 1248//1248 
f 1170//1170 1177//1177 1248//1248 
f 1245//1245 1175//1175 1246//1246 
f 1172//1172 1187//1187 1178//1178 
f 1172//1172 1173//1173 1188//1188 
f 1187//1187 1172//1172 1188//1188 
f 1173//1173 1174//1174 1189//1189 
f 1188//1188 1173//1173 1189//1189 
f 1174//1174 1179//1179 1189//1189 
f 1186//1186 1247//1247 1249//1249 
f 1198//1198 1249//1249 1251//1251 
f 1180//1180 1249//1249 1198//1198 
f 1180//1180 1186//1186 1249//1249 
f 1180//1180 1176//1176 1186//1186 
f 1180//1180 1198//1198 1190//1190 
f 1181//1181 1191//1191 1199//1199 
f 1252//1252 1181//1181 1199//1199 
f 1252//1252 1250//1250 1181//1181 
f 1250//1250 1182//1182 1181//1181 
f 1248//1248 1177//1177 1182//1182 
f 1250//1250 1248//1248 1182//1182 
f 1183//1183 1200//1200 1192//1192 
f 1183//1183 1178//1178 1187//1187 
f 1183//1183 1187//1187 1200//1200 
f 1200//1200 1187//1187 1201//1201 
f 1188//1188 1202//1202 1187//1187 
f 1202//1202 1201//1201 1187//1187 
f 1189//1189 1203//1203 1188//1188 
f 1203//1203 1202//1202 1188//1188 
f 1179//1179 1184//1184 1204//1204 
f 1179//1179 1204//1204 1189//1189 
f 1189//1189 1204//1204 1203//1203 
f 1184//1184 1185//1185 1205//1205 
f 1204//1204 1184//1184 1205//1205 
f 1185//1185 1193//1193 1205//1205 
f 1198//1198 1251//1251 1253//1253 
f 1190//1190 1198//1198 1253//1253 
f 1190//1190 1253//1253 1194//1194 
f 1194//1194 1253//1253 1254//1254 
f 1195//1195 1194//1194 1255//1255 
f 1194//1194 1254//1254 1255//1255 
f 1196//1196 1195//1195 1256//1256 
f 1195//1195 1255//1255 1256//1256 
f 1199//1199 1191//1191 1196//1196 
f 1199//1199 1196//1196 1257//1257 
f 1257//1257 1196//1196 1256//1256 
f 1252//1252 1199//1199 1257//1257 
f 1197//1197 1209//1209 1206//1206 
f 1197//1197 1264//1264 1209//1209 
f 1192//1192 1264//1264 1197//1197 
f 1192//1192 1258//1258 1264//1264 
f 1192//1192 1200//1200 1258//1258 
f 1201//1201 1258//1258 1200//1200 
f 1259//1259 1258//1258 1201//1201 
f 1259//1259 1210//1210 1265//1265 
f 1259//1259 1201//1201 1210//1210 
f 1201//1201 1202//1202 1210//1210 
f 1266//1266 1203//1203 1260//1260 
f 1266//1266 1210//1210 1203//1203 
f 1210//1210 1202//1202 1203//1203 
f 1204//1204 1260//1260 1203//1203 
f 1261//1261 1260//1260 1204//1204 
f 1261//1261 1211//1211 1267//1267 
f 1261//1261 1204//1204 1211//1211 
f 1204//1204 1205//1205 1211//1211 
f 1193//1193 1207//1207 1211//1211 
f 1205//1205 1193//1193 1211//1211 
f 1206//1206 1209//1209 1208//1208 
f 1212//1212 1268//1268 1219//1219 
f 1208//1208 1268//1268 1212//1212 
f 1208//1208 1264//1264 1268//1268 
f 1208//1208 1209//1209 1264//1264 
f 1268//1268 1275//1275 1219//1219 
f 1220//1220 1265//1265 1210//1210 
f 1276//1276 1265//1265 1220//1220 
f 1269//1269 1210//1210 1266//1266 
f 1269//1269 1221//1221 1210//1210 
f 1221//1221 1220//1220 1210//1210 
f 1221//1221 1270//1270 1222//1222 
f 1269//1269 1270//1270 1221//1221 
f 1267//1267 1222//1222 1270//1270 
f 1267//1267 1211//1211 1222//1222 
f 1211//1211 1223//1223 1222//1222 
f 1207//1207 1213//1213 1223//1223 
f 1211//1211 1207//1207 1223//1223 
f 1212//1212 1219//1219 1214//1214 
f 1224//1224 1277//1277 1227//1227 
f 1214//1214 1277//1277 1224//1224 
f 1214//1214 1275//1275 1277//1277 
f 1214//1214 1219//1219 1275//1275 
f 1276//1276 1227//1227 1277//1277 
f 1220//1220 1227//1227 1276//1276 
f 1220//1220 1225//1225 1227//1227 
f 1220//1220 1215//1215 1225//1225 
f 1216//1216 1215//1215 1220//1220 
f 1221//1221 1216//1216 1220//1220 
f 1217//1217 1216//1216 1221//1221 
f 1222//1222 1217//1217 1221//1221 
f 1218//1218 1217//1217 1222//1222 
f 1223//1223 1218//1218 1222//1222 
f 1213//1213 1218//1218 1223//1223 
f 1224//1224 1227//1227 1226//1226 
f 1225//1225 1226//1226 1227//1227 
f 1228//1228 1279//1279 1283//1283 
f 1232//1232 1228//1228 1283//1283 
f 1229//1229 1280//1280 1228//1228 
f 1228//1228 1280//1280 1279//1279 
f 1230//1230 1281//1281 1229//1229 
f 1229//1229 1281//1281 1280//1280 
f 1231//1231 1282//1282 1230//1230 
f 1230//1230 1282//1282 1281//1281 
f 1282//1282 1231//1231 1233//1233 
f 1284//1284 1282//1282 1233//1233 
f 1234//1234 1285//1285 1292//1292 
f 1237//1237 1234//1234 1292//1292 
f 1283//1283 1234//1234 1232//1232 
f 1285//1285 1234//1234 1283//1283 
f 1233//1233 1286//1286 1284//1284 
f 1235//1235 1286//1286 1233//1233 
f 1236//1236 1287//1287 1235//1235 
f 1235//1235 1287//1287 1286//1286 
f 1287//1287 1236//1236 1238//1238 
f 1293//1293 1287//1287 1238//1238 
f 1237//1237 1292//1292 1239//1239 
f 1292//1292 1296//1296 1239//1239 
f 1238//1238 1240//1240 1293//1293 
f 1293//1293 1240//1240 1297//1297 
f 1239//1239 1296//1296 1242//1242 
f 1296//1296 1299//1299 1242//1242 
f 1240//1240 1298//1298 1297//1297 
f 1241//1241 1298//1298 1240//1240 
f 1298//1298 1241//1241 1243//1243 
f 1300//1300 1298//1298 1243//1243 
f 1242//1242 1299//1299 1244//1244 
f 1299//1299 1302//1302 1244//1244 
f 1243//1243 1245//1245 1300//1300 
f 1300//1300 1245//1245 1303//1303 
f 1244//1244 1302//1302 1247//1247 
f 1302//1302 1306//1306 1247//1247 
f 1246//1246 1307//1307 1304//1304 
f 1248//1248 1307//1307 1246//1246 
f 1303//1303 1245//1245 1246//1246 
f 1304//1304 1303//1303 1246//1246 
f 1247//1247 1306//1306 1308//1308 
f 1249//1249 1247//1247 1308//1308 
f 1251//1251 1309//1309 1262//1262 
f 1251//1251 1249//1249 1309//1309 
f 1249//1249 1308//1308 1309//1309 
f 1309//1309 1314//1314 1262//1262 
f 1263//1263 1315//1315 1310//1310 
f 1263//1263 1250//1250 1252//1252 
f 1263//1263 1310//1310 1250//1250 
f 1310//1310 1311//1311 1250//1250 
f 1307//1307 1248//1248 1250//1250 
f 1311//1311 1307//1307 1250//1250 
f 1251//1251 1262//1262 1253//1253 
f 1262//1262 1314//1314 1316//1316 
f 1262//1262 1316//1316 1253//1253 
f 1253//1253 1316//1316 1254//1254 
f 1255//1255 1254//1254 1317//1317 
f 1254//1254 1316//1316 1317//1317 
f 1256//1256 1255//1255 1318//1318 
f 1255//1255 1317//1317 1318//1318 
f 1315//1315 1263//1263 1257//1257 
f 1315//1315 1257//1257 1318//1318 
f 1318//1318 1257//1257 1256//1256 
f 1252//1252 1257//1257 1263//1263 
f 1258//1258 1271//1271 1264//1264 
f 1258//1258 1259//1259 1272//1272 
f 1271//1271 1258//1258 1272//1272 
f 1259//1259 1265//1265 1272//1272 
f 1260//1260 1273//1273 1266//1266 
f 1260//1260 1261//1261 1274//1274 
f 1273//1273 1260//1260 1274//1274 
f 1261//1261 1267//1267 1274//1274 
f 1264//1264 1271//1271 1268//1268 
f 1275//1275 1268//1268 1271//1271 
f 1275//1275 1271//1271 1278//1278 
f 1278//1278 1271//1271 1272//1272 
f 1265//1265 1276//1276 1278//1278 
f 1272//1272 1265//1265 1278//1278 
f 1266//1266 1273//1273 1269//1269 
f 1270//1270 1269//1269 1273//1273 
f 1274//1274 1270//1270 1273//1273 
f 1267//1267 1270//1270 1274//1274 
f 1275//1275 1278//1278 1277//1277 
f 1276//1276 1277//1277 1278//1278 
f 1279//1279 1288//1288 1283//1283 
f 1279//1279 1280//1280 1289//1289 
f 1288//1288 1279//1279 1289//1289 
f 1280//1280 1281//1281 1290//1290 
f 1289//1289 1280//1280 1290//1290 
f 1281//1281 1282//1282 1291//1291 
f 1290//1290 1281//1281 1291//1291 
f 1282//1282 1284//1284 1291//1291 
f 1285//1285 1294//1294 1292//1292 
f 1285//1285 1327//1327 1294//1294 
f 1283//1283 1327//1327 1285//1285 
f 1283//1283 1322//1322 1327//1327 
f 1283//1283 1288//1288 1322//1322 
f 1289//1289 1322//1322 1288//1288 
f 1323//1323 1322//1322 1289//1289 
f 1290//1290 1323//1323 1289//1289 
f 1324//1324 1323//1323 1290//1290 
f 1291//1291 1324//1324 1290//1290 
f 1325//1325 1324//1324 1291//1291 
f 1284//1284 1325//1325 1291//1291 
f 1284//1284 1286//1286 1325//1325 
f 1286//1286 1326//1326 1325//1325 
f 1295//1295 1328//1328 1326//1326 
f 1295//1295 1326//1326 1287//1287 
f 1287//1287 1326//1326 1286//1286 
f 1287//1287 1293//1293 1295//1295 
f 1294//1294 1329//1329 1335//1335 
f 1294//1294 1335//1335 1292//1292 
f 1292//1292 1335//1335 1296//1296 
f 1327//1327 1329//1329 1294//1294 
f 1295//1295 1330//1330 1328//1328 
f 1330//1330 1295//1295 1293//1293 
f 1330//1330 1293//1293 1336//1336 
f 1336//1336 1293//1293 1297//1297 
f 1296//1296 1335//1335 1299//1299 
f 1335//1335 1340//1340 1299//1299 
f 1301//1301 1297//1297 1298//1298 
f 1301//1301 1341//1341 1297//1297 
f 1341//1341 1336//1336 1297//1297 
f 1298//1298 1300//1300 1301//1301 
f 1299//1299 1340//1340 1302//1302 
f 1340//1340 1344//1344 1302//1302 
f 1305//1305 1341//1341 1301//1301 
f 1345//1345 1341//1341 1305//1305 
f 1300//1300 1303//1303 1305//1305 
f 1301//1301 1300//1300 1305//1305 
f 1346//1346 1312//1312 1306//1306 
f 1346//1346 1306//1306 1344//1344 
f 1344//1344 1306//1306 1302//1302 
f 1346//1346 1351//1351 1312//1312 
f 1313//1313 1352//1352 1347//1347 
f 1345//1345 1313//1313 1347//1347 
f 1305//1305 1313//1313 1345//1345 
f 1305//1305 1307//1307 1313//1313 
f 1305//1305 1304//1304 1307//1307 
f 1303//1303 1304//1304 1305//1305 
f 1306//1306 1312//1312 1308//1308 
f 1312//1312 1351//1351 1353//1353 
f 1312//1312 1353//1353 1308//1308 
f 1308//1308 1353//1353 1309//1309 
f 1314//1314 1354//1354 1319//1319 
f 1314//1314 1309//1309 1354//1354 
f 1309//1309 1353//1353 1354//1354 
f 1319//1319 1355//1355 1320//1320 
f 1354//1354 1355//1355 1319//1319 
f 1320//1320 1356//1356 1321//1321 
f 1355//1355 1356//1356 1320//1320 
f 1321//1321 1310//1310 1315//1315 
f 1321//1321 1356//1356 1310//1310 
f 1356//1356 1357//1357 1310//1310 
f 1352//1352 1313//1313 1311//1311 
f 1352//1352 1311//1311 1357//1357 
f 1357//1357 1311//1311 1310//1310 
f 1307//1307 1311//1311 1313//1313 
f 1314//1314 1319//1319 1316//1316 
f 1317//1317 1316//1316 1319//1319 
f 1320//1320 1317//1317 1319//1319 
f 1318//1318 1317//1317 1320//1320 
f 1321//1321 1318//1318 1320//1320 
f 1315//1315 1318//1318 1321//1321 
f 1322//1322 1331//1331 1327//1327 
f 1322//1322 1323//1323 1332//1332 
f 1331//1331 1322//1322 1332//1332 
f 1323//1323 1324//1324 1333//1333 
f 1332//1332 1323//1323 1333//1333 
f 1364//1364 1333//1333 1324//1324 
f 1364//1364 1324//1324 1363//1363 
f 1363//1363 1324//1324 1325//1325 
f 1334//1334 1365//1365 1363//1363 
f 1334//1334 1363//1363 1326//1326 
f 1326//1326 1363//1363 1325//1325 
f 1326//1326 1328//1328 1334//1334 
f 1329//1329 1337//1337 1335//1335 
f 1329//1329 1327//1327 1331//1331 
f 1329//1329 1331//1331 1337//1337 
f 1337//1337 1331//1331 1338//1338 
f 1370//1370 1332//1332 1366//1366 
f 1370//1370 1338//1338 1332//1332 
f 1338//1338 1331//1331 1332//1332 
f 1333//1333 1366//1366 1332//1332 
f 1367//1367 1366//1366 1333//1333 
f 1364//1364 1367//1367 1333//1333 
f 1334//1334 1368//1368 1365//1365 
f 1339//1339 1371//1371 1368//1368 
f 1330//1330 1339//1339 1368//1368 
f 1330//1330 1368//1368 1334//1334 
f 1330//1330 1334//1334 1328//1328 
f 1330//1330 1336//1336 1339//1339 
f 1337//1337 1342//1342 1340//1340 
f 1335//1335 1337//1337 1340//1340 
f 1377//1377 1338//1338 1372//1372 
f 1377//1377 1342//1342 1338//1338 
f 1342//1342 1337//1337 1338//1338 
f 1370//1370 1372//1372 1338//1338 
f 1343//1343 1371//1371 1339//1339 
f 1378//1378 1371//1371 1343//1343 
f 1336//1336 1341//1341 1343//1343 
f 1339//1339 1336//1336 1343//1343 
f 1342//1342 1348//1348 1344//1344 
f 1340//1340 1342//1342 1344//1344 
f 1379//1379 1342//1342 1377//1377 
f 1379//1379 1349//1349 1342//1342 
f 1349//1349 1348//1348 1342//1342 
f 1379//1379 1385//1385 1349//1349 
f 1350//1350 1378//1378 1343//1343 
f 1386//1386 1378//1378 1350//1350 
f 1341//1341 1345//1345 1350//1350 
f 1343//1343 1341//1341 1350//1350 
f 1344//1344 1348//1348 1346//1346 
f 1351//1351 1346//1346 1348//1348 
f 1351//1351 1348//1348 1358//1358 
f 1358//1358 1348//1348 1349//1349 
f 1387//1387 1349//1349 1385//1385 
f 1387//1387 1359//1359 1349//1349 
f 1359//1359 1358//1358 1349//1349 
f 1359//1359 1388//1388 1360//1360 
f 1387//1387 1388//1388 1359//1359 
f 1360//1360 1389//1389 1361//1361 
f 1388//1388 1389//1389 1360//1360 
f 1361//1361 1390//1390 1362//1362 
f 1389//1389 1390//1390 1361//1361 
f 1386//1386 1362//1362 1390//1390 
f 1350//1350 1362//1362 1386//1386 
f 1350//1350 1352//1352 1362//1362 
f 1350//1350 1347//1347 1352//1352 
f 1345//1345 1347//1347 1350//1350 
f 1351//1351 1358//1358 1353//1353 
f 1354//1354 1353//1353 1358//1358 
f 1359//1359 1354//1354 1358//1358 
f 1355//1355 1354//1354 1359//1359 
f 1360//1360 1355//1355 1359//1359 
f 1356//1356 1355//1355 1360//1360 
f 1361//1361 1356//1356 1360//1360 
f 1357//1357 1356//1356 1361//1361 
f 1362//1362 1357//1357 1361//1361 
f 1352//1352 1357//1357 1362//1362 
f 1363//1363 1369//1369 1364//1364 
f 1363//1363 1365//1365 1369//1369 
f 1366//1366 1373//1373 1370//1370 
f 1366//1366 1367//1367 1374//1374 
f 1373//1373 1366//1366 1374//1374 
f 1367//1367 1364//1364 1369//1369 
f 1367//1367 1369//1369 1374//1374 
f 1374//1374 1369//1369 1375//1375 
f 1365//1365 1368//1368 1376//1376 
f 1365//1365 1376//1376 1369//1369 
f 1369//1369 1376//1376 1375//1375 
f 1368//1368 1371//1371 1376//1376 
f 1372//1372 1380//1380 1377//1377 
f 1372//1372 1370//1370 1373//1373 
f 1372//1372 1373//1373 1380//1380 
f 1380//1380 1373//1373 1381//1381 
f 1374//1374 1382//1382 1373//1373 
f 1382//1382 1381//1381 1373//1373 
f 1375//1375 1383//1383 1374//1374 
f 1383//1383 1382//1382 1374//1374 
f 1376//1376 1384//1384 1375//1375 
f 1384//1384 1383//1383 1375//1375 
f 1371//1371 1378//1378 1384//1384 
f 1376//1376 1371//1371 1384//1384 
f 1377//1377 1380//1380 1379//1379 
f 1385//1385 1379//1379 1380//1380 
f 1385//1385 1380//1380 1391//1391 
f 1391//1391 1380//1380 1381//1381 
f 1382//1382 1392//1392 1381//1381 
f 1392//1392 1391//1391 1381//1381 
f 1383//1383 1393//1393 1382//1382 
f 1393//1393 1392//1392 1382//1382 
f 1384//1384 1394//1394 1383//1383 
f 1394//1394 1393//1393 1383//1383 
f 1378//1378 1386//1386 1394//1394 
f 1384//1384 1378//1378 1394//1394 
f 1385//1385 1391//1391 1387//1387 
f 1388//1388 1387//1387 1391//1391 
f 1392//1392 1388//1388 1391//1391 
f 1389//1389 1388//1388 1392//1392 
f 1393//1393 1389//1389 1392//1392 
f 1390//1390 1389//1389 1393//1393 
f 1394//1394 1390//1390 1393//1393 
f 1386//1386 1390//1390 1394//1394 
f 1395//1395 1397//1397 1399//1399 
f 1395//1395 1396//1396 1398//1398 
f 1397//1397 1395//1395 1398//1398 
f 1398//1398 1396//1396 1400//1400 
f 1395//1395 1399//1399 1401//1401 
f 1396//1396 1395//1395 1401//1401 
f 1402//1402 1396//1396 1401//1401 
f 1400//1400 1396//1396 1402//1402 
f 1403//1403 1409//1409 1416//1416 
f 1403//1403 1404//1404 1410//1410 
f 1409//1409 1403//1403 1410//1410 
f 1404//1404 1399//1399 1397//1397 
f 1404//1404 1397//1397 1410//1410 
f 1410//1410 1397//1397 1411//1411 
f 1398//1398 1412//1412 1397//1397 
f 1397//1397 1412//1412 1411//1411 
f 1412//1412 1398//1398 1400//1400 
f 1417//1417 1412//1412 1400//1400 
f 1405//1405 1403//1403 1416//1416 
f 1422//1422 1405//1405 1416//1416 
f 1404//1404 1403//1403 1406//1406 
f 1406//1406 1403//1403 1405//1405 
f 1399//1399 1407//1407 1401//1401 
f 1399//1399 1404//1404 1407//1407 
f 1404//1404 1406//1406 1407//1407 
f 1401//1401 1408//1408 1402//1402 
f 1407//1407 1408//1408 1401//1401 
f 1402//1402 1408//1408 1423//1423 
f 1402//1402 1423//1423 1400//1400 
f 1400//1400 1423//1423 1417//1417 
f 1405//1405 1422//1422 1424//1424 
f 1406//1406 1405//1405 1424//1424 
f 1425//1425 1406//1406 1424//1424 
f 1407//1407 1406//1406 1425//1425 
f 1426//1426 1407//1407 1425//1425 
f 1408//1408 1407//1407 1426//1426 
f 1427//1427 1408//1408 1426//1426 
f 1423//1423 1408//1408 1427//1427 
f 1413//1413 1439//1439 1447//1447 
f 1439//1439 1413//1413 1448//1448 
f 1414//1414 1440//1440 1449//1449 
f 1414//1414 1415//1415 1441//1441 
f 1440//1440 1414//1414 1441//1441 
f 1441//1441 1415//1415 1450//1450 
f 1418//1418 1451//1451 1458//1458 
f 1447//1447 1451//1451 1418//1418 
f 1413//1413 1447//1447 1418//1418 
f 1413//1413 1418//1418 1416//1416 
f 1413//1413 1416//1416 1409//1409 
f 1413//1413 1409//1409 1410//1410 
f 1413//1413 1410//1410 1459//1459 
f 1413//1413 1459//1459 1448//1448 
f 1459//1459 1410//1410 1419//1419 
f 1460//1460 1419//1419 1410//1410 
f 1460//1460 1410//1410 1452//1452 
f 1452//1452 1410//1410 1411//1411 
f 1449//1449 1412//1412 1414//1414 
f 1449//1449 1452//1452 1412//1412 
f 1452//1452 1411//1411 1412//1412 
f 1417//1417 1414//1414 1412//1412 
f 1417//1417 1420//1420 1414//1414 
f 1420//1420 1415//1415 1414//1414 
f 1453//1453 1450//1450 1415//1415 
f 1453//1453 1415//1415 1421//1421 
f 1421//1421 1415//1415 1420//1420 
f 1453//1453 1421//1421 1461//1461 
f 1418//1418 1458//1458 1462//1462 
f 1462//1462 1416//1416 1418//1418 
f 1462//1462 1466//1466 1416//1416 
f 1466//1466 1422//1422 1416//1416 
f 1419//1419 1463//1463 1459//1459 
f 1460//1460 1463//1463 1419//1419 
f 1420//1420 1423//1423 1428//1428 
f 1417//1417 1423//1423 1420//1420 
f 1421//1421 1420//1420 1429//1429 
f 1429//1429 1420//1420 1428//1428 
f 1467//1467 1461//1461 1421//1421 
f 1429//1429 1467//1467 1421//1421 
f 1430//1430 1424//1424 1422//1422 
f 1430//1430 1422//1422 1469//1469 
f 1469//1469 1422//1422 1466//1466 
f 1424//1424 1431//1431 1425//1425 
f 1430//1430 1431//1431 1424//1424 
f 1425//1425 1432//1432 1426//1426 
f 1431//1431 1432//1432 1425//1425 
f 1426//1426 1433//1433 1427//1427 
f 1432//1432 1433//1433 1426//1426 
f 1427//1427 1428//1428 1423//1423 
f 1427//1427 1433//1433 1428//1428 
f 1433//1433 1434//1434 1428//1428 
f 1429//1429 1428//1428 1435//1435 
f 1435//1435 1428//1428 1434//1434 
f 1470//1470 1467//1467 1429//1429 
f 1435//1435 1470//1470 1429//1429 
f 1430//1430 1469//1469 1471//1471 
f 1431//1431 1430//1430 1471//1471 
f 1472//1472 1431//1431 1471//1471 
f 1472//1472 1474//1474 1436//1436 
f 1472//1472 1436//1436 1431//1431 
f 1431//1431 1436//1436 1432//1432 
f 1433//1433 1432//1432 1437//1437 
f 1437//1437 1432//1432 1436//1436 
f 1434//1434 1433//1433 1438//1438 
f 1438//1438 1433//1433 1437//1437 
f 1475//1475 1473//1473 1435//1435 
f 1475//1475 1435//1435 1438//1438 
f 1438//1438 1435//1435 1434//1434 
f 1470//1470 1435//1435 1473//1473 
f 1436//1436 1474//1474 1476//1476 
f 1437//1437 1436//1436 1476//1476 
f 1477//1477 1437//1437 1476//1476 
f 1438//1438 1437//1437 1477//1477 
f 1478//1478 1438//1438 1477//1477 
f 1475//1475 1438//1438 1478//1478 
f 1442//1442 1484//1484 1489//1489 
f 1442//1442 1443//1443 1485//1485 
f 1484//1484 1442//1442 1485//1485 
f 1485//1485 1443//1443 1490//1490 
f 1444//1444 1486//1486 1491//1491 
f 1444//1444 1445//1445 1487//1487 
f 1486//1486 1444//1444 1487//1487 
f 1445//1445 1446//1446 1488//1488 
f 1487//1487 1445//1445 1488//1488 
f 1488//1488 1446//1446 1492//1492 
f 1454//1454 1493//1493 1496//1496 
f 1489//1489 1493//1493 1454//1454 
f 1442//1442 1489//1489 1454//1454 
f 1442//1442 1454//1454 1447//1447 
f 1442//1442 1447//1447 1439//1439 
f 1448//1448 1442//1442 1439//1439 
f 1448//1448 1455//1455 1442//1442 
f 1455//1455 1443//1443 1442//1442 
f 1494//1494 1490//1490 1443//1443 
f 1494//1494 1443//1443 1456//1456 
f 1456//1456 1443//1443 1455//1455 
f 1491//1491 1494//1494 1456//1456 
f 1444//1444 1491//1491 1456//1456 
f 1444//1444 1456//1456 1449//1449 
f 1444//1444 1449//1449 1440//1440 
f 1441//1441 1444//1444 1440//1440 
f 1445//1445 1444//1444 1441//1441 
f 1450//1450 1445//1445 1441//1441 
f 1450//1450 1457//1457 1445//1445 
f 1457//1457 1446//1446 1445//1445 
f 1497//1497 1492//1492 1446//1446 
f 1457//1457 1497//1497 1446//1446 
f 1451//1451 1454//1454 1496//1496 
f 1451//1451 1496//1496 1458//1458 
f 1458//1458 1496//1496 1499//1499 
f 1447//1447 1454//1454 1451//1451 
f 1455//1455 1459//1459 1464//1464 
f 1448//1448 1459//1459 1455//1455 
f 1452//1452 1464//1464 1460//1460 
f 1452//1452 1456//1456 1464//1464 
f 1456//1456 1455//1455 1464//1464 
f 1449//1449 1456//1456 1452//1452 
f 1450//1450 1453//1453 1457//1457 
f 1461//1461 1465//1465 1498//1498 
f 1453//1453 1461//1461 1498//1498 
f 1453//1453 1498//1498 1497//1497 
f 1453//1453 1497//1497 1457//1457 
f 1498//1498 1465//1465 1500//1500 
f 1458//1458 1499//1499 1501//1501 
f 1462//1462 1458//1458 1501//1501 
f 1501//1501 1466//1466 1462//1462 
f 1502//1502 1466//1466 1501//1501 
f 1459//1459 1463//1463 1464//1464 
f 1460//1460 1464//1464 1463//1463 
f 1465//1465 1467//1467 1468//1468 
f 1461//1461 1467//1467 1465//1465 
f 1503//1503 1500//1500 1465//1465 
f 1468//1468 1503//1503 1465//1465 
f 1466//1466 1502//1502 1469//1469 
f 1502//1502 1506//1506 1469//1469 
f 1468//1468 1507//1507 1504//1504 
f 1468//1468 1467//1467 1507//1507 
f 1467//1467 1470//1470 1507//1507 
f 1503//1503 1468//1468 1504//1504 
f 1469//1469 1506//1506 1508//1508 
f 1471//1471 1469//1469 1508//1508 
f 1479//1479 1508//1508 1512//1512 
f 1479//1479 1472//1472 1508//1508 
f 1472//1472 1471//1471 1508//1508 
f 1472//1472 1479//1479 1474//1474 
f 1473//1473 1475//1475 1480//1480 
f 1509//1509 1507//1507 1470//1470 
f 1509//1509 1470//1470 1480//1480 
f 1509//1509 1480//1480 1481//1481 
f 1480//1480 1470//1470 1473//1473 
f 1509//1509 1481//1481 1513//1513 
f 1479//1479 1512//1512 1514//1514 
f 1474//1474 1479//1479 1514//1514 
f 1474//1474 1514//1514 1476//1476 
f 1476//1476 1514//1514 1515//1515 
f 1482//1482 1515//1515 1518//1518 
f 1482//1482 1477//1477 1515//1515 
f 1477//1477 1476//1476 1515//1515 
f 1477//1477 1483//1483 1478//1478 
f 1482//1482 1483//1483 1477//1477 
f 1478//1478 1483//1483 1519//1519 
f 1475//1475 1478//1478 1519//1519 
f 1475//1475 1519//1519 1516//1516 
f 1475//1475 1516//1516 1480//1480 
f 1481//1481 1480//1480 1516//1516 
f 1517//1517 1481//1481 1516//1516 
f 1513//1513 1481//1481 1517//1517 
f 1482//1482 1518//1518 1520//1520 
f 1483//1483 1482//1482 1520//1520 
f 1521//1521 1483//1483 1520//1520 
f 1519//1519 1483//1483 1521//1521 
f 1484//1484 1524//1524 1530//1530 
f 1489//1489 1484//1484 1530//1530 
f 1485//1485 1525//1525 1484//1484 
f 1484//1484 1525//1525 1524//1524 
f 1490//1490 1495//1495 1526//1526 
f 1490//1490 1526//1526 1485//1485 
f 1485//1485 1526//1526 1525//1525 
f 1495//1495 1491//1491 1486//1486 
f 1495//1495 1486//1486 1526//1526 
f 1526//1526 1486//1486 1527//1527 
f 1487//1487 1528//1528 1486//1486 
f 1486//1486 1528//1528 1527//1527 
f 1488//1488 1529//1529 1487//1487 
f 1487//1487 1529//1529 1528//1528 
f 1529//1529 1488//1488 1492//1492 
f 1531//1531 1529//1529 1492//1492 
f 1493//1493 1532//1532 1534//1534 
f 1496//1496 1493//1493 1534//1534 
f 1530//1530 1493//1493 1489//1489 
f 1532//1532 1493//1493 1530//1530 
f 1490//1490 1494//1494 1495//1495 
f 1491//1491 1495//1495 1494//1494 
f 1492//1492 1497//1497 1531//1531 
f 1531//1531 1497//1497 1535//1535 
f 1496//1496 1534//1534 1499//1499 
f 1534//1534 1539//1539 1499//1499 
f 1497//1497 1536//1536 1535//1535 
f 1498//1498 1536//1536 1497//1497 
f 1536//1536 1498//1498 1500//1500 
f 1540//1540 1536//1536 1500//1500 
f 1499//1499 1539//1539 1541//1541 
f 1501//1501 1499//1499 1541//1541 
f 1541//1541 1502//1502 1501//1501 
f 1544//1544 1502//1502 1541//1541 
f 1542//1542 1503//1503 1505//1505 
f 1542//1542 1540//1540 1503//1503 
f 1540//1540 1500//1500 1503//1503 
f 1542//1542 1505//1505 1545//1545 
f 1502//1502 1544//1544 1506//1506 
f 1544//1544 1546//1546 1506//1506 
f 1504//1504 1507//1507 1510//1510 
f 1504//1504 1505//1505 1503//1503 
f 1504//1504 1510//1510 1505//1505 
f 1510//1510 1511//1511 1505//1505 
f 1547//1547 1545//1545 1505//1505 
f 1511//1511 1547//1547 1505//1505 
f 1506//1506 1546//1546 1548//1548 
f 1508//1508 1506//1506 1548//1548 
f 1548//1548 1512//1512 1508//1508 
f 1551//1551 1512//1512 1548//1548 
f 1507//1507 1509//1509 1510//1510 
f 1549//1549 1511//1511 1510//1510 
f 1549//1549 1510//1510 1513//1513 
f 1549//1549 1513//1513 1552//1552 
f 1509//1509 1513//1513 1510//1510 
f 1547//1547 1511//1511 1549//1549 
f 1512//1512 1551//1551 1553//1553 
f 1514//1514 1512//1512 1553//1553 
f 1522//1522 1553//1553 1555//1555 
f 1522//1522 1515//1515 1553//1553 
f 1515//1515 1514//1514 1553//1553 
f 1515//1515 1522//1522 1518//1518 
f 1516//1516 1519//1519 1523//1523 
f 1556//1556 1516//1516 1523//1523 
f 1556//1556 1554//1554 1516//1516 
f 1554//1554 1517//1517 1516//1516 
f 1552//1552 1513//1513 1517//1517 
f 1554//1554 1552//1552 1517//1517 
f 1522//1522 1555//1555 1557//1557 
f 1518//1518 1522//1522 1557//1557 
f 1518//1518 1557//1557 1520//1520 
f 1520//1520 1557//1557 1558//1558 
f 1521//1521 1520//1520 1559//1559 
f 1520//1520 1558//1558 1559//1559 
f 1523//1523 1519//1519 1521//1521 
f 1523//1523 1521//1521 1560//1560 
f 1560//1560 1521//1521 1559//1559 
f 1556//1556 1523//1523 1560//1560 
f 1524//1524 1533//1533 1530//1530 
f 1567//1567 1533//1533 1524//1524 
f 1567//1567 1524//1524 1562//1562 
f 1562//1562 1524//1524 1525//1525 
f 1526//1526 1563//1563 1525//1525 
f 1525//1525 1563//1563 1562//1562 
f 1527//1527 1564//1564 1526//1526 
f 1526//1526 1564//1564 1563//1563 
f 1528//1528 1565//1565 1527//1527 
f 1527//1527 1565//1565 1564//1564 
f 1529//1529 1566//1566 1528//1528 
f 1528//1528 1566//1566 1565//1565 
f 1566//1566 1529//1529 1531//1531 
f 1568//1568 1566//1566 1531//1531 
f 1532//1532 1537//1537 1534//1534 
f 1532//1532 1572//1572 1537//1537 
f 1530//1530 1572//1572 1532//1532 
f 1530//1530 1569//1569 1572//1572 
f 1530//1530 1533//1533 1569//1569 
f 1567//1567 1569//1569 1533//1533 
f 1531//1531 1535//1535 1568//1568 
f 1568//1568 1535//1535 1573//1573 
f 1538//1538 1570//1570 1574//1574 
f 1570//1570 1538//1538 1575//1575 
f 1537//1537 1576//1576 1580//1580 
f 1537//1537 1580//1580 1534//1534 
f 1534//1534 1580//1580 1539//1539 
f 1572//1572 1576//1576 1537//1537 
f 1535//1535 1577//1577 1573//1573 
f 1536//1536 1577//1577 1535//1535 
f 1540//1540 1543//1543 1538//1538 
f 1540//1540 1538//1538 1577//1577 
f 1540//1540 1577//1577 1536//1536 
f 1577//1577 1538//1538 1574//1574 
f 1581//1581 1575//1575 1538//1538 
f 1543//1543 1581//1581 1538//1538 
f 1539//1539 1580//1580 1582//1582 
f 1541//1541 1539//1539 1582//1582 
f 1582//1582 1544//1544 1541//1541 
f 1584//1584 1544//1544 1582//1582 
f 1540//1540 1542//1542 1543//1543 
f 1543//1543 1542//1542 1545//1545 
f 1543//1543 1545//1545 1581//1581 
f 1581//1581 1545//1545 1585//1585 
f 1586//1586 1550//1550 1546//1546 
f 1586//1586 1546//1546 1584//1584 
f 1584//1584 1546//1546 1544//1544 
f 1586//1586 1588//1588 1550//1550 
f 1545//1545 1547//1547 1585//1585 
f 1585//1585 1547//1547 1589//1589 
f 1546//1546 1550//1550 1548//1548 
f 1550//1550 1551//1551 1548//1548 
f 1550//1550 1588//1588 1551//1551 
f 1588//1588 1591//1591 1551//1551 
f 1549//1549 1592//1592 1590//1590 
f 1552//1552 1592//1592 1549//1549 
f 1589//1589 1547//1547 1549//1549 
f 1590//1590 1589//1589 1549//1549 
f 1551//1551 1591//1591 1593//1593 
f 1553//1553 1551//1551 1593//1593 
f 1555//1555 1594//1594 1561//1561 
f 1555//1555 1553//1553 1594//1594 
f 1553//1553 1593//1593 1594//1594 
f 1594//1594 1596//1596 1561//1561 
f 1554//1554 1597//1597 1595//1595 
f 1556//1556 1597//1597 1554//1554 
f 1592//1592 1552//1552 1554//1554 
f 1595//1595 1592//1592 1554//1554 
f 1555//1555 1561//1561 1557//1557 
f 1561//1561 1596//1596 1598//1598 
f 1561//1561 1598//1598 1557//1557 
f 1557//1557 1598//1598 1558//1558 
f 1559//1559 1558//1558 1599//1599 
f 1558//1558 1598//1598 1599//1599 
f 1560//1560 1559//1559 1600//1600 
f 1559//1559 1599//1599 1600//1600 
f 1597//1597 1556//1556 1560//1560 
f 1600//1600 1597//1597 1560//1560 
f 1562//1562 1604//1604 1608//1608 
f 1567//1567 1562//1562 1608//1608 
f 1563//1563 1605//1605 1562//1562 
f 1562//1562 1605//1605 1604//1604 
f 1564//1564 1606//1606 1563//1563 
f 1563//1563 1606//1606 1605//1605 
f 1565//1565 1607//1607 1564//1564 
f 1564//1564 1607//1607 1606//1606 
f 1571//1571 1609//1609 1607//1607 
f 1571//1571 1607//1607 1566//1566 
f 1566//1566 1607//1607 1565//1565 
f 1566//1566 1568//1568 1571//1571 
f 1569//1569 1578//1578 1572//1572 
f 1569//1569 1613//1613 1578//1578 
f 1569//1569 1567//1567 1613//1613 
f 1567//1567 1608//1608 1613//1613 
f 1571//1571 1610//1610 1609//1609 
f 1610//1610 1571//1571 1568//1568 
f 1610//1610 1568//1568 1614//1614 
f 1614//1614 1568//1568 1573//1573 
f 1570//1570 1579//1579 1574//1574 
f 1570//1570 1575//1575 1579//1579 
f 1576//1576 1583//1583 1580//1580 
f 1576//1576 1618//1618 1583//1583 
f 1572//1572 1618//1618 1576//1576 
f 1572//1572 1615//1615 1618//1618 
f 1572//1572 1578//1578 1615//1615 
f 1613//1613 1615//1615 1578//1578 
f 1573//1573 1616//1616 1614//1614 
f 1577//1577 1616//1616 1573//1573 
f 1579//1579 1577//1577 1574//1574 
f 1579//1579 1617//1617 1577//1577 
f 1617//1617 1616//1616 1577//1577 
f 1617//1617 1579//1579 1575//1575 
f 1617//1617 1575//1575 1619//1619 
f 1619//1619 1575//1575 1581//1581 
f 1580//1580 1583//1583 1582//1582 
f 1584//1584 1620//1620 1587//1587 
f 1582//1582 1620//1620 1584//1584 
f 1582//1582 1618//1618 1620//1620 
f 1582//1582 1583//1583 1618//1618 
f 1620//1620 1622//1622 1587//1587 
f 1581//1581 1585//1585 1619//1619 
f 1619//1619 1585//1585 1623//1623 
f 1584//1584 1587//1587 1586//1586 
f 1587//1587 1588//1588 1586//1586 
f 1587//1587 1622//1622 1588//1588 
f 1622//1622 1624//1624 1588//1588 
f 1585//1585 1589//1589 1623//1623 
f 1623//1623 1589//1589 1625//1625 
f 1588//1588 1624//1624 1591//1591 
f 1624//1624 1627//1627 1591//1591 
f 1590//1590 1628//1628 1626//1626 
f 1592//1592 1628//1628 1590//1590 
f 1625//1625 1589//1589 1590//1590 
f 1626//1626 1625//1625 1590//1590 
f 1591//1591 1627//1627 1629//1629 
f 1593//1593 1591//1591 1629//1629 
f 1594//1594 1593//1593 1630//1630 
f 1593//1593 1629//1629 1630//1630 
f 1630//1630 1596//1596 1594//1594 
f 1634//1634 1596//1596 1630//1630 
f 1601//1601 1635//1635 1631//1631 
f 1601//1601 1595//1595 1597//1597 
f 1601//1601 1631//1631 1595//1595 
f 1631//1631 1632//1632 1595//1595 
f 1628//1628 1592//1592 1595//1595 
f 1632//1632 1628//1628 1595//1595 
f 1596//1596 1634//1634 1636//1636 
f 1598//1598 1596//1596 1636//1636 
f 1599//1599 1598//1598 1637//1637 
f 1598//1598 1636//1636 1637//1637 
f 1635//1635 1601//1601 1600//1600 
f 1635//1635 1600//1600 1637//1637 
f 1637//1637 1600//1600 1599//1599 
f 1597//1597 1600//1600 1601//1601 
f 1602//1602 1640//1640 1647//1647 
f 1640//1640 1602//1602 1648//1648 
f 1602//1602 1647//1647 1649//1649 
f 1648//1648 1602//1602 1649//1649 
f 1603//1603 1655//1655 1662//1662 
f 1655//1655 1603//1603 1663//1663 
f 1603//1603 1662//1662 1664//1664 
f 1663//1663 1603//1603 1664//1664 
f 1604//1604 1611//1611 1608//1608 
f 1675//1675 1611//1611 1604//1604 
f 1675//1675 1604//1604 1673//1673 
f 1673//1673 1604//1604 1605//1605 
f 1606//1606 1674//1674 1605//1605 
f 1605//1605 1674//1674 1673//1673 
f 1612//1612 1676//1676 1674//1674 
f 1612//1612 1674//1674 1607//1607 
f 1607//1607 1674//1674 1606//1606 
f 1607//1607 1609//1609 1612//1612 
f 1611//1611 1677//1677 1682//1682 
f 1611//1611 1682//1682 1608//1608 
f 1608//1608 1682//1682 1613//1613 
f 1675//1675 1677//1677 1611//1611 
f 1612//1612 1678//1678 1676//1676 
f 1609//1609 1678//1678 1612//1612 
f 1609//1609 1610//1610 1678//1678 
f 1610//1610 1679//1679 1678//1678 
f 1679//1679 1610//1610 1614//1614 
f 1683//1683 1679//1679 1614//1614 
f 1615//1615 1621//1621 1618//1618 
f 1615//1615 1688//1688 1621//1621 
f 1615//1615 1613//1613 1688//1688 
f 1613//1613 1682//1682 1688//1688 
f 1614//1614 1684//1684 1683//1683 
f 1616//1616 1684//1684 1614//1614 
f 1617//1617 1685//1685 1616//1616 
f 1616//1616 1685//1685 1684//1684 
f 1685//1685 1617//1617 1619//1619 
f 1689//1689 1685//1685 1619//1619 
f 1618//1618 1621//1621 1620//1620 
f 1621//1621 1622//1622 1620//1620 
f 1621//1621 1688//1688 1622//1622 
f 1688//1688 1691//1691 1622//1622 
f 1619//1619 1623//1623 1689//1689 
f 1689//1689 1623//1623 1692//1692 
f 1622//1622 1691//1691 1624//1624 
f 1691//1691 1694//1694 1624//1624 
f 1623//1623 1625//1625 1692//1692 
f 1692//1692 1625//1625 1695//1695 
f 1696//1696 1633//1633 1627//1627 
f 1696//1696 1627//1627 1694//1694 
f 1694//1694 1627//1627 1624//1624 
f 1696//1696 1699//1699 1633//1633 
f 1626//1626 1700//1700 1697//1697 
f 1628//1628 1700//1700 1626//1626 
f 1695//1695 1625//1625 1626//1626 
f 1697//1697 1695//1695 1626//1626 
f 1627//1627 1633//1633 1629//1629 
f 1633//1633 1699//1699 1701//1701 
f 1633//1633 1701//1701 1629//1629 
f 1629//1629 1701//1701 1630//1630 
f 1634//1634 1702//1702 1638//1638 
f 1634//1634 1630//1630 1702//1702 
f 1630//1630 1701//1701 1702//1702 
f 1638//1638 1703//1703 1639//1639 
f 1702//1702 1703//1703 1638//1638 
f 1639//1639 1631//1631 1635//1635 
f 1639//1639 1703//1703 1631//1631 
f 1703//1703 1704//1704 1631//1631 
f 1632//1632 1631//1631 1705//1705 
f 1631//1631 1704//1704 1705//1705 
f 1700//1700 1628//1628 1632//1632 
f 1705//1705 1700//1700 1632//1632 
f 1634//1634 1638//1638 1636//1636 
f 1637//1637 1636//1636 1638//1638 
f 1639//1639 1637//1637 1638//1638 
f 1635//1635 1637//1637 1639//1639 
f 1641//1641 1709//1709 1715//1715 
f 1641//1641 1642//1642 1710//1710 
f 1709//1709 1641//1641 1710//1710 
f 1642//1642 1643//1643 1711//1711 
f 1710//1710 1642//1642 1711//1711 
f 1643//1643 1644//1644 1712//1712 
f 1711//1711 1643//1643 1712//1712 
f 1644//1644 1645//1645 1713//1713 
f 1712//1712 1644//1644 1713//1713 
f 1645//1645 1646//1646 1714//1714 
f 1713//1713 1645//1645 1714//1714 
f 1714//1714 1646//1646 1716//1716 
f 1650//1650 1641//1641 1715//1715 
f 1717//1717 1650//1650 1715//1715 
f 1640//1640 1650//1650 1647//1647 
f 1640//1640 1642//1642 1650//1650 
f 1642//1642 1641//1641 1650//1650 
f 1648//1648 1642//1642 1640//1640 
f 1648//1648 1651//1651 1642//1642 
f 1651//1651 1643//1643 1642//1642 
f 1644//1644 1643//1643 1652//1652 
f 1652//1652 1643//1643 1651//1651 
f 1645//1645 1644//1644 1653//1653 
f 1653//1653 1644//1644 1652//1652 
f 1646//1646 1645//1645 1654//1654 
f 1654//1654 1645//1645 1653//1653 
f 1718//1718 1716//1716 1646//1646 
f 1654//1654 1718//1718 1646//1646 
f 1656//1656 1650//1650 1717//1717 
f 1719//1719 1656//1656 1717//1717 
f 1647//1647 1657//1657 1649//1649 
f 1647//1647 1650//1650 1657//1657 
f 1650//1650 1656//1656 1657//1657 
f 1649//1649 1651//1651 1648//1648 
f 1649//1649 1657//1657 1651//1651 
f 1657//1657 1658//1658 1651//1651 
f 1652//1652 1651//1651 1659//1659 
f 1659//1659 1651//1651 1658//1658 
f 1653//1653 1652//1652 1660//1660 
f 1660//1660 1652//1652 1659//1659 
f 1654//1654 1653//1653 1661//1661 
f 1661//1661 1653//1653 1660//1660 
f 1720//1720 1718//1718 1654//1654 
f 1661//1661 1720//1720 1654//1654 
f 1656//1656 1719//1719 1721//1721 
f 1657//1657 1656//1656 1721//1721 
f 1722//1722 1657//1657 1721//1721 
f 1722//1722 1723//1723 1665//1665 
f 1722//1722 1665//1665 1657//1657 
f 1657//1657 1665//1665 1658//1658 
f 1655//1655 1665//1665 1662//1662 
f 1655//1655 1659//1659 1665//1665 
f 1659//1659 1658//1658 1665//1665 
f 1663//1663 1659//1659 1655//1655 
f 1663//1663 1666//1666 1659//1659 
f 1666//1666 1660//1660 1659//1659 
f 1661//1661 1660//1660 1667//1667 
f 1667//1667 1660//1660 1666//1666 
f 1724//1724 1720//1720 1661//1661 
f 1667//1667 1724//1724 1661//1661 
f 1668//1668 1725//1725 1729//1729 
f 1723//1723 1725//1725 1668//1668 
f 1723//1723 1668//1668 1665//1665 
f 1665//1665 1668//1668 1669//1669 
f 1662//1662 1670//1670 1664//1664 
f 1662//1662 1665//1665 1670//1670 
f 1665//1665 1669//1669 1670//1670 
f 1664//1664 1666//1666 1663//1663 
f 1664//1664 1670//1670 1666//1666 
f 1670//1670 1671//1671 1666//1666 
f 1730//1730 1726//1726 1667//1667 
f 1730//1730 1667//1667 1671//1671 
f 1671//1671 1667//1667 1666//1666 
f 1724//1724 1667//1667 1726//1726 
f 1668//1668 1729//1729 1731//1731 
f 1669//1669 1668//1668 1731//1731 
f 1732//1732 1669//1669 1731//1731 
f 1732//1732 1735//1735 1672//1672 
f 1732//1732 1672//1672 1669//1669 
f 1669//1669 1672//1672 1670//1670 
f 1736//1736 1733//1733 1671//1671 
f 1736//1736 1671//1671 1672//1672 
f 1672//1672 1671//1671 1670//1670 
f 1730//1730 1671//1671 1733//1733 
f 1672//1672 1735//1735 1737//1737 
f 1736//1736 1672//1672 1737//1737 
f 1673//1673 1680//1680 1675//1675 
f 1673//1673 1674//1674 1681//1681 
f 1680//1680 1673//1673 1681//1681 
f 1674//1674 1676//1676 1681//1681 
f 1677//1677 1686//1686 1682//1682 
f 1677//1677 1743//1743 1686//1686 
f 1675//1675 1743//1743 1677//1677 
f 1675//1675 1740//1740 1743//1743 
f 1675//1675 1680//1680 1740//1740 
f 1681//1681 1740//1740 1680//1680 
f 1741//1741 1740//1740 1681//1681 
f 1676//1676 1741//1741 1681//1681 
f 1676//1676 1678//1678 1741//1741 
f 1678//1678 1742//1742 1741//1741 
f 1687//1687 1744//1744 1742//1742 
f 1687//1687 1742//1742 1679//1679 
f 1679//1679 1742//1742 1678//1678 
f 1679//1679 1683//1683 1687//1687 
f 1686//1686 1745//1745 1751//1751 
f 1686//1686 1751//1751 1682//1682 
f 1682//1682 1751//1751 1688//1688 
f 1743//1743 1745//1745 1686//1686 
f 1687//1687 1746//1746 1744//1744 
f 1683//1683 1746//1746 1687//1687 
f 1683//1683 1684//1684 1746//1746 
f 1684//1684 1747//1747 1746//1746 
f 1690//1690 1752//1752 1747//1747 
f 1690//1690 1747//1747 1685//1685 
f 1685//1685 1747//1747 1684//1684 
f 1685//1685 1689//1689 1690//1690 
f 1688//1688 1751//1751 1691//1691 
f 1751//1751 1758//1758 1691//1691 
f 1693//1693 1752//1752 1690//1690 
f 1759//1759 1752//1752 1693//1693 
f 1689//1689 1692//1692 1693//1693 
f 1690//1690 1689//1689 1693//1693 
f 1691//1691 1758//1758 1694//1694 
f 1758//1758 1762//1762 1694//1694 
f 1698//1698 1759//1759 1693//1693 
f 1763//1763 1759//1759 1698//1698 
f 1692//1692 1695//1695 1698//1698 
f 1693//1693 1692//1692 1698//1698 
f 1694//1694 1762//1762 1764//1764 
f 1696//1696 1694//1694 1764//1764 
f 1699//1699 1765//1765 1706//1706 
f 1699//1699 1696//1696 1765//1765 
f 1696//1696 1764//1764 1765//1765 
f 1765//1765 1774//1774 1706//1706 
f 1707//1707 1775//1775 1766//1766 
f 1707//1707 1767//1767 1708//1708 
f 1766//1766 1767//1767 1707//1707 
f 1763//1763 1708//1708 1767//1767 
f 1698//1698 1708//1708 1763//1763 
f 1698//1698 1700//1700 1708//1708 
f 1698//1698 1697//1697 1700//1700 
f 1695//1695 1697//1697 1698//1698 
f 1699//1699 1706//1706 1701//1701 
f 1706//1706 1774//1774 1776//1776 
f 1706//1706 1776//1776 1701//1701 
f 1701//1701 1776//1776 1702//1702 
f 1703//1703 1702//1702 1777//1777 
f 1702//1702 1776//1776 1777//1777 
f 1775//1775 1707//1707 1704//1704 
f 1775//1775 1704//1704 1777//1777 
f 1777//1777 1704//1704 1703//1703 
f 1705//1705 1704//1704 1707//1707 
f 1708//1708 1705//1705 1707//1707 
f 1700//1700 1705//1705 1708//1708 
f 1709//1709 1780//1780 1786//1786 
f 1715//1715 1709//1709 1786//1786 
f 1710//1710 1781//1781 1709//1709 
f 1709//1709 1781//1781 1780//1780 
f 1711//1711 1782//1782 1710//1710 
f 1710//1710 1782//1782 1781//1781 
f 1712//1712 1783//1783 1711//1711 
f 1711//1711 1783//1783 1782//1782 
f 1713//1713 1784//1784 1712//1712 
f 1712//1712 1784//1784 1783//1783 
f 1714//1714 1785//1785 1713//1713 
f 1713//1713 1785//1785 1784//1784 
f 1785//1785 1714//1714 1716//1716 
f 1787//1787 1785//1785 1716//1716 
f 1715//1715 1786//1786 1717//1717 
f 1786//1786 1789//1789 1717//1717 
f 1716//1716 1718//1718 1787//1787 
f 1787//1787 1718//1718 1790//1790 
f 1717//1717 1789//1789 1719//1719 
f 1789//1789 1792//1792 1719//1719 
f 1718//1718 1720//1720 1790//1790 
f 1790//1790 1720//1720 1793//1793 
f 1727//1727 1721//1721 1719//1719 
f 1727//1727 1719//1719 1794//1794 
f 1794//1794 1719//1719 1792//1792 
f 1721//1721 1728//1728 1722//1722 
f 1727//1727 1728//1728 1721//1721 
f 1722//1722 1728//1728 1723//1723 
f 1720//1720 1724//1724 1793//1793 
f 1793//1793 1724//1724 1795//1795 
f 1727//1727 1794//1794 1796//1796 
f 1725//1725 1798//1798 1729//1729 
f 1725//1725 1727//1727 1798//1798 
f 1725//1725 1728//1728 1727//1727 
f 1727//1727 1796//1796 1798//1798 
f 1723//1723 1728//1728 1725//1725 
f 1726//1726 1730//1730 1734//1734 
f 1726//1726 1734//1734 1799//1799 
f 1726//1726 1799//1799 1724//1724 
f 1724//1724 1799//1799 1795//1795 
f 1729//1729 1798//1798 1800//1800 
f 1731//1731 1729//1729 1800//1800 
f 1738//1738 1800//1800 1803//1803 
f 1738//1738 1732//1732 1800//1800 
f 1732//1732 1731//1731 1800//1800 
f 1732//1732 1738//1738 1735//1735 
f 1733//1733 1736//1736 1739//1739 
f 1733//1733 1739//1739 1804//1804 
f 1730//1730 1733//1733 1804//1804 
f 1730//1730 1804//1804 1801//1801 
f 1730//1730 1801//1801 1734//1734 
f 1799//1799 1734//1734 1801//1801 
f 1738//1738 1803//1803 1805//1805 
f 1735//1735 1738//1738 1805//1805 
f 1735//1735 1805//1805 1737//1737 
f 1737//1737 1805//1805 1806//1806 
f 1739//1739 1736//1736 1737//1737 
f 1739//1739 1737//1737 1807//1807 
f 1807//1807 1737//1737 1806//1806 
f 1804//1804 1739//1739 1807//1807 
f 1740//1740 1748//1748 1743//1743 
f 1740//1740 1741//1741 1749//1749 
f 1748//1748 1740//1740 1749//1749 
f 1741//1741 1742//1742 1750//1750 
f 1749//1749 1741//1741 1750//1750 
f 1742//1742 1744//1744 1750//1750 
f 1745//1745 1753//1753 1751//1751 
f 1745//1745 1743//1743 1748//1748 
f 1745//1745 1748//1748 1753//1753 
f 1753//1753 1748//1748 1754//1754 
f 1812//1812 1749//1749 1811//1811 
f 1812//1812 1754//1754 1749//1749 
f 1754//1754 1748//1748 1749//1749 
f 1811//1811 1755//1755 1813//1813 
f 1811//1811 1749//1749 1755//1755 
f 1749//1749 1750//1750 1755//1755 
f 1744//1744 1746//1746 1756//1756 
f 1744//1744 1756//1756 1750//1750 
f 1750//1750 1756//1756 1755//1755 
f 1746//1746 1747//1747 1757//1757 
f 1756//1756 1746//1746 1757//1757 
f 1747//1747 1752//1752 1757//1757 
f 1753//1753 1760//1760 1758//1758 
f 1751//1751 1753//1753 1758//1758 
f 1818//1818 1754//1754 1814//1814 
f 1818//1818 1760//1760 1754//1754 
f 1760//1760 1753//1753 1754//1754 
f 1812//1812 1814//1814 1754//1754 
f 1755//1755 1815//1815 1813//1813 
f 1756//1756 1815//1815 1755//1755 
f 1816//1816 1815//1815 1756//1756 
f 1816//1816 1761//1761 1819//1819 
f 1816//1816 1756//1756 1761//1761 
f 1756//1756 1757//1757 1761//1761 
f 1752//1752 1759//1759 1761//1761 
f 1757//1757 1752//1752 1761//1761 
f 1760//1760 1768//1768 1762//1762 
f 1758//1758 1760//1760 1762//1762 
f 1820//1820 1760//1760 1818//1818 
f 1820//1820 1769//1769 1760//1760 
f 1769//1769 1768//1768 1760//1760 
f 1769//1769 1821//1821 1770//1770 
f 1820//1820 1821//1821 1769//1769 
f 1770//1770 1822//1822 1771//1771 
f 1821//1821 1822//1822 1770//1770 
f 1771//1771 1823//1823 1772//1772 
f 1822//1822 1823//1823 1771//1771 
f 1819//1819 1772//1772 1823//1823 
f 1819//1819 1761//1761 1772//1772 
f 1761//1761 1773//1773 1772//1772 
f 1759//1759 1763//1763 1773//1773 
f 1761//1761 1759//1759 1773//1773 
f 1762//1762 1768//1768 1764//1764 
f 1765//1765 1764//1764 1768//1768 
f 1769//1769 1765//1765 1768//1768 
f 1774//1774 1765//1765 1769//1769 
f 1774//1774 1769//1769 1778//1778 
f 1778//1778 1769//1769 1770//1770 
f 1771//1771 1779//1779 1770//1770 
f 1779//1779 1778//1778 1770//1770 
f 1766//1766 1775//1775 1779//1779 
f 1766//1766 1779//1779 1772//1772 
f 1772//1772 1779//1779 1771//1771 
f 1767//1767 1766//1766 1772//1772 
f 1773//1773 1767//1767 1772//1772 
f 1763//1763 1767//1767 1773//1773 
f 1774//1774 1778//1778 1776//1776 
f 1777//1777 1776//1776 1778//1778 
f 1779//1779 1777//1777 1778//1778 
f 1775//1775 1777//1777 1779//1779 
f 1780//1780 1828//1828 1834//1834 
f 1786//1786 1780//1780 1834//1834 
f 1781//1781 1829//1829 1780//1780 
f 1780//1780 1829//1829 1828//1828 
f 1782//1782 1830//1830 1781//1781 
f 1781//1781 1830//1830 1829//1829 
f 1783//1783 1831//1831 1782//1782 
f 1782//1782 1831//1831 1830//1830 
f 1784//1784 1832//1832 1783//1783 
f 1783//1783 1832//1832 1831//1831 
f 1788//1788 1835//1835 1832//1832 
f 1788//1788 1832//1832 1785//1785 
f 1785//1785 1832//1832 1784//1784 
f 1785//1785 1787//1787 1788//1788 
f 1791//1791 1836//1836 1838//1838 
f 1791//1791 1834//1834 1836//1836 
f 1791//1791 1789//1789 1834//1834 
f 1789//1789 1786//1786 1834//1834 
f 1788//1788 1837//1837 1835//1835 
f 1837//1837 1788//1788 1787//1787 
f 1837//1837 1787//1787 1839//1839 
f 1839//1839 1787//1787 1790//1790 
f 1791//1791 1838//1838 1840//1840 
f 1840//1840 1789//1789 1791//1791 
f 1840//1840 1842//1842 1789//1789 
f 1842//1842 1792//1792 1789//1789 
f 1790//1790 1793//1793 1839//1839 
f 1839//1839 1793//1793 1843//1843 
f 1792//1792 1842//1842 1794//1794 
f 1842//1842 1846//1846 1794//1794 
f 1844//1844 1795//1795 1797//1797 
f 1844//1844 1843//1843 1795//1795 
f 1843//1843 1793//1793 1795//1795 
f 1844//1844 1797//1797 1847//1847 
f 1794//1794 1846//1846 1848//1848 
f 1796//1796 1794//1794 1848//1848 
f 1848//1848 1798//1798 1796//1796 
f 1850//1850 1798//1798 1848//1848 
f 1797//1797 1799//1799 1802//1802 
f 1795//1795 1799//1799 1797//1797 
f 1851//1851 1847//1847 1797//1797 
f 1802//1802 1851//1851 1797//1797 
f 1808//1808 1800//1800 1798//1798 
f 1808//1808 1798//1798 1853//1853 
f 1853//1853 1798//1798 1850//1850 
f 1800//1800 1808//1808 1803//1803 
f 1801//1801 1804//1804 1809//1809 
f 1801//1801 1809//1809 1854//1854 
f 1799//1799 1801//1801 1854//1854 
f 1799//1799 1854//1854 1852//1852 
f 1799//1799 1852//1852 1802//1802 
f 1851//1851 1802//1802 1852//1852 
f 1808//1808 1853//1853 1855//1855 
f 1803//1803 1808//1808 1855//1855 
f 1803//1803 1855//1855 1805//1805 
f 1805//1805 1855//1855 1856//1856 
f 1810//1810 1856//1856 1860//1860 
f 1810//1810 1806//1806 1856//1856 
f 1806//1806 1805//1805 1856//1856 
f 1861//1861 1806//1806 1810//1810 
f 1861//1861 1857//1857 1806//1806 
f 1857//1857 1807//1807 1806//1806 
f 1809//1809 1804//1804 1807//1807 
f 1809//1809 1807//1807 1858//1858 
f 1858//1858 1807//1807 1857//1857 
f 1854//1854 1809//1809 1858//1858 
f 1810//1810 1860//1860 1862//1862 
f 1861//1861 1810//1810 1862//1862 
f 1811//1811 1817//1817 1812//1812 
f 1811//1811 1813//1813 1817//1817 
f 1814//1814 1824//1824 1818//1818 
f 1814//1814 1812//1812 1817//1817 
f 1814//1814 1817//1817 1824//1824 
f 1824//1824 1817//1817 1825//1825 
f 1813//1813 1815//1815 1826//1826 
f 1813//1813 1826//1826 1817//1817 
f 1817//1817 1826//1826 1825//1825 
f 1815//1815 1816//1816 1827//1827 
f 1826//1826 1815//1815 1827//1827 
f 1816//1816 1819//1819 1827//1827 
f 1818//1818 1824//1824 1820//1820 
f 1821//1821 1820//1820 1824//1824 
f 1825//1825 1821//1821 1824//1824 
f 1822//1822 1821//1821 1825//1825 
f 1826//1826 1822//1822 1825//1825 
f 1823//1823 1822//1822 1826//1826 
f 1827//1827 1823//1823 1826//1826 
f 1819//1819 1823//1823 1827//1827 
f 1833//1833 1864//1864 1865//1865 
f 1864//1864 1833//1833 1866//1866 
f 1828//1828 1867//1867 1872//1872 
f 1834//1834 1828//1828 1872//1872 
f 1829//1829 1868//1868 1828//1828 
f 1828//1828 1868//1868 1867//1867 
f 1830//1830 1869//1869 1829//1829 
f 1829//1829 1869//1869 1868//1868 
f 1865//1865 1831//1831 1833//1833 
f 1865//1865 1869//1869 1831//1831 
f 1869//1869 1830//1830 1831//1831 
f 1833//1833 1870//1870 1866//1866 
f 1833//1833 1831//1831 1870//1870 
f 1831//1831 1832//1832 1870//1870 
f 1870//1870 1832//1832 1835//1835 
f 1873//1873 1870//1870 1835//1835 
f 1836//1836 1841//1841 1838//1838 
f 1836//1836 1877//1877 1841//1841 
f 1836//1836 1834//1834 1877//1877 
f 1834//1834 1872//1872 1877//1877 
f 1835//1835 1874//1874 1873//1873 
f 1837//1837 1874//1874 1835//1835 
f 1874//1874 1837//1837 1839//1839 
f 1878//1878 1874//1874 1839//1839 
f 1838//1838 1841//1841 1840//1840 
f 1841//1841 1842//1842 1840//1840 
f 1841//1841 1877//1877 1842//1842 
f 1877//1877 1882//1882 1842//1842 
f 1879//1879 1843//1843 1845//1845 
f 1879//1879 1878//1878 1843//1843 
f 1878//1878 1839//1839 1843//1843 
f 1879//1879 1845//1845 1883//1883 
f 1842//1842 1882//1882 1846//1846 
f 1882//1882 1886//1886 1846//1846 
f 1843//1843 1844//1844 1845//1845 
f 1847//1847 1849//1849 1884//1884 
f 1844//1844 1847//1847 1884//1884 
f 1844//1844 1884//1884 1883//1883 
f 1844//1844 1883//1883 1845//1845 
f 1884//1884 1849//1849 1887//1887 
f 1846//1846 1886//1886 1888//1888 
f 1848//1848 1846//1846 1888//1888 
f 1888//1888 1850//1850 1848//1848 
f 1891//1891 1850//1850 1888//1888 
f 1849//1849 1892//1892 1889//1889 
f 1849//1849 1847//1847 1892//1892 
f 1847//1847 1851//1851 1892//1892 
f 1887//1887 1849//1849 1889//1889 
f 1850//1850 1891//1891 1853//1853 
f 1891//1891 1893//1893 1853//1853 
f 1852//1852 1854//1854 1859//1859 
f 1852//1852 1859//1859 1894//1894 
f 1852//1852 1894//1894 1851//1851 
f 1851//1851 1894//1894 1892//1892 
f 1853//1853 1893//1893 1895//1895 
f 1855//1855 1853//1853 1895//1895 
f 1856//1856 1855//1855 1896//1896 
f 1855//1855 1895//1895 1896//1896 
f 1896//1896 1860//1860 1856//1856 
f 1899//1899 1860//1860 1896//1896 
f 1857//1857 1861//1861 1863//1863 
f 1900//1900 1857//1857 1863//1863 
f 1900//1900 1897//1897 1857//1857 
f 1897//1897 1858//1858 1857//1857 
f 1859//1859 1854//1854 1858//1858 
f 1859//1859 1858//1858 1898//1898 
f 1898//1898 1858//1858 1897//1897 
f 1894//1894 1859//1859 1898//1898 
f 1860//1860 1899//1899 1901//1901 
f 1862//1862 1860//1860 1901//1901 
f 1863//1863 1861//1861 1862//1862 
f 1863//1863 1862//1862 1902//1902 
f 1902//1902 1862//1862 1901//1901 
f 1900//1900 1863//1863 1902//1902 
f 1864//1864 1871//1871 1865//1865 
f 1864//1864 1866//1866 1871//1871 
f 1867//1867 1875//1875 1872//1872 
f 1867//1867 1868//1868 1876//1876 
f 1875//1875 1867//1867 1876//1876 
f 1906//1906 1876//1876 1868//1868 
f 1906//1906 1868//1868 1903//1903 
f 1903//1903 1868//1868 1869//1869 
f 1871//1871 1869//1869 1865//1865 
f 1871//1871 1904//1904 1869//1869 
f 1904//1904 1903//1903 1869//1869 
f 1866//1866 1904//1904 1871//1871 
f 1866//1866 1870//1870 1904//1904 
f 1870//1870 1905//1905 1904//1904 
f 1905//1905 1870//1870 1873//1873 
f 1907//1907 1905//1905 1873//1873 
f 1875//1875 1880//1880 1877//1877 
f 1872//1872 1875//1875 1877//1877 
f 1911//1911 1876//1876 1908//1908 
f 1911//1911 1880//1880 1876//1876 
f 1880//1880 1875//1875 1876//1876 
f 1906//1906 1908//1908 1876//1876 
f 1873//1873 1909//1909 1907//1907 
f 1874//1874 1909//1909 1873//1873 
f 1878//1878 1881//1881 1910//1910 
f 1878//1878 1910//1910 1874//1874 
f 1874//1874 1910//1910 1909//1909 
f 1910//1910 1881//1881 1912//1912 
f 1880//1880 1885//1885 1882//1882 
f 1877//1877 1880//1880 1882//1882 
f 1913//1913 1880//1880 1911//1911 
f 1885//1885 1880//1880 1913//1913 
f 1878//1878 1879//1879 1881//1881 
f 1881//1881 1879//1879 1883//1883 
f 1881//1881 1883//1883 1912//1912 
f 1912//1912 1883//1883 1914//1914 
f 1885//1885 1890//1890 1886//1886 
f 1882//1882 1885//1885 1886//1886 
f 1916//1916 1885//1885 1913//1913 
f 1890//1890 1885//1885 1916//1916 
f 1883//1883 1915//1915 1914//1914 
f 1884//1884 1915//1915 1883//1883 
f 1915//1915 1884//1884 1887//1887 
f 1917//1917 1915//1915 1887//1887 
f 1886//1886 1890//1890 1888//1888 
f 1890//1890 1891//1891 1888//1888 
f 1890//1890 1916//1916 1891//1891 
f 1916//1916 1920//1920 1891//1891 
f 1889//1889 1921//1921 1918//1918 
f 1892//1892 1921//1921 1889//1889 
f 1917//1917 1887//1887 1889//1889 
f 1918//1918 1917//1917 1889//1889 
f 1891//1891 1920//1920 1893//1893 
f 1920//1920 1922//1922 1893//1893 
f 1892//1892 1894//1894 1921//1921 
f 1921//1921 1894//1894 1923//1923 
f 1893//1893 1922//1922 1924//1924 
f 1895//1895 1893//1893 1924//1924 
f 1896//1896 1895//1895 1925//1925 
f 1895//1895 1924//1924 1925//1925 
f 1925//1925 1899//1899 1896//1896 
f 1930//1930 1899//1899 1925//1925 
f 1897//1897 1931//1931 1926//1926 
f 1900//1900 1931//1931 1897//1897 
f 1898//1898 1897//1897 1927//1927 
f 1897//1897 1926//1926 1927//1927 
f 1923//1923 1894//1894 1898//1898 
f 1927//1927 1923//1923 1898//1898 
f 1899//1899 1930//1930 1932//1932 
f 1901//1901 1899//1899 1932//1932 
f 1902//1902 1901//1901 1933//1933 
f 1901//1901 1932//1932 1933//1933 
f 1931//1931 1900//1900 1902//1902 
f 1933//1933 1931//1931 1902//1902 
f 1903//1903 1936//1936 1939//1939 
f 1906//1906 1903//1903 1939//1939 
f 1904//1904 1937//1937 1903//1903 
f 1903//1903 1937//1937 1936//1936 
f 1905//1905 1938//1938 1904//1904 
f 1904//1904 1938//1938 1937//1937 
f 1938//1938 1905//1905 1907//1907 
f 1940//1940 1938//1938 1907//1907 
f 1908//1908 1941//1941 1947//1947 
f 1911//1911 1908//1908 1947//1947 
f 1939//1939 1908//1908 1906//1906 
f 1941//1941 1908//1908 1939//1939 
f 1907//1907 1942//1942 1940//1940 
f 1909//1909 1942//1942 1907//1907 
f 1910//1910 1943//1943 1909//1909 
f 1909//1909 1943//1943 1942//1942 
f 1943//1943 1910//1910 1912//1912 
f 1948//1948 1943//1943 1912//1912 
f 1911//1911 1947//1947 1913//1913 
f 1947//1947 1950//1950 1913//1913 
f 1912//1912 1914//1914 1948//1948 
f 1948//1948 1914//1914 1951//1951 
f 1913//1913 1950//1950 1916//1916 
f 1950//1950 1952//1952 1916//1916 
f 1919//1919 1914//1914 1915//1915 
f 1919//1919 1953//1953 1914//1914 
f 1953//1953 1951//1951 1914//1914 
f 1915//1915 1917//1917 1919//1919 
f 1916//1916 1952//1952 1920//1920 
f 1952//1952 1954//1954 1920//1920 
f 1918//1918 1953//1953 1919//1919 
f 1918//1918 1921//1921 1953//1953 
f 1921//1921 1955//1955 1953//1953 
f 1917//1917 1918//1918 1919//1919 
f 1956//1956 1928//1928 1922//1922 
f 1956//1956 1922//1922 1954//1954 
f 1954//1954 1922//1922 1920//1920 
f 1956//1956 1958//1958 1928//1928 
f 1929//1929 1959//1959 1957//1957 
f 1929//1929 1957//1957 1955//1955 
f 1929//1929 1955//1955 1923//1923 
f 1923//1923 1955//1955 1921//1921 
f 1922//1922 1928//1928 1924//1924 
f 1928//1928 1958//1958 1960//1960 
f 1928//1928 1960//1960 1924//1924 
f 1924//1924 1960//1960 1925//1925 
f 1930//1930 1961//1961 1934//1934 
f 1930//1930 1925//1925 1961//1961 
f 1925//1925 1960//1960 1961//1961 
f 1934//1934 1962//1962 1935//1935 
f 1961//1961 1962//1962 1934//1934 
f 1935//1935 1926//1926 1931//1931 
f 1935//1935 1962//1962 1926//1926 
f 1962//1962 1963//1963 1926//1926 
f 1959//1959 1929//1929 1927//1927 
f 1959//1959 1927//1927 1963//1963 
f 1963//1963 1927//1927 1926//1926 
f 1923//1923 1927//1927 1929//1929 
f 1930//1930 1934//1934 1932//1932 
f 1933//1933 1932//1932 1934//1934 
f 1935//1935 1933//1933 1934//1934 
f 1931//1931 1933//1933 1935//1935 
f 1936//1936 1944//1944 1939//1939 
f 1936//1936 1937//1937 1945//1945 
f 1944//1944 1936//1936 1945//1945 
f 1937//1937 1938//1938 1946//1946 
f 1945//1945 1937//1937 1946//1946 
f 1938//1938 1940//1940 1946//1946 
f 1941//1941 1949//1949 1947//1947 
f 1941//1941 1971//1971 1949//1949 
f 1939//1939 1971//1971 1941//1941 
f 1939//1939 1966//1966 1971//1971 
f 1939//1939 1944//1944 1966//1966 
f 1945//1945 1966//1966 1944//1944 
f 1967//1967 1966//1966 1945//1945 
f 1946//1946 1967//1967 1945//1945 
f 1968//1968 1967//1967 1946//1946 
f 1940//1940 1968//1968 1946//1946 
f 1940//1940 1942//1942 1968//1968 
f 1942//1942 1969//1969 1968//1968 
f 1943//1943 1970//1970 1942//1942 
f 1942//1942 1970//1970 1969//1969 
f 1970//1970 1943//1943 1948//1948 
f 1972//1972 1970//1970 1948//1948 
f 1949//1949 1973//1973 1979//1979 
f 1949//1949 1979//1979 1947//1947 
f 1947//1947 1979//1979 1950//1950 
f 1971//1971 1973//1973 1949//1949 
f 1948//1948 1951//1951 1972//1972 
f 1972//1972 1951//1951 1980//1980 
f 1950//1950 1979//1979 1952//1952 
f 1979//1979 1984//1984 1952//1952 
f 1951//1951 1953//1953 1980//1980 
f 1980//1980 1953//1953 1985//1985 
f 1952//1952 1984//1984 1954//1954 
f 1984//1984 1988//1988 1954//1954 
f 1953//1953 1955//1955 1985//1985 
f 1985//1985 1955//1955 1989//1989 
f 1954//1954 1988//1988 1990//1990 
f 1956//1956 1954//1954 1990//1990 
f 1958//1958 1991//1991 1964//1964 
f 1958//1958 1956//1956 1991//1991 
f 1956//1956 1990//1990 1991//1991 
f 1991//1991 1999//1999 1964//1964 
f 1965//1965 2000//2000 1992//1992 
f 1965//1965 1957//1957 1959//1959 
f 1965//1965 1992//1992 1957//1957 
f 1992//1992 1993//1993 1957//1957 
f 1989//1989 1955//1955 1957//1957 
f 1993//1993 1989//1989 1957//1957 
f 1958//1958 1964//1964 1960//1960 
f 1964//1964 1999//1999 2001//2001 
f 1964//1964 2001//2001 1960//1960 
f 1960//1960 2001//2001 1961//1961 
f 1962//1962 1961//1961 2002//2002 
f 1961//1961 2001//2001 2002//2002 
f 2000//2000 1965//1965 1963//1963 
f 2000//2000 1963//1963 2002//2002 
f 2002//2002 1963//1963 1962//1962 
f 1959//1959 1963//1963 1965//1965 
f 1966//1966 1974//1974 1971//1971 
f 1966//1966 1967//1967 1975//1975 
f 1974//1974 1966//1966 1975//1975 
f 1967//1967 1968//1968 1976//1976 
f 1975//1975 1967//1967 1976//1976 
f 1968//1968 1969//1969 1977//1977 
f 1976//1976 1968//1968 1977//1977 
f 1969//1969 1970//1970 1978//1978 
f 1977//1977 1969//1969 1978//1978 
f 1970//1970 1972//1972 1978//1978 
f 1973//1973 1981//1981 1979//1979 
f 1973//1973 2008//2008 1981//1981 
f 1971//1971 2008//2008 1973//1973 
f 1971//1971 2005//2005 2008//2008 
f 1971//1971 1974//1974 2005//2005 
f 1975//1975 2005//2005 1974//1974 
f 2006//2006 2005//2005 1975//1975 
f 2006//2006 1982//1982 2009//2009 
f 2006//2006 1975//1975 1982//1982 
f 1975//1975 1976//1976 1982//1982 
f 2010//2010 1977//1977 2007//2007 
f 2010//2010 1982//1982 1977//1977 
f 1982//1982 1976//1976 1977//1977 
f 2007//2007 1983//1983 2011//2011 
f 2007//2007 1977//1977 1983//1983 
f 1977//1977 1978//1978 1983//1983 
f 1972//1972 1980//1980 1983//1983 
f 1978//1978 1972//1972 1983//1983 
f 1981//1981 1986//1986 1984//1984 
f 1979//1979 1981//1981 1984//1984 
f 2016//2016 1981//1981 2008//2008 
f 1986//1986 1981//1981 2016//2016 
f 1982//1982 2012//2012 2009//2009 
f 2010//2010 2012//2012 1982//1982 
f 1987//1987 2011//2011 1983//1983 
f 2017//2017 2011//2011 1987//1987 
f 1980//1980 1985//1985 1987//1987 
f 1983//1983 1980//1980 1987//1987 
f 1986//1986 1994//1994 1988//1988 
f 1984//1984 1986//1986 1988//1988 
f 2018//2018 1986//1986 2016//2016 
f 2018//2018 1995//1995 1986//1986 
f 1995//1995 1994//1994 1986//1986 
f 2018//2018 2025//2025 1995//1995 
f 1996//1996 2026//2026 2019//2019 
f 1996//1996 2020//2020 1997//1997 
f 2019//2019 2020//2020 1996//1996 
f 2017//2017 1997//1997 2020//2020 
f 2017//2017 1987//1987 1997//1997 
f 1987//1987 1998//1998 1997//1997 
f 1985//1985 1989//1989 1998//1998 
f 1987//1987 1985//1985 1998//1998 
f 1988//1988 1994//1994 1990//1990 
f 1991//1991 1990//1990 1994//1994 
f 1995//1995 1991//1991 1994//1994 
f 1999//1999 2027//2027 2003//2003 
f 1991//1991 2027//2027 1999//1999 
f 1991//1991 2025//2025 2027//2027 
f 1991//1991 1995//1995 2025//2025 
f 2026//2026 2003//2003 2027//2027 
f 2026//2026 1996//1996 2003//2003 
f 1996//1996 2004//2004 2003//2003 
f 1992//1992 2000//2000 2004//2004 
f 1992//1992 2004//2004 1997//1997 
f 1997//1997 2004//2004 1996//1996 
f 1993//1993 1992//1992 1997//1997 
f 1998//1998 1993//1993 1997//1997 
f 1989//1989 1993//1993 1998//1998 
f 1999//1999 2003//2003 2001//2001 
f 2002//2002 2001//2001 2003//2003 
f 2004//2004 2002//2002 2003//2003 
f 2000//2000 2002//2002 2004//2004 
f 2005//2005 2013//2013 2008//2008 
f 2005//2005 2006//2006 2014//2014 
f 2013//2013 2005//2005 2014//2014 
f 2006//2006 2009//2009 2014//2014 
f 2007//2007 2015//2015 2010//2010 
f 2007//2007 2011//2011 2015//2015 
f 2013//2013 2021//2021 2016//2016 
f 2008//2008 2013//2013 2016//2016 
f 2014//2014 2022//2022 2013//2013 
f 2022//2022 2021//2021 2013//2013 
f 2009//2009 2012//2012 2023//2023 
f 2009//2009 2023//2023 2014//2014 
f 2014//2014 2023//2023 2022//2022 
f 2012//2012 2010//2010 2015//2015 
f 2012//2012 2015//2015 2023//2023 
f 2023//2023 2015//2015 2024//2024 
f 2011//2011 2017//2017 2024//2024 
f 2015//2015 2011//2011 2024//2024 
f 2016//2016 2021//2021 2018//2018 
f 2025//2025 2018//2018 2021//2021 
f 2025//2025 2021//2021 2028//2028 
f 2028//2028 2021//2021 2022//2022 
f 2019//2019 2026//2026 2028//2028 
f 2019//2019 2028//2028 2023//2023 
f 2023//2023 2028//2028 2022//2022 
f 2020//2020 2019//2019 2023//2023 
f 2024//2024 2020//2020 2023//2023 
f 2017//2017 2020//2020 2024//2024 
f 2025//2025 2028//2028 2027//2027 
f 2026//2026 2027//2027 2028//2028 
