#  3D Slicer output. SPACE=LPS

mtllib Markers.mtl

v 80.35070037841797 -23.965681076049805 28.945947647094727
v 81.43988800048828 -24.26927375793457 29.036144256591797
v 82.4000015258789 -24.396902084350586 29.23082160949707
v 79.64469909667969 -23.277366638183594 29.03815269470215
v 80.43213653564453 -23.096864700317383 28.94507598876953
v 81.17019653320312 -23.327695846557617 28.96162986755371
v 82.07843780517578 -23.5238094329834 29.118114471435547
v 82.9149169921875 -23.71795654296875 29.399900436401367
v 79.3380355834961 -22.431058883666992 29.372989654541016
v 80.14685821533203 -22.4433536529541 29.153888702392578
v 80.96076965332031 -22.513479232788086 29.097883224487305
v 81.8053207397461 -22.646141052246094 29.210569381713867
v 82.67439270019531 -22.843124389648438 29.454648971557617
v 79.14844512939453 -21.666431427001953 29.78156089782715
v 79.89110565185547 -21.714031219482422 29.547475814819336
v 80.74779510498047 -21.781352996826172 29.449663162231445
v 81.49882507324219 -21.965150833129883 29.419551849365234
v 82.39049530029297 -21.901914596557617 29.7706356048584
v 79.06269836425781 -21.1652774810791 30.12766456604004
v 79.6186294555664 -21.123966217041016 30.018651962280273
v 80.46923828125 -21.11478614807129 29.97628402709961
v 81.54151153564453 -21.23642921447754 30.00182342529297
v 79.72084045410156 -24.6408748626709 29.122907638549805
v 80.71685028076172 -25.05239486694336 29.182281494140625
v 81.94597625732422 -25.262582778930664 29.35369110107422
v 81.28263854980469 -25.78653335571289 29.487545013427734
v 81.81328582763672 -25.838802337646484 29.52895736694336
v 79.5269775390625 -23.98654556274414 29.000268936157227
v 82.72396087646484 -24.99363136291504 29.44768524169922
v 79.1855697631836 -23.71091651916504 29.086545944213867
v 83.18856048583984 -24.537633895874023 29.594934463500977
v 78.9697265625 -24.22349739074707 29.270483016967773
v 83.0913314819336 -25.074586868286133 29.638080596923828
v 78.8147201538086 -23.291553497314453 29.396400451660156
v 83.54141998291016 -23.890995025634766 29.774391174316406
v 78.27012634277344 -23.97922134399414 29.727752685546875
v 84.00995635986328 -23.563846588134766 30.21868324279785
v 78.61429595947266 -22.32830238342285 29.80813980102539
v 83.43370819091797 -23.153179168701172 29.78587532043457
v 78.07562255859375 -23.08111000061035 30.04826545715332
v 83.94398498535156 -22.733320236206055 30.384431838989258
v 78.5821304321289 -21.508779525756836 30.239843368530273
v 83.2657699584961 -22.306739807128906 29.987316131591797
v 83.13054656982422 -21.628999710083008 30.299530029296875
v 78.04481506347656 -22.15544319152832 30.435693740844727
v 83.77131652832031 -21.876008987426758 30.683748245239258
v 78.85566711425781 -20.988279342651367 30.484289169311523
v 82.62954711914062 -21.0977783203125 30.576412200927734
v 79.28256225585938 -20.839139938354492 30.431808471679688
v 79.98986053466797 -20.61861801147461 30.653257369995117
v 81.04702758789062 -20.61838150024414 30.611303329467773
v 81.89163208007812 -20.67569351196289 30.712385177612305
v 83.37906646728516 -21.309782028198242 30.80083465576172
v 83.77416229248047 -21.383712768554688 31.16538429260254
v 79.87258911132812 -20.281917572021484 31.410865783691406
v 80.68853759765625 -20.24696922302246 31.351913452148438
v 81.62833404541016 -20.316692352294922 31.323104858398438
v 80.9300308227539 -26.308700561523438 29.980066299438477
v 81.7271499633789 -26.19257354736328 29.834718704223633
v 80.5552978515625 -25.767332077026367 29.50826072692871
v 82.23690795898438 -25.922264099121094 29.740903854370117
v 79.17167663574219 -24.99404525756836 29.441749572753906
v 79.85037994384766 -25.411373138427734 29.44344139099121
v 82.85342407226562 -25.5572509765625 29.853485107421875
v 79.07533264160156 -25.70538902282715 30.065296173095703
v 80.0804443359375 -26.010204315185547 29.84056282043457
v 82.62129211425781 -26.050518035888672 30.056856155395508
v 78.50794219970703 -24.77489471435547 29.736827850341797
v 83.44876098632812 -25.0861759185791 29.982797622680664
v 78.01660919189453 -24.46681022644043 29.993547439575195
v 83.93997192382812 -24.479961395263672 30.294296264648438
v 77.93260955810547 -25.070470809936523 30.422441482543945
v 83.81343078613281 -25.108016967773438 30.420265197753906
v 77.64571380615234 -23.95049476623535 30.40606689453125
v 84.40838623046875 -23.908885955810547 30.6807804107666
v 77.22247314453125 -24.497312545776367 31.001602172851562
v 84.76153564453125 -23.784955978393555 31.250225067138672
v 77.46282958984375 -22.852968215942383 30.9332275390625
v 84.45682525634766 -23.253488540649414 30.823944091796875
v 77.06201934814453 -23.674453735351562 31.200237274169922
v 84.81268310546875 -23.15254783630371 31.523662567138672
v 77.74310302734375 -21.876617431640625 31.196226119995117
v 84.39588165283203 -22.444995880126953 31.198875427246094
v 78.16337585449219 -21.510704040527344 30.728492736816406
v 84.76959228515625 -22.637279510498047 31.896991729736328
v 78.52005767822266 -21.104066848754883 30.731700897216797
v 84.12822723388672 -21.754514694213867 31.319149017333984
v 79.0272445678711 -20.64703941345215 31.17027473449707
v 83.33643341064453 -20.952163696289062 31.518217086791992
v 83.96945190429688 -21.40260124206543 31.68284034729004
v 78.21247100830078 -21.179363250732422 31.279508590698242
v 79.47737884521484 -20.239383697509766 31.862714767456055
v 82.46749114990234 -20.5439395904541 31.320241928100586
v 80.24681854248047 -20.070341110229492 32.22541046142578
v 81.30801391601562 -20.096479415893555 32.14775085449219
v 82.20806121826172 -20.26172637939453 32.039066314697266
v 78.95780944824219 -20.41111183166504 32.057674407958984
v 82.86590576171875 -20.50080108642578 31.964981079101562
v 78.98063659667969 -26.495084762573242 31.01556968688965
v 80.11089324951172 -26.55490493774414 30.559457778930664
v 81.05304718017578 -26.78118133544922 30.63392448425293
v 81.6913833618164 -26.62015724182129 30.422100067138672
v 82.29660034179688 -26.33676528930664 30.226778030395508
v 78.34001922607422 -25.89640235900879 30.64938735961914
v 82.93650817871094 -26.16999626159668 30.63773536682129
v 77.82868957519531 -25.730175018310547 30.938520431518555
v 83.51691436767578 -25.55491828918457 30.527982711791992
v 78.17366790771484 -26.203697204589844 31.14494514465332
v 77.38188934326172 -25.271854400634766 31.180679321289062
v 84.11287689208984 -25.153234481811523 31.110177993774414
v 76.94405364990234 -24.7817325592041 31.62749671936035
v 84.53536224365234 -24.4117488861084 31.104036331176758
v 76.84027862548828 -24.166730880737305 31.546289443969727
v 84.87720489501953 -24.20884895324707 31.682552337646484
v 76.70791625976562 -23.595754623413086 31.9893741607666
v 85.01231384277344 -23.707958221435547 31.918231964111328
v 76.9704360961914 -23.058504104614258 31.62506866455078
v 77.21141815185547 -22.363309860229492 31.96478271484375
v 85.01178741455078 -23.15105628967285 32.22134017944336
v 84.82600402832031 -22.602161407470703 32.57979965209961
v 76.80138397216797 -22.953874588012695 32.20405960083008
v 77.76152038574219 -21.491783142089844 32.058677673339844
v 84.41478729248047 -21.977214813232422 32.01893997192383
v 78.39281463623047 -20.823022842407227 32.00748825073242
v 83.88078308105469 -21.29878044128418 32.47837829589844
v 78.68228149414062 -20.538297653198242 32.75804138183594
v 83.29808807373047 -20.737411499023438 32.354217529296875
v 79.40326690673828 -20.19294548034668 32.60894012451172
v 80.02555084228516 -20.01759910583496 33.203651428222656
v 80.9771728515625 -20.00956916809082 33.15944290161133
v 81.9715347290039 -20.201566696166992 32.91965103149414
v 82.77236938476562 -20.446475982666016 32.6668586730957
v 79.91740417480469 -20.026018142700195 33.837703704833984
v 80.47631072998047 -19.930809020996094 33.77132034301758
v 78.35272216796875 -26.620132446289062 31.78573226928711
v 79.15316772460938 -26.967273712158203 31.79465103149414
v 79.91922760009766 -27.017078399658203 31.475746154785156
v 80.82516479492188 -27.057268142700195 31.259056091308594
v 81.6356201171875 -26.983186721801758 31.14366340637207
v 82.34379577636719 -26.698564529418945 30.96959114074707
v 77.6528549194336 -25.963844299316406 31.626150131225586
v 82.96446990966797 -26.60014533996582 31.644031524658203
v 83.5966796875 -25.960268020629883 31.472476959228516
v 77.80638885498047 -26.386760711669922 32.225372314453125
v 77.15929412841797 -25.387102127075195 31.83565902709961
v 84.23638916015625 -25.476497650146484 32.35783767700195
v 76.86664581298828 -24.97503089904785 32.345115661621094
v 84.66643524169922 -24.762798309326172 31.860279083251953
v 76.67610931396484 -24.299530029296875 32.14390182495117
v 84.9957504272461 -24.241174697875977 32.39579772949219
v 84.75556945800781 -24.83353042602539 32.6090202331543
v 76.55313110351562 -23.867111206054688 32.58968734741211
v 85.10598754882812 -23.64281463623047 32.52104568481445
v 76.62339782714844 -23.28009605407715 32.800960540771484
v 85.04119110107422 -23.21186637878418 32.89860153198242
v 76.89006042480469 -22.639686584472656 32.71087646484375
v 84.80081939697266 -22.747596740722656 33.33926010131836
v 77.37444305419922 -21.967239379882812 33.149532318115234
v 84.43603515625 -22.049694061279297 33.0186767578125
v 78.02887725830078 -21.086103439331055 32.84233093261719
v 83.90607452392578 -21.548301696777344 33.55213165283203
v 78.3995590209961 -20.793163299560547 33.431800842285156
v 83.35271453857422 -20.891141891479492 33.13444137573242
v 79.19171905517578 -20.35881233215332 33.62638473510742
v 81.70584106445312 -20.31004524230957 33.92576599121094
v 82.6400146484375 -20.579376220703125 33.55317306518555
v 77.93302154541016 -21.281518936157227 33.62263107299805
v 79.7207260131836 -20.205289840698242 34.287288665771484
v 80.99988555908203 -20.01317024230957 33.915836334228516
v 80.23538208007812 -20.00569725036621 34.23306655883789
v 80.67546844482422 -19.987234115600586 34.2071418762207
v 78.85816192626953 -27.049013137817383 32.525413513183594
v 79.78871154785156 -27.23721694946289 32.3243522644043
v 80.70545959472656 -27.28036117553711 32.0802116394043
v 81.43933868408203 -27.215072631835938 31.807008743286133
v 82.25846099853516 -27.03233528137207 31.9002685546875
v 78.17838287353516 -26.758991241455078 32.445491790771484
v 82.86981964111328 -26.849775314331055 32.26433181762695
v 77.81189727783203 -26.488536834716797 32.80857467651367
v 83.41211700439453 -26.42226219177246 32.683013916015625
v -68.08869171142578 -22.217103958129883 29.30373764038086
v -67.2584457397461 -22.331226348876953 29.294784545898438
v -66.40930938720703 -22.35430145263672 29.41565704345703
v -65.78333282470703 -22.33885955810547 29.607439041137695
v 82.58843994140625 -26.997102737426758 32.80540466308594
v 77.33163452148438 -25.77039337158203 32.61865997314453
v 84.02388763427734 -25.810564041137695 33.4088134765625
v 76.92800903320312 -25.070301055908203 33.06560516357422
v -68.24726867675781 -21.563255310058594 29.42338752746582
v -67.54015350341797 -21.624860763549805 29.391084671020508
v -66.72831726074219 -21.66435432434082 29.499866485595703
v -65.93775177001953 -21.73741340637207 29.738061904907227
v 83.56260681152344 -26.30879020690918 33.69474792480469
v 76.63748931884766 -24.40631103515625 32.92780685424805
v 84.54048156738281 -24.987375259399414 33.362205505371094
v 84.91294860839844 -24.477237701416016 33.03334045410156
v -67.7936782836914 -21.057809829711914 29.599821090698242
v -67.05271911621094 -21.029029846191406 29.70524024963379
v -66.24019622802734 -21.04945182800293 29.951133728027344
v 76.82566833496094 -24.703123092651367 33.54502487182617
v 76.53376007080078 -23.805683135986328 33.121219635009766
v 85.02982330322266 -23.853635787963867 33.1298828125
v 84.80858612060547 -24.30051040649414 33.56050491333008
v 76.61503601074219 -23.443988800048828 33.53879165649414
v 84.95668029785156 -23.309133529663086 33.4587287902832
v 76.83482360839844 -22.820812225341797 33.41093444824219
v 84.7132568359375 -23.058801651000977 33.87258529663086
v 76.81025695800781 -23.160675048828125 33.978843688964844
v 84.77495574951172 -23.691110610961914 33.841678619384766
v 77.17605590820312 -22.606603622436523 34.11414337158203
v 84.343017578125 -22.383840560913086 33.96427536010742
v 83.75430297851562 -21.828472137451172 34.40425491333008
v 77.75302124023438 -21.812210083007812 34.328487396240234
v 83.26478576660156 -21.158489227294922 34.038429260253906
v 78.43932342529297 -21.029008865356445 34.22954559326172
v 79.22024536132812 -20.64693832397461 34.54362869262695
v 81.56920623779297 -20.764636993408203 34.858360290527344
v 82.48141479492188 -20.900949478149414 34.44963455200195
v 78.20426940917969 -21.49769401550293 34.81940841674805
v 79.77310943603516 -20.44327735900879 34.743080139160156
v 81.07574462890625 -20.212928771972656 34.425296783447266
v 80.10015106201172 -20.189010620117188 34.585548400878906
v 80.53960418701172 -20.155616760253906 34.57448959350586
v 80.26936340332031 -20.49700355529785 34.925498962402344
v 80.84983825683594 -20.47860336303711 34.86973190307617
v -68.64031219482422 -22.744497299194336 29.412206649780273
v -67.87847137451172 -22.988460540771484 29.32320213317871
v -66.87567901611328 -23.154861450195312 29.359050750732422
v -65.99055480957031 -22.947120666503906 29.53522300720215
v 78.86105346679688 -27.068668365478516 33.27565383911133
v 79.58658599853516 -27.234521865844727 33.16519546508789
v 80.55530548095703 -27.333126068115234 32.97374725341797
v 81.60677337646484 -27.266475677490234 32.68418502807617
v -69.62125396728516 -23.757781982421875 29.905942916870117
v -68.69102478027344 -23.610713958740234 29.613725662231445
v -67.59528350830078 -23.788196563720703 29.47909927368164
v -66.84315490722656 -23.89434051513672 29.494985580444336
v -68.80487060546875 -22.064756393432617 29.47806739807129
v -65.44215393066406 -22.67984390258789 29.798015594482422
v 78.30957794189453 -26.867361068725586 33.003421783447266
v 82.13404083251953 -27.12201690673828 33.4749870300293
v 77.97390747070312 -26.58266258239746 33.338558197021484
v 82.8903579711914 -26.746822357177734 33.73646926879883
v -69.5434799194336 -22.78610610961914 29.764616012573242
v -64.92951202392578 -22.662038803100586 30.306163787841797
v 78.45125579833984 -26.785791397094727 33.67533874511719
v 79.26383209228516 -26.99652862548828 33.99951934814453
v 80.27316284179688 -27.19847869873047 33.86295700073242
v 81.29153442382812 -27.225399017333984 33.675987243652344
v -68.73185729980469 -21.429462432861328 29.601043701171875
v -65.32215118408203 -22.038673400878906 30.002254486083984
v 77.62372589111328 -26.15268325805664 33.30992889404297
v 83.3069839477539 -26.24059295654297 34.426734924316406
v -68.34520721435547 -21.091983795166016 29.629684448242188
v 83.81527709960938 -25.940038681030273 34.08103942871094
v -70.19872283935547 -21.990936279296875 30.267982482910156
v -69.32377624511719 -21.671384811401367 29.840438842773438
v -64.786376953125 -21.821796417236328 30.605005264282227
v 77.95616912841797 -26.269859313964844 33.889610290527344
v 78.6222152709961 -26.49399185180664 34.47981262207031
v -68.06404876708984 -20.701772689819336 29.877037048339844
v -65.3408432006836 -21.14691162109375 30.450899124145508
v 77.37339782714844 -25.3598575592041 33.88569641113281
v 84.11012268066406 -25.33678436279297 34.12685775756836
v -67.41798400878906 -20.53734588623047 30.00575828552246
v -66.6304931640625 -20.471904754638672 30.219144821166992
v -65.91947174072266 -20.51627540588379 30.51819610595703
v 76.9409408569336 -24.511802673339844 34.058509826660156
v -70.3982925415039 -21.10744857788086 30.806060791015625
v -69.63204193115234 -20.98846435546875 30.369972229003906
v -68.74462890625 -20.858861923217773 30.004457473754883
v -64.78102111816406 -21.2790584564209 30.819416046142578
v 78.05607604980469 -25.89192008972168 34.535789489746094
v 83.6971435546875 -25.67145347595215 34.57135772705078
v 76.65448760986328 -24.07124900817871 33.67642593383789
v 84.35832977294922 -24.360750198364258 34.24833297729492
v 76.73019409179688 -23.610097885131836 34.04917907714844
v -69.8924331665039 -20.307689666748047 30.99839210510254
v -68.96279907226562 -20.220895767211914 30.706539154052734
v -67.93580627441406 -20.1801815032959 30.47674560546875
v -67.0435562133789 -20.090932846069336 30.53528594970703
v -66.25037384033203 -19.96079444885254 30.95585823059082
v 76.87957763671875 -23.99403953552246 34.26132583618164
v 83.76073455810547 -24.951143264770508 34.850799560546875
v 77.10678100585938 -23.405141830444336 34.54329299926758
v 84.2863540649414 -23.22418785095215 34.47971725463867
v -69.20240020751953 -19.712902069091797 31.424562454223633
v -68.21055603027344 -19.63926124572754 31.325815200805664
v -67.0739517211914 -19.6401309967041 31.27379608154297
v 83.67657470703125 -23.87386131286621 35.160099029541016
v 77.65020751953125 -22.636600494384766 34.983577728271484
v 83.97991943359375 -22.448932647705078 34.66726303100586
v 77.99526977539062 -21.956480026245117 35.045169830322266
v 83.53301239013672 -22.13534164428711 34.96921920776367
v 78.32585906982422 -22.308666229248047 35.534393310546875
v 79.08062744140625 -22.383554458618164 35.93263626098633
v 82.12455749511719 -22.697511672973633 35.955204010009766
v 83.01883697509766 -23.170406341552734 35.65602111816406
v 83.62919616699219 -22.820894241333008 35.13733673095703
v 78.39246368408203 -21.699260711669922 35.241146087646484
v 83.09809112548828 -21.556594848632812 34.81520080566406
v 78.76346588134766 -21.21564292907715 34.97382354736328
v 79.64544677734375 -21.014835357666016 35.17437744140625
v 80.73329162597656 -21.094928741455078 35.33967208862305
v 81.60637664794922 -21.386119842529297 35.44972610473633
v 82.32782745361328 -21.401832580566406 35.17814636230469
v 78.98078155517578 -21.71173095703125 35.51022720336914
v 79.95162200927734 -21.886028289794922 35.812774658203125
v 81.19475555419922 -22.022241592407227 35.87790298461914
v 82.06522369384766 -21.900636672973633 35.652679443359375
v 82.88213348388672 -22.204362869262695 35.41789245605469
v -70.13292694091797 -24.196653366088867 30.320871353149414
v -69.20691680908203 -24.532506942749023 30.151029586791992
v -68.09521484375 -24.475645065307617 29.853416442871094
v -67.13365936279297 -24.433115005493164 29.743228912353516
v -68.41020202636719 -25.16992950439453 30.39695930480957
v -67.42139434814453 -25.0660400390625 30.213842391967773
v -66.42544555664062 -24.867061614990234 30.164846420288086
v -65.59672546386719 -24.850095748901367 30.45813751220703
v -70.25534057617188 -23.486745834350586 30.096952438354492
v -66.46404266357422 -24.265222549438477 29.719881057739258
v -66.2086181640625 -23.684749603271484 29.59514617919922
v -65.41716766357422 -23.44575309753418 29.97735595703125
v -70.65370178222656 -23.847021102905273 30.458215713500977
v -65.8353271484375 -24.26546859741211 29.990232467651367
v -65.16594696044922 -24.270355224609375 30.46194076538086
v -70.38321685791016 -22.851957321166992 30.148292541503906
v -64.69921112060547 -23.52106285095215 30.717952728271484
v -70.7856674194336 -22.626300811767578 30.526456832885742
v 79.9675521850586 -26.91701316833496 34.66090774536133
v 80.95745849609375 -26.97658920288086 34.56475830078125
v 82.0384750366211 -26.91346549987793 34.34819793701172
v 82.74381256103516 -26.627439498901367 34.52397918701172
v -70.80363464355469 -23.283985137939453 30.470613479614258
v -70.90889739990234 -21.961549758911133 30.922212600708008
v -64.25617980957031 -22.539892196655273 31.201942443847656
v 79.2703857421875 -26.74797821044922 34.72600555419922
v 82.82706451416016 -26.2828311920166 34.95616149902344
v 79.04244995117188 -26.442779541015625 35.07415771484375
v -63.80023956298828 -22.509246826171875 31.891857147216797
v 79.6176528930664 -26.579957962036133 35.22108459472656
v 80.4864273071289 -26.584585189819336 35.36199188232422
v 81.57646942138672 -26.555091857910156 35.24757385253906
v 82.34947204589844 -26.55681610107422 34.95851516723633
v -70.94580841064453 -21.087535858154297 31.48122215270996
v -64.44042205810547 -21.4930477142334 31.255741119384766
v 78.65592193603516 -25.914905548095703 35.22297668457031
v 83.1285629272461 -25.61199188232422 35.15324020385742
v -70.47172546386719 -20.535709381103516 31.18130874633789
v -64.79423522949219 -20.87071418762207 31.196443557739258
v 77.98583221435547 -25.193540573120117 35.004737854003906
v 79.2593994140625 -26.22203254699707 35.48090744018555
v 79.83482360839844 -26.238025665283203 35.7164421081543
v 82.29600524902344 -26.03876495361328 35.49262237548828
v -70.28079223632812 -20.175329208374023 31.300216674804688
v -65.33850860595703 -20.270065307617188 31.28432273864746
v 77.37663269042969 -24.344091415405273 34.7199592590332
v 83.16340637207031 -24.65068817138672 35.52527618408203
v -69.99244689941406 -19.84099006652832 31.63832664489746
v -65.77338409423828 -19.725353240966797 31.56541633605957
v -70.56576538085938 -20.292556762695312 31.629053115844727
v -64.79733276367188 -20.504371643066406 31.62607765197754
v 78.202392578125 -24.31258773803711 35.60986328125
v 82.39637756347656 -25.113988876342773 35.88917922973633
v -69.41075134277344 -19.45270538330078 32.009971618652344
v -66.25316619873047 -19.547618865966797 31.571826934814453
v 77.69265747070312 -23.53036880493164 35.27653884887695
v 83.03623962402344 -23.922182083129883 35.745704650878906
v -68.57893371582031 -19.276092529296875 32.19297790527344
v -67.48278045654297 -19.26811981201172 32.159324645996094
v -66.50577545166016 -19.353015899658203 32.1499137878418
v 78.03068542480469 -22.98069953918457 35.58189010620117
v 78.59514617919922 -22.97562599182129 35.9438591003418
v 81.71928405761719 -23.359853744506836 36.262359619140625
v 82.42076873779297 -23.60962677001953 36.05738067626953
v -69.86750793457031 -19.552894592285156 32.265419006347656
v -65.89324188232422 -19.49698257446289 32.03119659423828
v 78.24382781982422 -23.51156234741211 35.793846130371094
v 79.03324890136719 -23.773651123046875 36.17269515991211
v 80.0718994140625 -24.01022720336914 36.455196380615234
v 80.8370361328125 -24.266437530517578 36.500431060791016
v 81.73799133300781 -24.26317024230957 36.30165100097656
v 82.60346984863281 -24.317476272583008 35.973575592041016
v 79.21031951904297 -22.977590560913086 36.187896728515625
v 81.29438781738281 -22.819028854370117 36.217323303222656
v 79.6883316040039 -22.60096549987793 36.171142578125
v 80.4723129272461 -22.6499080657959 36.211143493652344
v 79.86762237548828 -23.236347198486328 36.34264373779297
v 80.86489868164062 -23.500469207763672 36.402931213378906
v -68.69205474853516 -25.74107551574707 31.108707427978516
v -67.70230865478516 -25.64346694946289 30.82317352294922
v -66.7801513671875 -25.49910545349121 30.707855224609375
v -65.96601104736328 -25.354293823242188 30.773221969604492
v -69.20079040527344 -25.242328643798828 30.66084861755371
v -65.40457153320312 -25.211421966552734 30.899394989013672
v -70.70011138916016 -24.328327178955078 30.922931671142578
v -69.97810363769531 -24.95185089111328 30.869794845581055
v -65.1197280883789 -24.84178924560547 30.801616668701172
v -69.49916076660156 -25.533262252807617 31.146549224853516
v -65.0756607055664 -25.137353897094727 31.22984504699707
v -71.02362823486328 -23.72760581970215 30.86077308654785
v -64.69898986816406 -24.496557235717773 31.212421417236328
v -71.289306640625 -22.990047454833984 31.169734954833984
v -64.12860870361328 -23.65031623840332 31.54674530029297
v -63.83717727661133 -23.009685516357422 31.753305435180664
v -71.69024658203125 -23.3754940032959 31.826066970825195
v -63.75735092163086 -23.44576644897461 32.03723907470703
v -71.43206024169922 -22.041893005371094 31.645570755004883
v -63.62894821166992 -22.957151412963867 32.34510040283203
v -63.67240905761719 -22.337825775146484 32.37446594238281
v 81.03092956542969 -26.232097625732422 35.83964920043945
v 81.637451171875 -26.122148513793945 35.8109130859375
v -71.76927185058594 -22.766698837280273 31.936134338378906
v -71.43215942382812 -21.397201538085938 32.279541015625
v -63.98102951049805 -21.832942962646484 32.00800704956055
v 80.40766143798828 -26.18377685546875 35.90736770629883
v 81.79866027832031 -25.64998435974121 36.052242279052734
v 79.34001159667969 -25.718536376953125 35.878013610839844
v 80.0267562866211 -25.876636505126953 36.07526779174805
v -71.80294799804688 -22.144563674926758 32.34880065917969
v -63.73483657836914 -21.968448638916016 32.72670364379883
v 80.66825103759766 -25.76966094970703 36.217002868652344
v 81.30021667480469 -25.88236427307129 36.11836624145508
v -70.95315551757812 -20.5929012298584 32.27213668823242
v -64.43252563476562 -20.922155380249023 31.99637794494629
v 78.66175842285156 -25.161165237426758 35.7251091003418
v 81.69003295898438 -25.081741333007812 36.27877426147461
v -70.40936279296875 -19.938413619995117 32.23371505737305
v -64.87814331054688 -20.257165908813477 32.128604888916016
v 78.88838195800781 -24.59736442565918 36.076988220214844
v 79.56156921386719 -24.591136932373047 36.35258102416992
v 80.3630142211914 -24.717557907104492 36.49659729003906
v 81.10760498046875 -24.845191955566406 36.46610641479492
v 79.24115753173828 -25.093109130859375 36.14256286621094
v 79.96341705322266 -25.306337356567383 36.304534912109375
v 80.67296600341797 -25.2351016998291 36.43915557861328
v 81.23065948486328 -25.437362670898438 36.33390426635742
v -70.0542221069336 -19.658416748046875 32.9023551940918
v -65.40510559082031 -19.78429412841797 32.092002868652344
v -69.24703216552734 -19.307785034179688 32.77267837524414
v -68.56243896484375 -19.106828689575195 32.87506866455078
v -67.84751892089844 -19.04407501220703 33.04801940917969
v -66.7758560180664 -19.168336868286133 33.117916107177734
v -65.79955291748047 -19.525428771972656 32.83032989501953
v -65.110107421875 -19.95236587524414 32.7587776184082
v -67.79695129394531 -18.96790313720703 33.77779769897461
v -67.24166107177734 -18.966506958007812 33.72465133666992
v -69.37542724609375 -25.939199447631836 31.857872009277344
v -68.5750732421875 -26.151817321777344 31.79452896118164
v -67.88037872314453 -26.0771541595459 31.501680374145508
v -67.02400207519531 -25.950191497802734 31.343046188354492
v -66.29729461669922 -25.760744094848633 31.23202133178711
v -65.5859146118164 -25.586732864379883 31.45100975036621
v -69.99962615966797 -25.47956657409668 31.563613891601562
v -64.92495727539062 -25.271303176879883 31.97617530822754
v -70.68867492675781 -24.948688507080078 31.81986427307129
v -65.51753997802734 -25.83006477355957 32.191165924072266
v -71.29964447021484 -23.98784828186035 31.613780975341797
v -64.29512786865234 -24.51626968383789 32.08929443359375
v -71.77023315429688 -23.757171630859375 32.33111572265625
v -63.897918701171875 -23.94308090209961 32.17910385131836
v -71.92671966552734 -23.22909927368164 32.26345443725586
v -63.700035095214844 -23.64765167236328 32.58818054199219
v -72.00208282470703 -22.777740478515625 32.561946868896484
v -63.59541702270508 -23.249488830566406 32.976341247558594
v -71.97686004638672 -22.28546142578125 32.96723175048828
v -63.59817123413086 -22.57428741455078 33.047054290771484
v -71.73509979248047 -21.716562271118164 32.84771728515625
v -63.76609802246094 -21.9221134185791 33.433372497558594
v -71.28252410888672 -21.0609130859375 33.2738037109375
v -64.03202056884766 -21.3727970123291 32.83660888671875
v -70.68453216552734 -20.18073081970215 32.97166061401367
v -70.29174041748047 -19.91650390625 33.560115814208984
v -64.57262420654297 -20.586505889892578 33.06737518310547
v -69.51239013671875 -19.572664260864258 33.80086898803711
v -68.51908874511719 -19.145307540893555 33.58917236328125
v -66.06493377685547 -19.505748748779297 33.97966003417969
v -65.21265411376953 -20.02055549621582 33.631492614746094
v -70.72877502441406 -20.395166397094727 33.75178527832031
v -67.9582290649414 -19.098838806152344 34.29365539550781
v -66.7088851928711 -19.103315353393555 33.921775817871094
v -67.42713165283203 -18.976957321166992 34.227901458740234
v -66.99703979492188 -19.012479782104492 34.21592712402344
v -69.56221008300781 -26.174213409423828 32.83254623413086
v -68.8121566772461 -26.322956085205078 32.481658935546875
v -67.98882293701172 -26.345815658569336 32.23356628417969
v -67.26829528808594 -26.24005889892578 31.955957412719727
v -66.33796691894531 -26.08790397644043 32.05327224731445
v -70.15583038330078 -25.695451736450195 32.409156799316406
v -65.809814453125 -26.08988380432129 32.694854736328125
v -70.79602813720703 -25.287389755249023 32.99669647216797
v -65.23373413085938 -25.762104034423828 32.82532501220703
v -66.34300231933594 -26.283416748046875 32.900238037109375
v -71.39723205566406 -24.469057083129883 32.692535400390625
v -64.5762939453125 -25.1507625579834 32.98283004760742
v -71.82762908935547 -23.884103775024414 32.95405960083008
v -64.01992797851562 -24.345197677612305 32.82673263549805
v -71.99935150146484 -23.356136322021484 32.774566650390625
v -63.797454833984375 -23.85767364501953 33.343902587890625
v -71.93338012695312 -23.47469139099121 33.41691970825195
v -72.05169677734375 -22.87029457092285 33.16789245605469
v -63.662742614746094 -23.18871307373047 33.6470947265625
v -71.92068481445312 -22.888134002685547 33.80179214477539
v -71.99337768554688 -22.431791305541992 33.466793060302734
v -63.68089294433594 -22.51906967163086 33.89812469482422
v -71.79322814941406 -21.894271850585938 33.442806243896484
v -63.87177658081055 -21.97781753540039 34.231178283691406
v -71.82679748535156 -22.31389808654785 33.90838623046875
v -71.47738647460938 -21.78166389465332 34.173648834228516
v -64.13379669189453 -21.323766708374023 33.79810333251953
v -70.87303161621094 -21.00364112854004 34.5406608581543
v -64.67891693115234 -20.736480712890625 34.22645950317383
v -70.17918395996094 -20.191669464111328 34.44683074951172
v -69.40668487548828 -19.87316131591797 34.770206451416016
v -68.5879898071289 -19.49091911315918 34.615753173828125
v -66.2397689819336 -19.738670349121094 34.91891098022461
v -65.4079360961914 -20.260143280029297 34.74863815307617
v -70.3378677368164 -20.704599380493164 35.193946838378906
v -64.8262939453125 -20.94013786315918 35.02457809448242
v -67.85588073730469 -19.327808380126953 34.834232330322266
v -66.62039947509766 -19.251338958740234 34.4721565246582
v -67.52731323242188 -19.121360778808594 34.63192367553711
v -67.09727478027344 -19.133358001708984 34.623435974121094
v -67.31779479980469 -19.40977668762207 35.040122985839844
v -66.79656982421875 -19.436363220214844 34.958744049072266
v -69.57778930664062 -26.304126739501953 33.51071548461914
v -69.00251770019531 -26.427059173583984 33.278324127197266
v -68.16829681396484 -26.472991943359375 33.046348571777344
v -67.17387390136719 -26.392845153808594 32.76170349121094
v -70.12621307373047 -25.91351890563965 33.590057373046875
v -66.69902038574219 -26.359630584716797 33.46583938598633
v -70.75387573242188 -25.40313148498535 33.88037872314453
v -65.87934112548828 -26.10948944091797 33.47706985473633
v -65.0833511352539 -25.684478759765625 33.600563049316406
v -69.69779205322266 -26.246850967407227 33.89561080932617
v -69.21829223632812 -26.374418258666992 33.96681213378906
v -68.42640686035156 -26.46544075012207 33.862239837646484
v -67.5010757446289 -26.447322845458984 33.678619384765625
v -71.21495056152344 -24.86201286315918 33.67271423339844
v -64.66329956054688 -25.321247100830078 33.68929672241211
v -64.34246063232422 -24.722530364990234 33.88182830810547
v -70.9540786743164 -25.075136184692383 34.363258361816406
v -64.93830108642578 -25.44572639465332 34.21864318847656
v -71.63715362548828 -24.1519775390625 33.57451629638672
v -63.95744705200195 -23.828475952148438 34.177772521972656
v -64.37621307373047 -24.334716796875 34.71329879760742
v -71.68706512451172 -23.550914764404297 34.168216705322266
v -63.83850860595703 -23.052148818969727 34.4107666015625
v -64.2052993774414 -23.606990814208984 34.95090866088867
v -71.565673828125 -22.694137573242188 34.56532287597656
v -63.828609466552734 -22.46225357055664 34.509788513183594
v -63.97068405151367 -22.160438537597656 34.714839935302734
v -64.17526245117188 -22.63364028930664 35.107337951660156
v -71.0855484008789 -21.96497917175293 35.19926071166992
v -64.31061553955078 -21.624183654785156 34.8260498046875
v -70.56013488769531 -21.3482666015625 35.613094329833984
v -64.7828369140625 -21.40231704711914 35.46943283081055
v -70.77030181884766 -21.869985580444336 35.78911590576172
v -64.61158752441406 -22.04999542236328 35.60997772216797
v -70.08786010742188 -20.89887046813965 35.77073287963867
v -65.26386260986328 -20.902589797973633 35.53475570678711
v -69.70199584960938 -20.40224266052246 35.43446731567383
v -68.84112548828125 -20.072864532470703 35.447696685791016
v -67.86103820800781 -19.848360061645508 35.428680419921875
v -66.82433319091797 -19.965879440307617 35.50230026245117
v -65.9428939819336 -20.39310646057129 35.534793853759766
v -69.66155242919922 -20.86286735534668 36.05949401855469
v -69.63005828857422 -26.082426071166992 34.47662353515625
v -68.68282318115234 -26.257654190063477 34.6917610168457
v -67.81645965576172 -26.361358642578125 34.405059814453125
v -66.71827697753906 -26.180744171142578 34.40517044067383
v -65.59314727783203 -25.862648010253906 34.2833366394043
v -70.31417846679688 -25.497167587280273 34.714515686035156
v -65.31358337402344 -25.58938217163086 34.68483352661133
v -70.8307876586914 -24.87127113342285 34.92936325073242
v -65.01963806152344 -25.046186447143555 34.97859191894531
v -69.75080871582031 -25.80449676513672 35.05075454711914
v -69.22213745117188 -25.93643569946289 35.22333526611328
v -66.79459381103516 -25.9208927154541 35.314998626708984
v -65.91887664794922 -25.692014694213867 35.08197784423828
v -71.2940444946289 -24.384347915649414 34.47113037109375
v -64.7250747680664 -24.21219253540039 35.40804672241211
v -70.90765380859375 -24.2435302734375 35.337467193603516
v -65.26274108886719 -24.661869049072266 35.74905776977539
v -71.31710052490234 -23.561433792114258 35.004459381103516
v -64.6136474609375 -23.381742477416992 35.6463623046875
v -70.89750671386719 -23.493610382080078 35.732601165771484
v -65.27635955810547 -23.943267822265625 36.11165237426758
v -71.14376831054688 -22.853242874145508 35.45393753051758
v -64.62208557128906 -22.699556350708008 35.78602600097656
v -70.76486206054688 -22.426523208618164 35.95700454711914
v -64.96115112304688 -22.360515594482422 36.06894302368164
v -70.86213684082031 -22.984439849853516 35.92191696166992
v -65.88695526123047 -23.303966522216797 36.598628997802734
v -65.09379577636719 -23.028966903686523 36.173240661621094
v -70.44783782958984 -21.875516891479492 36.16289520263672
v -65.22271728515625 -21.648719787597656 36.0013427734375
v -69.92923736572266 -21.45793342590332 36.305110931396484
v -70.12903594970703 -21.943130493164062 36.47286605834961
v -67.68812561035156 -21.924638748168945 36.8507080078125
v -66.56560516357422 -22.3889102935791 36.751007080078125
v -65.57376098632812 -22.38177490234375 36.40882110595703
v -69.30998229980469 -21.15567398071289 36.42244338989258
v -65.7330093383789 -21.02145767211914 35.98921585083008
v -69.07926177978516 -20.663654327392578 36.071510314941406
v -68.24319458007812 -20.53388214111328 36.09636306762695
v -67.32989501953125 -20.549196243286133 36.10368728637695
v -66.43556213378906 -20.769893646240234 36.08827590942383
v -68.5491714477539 -21.266860961914062 36.59467315673828
v -67.7433090209961 -21.091115951538086 36.519378662109375
v -66.94108581542969 -21.354867935180664 36.535308837890625
v -66.03507995605469 -21.571796417236328 36.380680084228516
v -67.69094848632812 -26.078298568725586 35.19974136352539
v -68.52452087402344 -25.97642707824707 35.43042755126953
v -67.21696472167969 -25.743125915527344 35.78444290161133
v -69.60743713378906 -25.398420333862305 35.600563049316406
v -68.85832977294922 -25.654815673828125 35.770023345947266
v -66.49645233154297 -25.543699264526367 35.80156707763672
v -65.76164245605469 -25.177082061767578 35.73359298706055
v -68.0154037475586 -25.599750518798828 35.965423583984375
v -70.34382629394531 -24.8300838470459 35.52567672729492
v -65.81121826171875 -24.63803482055664 36.22154998779297
v -69.67512512207031 -24.57085418701172 36.187252044677734
v -68.74809265136719 -25.024343490600586 36.28777313232422
v -67.86582946777344 -25.038414001464844 36.48098373413086
v -67.10877990722656 -25.232946395874023 36.29311752319336
v -66.31849670410156 -25.08627700805664 36.199851989746094
v -70.38453674316406 -24.03875160217285 36.00642776489258
v -65.9475326538086 -24.095813751220703 36.534732818603516
v -66.42415618896484 -23.857175827026367 36.78285217285156
v -69.76123046875 -23.717260360717773 36.538543701171875
v -68.97205352783203 -24.119808197021484 36.68922424316406
v -68.07928466796875 -24.402814865112305 36.75698471069336
v -67.35971069335938 -24.669063568115234 36.688358306884766
v -66.57067108154297 -24.54279899597168 36.59433364868164
v -70.42565155029297 -23.14631462097168 36.265316009521484
v -66.671142578125 -23.291187286376953 36.8890266418457
v -70.24861145019531 -22.39326286315918 36.45066452026367
v -68.17372131347656 -22.56875991821289 37.0240364074707
v -67.41654205322266 -22.922771453857422 36.987857818603516
v -69.74880981445312 -22.897384643554688 36.70674133300781
v -69.16767883300781 -23.366724014282227 36.858829498291016
v -68.28832244873047 -23.427398681640625 36.97020721435547
v -67.23712921142578 -23.901836395263672 36.89680480957031
v -69.7347183227539 -22.15190315246582 36.67930221557617
v -68.52054595947266 -22.0004940032959 36.9141960144043
v -69.19146728515625 -21.743221282958984 36.723175048828125
v -68.986083984375 -22.589109420776367 36.93032455444336
v -17.434001922607422 -73.60600280761719 42.8975715637207
v -19.349760055541992 -72.6617431640625 42.84745407104492
v -18.260414123535156 -72.92762756347656 42.7911491394043
v -17.413480758666992 -72.75981903076172 42.95669174194336
v -16.801050186157227 -73.05073547363281 43.17770004272461
v -20.120336532592773 -72.10052490234375 43.20457458496094
v -19.36709976196289 -71.82907104492188 43.053836822509766
v -18.625625610351562 -72.01433563232422 42.950523376464844
v -17.760440826416016 -72.09293365478516 43.05247116088867
v -16.945695877075195 -72.22980499267578 43.34114456176758
v -19.752544403076172 -71.23517608642578 43.433128356933594
v -18.861801147460938 -71.28672790527344 43.28628158569336
v -18.122962951660156 -71.4633560180664 43.242523193359375
v -17.30742835998535 -71.37382507324219 43.60038375854492
v -19.814983367919922 -70.66419982910156 43.841552734375
v -19.12993812561035 -70.66607666015625 43.79093933105469
v -18.115903854370117 -70.7869873046875 43.77534866333008
v -17.747385025024414 -74.49982452392578 42.94044494628906
v -19.64861297607422 -75.07360076904297 43.201595306396484
v -18.784597396850586 -75.33016967773438 43.18104934692383
v -18.19806671142578 -75.09652709960938 43.069114685058594
v -18.23931121826172 -73.84163665771484 42.76003646850586
v -17.10463523864746 -74.2555923461914 43.03464126586914
v -19.764204025268555 -73.37388610839844 42.843536376953125
v -19.028989791870117 -73.5855712890625 42.74858474731445
v -16.672222137451172 -73.89664459228516 43.26280212402344
v -20.38626480102539 -74.51310729980469 43.20439529418945
v -19.706008911132812 -74.12918853759766 42.92036437988281
v -18.766443252563477 -74.53267669677734 42.886173248291016
v -16.792612075805664 -74.4283447265625 43.2476806640625
v -20.105546951293945 -72.885986328125 42.987361907958984
v -16.302188873291016 -73.30889892578125 43.49061965942383
v -20.61720848083496 -72.7431411743164 43.3121452331543
v -20.45694923400879 -73.59038543701172 43.15971755981445
v -15.91348934173584 -73.18278503417969 43.96208190917969
v -20.91183090209961 -72.05406951904297 43.79767990112305
v -16.299877166748047 -72.62440490722656 43.65116882324219
v -20.426448822021484 -71.47911834716797 43.58487319946289
v -15.844595909118652 -72.48334503173828 44.27244567871094
v -20.30964469909668 -70.933837890625 43.84832763671875
v -16.33921241760254 -71.72970581054688 44.13412857055664
v -16.805219650268555 -70.99781799316406 44.192962646484375
v -20.778730392456055 -71.28656768798828 44.024574279785156
v -15.814912796020508 -72.01744842529297 44.55552673339844
v -20.141820907592773 -70.50401306152344 44.19799041748047
v -17.319042205810547 -70.73756408691406 44.03539276123047
v -19.55979347229004 -70.27255249023438 44.30805587768555
v -18.579795837402344 -70.1039810180664 44.555908203125
v -17.598806381225586 -70.3308334350586 44.45383834838867
v -20.645408630371094 -70.76421356201172 44.4458122253418
v -16.973936080932617 -70.5791244506836 44.502017974853516
v -18.807613372802734 -69.74269104003906 45.216983795166016
v 35.41543960571289 -70.01438903808594 47.08480453491211
v 36.46345901489258 -70.2383041381836 47.050331115722656
v 37.39799880981445 -70.33255767822266 47.1474609375
v 38.05459213256836 -70.35533142089844 47.336578369140625
v 34.72108459472656 -69.360595703125 47.25542449951172
v 35.499515533447266 -69.11653137207031 47.10500717163086
v 36.216102600097656 -69.30437469482422 47.07102584838867
v 37.09324264526367 -69.45197296142578 47.17892074584961
v 37.89592361450195 -69.62339782714844 47.420806884765625
v 34.4049186706543 -68.52680206298828 47.62076950073242
v 35.21791076660156 -68.47425079345703 47.34221267700195
v 36.01654052734375 -68.4946517944336 47.252933502197266
v 36.8254280090332 -68.57262420654297 47.356903076171875
v 37.656333923339844 -68.703125 47.639766693115234
v 34.22700500488281 -67.77655029296875 48.00065994262695
v 34.954891204833984 -67.76310729980469 47.73442077636719
v 35.78923034667969 -67.776611328125 47.62389373779297
v 36.51457595825195 -67.90950012207031 47.5928955078125
v 37.31465530395508 -67.76142883300781 47.976375579833984
v 34.68021011352539 -67.21466827392578 48.15836715698242
v 35.469425201416016 -67.14835357666016 48.14235305786133
v 36.489383697509766 -67.18633270263672 48.19032669067383
v -20.178865432739258 -75.66156768798828 43.70686721801758
v -19.129379272460938 -76.05501556396484 43.70201110839844
v -18.20476531982422 -75.70812225341797 43.45555877685547
v -18.78974723815918 -76.6991958618164 44.117977142333984
v -20.422813415527344 -75.07074737548828 43.38623046875
v -17.58966636657715 -75.236083984375 43.29130554199219
v -20.750123977661133 -74.7866439819336 43.422306060791016
v -17.08475685119629 -74.7647476196289 43.24161148071289
v -20.917810440063477 -75.16278839111328 43.78451156616211
v -17.043649673461914 -75.28069305419922 43.62530517578125
v -21.048446655273438 -74.29784393310547 43.61353302001953
v -16.513694763183594 -74.72106170654297 43.75502014160156
v -16.110673904418945 -73.8828125 43.79704666137695
v -21.504793167114258 -74.78269958496094 44.175498962402344
v -21.212677001953125 -73.16031646728516 43.80033493041992
v -15.74267578125 -73.75990295410156 44.3172492980957
v -21.6661376953125 -73.98021697998047 44.235443115234375
v -21.495712280273438 -72.39575958251953 44.35641860961914
v -15.586538314819336 -73.19888305664062 44.64448165893555
v -21.82457733154297 -73.14484405517578 44.58881759643555
v -21.29754638671875 -71.46370697021484 44.78151321411133
v -15.541651725769043 -72.43760681152344 45.05504608154297
v -15.833213806152344 -71.6688003540039 44.973236083984375
v -21.873388290405273 -72.33553314208984 45.090240478515625
v -20.84554100036621 -70.57898712158203 45.30050277709961
v -16.3622989654541 -70.95148468017578 45.012596130371094
v -20.149585723876953 -70.20413208007812 44.87212371826172
v -19.367685317993164 -69.89685821533203 44.9694938659668
v -17.763267517089844 -69.96256256103516 45.10636901855469
v -17.051733016967773 -70.29716491699219 45.087581634521484
v -15.850988388061523 -71.35437774658203 45.47441864013672
v -19.185237884521484 -69.67882537841797 45.56003189086914
v -18.31440544128418 -69.7662582397461 45.2672233581543
v -18.56547737121582 -69.65412139892578 45.920833587646484
v 34.80867385864258 -70.76689910888672 47.3121337890625
v 35.80158233642578 -71.1498031616211 47.24683380126953
v 36.90054702758789 -71.12031555175781 47.169986724853516
v 37.87348937988281 -71.15692901611328 47.349613189697266
v -20.376564025878906 -70.09113311767578 45.646541595458984
v -19.779817581176758 -69.82667541503906 45.58023452758789
v -17.917217254638672 -69.76779174804688 45.707298278808594
v -17.306814193725586 -70.00736236572266 45.78745651245117
v 36.52467727661133 -71.88260650634766 47.39455795288086
v 37.332366943359375 -71.81066131591797 47.395790100097656
v 37.83163070678711 -71.77934265136719 47.460838317871094
v 34.62907791137695 -70.11453247070312 47.200382232666016
v 38.42522430419922 -70.65853881835938 47.55972671508789
v 34.217655181884766 -69.9278335571289 47.37375259399414
v 34.265377044677734 -70.44245910644531 47.395233154296875
v 38.892330169677734 -70.53084564208984 48.08456039428711
v 33.9525146484375 -69.40193939208984 47.66596984863281
v 38.50267028808594 -69.96734619140625 47.72264862060547
v 39.002777099609375 -69.67176055908203 48.40285873413086
v 33.56614303588867 -68.5923843383789 48.19609069824219
v 38.46684646606445 -68.9896469116211 48.1007194519043
v 33.03348922729492 -69.17242431640625 48.56015396118164
v 39.00667953491211 -68.93681335449219 48.731849670410156
v 33.75801467895508 -67.6522216796875 48.43284225463867
v 38.10921096801758 -68.01581573486328 48.335609436035156
v 34.17940139770508 -67.28018951416016 48.28492736816406
v 37.86710739135742 -67.36688995361328 48.54922103881836
v 34.38056564331055 -66.98490905761719 48.52759552001953
v 37.4172248840332 -66.9737548828125 48.690391540527344
v 34.94646453857422 -66.79464721679688 48.68577194213867
v 35.90099334716797 -66.59638977050781 48.901119232177734
v 36.77646255493164 -66.63550567626953 48.891944885253906
v 33.98999786376953 -67.16747283935547 48.6352653503418
v 37.91876983642578 -67.05943298339844 48.878875732421875
v 35.857749938964844 -66.25079345703125 49.68202590942383
v 36.559513092041016 -66.32852935791016 49.53817367553711
v -18.965824127197266 -77.10198974609375 44.56159973144531
v -19.278099060058594 -76.71198272705078 44.176448822021484
v -18.45905303955078 -76.93146514892578 44.39860534667969
v -20.775165557861328 -75.90104675292969 44.316768646240234
v -19.950946807861328 -76.46198272705078 44.28973388671875
v -18.188339233398438 -76.42789459228516 44.07004165649414
v -17.494712829589844 -75.84443664550781 43.85464096069336
v -19.531009674072266 -76.97420501708984 44.5423469543457
v -18.04616928100586 -76.90603637695312 44.62834930419922
v -21.32482147216797 -75.4099349975586 44.35093307495117
v -16.8065128326416 -75.64932250976562 44.29109573364258
v -21.73660659790039 -75.15907287597656 44.782161712646484
v -21.88966941833496 -74.53065490722656 44.63039016723633
v -16.182392120361328 -75.23352813720703 44.66315841674805
v -15.907968521118164 -74.44693756103516 44.388946533203125
v -15.779234886169434 -74.87075805664062 45.009254455566406
v -22.065322875976562 -73.93289184570312 44.935245513916016
v -15.562623977661133 -74.12950134277344 45.05276107788086
v -22.173978805541992 -73.17679595947266 45.40861511230469
v -15.38064193725586 -73.35639953613281 45.48242950439453
v -22.163713455200195 -72.38780212402344 46.03846740722656
v -15.3460693359375 -72.73950958251953 45.86589050292969
v -21.82172203063965 -71.71131134033203 45.610511779785156
v -21.44860076904297 -71.0496826171875 46.01564407348633
v -15.557791709899902 -71.93131256103516 45.846439361572266
v -15.972338676452637 -71.15697479248047 46.1580696105957
v 36.36568069458008 -72.37972259521484 47.64804458618164
v 36.993289947509766 -72.48286437988281 47.76705551147461
v 37.764339447021484 -72.21685028076172 47.74171829223633
v -21.93661117553711 -71.63899993896484 46.280452728271484
v 36.18517303466797 -72.84550476074219 48.08473587036133
v 37.0149040222168 -73.0400161743164 48.23707580566406
v -20.776592254638672 -70.34881591796875 46.273109436035156
v -16.623207092285156 -70.4672622680664 45.881160736083984
v 35.81389617919922 -72.12394714355469 47.610042572021484
v 38.21693801879883 -71.77948760986328 47.70478439331055
v -20.06245231628418 -69.89318084716797 46.354286193847656
v -19.315763473510742 -69.6633071899414 46.26115036010742
v -18.677228927612305 -69.65742492675781 46.994598388671875
v -17.768733978271484 -69.86317443847656 46.55529022216797
v -16.995590209960938 -70.19439697265625 46.47719955444336
v 34.181602478027344 -71.02423858642578 47.72762680053711
v 34.907772064208984 -71.71382904052734 47.69620895385742
v 38.57374572753906 -71.21586608886719 47.7977294921875
v 35.295135498046875 -72.52208709716797 47.997318267822266
v 38.66329574584961 -71.76129913330078 48.13605880737305
v 33.836402893066406 -70.28089904785156 47.741249084472656
v 39.04768371582031 -71.25174713134766 48.486385345458984
v -18.971935272216797 -69.60124969482422 47.57741165161133
v 33.322349548339844 -69.78450775146484 48.23899841308594
v 39.45951843261719 -70.3726577758789 49.05143737792969
v 32.8770866394043 -69.7256088256836 48.74230194091797
v 32.99152374267578 -70.32313537597656 48.71012878417969
v 39.86885070800781 -70.30585479736328 49.737510681152344
v 32.744197845458984 -69.21450805664062 49.13416290283203
v 39.35810089111328 -69.32746124267578 49.17218780517578
v 33.027496337890625 -68.6697769165039 48.729713439941406
v 39.182533264160156 -68.659423828125 49.27864456176758
v 33.258358001708984 -68.07864379882812 48.80241012573242
v 38.753719329833984 -68.22001647949219 48.996883392333984
v 32.88872146606445 -68.50144958496094 49.18396759033203
v 39.107608795166016 -68.24810028076172 49.694061279296875
v 33.59242248535156 -67.44189453125 49.034637451171875
v 38.266841888427734 -67.38301849365234 49.124942779541016
v 34.220333099365234 -66.89778137207031 49.18768310546875
v 35.07188415527344 -66.44506072998047 49.5676383972168
v 37.85568618774414 -66.83806610107422 49.30696105957031
v 33.09313201904297 -67.97638702392578 49.5214729309082
v 35.48262405395508 -66.1852035522461 50.17404556274414
v 37.28828430175781 -66.5281753540039 49.383277893066406
v 36.21830749511719 -66.16921997070312 50.42618179321289
v 37.102760314941406 -66.34778594970703 50.15552520751953
v 34.935768127441406 -66.31016540527344 50.358985900878906
v 37.680908203125 -66.58919525146484 49.898380279541016
v -19.433773040771484 -77.32769012451172 45.09535598754883
v -18.8773193359375 -77.41706085205078 45.08961868286133
v -18.43739128112793 -77.23395538330078 44.8801155090332
v -19.94336700439453 -76.9758529663086 44.87656021118164
v -17.915952682495117 -77.1474609375 45.257286071777344
v -20.601938247680664 -76.5811996459961 45.14810562133789
v -17.423622131347656 -76.48370361328125 44.73600387573242
v -21.330427169799805 -75.84356689453125 44.97734069824219
v -16.555253982543945 -76.0605697631836 45.352142333984375
v -21.81511878967285 -75.46765899658203 45.57072830200195
v -15.970847129821777 -75.42790222167969 45.35863494873047
v -22.073850631713867 -74.69867706298828 45.25733184814453
v -15.671453475952148 -74.97258758544922 45.69205856323242
v -22.277694702148438 -74.04993438720703 45.73358917236328
v -15.43719482421875 -74.25684356689453 46.026187896728516
v -22.356279373168945 -73.3407211303711 46.257530212402344
v -15.319417953491211 -73.46785736083984 46.373313903808594
v -22.327648162841797 -72.79602813720703 46.77323913574219
v -15.368718147277832 -72.65875244140625 46.62551498413086
v 35.91429901123047 -73.40778350830078 48.829193115234375
v 36.76267623901367 -73.39329528808594 48.64413070678711
v -22.09710693359375 -72.05607604980469 47.000064849853516
v -15.590132713317871 -71.88272094726562 46.85614013671875
v 35.438716888427734 -72.97217559814453 48.3511848449707
v 37.34566116333008 -73.30908966064453 48.5966796875
v -21.755393981933594 -71.33702850341797 46.81906509399414
v -15.935039520263672 -71.3057632446289 47.218658447265625
v 35.03852462768555 -72.78253936767578 48.30009841918945
v 37.68265914916992 -72.85528564453125 48.31809997558594
v 38.305545806884766 -72.31044006347656 48.24140167236328
v 34.9669075012207 -73.0170669555664 48.76845932006836
v 37.749813079833984 -73.30687713623047 48.88362503051758
v -21.189428329467773 -70.80412292480469 47.196136474609375
v -16.440813064575195 -70.68563079833984 46.82613754272461
v 34.677757263183594 -72.40380096435547 48.27256393432617
v 38.85636901855469 -72.05186462402344 48.82097244262695
v -20.360017776489258 -70.16643524169922 47.209354400634766
v -19.498294830322266 -69.75040435791016 47.214805603027344
v -18.025121688842773 -69.97295379638672 47.65675735473633
v -17.1125431060791 -70.34864807128906 47.30051803588867
v 34.19321060180664 -71.74305725097656 48.173988342285156
v 34.056453704833984 -72.346923828125 49.004173278808594
v -19.197227478027344 -69.7170181274414 47.919715881347656
v -18.611515045166016 -69.65349578857422 47.683074951171875
v 33.51723098754883 -71.02440643310547 48.44831848144531
v 39.43347930908203 -71.42416381835938 49.4474983215332
v -18.851802825927734 -69.62344360351562 47.92903137207031
v 32.9613037109375 -70.85589599609375 49.06039047241211
v 39.80199432373047 -70.76940155029297 49.66413116455078
v 33.24159240722656 -71.60694885253906 49.33872604370117
v 32.69635009765625 -70.16826629638672 49.28749465942383
v 40.0064811706543 -70.57788848876953 50.13221740722656
v 39.98427963256836 -70.133056640625 50.157493591308594
v 32.55506896972656 -69.62644958496094 49.77400588989258
v 39.733863830566406 -69.69889831542969 49.87035369873047
v 39.92606735229492 -69.8262710571289 50.49014663696289
v 32.6944465637207 -68.80558776855469 49.918861389160156
v 39.41850280761719 -68.79412841796875 49.98274230957031
v 39.16637420654297 -68.16062927246094 50.29261016845703
v 32.99861145019531 -68.05870056152344 50.476905822753906
v 38.75087356567383 -67.68679809570312 50.006011962890625
v 33.553924560546875 -67.34070587158203 49.90911102294922
v 34.25577163696289 -66.71820831298828 50.29486846923828
v 38.978492736816406 -67.87675476074219 50.783145904541016
v 34.64516067504883 -66.43885040283203 50.90583801269531
v 38.171409606933594 -67.01019287109375 50.02391815185547
v 35.372737884521484 -66.21568298339844 50.99068069458008
v 36.13865280151367 -66.14710998535156 51.48168182373047
v 36.919097900390625 -66.35185241699219 51.088993072509766
v 37.69088363647461 -66.66991424560547 50.67686462402344
v 34.1639289855957 -66.781494140625 51.20573806762695
v 35.99568176269531 -66.06212615966797 51.91522216796875
v -19.504724502563477 -77.55876922607422 45.79413986206055
v -19.065933227539062 -77.57247161865234 45.514488220214844
v -18.507341384887695 -77.51062774658203 45.55979537963867
v -20.023799896240234 -77.22032928466797 45.551177978515625
v -17.988265991210938 -77.39862060546875 45.92802047729492
v -20.506132125854492 -76.99349212646484 46.35435104370117
v -17.317737579345703 -76.93421173095703 45.906089782714844
v -19.890880584716797 -77.45140075683594 46.19779586791992
v -18.396785736083984 -77.6068115234375 46.20270919799805
v -21.284992218017578 -76.23233795166016 45.95272445678711
v -16.602508544921875 -76.51018524169922 46.44268035888672
v -21.811546325683594 -75.68516540527344 46.52849197387695
v -16.05593490600586 -75.7701187133789 46.12007522583008
v -22.158903121948242 -74.8947982788086 46.09516143798828
v -15.71402359008789 -75.1612548828125 46.60391616821289
v -22.3391056060791 -74.2141342163086 46.596553802490234
v -15.486763954162598 -74.34087371826172 46.95736312866211
v -22.370254516601562 -73.52399444580078 47.08639907836914
v -15.425314903259277 -73.46312713623047 47.257198333740234
v -22.252567291259766 -72.856201171875 47.5130729675293
v -15.5095796585083 -72.60649108886719 47.49228286743164
v 35.366764068603516 -73.59965515136719 49.4694938659668
v 36.106048583984375 -73.802978515625 49.45943832397461
v 36.69422912597656 -73.73802947998047 49.2379035949707
v 37.32270050048828 -73.59214782714844 49.06504821777344
v -21.972370147705078 -72.27580261230469 47.95591354370117
v -15.717466354370117 -71.89234924316406 47.68681716918945
v 34.64411163330078 -73.17613983154297 49.418548583984375
v 37.82884979248047 -73.51600646972656 49.477691650390625
v -21.71250343322754 -71.51596069335938 47.62333679199219
v -15.94940185546875 -71.47247314453125 47.79478073120117
v 34.23725128173828 -73.03987121582031 50.07687759399414
v 38.295021057128906 -72.88760375976562 49.09122848510742
v -21.611488342285156 -71.84710693359375 48.36636734008789
v -16.041719436645508 -71.79702758789062 48.28455352783203
v 34.88331604003906 -73.52964782714844 49.91437911987305
v -21.185108184814453 -71.1992416381836 48.30465316772461
v -16.419105529785156 -71.0622787475586 47.8076286315918
v 33.56032943725586 -72.32615661621094 49.855133056640625
v 38.95446014404297 -72.39897155761719 49.82353973388672
v -20.592613220214844 -70.57382202148438 48.06938171386719
v -19.732376098632812 -70.11974334716797 48.0741081237793
v -18.2782039642334 -70.26528930664062 48.42306900024414
v -17.32853126525879 -70.73644256591797 48.30881118774414
v 33.07167434692383 -71.79443359375 50.16618728637695
v -16.601465225219727 -71.45592498779297 48.611778259277344
v -19.146900177001953 -69.94145965576172 48.320228576660156
v -18.569067001342773 -69.7975082397461 48.090965270996094
v 32.788883209228516 -71.02297973632812 49.71799087524414
v 39.50566864013672 -71.79581451416016 50.41429901123047
v -18.912729263305664 -69.73573303222656 48.17930221557617
v 39.85466766357422 -71.12408447265625 50.1507453918457
v -18.79032325744629 -69.98107147216797 48.410091400146484
v 32.55558776855469 -70.35858154296875 50.11616134643555
v 40.027809143066406 -70.81011962890625 50.56011199951172
v 32.5129280090332 -69.62923431396484 50.539085388183594
v 40.03681564331055 -70.30671691894531 50.674041748046875
v 39.866756439208984 -69.80413055419922 51.09132385253906
v 32.64596176147461 -68.87342071533203 50.95928955078125
v 39.68074035644531 -69.27635955810547 50.69344711303711
v 32.94158172607422 -68.27226257324219 51.51591110229492
v 39.316925048828125 -68.48735809326172 50.967594146728516
v 33.53708267211914 -67.40059661865234 51.11029052734375
v 38.97490692138672 -67.97914123535156 51.37931823730469
v 39.15778350830078 -68.43006896972656 51.744930267333984
v 33.961429595947266 -67.14092254638672 51.982662200927734
v 38.42280197143555 -67.38117980957031 51.14466857910156
v 34.721439361572266 -66.59040832519531 51.74847412109375
v 35.616294860839844 -66.27857971191406 51.921836853027344
v 36.64496612548828 -66.44356536865234 52.05686569213867
v 37.553977966308594 -66.84688568115234 51.69125747680664
v 35.97895431518555 -66.14993286132812 52.13108444213867
v 36.20852279663086 -66.09521484375 51.94547653198242
v 36.08549880981445 -66.04236602783203 52.04965591430664
v 36.19179916381836 -66.18302917480469 52.16134262084961
v -18.967985153198242 -77.67771911621094 46.122161865234375
v -19.473316192626953 -77.6387710571289 46.36376953125
v -18.629972457885742 -77.63664245605469 46.65953063964844
v -20.40401268005371 -77.05430603027344 47.4708137512207
v -19.720090866088867 -77.4368667602539 46.94474411010742
v -17.947235107421875 -77.39825439453125 46.67768096923828
v -17.12770652770996 -77.00922393798828 46.885780334472656
v -19.121091842651367 -77.64867401123047 46.727943420410156
v -21.193349838256836 -76.4260025024414 47.24992370605469
v -16.665706634521484 -76.69965362548828 47.04764938354492
v -21.79270362854004 -75.6934585571289 47.35203552246094
v -16.27629852294922 -76.12449645996094 47.195579528808594
v -20.757226943969727 -76.79781341552734 47.865543365478516
v -16.895458221435547 -76.8076171875 47.50374984741211
v -22.131500244140625 -75.03827667236328 46.98301315307617
v -15.847190856933594 -75.20173645019531 47.519344329833984
v -21.946487426757812 -75.1312484741211 47.84033966064453
v -16.261476516723633 -75.81370544433594 47.98386764526367
v -22.248273849487305 -74.34881591796875 47.4613151550293
v -15.696255683898926 -74.30559539794922 47.83649444580078
v -22.010290145874023 -74.40890502929688 48.280311584472656
v -16.129756927490234 -75.10775756835938 48.317832946777344
v -22.223615646362305 -73.6447982788086 47.898155212402344
v -15.701990127563477 -73.34380340576172 48.10020446777344
v -21.954437255859375 -73.71239471435547 48.61874771118164
v -16.09604263305664 -74.14763641357422 48.63465881347656
v -22.0562686920166 -73.03782653808594 48.29445266723633
v -15.783477783203125 -72.48095703125 48.22907257080078
v -21.642919540405273 -72.64492797851562 48.7974967956543
v -16.01679229736328 -72.32589721679688 48.622955322265625
v 35.93280029296875 -73.92544555664062 49.96472930908203
v 36.65070724487305 -73.93521118164062 49.861297607421875
v 37.301734924316406 -73.8072509765625 49.65707778930664
v -21.84966468811035 -73.23719024658203 48.792030334472656
v -16.211355209350586 -72.98231506347656 48.88460922241211
v -21.172990798950195 -71.89636993408203 48.970436096191406
v -16.341781616210938 -72.09319305419922 48.85965347290039
v 35.362606048583984 -73.80538940429688 50.07642364501953
v 37.726417541503906 -73.70343780517578 49.94821548461914
v -16.69219398498535 -71.80342864990234 49.02724075317383
v 34.33384704589844 -73.22321319580078 51.043880462646484
v 35.053775787353516 -73.63580322265625 50.61389923095703
v 38.21826171875 -73.30553436279297 50.27284622192383
v -20.470823287963867 -71.82424926757812 49.4658088684082
v -16.906234741210938 -72.30852508544922 49.35261535644531
v 35.74241256713867 -73.91926574707031 50.46400451660156
v 36.44027328491211 -73.97307586669922 50.48589324951172
v 37.328346252441406 -73.83352661132812 50.36529541015625
v -20.844837188720703 -71.33586120605469 48.96284866333008
v -17.16117286682129 -71.4692611694336 49.02338409423828
v 33.58991622924805 -72.53889465332031 50.83116149902344
v 38.941612243652344 -72.59130859375 50.98987579345703
v -20.677852630615234 -70.92149353027344 48.686492919921875
v -20.062885284423828 -70.7013168334961 48.738155364990234
v -19.047822952270508 -70.52709197998047 48.781742095947266
v -18.003740310668945 -70.97754669189453 48.97553253173828
v 33.02400207519531 -71.79918670654297 50.88185119628906
v -20.39796257019043 -71.15847778320312 49.1098747253418
v -19.669166564941406 -71.33207702636719 49.39232635498047
v -18.622777938842773 -71.42338562011719 49.464168548583984
v -17.717082977294922 -71.763916015625 49.47723388671875
v 33.97385025024414 -72.96350860595703 51.3644905090332
v 38.38621139526367 -73.26091003417969 51.21343231201172
v 32.72503662109375 -71.152587890625 50.52055358886719
v 39.48436737060547 -71.7413330078125 51.29323959350586
v 39.85435104370117 -71.24957275390625 50.81781005859375
v 32.84476852416992 -71.24254608154297 51.355560302734375
v 32.5730094909668 -70.45532989501953 50.984413146972656
v 39.979434967041016 -70.73931121826172 51.06962203979492
v 32.73473358154297 -70.5299072265625 51.85499954223633
v 39.76588439941406 -71.13333129882812 51.405120849609375
v 32.570274353027344 -69.6844711303711 51.542240142822266
v 39.9509391784668 -70.28472900390625 51.243812561035156
v 39.743438720703125 -69.99250030517578 51.636817932128906
v 32.70361328125 -69.97299194335938 52.24458694458008
v 39.76041793823242 -70.5873031616211 51.655479431152344
v 32.67439270019531 -68.95014190673828 51.76061248779297
v 39.46515655517578 -69.22753143310547 51.7125129699707
v 39.0191650390625 -68.67120361328125 52.36469650268555
v 32.904666900634766 -68.64956665039062 52.31675720214844
v 38.73854064941406 -68.0074234008789 52.03596496582031
v 33.38801574707031 -67.94283294677734 52.38676834106445
v 33.109466552734375 -68.4919204711914 52.731666564941406
v 33.93180465698242 -67.4638671875 52.72266387939453
v 38.107425689697266 -67.52603149414062 52.301612854003906
v 34.43049621582031 -67.04674530029297 52.59123229980469
v 35.185062408447266 -66.75704193115234 52.5672492980957
v 36.061344146728516 -66.57197570800781 52.52893829345703
v 36.67132568359375 -66.8055648803711 52.666324615478516
v 37.310874938964844 -67.15447998046875 52.67093276977539
v 34.27640914916992 -67.44152069091797 53.11454391479492
v 37.8988151550293 -67.74996948242188 52.99019241333008
v -19.647838592529297 -77.24210357666016 47.91990280151367
v -18.70842933654785 -77.41570281982422 47.44747543334961
v -17.62413215637207 -77.17984771728516 47.51808166503906
v -20.247724533081055 -76.90138244628906 48.34153747558594
v -17.267545700073242 -76.87612915039062 48.044063568115234
v -20.921987533569336 -76.45756530761719 48.27391815185547
v -16.726194381713867 -76.41344451904297 48.04320526123047
v -19.64267349243164 -77.06188201904297 48.516265869140625
v -18.947120666503906 -77.04227447509766 48.5558967590332
v -17.980180740356445 -77.02034759521484 48.26552963256836
v -21.48261260986328 -75.86029052734375 48.086341857910156
v -16.686195373535156 -75.84162139892578 48.60118103027344
v -21.05712890625 -75.89266204833984 48.86723327636719
v -18.1358585357666 -76.57315826416016 49.07653045654297
v -17.32251739501953 -76.50247955322266 48.61119079589844
v -21.558380126953125 -75.13545989990234 48.73088455200195
v -16.65465545654297 -74.97624206542969 49.03548812866211
v -21.066768646240234 -75.36396789550781 49.31652069091797
v -17.408424377441406 -75.79412841796875 49.27577209472656
v -21.701642990112305 -74.32234191894531 48.92427062988281
v -16.659408569335938 -73.95902252197266 49.3212776184082
v -17.365407943725586 -74.69477844238281 49.70922088623047
v -21.470928192138672 -73.6153335571289 49.27238845825195
v -16.78898048400879 -73.16324615478516 49.48959732055664
v -20.888765335083008 -72.84280395507812 49.60350799560547
v -17.23245620727539 -72.90711212158203 49.75809860229492
v -21.046234130859375 -73.53954315185547 49.732791900634766
v -18.741119384765625 -73.48883819580078 50.277732849121094
v -17.951129913330078 -74.0192642211914 50.1082878112793
v -17.261062622070312 -73.64019012451172 49.80465316772461
v -20.17840003967285 -72.5045394897461 49.91215515136719
v -17.561269760131836 -72.422119140625 49.76763153076172
v -19.797992706298828 -72.04835510253906 49.8347282409668
v -19.08177947998047 -72.033203125 49.87849044799805
v -18.241849899291992 -72.19551086425781 49.86312484741211
v 35.095211029052734 -73.53661346435547 51.57593536376953
v 36.01789093017578 -73.81645965576172 51.16570281982422
v 36.92568588256836 -73.86451721191406 51.031341552734375
v 37.74853515625 -73.61609649658203 51.20682144165039
v -19.449039459228516 -72.75740051269531 50.14695739746094
v -18.673309326171875 -72.67869567871094 50.11708068847656
v -17.91453742980957 -73.03907775878906 50.030555725097656
v 34.421714782714844 -73.15634155273438 51.8270378112793
v 38.18503952026367 -73.40184783935547 51.59206771850586
v 33.82548904418945 -72.63385009765625 51.7642707824707
v 38.48825454711914 -72.98745727539062 51.840003967285156
v 34.88014221191406 -73.39127349853516 52.02906799316406
v 37.8625373840332 -73.40541076660156 51.93455505371094
v 33.29572677612305 -71.98462677001953 51.59625244140625
v 38.99394226074219 -72.20524597167969 51.92782974243164
v 33.742431640625 -72.06985473632812 52.42840576171875
v 38.53086853027344 -72.53849029541016 52.432132720947266
v 33.198604583740234 -71.26797485351562 52.29751205444336
v 39.3366584777832 -71.22584533691406 52.07486343383789
v 33.73856735229492 -71.5270004272461 52.96492004394531
v 38.708927154541016 -71.82067108154297 52.67938995361328
v 32.99551010131836 -70.39669036865234 52.6092643737793
v 39.325992584228516 -70.08930969238281 52.3045654296875
v 32.87168884277344 -69.82267761230469 52.70222091674805
v 38.76422119140625 -70.79536437988281 52.948486328125
v 32.738128662109375 -69.36904907226562 52.36928176879883
v 39.117671966552734 -69.26982879638672 52.54487609863281
v 33.06775665283203 -69.0271987915039 52.91863250732422
v 38.853919982910156 -68.93340301513672 52.82701110839844
v 32.934974670410156 -69.5101318359375 52.85200119018555
v 38.6016845703125 -69.5246353149414 53.17301940917969
v 33.388145446777344 -68.4639663696289 53.10750198364258
v 38.426673889160156 -68.36798858642578 52.91469192504883
v 33.93333053588867 -68.01033020019531 53.30197525024414
v 37.946292877197266 -68.12284088134766 53.32039260864258
v 33.68436813354492 -68.50440979003906 53.47944641113281
v 37.78798294067383 -68.70881652832031 53.67760467529297
v 34.52912139892578 -67.68647003173828 53.488529205322266
v 37.45671463012695 -67.82557678222656 53.36154556274414
v 34.83387756347656 -67.25566101074219 53.169410705566406
v 35.63808059692383 -67.19612884521484 53.21833419799805
v 36.60552978515625 -67.31710815429688 53.21549606323242
v 35.172977447509766 -67.73275756835938 53.67121505737305
v 36.04086685180664 -67.87770080566406 53.780033111572266
v 36.93074417114258 -68.17436218261719 53.81241226196289
v -19.60096549987793 -76.7085952758789 49.03850555419922
v -18.858339309692383 -76.6716537475586 49.23335647583008
v -20.414791107177734 -76.37249755859375 48.989654541015625
v -18.527843475341797 -76.36640930175781 49.54645919799805
v -18.084487915039062 -76.07671356201172 49.59269714355469
v -19.845584869384766 -76.06616973876953 49.58458709716797
v -19.10247039794922 -76.28704833984375 49.6140022277832
v -20.561052322387695 -75.74742889404297 49.47771453857422
v -17.97001838684082 -75.45140075683594 49.85004425048828
v -20.71490478515625 -75.15111541748047 49.718849182128906
v -20.04768943786621 -75.27000427246094 49.97032928466797
v -19.246835708618164 -75.62904357910156 49.98336410522461
v -18.563291549682617 -75.88813018798828 49.86201095581055
v -21.19959259033203 -74.62090301513672 49.45734405517578
v -18.05922508239746 -74.78046417236328 50.093204498291016
v -21.016096115112305 -74.01148986816406 49.76567459106445
v -19.216407775878906 -74.0583724975586 50.3668212890625
v -18.627965927124023 -74.40261840820312 50.28718185424805
v -20.52469825744629 -74.52687072753906 49.99346923828125
v -19.97195816040039 -74.68902587890625 50.207664489746094
v -19.366649627685547 -74.78475952148438 50.2578239440918
v -18.608280181884766 -75.19193267822266 50.13445281982422
v -20.61756706237793 -73.7020034790039 49.994503021240234
v -19.488304138183594 -73.51152801513672 50.320865631103516
v -20.113048553466797 -73.2171630859375 50.12278747558594
v -19.910043716430664 -74.0774154663086 50.26624298095703
v 35.95816421508789 -73.54322814941406 52.05691909790039
v 36.97429275512695 -73.63177490234375 51.809024810791016
v 35.282798767089844 -73.42024993896484 52.205501556396484
v 37.435829162597656 -73.31170654296875 52.40066146850586
v 34.907447814941406 -73.13990020751953 52.43661880493164
v 38.02699661254883 -72.98755645751953 52.47311782836914
v 35.744503021240234 -73.09857940673828 52.801456451416016
v 36.70682907104492 -73.26909637451172 52.597251892089844
v 34.34085464477539 -72.67388153076172 52.50182342529297
v 38.088470458984375 -72.3731689453125 52.9621696472168
v 35.03516387939453 -72.66167449951172 53.098506927490234
v 35.811378479003906 -72.46099853515625 53.62602996826172
v 36.62440490722656 -72.70793151855469 53.295963287353516
v 37.417198181152344 -72.86990356445312 52.9305305480957
v 34.440853118896484 -71.9885482788086 53.30646896362305
v 38.10734939575195 -71.5103988647461 53.37929916381836
v 34.069374084472656 -71.26142120361328 53.48073196411133
v 35.171504974365234 -72.24671936035156 53.66642379760742
v 36.58749008178711 -72.02218627929688 53.97264099121094
v 37.38710403442383 -72.16487121582031 53.50328826904297
v 33.536373138427734 -70.82608795166016 53.11209487915039
v 38.07672882080078 -70.47866821289062 53.68394470214844
v 34.2154541015625 -70.50537872314453 53.80667495727539
v 37.2485237121582 -71.20620727539062 54.08189392089844
v 33.35498809814453 -69.82405853271484 53.22261428833008
v 37.93251037597656 -69.63404083251953 53.859771728515625
v 33.563148498535156 -68.98017120361328 53.45973205566406
v 37.455387115478516 -69.36582946777344 54.13914108276367
v 34.150611877441406 -69.48516082763672 53.85410690307617
v 35.06622314453125 -69.98186492919922 54.291690826416016
v 36.03888702392578 -70.14722442626953 54.524410247802734
v 36.758140563964844 -70.50819396972656 54.463470458984375
v 37.42432403564453 -70.12769317626953 54.188316345214844
v 34.09132385253906 -68.67330169677734 53.752620697021484
v 37.10468292236328 -68.87139129638672 54.13198471069336
v 34.642051696777344 -68.2189712524414 53.818817138671875
v 35.471168518066406 -68.42989349365234 54.07828903198242
v 36.3697509765625 -68.67058563232422 54.18317794799805
v 34.84650421142578 -68.99150848388672 54.11500930786133
v 35.76813888549805 -69.27999114990234 54.35599136352539
v 36.74369812011719 -69.55613708496094 54.37746047973633
v 36.00088119506836 -72.0404281616211 54.1279411315918
v 35.56468200683594 -72.08515167236328 54.01834487915039
v 36.2597770690918 -71.7594985961914 54.33853530883789
v 35.12909698486328 -71.79410552978516 54.001834869384766
v 36.62726593017578 -71.52313995361328 54.35673522949219
v 35.7621955871582 -71.67440032958984 54.34579086303711
v 34.6536979675293 -71.2908935546875 53.9341926574707
v 36.65032196044922 -71.11234283447266 54.48607635498047
v 34.94446563720703 -70.76451110839844 54.2580451965332
v 35.567649841308594 -70.71012115478516 54.51302719116211
v 36.20359420776367 -70.85342407226562 54.59553527832031
v 35.30485534667969 -71.26005554199219 54.34454345703125
v 35.82478713989258 -71.1937484741211 54.54659652709961
v 36.2415885925293 -71.37561798095703 54.5240478515625
v 55.81643295288086 -42.83780288696289 77.56519317626953
v 56.68537521362305 -43.0117301940918 77.58753967285156
v 57.33981704711914 -43.136966705322266 77.72906494140625
v 55.1292610168457 -42.32441711425781 77.8356704711914
v 55.820858001708984 -42.124061584472656 77.76493072509766
v 56.46775817871094 -42.270263671875 77.78441619873047
v 57.25730514526367 -42.45039367675781 77.9745864868164
v 54.88329315185547 -41.73634719848633 78.1783218383789
v 55.54117965698242 -41.569664001464844 78.09496307373047
v 56.20485305786133 -41.697914123535156 78.01915740966797
v 56.98603439331055 -41.58035659790039 78.38909149169922
v 56.195438385009766 -41.081298828125 78.51205444335938
v 55.82368469238281 -45.169979095458984 77.9970474243164
v 56.90266036987305 -45.27980041503906 77.98110961914062
v 55.447181701660156 -43.473594665527344 77.54700469970703
v 56.16333770751953 -43.6306266784668 77.50446319580078
v 57.02430725097656 -43.73815155029297 77.61164855957031
v 54.76749038696289 -44.653526306152344 78.08796691894531
v 55.54893493652344 -44.18851852416992 77.67735290527344
v 56.51837158203125 -44.447715759277344 77.68450164794922
v 57.65750503540039 -44.5318603515625 77.96519470214844
v 58.51618576049805 -44.53522491455078 78.37586975097656
v 55.11277389526367 -43.02593231201172 77.6479263305664
v 57.698638916015625 -43.598228454589844 77.85453796386719
v 54.61750030517578 -42.85606002807617 77.92031860351562
v 54.064083099365234 -44.0333137512207 78.32999420166016
v 54.74479293823242 -43.62901306152344 77.85149383544922
v 58.39837646484375 -43.67725372314453 78.33901977539062
v 54.358089447021484 -42.22657012939453 78.30061340332031
v 57.91628646850586 -42.89503860473633 78.15228271484375
v 54.00539779663086 -43.110198974609375 78.3935775756836
v 58.57510757446289 -42.69746017456055 78.79781341552734
v 54.509613037109375 -41.50309753417969 78.58467864990234
v 58.00607681274414 -41.90452194213867 78.78997802734375
v 55.077903747558594 -41.221309661865234 78.46461486816406
v 55.59100341796875 -41.02852249145508 78.4788589477539
v 57.58915710449219 -41.1529426574707 79.04283905029297
v 58.63499069213867 -42.12401580810547 79.16846466064453
v 55.82417678833008 -40.77707290649414 78.72847747802734
v 57.02545166015625 -40.75201416015625 79.17301940917969
v 56.15198516845703 -40.481136322021484 79.23601531982422
v 54.75486373901367 -41.0324821472168 78.91502380371094
v 55.369014739990234 -40.73255157470703 78.97030639648438
v 57.61664962768555 -40.784423828125 79.41900634765625
v 56.134761810302734 -40.07172393798828 79.89242553710938
v 55.6187629699707 -45.97905731201172 78.52099609375
v 56.5048713684082 -45.972904205322266 78.36682891845703
v 55.056640625 -45.432456970214844 78.31919860839844
v 57.23841094970703 -45.893959045410156 78.29180908203125
v 54.406307220458984 -45.26844024658203 78.58921813964844
v 57.62055969238281 -45.44981002807617 78.15843200683594
v 58.33636474609375 -45.38249206542969 78.51126861572266
v 57.81488037109375 -45.9825553894043 78.49756622314453
v 58.2198486328125 -45.994930267333984 78.70684051513672
v 54.07171630859375 -44.68870162963867 78.48004150390625
v 58.903709411621094 -44.853851318359375 78.71958923339844
v 53.61886978149414 -44.36687088012695 78.84227752685547
v 59.3103141784668 -44.726531982421875 79.19477844238281
v 53.574825286865234 -43.692317962646484 78.81463623046875
v 59.00932312011719 -44.1866569519043 78.7820816040039
v 59.45337677001953 -44.008575439453125 79.44155883789062
v 53.37538528442383 -42.96615219116211 79.27674102783203
v 59.0741081237793 -43.34886932373047 79.08200073242188
v 53.78370666503906 -42.428260803222656 78.78044891357422
v 59.512603759765625 -43.24872970581055 79.8336410522461
v 53.98992156982422 -41.805763244628906 78.9213638305664
v 59.118125915527344 -42.426815032958984 79.706787109375
v 58.637760162353516 -41.65311050415039 79.6235122680664
v 53.56370162963867 -42.1644287109375 79.31524658203125
v 59.53334045410156 -42.766448974609375 80.20600891113281
v 54.30382537841797 -41.259281158447266 79.12887573242188
v 58.1273193359375 -41.006866455078125 79.74169158935547
v 54.716373443603516 -40.71967315673828 79.73323822021484
v 55.59047317504883 -40.27885818481445 79.6796646118164
v 57.56917953491211 -40.47492218017578 79.90355682373047
v 53.83417510986328 -41.50093460083008 79.76280212402344
v 58.6361083984375 -41.224700927734375 80.08938598632812
v 55.827857971191406 -39.99893569946289 80.10179138183594
v 56.879364013671875 -40.12173843383789 80.10428619384766
v 56.19268798828125 -39.86052322387695 80.55487060546875
v 54.70820236206055 -40.425804138183594 80.68928527832031
v 55.406715393066406 -40.10172653198242 80.44265747070312
v 57.50949478149414 -40.177284240722656 80.40406036376953
v 56.396602630615234 -39.69969177246094 81.2753677368164
v 55.40769958496094 -46.44020080566406 79.0645980834961
v 56.21039962768555 -46.67472839355469 79.02232360839844
v 57.253944396972656 -46.55811309814453 78.87887573242188
v 57.995113372802734 -46.3429069519043 78.90565490722656
v 56.82204055786133 -47.16374969482422 79.39713287353516
v 57.34471130371094 -47.145050048828125 79.4863052368164
v 54.87587356567383 -45.91519546508789 78.82234191894531
v 58.52540969848633 -46.091861724853516 79.19380187988281
v 54.180355072021484 -45.71904754638672 79.34205627441406
v 59.00675582885742 -45.37871170043945 79.1127700805664
v 53.82024383544922 -45.019134521484375 78.95237731933594
v 59.398399353027344 -45.22267532348633 79.61021423339844
v 53.426780700683594 -44.70337677001953 79.3327407836914
v 53.61570739746094 -45.219417572021484 79.54510498046875
v 53.1915283203125 -43.9876594543457 79.57109832763672
v 59.61505889892578 -44.67459487915039 79.87150573730469
v 52.839595794677734 -43.20180892944336 80.35738372802734
v 59.73586654663086 -43.94710922241211 80.2295913696289
v 52.51543045043945 -43.509925842285156 80.92369079589844
v 53.22998046875 -42.30047607421875 80.08110809326172
v 59.72690963745117 -43.18558883666992 80.60604095458984
v 59.499267578125 -42.37569046020508 80.80622100830078
v 53.429237365722656 -41.66244888305664 80.80018615722656
v 58.99958801269531 -41.57045364379883 80.49866485595703
v 54.089202880859375 -40.94853973388672 80.64012908935547
v 58.57583236694336 -40.93540954589844 80.58242797851562
v 54.419700622558594 -40.58348083496094 81.43525695800781
v 58.02768325805664 -40.434932708740234 80.75878143310547
v 55.116661071777344 -40.141143798828125 81.3233642578125
v 55.823936462402344 -39.838768005371094 81.241943359375
v 57.41223907470703 -39.99471664428711 80.90005493164062
v 58.514305114746094 -40.70782470703125 81.12117767333984
v 56.26475524902344 -39.753814697265625 81.88441467285156
v 56.84588623046875 -39.78083038330078 81.00273132324219
v 56.81842041015625 -39.71565246582031 81.71173858642578
v 57.25484848022461 -39.8243408203125 81.49356842041016
v 56.69021987915039 -47.509544372558594 79.87820434570312
v 57.09443664550781 -47.442710876464844 79.76954650878906
v 56.30682373046875 -47.22722244262695 79.59703826904297
v 57.499027252197266 -47.37706756591797 80.01377868652344
v 55.64366149902344 -46.96926498413086 79.7381362915039
v 57.93698501586914 -46.819217681884766 79.56159210205078
v 54.8565673828125 -46.401023864746094 79.51549530029297
v 58.630340576171875 -46.55206298828125 80.12539672851562
v 53.73971939086914 -45.68303298950195 80.32130432128906
v 54.35463333129883 -46.25822830200195 80.05509948730469
v 59.11754608154297 -45.83934783935547 79.80462646484375
v 53.25127029418945 -44.82535934448242 80.05463409423828
v 59.514156341552734 -45.389347076416016 80.29288482666016
v 52.80270767211914 -44.1202392578125 80.6810531616211
v 59.756011962890625 -44.720359802246094 80.70686340332031
v 52.46883010864258 -43.79511260986328 81.32803344726562
v 52.36675262451172 -43.34642028808594 81.3357162475586
v 59.848602294921875 -43.925968170166016 81.11722564697266
v 52.51477813720703 -43.096092224121094 81.02105712890625
v 52.82691192626953 -42.51347732543945 81.17140197753906
v 59.76939010620117 -43.04014205932617 81.56779479980469
v 59.586402893066406 -42.26340103149414 81.66709899902344
v 52.44819259643555 -42.976200103759766 81.3995132446289
v 53.26088333129883 -41.82556915283203 81.68453979492188
v 59.287113189697266 -41.716190338134766 81.4561996459961
v 53.78087615966797 -41.17648696899414 81.55992889404297
v 59.43086624145508 -41.92131805419922 82.0753402709961
v 54.219058990478516 -40.8526496887207 82.27342224121094
v 58.84867858886719 -41.09992980957031 81.30419158935547
v 54.90048599243164 -40.374916076660156 82.16549682617188
v 55.620487213134766 -39.99431228637695 82.0337142944336
v 58.40643310546875 -40.66770553588867 81.77224731445312
v 56.17782974243164 -39.968387603759766 82.58915710449219
v 57.756107330322266 -40.139766693115234 81.63007354736328
v 56.74552917480469 -39.84574508666992 82.38327026367188
v 57.30449295043945 -39.94145584106445 82.13922882080078
v 56.646209716796875 -47.66164016723633 80.3097915649414
v 57.048343658447266 -47.62106704711914 80.20674133300781
v 56.222808837890625 -47.46421813964844 80.13043212890625
v 57.39521789550781 -47.55291748046875 80.5912857055664
v 55.75029754638672 -47.32828140258789 80.72528839111328
v 58.00642013549805 -47.19534683227539 80.5814437866211
v 56.38299560546875 -47.62054443359375 80.63092041015625
v 56.89491271972656 -47.66787338256836 80.73828887939453
v 54.94901657104492 -46.79573059082031 80.35619354248047
v 58.648643493652344 -46.829078674316406 81.02677917480469
v 53.73452377319336 -45.932640075683594 81.43470001220703
v 54.32101058959961 -46.434295654296875 80.91461944580078
v 59.14421463012695 -46.15390396118164 80.69940185546875
v 53.1688117980957 -45.09193420410156 81.13400268554688
v 59.51543045043945 -45.5440559387207 81.20692443847656
v 53.354122161865234 -45.52842330932617 81.88538360595703
v 52.736961364746094 -44.34680938720703 81.59139251708984
v 59.758094787597656 -44.76020050048828 81.62033081054688
v 52.511207580566406 -43.871002197265625 81.8426284790039
v 52.36749267578125 -43.541664123535156 81.66749572753906
v 59.82065200805664 -43.9426383972168 82.01228332519531
v 52.510746002197266 -43.500797271728516 82.10547637939453
v 52.38955307006836 -43.192176818847656 81.73716735839844
v 59.753013610839844 -43.27772521972656 82.36602020263672
v 52.56352615356445 -42.814109802246094 81.76158142089844
v 52.57619857788086 -43.02928924560547 82.13726806640625
v 52.985809326171875 -42.4611930847168 82.33501434326172
v 59.59074783325195 -42.49833297729492 82.33659362792969
v 53.653526306152344 -41.53404235839844 82.52027130126953
v 59.36481475830078 -41.9625244140625 82.46723175048828
v 59.174774169921875 -42.19731140136719 83.00163269042969
v 54.17314147949219 -41.09437942504883 82.93487548828125
v 58.980892181396484 -41.421688079833984 82.27655792236328
v 54.70246124267578 -40.730594635009766 82.91461181640625
v 55.54079818725586 -40.38460922241211 82.93460083007812
v 58.469486236572266 -40.91756820678711 82.51981353759766
v 54.49427795410156 -41.104854583740234 83.3889389038086
v 58.37657928466797 -41.37213134765625 83.2644271850586
v 56.26583480834961 -40.27639389038086 83.1844253540039
v 57.90584182739258 -40.48550796508789 82.55824279785156
v 56.649959564208984 -40.059051513671875 82.92815399169922
v 57.188114166259766 -40.16941833496094 82.84989929199219
v 56.829124450683594 -40.45104217529297 83.4083480834961
v 57.55674362182617 -40.72722625732422 83.38059997558594
v 55.75843048095703 -47.34476852416992 81.67753601074219
v 56.450225830078125 -47.555545806884766 81.24462127685547
v 57.40529251098633 -47.460105895996094 81.40363311767578
v 58.20620346069336 -47.19830322265625 81.34654998779297
v 55.02710723876953 -46.999881744384766 81.31078338623047
v 58.55266189575195 -46.973140716552734 81.5717544555664
v 54.44966506958008 -46.569786071777344 82.07657623291016
v 58.94528579711914 -46.43095016479492 81.76923370361328
v 55.19268798828125 -47.07971954345703 82.06621551513672
v 57.39350509643555 -47.30608367919922 82.3149185180664
v 58.15384292602539 -47.08696365356445 82.03176879882812
v 53.75691223144531 -45.953800201416016 82.29816436767578
v 59.43378829956055 -45.55509567260742 82.13048553466797
v 53.39263153076172 -45.4552116394043 82.45753479003906
v 59.023895263671875 -46.096561431884766 82.59380340576172
v 53.06365966796875 -44.952537536621094 82.08212280273438
v 59.61886215209961 -44.73414993286133 82.49263000488281
v 53.30025100708008 -44.94352340698242 82.8647689819336
v 59.215335845947266 -45.449798583984375 82.94104766845703
v 52.8664436340332 -44.12160873413086 82.50807189941406
v 59.638343811035156 -43.899620056152344 82.80313873291016
v 53.3038215637207 -44.37096405029297 83.29387664794922
v 59.30550765991211 -44.60900115966797 83.27118682861328
v 52.83083724975586 -43.24885940551758 82.66429138183594
v 59.51750183105469 -43.07061004638672 82.96614074707031
v 59.16647720336914 -42.92436218261719 83.52950286865234
v 59.280338287353516 -43.706642150878906 83.49069213867188
v 53.2283821105957 -42.81908416748047 83.2715835571289
v 58.716896057128906 -42.39067840576172 83.80094146728516
v 53.54733657836914 -42.13649368286133 83.26297760009766
v 54.05272674560547 -41.534297943115234 83.38096618652344
v 58.026371002197266 -41.994041442871094 84.1897964477539
v 53.61151885986328 -42.55117416381836 83.76812744140625
v 54.632572174072266 -41.484642028808594 83.87480926513672
v 57.73662185668945 -41.280338287353516 83.88417053222656
v 55.120357513427734 -40.95555877685547 83.57704162597656
v 56.13009262084961 -40.89876174926758 83.82010650634766
v 57.0952033996582 -41.01416015625 83.93221282958984
v 56.748252868652344 -41.51948928833008 84.3828353881836
v 57.40918731689453 -41.56546401977539 84.28582763671875
v 56.55186080932617 -47.37640380859375 82.18109893798828
v 55.73966979980469 -47.21247863769531 82.38947296142578
v 57.005210876464844 -47.145164489746094 82.8671875
v 54.642173767089844 -46.499935150146484 82.9347915649414
v 55.19427490234375 -46.861228942871094 82.73441314697266
v 57.740753173828125 -46.981319427490234 82.86040496826172
v 58.487430572509766 -46.61857223510742 82.68354034423828
v 56.14010238647461 -46.9598388671875 83.08865356445312
v 54.16117858886719 -46.22494125366211 82.76500701904297
v 58.65333557128906 -46.06899642944336 83.23870086669922
v 54.42292022705078 -46.11524963378906 83.29617309570312
v 55.245819091796875 -46.35704803466797 83.60708618164062
v 56.206790924072266 -46.523746490478516 83.84988403320312
v 57.1508903503418 -46.6387939453125 83.6195068359375
v 58.04948043823242 -46.539031982421875 83.3207778930664
v 53.836883544921875 -45.6418342590332 83.060791015625
v 58.76294708251953 -45.30411911010742 83.66038513183594
v 54.51111602783203 -45.522071838378906 83.88765716552734
v 57.98958969116211 -45.96650695800781 83.91053771972656
v 53.76415252685547 -44.889854431152344 83.59835052490234
v 58.80497741699219 -44.364688873291016 83.96025085449219
v 53.66800308227539 -44.18232345581055 83.83341217041016
v 54.355037689208984 -44.47513961791992 84.3289566040039
v 58.18006134033203 -45.05125427246094 84.30372619628906
v 53.273738861083984 -43.610023498535156 83.42793273925781
v 58.741241455078125 -43.32695770263672 84.09989166259766
v 53.53687286376953 -43.0322151184082 83.83382415771484
v 53.96578598022461 -43.49407958984375 84.19684600830078
v 54.770145416259766 -43.67290115356445 84.75032043457031
v 58.10717010498047 -44.03507995605469 84.57646179199219
v 53.91956329345703 -42.77142333984375 84.13809204101562
v 58.38914108276367 -42.693138122558594 84.3222427368164
v 54.12742614746094 -42.13782501220703 83.97051239013672
v 56.42686080932617 -42.07124710083008 84.70357513427734
v 57.24293899536133 -42.25518798828125 84.64912414550781
v 57.923213958740234 -42.66118621826172 84.59386444091797
v 54.62723922729492 -42.758888244628906 84.51500701904297
v 55.438499450683594 -43.1722526550293 84.94715118408203
v 56.42454147338867 -42.91963195800781 84.95921325683594
v 57.476444244384766 -43.28037643432617 84.85430145263672
v 58.19292449951172 -43.19146728515625 84.563232421875
v 54.84093475341797 -41.98286819458008 84.32583618164062
v 56.05760192871094 -41.597774505615234 84.43336486816406
v 55.378578186035156 -41.479976654052734 84.19174194335938
v 55.58933639526367 -42.248985290527344 84.66863250732422
v 55.90362548828125 -46.06306457519531 84.31888580322266
v 56.6619873046875 -46.21755599975586 84.29682159423828
v 57.285743713378906 -46.11515426635742 84.26020050048828
v 55.2578239440918 -45.74803161621094 84.2993392944336
v 57.52671813964844 -45.56938934326172 84.52587890625
v 55.74750900268555 -45.45058059692383 84.73621368408203
v 56.426509857177734 -45.710269927978516 84.7119140625
v 56.98750686645508 -45.84214782714844 84.60377502441406
v 55.066165924072266 -45.086143493652344 84.60559844970703
v 57.54765319824219 -44.81303787231445 84.7901840209961
v 55.65608215332031 -44.77873229980469 85.0157470703125
v 56.30961227416992 -45.06975173950195 85.00811004638672
v 56.964202880859375 -45.309505462646484 84.86080932617188
v 55.10617446899414 -44.35095977783203 84.90843200683594
v 57.3890495300293 -44.12459945678711 84.9598388671875
v 55.35932540893555 -43.820735931396484 85.0772933959961
v 55.961849212646484 -43.71695327758789 85.16311645507812
v 56.74123001098633 -43.837501525878906 85.11495208740234
v 55.637874603271484 -44.21320724487305 85.15764617919922
v 56.196231842041016 -44.38014221191406 85.17446899414062
v 56.87814712524414 -44.60832214355469 85.06575775146484
v -38.33304214477539 -49.39237594604492 83.73015594482422
v -39.979515075683594 -48.58715057373047 83.72270965576172
v -39.1141471862793 -48.734519958496094 83.64144134521484
v -38.34679412841797 -48.543392181396484 83.76525115966797
v -37.72824478149414 -48.82405090332031 83.950927734375
v -40.2681999206543 -47.77614974975586 84.017822265625
v -39.503875732421875 -47.845252990722656 83.8257064819336
v -38.69965362548828 -47.86298751831055 83.87919616699219
v -37.88840103149414 -47.96506118774414 84.1139907836914
v -40.406761169433594 -46.98415756225586 84.36212158203125
v -39.75190734863281 -47.080963134765625 84.15642547607422
v -39.078914642333984 -47.21984100341797 84.08403015136719
v -38.264381408691406 -47.045169830322266 84.40154266357422
v -39.97895431518555 -46.473941802978516 84.53945922851562
v -39.15662384033203 -46.49290466308594 84.57176208496094
v -38.60710525512695 -50.2652587890625 83.8537826538086
v -39.75163650512695 -50.750701904296875 84.0826416015625
v -39.09568405151367 -50.73286819458008 83.98473358154297
v -39.0682258605957 -49.59684371948242 83.62680053710938
v -37.97181701660156 -50.060855865478516 83.9173583984375
v -40.27054977416992 -49.15475845336914 83.74411010742188
v -39.75572204589844 -49.36701583862305 83.64106750488281
v -37.55903625488281 -49.64139175415039 84.02342987060547
v -40.42599868774414 -49.935970306396484 83.95989227294922
v -39.46998596191406 -50.14020538330078 83.76270294189453
v -37.63539505004883 -50.178070068359375 84.08155822753906
v -40.72264862060547 -48.72528839111328 84.05017852783203
v -37.19551467895508 -49.0782356262207 84.22895812988281
v -41.24966049194336 -49.48683166503906 84.37960815429688
v -36.72273635864258 -48.93927764892578 84.7225112915039
v -40.9972038269043 -47.649566650390625 84.49095153808594
v -37.18943786621094 -48.3516731262207 84.39801788330078
v -41.460453033447266 -48.567626953125 84.65882110595703
v -36.61400604248047 -48.090972900390625 85.0445327758789
v -40.81890869140625 -46.78274154663086 84.7503890991211
v -37.23482894897461 -47.321746826171875 84.82048797607422
v -40.413368225097656 -46.4772834777832 84.62689208984375
v -37.70225143432617 -46.59186935424805 84.8761215209961
v -36.60614776611328 -47.48312759399414 85.2978515625
v -40.205665588378906 -46.22499084472656 84.76937866210938
v -38.247108459472656 -46.19430923461914 84.99833679199219
v -39.83823776245117 -45.97908020019531 85.12330627441406
v -38.974754333496094 -45.89086151123047 85.1600112915039
v -40.511295318603516 -46.26070022583008 85.00468444824219
v -37.693233489990234 -46.22966766357422 85.1439208984375
v -39.92763137817383 -45.5749397277832 85.82521057128906
v -39.26327896118164 -45.525936126708984 85.71440887451172
v 15.079623222351074 -62.5922966003418 82.95469665527344
v 15.854385375976562 -62.63896560668945 82.98619842529297
v 14.679254531860352 -61.919830322265625 83.12642669677734
v 15.56866455078125 -62.00120544433594 83.12413787841797
v 16.338790893554688 -62.14816665649414 83.28482818603516
v 14.06648063659668 -61.63932418823242 83.34105682373047
v 14.547752380371094 -61.36463928222656 83.43218231201172
v 15.259275436401367 -61.390228271484375 83.41264343261719
v 16.097248077392578 -61.49541473388672 83.55818176269531
v -39.9063720703125 -51.37823486328125 84.68054962158203
v -39.134151458740234 -51.25442123413086 84.39640045166016
v -40.35737609863281 -50.764076232910156 84.23259735107422
v -38.52519607543945 -50.9959716796875 84.2426986694336
v -40.719112396240234 -50.5329475402832 84.21971130371094
v -37.85969161987305 -50.67359161376953 84.31832122802734
v -40.77732467651367 -50.98224639892578 84.66939544677734
v -38.12664031982422 -51.1976318359375 84.55219268798828
v -41.092472076416016 -50.29204177856445 84.39389038085938
v -37.30616760253906 -50.202510833740234 84.37467193603516
v -41.563350677490234 -49.99976348876953 84.73060607910156
v -36.979515075683594 -49.62989044189453 84.4726333618164
v -41.41789627075195 -50.6237678527832 84.94715881347656
v -36.87876510620117 -50.163394927978516 84.81852722167969
v -41.80066680908203 -49.35301971435547 85.00244140625
v -36.524654388427734 -49.659690856933594 85.10421752929688
v -41.98046875 -48.45511245727539 85.47602081298828
v -36.16389465332031 -48.8504753112793 85.52603149414062
v -41.57502746582031 -47.843345642089844 84.98433685302734
v -35.741920471191406 -48.529964447021484 86.22191619873047
v -41.32810974121094 -47.15501403808594 85.09477996826172
v -36.1258544921875 -47.75402069091797 85.90951538085938
v -36.702518463134766 -46.92983627319336 85.66070556640625
v -41.75496292114258 -47.57590103149414 85.48800659179688
v -35.71388626098633 -48.03175735473633 86.43098449707031
v -40.9952278137207 -46.54319763183594 85.26274108886719
v -37.296226501464844 -46.45523452758789 85.33312225341797
v -40.618038177490234 -45.995208740234375 85.79268646240234
v -37.7283821105957 -45.93620300292969 85.58609771728516
v -41.46827697753906 -46.8587646484375 85.89403533935547
v -37.05845642089844 -46.08811569213867 86.2288818359375
v -40.20158386230469 -45.52373123168945 86.16253662109375
v -38.45418167114258 -45.636600494384766 85.64785766601562
v -39.65742492675781 -45.272735595703125 86.51655578613281
v -38.78396987915039 -45.3025016784668 86.24777221679688
v -40.51066970825195 -45.595420837402344 86.64083099365234
v -37.92728805541992 -45.44380569458008 86.42854309082031
v -37.22856521606445 -45.52320861816406 87.06121063232422
v -39.54950714111328 -45.03673553466797 87.34666442871094
v -38.727813720703125 -45.069190979003906 87.07876586914062
v -37.83040237426758 -45.13582992553711 87.32589721679688
v 14.671781539916992 -63.193809509277344 83.0284652709961
v 15.434070587158203 -63.27686309814453 82.98902130126953
v 14.01209831237793 -64.31595611572266 83.48053741455078
v 14.815284729003906 -64.04411315917969 83.2508316040039
v 16.024703979492188 -63.9913215637207 83.2815170288086
v 16.929855346679688 -64.1353530883789 83.59132385253906
v 14.297879219055176 -62.599952697753906 83.07718658447266
v 16.13553810119629 -63.17379379272461 83.053466796875
v 16.43356704711914 -62.720699310302734 83.13695526123047
v 13.850284576416016 -63.44692611694336 83.36255645751953
v 16.790536880493164 -63.24702072143555 83.39701080322266
v 17.419790267944336 -63.618309020996094 83.88253784179688
v 14.042244911193848 -62.07597351074219 83.17569732666016
v 16.844894409179688 -62.476295471191406 83.47595977783203
v 13.702305793762207 -61.91361618041992 83.39019775390625
v 13.153963088989258 -62.94179916381836 83.78276824951172
v 13.667633056640625 -62.46476364135742 83.3681411743164
v 17.40955924987793 -62.66646957397461 84.0207290649414
v 13.70248031616211 -61.62814712524414 83.54826354980469
v 16.98328399658203 -61.747440338134766 84.00259399414062
v 13.949806213378906 -61.190757751464844 83.84757232666016
v 14.865904808044434 -60.92133712768555 83.82986450195312
v 15.731407165527344 -60.91773986816406 83.91059112548828
v 16.466468811035156 -61.05706024169922 84.12125396728516
v 13.297416687011719 -61.94770050048828 83.90013122558594
v 17.553998947143555 -62.0538444519043 84.3890151977539
v 13.726958274841309 -60.73257827758789 84.44060516357422
v 14.394140243530273 -60.56014633178711 84.38633728027344
v 15.316526412963867 -60.46067810058594 84.41546630859375
v 16.192424774169922 -60.55208969116211 84.55928802490234
v -40.44205856323242 -51.704105377197266 85.4717788696289
v -39.66155242919922 -51.93918991088867 85.35993957519531
v -39.09553909301758 -51.77539825439453 85.03483581542969
v -38.48182678222656 -51.49142837524414 84.7577133178711
v -41.14240264892578 -51.20827102661133 85.31293487548828
v -37.80921173095703 -51.36509323120117 85.10165405273438
v -41.636688232421875 -50.88034439086914 85.70664978027344
v -37.220035552978516 -50.726287841796875 84.94007110595703
v -41.86601638793945 -50.133541107177734 85.34343719482422
v -36.670040130615234 -50.43953323364258 85.48259735107422
v -42.199649810791016 -49.451595306396484 85.84491729736328
v -36.13159942626953 -49.8385124206543 85.94337463378906
v -35.79819869995117 -49.18848419189453 86.12083435058594
v -35.77161407470703 -49.6218376159668 86.46092224121094
v -42.4552001953125 -48.74855422973633 86.48941802978516
v -35.603065490722656 -49.0915641784668 86.66099548339844
v -42.7382926940918 -49.097164154052734 86.99252319335938
v -42.06742477416992 -47.78152847290039 86.21290588378906
v -35.54990005493164 -48.3613395690918 86.93832397460938
v -35.77910232543945 -47.60248947143555 86.80616760253906
v -41.874114990234375 -47.124534606933594 86.92288208007812
v -36.293060302734375 -46.792213439941406 86.67003631591797
v -41.21597671508789 -46.24444580078125 86.71748352050781
v -35.8989372253418 -47.10727310180664 87.40035247802734
v -40.924190521240234 -45.77088928222656 87.47290802001953
v -36.69166946411133 -46.029354095458984 87.07972717285156
v -40.22437286376953 -45.2703857421875 87.32115936279297
v -36.90162658691406 -45.67534255981445 87.71552276611328
v -39.92072677612305 -45.07762145996094 87.96315002441406
v -37.34077835083008 -45.265106201171875 87.64543151855469
v -39.14384841918945 -44.96079635620117 87.91036224365234
v -38.32020568847656 -44.97846984863281 87.87126159667969
v -37.70750045776367 -45.082157135009766 87.90400695800781
v 13.7239351272583 -64.73775482177734 83.81483459472656
v 14.43111801147461 -64.99823760986328 83.7056655883789
v 15.4421968460083 -64.92601013183594 83.57559967041016
v 16.480031967163086 -65.00214385986328 83.79066467285156
v 15.069208145141602 -65.64519500732422 84.00846099853516
v 15.850980758666992 -65.6000747680664 83.93960571289062
v 16.312955856323242 -65.61918640136719 84.03815460205078
v 13.50244426727295 -64.2089614868164 83.70423889160156
v 17.155927658081055 -64.62970733642578 83.84640502929688
v 17.40782928466797 -64.2291259765625 83.87149047851562
v 17.49359893798828 -64.57989501953125 84.11949157714844
v 13.110573768615723 -63.7690315246582 83.89383697509766
v 17.72111701965332 -64.11579895019531 84.30458068847656
v 12.74412727355957 -63.36855697631836 84.18144989013672
v 12.723058700561523 -63.927215576171875 84.38085174560547
v 12.701728820800781 -62.72365188598633 84.40208435058594
v 17.880773544311523 -63.35171127319336 84.58418273925781
v 12.725621223449707 -61.85102844238281 84.93317413330078
v 17.935583114624023 -62.41291809082031 84.9395980834961
v 13.307923316955566 -61.170631408691406 84.4404525756836
v 17.6024227142334 -61.61629867553711 84.84609985351562
v 13.424384117126465 -60.7253303527832 84.72135162353516
v 17.05942153930664 -60.89985275268555 84.91839599609375
v 13.789983749389648 -60.35246658325195 85.08167266845703
v 14.823811531066895 -60.11983871459961 85.0500717163086
v 15.773019790649414 -60.12594223022461 85.11019897460938
v 16.511388778686523 -60.30616760253906 85.21316528320312
v 13.105175971984863 -60.91765594482422 85.11897277832031
v 17.631696701049805 -61.226680755615234 85.31910705566406
v 13.64503002166748 -60.04448318481445 85.80353546142578
v 14.341301918029785 -59.883304595947266 85.76832580566406
v 15.322608947753906 -59.82376480102539 85.81678771972656
v 16.246109008789062 -59.99373245239258 85.86481475830078
v -40.45647430419922 -52.1113166809082 86.49659729003906
v -39.76664352416992 -52.22764205932617 86.04826354980469
v -39.07473373413086 -52.18463134765625 85.78099822998047
v -38.40795135498047 -51.91002655029297 85.5030288696289
v -41.14107894897461 -51.55360412597656 86.1076889038086
v -37.77733612060547 -51.84843444824219 86.06066131591797
v -41.72318649291992 -51.1329345703125 86.65081787109375
v -37.155792236328125 -51.21196746826172 85.81377410888672
v -42.09846496582031 -50.33091354370117 86.23193359375
v -36.53653335571289 -50.795684814453125 86.48959350585938
v -36.01032257080078 -50.16035079956055 86.67251586914062
v -42.51024627685547 -49.63219451904297 86.81005859375
v -35.74729919433594 -49.75144958496094 87.05956268310547
v -42.784358978271484 -49.337764739990234 87.33683013916016
v -42.84181213378906 -49.005035400390625 87.2972412109375
v -35.54207229614258 -49.0944938659668 87.34867095947266
v -42.7172966003418 -48.73972702026367 87.08827209472656
v -42.421234130859375 -48.13344192504883 87.17818450927734
v -35.48875045776367 -48.51395034790039 87.63829803466797
v -42.087806701660156 -47.47658920288086 87.91670227050781
v -35.610443115234375 -47.797454833984375 87.64051055908203
v -41.55734634399414 -46.54096984863281 87.69012451171875
v -35.900882720947266 -47.16140365600586 88.13948822021484
v -41.12739944458008 -46.03947448730469 88.44837951660156
v -36.346412658691406 -46.4299430847168 87.76950073242188
v -40.56765365600586 -45.40248107910156 88.06440734863281
v -36.88687515258789 -45.93130111694336 88.49069213867188
v -40.238529205322266 -45.22478103637695 88.4876708984375
v -37.33100128173828 -45.354698181152344 88.19754791259766
v -39.59709167480469 -45.11575698852539 88.64788818359375
v -38.71579360961914 -45.04933547973633 88.54208374023438
v -37.94661331176758 -45.137569427490234 88.43350982666016
v -40.640296936035156 -45.53528594970703 88.67802429199219
v 14.801704406738281 -66.1823959350586 84.68769073486328
v 15.593008995056152 -66.09508514404297 84.4065170288086
v 16.139680862426758 -65.92269134521484 84.26316833496094
v 14.404875755310059 -65.67140197753906 84.18072509765625
v 16.662538528442383 -65.69461059570312 84.43572235107422
v 13.83147144317627 -65.31311798095703 84.21239471435547
v 17.18465805053711 -65.0598373413086 84.24633026123047
v 14.098912239074707 -65.88548278808594 84.644775390625
v 13.159649848937988 -64.65440368652344 84.36266326904297
v 17.666568756103516 -64.7450942993164 84.66744232177734
v 12.572509765625 -64.27780151367188 85.00141143798828
v 12.465875625610352 -63.48523712158203 84.73346710205078
v 18.0374755859375 -64.12940216064453 85.08538818359375
v 12.339767456054688 -62.85172653198242 85.18537902832031
v 18.33096694946289 -63.28609848022461 85.61312103271484
v 18.605518341064453 -63.35198974609375 86.30713653564453
v 12.304010391235352 -62.28096389770508 85.7147445678711
v 18.24811363220215 -62.496768951416016 85.6454086303711
v 12.60657024383545 -61.333274841308594 86.05475616455078
v 18.003047943115234 -61.77579116821289 85.80162048339844
v 13.195923805236816 -60.45166015625 85.73025512695312
v 17.548622131347656 -60.93686294555664 85.845947265625
v 13.360615730285645 -60.105804443359375 86.0937728881836
v 16.980525970458984 -60.38562774658203 85.80717468261719
v 13.775016784667969 -59.858612060546875 86.52849578857422
v 14.801198959350586 -59.63164138793945 86.54292297363281
v 15.82406234741211 -59.728885650634766 86.7506332397461
v 16.747901916503906 -60.13127136230469 86.64173889160156
v 13.063278198242188 -60.4083251953125 86.44133758544922
v 17.34233283996582 -60.57576370239258 86.49275207519531
v 13.741600036621094 -59.776344299316406 87.35173034667969
v 14.380508422851562 -59.56106185913086 87.2271957397461
v 15.168404579162598 -59.50449752807617 87.28850555419922
v -40.33780288696289 -52.346858978271484 87.3523178100586
v -39.727684020996094 -52.44924545288086 86.8656997680664
v -39.174659729003906 -52.42350769042969 86.4573745727539
v -38.43815994262695 -52.27334976196289 86.4058609008789
v -41.10499572753906 -51.86017990112305 87.26924133300781
v -37.8594856262207 -52.11581039428711 86.64614868164062
v -41.75160598754883 -51.272979736328125 87.48878479003906
v -37.31739807128906 -51.703041076660156 86.89839935302734
v -40.67652893066406 -52.24256134033203 87.71984100341797
v -38.10028076171875 -52.26738357543945 87.14798736572266
v -42.19037628173828 -50.541873931884766 87.28740692138672
v -36.713714599609375 -51.21776580810547 87.17633056640625
v -36.28228759765625 -50.626747131347656 87.49409484863281
v -41.96134948730469 -50.98295593261719 87.984619140625
v -36.99836349487305 -51.46979904174805 87.76351165771484
v -42.563175201416016 -49.78635025024414 87.63197326660156
v -35.800228118896484 -49.77784729003906 87.81190490722656
v -42.755977630615234 -49.335391998291016 87.74805450439453
v -36.198951721191406 -50.32981491088867 88.32880401611328
v -42.84642791748047 -49.09252166748047 87.55887603759766
v -35.60977554321289 -49.04727554321289 88.06388092041016
v -42.745811462402344 -48.7388916015625 87.52373504638672
v -42.73290252685547 -49.00914001464844 87.86550903320312
v -35.93785095214844 -49.65231704711914 88.5588607788086
v -42.46076583862305 -48.47262954711914 88.1300048828125
v -35.59508514404297 -48.327239990234375 88.23157501220703
v -35.83578872680664 -48.877498626708984 88.76019287109375
v -42.05931091308594 -47.85688018798828 88.8595199584961
v -35.69896697998047 -47.727867126464844 88.34632110595703
v -41.689090728759766 -46.946319580078125 88.6466064453125
v -35.96503829956055 -47.423583984375 88.75598907470703
v -35.87760543823242 -48.081626892089844 88.87142944335938
v -41.284645080566406 -46.576080322265625 89.19859313964844
v -36.40940856933594 -46.75661849975586 88.8285140991211
v -37.19260787963867 -46.2535400390625 89.37785339355469
v -40.74003219604492 -45.97957992553711 89.27754211425781
v -37.54116439819336 -45.55668258666992 88.8784408569336
v -40.21691131591797 -45.42283248901367 89.02506256103516
v -39.69819641113281 -45.38412094116211 89.27885437011719
v -39.05138397216797 -45.304073333740234 89.19425201416016
v -38.27082061767578 -45.344661712646484 89.07072448730469
v -40.08171844482422 -45.77359390258789 89.61287689208984
v -39.3759651184082 -45.70344543457031 89.72897338867188
v -38.59178924560547 -45.72320556640625 89.66675567626953
v -37.8955078125 -45.797115325927734 89.47038269042969
v 14.181878089904785 -66.3006362915039 85.44965362548828
v 14.928376197814941 -66.6023178100586 85.41016387939453
v 15.51756477355957 -66.5046157836914 85.08836364746094
v 16.160709381103516 -66.23426055908203 84.8033218383789
v 13.527682304382324 -65.59545135498047 84.97773742675781
v 16.762399673461914 -66.10950469970703 85.30033111572266
v 17.30365562438965 -65.44910430908203 84.99115753173828
v 12.90011978149414 -65.1077651977539 85.39141082763672
v 17.84724235534668 -64.95699310302734 85.55160522460938
v 12.446398735046387 -64.5827407836914 85.86067199707031
v 12.266263008117676 -63.731014251708984 85.50419616699219
v 18.341352462768555 -64.27455139160156 86.02267456054688
v 18.59104347229004 -63.74818801879883 86.19486999511719
v 18.62090492248535 -64.09500122070312 86.45874786376953
v 12.135842323303223 -63.094539642333984 86.01174926757812
v 18.69914436340332 -63.753990173339844 86.60612487792969
v 18.628660202026367 -63.3519401550293 86.81642150878906
v 12.176254272460938 -62.38587951660156 86.49729919433594
v 18.418506622314453 -62.713619232177734 86.32566833496094
v 12.307740211486816 -61.79388427734375 86.99496459960938
v 18.208524703979492 -62.08699417114258 86.80313873291016
v 12.657509803771973 -60.96868133544922 87.18339538574219
v 17.8018856048584 -61.25468826293945 86.8506851196289
v 13.205312728881836 -60.18867874145508 87.19579315185547
v 16.460067749023438 -60.03962707519531 87.62479400634766
v 17.25018882751465 -60.59490203857422 87.33394622802734
v 12.93148422241211 -60.53485107421875 87.75382232666016
v 13.454646110534668 -60.081581115722656 87.97830200195312
v 15.768806457519531 -59.626708984375 87.53661346435547
v 14.119361877441406 -59.663177490234375 87.87358856201172
v 14.79056453704834 -59.52054977416992 87.83911895751953
v 15.374069213867188 -59.54201126098633 87.854736328125
v -39.63372802734375 -52.509124755859375 87.64226531982422
v -38.907962799072266 -52.488346099853516 87.1926040649414
v -40.1978874206543 -52.33995056152344 88.09107971191406
v -38.428897857666016 -52.3979606628418 87.62303161621094
v -40.86635208129883 -52.053531646728516 88.1268539428711
v -37.86726760864258 -52.044654846191406 87.95223999023438
v -39.59436798095703 -52.44160461425781 88.16442108154297
v -38.92201614379883 -52.388912200927734 88.04891204833984
v -41.43515396118164 -51.51461410522461 88.27561950683594
v -37.29862594604492 -51.664466857910156 88.30315399169922
v -41.86907196044922 -50.94712829589844 88.53144836425781
v -36.865692138671875 -51.093711853027344 88.58071899414062
v -40.98477554321289 -51.851234436035156 88.56950378417969
v -37.651241302490234 -51.70722198486328 88.74774169921875
v -42.20933532714844 -50.33332443237305 88.28337097167969
v -36.488365173339844 -50.25887680053711 89.09212493896484
v -41.900108337402344 -50.56852722167969 88.93109893798828
v -36.98392105102539 -50.84685516357422 89.31719970703125
v -42.484188079833984 -49.37929916381836 88.30155944824219
v -36.1888313293457 -49.44932174682617 89.17398071289062
v -42.15521240234375 -48.77947998046875 89.1197280883789
v -36.32463455200195 -48.66781234741211 89.51422119140625
v -41.80338668823242 -48.572181701660156 89.8301010131836
v -36.87357711791992 -48.9315185546875 90.12427520751953
v -41.93688201904297 -48.13761901855469 89.51111602783203
v -36.36903762817383 -47.5717887878418 89.42969512939453
v -41.55350875854492 -47.47030258178711 89.60565185546875
v -41.723907470703125 -48.089561462402344 89.85773468017578
v -36.91838836669922 -48.07928466796875 90.14808654785156
v -40.94575119018555 -46.71208190917969 89.82049560546875
v -36.74501037597656 -46.89249038696289 89.56787109375
v -40.43425369262695 -46.26140213012695 89.89884948730469
v -39.74980545043945 -46.309383392333984 90.18338775634766
v -38.958106994628906 -46.15628433227539 90.11129760742188
v -38.04452896118164 -46.46997833251953 90.0849838256836
v -37.2159423828125 -46.808502197265625 89.94396209716797
v -40.38227844238281 -46.824684143066406 90.31619262695312
v -39.7960090637207 -46.96442794799805 90.59175872802734
v -37.492950439453125 -47.357025146484375 90.37969970703125
v -36.882850646972656 -47.30691909790039 89.96184539794922
v 14.07754135131836 -66.5567855834961 86.45713806152344
v 14.764991760253906 -66.76441955566406 86.11405944824219
v 15.471389770507812 -66.78668212890625 85.8590087890625
v 16.139705657958984 -66.57100677490234 85.58316802978516
v 13.384617805480957 -65.91778564453125 86.077392578125
v 16.696212768554688 -66.43409729003906 86.1747055053711
v 17.336225509643555 -65.7795639038086 85.962158203125
v 13.591265678405762 -66.31468963623047 86.90242767333984
v 12.781538009643555 -65.29473114013672 86.24873352050781
v 17.976825714111328 -65.11714172363281 86.70319366455078
v 12.480813980102539 -64.83407592773438 86.73609161376953
v 18.47342300415039 -64.47317504882812 86.61857604980469
v 12.194385528564453 -63.98773193359375 86.3652572631836
v 18.64049530029297 -64.16351318359375 86.84315490722656
v 18.421979904174805 -64.56912231445312 87.02052307128906
v 12.104775428771973 -63.30611038208008 86.86900329589844
v 18.67998695373535 -63.81810760498047 86.98540496826172
v 18.554182052612305 -63.63106155395508 87.2887954711914
v 18.51342010498047 -64.15968322753906 87.29043579101562
v 12.16474723815918 -62.594566345214844 87.36490631103516
v 18.374008178710938 -62.923095703125 87.32530212402344
v 12.396541595458984 -61.84214401245117 87.8682632446289
v 18.048038482666016 -62.030269622802734 87.67129516601562
v 12.68019962310791 -61.08196258544922 87.99762725830078
v 13.039558410644531 -60.71023178100586 88.39080047607422
v 17.6505069732666 -61.27462387084961 87.94392395019531
v 16.337989807128906 -60.237884521484375 88.51296997070312
v 17.063135147094727 -60.75399398803711 88.34600067138672
v 17.514360427856445 -61.36093521118164 88.6296157836914
v 13.542770385742188 -60.364749908447266 88.73136138916016
v 15.854826927185059 -59.7817268371582 88.12741088867188
v 14.007832527160645 -59.924983978271484 88.49097442626953
v 14.529170036315918 -59.68801498413086 88.3251953125
v 15.201024055480957 -59.74599075317383 88.422119140625
v 14.018501281738281 -60.22550582885742 88.99073028564453
v 15.789305686950684 -60.00832748413086 88.6657943725586
v -39.536380767822266 -52.13078308105469 88.73102569580078
v -38.49013900756836 -52.013973236083984 88.75880432128906
v -40.47056579589844 -51.98170471191406 88.7197036743164
v -38.11161422729492 -51.62484359741211 89.29136657714844
v -40.93975830078125 -51.51671600341797 89.02865600585938
v -37.480857849121094 -51.27536392211914 89.30826568603516
v -40.026493072509766 -51.47108459472656 89.54063415527344
v -38.91048049926758 -51.629180908203125 89.4745864868164
v -41.500606536865234 -51.02978515625 89.03822326660156
v -37.37724685668945 -50.839969635009766 89.71977996826172
v -41.589195251464844 -50.45396041870117 89.43204498291016
v -36.97212600708008 -50.427146911621094 89.66058349609375
v -40.90280532836914 -50.794185638427734 89.76554107666016
v -40.05126953125 -50.7487678527832 90.37313842773438
v -39.16421890258789 -50.96902084350586 90.28492736816406
v -38.12516784667969 -51.07160186767578 89.88946533203125
v -41.99648666381836 -49.82191848754883 89.15872955322266
v -36.74617385864258 -49.664188385009766 89.77268981933594
v -41.81675720214844 -49.21006774902344 89.71435546875
v -37.28661346435547 -49.440040588378906 90.34066009521484
v -41.3370246887207 -49.81669235229492 89.98440551757812
v -40.54405212402344 -50.126625061035156 90.51594543457031
v -38.448822021484375 -50.42850112915039 90.56376647949219
v -37.540550231933594 -50.24283218383789 90.1630630493164
v -41.44786834716797 -48.997108459472656 90.1562728881836
v -37.41324996948242 -48.74740982055664 90.54830932617188
v -40.66714096069336 -49.108089447021484 90.65504455566406
v -38.124271392822266 -49.48301315307617 90.78291320800781
v -41.30406951904297 -48.24788284301758 90.2227783203125
v -37.5238151550293 -48.066688537597656 90.61405944824219
v -40.88797378540039 -47.453792572021484 90.28868865966797
v -40.1916618347168 -47.52053451538086 90.68738555908203
v -37.97626876831055 -47.768470764160156 90.75337982177734
v -40.60423278808594 -48.1356201171875 90.6461410522461
v -39.74781036376953 -48.42545700073242 90.96762084960938
v -38.80946350097656 -48.83353805541992 91.05487823486328
v -38.06527328491211 -48.453399658203125 90.85440063476562
v -39.513126373291016 -47.49772644042969 90.82235717773438
v -38.22843551635742 -47.22846603393555 90.61355590820312
v -39.00769805908203 -46.88045120239258 90.55046081542969
v -38.75157165527344 -47.84872055053711 90.88819122314453
v 14.679616928100586 -66.8481216430664 86.90856170654297
v 15.385997772216797 -66.8895034790039 86.65728759765625
v 16.08025360107422 -66.77351379394531 86.3764877319336
v 14.126884460449219 -66.62578582763672 87.30497741699219
v 16.52870750427246 -66.62395477294922 86.72960662841797
v 13.568299293518066 -66.31233215332031 87.41605377197266
v 17.063207626342773 -66.17050170898438 87.07731628417969
v 14.6585054397583 -66.80897521972656 87.4316635131836
v 15.209232330322266 -66.82115936279297 87.41162872314453
v 16.113656997680664 -66.70100402832031 87.21350860595703
v 13.079038619995117 -65.71039581298828 87.20601654052734
v 17.623638153076172 -65.53313446044922 87.71260070800781
v 12.595320701599121 -64.90457153320312 87.4709243774414
v 13.443840980529785 -66.13335418701172 87.6734619140625
v 17.177974700927734 -66.06745910644531 87.9452896118164
v 12.273655891418457 -64.1863021850586 87.2092514038086
v 18.136194229125977 -64.74614715576172 87.54442596435547
v 12.538084030151367 -64.34005737304688 87.98139190673828
v 12.240643501281738 -63.49016189575195 87.70523834228516
v 18.20061492919922 -63.89137268066406 87.90398406982422
v 12.564927101135254 -63.59421157836914 88.46791076660156
v 12.323354721069336 -62.770572662353516 88.15684509277344
v 18.01392364501953 -62.90583038330078 88.29889678955078
v 12.627309799194336 -62.82537841796875 88.7957992553711
v 12.476173400878906 -62.255035400390625 88.52249145507812
v 17.749605178833008 -61.99038314819336 88.61267852783203
v 12.794530868530273 -61.6176643371582 88.70806884765625
v 17.52773094177246 -61.66047286987305 88.95136260986328
v 12.671124458312988 -62.28276443481445 88.8770523071289
v 17.342180252075195 -62.07504653930664 89.28787994384766
v 13.274093627929688 -60.9665412902832 89.0306167602539
v 17.19083595275879 -61.34733581542969 89.02427673339844
v 13.803840637207031 -60.72080993652344 89.30675506591797
v 16.013164520263672 -60.41424560546875 89.01707458496094
v 16.569669723510742 -60.85177993774414 89.05023193359375
v 13.517231941223145 -61.11475372314453 89.39945983886719
v 15.797723770141602 -61.0454216003418 89.53973388671875
v 16.70213508605957 -61.618160247802734 89.50662231445312
v 14.32394027709961 -60.44770050048828 89.31168365478516
v 15.40157699584961 -60.24116516113281 89.04715728759766
v 14.612194061279297 -60.046142578125 88.90138244628906
v 14.92269229888916 -60.599422454833984 89.43531799316406
v -39.532413482666016 -50.512874603271484 90.8359603881836
v -39.038490295410156 -50.48005294799805 90.8324203491211
v -39.9935188293457 -50.29053497314453 90.84960174560547
v -38.82033920288086 -50.02581024169922 91.01219940185547
v -39.6453971862793 -50.082645416259766 91.11548614501953
v -39.25899887084961 -50.223426818847656 91.08296203613281
v -40.09760284423828 -49.78090286254883 90.99293518066406
v -38.867576599121094 -49.50587463378906 91.13352966308594
v -39.93146514892578 -49.26050567626953 91.09283447265625
v -39.38390350341797 -49.264339447021484 91.19822692871094
v -39.673492431640625 -49.66413879394531 91.20982360839844
v -39.271236419677734 -49.82133102416992 91.2098388671875
v 14.714872360229492 -66.5282211303711 87.99652099609375
v 15.7347993850708 -66.5143051147461 88.08948516845703
v 16.6087703704834 -66.37071228027344 87.95054626464844
v 13.878613471984863 -66.32438659667969 87.87556457519531
v 16.947240829467773 -66.06565856933594 88.40606689453125
v 13.480572700500488 -65.83698272705078 88.07288360595703
v 17.33818244934082 -65.72156524658203 88.3224105834961
v 14.214271545410156 -65.9592056274414 88.57671356201172
v 15.327455520629883 -65.9599609375 89.00714874267578
v 16.349103927612305 -66.09851837158203 88.67724609375
v 12.989676475524902 -65.14752197265625 88.08024597167969
v 17.62891387939453 -64.92053985595703 88.42155456542969
v 13.616762161254883 -65.26127624511719 88.78206634521484
v 14.481524467468262 -65.35072326660156 89.41583251953125
v 16.278593063354492 -65.5325698852539 89.40882110595703
v 16.97785186767578 -65.59273529052734 88.83357238769531
v 13.03657341003418 -64.435302734375 88.71588897705078
v 17.64277458190918 -63.82008361816406 88.86647033691406
v 13.811637878417969 -64.44737243652344 89.48963928222656
v 16.979154586791992 -64.73145294189453 89.37413787841797
v 13.102716445922852 -63.54076385498047 89.15973663330078
v 17.581544876098633 -62.83219909667969 89.11953735351562
v 17.26783561706543 -62.720970153808594 89.54468536376953
v 13.86558723449707 -63.33176040649414 89.82792663574219
v 17.001352310180664 -63.48762130737305 89.70452880859375
v 13.111198425292969 -62.479576110839844 89.27983093261719
v 16.851518630981445 -62.491580963134766 89.76322174072266
v 13.342381477355957 -61.594276428222656 89.37010955810547
v 15.415048599243164 -61.72798156738281 89.97492980957031
v 16.120840072631836 -62.0710563659668 89.93684387207031
v 13.85251235961914 -62.222591400146484 89.78617095947266
v 14.548973083496094 -62.83816909790039 90.16413879394531
v 15.42802619934082 -62.63544845581055 90.22222900390625
v 16.30266761779785 -63.005916595458984 90.11945343017578
v 13.881123542785645 -61.36913299560547 89.64962005615234
v 15.032843589782715 -61.19369125366211 89.78984832763672
v 14.406832695007324 -60.97657012939453 89.64664459228516
v 14.635469436645508 -61.825931549072266 89.97158813476562
v 15.667376518249512 -65.54412078857422 89.69780731201172
v 15.172811508178711 -65.48595428466797 89.70376586914062
v 16.000110626220703 -65.26952362060547 89.92139434814453
v 14.919923782348633 -65.12037658691406 89.95353698730469
v 16.401058197021484 -65.00717163085938 89.8576889038086
v 15.493996620178223 -65.1209487915039 90.08621978759766
v 14.500706672668457 -64.77769470214844 89.92251586914062
v 16.50664520263672 -64.3831787109375 90.02344512939453
v 15.020933151245117 -64.59457397460938 90.25910949707031
v 15.598736763000488 -64.61900329589844 90.34416961669922
v 16.02669906616211 -64.8239517211914 90.17658996582031
v 14.40764331817627 -64.14842987060547 90.10658264160156
v 16.361101150512695 -63.75852966308594 90.1993179321289
v 14.53721809387207 -63.56980895996094 90.262939453125
v 15.09601879119873 -63.46097183227539 90.39727020263672
v 15.786908149719238 -63.551239013671875 90.37570190429688
v 14.88161563873291 -63.999481201171875 90.3805923461914
v 15.40265941619873 -64.10491943359375 90.43795013427734
v 15.978253364562988 -64.24153137207031 90.34486389160156
vn -0.024392763152718544 -0.08890827000141144 -0.9957411289215088
vn 0.11714819818735123 -0.14033924043178558 -0.9831486344337463
vn 0.282103568315506 -0.12063989788293839 -0.951768696308136
vn -0.2250390499830246 0.1720118671655655 -0.9590460658073425
vn -0.045778822153806686 0.14417099952697754 -0.9884933233261108
vn 0.11639315634965897 0.07689602673053741 -0.9902220368385315
vn 0.2566249370574951 0.07034208625555038 -0.9639479517936707
vn 0.4302658438682556 0.05049840733408928 -0.9012886881828308
vn -0.34333568811416626 0.3172307312488556 -0.8840165734291077
vn -0.13110703229904175 0.34923219680786133 -0.9278188943862915
vn 0.0718524381518364 0.3218088746070862 -0.9440743327140808
vn 0.24994027614593506 0.2881217300891876 -0.9244002103805542
vn 0.38732993602752686 0.26927876472473145 -0.8817394971847534
vn -0.35884889960289 0.44519078731536865 -0.8203856945037842
vn -0.14457674324512482 0.5085248351097107 -0.848822832107544
vn 0.02536008320748806 0.5372536182403564 -0.8430394530296326
vn 0.1902107298374176 0.4900761544704437 -0.8506733775138855
vn 0.32692405581474304 0.5040073990821838 -0.799435555934906
vn -0.35969582200050354 0.6206569671630859 -0.6967093348503113
vn -0.12668448686599731 0.6780152916908264 -0.7240485548973083
vn 0.006529287435114384 0.704039990901947 -0.7101303935050964
vn 0.18167008459568024 0.6686598658561707 -0.7210339307785034
vn -0.18785063922405243 -0.30065545439720154 -0.9350499510765076
vn -0.01539348904043436 -0.31915000081062317 -0.9475792050361633
vn 0.19937017560005188 -0.3252602815628052 -0.9243686199188232
vn 0.0001946743141161278 -0.5162472724914551 -0.8564395904541016
vn 0.16167034208774567 -0.5072448253631592 -0.846501886844635
vn -0.20474247634410858 -0.10051091015338898 -0.9736416935920715
vn 0.32834112644195557 -0.3123265504837036 -0.8914282321929932
vn -0.407000869512558 0.05515096336603165 -0.9117612838745117
vn 0.5465630888938904 -0.13247615098953247 -0.8268729448318481
vn -0.47450584173202515 -0.1736794114112854 -0.8629482388496399
vn 0.5126358866691589 -0.3596876859664917 -0.7796341180801392
vn -0.5319222807884216 0.1641915887594223 -0.8307225108146667
vn 0.623720645904541 -0.02500370889902115 -0.7812473177909851
vn -0.6350235342979431 -0.016676193103194237 -0.7723127603530884
vn 0.7200577259063721 0.057720232754945755 -0.6915094256401062
vn -0.5673683285713196 0.29797133803367615 -0.7676628828048706
vn 0.570919394493103 0.1948976218700409 -0.7975374460220337
vn -0.7089188694953918 0.17673011124134064 -0.6827887296676636
vn 0.7060641050338745 0.28540655970573425 -0.6480869054794312
vn -0.5974770188331604 0.4710604250431061 -0.6489401459693909
vn 0.5210229158401489 0.3751790225505829 -0.7666654586791992
vn 0.4504879415035248 0.5539206266403198 -0.7001661062240601
vn -0.7447479963302612 0.3250073492527008 -0.5828557014465332
vn 0.6720887422561646 0.44490376114845276 -0.5919099450111389
vn -0.4764828085899353 0.7355758547782898 -0.4815520644187927
vn 0.34710028767585754 0.7263090014457703 -0.5932930111885071
vn -0.22764457762241364 0.8327505588531494 -0.5046825408935547
vn -0.09514062851667404 0.8647248148918152 -0.49315235018730164
vn 0.05974855273962021 0.8330323696136475 -0.5499884486198425
vn 0.2237379401922226 0.8048242926597595 -0.5497264862060547
vn 0.4943062365055084 0.6927093267440796 -0.5251811146736145
vn 0.6501530408859253 0.6547634601593018 -0.3854682743549347
vn -0.15999898314476013 0.932642936706543 -0.32338443398475647
vn -0.002740343101322651 0.9448654651641846 -0.3274472653865814
vn 0.147126704454422 0.9293083548545837 -0.33873260021209717
vn -0.07459360361099243 -0.7578505277633667 -0.6481499671936035
vn 0.10868670791387558 -0.7285889983177185 -0.6762731075286865
vn -0.11204101145267487 -0.5624614953994751 -0.8191971182823181
vn 0.3300117552280426 -0.5611941814422607 -0.7590476870536804
vn -0.3850771486759186 -0.4318488836288452 -0.8156115412712097
vn -0.23760192096233368 -0.5047842264175415 -0.8299025297164917
vn 0.4841489791870117 -0.5328912138938904 -0.6939933896064758
vn -0.39618971943855286 -0.6205838918685913 -0.6766899824142456
vn -0.2504280209541321 -0.696412980556488 -0.6725286841392517
vn 0.4858899712562561 -0.648725688457489 -0.5857183933258057
vn -0.5405488014221191 -0.3632516860961914 -0.7588512301445007
vn 0.6576495170593262 -0.39376693964004517 -0.6422187089920044
vn -0.7005342841148376 -0.2008262425661087 -0.6847777366638184
vn 0.7510125041007996 -0.22852182388305664 -0.6194819808006287
vn -0.6538732647895813 -0.37211424112319946 -0.6587722301483154
vn 0.760361909866333 -0.42253220081329346 -0.49327099323272705
vn -0.7807255983352661 -0.0019337238045409322 -0.6248710751533508
vn 0.8055654764175415 -0.08984501659870148 -0.5856552720069885
vn -0.8004425168037415 -0.170858234167099 -0.5745427012443542
vn 0.8957006931304932 -0.03945623338222504 -0.4429035484790802
vn -0.8098740577697754 0.28211498260498047 -0.514310359954834
vn 0.8170796632766724 0.17460007965564728 -0.5494503378868103
vn -0.8441504240036011 0.10648183524608612 -0.5254252552986145
vn 0.9054535031318665 0.2096761018037796 -0.36903926730155945
vn -0.8222267031669617 0.45802152156829834 -0.3378751277923584
vn 0.8255746960639954 0.36672595143318176 -0.4288805425167084
vn -0.7399190664291382 0.5080955624580383 -0.44086137413978577
vn 0.8891597390174866 0.3968362808227539 -0.22785063087940216
vn -0.6111140847206116 0.6915265321731567 -0.3851373493671417
vn 0.8035856485366821 0.48887574672698975 -0.33948585391044617
vn -0.40840020775794983 0.8617817163467407 -0.3009012043476105
vn 0.5394196510314941 0.7973892688751221 -0.27054911851882935
vn 0.7210414409637451 0.679908037185669 -0.13350769877433777
vn -0.6948885321617126 0.6783226132392883 -0.23876433074474335
vn -0.2676791250705719 0.9432735443115234 -0.19642533361911774
vn 0.34904786944389343 0.8570295572280884 -0.3790329396724701
vn -0.07534879446029663 0.9882532954216003 -0.13295841217041016
vn 0.10223647952079773 0.9867910742759705 -0.125662699341774
vn 0.2563488185405731 0.9581810235977173 -0.12717866897583008
vn -0.4660966098308563 0.8733286261558533 -0.1416022628545761
vn 0.4425717294216156 0.8819853663444519 -0.16196346282958984
vn -0.3116910755634308 -0.7944087982177734 -0.5213092565536499
vn -0.22112807631492615 -0.8146392703056335 -0.5361577868461609
vn -0.04252171888947487 -0.8698275089263916 -0.49152010679244995
vn 0.13429448008537292 -0.8484067916870117 -0.5120263695716858
vn 0.3277829885482788 -0.7846425771713257 -0.5262075662612915
vn -0.45148351788520813 -0.6066934466362 -0.6542826890945435
vn 0.574455976486206 -0.7054458856582642 -0.4151463508605957
vn -0.6491554975509644 -0.538131058216095 -0.5375985503196716
vn 0.6526285409927368 -0.6074116826057434 -0.45290952920913696
vn -0.5125224590301514 -0.7246683239936829 -0.4606262743473053
vn -0.7798950672149658 -0.4098721444606781 -0.4730418622493744
vn 0.7841624021530151 -0.5131714344024658 -0.3489188849925995
vn -0.8894062638282776 -0.3058902621269226 -0.33968764543533325
vn 0.8253387212753296 -0.33618053793907166 -0.45365044474601746
vn -0.9093129634857178 -0.06707209348678589 -0.41067180037498474
vn 0.9169730544090271 -0.26629355549812317 -0.29706594347953796
vn -0.9488318562507629 0.1234360784292221 -0.2906573414802551
vn 0.969932496547699 -0.018218139186501503 -0.2426912933588028
vn -0.8606576919555664 0.3130306005477905 -0.40159717202186584
vn -0.8297370672225952 0.5030689835548401 -0.24178114533424377
vn 0.9623516798019409 0.23273856937885284 -0.1403997838497162
vn 0.896704912185669 0.44255736470222473 0.007959525100886822
vn -0.9082334637641907 0.3595787286758423 -0.21404488384723663
vn -0.788897693157196 0.5996125936508179 -0.13455583155155182
vn 0.8388023972511292 0.5336793065071106 -0.10768941044807434
vn -0.6359946727752686 0.7573516368865967 -0.14808548986911774
vn 0.72217857837677 0.6909791231155396 0.03171877935528755
vn -0.541236162185669 0.8407949209213257 0.011287147179245949
vn 0.6063605546951294 0.7949142456054688 -0.02093632146716118
vn -0.3198327124118805 0.9472189545631409 -0.021984847262501717
vn -0.19016078114509583 0.9806005358695984 -0.047554999589920044
vn 0.13681374490261078 0.9903773069381714 -0.020851071923971176
vn 0.26289311051368713 0.9609859585762024 0.085984006524086
vn 0.41818323731422424 0.9044673442840576 0.08403433859348297
vn -0.3064767122268677 0.9487655162811279 0.07691562920808792
vn -0.014055270701646805 0.999661386013031 0.021899083629250526
vn -0.4675856828689575 -0.8154721856117249 -0.34112873673439026
vn -0.2820109724998474 -0.9023321270942688 -0.32598555088043213
vn -0.17377310991287231 -0.9113394618034363 -0.37317991256713867
vn -0.06341995298862457 -0.9287920594215393 -0.3651346266269684
vn 0.15537984669208527 -0.9204599857330322 -0.35862311720848083
vn 0.370670884847641 -0.8529554605484009 -0.3675188422203064
vn -0.722086489200592 -0.6236265897750854 -0.2994680404663086
vn 0.5658151507377625 -0.7810069918632507 -0.2643505930900574
vn 0.6990779042243958 -0.6670755743980408 -0.2574883997440338
vn -0.7070102691650391 -0.6745116710662842 -0.21253329515457153
vn -0.8356863260269165 -0.5009450912475586 -0.2251276820898056
vn 0.7755908966064453 -0.6221955418586731 -0.10644937306642532
vn -0.9095354676246643 -0.40672293305397034 -0.0855671614408493
vn 0.8399801254272461 -0.4890187382698059 -0.23514699935913086
vn -0.964604377746582 -0.17478346824645996 -0.19745664298534393
vn 0.9579616785049438 -0.27654415369033813 -0.07637262344360352
vn 0.8548354506492615 -0.5184928178787231 -0.020534249022603035
vn -0.9932158589363098 -0.012794786132872105 -0.11557940393686295
vn 0.9995689392089844 -0.01055808924138546 -0.027395136654376984
vn -0.9641851782798767 0.26046642661094666 -0.05004217103123665
vn 0.9731507897377014 0.21077866852283478 0.09246627986431122
vn -0.8674371242523193 0.4951687455177307 -0.048586878925561905
vn 0.8803587555885315 0.4120246469974518 0.23495569825172424
vn -0.8163483738899231 0.5736444592475891 0.06713759899139404
vn 0.8073432445526123 0.5726115107536316 0.14252376556396484
vn -0.7238903641700745 0.6899142265319824 -0.0011100268457084894
vn 0.7250393033027649 0.6423850059509277 0.24831359088420868
vn -0.6069775223731995 0.7805889844894409 0.14919503033161163
vn 0.601539134979248 0.7760091423988342 0.18963244557380676
vn -0.4662143886089325 0.8725025653839111 0.14623066782951355
vn 0.36406052112579346 0.8894647359848022 0.2762471139431
vn 0.42675986886024475 0.8631108403205872 0.2700290381908417
vn -0.7391273975372314 0.6489716172218323 0.18035118281841278
vn -0.42008766531944275 0.8492439389228821 0.31986117362976074
vn 0.28219905495643616 0.9502471685409546 0.1318867802619934
vn -0.1533021628856659 0.9481491446495056 0.27840909361839294
vn 0.13379430770874023 0.9490410089492798 0.2853425443172455
vn -0.30477508902549744 -0.9431701898574829 -0.13244719803333282
vn -0.1520138680934906 -0.9773035049438477 -0.14754565060138702
vn -0.03196513652801514 -0.9853857755661011 -0.16731171309947968
vn 0.11252959817647934 -0.9724583625793457 -0.20411236584186554
vn 0.3189573287963867 -0.9275045990943909 -0.1949394941329956
vn -0.5233784914016724 -0.8357619047164917 -0.1660633385181427
vn 0.5174924731254578 -0.8474622964859009 -0.11836068332195282
vn -0.7281242609024048 -0.685445249080658 -0.00011906943836947903
vn 0.6627523899078369 -0.7465545535087585 -0.058444034308195114
vn -0.1024089828133583 0.06484964489936829 -0.9926263093948364
vn 0.07419894635677338 0.06786438822746277 -0.9949316382408142
vn 0.22911754250526428 0.11090454459190369 -0.9670601487159729
vn 0.4289635419845581 0.13963119685649872 -0.892464816570282
vn 0.41055577993392944 -0.9117423295974731 0.013033312745392323
vn -0.8411868810653687 -0.5407382845878601 -0.0025761243887245655
vn 0.8064187169075012 -0.5865780711174011 0.074933722615242
vn -0.8652020692825317 -0.4870656132698059 0.11913223564624786
vn -0.14259660243988037 0.2676243782043457 -0.9529131650924683
vn 0.0606062151491642 0.26833415031433105 -0.961417555809021
vn 0.21770261228084564 0.3046029210090637 -0.9272662401199341
vn 0.3977035880088806 0.347291499376297 -0.8492470383644104
vn 0.6485380530357361 -0.7498935461044312 0.1306069791316986
vn -0.9601806998252869 -0.27778998017311096 0.029760705307126045
vn 0.841890811920166 -0.4864521324634552 0.23363277316093445
vn 0.923085629940033 -0.3542829751968384 0.14965488016605377
vn 0.0072583951987326145 0.4839969575405121 -0.8750395774841309
vn 0.17487840354442596 0.4853219985961914 -0.8566680550575256
vn 0.3536220192909241 0.484335333108902 -0.8002316951751709
vn -0.8832473754882812 -0.40519365668296814 0.23599207401275635
vn -0.9982967376708984 -0.012815166264772415 0.056916214525699615
vn 0.9743251204490662 -0.1061522364616394 0.19855068624019623
vn 0.8770563006401062 -0.28113606572151184 0.38953158259391785
vn -0.9696277379989624 0.18098372220993042 0.16452041268348694
vn 0.9425147771835327 0.1285393089056015 0.3084535002708435
vn -0.8806844353675842 0.4534805715084076 0.13693201541900635
vn 0.8436551094055176 0.23551207780838013 0.4824729263782501
vn -0.8680981993675232 0.3361012935638428 0.36529645323753357
vn 0.8660075664520264 -0.062249794602394104 0.49614107608795166
vn -0.8122543692588806 0.4610117971897125 0.3573668599128723
vn 0.8032943606376648 0.44402456283569336 0.3969387412071228
vn 0.6827898025512695 0.5784750580787659 0.446278840303421
vn -0.7842575311660767 0.541368842124939 0.30308377742767334
vn 0.5623817443847656 0.7382710576057434 0.3724011480808258
vn -0.5923930406570435 0.7433875203132629 0.31055665016174316
vn -0.47636276483535767 0.7516099214553833 0.4562467336654663
vn 0.3069082498550415 0.7230737209320068 0.618847131729126
vn 0.4107504189014435 0.7789248824119568 0.47387781739234924
vn -0.6308342814445496 0.6476306915283203 0.4273436665534973
vn -0.34619686007499695 0.7051630616188049 0.6187832951545715
vn 0.32880204916000366 0.8281156420707703 0.4539974331855774
vn -0.20203262567520142 0.8168364763259888 0.540334165096283
vn 0.06886009871959686 0.8243845105171204 0.5618261098861694
vn -0.07126115262508392 0.6468999981880188 0.7592380046844482
vn 0.18034055829048157 0.6831122040748596 0.7076969742774963
vn -0.25379520654678345 -0.08611815422773361 -0.9634166955947876
vn -0.0770706981420517 -0.13472485542297363 -0.9878812432289124
vn 0.11564327776432037 -0.11704269796609879 -0.9863709807395935
vn 0.3621337115764618 -0.10502307862043381 -0.9261907935142517
vn -0.3062599003314972 -0.9433631300926208 0.12755736708641052
vn -0.16268599033355713 -0.9838513135910034 0.0746321976184845
vn -0.01921842433512211 -0.999250590801239 0.033599868416786194
vn 0.1578609198331833 -0.9872847199440002 -0.01867849938571453
vn -0.3120843172073364 -0.28279778361320496 -0.9069888591766357
vn -0.22674328088760376 -0.2780420184135437 -0.9334238767623901
vn -0.07591885328292847 -0.3049693703651428 -0.9493314027786255
vn 0.10025870054960251 -0.3061467111110687 -0.9466902613639832
vn -0.338438481092453 0.12701717019081116 -0.9323765635490417
vn 0.5963249802589417 -0.027058985084295273 -0.8022869229316711
vn -0.4829779863357544 -0.8738802075386047 0.05536966770887375
vn 0.2731121778488159 -0.9516304731369019 0.14074549078941345
vn -0.6553800106048584 -0.7225374579429626 0.220038041472435
vn 0.4812542796134949 -0.8620814681053162 0.1587762087583542
vn -0.39501866698265076 0.011774281039834023 -0.9185976386070251
vn 0.7420283555984497 -0.010087784379720688 -0.6702926754951477
vn -0.4719027280807495 -0.825210690498352 0.3103790879249573
vn -0.2682655453681946 -0.9206534028053284 0.2836035192012787
vn -0.06548447161912918 -0.9712514877319336 0.22887195646762848
vn 0.09107143431901932 -0.9774203300476074 0.1906711906194687
vn -0.3773486614227295 0.36603817343711853 -0.8506609797477722
vn 0.616170346736908 0.23882922530174255 -0.7505296468734741
vn -0.8185825347900391 -0.5377957820892334 0.20173846185207367
vn 0.6120119690895081 -0.6701406836509705 0.41994398832321167
vn -0.2184712141752243 0.5055038332939148 -0.8347073197364807
vn 0.7608891129493713 -0.5735703110694885 0.3034220039844513
vn -0.5455067157745361 0.2768723666667938 -0.791052520275116
vn -0.47321271896362305 0.3094910979270935 -0.8247939348220825
vn 0.7366464734077454 0.20854251086711884 -0.6433210968971252
vn -0.688103973865509 -0.6134828329086304 0.387494295835495
vn -0.5371110439300537 -0.7298460602760315 0.4228906035423279
vn -0.14401358366012573 0.6793569326400757 -0.7195375561714172
vn 0.5406423807144165 0.4699779748916626 -0.6977295875549316
vn -0.7962520122528076 -0.4801766276359558 0.367985337972641
vn 0.8444663882255554 -0.3707940876483917 0.3865077495574951
vn 0.04786684364080429 0.6785007119178772 -0.733038604259491
vn 0.2382604330778122 0.6515683531761169 -0.720201849937439
vn 0.42726776003837585 0.615685224533081 -0.662098228931427
vn -0.815870463848114 -0.36925846338272095 0.44497600197792053
vn -0.5939528942108154 0.3792085647583008 -0.7095215916633606
vn -0.4315519332885742 0.4831809997558594 -0.7617736458778381
vn -0.348621666431427 0.6057538390159607 -0.7152099013328552
vn 0.7017807960510254 0.38467085361480713 -0.599609911441803
vn -0.6959819793701172 -0.5232049226760864 0.491798460483551
vn 0.7097404599189758 -0.435739666223526 0.553533673286438
vn -0.9508676528930664 -0.178560271859169 0.2529168128967285
vn 0.8084297776222229 -0.21080349385738373 0.5495481491088867
vn -0.910534679889679 0.060458045452833176 0.4089882969856262
vn -0.34615322947502136 0.6221768856048584 -0.7021922469139099
vn -0.23340193927288055 0.7157946228981018 -0.6581501364707947
vn -0.11538181453943253 0.7893210649490356 -0.6030417084693909
vn 0.07737162709236145 0.7947922348976135 -0.6019293069839478
vn 0.2795683443546295 0.7630552649497986 -0.5827419757843018
vn -0.8286993503570557 -0.15634727478027344 0.5374132394790649
vn 0.7353190183639526 -0.24030809104442596 0.6336860656738281
vn -0.7917885780334473 0.1343347728252411 0.59583979845047
vn 0.7815942764282227 0.0893508568406105 0.6173548102378845
vn -0.19018027186393738 0.8286550641059875 -0.5264621376991272
vn -0.074904665350914 0.8686660528182983 -0.48970258235931396
vn 0.03357218950986862 0.887276291847229 -0.4600149989128113
vn 0.7110022902488708 -0.03604479879140854 0.7022652626037598
vn -0.7767370343208313 0.30739447474479675 0.5497165322303772
vn 0.7575442790985107 0.3195047676563263 0.5692481994628906
vn -0.7183325886726379 0.4412791430950165 0.5378392934799194
vn 0.5947136878967285 0.43465113639831543 0.6763091087341309
vn -0.5284849405288696 0.3701428771018982 0.7640013098716736
vn -0.2875860929489136 0.4103901982307434 0.8653751611709595
vn 0.32064539194107056 0.3043171465396881 0.8969824910163879
vn 0.5335431098937988 0.17551028728485107 0.8273620009422302
vn 0.6413521766662598 0.1743883341550827 0.7471654415130615
vn -0.48945242166519165 0.5506672859191895 0.6761670708656311
vn 0.49815985560417175 0.6322107315063477 0.5934191942214966
vn -0.4130508303642273 0.704406201839447 0.5772356986999512
vn -0.2332974225282669 0.6085814833641052 0.7584200501441956
vn 0.04872329160571098 0.5715790390968323 0.8190991878509521
vn 0.18947604298591614 0.5924831032752991 0.7829831838607788
vn 0.37138038873672485 0.6239110231399536 0.6876130104064941
vn -0.2850343883037567 0.5386519432067871 0.7928489446640015
vn -0.08271563053131104 0.507117509841919 0.8578985929489136
vn 0.1036173403263092 0.45108547806739807 0.8864454030990601
vn 0.28843963146209717 0.45907828211784363 0.8402676582336426
vn 0.45590075850486755 0.393735408782959 0.798202395439148
vn -0.4367152750492096 -0.478434681892395 -0.7618268132209778
vn -0.27343764901161194 -0.5018708109855652 -0.820583701133728
vn -0.13741573691368103 -0.4887245297431946 -0.8615481853485107
vn 0.016376998275518417 -0.5148595571517944 -0.8571181297302246
vn -0.1355047971010208 -0.6577825546264648 -0.740918755531311
vn 0.0009076234418898821 -0.6552655100822449 -0.755398154258728
vn 0.19790199398994446 -0.6177513003349304 -0.7610638737678528
vn 0.4128185510635376 -0.5348379015922546 -0.7372444272041321
vn -0.4664023816585541 -0.16673344373703003 -0.8687167763710022
vn 0.2329326719045639 -0.4543496370315552 -0.8598306775093079
vn 0.3382600247859955 -0.24193614721298218 -0.9094213247299194
vn 0.590939462184906 -0.20562744140625 -0.7800691723823547
vn -0.6257302761077881 -0.341540664434433 -0.701292872428894
vn 0.43089479207992554 -0.39729294180870056 -0.8102394938468933
vn 0.6516808867454529 -0.3094477355480194 -0.6924985647201538
vn -0.5392467975616455 0.0949692651629448 -0.8367757797241211
vn 0.7636377215385437 -0.1799180507659912 -0.6200701594352722
vn -0.7116591334342957 0.17465698719024658 -0.6804676651954651
vn -0.1076728031039238 -0.9195213317871094 0.3780041038990021
vn 0.0530313141644001 -0.924879789352417 0.37654364109039307
vn 0.22145704925060272 -0.9195075631141663 0.32475024461746216
vn 0.4389006197452545 -0.8228745460510254 0.36089298129081726
vn -0.7131173610687256 -0.049478206783533096 -0.6992965340614319
vn -0.7423915863037109 0.2661900520324707 -0.6148151755332947
vn 0.8184730410575867 0.06959006190299988 -0.5703150033950806
vn -0.3225792646408081 -0.8623191714286804 0.3903183043003082
vn 0.5208724141120911 -0.6124615669250488 0.5946282148361206
vn -0.4642166197299957 -0.7151901125907898 0.5224997997283936
vn 0.8953310251235962 0.1614048033952713 -0.41512760519981384
vn -0.2153235226869583 -0.8150600790977478 0.5378782153129578
vn -0.022422363981604576 -0.8483837842941284 0.5289065837860107
vn 0.17848891019821167 -0.8273136019706726 0.5326293110847473
vn 0.30182120203971863 -0.7819725275039673 0.5453649759292603
vn -0.8005958795547485 0.39370062947273254 -0.45171451568603516
vn 0.8428739905357361 0.3076647222042084 -0.44148144125938416
vn -0.6032751798629761 -0.5168352127075195 0.6074046492576599
vn 0.5963805317878723 -0.40112537145614624 0.6952904462814331
vn -0.6394146680831909 0.45765018463134766 -0.6178230047225952
vn 0.7038821578025818 0.5178791880607605 -0.48615962266921997
vn -0.7175213694572449 -0.37507152557373047 0.5869280695915222
vn -0.41018977761268616 -0.6234596967697144 0.6656143665313721
vn -0.22883470356464386 -0.6909286379814148 0.6857495307922363
vn 0.43494367599487305 -0.5556163191795349 0.7086004018783569
vn -0.5127404928207397 0.6694442629814148 -0.5375328660011292
vn 0.5527788400650024 0.6697443723678589 -0.4958610534667969
vn -0.7405017018318176 -0.2626485824584961 0.6186057329177856
vn 0.6164951920509338 -0.20649096369743347 0.7597994804382324
vn -0.4178318977355957 0.8127437233924866 -0.4060346782207489
vn 0.44711390137672424 0.7837726473808289 -0.43103304505348206
vn -0.7299991846084595 0.6073354482650757 -0.3134405016899109
vn 0.7115699648857117 0.6147759556770325 -0.3401746153831482
vn -0.6397041082382202 -0.18439160287380219 0.7461758255958557
vn 0.4925989806652069 -0.25921040773391724 0.830756425857544
vn -0.24034874141216278 0.9218820333480835 -0.30391788482666016
vn 0.1833437979221344 0.8954982757568359 -0.4055464565753937
vn -0.7439025640487671 -0.013434145599603653 0.6681531071662903
vn 0.5780915021896362 -0.004134847316890955 0.815961480140686
vn -0.0982714369893074 0.9473186731338501 -0.3048444390296936
vn 0.03958716243505478 0.9550918340682983 -0.2936537265777588
vn 0.15114369988441467 0.9687846302986145 -0.19649913907051086
vn -0.6547008156776428 0.18776430189609528 0.7321963906288147
vn -0.4399055540561676 0.1936621516942978 0.8769140243530273
vn 0.23719850182533264 0.15457159280776978 0.9590852856636047
vn 0.39652562141418457 0.10123764723539352 0.9124245047569275
vn -0.4419593811035156 0.8856595754623413 -0.14240431785583496
vn 0.35800984501838684 0.9161564111709595 -0.18023967742919922
vn -0.5670486688613892 -0.029546072706580162 0.8231542706489563
vn -0.36903315782546997 0.004220138303935528 0.9294066429138184
vn -0.12779171764850616 0.06945183128118515 0.989366352558136
vn 0.08071420341730118 0.05671960487961769 0.9951221942901611
vn 0.2952040135860443 -0.006223777309060097 0.9554139971733093
vn 0.45156556367874146 -0.11385898292064667 0.8849433064460754
vn -0.2656440734863281 0.19409778714179993 0.944330096244812
vn 0.14517222344875336 0.3026067316532135 0.9419947862625122
vn -0.11884249001741409 0.35442623496055603 0.9275012612342834
vn 0.011701279319822788 0.339959979057312 0.9403671622276306
vn -0.11116292327642441 0.15719535946846008 0.9812912344932556
vn 0.07182140648365021 0.15338678658008575 0.9855527281761169
vn -0.17070363461971283 -0.8140592575073242 -0.5551286935806274
vn -0.02180144004523754 -0.7872965931892395 -0.6161890029907227
vn 0.11580520123243332 -0.765457272529602 -0.6329805254936218
vn 0.27180734276771545 -0.7479823231697083 -0.6055107116699219
vn -0.2840888500213623 -0.6609159111976624 -0.6946104764938354
vn 0.4658101499080658 -0.700302243232727 -0.5409230589866638
vn -0.6602824330329895 -0.5465707182884216 -0.5150607228279114
vn -0.49962398409843445 -0.6191704273223877 -0.605808436870575
vn 0.658089816570282 -0.4720442593097687 -0.5865936279296875
vn -0.3676086366176605 -0.764228105545044 -0.5299239158630371
vn 0.6815958023071289 -0.6380406618118286 -0.35823357105255127
vn -0.8113223314285278 -0.26969727873802185 -0.518670916557312
vn 0.7961991429328918 -0.4035857617855072 -0.45076096057891846
vn -0.8352783918380737 0.006433563772588968 -0.5497896075248718
vn 0.799983561038971 -0.2759495675563812 -0.5328022837638855
vn 0.8694292902946472 -0.05042644217610359 -0.49147722125053406
vn -0.849602997303009 -0.20270989835262299 -0.48691222071647644
vn 0.911727786064148 -0.22016799449920654 -0.3468119204044342
vn -0.8355059027671814 0.27088025212287903 -0.47807300090789795
vn 0.9804778695106506 -0.02222510799765587 -0.19536945223808289
vn 0.9574757814407349 0.20883384346961975 -0.1990692913532257
vn 0.07711412012577057 -0.7360821962356567 0.6724852323532104
vn 0.2963719367980957 -0.666313111782074 0.6842445135116577
vn -0.8882612586021423 0.10022522509098053 -0.44827088713645935
vn -0.8507703542709351 0.46621814370155334 -0.24254989624023438
vn 0.8733388781547546 0.3573249280452728 -0.33105599880218506
vn -0.07141448557376862 -0.6951667666435242 0.7152923345565796
vn 0.40433448553085327 -0.3950918912887573 0.8248733282089233
vn -0.418533593416214 -0.46742868423461914 0.7786784768104553
vn -0.2218901813030243 -0.5123668313026428 0.8296053409576416
vn -0.9054803252220154 0.3002623915672302 -0.29991328716278076
vn 0.9327358603477478 0.3492725193500519 -0.08951320499181747
vn -0.031032873317599297 -0.48715633153915405 0.8727632164955139
vn 0.17731423676013947 -0.5372353196144104 0.8245834708213806
vn -0.8209916353225708 0.5502440929412842 -0.15232937037944794
vn 0.8417728543281555 0.4938686490058899 -0.21797297894954681
vn -0.5945498943328857 -0.34840959310531616 0.7246524691581726
vn 0.364715576171875 -0.162690207362175 0.9167957901954651
vn -0.656384289264679 0.741917610168457 -0.1368139684200287
vn 0.7176879644393921 0.6747033596038818 -0.17233483493328094
vn -0.4992915391921997 -0.13969962298870087 0.8550977110862732
vn -0.2785153090953827 -0.09179310500621796 0.9560351967811584
vn -0.08927702158689499 -0.08377517014741898 0.9924774169921875
vn 0.15423260629177094 -0.0836886465549469 0.9844838976860046
vn -0.40619975328445435 -0.2948896884918213 0.8648941516876221
vn -0.22479978203773499 -0.3105776607990265 0.9235835671424866
vn -0.025391411036252975 -0.25465938448905945 0.9666974544525146
vn 0.18258197605609894 -0.3104996979236603 0.9328739643096924
vn -0.5153348445892334 0.8541185855865479 0.07008197158575058
vn 0.5893625020980835 0.7842750549316406 -0.1938154697418213
vn -0.30649590492248535 0.9517400860786438 -0.015845920890569687
vn -0.1683315485715866 0.981940507888794 -0.08635623753070831
vn -0.017339378595352173 0.9885239601135254 -0.15006564557552338
vn 0.2657887935638428 0.9566665887832642 -0.11893433332443237
vn 0.4365914463996887 0.899297833442688 0.02552022598683834
vn 0.651565670967102 0.7582539916038513 0.02265087701380253
vn -0.14220678806304932 0.9892449975013733 0.034228093922138214
vn 0.12507353723049164 0.9898971915245056 -0.06678541004657745
vn -0.35052356123924255 -0.8650773167610168 -0.35885173082351685
vn -0.16168226301670074 -0.9091527462005615 -0.3837970495223999
vn -0.0250166654586792 -0.8927721977233887 -0.4498133957386017
vn 0.10920974612236023 -0.8798620700836182 -0.46251046657562256
vn 0.23628908395767212 -0.8564218878746033 -0.4590306878089905
vn 0.4346315860748291 -0.8250417709350586 -0.3611115515232086
vn -0.5451104044914246 -0.7341333627700806 -0.40484923124313354
vn 0.6981818675994873 -0.6715465188026428 -0.24812765419483185
vn -0.6927217841148376 -0.631356418132782 -0.3486053943634033
vn 0.4866914451122284 -0.8367788791656494 -0.25086382031440735
vn -0.8022536635398865 -0.4272281527519226 -0.41697144508361816
vn 0.7936211228370667 -0.5309522747993469 -0.2970777153968811
vn -0.867949366569519 -0.4104957580566406 -0.27956587076187134
vn 0.8533860445022583 -0.4301367402076721 -0.29447343945503235
vn -0.9401994943618774 -0.12812179327011108 -0.31561020016670227
vn 0.949621856212616 -0.29904988408088684 -0.09374158084392548
vn -0.9755508899688721 0.08117598295211792 -0.2042325884103775
vn 0.9903113842010498 -0.13754813373088837 0.019077522680163383
vn -0.9628920555114746 0.2632113993167877 -0.059654802083969116
vn 0.9946446418762207 0.10144910216331482 0.019752493128180504
vn -0.8814804553985596 0.46546581387519836 -0.07958514988422394
vn 0.9336708784103394 0.34895139932632446 0.08057041466236115
vn -0.8285970091819763 0.5507107377052307 0.1007208600640297
vn 0.8645769953727722 0.49939075112342834 -0.05581749975681305
vn -0.7350216507911682 0.6765363216400146 0.04518614336848259
vn -0.5825459361076355 0.7857397794723511 0.20797429978847504
vn 0.7848733067512512 0.6178368330001831 0.04745126888155937
vn -0.40178200602531433 0.883296549320221 0.24157485365867615
vn -0.28676873445510864 0.9493421912193298 0.1285034567117691
vn 0.533690333366394 0.8313543796539307 0.1549987643957138
vn 0.6308345198631287 0.7550766468048096 0.1786254644393921
vn -0.7379868626594543 0.6320130228996277 0.23650597035884857
vn -0.27890312671661377 0.9148985147476196 0.2918456196784973
vn 0.41421857476234436 0.9101065397262573 0.011360292322933674
vn -0.02963428758084774 0.978987455368042 0.2017558217048645
vn 0.2463691532611847 0.9545508027076721 0.16773514449596405
vn -0.41809743642807007 -0.8836929202079773 -0.21043135225772858
vn -0.19092385470867157 -0.9536988735198975 -0.23239314556121826
vn -0.020684869959950447 -0.9684857726097107 -0.24820870161056519
vn 0.100631944835186 -0.9475727081298828 -0.3032808005809784
vn 0.24557587504386902 -0.9258230328559875 -0.28730520606040955
vn -0.5777429938316345 -0.7809249758720398 -0.23742227256298065
vn 0.3921665847301483 -0.9118197560310364 -0.12161489576101303
vn -0.7063762545585632 -0.6931000351905823 -0.143683522939682
vn 0.587239146232605 -0.804302453994751 -0.09081770479679108
vn 0.2412346452474594 -0.9667190313339233 -0.0852067619562149
vn -0.7982617616653442 -0.5758785605430603 -0.17647118866443634
vn 0.7675189971923828 -0.6347056031227112 -0.08979702740907669
vn -0.8997888565063477 -0.43472546339035034 -0.03733409196138382
vn 0.8585942387580872 -0.510017991065979 -0.05193907767534256
vn -0.9752262830734253 -0.20496125519275665 -0.08321438729763031
vn 0.9258302450180054 -0.363008588552475 0.10518188774585724
vn -0.9555374979972839 -0.24359366297721863 0.16616354882717133
vn -0.998406708240509 -0.014099450781941414 0.054638102650642395
vn 0.9760912656784058 -0.13823598623275757 0.1677401214838028
vn -0.9490863084793091 -0.032990626990795135 0.3132840394973755
vn -0.9669806361198425 0.1857258677482605 0.17451179027557373
vn 0.9813817739486694 0.08950553834438324 0.169937402009964
vn -0.8850307464599609 0.4343588650226593 0.16749033331871033
vn 0.9029458165168762 0.35739773511886597 0.238654226064682
vn -0.8989810347557068 0.24652963876724243 0.3620170056819916
vn -0.8402476906776428 0.41439369320869446 0.34965941309928894
vn 0.8319968581199646 0.5285168886184692 0.16867467761039734
vn -0.7799869775772095 0.5323762893676758 0.3289312720298767
vn 0.7417719960212708 0.625550389289856 0.24178725481033325
vn -0.5729499459266663 0.7441433072090149 0.3434810936450958
vn -0.3865865468978882 0.8287398815155029 0.4046492874622345
vn -0.32060834765434265 0.8486220240592957 0.4207742512226105
vn 0.4841812551021576 0.736890971660614 0.47176286578178406
vn 0.587294340133667 0.7227560877799988 0.36429253220558167
vn -0.6453551054000854 0.6434628367424011 0.41167017817497253
vn 0.7035894393920898 0.5902607440948486 0.3956693410873413
vn -0.2411242425441742 0.7992954850196838 0.550441563129425
vn 0.453312486410141 0.8352753520011902 0.31116384267807007
vn -0.10405838489532471 0.8848772048950195 0.4540531039237976
vn 0.16246145963668823 0.8837597966194153 0.43883365392684937
vn 0.013594914227724075 0.7572735548019409 0.6529563069343567
vn 0.2988283634185791 0.760534405708313 0.5764452219009399
vn -0.39258086681365967 -0.9170395135879517 -0.0701352059841156
vn -0.17142586410045624 -0.981831967830658 -0.08135867118835449
vn -0.016974296420812607 -0.9964064359664917 -0.08298250287771225
vn 0.1091311052441597 -0.9862039089202881 -0.12446802109479904
vn -0.6171821355819702 -0.7867193222045898 0.012611639685928822
vn 0.19601009786128998 -0.9779359102249146 0.07225925475358963
vn -0.680962860584259 -0.7270702719688416 0.08751252293586731
vn 0.377255380153656 -0.9225934743881226 0.08062092959880829
vn 0.5813400745391846 -0.8122442364692688 0.04798999801278114
vn -0.4771289825439453 -0.8668136596679688 0.1448516845703125
vn -0.20075376331806183 -0.9664780497550964 0.1600566804409027
vn -0.03680466488003731 -0.9936169981956482 0.10663364827632904
vn 0.09358588606119156 -0.9924981594085693 0.07867099344730377
vn -0.8242011666297913 -0.5641412138938904 0.049368493258953094
vn 0.7626161575317383 -0.6410377621650696 0.08652888238430023
vn 0.8416429162025452 -0.505598783493042 0.18975535035133362
vn -0.7595310807228088 -0.5982034802436829 0.2554703950881958
vn 0.6823199391365051 -0.6822852492332458 0.26253852248191833
vn -0.8861652612686157 -0.443653404712677 0.13372689485549927
vn 0.9050310254096985 -0.32885780930519104 0.2697617709636688
vn 0.8156490325927734 -0.44284284114837646 0.372299462556839
vn -0.9156074523925781 -0.20952126383781433 0.34316736459732056
vn 0.9292597770690918 -0.13194961845874786 0.34505894780158997
vn 0.8541696667671204 -0.23437094688415527 0.46418148279190063
vn -0.8971391320228577 0.09007974714040756 0.4324662685394287
vn 0.9334273338317871 0.07235199958086014 0.35139530897140503
vn 0.8426028490066528 0.26569342613220215 0.4684308171272278
vn 0.8410622477531433 0.03874971717596054 0.5395487546920776
vn -0.8569607138633728 0.3020055592060089 0.41762542724609375
vn 0.8066070675849915 0.42334821820259094 0.4125061333179474
vn -0.7163293361663818 0.48769626021385193 0.4990237057209015
vn 0.703041136264801 0.4318091571331024 0.5650434494018555
vn -0.7936387658119202 0.3142038583755493 0.5209736824035645
vn 0.760350227355957 0.25183960795402527 0.5987023115158081
vn -0.5629626512527466 0.5941171050071716 0.574541449546814
vn 0.5633244514465332 0.5860746502876282 0.5823934674263
vn -0.4087308347225189 0.7601589560508728 0.5050718784332275
vn -0.23031099140644073 0.7854005098342896 0.5745458006858826
vn -0.10956085473299026 0.7326813340187073 0.6716952919960022
vn 0.19903546571731567 0.6807161569595337 0.7049896717071533
vn 0.4150521457195282 0.6753543019294739 0.6096133589744568
vn -0.3735046684741974 0.6336430907249451 0.6774885058403015
vn -0.43561986088752747 -0.8517481684684753 0.29113659262657166
vn -0.1134130209684372 -0.9436022639274597 0.31105032563209534
vn 0.06418104469776154 -0.9683681726455688 0.24113038182258606
vn 0.2226170152425766 -0.9442461133003235 0.24257174134254456
vn 0.41721412539482117 -0.8814889192581177 0.2211553156375885
vn -0.6035717725753784 -0.7101119756698608 0.3625495731830597
vn 0.5450946688652039 -0.741978645324707 0.3903070390224457
vn -0.7165237665176392 -0.5287371873855591 0.45500627160072327
vn 0.6832931041717529 -0.5800608992576599 0.4434410035610199
vn -0.49103039503097534 -0.7412815093994141 0.45759257674217224
vn -0.2879493832588196 -0.829872727394104 0.4779084026813507
vn 0.22175538539886475 -0.8920435309410095 0.3938056230545044
vn 0.4054166078567505 -0.8107611536979675 0.4222603440284729
vn -0.8643779754638672 -0.3862057030200958 0.3220183849334717
vn 0.7482450008392334 -0.3711942136287689 0.5498584508895874
vn -0.7597224712371826 -0.3603999614715576 0.5412334203720093
vn 0.6400488615036011 -0.4699282646179199 0.6078692078590393
vn -0.8788084983825684 -0.17507010698318481 0.4438987672328949
vn 0.759165346622467 -0.18111498653888702 0.6251922249794006
vn -0.7663119435310364 -0.21561570465564728 0.6052073836326599
vn 0.6141194105148315 -0.2458619326353073 0.749939501285553
vn -0.874272882938385 0.03615747392177582 0.4840863049030304
vn 0.7517619729042053 0.012455505318939686 0.6593169569969177
vn -0.7687557935714722 0.11463087052106857 0.6291854977607727
vn 0.6006983518600464 0.15409934520721436 0.7844838500022888
vn -0.757980465888977 -0.04532890394330025 0.6507003307342529
vn 0.4262658357620239 -0.026980753988027573 0.9041955471038818
vn 0.5800036787986755 -0.07075677067041397 0.811535120010376
vn -0.6656249761581421 0.3244979977607727 0.6720450520515442
vn 0.5390030741691589 0.3510091304779053 0.7656815648078918
vn -0.45924100279808044 0.4542405605316162 0.7633893489837646
vn -0.49486714601516724 0.28074243664741516 0.8223686218261719
vn 0.09740807116031647 0.2843083143234253 0.953771710395813
vn 0.25272053480148315 0.17896154522895813 0.9508444666862488
vn 0.41710707545280457 0.14874936640262604 0.8966020941734314
vn -0.24240577220916748 0.5142009854316711 0.8227009177207947
vn 0.41391345858573914 0.5091250538825989 0.7546306252479553
vn -0.19223500788211823 0.6882395148277283 0.6995514035224915
vn -0.07464072108268738 0.6621012091636658 0.7456880807876587
vn 0.0850488692522049 0.6181970834732056 0.7814083695411682
vn 0.24504248797893524 0.5573149919509888 0.793318510055542
vn -0.06682618707418442 0.48460233211517334 0.8721782565116882
vn 0.044567208737134933 0.4944649636745453 0.8680542707443237
vn 0.18063101172447205 0.40338051319122314 0.8970265984535217
vn 0.3236095607280731 0.3380943238735199 0.883724570274353
vn 0.055106211453676224 -0.9146973490715027 0.4003649652004242
vn -0.08897369354963303 -0.8611793518066406 0.500453531742096
vn 0.10086023062467575 -0.8113327026367188 0.5758181214332581
vn -0.4523751139640808 -0.6112534999847412 0.6494042873382568
vn -0.24018406867980957 -0.697712779045105 0.6749136447906494
vn 0.2976696789264679 -0.7597859501838684 0.5780295133590698
vn 0.5060657262802124 -0.6517014503479004 0.56496262550354
vn -0.05167532339692116 -0.7373160123825073 0.6735687255859375
vn -0.5814099907875061 -0.5333706140518188 0.6143926382064819
vn 0.48623329401016235 -0.43775197863578796 0.7562741041183472
vn -0.4225451648235321 -0.46382033824920654 0.7786695957183838
vn -0.25099584460258484 -0.5330721139907837 0.8079822063446045
vn -0.0745018720626831 -0.5538663864135742 0.8292657136917114
vn 0.12563398480415344 -0.6294293403625488 0.7668343186378479
vn 0.32999730110168457 -0.5872202515602112 0.7391036152839661
vn -0.5951989889144897 -0.34956252574920654 0.723563551902771
vn 0.44504106044769287 -0.24890682101249695 0.8602231740951538
vn 0.2770565450191498 -0.17327497899532318 0.9451007843017578
vn -0.4343782365322113 -0.27732059359550476 0.8569765686988831
vn -0.2490845024585724 -0.345194548368454 0.9048743844032288
vn -0.1104147732257843 -0.3403454124927521 0.9337952733039856
vn 0.0670899972319603 -0.4098282754421234 0.909692108631134
vn 0.24634025990962982 -0.3957640528678894 0.8846961855888367
vn -0.5996306538581848 -0.1348496973514557 0.7888337969779968
vn 0.22722190618515015 0.001561370212584734 0.9738417863845825
vn -0.5798401832580566 0.048002421855926514 0.8133149743080139
vn -0.006694532930850983 0.0803239718079567 0.996746301651001
vn 0.10403787344694138 0.04118352755904198 0.993720293045044
vn -0.4019903242588043 -0.06337571889162064 0.9134480953216553
vn -0.2509930729866028 -0.16252729296684265 0.9542470574378967
vn -0.07396723330020905 -0.13988865911960602 0.9874007105827332
vn 0.07761519402265549 -0.1924923211336136 0.9782242178916931
vn -0.33167073130607605 0.1877935528755188 0.9245150685310364
vn -0.06892488896846771 0.2671985626220703 0.961173415184021
vn -0.22845591604709625 0.3250662684440613 0.9176818132400513
vn -0.19356632232666016 0.057044580578804016 0.9794273972511292
vn 0.2817014455795288 -0.008945093490183353 -0.959460437297821
vn -0.1377459466457367 0.17048130929470062 -0.9756855368614197
vn 0.08695849031209946 0.12042933702468872 -0.9889059662818909
vn 0.3003206253051758 0.18210527300834656 -0.936293363571167
vn 0.4847729802131653 0.11988020688295364 -0.8663855195045471
vn -0.4006483554840088 0.2805904746055603 -0.8722097873687744
vn -0.15996764600276947 0.34816065430641174 -0.9236852526664734
vn 0.036343276500701904 0.3081716299057007 -0.9506363272666931
vn 0.2477513998746872 0.32978758215904236 -0.9109662175178528
vn 0.47751158475875854 0.34970492124557495 -0.8060329556465149
vn -0.2252909243106842 0.4901217222213745 -0.8420360684394836
vn -0.0032124959398061037 0.5365481376647949 -0.8438636064529419
vn 0.17816206812858582 0.493910014629364 -0.8510648012161255
vn 0.398752897977829 0.4842049777507782 -0.7788078784942627
vn -0.20217160880565643 0.6847162842750549 -0.7002073526382446
vn -0.0062431469559669495 0.7033591270446777 -0.7108073234558105
vn 0.1469760239124298 0.6808897256851196 -0.7174867391586304
vn 0.18306469917297363 -0.26021304726600647 -0.9480382204055786
vn -0.1878724843263626 -0.4015282690525055 -0.8963698744773865
vn -0.05739481747150421 -0.46957850456237793 -0.8810231685638428
vn 0.0998980924487114 -0.4119719862937927 -0.9057039022445679
vn 0.08221615850925446 -0.08497530966997147 -0.9929853081703186
vn 0.3712526857852936 -0.17485764622688293 -0.9119190573692322
vn -0.25851625204086304 -0.010549012571573257 -0.9659493565559387
vn -0.06963854283094406 -0.03998054936528206 -0.9967708587646484
vn 0.5970406532287598 -0.10198204219341278 -0.795702338218689
vn -0.37242287397384644 -0.16789989173412323 -0.9127491116523743
vn -0.23241165280342102 -0.1783679872751236 -0.9561222195625305
vn -0.0503719337284565 -0.2557716369628906 -0.9654240608215332
vn 0.6057719588279724 -0.2856505215167999 -0.7425928115844727
vn -0.38081955909729004 0.1313258558511734 -0.9152759313583374
vn 0.6755626201629639 0.020882539451122284 -0.7370069026947021
vn -0.586253821849823 0.15943409502506256 -0.7942841649055481
vn -0.5026057362556458 -0.027310805395245552 -0.8640843033790588
vn 0.8291444778442383 0.04626842960715294 -0.5571163892745972
vn -0.6949416399002075 0.27364248037338257 -0.6649631261825562
vn 0.6641837954521179 0.2603863477706909 -0.7007558941841125
vn -0.5130319595336914 0.3663069009780884 -0.776284396648407
vn 0.8324683904647827 0.21995434165000916 -0.5085435509681702
vn -0.48013076186180115 0.5668443441390991 -0.6694490313529968
vn 0.661260724067688 0.45417320728302 -0.597043514251709
vn 0.6056276559829712 0.5380327701568604 -0.5862899422645569
vn -0.7043843865394592 0.4363587498664856 -0.5598515272140503
vn 0.8262071013450623 0.3613785207271576 -0.43218910694122314
vn -0.4084538519382477 0.764402449131012 -0.49885305762290955
vn 0.349696546792984 0.6585963368415833 -0.6663057208061218
vn -0.14099781215190887 0.8433361649513245 -0.5185593366622925
vn 0.07219210267066956 0.8462512493133545 -0.5278704166412354
vn 0.25907665491104126 0.8260247707366943 -0.5005620121955872
vn -0.6544201374053955 0.6419201493263245 -0.3995908796787262
vn 0.5252107381820679 0.7297105193138123 -0.4378085136413574
vn 0.008922292850911617 0.9501656889915466 -0.3116176426410675
vn -0.10784444212913513 -0.054025568068027496 -0.9926987886428833
vn 0.029322845861315727 -0.045723795890808105 -0.9985236525535583
vn 0.2097214013338089 0.013693571090698242 -0.9776653051376343
vn 0.4293293058872223 0.0632423684000969 -0.9009310603141785
vn -0.3208559453487396 0.1711144894361496 -0.9315424561500549
vn -0.11801695823669434 0.16804412007331848 -0.9786895513534546
vn 0.06368157267570496 0.13665597140789032 -0.9885696172714233
vn 0.23512470722198486 0.18542493879795074 -0.9541141986846924
vn 0.433051735162735 0.24693207442760468 -0.8668856620788574
vn -0.4314834773540497 0.2878158986568451 -0.8549760580062866
vn -0.20227093994617462 0.3463546335697174 -0.9160376191139221
vn 0.029474135488271713 0.35014668107032776 -0.9362310767173767
vn 0.24858532845973969 0.344314306974411 -0.9053469300270081
vn 0.4409731328487396 0.3639344274997711 -0.8204233646392822
vn -0.4470570683479309 0.3785020112991333 -0.8104789853096008
vn -0.2073410302400589 0.48065006732940674 -0.8520476222038269
vn -0.017181217670440674 0.5464394688606262 -0.8373223543167114
vn 0.1712629348039627 0.5203972458839417 -0.8365738391876221
vn 0.35157346725463867 0.5219840407371521 -0.7771285772323608
vn -0.1859624981880188 0.6540443897247314 -0.7332420945167542
vn -0.02750018611550331 0.7175440788269043 -0.6959699988365173
vn 0.13030403852462769 0.6987683773040771 -0.7033801674842834
vn -0.33363771438598633 -0.5754591822624207 -0.7466810941696167
vn -0.10430676490068436 -0.5637195706367493 -0.8193536400794983
vn 0.1441321074962616 -0.5948803424835205 -0.7907865643501282
vn 0.05189161002635956 -0.6368076205253601 -0.7692745327949524
vn -0.34754478931427 -0.43450650572776794 -0.8309131860733032
vn 0.297580361366272 -0.5080744028091431 -0.8082736730575562
vn -0.5489059090614319 -0.25101691484451294 -0.7973034977912903
vn 0.4340745508670807 -0.42843592166900635 -0.7924783825874329
vn -0.5846152305603027 -0.43919190764427185 -0.6821551322937012
vn 0.5313594341278076 -0.5503124594688416 -0.6440601348876953
vn -0.6576165556907654 -0.08519154787063599 -0.7485204935073853
vn 0.6988480687141418 -0.4049365818500519 -0.5896081328392029
vn 0.7596196532249451 -0.200694277882576 -0.6186273694038391
vn -0.7422730326652527 -0.25403153896331787 -0.6200796365737915
vn -0.7157430648803711 0.10298828035593033 -0.6907280683517456
vn 0.8899375796318054 -0.14230526983737946 -0.43331313133239746
vn -0.7972018122673035 -0.0071065896190702915 -0.6036710739135742
vn -0.7925668358802795 0.2752027213573456 -0.5441519618034363
vn 0.9423636794090271 0.02074895054101944 -0.33394643664360046
vn -0.8581244349479675 0.1399252861738205 -0.49400755763053894
vn -0.788339376449585 0.4690042734146118 -0.3981909453868866
vn 0.949006974697113 0.1939925104379654 -0.2485010027885437
vn 0.831478476524353 0.45758843421936035 -0.31504976749420166
vn -0.881432831287384 0.288697749376297 -0.3738045394420624
vn -0.6862083077430725 0.6874130964279175 -0.23786848783493042
vn 0.711990237236023 0.6372119784355164 -0.29500988125801086
vn -0.43734660744667053 0.8360891342163086 -0.3311842679977417
vn -0.1716420203447342 0.9073877930641174 -0.38364893198013306
vn 0.29810070991516113 0.8957045674324036 -0.32992324233055115
vn 0.5141946077346802 0.8167128562927246 -0.2618853747844696
vn 0.8255459070205688 0.5437659621238708 -0.1509719043970108
vn -0.11942149698734283 0.9791120290756226 -0.16455434262752533
vn 0.14593151211738586 0.9459513425827026 -0.28962069749832153
vn 0.09086288511753082 0.9947731494903564 -0.046587418764829636
vn -0.25621896982192993 -0.3047703802585602 -0.9173150658607483
vn -0.13508455455303192 -0.26502740383148193 -0.9547317624092102
vn 0.05735950917005539 -0.19302918016910553 -0.979515016078949
vn 0.3500523865222931 -0.16692139208316803 -0.921737790107727
vn -0.5303149819374084 0.8349283933639526 -0.14717577397823334
vn -0.32313981652259827 0.9313173890113831 -0.16801364719867706
vn 0.2705097496509552 0.9587503671646118 -0.08730541169643402
vn 0.4509190022945404 0.8891616463661194 -0.07786930352449417
vn -0.032398078590631485 -0.38485556840896606 -0.9224080443382263
vn 0.11544276028871536 -0.38521644473075867 -0.9155770540237427
vn 0.32670316100120544 -0.37538793683052063 -0.8673805594444275
vn -0.2680284380912781 -0.06347101926803589 -0.9613179564476013
vn 0.6179752349853516 -0.04282579571008682 -0.7850303053855896
vn -0.5276572108268738 0.04348570853471756 -0.8483436703681946
vn -0.48921942710876465 -0.22945548593997955 -0.8414360284805298
vn 0.8056733012199402 -0.0029527158476412296 -0.5923527479171753
vn -0.606581449508667 0.14596974849700928 -0.7815061211585999
vn 0.6560104489326477 0.19097203016281128 -0.7301918268203735
vn 0.802320659160614 0.188383087515831 -0.566386342048645
vn -0.6507745385169983 0.24105823040008545 -0.7199885249137878
vn 0.6435232758522034 0.3507082462310791 -0.6803539991378784
vn -0.7864631414413452 0.11387801170349121 -0.6070482134819031
vn 0.7768723368644714 0.34069252014160156 -0.5295261740684509
vn -0.6891174912452698 0.43669411540031433 -0.5782866477966309
vn 0.6203028559684753 0.4367230236530304 -0.6515346765518188
vn -0.4636165499687195 0.5781283378601074 -0.6714367270469666
vn 0.5452448129653931 0.5275242328643799 -0.6514801383018494
vn -0.32397082448005676 0.8358810544013977 -0.44310930371284485
vn 0.3005775511264801 0.7450289726257324 -0.5954704284667969
vn -0.16031453013420105 0.8823150396347046 -0.44251492619514465
vn -0.025451071560382843 0.8719568848609924 -0.4889207184314728
vn 0.14269942045211792 0.8439326286315918 -0.517121434211731
vn -0.6151005029678345 0.7019104361534119 -0.35912850499153137
vn 0.5662097930908203 0.6756935119628906 -0.4720643162727356
vn -0.048612672835588455 0.9606451988220215 -0.27349141240119934
vn 0.11699200421571732 0.9544329047203064 -0.2745371460914612
vn -0.03970765694975853 -0.810957133769989 -0.5837567448616028
vn -0.19618001580238342 -0.6459517478942871 -0.7377396821975708
vn 0.22409169375896454 -0.7391844391822815 -0.6351293325424194
vn -0.5270434617996216 -0.6374222040176392 -0.5620658993721008
vn -0.41999325156211853 -0.6310784220695496 -0.652185320854187
vn 0.29629334807395935 -0.626216471195221 -0.7211541533470154
vn 0.4117758870124817 -0.6509667038917542 -0.6377170085906982
vn -0.3053301274776459 -0.7520883083343506 -0.5840691328048706
vn 0.4516587555408478 -0.7213309407234192 -0.5250581502914429
vn -0.6754038333892822 -0.5069286823272705 -0.5355865955352783
vn 0.6159948110580444 -0.6135585904121399 -0.4940609931945801
vn -0.822051465511322 -0.4181743562221527 -0.3864734172821045
vn -0.8720359802246094 -0.17309324443340302 -0.45781221985816956
vn 0.721523106098175 -0.5282467603683472 -0.44761577248573303
vn 0.8224228620529175 -0.32749053835868835 -0.46515658497810364
vn 0.8681637644767761 -0.3794654905796051 -0.31984007358551025
vn -0.9281882047653198 -0.008177928626537323 -0.37202128767967224
vn 0.9493610858917236 -0.19241118431091309 -0.2483777105808258
vn -0.9517607092857361 0.12368018925189972 -0.2808108627796173
vn 0.9855729341506958 -0.03695487976074219 -0.16516776382923126
vn -0.9524475336074829 0.259207546710968 -0.16017217934131622
vn 0.9890725612640381 0.12453902512788773 -0.07890192419290543
vn -0.8513094186782837 0.44772809743881226 -0.27351754903793335
vn -0.7512165307998657 0.6454091668128967 -0.1382775753736496
vn 0.9367464184761047 0.3434395492076874 -0.06749480217695236
vn 0.7986500859260559 0.6016854047775269 -0.011520953848958015
vn -0.06417293846607208 -0.5583124756813049 -0.8271451592445374
vn 0.11161231249570847 -0.5960965752601624 -0.7951173186302185
vn 0.32711684703826904 -0.590351939201355 -0.7378883361816406
vn -0.8829629421234131 0.4602343738079071 -0.0925246998667717
vn -0.09814362227916718 -0.6887654066085815 -0.718310534954071
vn 0.10617328435182571 -0.6906797885894775 -0.7153242230415344
vn -0.6346842050552368 0.7727545499801636 -0.005145901348441839
vn 0.6562182307243347 0.751128613948822 -0.07199658453464508
vn -0.20030751824378967 -0.46523168683052063 -0.8622275590896606
vn 0.5561595559120178 -0.39083483815193176 -0.7334403395652771
vn -0.4220280945301056 0.9062329530715942 0.025182172656059265
vn -0.16123110055923462 0.9869142174720764 -0.002223905408754945
vn 0.13071231544017792 0.9914156794548035 0.003051270265132189
vn 0.3336128294467926 0.9358835816383362 0.11324501782655716
vn 0.5191963911056519 0.8475363850593567 0.11007779091596603
vn -0.5561962127685547 -0.38446319103240967 -0.7367726564407349
vn -0.3632763922214508 -0.42974400520324707 -0.8266501426696777
vn 0.6884954571723938 -0.19551509618759155 -0.69838947057724
vn -0.2794431447982788 -0.5541675686836243 -0.7840981483459473
vn 0.7389350533485413 -0.39771631360054016 -0.5438719987869263
vn -0.705689013004303 -0.14530378580093384 -0.6934621930122375
vn 0.8514562845230103 -0.2272946983575821 -0.47260910272598267
vn -0.09530414640903473 0.9953445792198181 0.014365453273057938
vn -0.7170858383178711 -0.04509023204445839 -0.6955248713493347
vn 0.8693382143974304 0.013125096447765827 -0.49404338002204895
vn -0.861589789390564 -0.03270493075251579 -0.5065504908561707
vn -0.7999254465103149 -0.20994889736175537 -0.5621750950813293
vn 0.9035893082618713 0.10478433221578598 -0.4153873920440674
vn -0.9419897198677063 0.12299806624650955 -0.31229299306869507
vn 0.8886341452598572 0.23678329586982727 -0.39276328682899475
vn -0.8190686702728271 0.26228541135787964 -0.5102283358573914
vn 0.8509237766265869 0.38908565044403076 -0.3529037833213806
vn -0.7863889336585999 0.4368067979812622 -0.43679773807525635
vn 0.7392870187759399 0.49733394384384155 -0.4539974629878998
vn -0.9043687582015991 0.3423294723033905 -0.2548092007637024
vn 0.8184507489204407 0.5168685913085938 -0.2509685754776001
vn -0.7383649349212646 0.632849395275116 -0.23306423425674438
vn 0.7613449096679688 0.5470449328422546 -0.34798818826675415
vn -0.49029338359832764 0.8545487523078918 -0.17134405672550201
vn -0.2885926067829132 0.9169424176216125 -0.2755555510520935
vn 0.5633634924888611 0.7792665958404541 -0.2745271623134613
vn -0.848056435585022 0.5131886005401611 -0.13205213844776154
vn -0.14449670910835266 0.9829668998718262 -0.11356429755687714
vn 0.31020742654800415 0.8978398442268372 -0.3124980628490448
vn 0.0894610658288002 0.9948775172233582 -0.04706960171461105
vn 0.29758813977241516 0.9540894627571106 -0.033980607986450195
vn -0.36505091190338135 0.9268370270729065 -0.08781267702579498
vn 0.5078713893890381 0.8588209748268127 -0.06703173369169235
vn -0.27386003732681274 -0.8692024946212769 -0.4116889238357544
vn 0.031011883169412613 -0.908741295337677 -0.4162063002586365
vn 0.2631673514842987 -0.85635906457901 -0.4442882835865021
vn -0.4907871186733246 -0.7423000335693359 -0.45620033144950867
vn 0.4891844689846039 -0.8070020079612732 -0.3308267891407013
vn -0.6075769662857056 -0.7121450901031494 -0.35170966386795044
vn 0.5546320080757141 -0.6943952441215515 -0.45847436785697937
vn -0.6942133903503418 -0.633065938949585 -0.34248414635658264
vn 0.6654242873191833 -0.6731787323951721 -0.32255369424819946
vn -0.840339720249176 -0.5054149031639099 -0.19592085480690002
vn 0.7945501804351807 -0.5472753643989563 -0.26302045583724976
vn -0.9347127079963684 -0.25182482600212097 -0.2507917881011963
vn 0.9223491549491882 -0.3659335672855377 -0.12395409494638443
vn -0.9809749126434326 -0.07934281975030899 -0.17718060314655304
vn 0.9762991070747375 -0.20892353355884552 -0.056490231305360794
vn -0.9930402040481567 0.05741848424077034 -0.10283177345991135
vn 0.9982463121414185 -0.05379555746912956 0.02470497041940689
vn -0.9832677841186523 0.18178752064704895 0.011737702414393425
vn 0.9858217239379883 0.14877232909202576 0.07760421931743622
vn -0.18206962943077087 -0.8290982842445374 -0.5286271572113037
vn -0.010567125864326954 -0.8154611587524414 -0.5787153244018555
vn -0.9302293062210083 0.35513344407081604 0.09248633682727814
vn 0.9288238286972046 0.3610228896141052 0.08336003124713898
vn -0.22518327832221985 -0.7571437358856201 -0.6132095456123352
vn 0.23883594572544098 -0.7653449773788452 -0.5976658463478088
vn -0.8078359365463257 0.5861296653747559 0.062073711305856705
vn 0.7951292395591736 0.5878825783729553 0.1488744616508484
vn -0.4182458519935608 -0.6665707230567932 -0.6170526742935181
vn 0.40884798765182495 -0.6527239680290222 -0.6378046274185181
vn 0.5963983535766602 -0.5980618596076965 -0.5353792905807495
vn -0.46794402599334717 -0.7558716535568237 -0.4579154849052429
vn 0.5023397207260132 -0.7301055192947388 -0.46325019001960754
vn -0.6778051853179932 0.7205355763435364 0.14631657302379608
vn 0.660300612449646 0.7355161309242249 0.15172094106674194
vn -0.5506078004837036 -0.5560868382453918 -0.6225742101669312
vn 0.785385251045227 -0.5010779500007629 -0.3634432554244995
vn -0.5117087960243225 0.8400455713272095 0.1802152544260025
vn -0.33256372809410095 0.9387139678001404 0.09065058827400208
vn 0.46307626366615295 0.8443760275840759 0.26942455768585205
vn 0.49619007110595703 0.8184265494346619 0.289781779050827
vn -0.6096798181533813 -0.4826352298259735 -0.6287717223167419
vn -0.6646379828453064 -0.6045700907707214 -0.439034640789032
vn -0.37923845648765564 0.8756833672523499 0.29892611503601074
vn 0.3323797583580017 0.9383314251899719 0.09517285227775574
vn -0.7148628234863281 -0.37268343567848206 -0.5916740894317627
vn 0.8462991714477539 -0.38821539282798767 -0.3647828698158264
vn 0.05862927436828613 0.9642825126647949 0.2583059072494507
vn -0.832553505897522 -0.3448314666748047 -0.4335273802280426
vn 0.8799382448196411 -0.20059828460216522 -0.43066105246543884
vn -0.7659434676170349 -0.506952702999115 -0.39538541436195374
vn -0.9432190656661987 -0.13133201003074646 -0.30510616302490234
vn 0.9723928570747375 -0.08404218405485153 -0.21769042313098907
vn 0.959659218788147 0.2028133124113083 -0.19473323225975037
vn -0.9874272346496582 0.05209190025925636 -0.1492445170879364
vn 0.8976421356201172 0.32329291105270386 -0.29953357577323914
vn 0.938073992729187 0.3429681062698364 -0.048889320343732834
vn -0.9555097222328186 0.28355976939201355 -0.08120991289615631
vn 0.9140650629997253 0.37331530451774597 -0.15849550068378448
vn 0.8568444848060608 0.5103709697723389 -0.07306891679763794
vn -0.8618181943893433 0.5071895718574524 0.005308333784341812
vn 0.7571957111358643 0.6373629570007324 -0.1429097205400467
vn -0.7201945781707764 0.6918407082557678 -0.05173271521925926
vn -0.5760999321937561 0.8138104677200317 -0.07629814743995667
vn 0.7813853025436401 0.6229823231697083 0.036470845341682434
vn -0.4421965479850769 0.8934803009033203 0.07845473289489746
vn 0.7106600403785706 0.7020733952522278 -0.04533566161990166
vn -0.208038792014122 0.9750704765319824 0.07718481868505478
vn 0.10778368264436722 0.9925220608711243 -0.0572943240404129
vn 0.3620653748512268 0.9238055944442749 0.1244666576385498
vn 0.5399283170700073 0.8316181302070618 0.12995609641075134
vn -0.6053502559661865 0.7879912853240967 0.11234267055988312
vn -0.257915735244751 0.9656424522399902 -0.031845297664403915
vn -0.29383420944213867 -0.9321375489234924 -0.21161548793315887
vn -0.05294381454586983 -0.9600400924682617 -0.2748090624809265
vn 0.24688097834587097 -0.9337997436523438 -0.25897449254989624
vn -0.5304337739944458 -0.8054213523864746 -0.26445499062538147
vn 0.46217381954193115 -0.8727695345878601 -0.15706266462802887
vn -0.6159170269966125 -0.7850709557533264 -0.06564939022064209
vn 0.5774331092834473 -0.785699725151062 -0.2219165414571762
vn -0.4998282790184021 -0.8650941252708435 -0.04223622754216194
vn 0.2785269320011139 -0.9586571455001831 -0.05830301344394684
vn -0.7111703753471375 -0.6860114932060242 -0.15370385348796844
vn 0.7057066559791565 -0.6888225674629211 -0.1658359318971634
vn -0.8385149240493774 -0.5426485538482666 -0.04924824461340904
vn 0.8194676637649536 -0.5627568960189819 -0.10852417349815369
vn -0.9442000389099121 -0.3147389888763428 -0.09708570688962936
vn 0.9220094084739685 -0.38570311665534973 0.033642642199993134
vn -0.9902124404907227 -0.13918565213680267 -0.01033476460725069
vn 0.9689751863479614 -0.21024824678897858 0.12993372976779938
vn -0.9961695075035095 0.0018381261033937335 0.0874246284365654
vn 0.9764171242713928 -0.04262187331914902 0.21164359152317047
vn -0.9651449918746948 0.17596346139907837 0.19373179972171783
vn 0.9628704190254211 0.12702590227127075 0.23821207880973816
vn -0.33719077706336975 -0.8601958751678467 -0.38257741928100586
vn -0.13178850710391998 -0.9193787574768066 -0.37064072489738464
vn 0.013930978253483772 -0.9115342497825623 -0.4109881520271301
vn 0.23756490647792816 -0.8767207860946655 -0.41823866963386536
vn -0.8901068568229675 0.3245055377483368 0.3200094699859619
vn 0.9049876928329468 0.33195292949676514 0.26609137654304504
vn -0.5696033835411072 -0.7403504252433777 -0.3569779098033905
vn 0.5512784719467163 -0.7905248999595642 -0.26676300168037415
vn -0.8148260116577148 0.5273404121398926 0.2407710999250412
vn 0.7567322254180908 0.5605505704879761 0.33636197447776794
vn -0.6428646445274353 -0.7473094463348389 -0.16808845102787018
vn 0.6831074953079224 -0.6450071930885315 -0.3425346612930298
vn -0.7890470027923584 0.42104294896125793 0.44735637307167053
vn 0.746849536895752 0.45076704025268555 0.48890170454978943
vn -0.5229608416557312 -0.8334744572639465 -0.17841623723506927
vn -0.7023884654045105 0.6008742451667786 0.3815764784812927
vn 0.5927137732505798 0.7121188044548035 0.37626737356185913
vn -0.7212063670158386 -0.6431196928024292 -0.2574073076248169
vn 0.7783557772636414 -0.5960342288017273 -0.1972447782754898
vn -0.5194126963615417 0.7879115343093872 0.33076557517051697
vn -0.4256007671356201 0.7872359156608582 0.44623273611068726
vn 0.3685510456562042 0.6669848561286926 0.6475349068641663
vn 0.44956648349761963 0.7297901511192322 0.5150692462921143
vn -0.8366630673408508 -0.5245528221130371 -0.15760506689548492
vn 0.5632476210594177 0.6126658320426941 0.5544300675392151
vn -0.3157413899898529 0.6758177280426025 0.6660163998603821
vn 0.40127837657928467 0.794338047504425 0.45607316493988037
vn -0.9099305868148804 -0.3435680866241455 -0.23235167562961578
vn 0.8310310244560242 -0.5472087264060974 -0.09975077211856842
vn -0.04341120645403862 0.8272396326065063 0.5601697564125061
vn 0.8954285979270935 -0.3900500535964966 -0.21463605761528015
vn 0.13177341222763062 0.6441035866737366 0.7535027265548706
vn -0.984889805316925 -0.14522045850753784 -0.09435635805130005
vn 0.9781119227409363 -0.2072591930627823 -0.018457354977726936
vn -0.9980621933937073 0.06220003589987755 -0.001738478080369532
vn 0.9939419031143188 0.10043935477733612 0.044625818729400635
vn 0.9338738918304443 0.3091917037963867 0.17966638505458832
vn -0.9604904055595398 0.2769172191619873 0.027839843183755875
vn 0.9142200946807861 0.4049525856971741 0.014666620641946793
vn -0.8610062599182129 0.49419113993644714 0.12018075585365295
vn 0.8996670842170715 0.42917391657829285 0.08005618304014206
vn -0.7467394471168518 0.6597524285316467 0.08430247008800507
vn 0.7815245985984802 0.5949380397796631 0.18779799342155457
vn 0.8541138172149658 0.44800588488578796 0.2641598880290985
vn -0.6350040435791016 0.7361238598823547 0.2342897355556488
vn 0.6694356203079224 0.7255769371986389 0.15935544669628143
vn -0.4126126170158386 0.8732465505599976 0.2592128813266754
vn -0.38740408420562744 0.8797605037689209 0.2755713164806366
vn 0.46695396304130554 0.8163348436355591 0.33992862701416016
vn 0.5337718725204468 0.7994945049285889 0.2754926085472107
vn -0.34598928689956665 0.7312487363815308 0.5878492593765259
vn 0.4538607895374298 0.8907122015953064 0.025342652574181557
vn 0.05918670445680618 0.9356104135513306 0.348037451505661
vn 0.3356761634349823 0.7062124609947205 0.6233662366867065
vn 0.014239058829843998 -0.9967057108879089 -0.07984331995248795
vn -0.2589802145957947 -0.9655086994171143 0.026875391602516174
vn 0.17302411794662476 -0.9740279316902161 0.14605620503425598
vn -0.47911491990089417 -0.8712261915206909 0.1068357601761818
vn -0.34465718269348145 -0.9198393225669861 0.1873689889907837
vn 0.3935016989707947 -0.9171784520149231 0.06277082860469818
vn 0.5139248371124268 -0.8568155169487 -0.04181542247533798
vn -0.08091718703508377 -0.976705014705658 0.1987455040216446
vn -0.7205938100814819 -0.6913697123527527 0.05246368795633316
vn 0.7043061256408691 -0.7097592949867249 0.013950883410871029
vn -0.8458033800125122 -0.5189884305000305 0.12356273829936981
vn 0.8302342891693115 -0.5473112463951111 0.10564764589071274
vn -0.5957590937614441 -0.7776325941085815 0.20089486241340637
vn 0.6111864447593689 -0.7660179138183594 0.19916751980781555
vn -0.9400128722190857 -0.3356444239616394 0.060981061309576035
vn 0.910222053527832 -0.3484399616718292 0.22379782795906067
vn -0.8989282846450806 -0.34849047660827637 0.2654852271080017
vn 0.8159565329551697 -0.46153801679611206 0.3481346070766449
vn -0.969727635383606 -0.17435696721076965 0.17096200585365295
vn 0.9206696152687073 -0.176815927028656 0.34799936413764954
vn -0.9129999876022339 -0.1964108645915985 0.3575664460659027
vn 0.8254196047782898 -0.29032889008522034 0.4841400980949402
vn -0.9642383456230164 -0.019620314240455627 0.26430949568748474
vn 0.9037442207336426 -0.03328968957066536 0.4267764985561371
vn -0.8870730400085449 -0.038113344460725784 0.46005314588546753
vn 0.8114517331123352 -0.13626950979232788 0.5683104991912842
vn -0.9120428562164307 0.16672897338867188 0.3746723532676697
vn 0.8937205076217651 0.12884162366390228 0.42972496151924133
vn -0.7644457817077637 0.2752807140350342 0.5829607248306274
vn 0.7891249060630798 0.19793377816677094 0.5814672112464905
vn -0.1482507586479187 -0.9735483527183533 -0.1738542914390564
vn 0.05855095013976097 -0.9848692417144775 -0.16310863196849823
vn 0.2438877671957016 -0.9450535774230957 -0.21769817173480988
vn -0.8218313455581665 0.1349041610956192 0.5535288453102112
vn 0.7532007694244385 0.03312041237950325 0.6569563746452332
vn -0.672210693359375 0.37468063831329346 0.638550877571106
vn 0.6570418477058411 0.3168204128742218 0.6840474009513855
vn -0.3527010977268219 -0.9275137186050415 -0.12377529591321945
vn 0.4790275990962982 -0.8760049939155579 -0.0561048723757267
vn 0.5123194456100464 0.4633404016494751 0.7230798602104187
vn -0.5487751960754395 -0.8359068036079407 0.010280461981892586
vn -0.4355181157588959 -0.8975691795349121 0.06850914657115936
vn 0.6526601910591125 -0.7542503476142883 -0.07170119881629944
vn -0.41527047753334045 0.41767555475234985 0.8081445097923279
vn 0.5181967616081238 0.3039742410182953 0.7994197010993958
vn -0.21502192318439484 -0.9726991057395935 0.08730430155992508
vn 0.01935257948935032 -0.998102605342865 0.05845258757472038
vn 0.29771795868873596 -0.953831672668457 0.0396123044192791
vn -0.5880768299102783 0.4989578425884247 0.6365585327148438
vn 0.38022083044052124 0.5837374925613403 0.7174139618873596
vn -0.7534663677215576 -0.6574118137359619 -0.009904993698000908
vn 0.7934877276420593 -0.6073652505874634 0.03853215277194977
vn -0.49087807536125183 0.7104536890983582 0.5042759776115417
vn -0.25139883160591125 0.755793035030365 0.6046285033226013
vn -0.050387658178806305 0.6305252313613892 0.7745315432548523
vn 0.2600337862968445 0.6370358467102051 0.725649893283844
vn -0.8611363172531128 -0.5041759014129639 0.06519881635904312
vn -0.31353405117988586 0.6021052598953247 0.7342790961265564
vn -0.11689843237400055 0.5855438113212585 0.8021678328514099
vn 0.10539331287145615 0.5713295340538025 0.8139256238937378
vn 0.3016092777252197 0.5062299966812134 0.8079375624656677
vn -0.6711748838424683 -0.7307066321372986 0.12486863881349564
vn 0.665713906288147 -0.746023952960968 0.016534557566046715
vn -0.942284345626831 -0.33415845036506653 -0.020936844870448112
vn 0.8372135162353516 -0.4964864253997803 0.2292918860912323
vn 0.901675820350647 -0.42593997716903687 0.07453808933496475
vn -0.9110856056213379 -0.36025774478912354 0.20034337043762207
vn -0.9828286170959473 -0.16467614471912384 0.08324487507343292
vn 0.9620078206062317 -0.15361975133419037 0.2257034182548523
vn -0.9335789084434509 -0.25568291544914246 0.2511107921600342
vn 0.8764696717262268 -0.32515445351600647 0.3550712764263153
vn -0.9929459691047668 0.008249779231846333 0.1182803213596344
vn 0.9550347328186035 0.08737761527299881 0.28332647681236267
vn 0.885525107383728 0.1770762801170349 0.42952218651771545
vn -0.9459784030914307 -0.1424296349287033 0.2912709414958954
vn 0.8737516403198242 -0.08553937822580338 0.4787912666797638
vn -0.9572526812553406 0.2528895437717438 0.1404075026512146
vn 0.9011732339859009 0.3029608130455017 0.31000250577926636
vn 0.8116433620452881 0.39965957403182983 0.4260368347167969
vn -0.8915101289749146 0.36496421694755554 0.2683482766151428
vn 0.707950234413147 0.6068177819252014 0.361356645822525
vn -0.7497571110725403 0.5904251933097839 0.2987680435180664
vn -0.81503826379776 0.41404619812965393 0.40531274676322937
vn -0.6426129937171936 0.6527371406555176 0.4012267291545868
vn 0.6228041648864746 0.6913907527923584 0.36618825793266296
vn -0.42550742626190186 0.8125487565994263 0.398381769657135
vn -0.23191726207733154 0.8329207301139832 0.5024515390396118
vn 0.005603814963251352 0.7388675212860107 0.6738274693489075
vn 0.28309449553489685 0.7641057968139648 0.5796549320220947
vn 0.43969011306762695 0.7445271611213684 0.502346396446228
vn -0.4630092680454254 0.6793045997619629 0.5693573355674744
vn 0.5621267557144165 0.6442033052444458 0.5186672806739807
vn -0.1883179247379303 -0.9481400847434998 0.25606006383895874
vn 0.07681504637002945 -0.9544509649276733 0.2883101999759674
vn 0.3339340388774872 -0.9212049841880798 0.19967339932918549
vn -0.4102960228919983 -0.8259290456771851 0.3866502344608307
vn 0.4568836987018585 -0.8014223575592041 0.385978639125824
vn -0.6574660539627075 -0.6653540730476379 0.35361340641975403
vn 0.6864625811576843 -0.618664562702179 0.38213008642196655
vn -0.17380304634571075 -0.8865306377410889 0.42878425121307373
vn 0.05915563181042671 -0.9033214449882507 0.4248659014701843
vn 0.24331890046596527 -0.8734959959983826 0.42166411876678467
vn -0.7926921248435974 -0.5330743789672852 0.295754998922348
vn 0.6750023365020752 -0.4540756344795227 0.5815386772155762
vn -0.6775383949279785 -0.5411877036094666 0.4980539083480835
vn 0.3368243873119354 -0.757213294506073 0.559622585773468
vn 0.4823060929775238 -0.6614076495170593 0.5743873119354248
vn -0.8182091116905212 -0.3406170904636383 0.46315643191337585
vn 0.6826492547988892 -0.27290597558021545 0.6778733730316162
vn -0.6821520328521729 -0.3815487325191498 0.6237702369689941
vn 0.5532899498939514 -0.4569736123085022 0.6964519619941711
vn -0.8204116225242615 -0.15900813043117523 0.5492187738418579
vn 0.6769964694976807 -0.11366041004657745 0.7271568775177002
vn 0.5472496747970581 -0.2049107700586319 0.81149822473526
vn -0.7510398030281067 0.06093946844339371 0.6574386954307556
vn 0.63243168592453 0.07040342688560486 0.7714101672172546
vn -0.5694785118103027 0.268205463886261 0.7770200371742249
vn 0.4628147482872009 0.16039811074733734 0.8718227744102478
vn -0.6159393787384033 0.14475156366825104 0.7743808627128601
vn 0.13694453239440918 0.12016171962022781 0.9832636713981628
vn 0.35213491320610046 -0.01777290366590023 0.9357805252075195
vn 0.48863485455513 -0.031598273664712906 0.8719160556793213
vn -0.3445201814174652 0.3067329227924347 0.8872546553611755
vn 0.34593573212623596 0.337403804063797 0.875492513179779
vn -0.18239986896514893 0.4409521818161011 0.878801167011261
vn 0.012067083269357681 0.4559047222137451 0.8899467587471008
vn 0.18749845027923584 0.4043510854244232 0.8951785564422607
vn -0.30036526918411255 -0.9397523403167725 0.1632368564605713
vn -0.12207090109586716 -0.964821994304657 0.23284600675106049
vn 0.12621761858463287 -0.973874032497406 0.18878164887428284
vn 0.3542899489402771 -0.9293681383132935 0.10369927436113358
vn -0.08538546413183212 0.2796543836593628 0.9562963843345642
vn 0.10961861163377762 0.2801705300807953 0.9536709785461426
vn 0.2835389971733093 0.15827137231826782 0.9458096623420715
vn -0.5520825982093811 -0.7836230993270874 0.28485020995140076
vn 0.5294294357299805 -0.8208781480789185 0.21415793895721436
vn -0.7258341312408447 -0.6163908243179321 0.30533143877983093
vn 0.7005422711372375 -0.6400486826896667 0.3155602812767029
vn -0.3845860958099365 -0.8631894588470459 0.32710474729537964
vn 0.35806137323379517 -0.8537054657936096 0.37812575697898865
vn -0.8141610026359558 -0.5206184983253479 0.2570958435535431
vn 0.8138902187347412 -0.4615354537963867 0.3529416620731354
vn -0.7136629223823547 -0.5318861603736877 0.4558315575122833
vn 0.6848551630973816 -0.5068050026893616 0.523566722869873
vn -0.8235263824462891 -0.39334389567375183 0.4087603688240051
vn 0.811798632144928 -0.2599971890449524 0.522861897945404
vn -0.7085937857627869 -0.4307853877544403 0.5588549375534058
vn 0.7280803322792053 -0.3149953782558441 0.6088325381278992
vn -0.8197943568229675 -0.28951185941696167 0.4940851330757141
vn 0.8217800259590149 0.023937689140439034 0.5693018436431885
vn -0.8521690964698792 -0.14349713921546936 0.5032061338424683
vn 0.7421762943267822 -0.1282038390636444 0.6578283905982971
vn -0.9442758560180664 0.10836061090230942 0.3108071982860565
vn 0.8475835919380188 0.14614000916481018 0.5101423263549805
vn -0.8119887709617615 0.16555072367191315 0.5597028732299805
vn 0.7292799949645996 0.27099454402923584 0.6282616257667542
vn -0.8164788484573364 0.021878043189644814 0.5769608020782471
vn 0.7095106244087219 0.0954446792602539 0.6982012391090393
vn -0.722798228263855 0.4037053883075714 0.560878574848175
vn 0.6864111423492432 0.43746238946914673 0.5809186697006226
vn -0.56485915184021 0.5109556913375854 0.6479648947715759
vn 0.5542110800743103 0.4670468270778656 0.6889973878860474
vn -0.5902978181838989 0.3266248404979706 0.7381494641304016
vn 0.5387742519378662 0.3349476754665375 0.7730022668838501
vn -0.33169320225715637 0.5621030926704407 0.7576408982276917
vn 0.3554026484489441 0.594229519367218 0.721512496471405
vn -0.21239612996578217 0.749531090259552 0.6269698143005371
vn -0.023554043844342232 0.7169983983039856 0.6966768503189087
vn 0.1991255283355713 0.6745524406433105 0.710864245891571
vn -0.10781844705343246 0.5741637945175171 0.8116102814674377
vn 0.06643607467412949 0.5635687112808228 0.8233933448791504
vn 0.25907790660858154 0.5151461958885193 0.8170086145401001
vn -0.21532590687274933 -0.7709192633628845 0.5994316339492798
vn 0.04242803901433945 -0.8136618137359619 0.5797882676124573
vn -0.45547252893447876 -0.6798995137214661 0.5747012495994568
vn 0.17870326340198517 -0.6691673994064331 0.7213044762611389
vn 0.409077912569046 -0.5415229797363281 0.7344441413879395
vn -0.28183770179748535 -0.5796749591827393 0.7645551562309265
vn -0.09739580750465393 -0.6216135025024414 0.7772456407546997
vn -0.47211387753486633 -0.5193344354629517 0.7123203277587891
vn 0.41504693031311035 -0.33732476830482483 0.8449544906616211
vn -0.5230732560157776 -0.31386229395866394 0.792391836643219
vn -0.29420626163482666 -0.37977084517478943 0.8770501017570496
vn -0.09904614090919495 -0.41638869047164917 0.9037755727767944
vn 0.14468108117580414 -0.45172157883644104 0.8803493976593018
vn -0.7095935940742493 -0.19061757624149323 0.678337574005127
vn 0.3572866916656494 -0.17357544600963593 0.9177242517471313
vn -0.6237015128135681 -0.06772846728563309 0.7787228226661682
vn -0.0074196164496243 -0.025230426341295242 0.9996541142463684
vn 0.16471083462238312 -0.0869952142238617 0.9824979305267334
vn -0.4631693661212921 -0.15817587077617645 0.8720404505729675
vn -0.26085585355758667 -0.20207196474075317 0.9439921379089355
vn -0.06365291774272919 -0.22277818620204926 0.9727888703346252
vn 0.14060313999652863 -0.28131404519081116 0.9492592811584473
vn -0.431403785943985 0.08689036220312119 0.8979648351669312
vn -0.09961465746164322 0.1362585723400116 0.9856523275375366
vn -0.3215106129646301 0.1895543336868286 0.9277392625808716
vn -0.24626848101615906 -0.015197549015283585 0.9690825343132019
vn -0.06252876669168472 -0.9256550669670105 0.3731659948825836
vn 0.09886354207992554 -0.9383871555328369 0.33114293217658997
vn -0.1725907325744629 -0.8917132019996643 0.418401837348938
vn 0.21673396229743958 -0.8292961120605469 0.5150673985481262
vn -0.3887639343738556 -0.747514545917511 0.5385951399803162
vn 0.4748902916908264 -0.6829659938812256 0.5550106167793274
vn -0.10758975148200989 -0.8068912029266357 0.580819308757782
vn 0.05035768449306488 -0.835451602935791 0.5472519993782043
vn -0.5768407583236694 -0.643388569355011 0.5032951235771179
vn 0.5227333903312683 -0.479474812746048 0.7048785090446472
vn -0.3623711168766022 -0.7115188837051392 0.6020200252532959
vn -0.06889905035495758 -0.7694341540336609 0.6349992156028748
vn 0.12215259671211243 -0.724855363368988 0.6779849529266357
vn 0.2702861726284027 -0.6773682236671448 0.6841912865638733
vn -0.5693184733390808 -0.536020040512085 0.6233450174331665
vn 0.5955806970596313 -0.29569774866104126 0.7468912601470947
vn -0.6350611448287964 -0.33415648341178894 0.6964459419250488
vn -0.3800217807292938 -0.6642268896102905 0.6437283754348755
vn 0.2975465655326843 -0.6416075825691223 0.7069694399833679
vn 0.3844844698905945 -0.516021192073822 0.7654370069503784
vn -0.7275585532188416 -0.2734581530094147 0.6291893124580383
vn 0.6410866379737854 -0.11688276380300522 0.7585158944129944
vn -0.58394455909729 -0.12753906846046448 0.8017122745513916
vn 0.5166637301445007 -0.28690195083618164 0.8066882491111755
vn -0.6812345385551453 -0.1172868087887764 0.7226086854934692
vn 0.6258339285850525 0.087221659719944 0.7750640511512756
vn -0.6544516682624817 0.0760871171951294 0.7522657513618469
vn 0.4352455139160156 0.17642320692539215 0.8828568458557129
vn -0.49936407804489136 0.0013076638570055366 0.8663913011550903
vn -0.34407833218574524 0.06752079725265503 0.9365100264549255
vn -0.036046337336301804 0.13064399361610413 0.9907738566398621
vn 0.31525346636772156 0.013821165077388287 0.9489068984985352
vn 0.4632251262664795 -0.03799356520175934 0.8854259252548218
vn -0.43512964248657227 0.23928554356098175 0.8679888844490051
vn 0.29668083786964417 0.34902840852737427 0.8889092803001404
vn -0.3067753314971924 0.38988110423088074 0.8682636022567749
vn -0.09835058450698853 0.37872469425201416 0.9202688932418823
vn 0.08218801021575928 0.36999309062957764 0.9253919720649719
vn -0.2896443009376526 0.18471328914165497 0.9391417503356934
vn -0.09187939018011093 0.2072499692440033 0.9739639163017273
vn 0.1806987226009369 0.16314484179019928 0.9699133038520813
vn 0.01413138210773468 -0.6845016479492188 0.7288743853569031
vn -0.24584686756134033 -0.6377455592155457 0.7299588918685913
vn 0.12829187512397766 -0.5510029792785645 0.8245829343795776
vn -0.4544143080711365 -0.4693683385848999 0.7571004033088684
vn 0.38946813344955444 -0.43458083271980286 0.8120678067207336
vn -0.20620636641979218 -0.4553811550140381 0.8660871386528015
vn -0.5544961094856262 -0.31532832980155945 0.7701312899589539
vn 0.3556171655654907 -0.15973059833049774 0.920881450176239
vn -0.4725082218647003 -0.09200378507375717 0.8765108585357666
vn -0.2597615122795105 0.0032991496846079826 0.965667188167572
vn 0.052088554948568344 -0.009362648241221905 0.998598575592041
vn -0.4029959738254547 -0.2611634433269501 0.8771476745605469
vn -0.18279166519641876 -0.1954563856124878 0.9635269045829773
vn 0.08386332541704178 -0.3032410740852356 0.9492164254188538
vn -0.048090070486068726 0.19268107414245605 -0.9800823330879211
vn 0.17374663054943085 0.19415408372879028 -0.9654617309570312
vn 0.368499219417572 0.1968480795621872 -0.9085478782653809
vn -0.3053511679172516 0.3198271691799164 -0.8969232439994812
vn -0.035045381635427475 0.3835122883319855 -0.9228706359863281
vn 0.2033815085887909 0.3810677230358124 -0.9018998742103577
vn 0.38039880990982056 0.41061949729919434 -0.8286666870117188
vn -0.38531553745269775 0.44923561811447144 -0.8060517311096191
vn -0.10668084025382996 0.5300189256668091 -0.8412485718727112
vn 0.1488431990146637 0.5355689525604248 -0.8312711119651794
vn 0.343077152967453 0.5549033284187317 -0.7578788995742798
vn 0.17919468879699707 0.6653633117675781 -0.7246937155723572
vn -0.14761407673358917 -0.4141944348812103 -0.8981386423110962
vn 0.06526081264019012 -0.3575669527053833 -0.9316045045852661
vn -0.2083607167005539 -0.06464580446481705 -0.9759132862091064
vn 0.01152041181921959 -0.07171867042779922 -0.9973583817481995
vn 0.22974519431591034 -0.07459540665149689 -0.9703879356384277
vn -0.3857860267162323 -0.3104984760284424 -0.8687691688537598
vn -0.20026612281799316 -0.26212674379348755 -0.944024920463562
vn 0.05772851034998894 -0.2664995491504669 -0.9621046781539917
vn 0.358380526304245 -0.17150163650512695 -0.9176876544952393
vn 0.5348320007324219 -0.08753650635480881 -0.8404118418693542
vn -0.3243257403373718 0.10949932038784027 -0.9395865201950073
vn 0.47875213623046875 0.0219535194337368 -0.8776755928993225
vn -0.5270127058029175 0.14370888471603394 -0.837618887424469
vn -0.6158612370491028 -0.10659164935350418 -0.7806107401847839
vn -0.4657002389431 -0.10548634082078934 -0.8786330223083496
vn 0.6042024493217468 0.10781174153089523 -0.7895036935806274
vn -0.5928061604499817 0.30831944942474365 -0.7439892292022705
vn 0.5511137843132019 0.29660364985466003 -0.7799358367919922
vn -0.6931328773498535 0.08593288064002991 -0.7156692147254944
vn 0.6756021976470947 0.3123621940612793 -0.6678259968757629
vn -0.5573524236679077 0.5452328324317932 -0.6261625289916992
vn 0.5386925935745239 0.49149149656295776 -0.6842854022979736
vn -0.3229731023311615 0.6534832715988159 -0.6845787167549133
vn -0.1030668094754219 0.68635493516922 -0.7199265360832214
vn 0.4626515209674835 0.5867279171943665 -0.6646080613136292
vn 0.6851043105125427 0.42830151319503784 -0.5892283320426941
vn -0.002657501259818673 0.7935901284217834 -0.6084468960762024
vn 0.266342431306839 0.747044026851654 -0.6090869903564453
vn 0.0754467248916626 0.8364156484603882 -0.5428782105445862
vn -0.46105706691741943 0.7514055371284485 -0.4720340669155121
vn -0.2726035416126251 0.8282370567321777 -0.48960259556770325
vn 0.4456930458545685 0.7045186161994934 -0.5522782802581787
vn 0.025264186784625053 0.8987834453582764 -0.43766435980796814
vn -0.2296622097492218 -0.6086191534996033 -0.7594985365867615
vn -0.06726881861686707 -0.5755741596221924 -0.8149781227111816
vn -0.3338220417499542 -0.4949694573879242 -0.8022270202636719
vn 0.09889411181211472 -0.5334444642066956 -0.8400339484214783
vn -0.518501341342926 -0.5159513354301453 -0.6818729043006897
vn 0.29303354024887085 -0.32929936051368713 -0.8976041674613953
vn 0.5380147695541382 -0.3266657590866089 -0.7770648002624512
vn 0.30978354811668396 -0.5296879410743713 -0.7895979285240173
vn 0.5474764704704285 -0.5039663314819336 -0.6680475473403931
vn -0.5933326482772827 -0.31926029920578003 -0.7389379143714905
vn 0.6758062243461609 -0.20541641116142273 -0.7078771591186523
vn -0.7900245785713196 -0.189406618475914 -0.5830835700035095
vn 0.8389459252357483 -0.14005433022975922 -0.5258845686912537
vn -0.8093082904815674 0.009100367315113544 -0.587313711643219
vn 0.7306745648384094 0.05603105202317238 -0.680422842502594
vn 0.8836222290992737 0.07527695596218109 -0.4621095657348633
vn -0.8708958029747009 0.14691594243049622 -0.4689949154853821
vn 0.7648810744285583 0.23536454141139984 -0.5996336936950684
vn -0.7666016817092896 0.24851588904857635 -0.5920825600624084
vn 0.8911794424057007 0.21137085556983948 -0.4013995826244354
vn -0.7221611142158508 0.473528653383255 -0.504236102104187
vn 0.8073798418045044 0.38796180486679077 -0.44454866647720337
vn 0.7012038826942444 0.5112212896347046 -0.4969567358493805
vn -0.8378264904022217 0.38139012455940247 -0.39062559604644775
vn 0.8919508457183838 0.3373878300189972 -0.3009870648384094
vn -0.6421863436698914 0.6654626131057739 -0.38046854734420776
vn 0.5914158821105957 0.6502506732940674 -0.47686630487442017
vn -0.5291258096694946 0.7965101003646851 -0.29257065057754517
vn -0.28441768884658813 0.8573000431060791 -0.42911916971206665
vn 0.4362836480140686 0.7861475348472595 -0.4377541244029999
vn -0.7476775646209717 0.6087270379066467 -0.2653859555721283
vn 0.7132132649421692 0.5858681201934814 -0.3848187327384949
vn -0.21902158856391907 0.9284179210662842 -0.30011627078056335
vn 0.22209246456623077 0.8820769786834717 -0.41546985507011414
vn -0.06468144804239273 0.9709417223930359 -0.2304094135761261
vn -0.5492323637008667 0.822888970375061 -0.14559412002563477
vn -0.40010344982147217 0.8970194458961487 -0.18781231343746185
vn 0.4229497015476227 0.8421841263771057 -0.33442404866218567
vn -0.06977248191833496 0.9950005412101746 -0.07145502418279648
vn -0.3507033586502075 -0.7349002361297607 -0.5804558396339417
vn -0.18147331476211548 -0.7045854330062866 -0.6860225200653076
vn 0.14465683698654175 -0.6873847842216492 -0.7117419242858887
vn 0.4002075791358948 -0.700916051864624 -0.5903818011283875
vn -0.014066320843994617 -0.7408322691917419 -0.6715428233146667
vn 0.32293784618377686 -0.7317555546760559 -0.6002041101455688
vn -0.45638519525527954 -0.6457250714302063 -0.6121697425842285
vn 0.6497120261192322 -0.5780739784240723 -0.49366456270217896
vn -0.635368824005127 -0.6435573697090149 -0.42677900195121765
vn 0.7123972773551941 -0.41532623767852783 -0.5656803250312805
vn -0.7003685235977173 -0.4690450429916382 -0.5380341410636902
vn 0.8611106276512146 -0.3427868187427521 -0.3754805624485016
vn -0.8605398535728455 -0.3213341236114502 -0.39524126052856445
vn -0.7756549715995789 -0.5407406687736511 -0.3255133628845215
vn -0.9124809503555298 -0.10310184210538864 -0.39591485261917114
vn 0.9486545324325562 -0.13173365592956543 -0.2875775694847107
vn -0.8939604163169861 0.14452120661735535 -0.4242033064365387
vn 0.9721921682357788 0.03457532450556755 -0.231618270277977
vn -0.9125292301177979 -0.09843845665454865 -0.396989107131958
vn -0.8716785907745361 0.39456257224082947 -0.290683388710022
vn 0.9690960645675659 0.18541301786899567 -0.1627110093832016
vn 0.9035036563873291 0.38483864068984985 -0.18862776458263397
vn -0.796211838722229 0.5895391702651978 -0.1359790563583374
vn 0.8300679922103882 0.491391122341156 -0.2636701166629791
vn -0.6815683841705322 0.7157474160194397 -0.1522175669670105
vn 0.6967196464538574 0.6680387854576111 -0.2613540291786194
vn -0.6056406497955322 0.7953740358352661 0.024075333029031754
vn 0.5790863037109375 0.7879984974861145 -0.20908716320991516
vn -0.45945775508880615 0.8880842328071594 0.014317881315946579
vn -0.30943766236305237 0.9503375887870789 -0.03326947242021561
vn 0.4187122583389282 0.8850140571594238 -0.20354411005973816
vn 0.6671736836433411 0.7408123016357422 -0.07795154303312302
vn -0.17064735293388367 0.9728401899337769 0.1564016491174698
vn 0.18354667723178864 0.9599051475524902 -0.21187923848628998
vn 0.14174866676330566 0.986862063407898 0.07752855122089386
vn 0.38350677490234375 0.923336386680603 -0.019300241023302078
vn -0.1159435361623764 -0.8843432068824768 -0.4522104263305664
vn 0.1874377280473709 -0.8495026230812073 -0.49316567182540894
vn -0.2881886065006256 -0.7828874588012695 -0.5513932704925537
vn 0.45927608013153076 -0.8258714079856873 -0.32711154222488403
vn -0.42929089069366455 -0.8038440346717834 -0.41175737977027893
vn 0.5046687722206116 -0.7305287718772888 -0.4600403606891632
vn -0.5206707715988159 -0.746383011341095 -0.4145049452781677
vn 0.6564875245094299 -0.6900719404220581 -0.30467164516448975
vn -0.7597297430038452 -0.617344856262207 -0.2041962742805481
vn -0.642920970916748 -0.7172363996505737 -0.2687465250492096
vn 0.7672919034957886 -0.5459496974945068 -0.3364553153514862
vn -0.8827241063117981 -0.40232163667678833 -0.2427661418914795
vn 0.9095590114593506 -0.380353182554245 -0.16743336617946625
vn -0.9007608890533447 -0.31140175461769104 -0.30275216698646545
vn 0.9791784286499023 -0.18121226131916046 -0.09149765968322754
vn -0.9266476631164551 -0.34701254963874817 -0.14459089934825897
vn -0.9850620031356812 0.030952269211411476 -0.16939565539360046
vn 0.9990518093109131 0.0023188635241240263 -0.04347613453865051
vn -0.8796222805976868 0.2985295355319977 -0.37033072113990784
vn -0.8281294107437134 0.5404927134513855 -0.14855772256851196
vn 0.984238862991333 0.17670780420303345 -0.006950292736291885
vn 0.941071093082428 0.3367721736431122 -0.031140420585870743
vn -0.9048083424568176 0.4131811261177063 -0.1029723510146141
vn -0.8170284628868103 0.572603166103363 0.06775088608264923
vn 0.8443753123283386 0.5310547351837158 -0.0707908645272255
vn -0.7332373857498169 0.6791886687278748 0.03264636546373367
vn 0.8688245415687561 0.4854315221309662 0.09746869653463364
vn -0.6298260688781738 0.7563862800598145 0.17663243412971497
vn 0.7930701375007629 0.6079769134521484 -0.03746839985251427
vn -0.4718792140483856 0.8557624816894531 0.2121335119009018
vn -0.37169912457466125 0.9048284888267517 0.20766614377498627
vn 0.6547863483428955 0.7486427426338196 0.10386963933706284
vn -0.22021722793579102 0.9049025774002075 0.3642193078994751
vn 0.5761821866035461 0.8161759972572327 0.04325364902615547
vn 0.1024489477276802 0.9491461515426636 0.2977008819580078
vn 0.41094574332237244 0.8827334642410278 0.22782710194587708
vn -0.13035215437412262 -0.9753015637397766 -0.1783120334148407
vn 0.1876753568649292 -0.9563590288162231 -0.2239542305469513
vn -0.3894572854042053 -0.8728011250495911 -0.29417884349823
vn 0.37993744015693665 -0.9241552948951721 -0.039807502180337906
vn -0.4386546015739441 -0.8934475183486938 -0.09661079198122025
vn 0.5283346176147461 -0.8312860131263733 -0.17270265519618988
vn -0.286091148853302 -0.9581992030143738 -0.002482546027749777
vn 0.06602238863706589 -0.9950060844421387 0.07485951483249664
vn -0.5315430164337158 -0.8166553378105164 -0.2248021513223648
vn 0.6951997876167297 -0.7080885171890259 -0.12372566759586334
vn -0.7317248582839966 -0.6774162650108337 -0.07540569454431534
vn -0.6510944962501526 -0.7506734728813171 -0.11209527403116226
vn 0.8152536749839783 -0.5662339329719543 -0.12141115963459015
vn -0.8582401275634766 -0.49772387742996216 -0.12527911365032196
vn 0.9122316837310791 -0.40966159105300903 0.003289107233285904
vn -0.8232012987136841 -0.5675576329231262 0.014764534309506416
vn -0.8905961513519287 -0.4545626640319824 0.01453703735023737
vn 0.9750368595123291 -0.21131031215190887 0.06819937378168106
vn -0.9060578346252441 -0.37451499700546265 0.1969716101884842
vn -0.9800298810005188 -0.16193068027496338 0.1154121607542038
vn 0.9919658899307251 -0.036911509931087494 0.12100115418434143
vn -0.9114471673965454 -0.07373453676700592 0.40475592017173767
vn -0.9626159071922302 0.20096519589424133 0.1816139966249466
vn 0.9737143516540527 0.10870953649282455 0.20015652477741241
vn -0.8317165374755859 0.536824643611908 0.14165814220905304
vn -0.870841383934021 0.2933169901371002 0.3944622576236725
vn -0.8259416818618774 0.48884516954421997 0.28080371022224426
vn 0.9362409710884094 0.2697528302669525 0.2251361459493637
vn -0.765914797782898 0.5963922739028931 0.2401890605688095
vn 0.8166818618774414 0.4706280827522278 0.33397597074508667
vn 0.7760539054870605 0.42712506651878357 0.46400925517082214
vn -0.6381858587265015 0.6949462294578552 0.33131349086761475
vn 0.7452693581581116 0.6207625269889832 0.2433670163154602
vn -0.44324496388435364 0.8183047771453857 0.36593878269195557
vn -0.3283143639564514 0.8267785310745239 0.45677894353866577
vn 0.6651938557624817 0.6733952760696411 0.32257723808288574
vn -0.4858086109161377 0.7022589445114136 0.5204060673713684
vn 0.6444492340087891 0.5815491080284119 0.49647337198257446
vn -0.17198023200035095 0.7903069853782654 0.5880796909332275
vn 0.5639998912811279 0.7558098435401917 0.3326494097709656
vn 0.045489124953746796 0.8693193197250366 0.49215325713157654
vn 0.35219570994377136 0.823671817779541 0.44443559646606445
vn 0.1320762187242508 0.7513905167579651 0.6465046405792236
vn 0.44116511940956116 0.7134996652603149 0.5443267226219177
vn -0.30130845308303833 -0.9495590329170227 0.08689619600772858
vn -0.14593623578548431 -0.9777767658233643 0.1505165994167328
vn 0.23939934372901917 -0.961510956287384 0.13485084474086761
vn 0.4551575183868408 -0.8904083967208862 0.002127579879015684
vn -0.5210579037666321 -0.8523369431495667 -0.04494833946228027
vn 0.6517955660820007 -0.7484095692634583 0.12266086786985397
vn -0.5940911769866943 -0.7989945411682129 0.09307762235403061
vn 0.7848032712936401 -0.6062136292457581 0.128797709941864
vn -0.4538128077983856 -0.8780941963195801 0.15167266130447388
vn 0.1993739902973175 -0.94229656457901 0.2689373195171356
vn 0.47458532452583313 -0.8426623940467834 0.2543399930000305
vn -0.721168577671051 -0.6763092875480652 0.15007232129573822
vn 0.8999523520469666 -0.40136441588401794 0.1702718436717987
vn -0.8141224384307861 -0.5201334953308105 0.25819745659828186
vn 0.7786776423454285 -0.5490007996559143 0.3037421405315399
vn -0.8992132544517517 -0.41528746485710144 0.1376657634973526
vn 0.9374905824661255 -0.21655213832855225 0.2724273204803467
vn -0.8304166197776794 -0.3877823054790497 0.4000413417816162
vn 0.8290336728096008 -0.36437463760375977 0.4241866171360016
vn -0.8879199028015137 -0.2685459852218628 0.3734719157218933
vn 0.9329579472541809 -0.04676332324743271 0.3569352626800537
vn -0.8205081820487976 -0.2466425746679306 0.5156877040863037
vn 0.8352129459381104 -0.1965593844652176 0.5135988593101501
vn -0.8683860301971436 0.10002396255731583 0.48569634556770325
vn 0.8949816226959229 0.1764620989561081 0.40971824526786804
vn 0.7941261529922485 0.22318331897258759 0.5652901530265808
vn 0.8247817754745483 -0.0074988859705626965 0.5654014945030212
vn -0.8589583039283752 0.23765680193901062 0.4535526633262634
vn 0.7005014419555664 0.3854958713054657 0.6005753874778748
vn -0.7641133666038513 0.483581006526947 0.42694294452667236
vn -0.664919376373291 0.5593447089195251 0.494990736246109
vn 0.5129242539405823 0.4596810042858124 0.7249842286109924
vn -0.7274563312530518 0.3505195081233978 0.5898672342300415
vn -0.4360511302947998 0.5857583284378052 0.6831886172294617
vn 0.4721720814704895 0.6043137311935425 0.6417619585990906
vn -0.28905513882637024 0.7467203140258789 0.5990458130836487
vn -0.11855781078338623 0.7047687768936157 0.6994605660438538
vn 0.184928297996521 0.6737412810325623 0.7154539227485657
vn 0.07634956389665604 0.5523936748504639 0.8300795555114746
vn 0.2996229827404022 0.5108395218849182 0.8057723641395569
vn -0.050536688417196274 -0.9649778008460999 0.2574177384376526
vn -0.24420207738876343 -0.9229388236999512 0.29757222533226013
vn 0.058916717767715454 -0.8966737389564514 0.4387539029121399
vn -0.4780394434928894 -0.7981293797492981 0.36669859290122986
vn -0.38839101791381836 -0.8458961248397827 0.3655301034450531
vn 0.33430489897727966 -0.8387385010719299 0.42983490228652954
vn 0.6010075211524963 -0.7206754088401794 0.34556764364242554
vn -0.14491157233715057 -0.8704054355621338 0.4705263078212738
vn -0.6402875185012817 -0.706062912940979 0.30250149965286255
vn 0.6533957123756409 -0.536336362361908 0.5342446565628052
vn -0.548563539981842 -0.6381081938743591 0.5402740240097046
vn -0.36368614435195923 -0.7442303895950317 0.5602263808250427
vn -0.12854492664337158 -0.8194780349731445 0.5585087537765503
vn 0.1720486879348755 -0.8035733103752136 0.5697975158691406
vn 0.4389451742172241 -0.7019174098968506 0.5609270334243774
vn -0.7097262740135193 -0.5316919088363647 0.4621606171131134
vn 0.6905614137649536 -0.3465768098831177 0.6348302960395813
vn -0.5690508484840393 -0.5004217028617859 0.6525024175643921
vn 0.5028101205825806 -0.5547652840614319 0.6628857254981995
vn -0.6940264701843262 -0.3869132399559021 0.607145369052887
vn 0.7009524703025818 -0.14899218082427979 0.6974719166755676
vn -0.714596152305603 -0.18801461160182953 0.6737973690032959
vn -0.6031754016876221 -0.25242799520492554 0.756610631942749
vn 0.5873980522155762 -0.2912691533565521 0.7550667524337769
vn -0.828746497631073 -0.0639023557305336 0.5559637546539307
vn 0.7071720957756042 0.06794553995132446 0.7037692070007324
vn -0.7614019513130188 0.0670740157365799 0.6448008418083191
vn -0.622542142868042 -0.03578983619809151 0.7817674279212952
vn -0.5124895572662354 0.042944904416799545 0.8576189279556274
vn 0.5430910587310791 -0.07562927901744843 0.836260974407196
vn -0.5748773217201233 0.20577391982078552 0.7919426560401917
vn 0.6164182424545288 0.27800434827804565 0.7367103099822998
vn -0.5621066093444824 0.4477526843547821 0.6953803300857544
vn 0.012875122018158436 0.3872949779033661 0.9218659996986389
vn 0.22410710155963898 0.348846971988678 0.9099900126457214
vn 0.38565075397491455 0.2889920771121979 0.8762174844741821
vn -0.42521509528160095 0.23943981528282166 0.8728463649749756
vn -0.25030699372291565 0.25773322582244873 0.933230996131897
vn 0.04160088300704956 0.261822909116745 0.9642189145088196
vn 0.294207364320755 0.13745634257793427 0.9458053708076477
vn 0.5149515867233276 0.07372637838125229 0.8540428876876831
vn -0.36575570702552795 0.43109557032585144 0.8248512148857117
vn -0.10293092578649521 0.5471532940864563 0.8306795954704285
vn -0.23939217627048492 0.5909715294837952 0.7703532576560974
vn -0.19872471690177917 0.3692907691001892 0.9078176617622375
vn -0.23387394845485687 -0.6814716458320618 0.6934691071510315
vn 0.017543617635965347 -0.7365010976791382 0.6762088537216187
vn 0.3211733102798462 -0.6732109189033508 0.6660591959953308
vn -0.4273546040058136 -0.5826639533042908 0.6912819743156433
vn 0.44216057658195496 -0.4231756925582886 0.7908327579498291
vn -0.2670900821685791 -0.4858378469944 0.832240641117096
vn -0.0535084493458271 -0.5329321026802063 0.8444644212722778
vn 0.19064553081989288 -0.5513531565666199 0.8121970295906067
vn -0.48461124300956726 -0.39589032530784607 0.7800146341323853
vn 0.43093299865722656 -0.21466296911239624 0.8764796853065491
vn -0.2570497691631317 -0.31319186091423035 0.9142408967018127
vn -0.02488851733505726 -0.33357635140419006 0.9423945546150208
vn 0.2113601416349411 -0.3463524281978607 0.9139841198921204
vn -0.4755798876285553 -0.18609857559204102 0.8597622513771057
vn 0.35817965865135193 -0.02515353076159954 0.93331378698349
vn -0.33693230152130127 0.08012384921312332 0.9381134510040283
vn -0.048123426735401154 0.1421881467103958 0.9886691570281982
vn 0.16278891265392303 0.08266064524650574 0.9831922650337219
vn -0.21406441926956177 -0.09870081394910812 0.9718202352523804
vn 0.010831628926098347 -0.11880282312631607 0.9928587675094604
vn 0.20403018593788147 -0.15638363361358643 0.966393232345581
vn 0.23259200155735016 -0.05290801823139191 -0.9711343050003052
vn -0.2329690009355545 0.15790730714797974 -0.9595784544944763
vn 0.04271601885557175 0.11347529292106628 -0.9926221370697021
vn 0.2498815506696701 0.17214052379131317 -0.9528519511222839
vn 0.42204704880714417 0.12305881828069687 -0.8981831073760986
vn -0.348190039396286 0.27204811573028564 -0.8970806002616882
vn -0.05962416157126427 0.2927318215370178 -0.9543338418006897
vn 0.1836813986301422 0.3217475712299347 -0.9288378357887268
vn 0.40372392535209656 0.3292686641216278 -0.8535743951797485
vn -0.3690052330493927 0.3863410949707031 -0.8453258872032166
vn -0.09802793711423874 0.4469151794910431 -0.8891891837120056
vn 0.10512904077768326 0.459952712059021 -0.8816980719566345
vn 0.2927638292312622 0.47019097208976746 -0.832592248916626
vn -0.05356147512793541 0.603286623954773 -0.7957238554954529
vn 0.08353890478610992 0.6287363767623901 -0.773118257522583
vn 0.17286348342895508 -0.339921772480011 -0.9244303107261658
vn -0.17544244229793549 -0.5105621218681335 -0.8417519330978394
vn 0.017686162143945694 -0.4904644787311554 -0.8712817430496216
vn 0.05772301182150841 -0.12635481357574463 -0.9903042912483215
vn 0.27596431970596313 -0.291800320148468 -0.9158036708831787
vn -0.3832113742828369 -0.0157442819327116 -0.9235264658927917
vn -0.14687077701091766 -0.080746129155159 -0.9858545064926147
vn 0.49240922927856445 -0.10463368147611618 -0.8640514612197876
vn -0.3679347336292267 -0.20693367719650269 -0.9065332412719727
vn -0.10067504644393921 -0.3023526966571808 -0.9478646516799927
vn 0.46635088324546814 -0.35669854283332825 -0.8094955682754517
vn -0.5308718085289001 0.09883934259414673 -0.8416685461997986
vn 0.6121354699134827 0.04832855239510536 -0.7892747521400452
vn -0.6279793977737427 -0.028899289667606354 -0.7776931524276733
vn 0.7660158276557922 0.04463578760623932 -0.6412702202796936
vn -0.6025254726409912 0.27144861221313477 -0.7505189776420593
vn 0.5962317585945129 0.24040886759757996 -0.7659708261489868
vn -0.7257547974586487 0.12370631843805313 -0.6767398715019226
vn 0.7438810467720032 0.21346962451934814 -0.6333022117614746
vn -0.6259634494781494 0.47375842928886414 -0.6194536089897156
vn 0.5701306462287903 0.38842588663101196 -0.7239311933517456
vn -0.40734511613845825 0.5661110877990723 -0.716650664806366
vn 0.42564377188682556 0.4853111803531647 -0.763741135597229
vn 0.7196487784385681 0.3667133152484894 -0.5895990133285522
vn -0.22046324610710144 0.7704418301582336 -0.5981767773628235
vn 0.20722028613090515 0.6849552392959595 -0.6984955668449402
vn -0.1466783732175827 0.8264669179916382 -0.5435420274734497
vn 0.05661747232079506 0.7722923755645752 -0.6327393054962158
vn -0.502956748008728 0.753781259059906 -0.42290475964546204
vn 0.4173170030117035 0.6650185585021973 -0.6193519830703735
vn -0.2785358130931854 0.8559664487838745 -0.4355907440185547
vn -0.04136855900287628 0.8870508670806885 -0.4598146080970764
vn -0.04318072274327278 0.08830888569355011 -0.9951567649841309
vn 0.1657819002866745 0.12523315846920013 -0.9781784415245056
vn -0.06747815012931824 0.33176109194755554 -0.9409470558166504
vn 0.1411232054233551 0.37153053283691406 -0.9176324605941772
vn 0.39516472816467285 0.37995558977127075 -0.8363484144210815
vn -0.2882204055786133 0.5024256110191345 -0.8151671886444092
vn -0.12129203230142593 0.6182454228401184 -0.7765699028968811
vn 0.08714039623737335 0.5707361102104187 -0.816496729850769
vn 0.3372906446456909 0.5348567366600037 -0.7747021317481995
vn -0.2191670686006546 -0.7384449243545532 -0.6377028822898865
vn -0.018082326278090477 -0.6980994939804077 -0.7157724499702454
vn -0.25591421127319336 -0.5393061637878418 -0.8022822737693787
vn 0.20408695936203003 -0.578035831451416 -0.7900779843330383
vn -0.43063682317733765 -0.4180748164653778 -0.7998533844947815
vn 0.4268350899219513 -0.5420536994934082 -0.7238712906837463
vn -0.4639909267425537 -0.6503356695175171 -0.6014781594276428
vn 0.3962186574935913 -0.6628265380859375 -0.6353517770767212
vn -0.5946592092514038 -0.30651402473449707 -0.7432560324668884
vn 0.6232260465621948 -0.3910415768623352 -0.6772561073303223
vn -0.7653204202651978 -0.20232051610946655 -0.6110245585441589
vn 0.7127295136451721 -0.15869742631912231 -0.683250904083252
vn -0.7026559114456177 -0.48647063970565796 -0.5192504525184631
vn 0.7474564909934998 -0.38834118843078613 -0.5389805436134338
vn -0.8425548076629639 -0.007613544352352619 -0.5385568141937256
vn 0.8317900896072388 -0.21458680927753448 -0.5119353532791138
vn -0.8869414329528809 0.15180398523807526 -0.4362229108810425
vn 0.8347732424736023 -0.0017727423692122102 -0.5505910515785217
vn -0.780214250087738 0.25607332587242126 -0.5706945061683655
vn 0.9029353260993958 0.07143265753984451 -0.4237985610961914
vn -0.7517868280410767 0.43693941831588745 -0.4938627779483795
vn 0.8188123106956482 0.3166559338569641 -0.4788271188735962
vn 0.7241847515106201 0.4943954050540924 -0.48075956106185913
vn -0.85666424036026 0.36581578850746155 -0.36373794078826904
vn 0.9055037498474121 0.24814331531524658 -0.3442206084728241
vn -0.6933208703994751 0.617606520652771 -0.37130630016326904
vn 0.6288772821426392 0.555851936340332 -0.5436378717422485
vn -0.5685558319091797 0.7519934177398682 -0.3335419297218323
vn 0.41555455327033997 0.7836951613426208 -0.46166688203811646
vn -0.7917976975440979 0.5568482279777527 -0.25095123052597046
vn 0.631516695022583 0.6714205741882324 -0.3877900540828705
vn -0.4159855842590332 0.8591532111167908 -0.29801297187805176
vn 0.19474662840366364 0.8463050127029419 -0.4958241581916809
vn -0.1979788839817047 0.9426823854446411 -0.26861560344696045
vn 0.08206669986248016 0.9355248808860779 -0.3435961902141571
vn -0.5552514791488647 0.8065723180770874 -0.20282243192195892
vn 0.33204570412635803 0.8704850673675537 -0.3633200228214264
vn 0.5603086948394775 0.7742034196853638 -0.2943862974643707
vn -0.1689918041229248 0.973013699054718 -0.1571180820465088
vn 0.058821965008974075 0.9721972346305847 -0.22665490210056305
vn 0.2740614414215088 0.9309114813804626 -0.24144184589385986
vn -0.1850685328245163 -0.15890756249427795 -0.9697927832603455
vn 0.028555853292346 -0.18205377459526062 -0.9828738570213318
vn -0.30710139870643616 -0.3182758688926697 -0.8968775272369385
vn -0.10423033684492111 -0.31383243203163147 -0.9437400698661804
vn 0.19299200177192688 -0.30870699882507324 -0.9313721656799316
vn 0.399431973695755 -0.196671724319458 -0.8954185843467712
vn -0.272760808467865 0.004176619928330183 -0.9620727896690369
vn 0.27520787715911865 -0.1571582555770874 -0.9484524130821228
vn 0.431540846824646 0.10096096247434616 -0.8964259624481201
vn -0.4252592921257019 -0.14861786365509033 -0.8927862644195557
vn 0.540809690952301 -0.07279103994369507 -0.8379895091056824
vn 0.7109028100967407 0.025628138333559036 -0.7028231620788574
vn -0.32416102290153503 0.1774882674217224 -0.929202675819397
vn 0.626945436000824 0.22232744097709656 -0.7466659545898438
vn -0.5908819437026978 0.2569538652896881 -0.764743983745575
vn -0.6824673414230347 0.0472191646695137 -0.7293892502784729
vn -0.5837270617485046 0.018684841692447662 -0.8117349147796631
vn 0.7523746490478516 0.15764085948467255 -0.6395950317382812
vn -0.5953114628791809 0.5289226174354553 -0.6048513054847717
vn 0.6051019430160522 0.4550611674785614 -0.6532770991325378
vn -0.4130837321281433 0.6622738242149353 -0.6251041293144226
vn -0.06689707934856415 0.7384609580039978 -0.6709696650505066
vn 0.19270287454128265 0.7075766324996948 -0.679853618144989
vn 0.4539172947406769 0.6291836500167847 -0.6309413909912109
vn -0.7627881169319153 0.3194184899330139 -0.5622509717941284
vn 0.7681819200515747 0.3116317093372345 -0.5592694282531738
vn -0.4118940532207489 0.7063409090042114 -0.5756959319114685
vn -0.1805298924446106 0.8097078800201416 -0.5583746433258057
vn 0.04990173876285553 0.8319404125213623 -0.5526165962219238
vn 0.32435351610183716 0.778562068939209 -0.537248432636261
vn -0.39212992787361145 -0.8110957741737366 -0.4340021312236786
vn -0.17577479779720306 -0.8533305525779724 -0.4908464550971985
vn 0.025124311447143555 -0.8290165662765503 -0.5586593747138977
vn 0.22458584606647491 -0.7797476053237915 -0.5844269394874573
vn -0.5822433829307556 -0.6944169998168945 -0.4228212535381317
vn 0.5153077244758606 -0.7142626047134399 -0.4735894799232483
vn -0.7742275595664978 -0.5515682697296143 -0.31039363145828247
vn 0.627377450466156 -0.5905323624610901 -0.5076112151145935
vn -0.8719095587730408 -0.28407078981399536 -0.3988453447818756
vn 0.7754205465316772 -0.4992493689060211 -0.38661742210388184
vn -0.9226283431053162 -0.09607532620429993 -0.3735324740409851
vn 0.8214129209518433 -0.37619706988334656 -0.42866846919059753
vn 0.8802462220191956 -0.14994513988494873 -0.4502033591270447
vn 0.8985139727592468 -0.34421834349632263 -0.27237191796302795
vn -0.9108085036277771 0.14918306469917297 -0.38493162393569946
vn 0.9718300104141235 -0.12658250331878662 -0.19880472123622894
vn -0.9191006422042847 -0.06495892256498337 -0.3886314332485199
vn -0.8943116664886475 0.36877745389938354 -0.2533966898918152
vn 0.983400285243988 0.10197646915912628 -0.15008221566677094
vn 0.8926112055778503 0.38504981994628906 -0.2344820201396942
vn -0.8545786738395691 0.5062265396118164 -0.11588777601718903
vn 0.7994604110717773 0.5242794752120972 -0.29324743151664734
vn -0.7450795769691467 0.6422932744026184 -0.1797662377357483
vn 0.8723710775375366 0.48088017106056213 -0.08788095414638519
vn -0.6993566155433655 0.710024893283844 -0.08225001394748688
vn 0.7537832260131836 0.6219210028648376 -0.2121911495923996
vn -0.44690343737602234 0.8806228637695312 -0.15741921961307526
vn 0.7365544438362122 0.6762496829032898 0.01318744570016861
vn -0.2904863953590393 0.9568560719490051 0.006647809874266386
vn 0.5423118472099304 0.8361266255378723 -0.08240290731191635
vn -0.05120324343442917 0.9984187483787537 0.02319975011050701
vn 0.10612954199314117 0.9943104386329651 0.00912447553128004
vn 0.32893604040145874 0.9424662590026855 0.05965285003185272
vn -0.4827350676059723 -0.4733455777168274 -0.7368248105049133
vn -0.2140643447637558 -0.48958632349967957 -0.8452702164649963
vn 0.024002214893698692 -0.416543185710907 -0.9087989926338196
vn 0.3147123456001282 -0.4436584413051605 -0.8391205668449402
vn -0.10526029020547867 -0.6272287964820862 -0.771689236164093
vn 0.07202666252851486 -0.5597221255302429 -0.8255442380905151
vn 0.3706985116004944 -0.5610377192497253 -0.7401482462882996
vn -0.5662083029747009 -0.2961198389530182 -0.7692342400550842
vn 0.4738849699497223 -0.4242415130138397 -0.7716555595397949
vn 0.6623793244361877 -0.15742778778076172 -0.7324411869049072
vn 0.7435443997383118 -0.39456674456596375 -0.5398691892623901
vn -0.6519704461097717 -0.2062099725008011 -0.7296656966209412
vn 0.8714770078659058 -0.13348107039928436 -0.47192221879959106
vn -0.8025923371315002 -0.031456973403692245 -0.5956979393959045
vn -0.8026779294013977 -0.2877672612667084 -0.5223965644836426
vn -0.8498044013977051 0.18624386191368103 -0.49309810996055603
vn 0.8792845606803894 0.04095970094203949 -0.4745323956012726
vn -0.8611533641815186 0.3409150242805481 -0.37708333134651184
vn 0.8838213682174683 0.2145378291606903 -0.4157322347164154
vn -0.6995052695274353 0.4676814079284668 -0.5403392910957336
vn 0.7802042961120605 0.43699267506599426 -0.4475698471069336
vn -0.6163592338562012 0.6670117974281311 -0.418565034866333
vn 0.6034845113754272 0.653433620929718 -0.45698028802871704
vn -0.39480382204055786 0.8224650025367737 -0.4094890058040619
vn -0.07927533984184265 0.899799108505249 -0.4290419816970825
vn 0.16171079874038696 0.9000654816627502 -0.40463778376579285
vn 0.418636292219162 0.8234162926673889 -0.3830527067184448
vn -0.7731063961982727 0.5454887747764587 -0.3236488997936249
vn 0.7831811308860779 0.5334923267364502 -0.3193950653076172
vn -0.4038808345794678 0.8523917198181152 -0.3321274518966675
vn -0.16141432523727417 0.9358792901039124 -0.3131698668003082
vn 0.07516200840473175 0.9580278992652893 -0.27664652466773987
vn 0.32530632615089417 0.9210920333862305 -0.21392834186553955
vn -0.42725250124931335 -0.8692831993103027 -0.24860024452209473
vn -0.22018885612487793 -0.9166656136512756 -0.3335282504558563
vn 0.060300637036561966 -0.9155160188674927 -0.397736519575119
vn 0.2975498139858246 -0.8520200848579407 -0.4307272732257843
vn -0.6011368036270142 -0.7538516521453857 -0.26522108912467957
vn 0.5209074020385742 -0.788615345954895 -0.32671287655830383
vn -0.7738179564476013 -0.608119547367096 -0.17719043791294098
vn 0.6663201451301575 -0.6713408827781677 -0.3245289623737335
vn -0.8876351118087769 -0.38632628321647644 -0.2507108151912689
vn 0.7628076076507568 -0.6023473739624023 -0.23516428470611572
vn 0.8260729312896729 -0.5292965173721313 -0.19351701438426971
vn -0.9096571207046509 -0.2989003360271454 -0.28841376304626465
vn 0.9191749691963196 -0.3918382227420807 -0.03975214809179306
vn -0.940970242023468 -0.31854814291000366 -0.11446434259414673
vn -0.985542356967926 0.09203916043043137 -0.1422501802444458
vn 0.9829375147819519 -0.18393860757350922 -0.0007164498674683273
vn -0.9109617471694946 0.3253505825996399 -0.253566175699234
vn -0.8948344588279724 0.4381178617477417 -0.08558051288127899
vn 0.9982909560203552 0.016777653247117996 0.05597958341240883
vn -0.8938073515892029 0.4397139251232147 0.08809144049882889
vn 0.9634569883346558 0.267733633518219 0.00832685548812151
vn -0.8245541453361511 0.5657719969749451 0.0035390909761190414
vn 0.8678566813468933 0.47059401869773865 0.15926730632781982
vn -0.7721888422966003 0.6172866821289062 0.15060406923294067
vn 0.8169378042221069 0.5748898983001709 0.04598081111907959
vn -0.6001173257827759 0.7999094724655151 -0.002028021030128002
vn 0.714941143989563 0.6226068139076233 0.3181508481502533
vn -0.398459792137146 0.8986296057701111 0.18356087803840637
vn 0.5714896321296692 0.7809740900993347 0.2519506812095642
vn -0.1392146646976471 0.9528839588165283 0.2695021629333496
vn 0.05944954603910446 0.9603378772735596 0.2724277973175049
vn 0.2798178493976593 0.9084322452545166 0.3105686604976654
vn -0.6293188333511353 0.7352665662765503 0.2516762912273407
vn -0.21466098725795746 -0.8195706605911255 -0.531248152256012
vn 0.007317008916288614 -0.791016161441803 -0.6117516160011292
vn 0.25975799560546875 -0.7459002137184143 -0.6133177876472473
vn -0.2924152612686157 -0.6664696335792542 -0.6857926845550537
vn 0.5442013144493103 -0.6542343497276306 -0.5251879096031189
vn -0.5173622369766235 -0.5927020907402039 -0.617284893989563
vn 0.5868539214134216 -0.5904368758201599 -0.5540639758110046
vn -0.45760875940322876 -0.748458981513977 -0.48000359535217285
vn -0.7035519480705261 -0.4720594882965088 -0.5312010049819946
vn 0.8261507153511047 -0.4386937618255615 -0.35358554124832153
vn -0.8633859753608704 -0.36757132411003113 -0.3456242084503174
vn -0.9239170551300049 -0.07113135606050491 -0.37592241168022156
vn 0.9123416543006897 -0.21588382124900818 -0.34788912534713745
vn -0.9443281888961792 0.12243454903364182 -0.3053756058216095
vn 0.9266281723976135 0.032630398869514465 -0.37456047534942627
vn 0.9621108770370483 0.17387117445468903 -0.21002747118473053
vn -0.9432953596115112 0.25356823205947876 -0.21423585712909698
vn 0.9334815740585327 0.2366722673177719 -0.2694409191608429
vn -0.8916701078414917 0.4156169295310974 -0.17940740287303925
vn 0.9011215567588806 0.3949702978134155 -0.17882511019706726
vn -0.7177988886833191 0.619231104850769 -0.3183044195175171
vn 0.7737927436828613 0.6089115142822266 -0.17456132173538208
vn -0.6136447191238403 0.7730058431625366 -0.16094143688678741
vn 0.579452395439148 0.7838618159294128 -0.22314922511577606
vn -0.4035860300064087 0.9065406322479248 -0.12370289862155914
vn -0.043053656816482544 0.977085530757904 -0.20844720304012299
vn 0.29035457968711853 0.9491940140724182 -0.12134642153978348
vn 0.5116644501686096 0.8590367436408997 -0.01598268188536167
vn -0.7740335464477539 0.6280282735824585 -0.08032780140638351
vn 0.7154046893119812 0.6983729004859924 -0.021712856367230415
vn -0.4812014102935791 0.8764399886131287 0.01726817525923252
vn -0.20105217397212982 0.9772997498512268 -0.06680828332901001
vn 0.08229441940784454 0.9936550259590149 -0.07666423171758652
vn -0.34443944692611694 -0.9343693852424622 -0.09118887782096863
vn -0.1701669991016388 -0.9735182523727417 -0.15266096591949463
vn 0.02560865692794323 -0.9727599620819092 -0.23039598762989044
vn 0.2747717797756195 -0.928385317325592 -0.25020232796669006
vn -0.6266655921936035 -0.7725937366485596 -0.1019274890422821
vn 0.4960106611251831 -0.8512392044067383 -0.17136316001415253
vn -0.7631531357765198 -0.6451019048690796 -0.03795822337269783
vn 0.6377482414245605 -0.762859582901001 -0.10640739649534225
vn -0.46304723620414734 -0.8860054612159729 0.024115264415740967
vn 0.42436668276786804 -0.9051849842071533 -0.023517020046710968
vn -0.8856278657913208 -0.4590332806110382 -0.07036837190389633
vn 0.7398127317428589 -0.6688022017478943 -0.07335351407527924
vn 0.8168914318084717 -0.5753902196884155 0.040181368589401245
vn -0.8388833999633789 -0.5369004607200623 0.08951320499181747
vn 0.6804028749465942 -0.7290246486663818 0.07466641813516617
vn -0.9008200168609619 -0.4255993664264679 0.08595606684684753
vn 0.9086881279945374 -0.3973410725593567 0.12808623909950256
vn -0.925778865814209 -0.2688927948474884 0.26576346158981323
vn 0.8240979909896851 -0.5148000717163086 0.23631228506565094
vn -0.9895119071006775 0.004859854467213154 0.14436982572078705
vn 0.9572702646255493 -0.18785502016544342 0.21987318992614746
vn -0.9180114269256592 0.38050201535224915 0.11168373376131058
vn -0.9125206470489502 0.11823725700378418 0.3915688097476959
vn 0.8797821402549744 -0.32950064539909363 0.34265536069869995
vn -0.9127903580665588 0.29291173815727234 0.2846340537071228
vn 0.9649676084518433 0.03945804759860039 0.25938498973846436
vn 0.8901471495628357 -0.11374948918819427 0.44124719500541687
vn -0.8992488384246826 0.3368300795555115 0.2791004180908203
vn 0.9352449178695679 0.24433287978172302 0.2561608850955963
vn -0.8509069681167603 0.47635915875434875 0.22144822776317596
vn 0.8363279700279236 0.3533790111541748 0.41914063692092896
vn 0.867264986038208 0.08770564198493958 0.4900604486465454
vn -0.7662755846977234 0.5223795771598816 0.3740873634815216
vn 0.7662151455879211 0.5231746435165405 0.37309861183166504
vn 0.5627234578132629 0.6138777732849121 0.553621232509613
vn -0.6177934408187866 0.6399064660072327 0.4570021629333496
vn 0.48928526043891907 0.7376987338066101 0.46518874168395996
vn -0.3915841579437256 0.8157159686088562 0.42575740814208984
vn -0.16802780330181122 0.8436762094497681 0.509879469871521
vn 0.033626291900873184 0.8681331276893616 0.4951910376548767
vn 0.23164689540863037 0.8353711366653442 0.4984925389289856
vn -0.32572928071022034 0.7046036720275879 0.6304237246513367
vn -0.04928941652178764 0.72124183177948 0.6909275054931641
vn 0.17342011630535126 0.7107940912246704 0.68168705701828
vn 0.37156498432159424 0.6745724081993103 0.6378805637359619
vn -0.4619254469871521 -0.8248081803321838 -0.326061874628067
vn -0.20372800529003143 -0.9093043208122253 -0.3628506660461426
vn 0.04499048367142677 -0.9007773995399475 -0.4319444000720978
vn 0.3255094289779663 -0.8370062112808228 -0.4398457705974579
vn -0.6461566090583801 -0.6596316695213318 -0.38388514518737793
vn 0.572443425655365 -0.7548757791519165 -0.3201112151145935
vn 0.7057304382324219 -0.6222189664840698 -0.33880382776260376
vn -0.7672507762908936 -0.558779239654541 -0.3147890567779541
vn 0.8325484395027161 -0.4967380464076996 -0.24518239498138428
vn -0.9002879858016968 -0.3959049880504608 -0.18094447255134583
vn -0.9625299572944641 -0.15500430762767792 -0.22250789403915405
vn 0.8539735078811646 -0.37166404724121094 -0.3641361892223358
vn 0.9217261672019958 -0.09780651330947876 -0.37530621886253357
vn 0.9230062961578369 -0.291115403175354 -0.2516173720359802
vn -0.9911895394325256 0.02407384291291237 -0.13024507462978363
vn 0.9958338141441345 -0.009775533340871334 -0.09066148102283478
vn 0.9641200304031372 0.24142521619796753 0.11039242893457413
vn -0.979116678237915 0.19378620386123657 -0.061460766941308975
vn 0.9524551630020142 0.29349032044410706 -0.08180854469537735
vn -0.952380895614624 0.30485448241233826 0.005871915258467197
vn 0.9324524998664856 0.35729241371154785 0.05361422523856163
vn -0.8885606527328491 0.4587562680244446 0.0016184523701667786
vn 0.8631629347801208 0.5025908946990967 0.048500340431928635
vn -0.6964958906173706 0.7174612283706665 -0.011951983906328678
vn 0.5447907447814941 0.8272976279258728 0.13704675436019897
vn 0.6992499828338623 0.6995036602020264 0.14745919406414032
vn -0.7933332920074463 0.5901790261268616 0.14936912059783936
vn -0.6063959002494812 0.7593944668769836 0.2358054667711258
vn 0.36711257696151733 0.9296667575836182 0.030791305005550385
vn -0.3383834660053253 0.9226671457290649 0.18488380312919617
vn -0.0631304383277893 0.9829961657524109 0.17243292927742004
vn 0.17108970880508423 0.9651831388473511 0.19786322116851807
vn -0.07614786177873611 -0.9957499504089355 0.05180249735713005
vn 0.12316535413265228 -0.9916029572486877 -0.039420291781425476
vn -0.25323486328125 -0.9327999949455261 0.2564299404621124
vn 0.2944335639476776 -0.9464341998100281 0.13255667686462402
vn -0.523856520652771 -0.8301012516021729 0.19106626510620117
vn 0.45533666014671326 -0.8726850748062134 0.17632167041301727
vn -0.035296183079481125 -0.9494372606277466 0.31196656823158264
vn 0.1681518852710724 -0.9459882974624634 0.27718427777290344
vn -0.6905513405799866 -0.6903071999549866 0.2159048318862915
vn 0.5959479808807373 -0.7723409533500671 0.21985329687595367
vn -0.7924158573150635 -0.5351034998893738 0.2928164303302765
vn 0.7159916162490845 -0.6386189460754395 0.2819962203502655
vn -0.5274353623390198 -0.7530727386474609 0.3933108448982239
vn 0.4610773026943207 -0.8066238164901733 0.3698185980319977
vn -0.9087212085723877 -0.3473190665245056 0.2315063774585724
vn 0.7863381505012512 -0.42716726660728455 0.44631877541542053
vn -0.8129284381866455 -0.3801299035549164 0.4411899447441101
vn 0.6690463423728943 -0.5782687067985535 0.46688583493232727
vn -0.9025619626045227 -0.14277027547359467 0.4062001705169678
vn 0.8100586533546448 -0.23467446863651276 0.5373387932777405
vn -0.9222038984298706 0.026690680533647537 0.38578182458877563
vn 0.7845515012741089 -0.038642920553684235 0.6188583970069885
vn -0.791209876537323 0.01690567098557949 0.6113110780715942
vn 0.6802381873130798 -0.10019797086715698 0.7261104583740234
vn -0.8847759962081909 0.2350538671016693 0.4023943543434143
vn 0.7830109000205994 0.22845865786075592 0.5785331726074219
vn -0.7531144022941589 0.4099035859107971 0.514585018157959
vn -0.722752571105957 0.26292887330055237 0.6391378045082092
vn 0.66579669713974 0.09484834969043732 0.7400801181793213
vn -0.6336693167686462 0.4758232533931732 0.6099634170532227
vn 0.6983588933944702 0.461567759513855 0.5470375418663025
vn -0.4394772946834564 0.5905890464782715 0.6768044829368591
vn -0.15481945872306824 0.580461859703064 0.7994341850280762
vn 0.08621055632829666 0.5889376997947693 0.8035671710968018
vn 0.29850825667381287 0.5547568202018738 0.7766194343566895
vn 0.4864886403083801 0.5077072978019714 0.7110289931297302
vn -0.4028765857219696 0.4493989944458008 0.79732745885849
vn -0.1577383130788803 0.43177324533462524 0.8880825042724609
vn 0.44850966334342957 0.3426472842693329 0.8254889249801636
vn 0.6424309015274048 0.2831689715385437 0.7121080160140991
vn -0.47026896476745605 -0.867091178894043 -0.16431698203086853
vn -0.2391263246536255 -0.9500069618225098 -0.2007620930671692
vn 0.04417939856648445 -0.9706267714500427 -0.2364993840456009
vn 0.32972195744514465 -0.8968603014945984 -0.29483047127723694
vn -0.6765804886817932 -0.7051544189453125 -0.21212276816368103
vn 0.5695329904556274 -0.8050066232681274 -0.16612209379673004
vn 0.7311249375343323 -0.6614565849304199 -0.16712741553783417
vn -0.6341108679771423 -0.76856529712677 -0.08491647243499756
vn -0.8062025904655457 -0.5781388878822327 -0.12566979229450226
vn 0.7877030372619629 -0.6119659543037415 -0.07086335867643356
vn -0.9002708792686462 -0.43522512912750244 0.009562933817505836
vn 0.8365049362182617 -0.5193707346916199 -0.17468157410621643
vn -0.9745845794677734 -0.21721546351909637 -0.05479447543621063
vn 0.9512004852294922 -0.30270132422447205 0.05991312116384506
vn 0.8430793881416321 -0.5184113383293152 0.14306242763996124
vn -0.9979699850082397 -0.045361507683992386 0.04470275342464447
vn 0.9762449860572815 -0.015544435009360313 0.21611127257347107
vn 0.9099000692367554 0.09535469114780426 0.4037194550037384
vn 0.8912070989608765 -0.238902285695076 0.3855847418308258
vn -0.9873321056365967 0.10183830559253693 0.12167329341173172
vn 0.9341539144515991 0.22916224598884583 0.2735711634159088
vn -0.9428561329841614 0.2644016146659851 0.2027662843465805
vn 0.922107458114624 0.31711795926094055 0.22170725464820862
vn -0.8875572681427002 0.3911401331424713 0.2434164434671402
vn -0.7639018297195435 0.5237342119216919 0.377036452293396
vn 0.8376431465148926 0.5068870782852173 0.20351770520210266
vn 0.5249854326248169 0.7409414052963257 0.4188031554222107
vn 0.6354056596755981 0.6908621191978455 0.3449190855026245
vn 0.777965784072876 0.5232932567596436 0.3477548360824585
vn -0.584932267665863 0.6560948491096497 0.4768581688404083
vn 0.3873579502105713 0.8714521527290344 0.3008737564086914
vn -0.36917635798454285 0.8313201069831848 0.4154704213142395
vn -0.13576732575893402 0.9071099758148193 0.3983951807022095
vn 0.10128501802682877 0.880753755569458 0.4626166820526123
vn -0.32946163415908813 0.7267066836357117 0.6027873158454895
vn 0.2980253994464874 0.7950090765953064 0.5283384919166565
vn -0.0349343977868557 -0.862182080745697 0.5053926706314087
vn 0.21393217146396637 -0.886809766292572 0.40963584184646606
vn -0.2740161120891571 -0.8304886221885681 0.48497825860977173
vn 0.28003954887390137 -0.7872537970542908 0.5493718385696411
vn -0.4786471128463745 -0.6724793910980225 0.5645073056221008
vn 0.4921756982803345 -0.7103537321090698 0.5031508207321167
vn -0.20896536111831665 -0.7535467147827148 0.6232983469963074
vn 0.06558038294315338 -0.7961603403091431 0.601521372795105
vn -0.6324616074562073 -0.5879451632499695 0.5042943954467773
vn 0.48179030418395996 -0.5582789778709412 0.6754277944564819
vn -0.6825539469718933 -0.38600051403045654 0.6205833554267883
vn 0.6547113060951233 -0.3951944410800934 0.6443403959274292
vn -0.4977891743183136 -0.5562390089035034 0.6654353737831116
vn -0.33459997177124023 -0.6848335266113281 0.6473376154899597
vn 0.06300031393766403 -0.759055495262146 0.6479705572128296
vn 0.2926247715950012 -0.6522774696350098 0.6992173194885254
vn -0.8472339510917664 -0.22290487587451935 0.482190877199173
vn 0.7024186253547668 -0.2623753547668457 0.6616398096084595
vn -0.8008260130882263 -0.17215105891227722 0.5736215710639954
vn 0.5585958957672119 -0.24496975541114807 0.7924395799636841
vn -0.6485873460769653 -0.29376402497291565 0.7021660804748535
vn -0.5809515118598938 -0.3748645782470703 0.7224762439727783
vn 0.3969784677028656 -0.5323525071144104 0.7476690411567688
vn 0.4857546389102936 -0.3970830738544464 0.7786960005760193
vn -0.6375502347946167 -0.10180260241031647 0.7636530995368958
vn 0.5193540453910828 -0.06399410218000412 0.8521597385406494
vn -0.5290691256523132 -0.03452519327402115 0.8478760719299316
vn 0.43462663888931274 -0.18678264319896698 0.8810288906097412
vn -0.5866072773933411 0.16557027399539948 0.7927663326263428
vn 0.4889591932296753 0.1191553846001625 0.8641301393508911
vn -0.564395546913147 0.3130970299243927 0.7638245224952698
vn -0.3243761658668518 0.2683475613594055 0.9070665240287781
vn 0.28744134306907654 0.23701302707195282 0.9280098676681519
vn -0.43663641810417175 0.1366955041885376 0.8891923427581787
vn -0.18965952098369598 0.1769230216741562 0.9657782316207886
vn 0.18462854623794556 0.11623989790678024 0.9759101271629333
vn 0.30238428711891174 0.030449610203504562 0.9526996612548828
vn -0.06498920917510986 0.2838684320449829 0.9566583037376404
vn 0.21524371206760406 0.4144761562347412 0.8842396140098572
vn 0.07147327810525894 0.4570775330066681 0.8865504860877991
vn 0.08633832633495331 0.23066438734531403 0.9691953659057617
vn -0.2096283882856369 -0.9776707887649536 -0.01469353586435318
vn 0.04444051906466484 -0.998923659324646 -0.01329027209430933
vn 0.27843132615089417 -0.9557999968528748 -0.09445803612470627
vn -0.4081513285636902 -0.9009419083595276 0.14736400544643402
vn 0.4786694347858429 -0.8772138357162476 0.037034377455711365
vn -0.6129068732261658 -0.7808496356010437 0.12090928852558136
vn 0.6475977897644043 -0.7616174817085266 0.023579830303788185
vn -0.19322170317173004 -0.9450010061264038 0.2638910114765167
vn 0.045094091445207596 -0.9687057137489319 0.24408160150051117
vn 0.28944072127342224 -0.9412544965744019 0.17396561801433563
vn -0.809413492679596 -0.5792442560195923 0.09657074511051178
vn 0.8228365778923035 -0.5463886260986328 0.1562032699584961
vn -0.8675999641418457 -0.44579726457595825 0.22030696272850037
vn -0.6997780799865723 -0.6356370449066162 0.32600027322769165
vn 0.6461917757987976 -0.7462422251701355 0.1598711460828781
vn -0.9553530812263489 -0.26077505946159363 0.13891346752643585
vn 0.8336633443832397 -0.4439653754234314 0.32848161458969116
vn -0.871513843536377 -0.31293752789497375 0.377536416053772
vn -0.9603646397590637 -0.124570332467556 0.24936331808567047
vn 0.869067907333374 -0.09207307547330856 0.4860488772392273
vn -0.8518123626708984 -0.19902537763118744 0.48456642031669617
vn -0.950324535369873 0.001336713437922299 0.31125789880752563
vn 0.9121294021606445 0.0690823495388031 0.4040391445159912
vn -0.8143960237503052 -0.07972448319196701 0.5748070478439331
vn -0.9084908962249756 0.14778846502304077 0.3909001648426056
vn 0.9031306505203247 0.21725474298000336 0.37034499645233154
vn -0.8063663840293884 0.2960023283958435 0.512011706829071
vn 0.7662822008132935 0.34841176867485046 0.5398341417312622
vn -0.7634008526802063 0.1344723254442215 0.6317723989486694
vn 0.6781096458435059 0.24396966397762299 0.6932864785194397
vn -0.7052609324455261 0.427705854177475 0.5653978586196899
vn 0.5581857562065125 0.5409964919090271 0.6290877461433411
vn -0.4137706756591797 0.5304884314537048 0.7398485541343689
vn 0.3534497618675232 0.6480726003646851 0.6745926737785339
vn 0.47201651334762573 0.6004981398582458 0.6454474925994873
vn -0.5528287291526794 0.3494042456150055 0.756503164768219
vn 0.25714582204818726 0.5052323341369629 0.8237817287445068
vn 0.42429405450820923 0.4179237484931946 0.8033146262168884
vn -0.14793886244297028 0.6260663866996765 0.7656075954437256
vn 0.14743314683437347 0.7011231184005737 0.6976315975189209
vn -0.050714921206235886 0.789151132106781 0.6121017336845398
vn 0.06519681215286255 0.5988937616348267 0.7981702089309692
vn -0.1239531934261322 -0.6845554113388062 0.718345046043396
vn 0.2410942167043686 -0.6433289647102356 0.726637065410614
vn -0.4291257858276367 -0.5037664771080017 0.7497135400772095
vn 0.3885863125324249 -0.33459776639938354 0.8585132956504822
vn -0.2298845797777176 -0.3789920210838318 0.896391749382019
vn 0.104579858481884 -0.47683489322662354 0.872749388217926
vn -0.5081065893173218 -0.18423770368099213 0.8413585424423218
vn 0.30226409435272217 -0.027811039239168167 0.9528184533119202
vn -0.3647323250770569 0.11151348799467087 0.9244106411933899
vn -0.0021390181500464678 0.13493339717388153 0.9908523559570312
vn -0.2276635318994522 -0.060688991099596024 0.9718468189239502
vn 0.10836273431777954 -0.15721337497234344 0.9816014766693115
vn -0.17588646709918976 -0.8608187437057495 0.4775511622428894
vn 0.10014285892248154 -0.9056265354156494 0.41208261251449585
vn 0.3517780601978302 -0.9034287929534912 0.24508899450302124
vn -0.4264267385005951 -0.7899792790412903 0.44055992364883423
vn 0.4786916971206665 -0.7461235523223877 0.46276769042015076
vn -0.6622361540794373 -0.5674587488174438 0.48931974172592163
vn 0.7543656229972839 -0.5128294229507446 0.4098030626773834
vn -0.3811889588832855 -0.7085113525390625 0.5938910841941833
vn -0.07341402769088745 -0.8338621854782104 0.54706871509552
vn 0.23088204860687256 -0.8031459450721741 0.5492268204689026
vn -0.7683980464935303 -0.48166921734809875 0.4213777482509613
vn 0.8124570250511169 -0.31932854652404785 0.4877939224243164
vn -0.606667160987854 -0.5110409259796143 0.6089271306991577
vn -0.46055614948272705 -0.6379480957984924 0.617179274559021
vn 0.40168821811676025 -0.7058139443397522 0.583500862121582
vn 0.5758141279220581 -0.5176367163658142 0.6328431367874146
vn -0.7348787188529968 -0.3467196524143219 0.5828711986541748
vn 0.817021906375885 -0.14417754113674164 0.5582903027534485
vn -0.631528913974762 -0.3401964604854584 0.6967335939407349
vn 0.7113377451896667 -0.3298022449016571 0.6206682920455933
vn -0.6940476298332214 -0.18272694945335388 0.6963539123535156
vn 0.8356171250343323 0.009318917989730835 0.5492333173751831
vn 0.6750290989875793 0.0667676329612732 0.7347638010978699
vn -0.5795241594314575 -0.05644997954368591 0.8129976987838745
vn 0.6656173467636108 -0.06588836014270782 0.7433789968490601
vn -0.6494320034980774 0.04585319384932518 0.7590360045433044
vn 0.47231581807136536 0.20009520649909973 0.8584169745445251
vn -0.653814435005188 0.16547615826129913 0.7383389472961426
vn 0.11096223443746567 0.3410913348197937 0.9334582090377808
vn 0.2821430563926697 0.3180668354034424 0.905112624168396
vn -0.4604495167732239 0.10723492503166199 0.881184995174408
vn -0.30039751529693604 0.15829883515834808 0.9405864477157593
vn 0.05576392635703087 0.23447975516319275 0.9705203175544739
vn 0.37293481826782227 0.16878777742385864 0.9123762249946594
vn -0.35965022444725037 0.26622021198272705 0.8943033814430237
vn 0.04207894578576088 0.4283246397972107 0.902644693851471
vn -0.1594245880842209 0.43332770466804504 0.8870236277580261
vn -0.16275492310523987 0.25210750102996826 0.9539144039154053
vn 0.07707569748163223 -0.7878815531730652 0.6109844446182251
vn -0.22026658058166504 -0.7435854077339172 0.6313187479972839
vn 0.2860792279243469 -0.6263214349746704 0.7251759171485901
vn -0.338884562253952 -0.5607020854949951 0.7554935216903687
vn 0.5772131085395813 -0.4603026807308197 0.6744971871376038
vn -0.043642476201057434 -0.5591834187507629 0.8278945088386536
vn -0.5197392106056213 -0.42399880290031433 0.7416846752166748
vn 0.5995104908943176 -0.20018886029720306 0.7749269008636475
vn -0.2746303081512451 -0.3395891487598419 0.8995873928070068
vn 0.03882657736539841 -0.30955740809440613 0.9500877857208252
vn 0.32707300782203674 -0.3747199475765228 0.8675299286842346
vn -0.5295329689979553 -0.2198931723833084 0.8192935585975647
vn 0.47349268198013306 0.019915252923965454 0.8805725574493408
vn -0.41483449935913086 0.019704826176166534 0.9096835255622864
vn -0.10677025467157364 0.123731829226017 0.9865549206733704
vn 0.1868920475244522 0.11432826519012451 0.975705087184906
vn -0.2827942967414856 -0.1141304224729538 0.9523663520812988
vn -0.013785261660814285 -0.0847776010632515 0.9963045716285706
vn 0.30483773350715637 -0.11450618505477905 0.9454958438873291

g grp1
usemtl mtl1
f 1//1 23//23 28//28 
f 1//1 2//2 24//24 
f 23//23 1//1 24//24 
f 2//2 3//3 25//25 
f 24//24 2//2 25//25 
f 25//25 3//3 29//29 
f 4//4 30//30 34//34 
f 28//28 30//30 4//4 
f 28//28 4//4 1//1 
f 1//1 4//4 5//5 
f 2//2 1//1 6//6 
f 6//6 1//1 5//5 
f 3//3 2//2 7//7 
f 7//7 2//2 6//6 
f 31//31 29//29 3//3 
f 31//31 3//3 8//8 
f 8//8 3//3 7//7 
f 31//31 8//8 35//35 
f 9//9 4//4 34//34 
f 38//38 9//9 34//34 
f 5//5 4//4 10//10 
f 10//10 4//4 9//9 
f 6//6 5//5 11//11 
f 11//11 5//5 10//10 
f 7//7 6//6 12//12 
f 12//12 6//6 11//11 
f 8//8 7//7 13//13 
f 13//13 7//7 12//12 
f 39//39 35//35 8//8 
f 13//13 39//39 8//8 
f 14//14 9//9 38//38 
f 42//42 14//14 38//38 
f 10//10 9//9 15//15 
f 15//15 9//9 14//14 
f 11//11 10//10 16//16 
f 16//16 10//10 15//15 
f 12//12 11//11 17//17 
f 17//17 11//11 16//16 
f 13//13 12//12 18//18 
f 18//18 12//12 17//17 
f 43//43 39//39 13//13 
f 18//18 43//43 13//13 
f 19//19 14//14 42//42 
f 47//47 19//19 42//42 
f 15//15 14//14 20//20 
f 20//20 14//14 19//19 
f 16//16 15//15 21//21 
f 21//21 15//15 20//20 
f 17//17 16//16 22//22 
f 22//22 16//16 21//21 
f 48//48 44//44 18//18 
f 48//48 18//18 22//22 
f 22//22 18//18 17//17 
f 43//43 18//18 44//44 
f 19//19 47//47 49//49 
f 20//20 19//19 49//49 
f 50//50 20//20 49//49 
f 21//21 20//20 50//50 
f 51//51 21//21 50//50 
f 22//22 21//21 51//51 
f 52//52 22//22 51//51 
f 48//48 22//22 52//52 
f 26//26 58//58 60//60 
f 26//26 27//27 59//59 
f 58//58 26//26 59//59 
f 59//59 27//27 61//61 
f 32//32 62//62 68//68 
f 32//32 28//28 23//23 
f 32//32 23//23 62//62 
f 62//62 23//23 63//63 
f 60//60 24//24 26//26 
f 60//60 63//63 24//24 
f 63//63 23//23 24//24 
f 25//25 26//26 24//24 
f 27//27 26//26 25//25 
f 29//29 33//33 64//64 
f 25//25 29//29 64//64 
f 25//25 64//64 61//61 
f 25//25 61//61 27//27 
f 64//64 33//33 69//69 
f 36//36 70//70 74//74 
f 68//68 70//70 36//36 
f 32//32 68//68 36//36 
f 32//32 36//36 34//34 
f 32//32 34//34 30//30 
f 28//28 32//32 30//30 
f 29//29 31//31 33//33 
f 35//35 37//37 71//71 
f 31//31 35//35 71//71 
f 31//31 71//71 69//69 
f 31//31 69//69 33//33 
f 71//71 37//37 75//75 
f 40//40 36//36 74//74 
f 78//78 40//40 74//74 
f 34//34 40//40 38//38 
f 36//36 40//40 34//34 
f 37//37 39//39 41//41 
f 35//35 39//39 37//37 
f 79//79 75//75 37//37 
f 41//41 79//79 37//37 
f 45//45 40//40 78//78 
f 82//82 45//45 78//78 
f 38//38 45//45 42//42 
f 40//40 45//45 38//38 
f 41//41 43//43 46//46 
f 39//39 43//43 41//41 
f 83//83 79//79 41//41 
f 46//46 83//83 41//41 
f 45//45 82//82 84//84 
f 84//84 42//42 45//45 
f 84//84 86//86 42//42 
f 86//86 47//47 42//42 
f 44//44 48//48 53//53 
f 44//44 46//46 43//43 
f 44//44 53//53 46//46 
f 53//53 54//54 46//46 
f 87//87 83//83 46//46 
f 54//54 87//87 46//46 
f 47//47 86//86 88//88 
f 49//49 47//47 88//88 
f 55//55 88//88 92//92 
f 55//55 50//50 88//88 
f 50//50 49//49 88//88 
f 50//50 56//56 51//51 
f 55//55 56//56 50//50 
f 51//51 57//57 52//52 
f 56//56 57//57 51//51 
f 52//52 57//57 93//93 
f 48//48 52//52 93//93 
f 48//48 93//93 89//89 
f 48//48 89//89 53//53 
f 54//54 53//53 89//89 
f 90//90 54//54 89//89 
f 87//87 54//54 90//90 
f 55//55 92//92 94//94 
f 56//56 55//55 94//94 
f 95//95 56//56 94//94 
f 57//57 56//56 95//95 
f 96//96 57//57 95//95 
f 93//93 57//57 96//96 
f 65//65 99//99 104//104 
f 65//65 66//66 100//100 
f 99//99 65//65 100//100 
f 66//66 60//60 58//58 
f 66//66 58//58 100//100 
f 100//100 58//58 101//101 
f 59//59 102//102 58//58 
f 58//58 102//102 101//101 
f 61//61 67//67 103//103 
f 61//61 103//103 59//59 
f 59//59 103//103 102//102 
f 103//103 67//67 105//105 
f 72//72 106//106 109//109 
f 104//104 106//106 72//72 
f 65//65 104//104 72//72 
f 65//65 72//72 68//68 
f 65//65 68//68 62//62 
f 63//63 65//65 62//62 
f 66//66 65//65 63//63 
f 60//60 66//66 63//63 
f 61//61 64//64 67//67 
f 69//69 73//73 107//107 
f 64//64 69//69 107//107 
f 64//64 107//107 105//105 
f 64//64 105//105 67//67 
f 107//107 73//73 110//110 
f 76//76 111//111 113//113 
f 109//109 111//111 76//76 
f 72//72 109//109 76//76 
f 72//72 76//76 74//74 
f 72//72 74//74 70//70 
f 68//68 72//72 70//70 
f 69//69 71//71 73//73 
f 75//75 77//77 112//112 
f 71//71 75//75 112//112 
f 71//71 112//112 110//110 
f 71//71 110//110 73//73 
f 112//112 77//77 114//114 
f 80//80 76//76 113//113 
f 115//115 80//80 113//113 
f 74//74 80//80 78//78 
f 76//76 80//80 74//74 
f 77//77 79//79 81//81 
f 75//75 79//79 77//77 
f 116//116 114//114 77//77 
f 81//81 116//116 77//77 
f 80//80 115//115 117//117 
f 117//117 78//78 80//80 
f 117//117 118//118 78//78 
f 118//118 82//82 78//78 
f 81//81 83//83 85//85 
f 79//79 83//83 81//81 
f 119//119 116//116 81//81 
f 85//85 119//119 81//81 
f 91//91 84//84 82//82 
f 91//91 82//82 122//122 
f 122//122 82//82 118//118 
f 84//84 91//91 86//86 
f 85//85 123//123 120//120 
f 85//85 83//83 123//123 
f 83//83 87//87 123//123 
f 119//119 85//85 120//120 
f 91//91 122//122 124//124 
f 97//97 124//124 126//126 
f 88//88 124//124 97//97 
f 88//88 91//91 124//124 
f 88//88 86//86 91//91 
f 88//88 97//97 92//92 
f 89//89 93//93 98//98 
f 127//127 89//89 98//98 
f 127//127 125//125 89//89 
f 125//125 90//90 89//89 
f 123//123 87//87 90//90 
f 125//125 123//123 90//90 
f 97//97 126//126 128//128 
f 92//92 97//97 128//128 
f 92//92 128//128 94//94 
f 94//94 128//128 129//129 
f 95//95 94//94 130//130 
f 94//94 129//129 130//130 
f 96//96 95//95 131//131 
f 95//95 130//130 131//131 
f 98//98 93//93 96//96 
f 98//98 96//96 132//132 
f 132//132 96//96 131//131 
f 127//127 98//98 132//132 
f 108//108 135//135 141//141 
f 108//108 104//104 99//99 
f 108//108 99//99 135//135 
f 135//135 99//99 136//136 
f 100//100 137//137 99//99 
f 99//99 137//137 136//136 
f 101//101 138//138 100//100 
f 100//100 138//138 137//137 
f 102//102 139//139 101//101 
f 101//101 139//139 138//138 
f 103//103 140//140 102//102 
f 102//102 140//140 139//139 
f 140//140 103//103 105//105 
f 142//142 140//140 105//105 
f 106//106 108//108 141//141 
f 106//106 141//141 109//109 
f 109//109 141//141 145//145 
f 104//104 108//108 106//106 
f 105//105 143//143 142//142 
f 107//107 143//143 105//105 
f 143//143 107//107 110//110 
f 146//146 143//143 110//110 
f 111//111 147//147 149//149 
f 113//113 111//111 149//149 
f 145//145 111//111 109//109 
f 147//147 111//111 145//145 
f 110//110 148//148 146//146 
f 112//112 148//148 110//110 
f 148//148 112//112 114//114 
f 150//150 148//148 114//114 
f 113//113 149//149 115//115 
f 149//149 152//152 115//115 
f 114//114 116//116 150//150 
f 150//150 116//116 153//153 
f 121//121 117//117 115//115 
f 121//121 115//115 154//154 
f 154//154 115//115 152//152 
f 117//117 121//121 118//118 
f 116//116 119//119 153//153 
f 153//153 119//119 155//155 
f 121//121 154//154 156//156 
f 156//156 118//118 121//121 
f 156//156 158//158 118//118 
f 158//158 122//122 118//118 
f 120//120 159//159 157//157 
f 123//123 159//159 120//120 
f 155//155 119//119 120//120 
f 157//157 155//155 120//120 
f 122//122 158//158 160//160 
f 124//124 122//122 160//160 
f 160//160 126//126 124//124 
f 162//162 126//126 160//160 
f 125//125 163//163 161//161 
f 127//127 163//163 125//125 
f 159//159 123//123 125//125 
f 161//161 159//159 125//125 
f 126//126 162//162 164//164 
f 128//128 126//126 164//164 
f 133//133 164//164 168//168 
f 133//133 129//129 164//164 
f 129//129 128//128 164//164 
f 129//129 134//134 130//130 
f 133//133 134//134 129//129 
f 169//169 130//130 134//134 
f 169//169 165//165 130//130 
f 165//165 131//131 130//130 
f 132//132 131//131 166//166 
f 131//131 165//165 166//166 
f 163//163 127//127 132//132 
f 166//166 163//163 132//132 
f 133//133 168//168 170//170 
f 134//134 133//133 170//170 
f 171//171 134//134 170//170 
f 169//169 134//134 171//171 
f 135//135 144//144 141//141 
f 177//177 144//144 135//135 
f 177//177 135//135 172//172 
f 172//172 135//135 136//136 
f 137//137 173//173 136//136 
f 136//136 173//173 172//172 
f 138//138 174//174 137//137 
f 137//137 174//174 173//173 
f 139//139 175//175 138//138 
f 138//138 175//175 174//174 
f 140//140 176//176 139//139 
f 139//139 176//176 175//175 
f 176//176 140//140 142//142 
f 178//178 176//176 142//142 
f 144//144 179//179 186//186 
f 144//144 186//186 141//141 
f 141//141 186//186 145//145 
f 177//177 179//179 144//144 
f 142//142 180//180 178//178 
f 143//143 180//180 142//142 
f 180//180 143//143 146//146 
f 187//187 180//180 146//146 
f 147//147 188//188 194//194 
f 149//149 147//147 194//194 
f 186//186 147//147 145//145 
f 188//188 147//147 186//186 
f 151//151 146//146 148//148 
f 151//151 195//195 146//146 
f 195//195 187//187 146//146 
f 148//148 150//150 151//151 
f 149//149 194//194 152//152 
f 194//194 201//201 152//152 
f 151//151 196//196 195//195 
f 196//196 151//151 150//150 
f 196//196 150//150 202//202 
f 202//202 150//150 153//153 
f 152//152 201//201 154//154 
f 201//201 204//204 154//154 
f 153//153 155//155 202//202 
f 202//202 155//155 205//205 
f 154//154 204//204 206//206 
f 156//156 154//154 206//206 
f 206//206 158//158 156//156 
f 210//210 158//158 206//206 
f 157//157 211//211 207//207 
f 159//159 211//211 157//157 
f 205//205 155//155 157//157 
f 207//207 205//205 157//157 
f 167//167 160//160 158//158 
f 167//167 158//158 213//213 
f 213//213 158//158 210//210 
f 160//160 167//167 162//162 
f 161//161 214//214 212//212 
f 163//163 214//214 161//161 
f 211//211 159//159 161//161 
f 212//212 211//211 161//161 
f 167//167 213//213 215//215 
f 162//162 167//167 215//215 
f 162//162 215//215 164//164 
f 164//164 215//215 216//216 
f 216//216 168//168 164//164 
f 220//220 168//168 216//216 
f 165//165 221//221 217//217 
f 169//169 221//221 165//165 
f 166//166 165//165 218//218 
f 165//165 217//217 218//218 
f 214//214 163//163 166//166 
f 218//218 214//214 166//166 
f 168//168 220//220 222//222 
f 170//170 168//168 222//222 
f 171//171 170//170 223//223 
f 170//170 222//222 223//223 
f 221//221 169//169 171//171 
f 223//223 221//221 171//171 
f 181//181 226//226 238//238 
f 181//181 182//182 227//227 
f 226//226 181//181 227//227 
f 182//182 183//183 228//228 
f 227//227 182//182 228//228 
f 183//183 184//184 229//229 
f 228//228 183//183 229//229 
f 229//229 184//184 239//239 
f 172//172 230//230 240//240 
f 177//177 172//172 240//240 
f 173//173 231//231 172//172 
f 172//172 231//231 230//230 
f 174//174 232//232 173//173 
f 173//173 232//232 231//231 
f 175//175 233//233 174//174 
f 174//174 233//233 232//232 
f 185//185 241//241 233//233 
f 185//185 233//233 176//176 
f 176//176 233//233 175//175 
f 176//176 178//178 185//185 
f 189//189 181//181 238//238 
f 250//250 189//189 238//238 
f 182//182 181//181 190//190 
f 190//190 181//181 189//189 
f 183//183 182//182 191//191 
f 191//191 182//182 190//190 
f 184//184 183//183 192//192 
f 192//192 183//183 191//191 
f 251//251 239//239 184//184 
f 192//192 251//251 184//184 
f 179//179 242//242 252//252 
f 186//186 179//179 252//252 
f 240//240 179//179 177//177 
f 242//242 179//179 240//240 
f 185//185 243//243 241//241 
f 193//193 253//253 243//243 
f 180//180 193//193 243//243 
f 180//180 243//243 185//185 
f 180//180 185//185 178//178 
f 180//180 187//187 193//193 
f 189//189 250//250 254//254 
f 254//254 261//261 197//197 
f 254//254 197//197 189//189 
f 189//189 197//197 190//190 
f 191//191 190//190 198//198 
f 198//198 190//190 197//197 
f 192//192 191//191 199//199 
f 199//199 191//191 198//198 
f 262//262 251//251 192//192 
f 199//199 262//262 192//192 
f 188//188 200//200 194//194 
f 188//188 263//263 200//200 
f 188//188 186//186 263//263 
f 186//186 252//252 263//263 
f 193//193 255//255 253//253 
f 255//255 193//193 187//187 
f 255//255 187//187 264//264 
f 264//264 187//187 195//195 
f 197//197 261//261 265//265 
f 198//198 197//197 265//265 
f 266//266 198//198 265//265 
f 199//199 198//198 266//266 
f 267//267 199//199 266//266 
f 262//262 199//199 267//267 
f 200//200 268//268 275//275 
f 200//200 275//275 194//194 
f 194//194 275//275 201//201 
f 263//263 268//268 200//200 
f 203//203 195//195 196//196 
f 203//203 276//276 195//195 
f 276//276 264//264 195//195 
f 196//196 202//202 203//203 
f 277//277 208//208 204//204 
f 277//277 204//204 275//275 
f 275//275 204//204 201//201 
f 277//277 285//285 208//208 
f 209//209 276//276 203//203 
f 286//286 276//276 209//209 
f 202//202 205//205 209//209 
f 203//203 202//202 209//209 
f 204//204 208//208 206//206 
f 208//208 210//210 206//206 
f 208//208 285//285 210//210 
f 285//285 291//291 210//210 
f 207//207 286//286 209//209 
f 207//207 211//211 286//286 
f 211//211 292//292 286//286 
f 205//205 207//207 209//209 
f 293//293 219//219 213//213 
f 293//293 213//213 291//291 
f 291//291 213//213 210//210 
f 293//293 300//300 219//219 
f 212//212 301//301 294//294 
f 214//214 301//301 212//212 
f 292//292 211//211 212//212 
f 294//294 292//292 212//212 
f 213//213 219//219 215//215 
f 219//219 300//300 302//302 
f 219//219 302//302 215//215 
f 215//215 302//302 216//216 
f 220//220 303//303 224//224 
f 220//220 216//216 303//303 
f 216//216 302//302 303//303 
f 224//224 304//304 225//225 
f 303//303 304//304 224//224 
f 225//225 217//217 221//221 
f 225//225 304//304 217//217 
f 304//304 305//305 217//217 
f 218//218 217//217 306//306 
f 217//217 305//305 306//306 
f 301//301 214//214 218//218 
f 306//306 301//301 218//218 
f 220//220 224//224 222//222 
f 223//223 222//222 224//224 
f 225//225 223//223 224//224 
f 221//221 223//223 225//225 
f 234//234 312//312 320//320 
f 234//234 235//235 313//313 
f 312//312 234//234 313//313 
f 235//235 236//236 314//314 
f 313//313 235//235 314//314 
f 236//236 237//237 315//315 
f 314//314 236//236 315//315 
f 315//315 237//237 321//321 
f 244//244 234//234 320//320 
f 327//327 244//244 320//320 
f 226//226 244//244 238//238 
f 226//226 235//235 244//244 
f 235//235 234//234 244//244 
f 227//227 235//235 226//226 
f 236//236 235//235 227//227 
f 228//228 236//236 227//227 
f 237//237 236//236 228//228 
f 237//237 322//322 321//321 
f 237//237 228//228 322//322 
f 228//228 229//229 322//322 
f 239//239 245//245 323//323 
f 239//239 323//323 229//229 
f 229//229 323//323 322//322 
f 323//323 245//245 328//328 
f 230//230 246//246 240//240 
f 230//230 231//231 247//247 
f 246//246 230//230 247//247 
f 231//231 232//232 248//248 
f 247//247 231//231 248//248 
f 232//232 233//233 249//249 
f 248//248 232//232 249//249 
f 233//233 241//241 249//249 
f 256//256 329//329 335//335 
f 327//327 329//329 256//256 
f 327//327 256//256 244//244 
f 244//244 256//256 257//257 
f 238//238 257//257 250//250 
f 244//244 257//257 238//238 
f 245//245 251//251 258//258 
f 239//239 251//251 245//245 
f 336//336 328//328 245//245 
f 258//258 336//336 245//245 
f 242//242 259//259 252//252 
f 242//242 240//240 246//246 
f 242//242 246//246 259//259 
f 259//259 246//246 260//260 
f 337//337 247//247 330//330 
f 337//337 260//260 247//247 
f 260//260 246//246 247//247 
f 248//248 330//330 247//247 
f 331//331 330//330 248//248 
f 249//249 331//331 248//248 
f 332//332 331//331 249//249 
f 241//241 332//332 249//249 
f 241//241 243//243 332//332 
f 243//243 333//333 332//332 
f 333//333 243//243 253//253 
f 338//338 333//333 253//253 
f 269//269 256//256 335//335 
f 345//345 269//269 335//335 
f 257//257 256//256 270//270 
f 270//270 256//256 269//269 
f 250//250 271//271 254//254 
f 250//250 257//257 271//271 
f 257//257 270//270 271//271 
f 254//254 271//271 261//261 
f 258//258 262//262 272//272 
f 251//251 262//262 258//258 
f 346//346 336//336 258//258 
f 272//272 346//346 258//258 
f 259//259 273//273 263//263 
f 252//252 259//259 263//263 
f 347//347 260//260 339//339 
f 347//347 273//273 260//260 
f 273//273 259//259 260//260 
f 337//337 339//339 260//260 
f 274//274 253//253 255//255 
f 274//274 348//348 253//253 
f 348//348 338//338 253//253 
f 255//255 264//264 274//274 
f 269//269 345//345 349//349 
f 349//349 355//355 278//278 
f 349//349 278//278 269//269 
f 269//269 278//278 270//270 
f 271//271 270//270 279//279 
f 279//279 270//270 278//278 
f 261//261 280//280 265//265 
f 261//261 271//271 280//280 
f 271//271 279//279 280//280 
f 265//265 281//281 266//266 
f 280//280 281//281 265//265 
f 266//266 282//282 267//267 
f 281//281 282//282 266//266 
f 267//267 282//282 356//356 
f 262//262 267//267 356//356 
f 262//262 356//356 350//350 
f 262//262 350//350 272//272 
f 346//346 272//272 350//350 
f 268//268 283//283 275//275 
f 268//268 357//357 283//283 
f 263//263 357//357 268//268 
f 263//263 351//351 357//357 
f 263//263 273//273 351//351 
f 347//347 351//351 273//273 
f 284//284 348//348 274//274 
f 358//358 348//348 284//284 
f 264//264 276//276 284//284 
f 274//274 264//264 284//284 
f 278//278 355//355 359//359 
f 359//359 365//365 287//287 
f 359//359 287//287 278//278 
f 278//278 287//287 279//279 
f 280//280 279//279 288//288 
f 288//288 279//279 287//287 
f 281//281 280//280 289//289 
f 289//289 280//280 288//288 
f 366//366 360//360 282//282 
f 366//366 282//282 289//289 
f 289//289 282//282 281//281 
f 356//356 282//282 360//360 
f 275//275 283//283 277//277 
f 283//283 285//285 277//277 
f 283//283 357//357 285//285 
f 357//357 367//367 285//285 
f 290//290 358//358 284//284 
f 368//368 358//358 290//290 
f 276//276 286//286 290//290 
f 284//284 276//276 290//290 
f 287//287 365//365 369//369 
f 288//288 287//287 369//369 
f 370//370 288//288 369//369 
f 289//289 288//288 370//370 
f 371//371 289//289 370//370 
f 366//366 289//289 371//371 
f 372//372 295//295 291//291 
f 372//372 291//291 367//367 
f 367//367 291//291 285//285 
f 295//295 373//373 296//296 
f 372//372 373//373 295//295 
f 373//373 384//384 296//296 
f 297//297 385//385 374//374 
f 297//297 375//375 298//298 
f 374//374 375//375 297//297 
f 368//368 298//298 375//375 
f 368//368 290//290 298//298 
f 290//290 299//299 298//298 
f 286//286 292//292 299//299 
f 290//290 286//286 299//299 
f 291//291 295//295 293//293 
f 300//300 293//293 295//295 
f 300//300 295//295 307//307 
f 307//307 295//295 296//296 
f 386//386 296//296 384//384 
f 386//386 308//308 296//296 
f 308//308 307//307 296//296 
f 308//308 387//387 309//309 
f 386//386 387//387 308//308 
f 385//385 309//309 387//387 
f 385//385 297//297 309//309 
f 297//297 310//310 309//309 
f 298//298 311//311 297//297 
f 311//311 310//310 297//297 
f 294//294 301//301 311//311 
f 294//294 311//311 299//299 
f 299//299 311//311 298//298 
f 292//292 294//294 299//299 
f 300//300 307//307 302//302 
f 303//303 302//302 307//307 
f 308//308 303//303 307//307 
f 304//304 303//303 308//308 
f 309//309 304//304 308//308 
f 305//305 304//304 309//309 
f 310//310 305//305 309//309 
f 306//306 305//305 310//310 
f 311//311 306//306 310//310 
f 301//301 306//306 311//311 
f 316//316 390//390 394//394 
f 316//316 317//317 391//391 
f 390//390 316//316 391//391 
f 317//317 318//318 392//392 
f 391//391 317//317 392//392 
f 318//318 319//319 393//393 
f 392//392 318//318 393//393 
f 393//393 319//319 395//395 
f 324//324 396//396 401//401 
f 324//324 320//320 312//312 
f 324//324 312//312 396//396 
f 396//396 312//312 397//397 
f 394//394 313//313 316//316 
f 394//394 397//397 313//313 
f 397//397 312//312 313//313 
f 314//314 316//316 313//313 
f 317//317 316//316 314//314 
f 315//315 317//317 314//314 
f 318//318 317//317 315//315 
f 321//321 318//318 315//315 
f 321//321 325//325 318//318 
f 325//325 319//319 318//318 
f 398//398 395//395 319//319 
f 398//398 319//319 326//326 
f 326//326 319//319 325//325 
f 398//398 326//326 402//402 
f 334//334 324//324 401//401 
f 403//403 334//334 401//401 
f 320//320 334//334 327//327 
f 324//324 334//334 320//320 
f 321//321 322//322 325//325 
f 323//323 325//325 322//322 
f 326//326 325//325 323//323 
f 326//326 323//323 328//328 
f 326//326 328//328 402//402 
f 402//402 328//328 404//404 
f 329//329 334//334 403//403 
f 329//329 403//403 335//335 
f 335//335 403//403 408//408 
f 327//327 334//334 329//329 
f 405//405 336//336 340//340 
f 405//405 404//404 336//336 
f 404//404 328//328 336//336 
f 405//405 340//340 409//409 
f 330//330 341//341 337//337 
f 330//330 331//331 342//342 
f 341//341 330//330 342//342 
f 331//331 332//332 343//343 
f 342//342 331//331 343//343 
f 332//332 333//333 344//344 
f 343//343 332//332 344//344 
f 333//333 338//338 344//344 
f 335//335 408//408 345//345 
f 408//408 414//414 345//345 
f 340//340 415//415 410//410 
f 340//340 336//336 415//415 
f 336//336 346//346 415//415 
f 409//409 340//340 410//410 
f 339//339 352//352 347//347 
f 339//339 337//337 341//341 
f 339//339 341//341 352//352 
f 352//352 341//341 353//353 
f 416//416 342//342 411//411 
f 416//416 353//353 342//342 
f 353//353 341//341 342//342 
f 343//343 411//411 342//342 
f 412//412 411//411 343//343 
f 412//412 354//354 417//417 
f 412//412 343//343 354//354 
f 343//343 344//344 354//354 
f 338//338 348//348 354//354 
f 344//344 338//338 354//354 
f 361//361 349//349 345//345 
f 361//361 345//345 424//424 
f 424//424 345//345 414//414 
f 349//349 361//361 355//355 
f 350//350 356//356 362//362 
f 350//350 362//362 425//425 
f 350//350 425//425 346//346 
f 346//346 425//425 415//415 
f 351//351 363//363 357//357 
f 351//351 426//426 363//363 
f 347//347 426//426 351//351 
f 347//347 418//418 426//426 
f 347//347 352//352 418//418 
f 353//353 418//418 352//352 
f 419//419 418//418 353//353 
f 416//416 419//419 353//353 
f 364//364 417//417 354//354 
f 427//427 417//417 364//364 
f 348//348 358//358 364//364 
f 354//354 348//348 364//364 
f 361//361 424//424 428//428 
f 376//376 428//428 438//438 
f 359//359 428//428 376//376 
f 359//359 361//361 428//428 
f 359//359 355//355 361//361 
f 359//359 376//376 365//365 
f 360//360 366//366 377//377 
f 360//360 377//377 439//439 
f 356//356 360//360 439//439 
f 356//356 439//439 429//429 
f 356//356 429//429 362//362 
f 425//425 362//362 429//429 
f 363//363 378//378 367//367 
f 357//357 363//363 367//367 
f 430//430 363//363 426//426 
f 430//430 379//379 363//363 
f 379//379 378//378 363//363 
f 379//379 431//431 380//380 
f 430//430 431//431 379//379 
f 380//380 432//432 381//381 
f 431//431 432//432 380//380 
f 381//381 433//433 382//382 
f 432//432 433//433 381//381 
f 427//427 382//382 433//433 
f 427//427 364//364 382//382 
f 364//364 383//383 382//382 
f 358//358 368//368 383//383 
f 364//364 358//358 383//383 
f 376//376 438//438 440//440 
f 365//365 376//376 440//440 
f 365//365 440//440 369//369 
f 369//369 440//440 441//441 
f 370//370 369//369 442//442 
f 369//369 441//441 442//442 
f 371//371 370//370 443//443 
f 370//370 442//442 443//443 
f 377//377 366//366 371//371 
f 377//377 371//371 444//444 
f 444//444 371//371 443//443 
f 439//439 377//377 444//444 
f 367//367 378//378 372//372 
f 373//373 372//372 378//378 
f 379//379 373//373 378//378 
f 384//384 373//373 379//379 
f 384//384 379//379 388//388 
f 388//388 379//379 380//380 
f 381//381 389//389 380//380 
f 389//389 388//388 380//380 
f 374//374 385//385 389//389 
f 374//374 389//389 382//382 
f 382//382 389//389 381//381 
f 375//375 374//374 382//382 
f 383//383 375//375 382//382 
f 368//368 375//375 383//383 
f 384//384 388//388 386//386 
f 387//387 386//386 388//388 
f 389//389 387//387 388//388 
f 385//385 387//387 389//389 
f 399//399 448//448 454//454 
f 399//399 394//394 390//390 
f 399//399 390//390 448//448 
f 448//448 390//390 449//449 
f 391//391 450//450 390//390 
f 390//390 450//450 449//449 
f 392//392 451//451 391//391 
f 391//391 451//451 450//450 
f 393//393 452//452 392//392 
f 392//392 452//452 451//451 
f 395//395 400//400 453//453 
f 395//395 453//453 393//393 
f 393//393 453//453 452//452 
f 453//453 400//400 455//455 
f 396//396 456//456 458//458 
f 401//401 396//396 458//458 
f 454//454 397//397 399//399 
f 454//454 456//456 397//397 
f 456//456 396//396 397//397 
f 394//394 399//399 397//397 
f 395//395 398//398 400//400 
f 400//400 398//398 402//402 
f 400//400 402//402 455//455 
f 455//455 402//402 459//459 
f 406//406 460//460 462//462 
f 406//406 458//458 460//460 
f 406//406 403//403 458//458 
f 403//403 401//401 458//458 
f 461//461 404//404 407//407 
f 461//461 459//459 404//404 
f 459//459 402//402 404//404 
f 461//461 407//407 463//463 
f 413//413 406//406 462//462 
f 464//464 413//413 462//462 
f 403//403 413//413 408//408 
f 406//406 413//413 403//403 
f 404//404 405//405 407//407 
f 407//407 405//405 409//409 
f 407//407 409//409 463//463 
f 463//463 409//409 465//465 
f 420//420 413//413 464//464 
f 466//466 420//420 464//464 
f 408//408 420//420 414//414 
f 413//413 420//420 408//408 
f 410//410 415//415 421//421 
f 410//410 421//421 467//467 
f 410//410 467//467 409//409 
f 409//409 467//467 465//465 
f 411//411 422//422 416//416 
f 411//411 412//412 423//423 
f 422//422 411//411 423//423 
f 412//412 417//417 423//423 
f 420//420 466//466 468//468 
f 468//468 414//414 420//420 
f 468//468 470//470 414//414 
f 470//470 424//424 414//414 
f 421//421 471//471 469//469 
f 421//421 415//415 471//471 
f 415//415 425//425 471//471 
f 467//467 421//421 469//469 
f 418//418 434//434 426//426 
f 418//418 419//419 435//435 
f 434//434 418//418 435//435 
f 419//419 416//416 422//422 
f 419//419 422//422 435//435 
f 435//435 422//422 436//436 
f 423//423 437//437 422//422 
f 437//437 436//436 422//422 
f 417//417 427//427 437//437 
f 423//423 417//417 437//437 
f 424//424 470//470 472//472 
f 428//428 424//424 472//472 
f 472//472 438//438 428//428 
f 473//473 438//438 472//472 
f 429//429 439//439 445//445 
f 429//429 445//445 474//474 
f 429//429 474//474 425//425 
f 425//425 474//474 471//471 
f 426//426 434//434 430//430 
f 431//431 430//430 434//434 
f 435//435 431//431 434//434 
f 432//432 431//431 435//435 
f 436//436 432//432 435//435 
f 433//433 432//432 436//436 
f 437//437 433//433 436//436 
f 427//427 433//433 437//437 
f 438//438 473//473 475//475 
f 440//440 438//438 475//475 
f 441//441 440//440 476//476 
f 440//440 475//475 476//476 
f 446//446 476//476 480//480 
f 446//446 442//442 476//476 
f 442//442 441//441 476//476 
f 442//442 447//447 443//443 
f 446//446 447//447 442//442 
f 481//481 443//443 447//447 
f 481//481 477//477 443//443 
f 477//477 444//444 443//443 
f 445//445 439//439 444//444 
f 445//445 444//444 478//478 
f 478//478 444//444 477//477 
f 474//474 445//445 478//478 
f 446//446 480//480 482//482 
f 447//447 446//446 482//482 
f 483//483 447//447 482//482 
f 481//481 447//447 483//483 
f 448//448 484//484 489//489 
f 454//454 448//448 489//489 
f 449//449 485//485 448//448 
f 448//448 485//485 484//484 
f 450//450 486//486 449//449 
f 449//449 486//486 485//485 
f 451//451 487//487 450//450 
f 450//450 487//487 486//486 
f 452//452 488//488 451//451 
f 451//451 488//488 487//487 
f 457//457 490//490 488//488 
f 457//457 488//488 453//453 
f 453//453 488//488 452//452 
f 453//453 455//455 457//457 
f 456//456 491//491 494//494 
f 458//458 456//456 494//494 
f 489//489 456//456 454//454 
f 491//491 456//456 489//489 
f 457//457 492//492 490//490 
f 492//492 457//457 455//455 
f 492//492 455//455 495//495 
f 495//495 455//455 459//459 
f 460//460 496//496 498//498 
f 462//462 460//460 498//498 
f 494//494 460//460 458//458 
f 496//496 460//460 494//494 
f 459//459 497//497 495//495 
f 461//461 497//497 459//459 
f 497//497 461//461 463//463 
f 499//499 497//497 463//463 
f 462//462 498//498 464//464 
f 498//498 501//501 464//464 
f 463//463 465//465 499//499 
f 499//499 465//465 502//502 
f 464//464 501//501 466//466 
f 501//501 504//504 466//466 
f 465//465 467//467 502//502 
f 502//502 467//467 505//505 
f 466//466 504//504 506//506 
f 468//468 466//466 506//506 
f 506//506 470//470 468//468 
f 509//509 470//470 506//506 
f 469//469 510//510 507//507 
f 471//471 510//510 469//469 
f 505//505 467//467 469//469 
f 507//507 505//505 469//469 
f 479//479 472//472 470//470 
f 479//479 470//470 511//511 
f 511//511 470//470 509//509 
f 472//472 479//479 473//473 
f 471//471 474//474 510//510 
f 510//510 474//474 512//512 
f 479//479 511//511 513//513 
f 473//473 479//479 513//513 
f 473//473 513//513 475//475 
f 475//475 513//513 514//514 
f 476//476 475//475 515//515 
f 475//475 514//514 515//515 
f 515//515 480//480 476//476 
f 520//520 480//480 515//515 
f 477//477 521//521 516//516 
f 481//481 521//521 477//477 
f 478//478 477//477 517//517 
f 477//477 516//516 517//517 
f 512//512 474//474 478//478 
f 517//517 512//512 478//478 
f 480//480 520//520 522//522 
f 482//482 480//480 522//522 
f 483//483 482//482 523//523 
f 482//482 522//522 523//523 
f 521//521 481//481 483//483 
f 523//523 521//521 483//483 
f 484//484 526//526 530//530 
f 489//489 484//484 530//530 
f 485//485 527//527 484//484 
f 484//484 527//527 526//526 
f 486//486 528//528 485//485 
f 485//485 528//528 527//527 
f 487//487 529//529 486//486 
f 486//486 529//529 528//528 
f 493//493 531//531 529//529 
f 493//493 529//529 488//488 
f 488//488 529//529 487//487 
f 488//488 490//490 493//493 
f 491//491 532//532 539//539 
f 494//494 491//491 539//539 
f 530//530 491//491 489//489 
f 532//532 491//491 530//530 
f 493//493 533//533 531//531 
f 490//490 533//533 493//493 
f 490//490 492//492 533//533 
f 492//492 534//534 533//533 
f 534//534 492//492 495//495 
f 540//540 534//534 495//495 
f 496//496 500//500 498//498 
f 496//496 544//544 500//500 
f 496//496 494//494 544//544 
f 494//494 539//539 544//544 
f 495//495 541//541 540//540 
f 497//497 541//541 495//495 
f 541//541 497//497 499//499 
f 545//545 541//541 499//499 
f 500//500 503//503 501//501 
f 498//498 500//500 501//501 
f 547//547 500//500 544//544 
f 503//503 500//500 547//547 
f 499//499 502//502 545//545 
f 545//545 502//502 548//548 
f 503//503 508//508 504//504 
f 501//501 503//503 504//504 
f 550//550 503//503 547//547 
f 508//508 503//503 550//550 
f 502//502 505//505 548//548 
f 548//548 505//505 551//551 
f 504//504 508//508 506//506 
f 508//508 509//509 506//506 
f 508//508 550//550 509//509 
f 550//550 554//554 509//509 
f 507//507 555//555 552//552 
f 510//510 555//555 507//507 
f 551//551 505//505 507//507 
f 552//552 551//551 507//507 
f 556//556 518//518 511//511 
f 556//556 511//511 554//554 
f 554//554 511//511 509//509 
f 556//556 560//560 518//518 
f 519//519 561//561 557//557 
f 519//519 557//557 555//555 
f 519//519 555//555 512//512 
f 512//512 555//555 510//510 
f 511//511 518//518 513//513 
f 518//518 560//560 562//562 
f 518//518 562//562 513//513 
f 513//513 562//562 514//514 
f 515//515 514//514 563//563 
f 514//514 562//562 563//563 
f 520//520 564//564 524//524 
f 520//520 515//515 564//564 
f 515//515 563//563 564//564 
f 524//524 565//565 525//525 
f 564//564 565//565 524//524 
f 525//525 516//516 521//521 
f 525//525 565//565 516//516 
f 565//565 566//566 516//516 
f 561//561 519//519 517//517 
f 561//561 517//517 566//566 
f 566//566 517//517 516//516 
f 512//512 517//517 519//519 
f 520//520 524//524 522//522 
f 523//523 522//522 524//524 
f 525//525 523//523 524//524 
f 521//521 523//523 525//525 
f 526//526 535//535 530//530 
f 526//526 527//527 536//536 
f 535//535 526//526 536//536 
f 527//527 528//528 537//537 
f 536//536 527//527 537//537 
f 528//528 529//529 538//538 
f 537//537 528//528 538//538 
f 529//529 531//531 538//538 
f 532//532 542//542 539//539 
f 532//532 573//573 542//542 
f 530//530 573//573 532//532 
f 530//530 568//568 573//573 
f 530//530 535//535 568//568 
f 536//536 568//568 535//535 
f 569//569 568//568 536//536 
f 537//537 569//569 536//536 
f 570//570 569//569 537//537 
f 538//538 570//570 537//537 
f 571//571 570//570 538//538 
f 531//531 571//571 538//538 
f 531//531 533//533 571//571 
f 533//533 572//572 571//571 
f 543//543 574//574 572//572 
f 543//543 572//572 534//534 
f 534//534 572//572 533//533 
f 534//534 540//540 543//543 
f 542//542 575//575 581//581 
f 542//542 581//581 539//539 
f 539//539 581//581 544//544 
f 573//573 575//575 542//542 
f 543//543 576//576 574//574 
f 546//546 582//582 576//576 
f 541//541 546//546 576//576 
f 541//541 576//576 543//543 
f 541//541 543//543 540//540 
f 541//541 545//545 546//546 
f 544//544 581//581 547//547 
f 581//581 585//585 547//547 
f 549//549 582//582 546//546 
f 586//586 582//582 549//549 
f 545//545 548//548 549//549 
f 546//546 545//545 549//549 
f 547//547 585//585 550//550 
f 585//585 589//589 550//550 
f 553//553 586//586 549//549 
f 590//590 586//586 553//553 
f 548//548 551//551 553//553 
f 549//549 548//548 553//553 
f 591//591 558//558 554//554 
f 591//591 554//554 589//589 
f 589//589 554//554 550//550 
f 591//591 596//596 558//558 
f 559//559 597//597 592//592 
f 590//590 559//559 592//592 
f 553//553 559//559 590//590 
f 553//553 555//555 559//559 
f 553//553 552//552 555//555 
f 551//551 552//552 553//553 
f 554//554 558//558 556//556 
f 560//560 598//598 567//567 
f 556//556 598//598 560//560 
f 556//556 596//596 598//598 
f 556//556 558//558 596//596 
f 598//598 603//603 567//567 
f 557//557 597//597 559//559 
f 557//557 561//561 597//597 
f 561//561 604//604 597//597 
f 555//555 557//557 559//559 
f 560//560 567//567 562//562 
f 567//567 603//603 605//605 
f 567//567 605//605 562//562 
f 562//562 605//605 563//563 
f 564//564 563//563 606//606 
f 563//563 605//605 606//606 
f 565//565 564//564 607//607 
f 564//564 606//606 607//607 
f 566//566 565//565 608//608 
f 565//565 607//607 608//608 
f 604//604 561//561 566//566 
f 608//608 604//604 566//566 
f 568//568 577//577 573//573 
f 568//568 569//569 578//578 
f 577//577 568//568 578//578 
f 614//614 578//578 569//569 
f 614//614 569//569 613//613 
f 613//613 569//569 570//570 
f 579//579 615//615 613//613 
f 579//579 613//613 571//571 
f 571//571 613//613 570//570 
f 571//571 572//572 580//580 
f 579//579 571//571 580//580 
f 572//572 574//574 580//580 
f 575//575 583//583 581//581 
f 575//575 621//621 583//583 
f 573//573 621//621 575//575 
f 573//573 616//616 621//621 
f 573//573 577//577 616//616 
f 578//578 616//616 577//577 
f 617//617 616//616 578//578 
f 614//614 617//617 578//578 
f 579//579 618//618 615//615 
f 580//580 618//618 579//579 
f 619//619 618//618 580//580 
f 584//584 622//622 619//619 
f 576//576 584//584 619//619 
f 576//576 619//619 580//580 
f 576//576 580//580 574//574 
f 576//576 582//582 584//584 
f 583//583 587//587 585//585 
f 581//581 583//583 585//585 
f 628//628 583//583 621//621 
f 587//587 583//583 628//628 
f 588//588 622//622 584//584 
f 629//629 622//622 588//588 
f 582//582 586//586 588//588 
f 584//584 582//582 588//588 
f 587//587 593//593 589//589 
f 585//585 587//587 589//589 
f 636//636 587//587 628//628 
f 593//593 587//587 636//636 
f 594//594 637//637 630//630 
f 629//629 594//594 630//630 
f 629//629 588//588 594//594 
f 588//588 595//595 594//594 
f 586//586 590//590 595//595 
f 588//588 586//586 595//595 
f 589//589 593//593 591//591 
f 596//596 638//638 599//599 
f 591//591 638//638 596//596 
f 591//591 636//636 638//638 
f 591//591 593//593 636//636 
f 638//638 645//645 599//599 
f 600//600 646//646 639//639 
f 600//600 640//640 601//601 
f 639//639 640//640 600//600 
f 637//637 601//601 640//640 
f 637//637 594//594 601//601 
f 594//594 602//602 601//601 
f 592//592 597//597 602//602 
f 592//592 602//602 595//595 
f 595//595 602//602 594//594 
f 590//590 592//592 595//595 
f 596//596 599//599 598//598 
f 603//603 647//647 609//609 
f 598//598 647//647 603//603 
f 598//598 645//645 647//647 
f 598//598 599//599 645//645 
f 646//646 609//609 647//647 
f 646//646 600//600 609//609 
f 600//600 610//610 609//609 
f 601//601 611//611 600//600 
f 611//611 610//610 600//600 
f 602//602 612//612 601//601 
f 612//612 611//611 601//601 
f 597//597 604//604 612//612 
f 602//602 597//597 612//612 
f 603//603 609//609 605//605 
f 606//606 605//605 609//609 
f 610//610 606//606 609//609 
f 607//607 606//606 610//610 
f 611//611 607//607 610//610 
f 608//608 607//607 611//611 
f 612//612 608//608 611//611 
f 604//604 608//608 612//612 
f 613//613 620//620 614//614 
f 613//613 615//615 620//620 
f 616//616 623//623 621//621 
f 616//616 617//617 624//624 
f 623//623 616//616 624//624 
f 617//617 614//614 620//620 
f 617//617 620//620 624//624 
f 624//624 620//620 625//625 
f 615//615 618//618 626//626 
f 615//615 626//626 620//620 
f 620//620 626//626 625//625 
f 618//618 619//619 627//627 
f 626//626 618//618 627//627 
f 619//619 622//622 627//627 
f 623//623 631//631 628//628 
f 621//621 623//623 628//628 
f 624//624 632//632 623//623 
f 632//632 631//631 623//623 
f 625//625 633//633 624//624 
f 633//633 632//632 624//624 
f 626//626 634//634 625//625 
f 634//634 633//633 625//625 
f 627//627 635//635 626//626 
f 635//635 634//634 626//626 
f 622//622 629//629 635//635 
f 627//627 622//622 635//635 
f 631//631 641//641 636//636 
f 628//628 631//631 636//636 
f 632//632 642//642 631//631 
f 642//642 641//641 631//631 
f 633//633 643//643 632//632 
f 643//643 642//642 632//632 
f 634//634 644//644 633//633 
f 644//644 643//643 633//633 
f 630//630 637//637 644//644 
f 630//630 644//644 635//635 
f 635//635 644//644 634//634 
f 629//629 630//630 635//635 
f 636//636 641//641 638//638 
f 645//645 638//638 641//641 
f 645//645 641//641 648//648 
f 648//648 641//641 642//642 
f 639//639 646//646 648//648 
f 639//639 648//648 643//643 
f 643//643 648//648 642//642 
f 640//640 639//639 643//643 
f 644//644 640//640 643//643 
f 637//637 640//640 644//644 
f 645//645 648//648 647//647 
f 646//646 647//647 648//648 
f 649//649 666//666 670//670 
f 666//666 649//649 671//671 
f 650//650 672//672 679//679 
f 650//650 651//651 673//673 
f 672//672 650//650 673//673 
f 670//670 673//673 651//651 
f 670//670 651//651 649//649 
f 649//649 651//651 652//652 
f 674//674 671//671 649//649 
f 674//674 649//649 653//653 
f 653//653 649//649 652//652 
f 674//674 653//653 680//680 
f 654//654 681//681 684//684 
f 679//679 681//681 654//654 
f 679//679 654//654 650//650 
f 650//650 654//654 655//655 
f 651//651 650//650 656//656 
f 656//656 650//650 655//655 
f 652//652 651//651 657//657 
f 657//657 651//651 656//656 
f 653//653 652//652 658//658 
f 658//658 652//652 657//657 
f 685//685 680//680 653//653 
f 658//658 685//685 653//653 
f 654//654 684//684 686//686 
f 686//686 688//688 659//659 
f 686//686 659//659 654//654 
f 654//654 659//659 655//655 
f 656//656 655//655 660//660 
f 660//660 655//655 659//659 
f 657//657 656//656 661//661 
f 661//661 656//656 660//660 
f 658//658 657//657 662//662 
f 662//662 657//657 661//661 
f 689//689 685//685 658//658 
f 662//662 689//689 658//658 
f 663//663 659//659 688//688 
f 693//693 663//663 688//688 
f 660//660 659//659 664//664 
f 664//664 659//659 663//663 
f 661//661 660//660 665//665 
f 665//665 660//660 664//664 
f 694//694 690//690 662//662 
f 694//694 662//662 665//665 
f 665//665 662//662 661//661 
f 689//689 662//662 690//690 
f 663//663 693//693 695//695 
f 664//664 663//663 695//695 
f 696//696 664//664 695//695 
f 665//665 664//664 696//696 
f 697//697 665//665 696//696 
f 694//694 665//665 697//697 
f 667//667 723//723 727//727 
f 667//667 668//668 724//724 
f 723//723 667//667 724//724 
f 668//668 669//669 725//725 
f 724//724 668//668 725//725 
f 725//725 669//669 728//728 
f 675//675 729//729 733//733 
f 727//727 729//729 675//675 
f 727//727 675//675 667//667 
f 667//667 675//675 676//676 
f 668//668 667//667 677//677 
f 677//677 667//667 676//676 
f 666//666 677//677 670//670 
f 666//666 669//669 677//677 
f 669//669 668//668 677//677 
f 671//671 678//678 730//730 
f 666//666 671//671 730//730 
f 666//666 730//730 728//728 
f 666//666 728//728 669//669 
f 730//730 678//678 734//734 
f 682//682 675//675 733//733 
f 737//737 682//682 733//733 
f 672//672 682//682 679//679 
f 672//672 676//676 682//682 
f 676//676 675//675 682//682 
f 673//673 676//676 672//672 
f 677//677 676//676 673//673 
f 670//670 677//677 673//673 
f 671//671 674//674 678//678 
f 680//680 683//683 735//735 
f 674//674 680//680 735//735 
f 674//674 735//735 734//734 
f 674//674 734//734 678//678 
f 735//735 683//683 738//738 
f 681//681 682//682 737//737 
f 681//681 737//737 684//684 
f 684//684 737//737 740//740 
f 679//679 682//682 681//681 
f 683//683 685//685 687//687 
f 680//680 685//685 683//683 
f 741//741 738//738 683//683 
f 687//687 741//741 683//683 
f 691//691 686//686 684//684 
f 691//691 684//684 743//743 
f 743//743 684//684 740//740 
f 686//686 691//691 688//688 
f 687//687 689//689 692//692 
f 685//685 689//689 687//687 
f 744//744 741//741 687//687 
f 692//692 744//744 687//687 
f 698//698 691//691 743//743 
f 747//747 698//698 743//743 
f 688//688 698//698 693//693 
f 691//691 698//698 688//688 
f 690//690 694//694 699//699 
f 690//690 699//699 748//748 
f 689//689 690//690 748//748 
f 689//689 748//748 745//745 
f 689//689 745//745 692//692 
f 744//744 692//692 745//745 
f 698//698 747//747 749//749 
f 693//693 698//698 749//749 
f 693//693 749//749 695//695 
f 695//695 749//749 750//750 
f 700//700 750//750 754//754 
f 700//700 696//696 750//750 
f 696//696 695//695 750//750 
f 755//755 696//696 700//700 
f 755//755 751//751 696//696 
f 751//751 697//697 696//696 
f 699//699 694//694 697//697 
f 699//699 697//697 752//752 
f 752//752 697//697 751//751 
f 748//748 699//699 752//752 
f 700//700 754//754 756//756 
f 755//755 700//700 756//756 
f 701//701 757//757 768//768 
f 701//701 702//702 758//758 
f 757//757 701//701 758//758 
f 702//702 703//703 759//759 
f 758//758 702//702 759//759 
f 703//703 704//704 760//760 
f 759//759 703//703 760//760 
f 760//760 704//704 769//769 
f 705//705 770//770 773//773 
f 768//768 770//770 705//705 
f 768//768 705//705 701//701 
f 701//701 705//705 706//706 
f 702//702 701//701 707//707 
f 707//707 701//701 706//706 
f 703//703 702//702 708//708 
f 708//708 702//702 707//707 
f 704//704 703//703 709//709 
f 709//709 703//703 708//708 
f 774//774 769//769 704//704 
f 709//709 774//774 704//704 
f 710//710 705//705 773//773 
f 776//776 710//710 773//773 
f 706//706 705//705 711//711 
f 711//711 705//705 710//710 
f 707//707 706//706 712//712 
f 712//712 706//706 711//711 
f 708//708 707//707 713//713 
f 713//713 707//707 712//712 
f 709//709 708//708 714//714 
f 714//714 708//708 713//713 
f 777//777 774//774 709//709 
f 714//714 777//777 709//709 
f 715//715 710//710 776//776 
f 780//780 715//715 776//776 
f 711//711 710//710 716//716 
f 716//716 710//710 715//715 
f 712//712 711//711 717//717 
f 717//717 711//711 716//716 
f 713//713 712//712 718//718 
f 718//718 712//712 717//717 
f 714//714 713//713 719//719 
f 719//719 713//713 718//718 
f 781//781 777//777 714//714 
f 719//719 781//781 714//714 
f 715//715 780//780 782//782 
f 782//782 784//784 720//720 
f 782//782 720//720 715//715 
f 715//715 720//720 716//716 
f 717//717 716//716 721//721 
f 721//721 716//716 720//720 
f 718//718 717//717 722//722 
f 722//722 717//717 721//721 
f 785//785 783//783 719//719 
f 785//785 719//719 722//722 
f 722//722 719//719 718//718 
f 781//781 719//719 783//783 
f 720//720 784//784 786//786 
f 721//721 720//720 786//786 
f 787//787 721//721 786//786 
f 722//722 721//721 787//787 
f 788//788 722//722 787//787 
f 785//785 722//722 788//788 
f 726//726 793//793 794//794 
f 793//793 726//726 795//795 
f 731//731 796//796 802//802 
f 731//731 727//727 723//723 
f 731//731 723//723 796//796 
f 796//796 723//723 797//797 
f 794//794 724//724 726//726 
f 794//794 797//797 724//724 
f 797//797 723//723 724//724 
f 726//726 798//798 795//795 
f 726//726 724//724 798//798 
f 724//724 725//725 798//798 
f 728//728 732//732 799//799 
f 728//728 799//799 725//725 
f 725//725 799//799 798//798 
f 799//799 732//732 803//803 
f 736//736 804//804 805//805 
f 802//802 804//804 736//736 
f 731//731 802//802 736//736 
f 731//731 736//736 733//733 
f 731//731 733//733 729//729 
f 727//727 731//731 729//729 
f 728//728 730//730 732//732 
f 732//732 730//730 734//734 
f 732//732 734//734 803//803 
f 803//803 734//734 806//806 
f 739//739 736//736 805//805 
f 809//809 739//739 805//805 
f 733//733 739//739 737//737 
f 736//736 739//739 733//733 
f 734//734 807//807 806//806 
f 735//735 807//807 734//734 
f 807//807 735//735 738//738 
f 810//810 807//807 738//738 
f 742//742 739//739 809//809 
f 811//811 742//742 809//809 
f 737//737 742//742 740//740 
f 739//739 742//742 737//737 
f 738//738 741//741 810//810 
f 810//810 741//741 812//812 
f 746//746 742//742 811//811 
f 813//813 746//746 811//811 
f 740//740 746//746 743//743 
f 742//742 746//746 740//740 
f 741//741 744//744 812//812 
f 812//812 744//744 814//814 
f 746//746 813//813 815//815 
f 815//815 743//743 746//746 
f 815//815 816//816 743//743 
f 816//816 747//747 743//743 
f 745//745 748//748 753//753 
f 745//745 753//753 817//817 
f 745//745 817//817 744//744 
f 744//744 817//817 814//814 
f 761//761 749//749 747//747 
f 761//761 747//747 825//825 
f 825//825 747//747 816//816 
f 749//749 762//762 750//750 
f 761//761 762//762 749//749 
f 750//750 762//762 754//754 
f 751//751 755//755 763//763 
f 751//751 764//764 752//752 
f 763//763 764//764 751//751 
f 752//752 764//764 826//826 
f 748//748 752//752 826//826 
f 748//748 826//826 818//818 
f 748//748 818//818 753//753 
f 817//817 753//753 818//818 
f 765//765 819//819 827//827 
f 765//765 766//766 820//820 
f 819//819 765//765 820//820 
f 766//766 767//767 821//821 
f 820//820 766//766 821//821 
f 821//821 767//767 828//828 
f 761//761 825//825 829//829 
f 762//762 761//761 829//829 
f 830//830 762//762 829//829 
f 754//754 762//762 830//830 
f 754//754 830//830 756//756 
f 756//756 830//830 831//831 
f 763//763 755//755 756//756 
f 763//763 756//756 832//832 
f 832//832 756//756 831//831 
f 764//764 763//763 832//832 
f 833//833 764//764 832//832 
f 826//826 764//764 833//833 
f 771//771 834//834 839//839 
f 771//771 768//768 757//757 
f 771//771 757//757 834//834 
f 834//834 757//757 835//835 
f 827//827 758//758 765//765 
f 827//827 835//835 758//758 
f 835//835 757//757 758//758 
f 759//759 765//765 758//758 
f 766//766 765//765 759//759 
f 760//760 766//766 759//759 
f 767//767 766//766 760//760 
f 769//769 772//772 836//836 
f 760//760 769//769 836//836 
f 760//760 836//836 828//828 
f 760//760 828//828 767//767 
f 836//836 772//772 840//840 
f 770//770 771//771 839//839 
f 770//770 839//839 773//773 
f 773//773 839//839 842//842 
f 768//768 771//771 770//770 
f 772//772 774//774 775//775 
f 769//769 774//774 772//772 
f 843//843 840//840 772//772 
f 775//775 843//843 772//772 
f 778//778 844//844 847//847 
f 778//778 842//842 844//844 
f 778//778 776//776 842//842 
f 776//776 773//773 842//842 
f 775//775 777//777 779//779 
f 774//774 777//777 775//775 
f 848//848 843//843 775//775 
f 779//779 848//848 775//775 
f 778//778 847//847 849//849 
f 849//849 776//776 778//778 
f 849//849 851//851 776//776 
f 851//851 780//780 776//776 
f 779//779 852//852 850//850 
f 779//779 777//777 852//852 
f 777//777 781//781 852//852 
f 848//848 779//779 850//850 
f 789//789 782//782 780//780 
f 789//789 780//780 855//855 
f 855//855 780//780 851//851 
f 782//782 789//789 784//784 
f 783//783 785//785 790//790 
f 783//783 790//790 856//856 
f 783//783 856//856 781//781 
f 781//781 856//856 852//852 
f 789//789 855//855 857//857 
f 784//784 789//789 857//857 
f 784//784 857//857 786//786 
f 786//786 857//857 858//858 
f 791//791 858//858 861//861 
f 791//791 787//787 858//858 
f 787//787 786//786 858//858 
f 787//787 792//792 788//788 
f 791//791 792//792 787//787 
f 788//788 792//792 862//862 
f 785//785 788//788 862//862 
f 785//785 862//862 859//859 
f 785//785 859//859 790//790 
f 856//856 790//790 859//859 
f 791//791 861//861 863//863 
f 792//792 791//791 863//863 
f 864//864 792//792 863//863 
f 862//862 792//792 864//864 
f 800//800 867//867 870//870 
f 800//800 794//794 793//793 
f 800//800 793//793 867//867 
f 867//867 793//793 868//868 
f 795//795 801//801 869//869 
f 795//795 869//869 793//793 
f 793//793 869//869 868//868 
f 869//869 801//801 871//871 
f 796//796 872//872 874//874 
f 802//802 796//796 874//874 
f 870//870 797//797 800//800 
f 870//870 872//872 797//797 
f 872//872 796//796 797//797 
f 794//794 800//800 797//797 
f 795//795 798//798 801//801 
f 801//801 873//873 871//871 
f 801//801 798//798 873//873 
f 798//798 799//799 873//873 
f 873//873 799//799 803//803 
f 875//875 873//873 803//803 
f 804//804 876//876 878//878 
f 805//805 804//804 878//878 
f 874//874 804//804 802//802 
f 876//876 804//804 874//874 
f 877//877 806//806 808//808 
f 877//877 875//875 806//806 
f 875//875 803//803 806//806 
f 877//877 808//808 879//879 
f 805//805 878//878 809//809 
f 878//878 880//880 809//809 
f 806//806 807//807 808//808 
f 808//808 807//807 810//810 
f 808//808 810//810 879//879 
f 879//879 810//810 881//881 
f 809//809 880//880 811//811 
f 880//880 882//882 811//811 
f 810//810 812//812 881//881 
f 881//881 812//812 883//883 
f 811//811 882//882 813//813 
f 882//882 884//884 813//813 
f 812//812 814//814 883//883 
f 883//883 814//814 885//885 
f 822//822 815//815 813//813 
f 822//822 813//813 888//888 
f 888//888 813//813 884//884 
f 815//815 822//822 816//816 
f 814//814 817//817 885//885 
f 885//885 817//817 889//889 
f 823//823 886//886 890//890 
f 823//823 824//824 887//887 
f 886//886 823//823 887//887 
f 887//887 824//824 891//891 
f 822//822 888//888 892//892 
f 892//892 816//816 822//822 
f 892//892 899//899 816//816 
f 899//899 825//825 816//816 
f 818//818 900//900 893//893 
f 826//826 900//900 818//818 
f 889//889 817//817 818//818 
f 893//893 889//889 818//818 
f 837//837 894//894 901//901 
f 890//890 894//894 837//837 
f 823//823 890//890 837//837 
f 823//823 837//837 827//827 
f 823//823 827//827 819//819 
f 820//820 823//823 819//819 
f 824//824 823//823 820//820 
f 824//824 895//895 891//891 
f 824//824 820//820 895//895 
f 820//820 821//821 895//895 
f 828//828 838//838 896//896 
f 828//828 896//896 821//821 
f 821//821 896//896 895//895 
f 896//896 838//838 902//902 
f 825//825 899//899 903//903 
f 829//829 825//825 903//903 
f 830//830 829//829 904//904 
f 829//829 903//903 904//904 
f 841//841 904//904 909//909 
f 841//841 831//831 904//904 
f 831//831 830//830 904//904 
f 910//910 831//831 841//841 
f 910//910 905//905 831//831 
f 905//905 832//832 831//831 
f 833//833 832//832 906//906 
f 832//832 905//905 906//906 
f 900//900 826//826 833//833 
f 906//906 900//900 833//833 
f 834//834 907//907 911//911 
f 839//839 834//834 911//911 
f 901//901 835//835 837//837 
f 901//901 907//907 835//835 
f 907//907 834//834 835//835 
f 827//827 837//837 835//835 
f 828//828 836//836 838//838 
f 838//838 836//836 840//840 
f 838//838 840//840 902//902 
f 902//902 840//840 912//912 
f 841//841 909//909 913//913 
f 910//910 841//841 913//913 
f 845//845 914//914 917//917 
f 845//845 911//911 914//914 
f 845//845 842//842 911//911 
f 842//842 839//839 911//911 
f 915//915 843//843 846//846 
f 915//915 912//912 843//843 
f 912//912 840//840 843//843 
f 915//915 846//846 918//918 
f 844//844 845//845 917//917 
f 844//844 917//917 847//847 
f 847//847 917//917 920//920 
f 842//842 845//845 844//844 
f 846//846 921//921 919//919 
f 846//846 843//843 921//921 
f 843//843 848//848 921//921 
f 918//918 846//846 919//919 
f 853//853 849//849 847//847 
f 853//853 847//847 923//923 
f 923//923 847//847 920//920 
f 849//849 853//853 851//851 
f 850//850 852//852 854//854 
f 850//850 854//854 924//924 
f 850//850 924//924 848//848 
f 848//848 924//924 921//921 
f 860//860 853//853 923//923 
f 926//926 860//860 923//923 
f 851//851 860//860 855//855 
f 853//853 860//860 851//851 
f 854//854 927//927 925//925 
f 854//854 852//852 927//927 
f 852//852 856//856 927//927 
f 924//924 854//854 925//925 
f 860//860 926//926 928//928 
f 855//855 860//860 928//928 
f 855//855 928//928 857//857 
f 857//857 928//928 929//929 
f 865//865 929//929 931//931 
f 865//865 858//858 929//929 
f 858//858 857//857 929//929 
f 858//858 865//865 861//861 
f 859//859 862//862 866//866 
f 859//859 866//866 932//932 
f 859//859 932//932 856//856 
f 856//856 932//932 927//927 
f 865//865 931//931 933//933 
f 861//861 865//865 933//933 
f 861//861 933//933 863//863 
f 863//863 933//933 934//934 
f 864//864 863//863 935//935 
f 863//863 934//934 935//935 
f 866//866 862//862 864//864 
f 866//866 864//864 936//936 
f 936//936 864//864 935//935 
f 932//932 866//866 936//936 
f 867//867 939//939 942//942 
f 870//870 867//867 942//942 
f 868//868 940//940 867//867 
f 867//867 940//940 939//939 
f 869//869 941//941 868//868 
f 868//868 941//941 940//940 
f 941//941 869//869 871//871 
f 943//943 941//941 871//871 
f 872//872 944//944 948//948 
f 874//874 872//872 948//948 
f 942//942 872//872 870//870 
f 944//944 872//872 942//942 
f 871//871 945//945 943//943 
f 873//873 945//945 871//871 
f 945//945 873//873 875//875 
f 949//949 945//945 875//875 
f 876//876 950//950 952//952 
f 878//878 876//876 952//952 
f 948//948 876//876 874//874 
f 950//950 876//876 948//948 
f 875//875 951//951 949//949 
f 877//877 951//951 875//875 
f 951//951 877//877 879//879 
f 953//953 951//951 879//879 
f 878//878 952//952 880//880 
f 952//952 954//954 880//880 
f 879//879 881//881 953//953 
f 953//953 881//881 955//955 
f 880//880 954//954 882//882 
f 954//954 956//956 882//882 
f 881//881 883//883 955//955 
f 955//955 883//883 957//957 
f 882//882 956//956 884//884 
f 956//956 958//958 884//884 
f 883//883 885//885 957//957 
f 957//957 885//885 959//959 
f 884//884 958//958 888//888 
f 958//958 964//964 888//888 
f 885//885 889//889 959//959 
f 959//959 889//889 965//965 
f 897//897 960//960 966//966 
f 897//897 890//890 886//886 
f 897//897 886//886 960//960 
f 960//960 886//886 961//961 
f 887//887 962//962 886//886 
f 886//886 962//962 961//961 
f 891//891 898//898 963//963 
f 891//891 963//963 887//887 
f 887//887 963//963 962//962 
f 963//963 898//898 967//967 
f 888//888 964//964 968//968 
f 892//892 888//888 968//968 
f 968//968 899//899 892//892 
f 975//975 899//899 968//968 
f 893//893 976//976 969//969 
f 900//900 976//976 893//893 
f 965//965 889//889 893//893 
f 969//969 965//965 893//893 
f 908//908 970//970 977//977 
f 966//966 970//970 908//908 
f 897//897 966//966 908//908 
f 897//897 908//908 901//901 
f 897//897 901//901 894//894 
f 890//890 897//897 894//894 
f 891//891 895//895 898//898 
f 898//898 971//971 967//967 
f 898//898 895//895 971//971 
f 895//895 896//896 971//971 
f 971//971 896//896 902//902 
f 978//978 971//971 902//902 
f 899//899 975//975 979//979 
f 903//903 899//899 979//979 
f 904//904 903//903 980//980 
f 903//903 979//979 980//980 
f 980//980 909//909 904//904 
f 985//985 909//909 980//980 
f 905//905 986//986 981//981 
f 910//910 986//986 905//905 
f 906//906 905//905 982//982 
f 905//905 981//981 982//982 
f 976//976 900//900 906//906 
f 982//982 976//976 906//906 
f 916//916 983//983 987//987 
f 977//977 983//983 916//916 
f 908//908 977//977 916//916 
f 908//908 916//916 911//911 
f 908//908 911//911 907//907 
f 901//901 908//908 907//907 
f 902//902 912//912 978//978 
f 978//978 912//912 988//988 
f 909//909 985//985 989//989 
f 913//913 909//909 989//989 
f 986//986 910//910 913//913 
f 989//989 986//986 913//913 
f 914//914 916//916 987//987 
f 914//914 987//987 917//917 
f 917//917 987//987 992//992 
f 911//911 916//916 914//914 
f 912//912 990//990 988//988 
f 915//915 990//990 912//912 
f 990//990 915//915 918//918 
f 993//993 990//990 918//918 
f 917//917 992//992 920//920 
f 992//992 994//994 920//920 
f 919//919 921//921 922//922 
f 919//919 922//922 995//995 
f 919//919 995//995 918//918 
f 918//918 995//995 993//993 
f 920//920 994//994 923//923 
f 994//994 997//997 923//923 
f 922//922 998//998 996//996 
f 922//922 921//921 998//998 
f 921//921 924//924 998//998 
f 995//995 922//922 996//996 
f 923//923 997//997 926//926 
f 997//997 999//999 926//926 
f 925//925 927//927 930//930 
f 925//925 930//930 1000//1000 
f 925//925 1000//1000 924//924 
f 924//924 1000//1000 998//998 
f 926//926 999//999 1001//1001 
f 928//928 926//926 1001//1001 
f 937//937 1001//1001 1004//1004 
f 937//937 929//929 1001//1001 
f 929//929 928//928 1001//1001 
f 929//929 937//937 931//931 
f 930//930 1005//1005 1002//1002 
f 930//930 927//927 1005//1005 
f 927//927 932//932 1005//1005 
f 1000//1000 930//930 1002//1002 
f 937//937 1004//1004 1006//1006 
f 931//931 937//937 1006//1006 
f 931//931 1006//1006 933//933 
f 933//933 1006//1006 1007//1007 
f 938//938 1007//1007 1010//1010 
f 938//938 934//934 1007//1007 
f 934//934 933//933 1007//1007 
f 1011//1011 934//934 938//938 
f 1011//1011 1008//1008 934//934 
f 1008//1008 935//935 934//934 
f 936//936 935//935 1009//1009 
f 935//935 1008//1008 1009//1009 
f 1005//1005 932//932 936//936 
f 1009//1009 1005//1005 936//936 
f 938//938 1010//1010 1012//1012 
f 1011//1011 938//938 1012//1012 
f 939//939 946//946 942//942 
f 1015//1015 946//946 939//939 
f 1015//1015 939//939 1014//1014 
f 1014//1014 939//939 940//940 
f 947//947 1016//1016 1014//1014 
f 947//947 1014//1014 941//941 
f 941//941 1014//1014 940//940 
f 941//941 943//943 947//947 
f 944//944 1017//1017 1022//1022 
f 948//948 944//944 1022//1022 
f 946//946 944//944 942//942 
f 946//946 1018//1018 944//944 
f 1018//1018 1017//1017 944//944 
f 1015//1015 1018//1018 946//946 
f 947//947 1019//1019 1016//1016 
f 943//943 1019//1019 947//947 
f 943//943 945//945 1019//1019 
f 945//945 1020//1020 1019//1019 
f 1020//1020 945//945 949//949 
f 1023//1023 1020//1020 949//949 
f 950//950 1024//1024 1028//1028 
f 952//952 950//950 1028//1028 
f 1022//1022 950//950 948//948 
f 1024//1024 950//950 1022//1022 
f 949//949 1025//1025 1023//1023 
f 951//951 1025//1025 949//949 
f 1025//1025 951//951 953//953 
f 1029//1029 1025//1025 953//953 
f 952//952 1028//1028 954//954 
f 1028//1028 1032//1032 954//954 
f 953//953 955//955 1029//1029 
f 1029//1029 955//955 1033//1033 
f 954//954 1032//1032 956//956 
f 1032//1032 1036//1036 956//956 
f 955//955 957//957 1033//1033 
f 1033//1033 957//957 1037//1037 
f 956//956 1036//1036 958//958 
f 1036//1036 1040//1040 958//958 
f 957//957 959//959 1037//1037 
f 1037//1037 959//959 1041//1041 
f 1042//1042 972//972 964//964 
f 1042//1042 964//964 1040//1040 
f 1040//1040 964//964 958//958 
f 1042//1042 1049//1049 972//972 
f 973//973 1050//1050 1043//1043 
f 973//973 1043//1043 1041//1041 
f 973//973 1041//1041 965//965 
f 965//965 1041//1041 959//959 
f 960//960 974//974 966//966 
f 1051//1051 974//974 960//960 
f 1051//1051 960//960 1044//1044 
f 1044//1044 960//960 961//961 
f 962//962 1045//1045 961//961 
f 961//961 1045//1045 1044//1044 
f 963//963 1046//1046 962//962 
f 962//962 1046//1046 1045//1045 
f 1046//1046 963//963 967//967 
f 1052//1052 1046//1046 967//967 
f 964//964 972//972 968//968 
f 972//972 975//975 968//968 
f 972//972 1049//1049 975//975 
f 1049//1049 1062//1062 975//975 
f 984//984 1063//1063 1053//1053 
f 1050//1050 984//984 1053//1053 
f 973//973 984//984 1050//1050 
f 973//973 976//976 984//984 
f 973//973 969//969 976//976 
f 965//965 969//969 973//973 
f 970//970 1054//1054 1064//1064 
f 977//977 970//970 1064//1064 
f 974//974 970//970 966//966 
f 974//974 1055//1055 970//970 
f 1055//1055 1054//1054 970//970 
f 1051//1051 1055//1055 974//974 
f 967//967 1056//1056 1052//1052 
f 971//971 1056//1056 967//967 
f 1056//1056 971//971 978//978 
f 1065//1065 1056//1056 978//978 
f 975//975 1062//1062 1066//1066 
f 979//979 975//975 1066//1066 
f 980//980 979//979 1067//1067 
f 979//979 1066//1066 1067//1067 
f 985//985 1068//1068 991//991 
f 985//985 980//980 1068//1068 
f 980//980 1067//1067 1068//1068 
f 991//991 981//981 986//986 
f 991//991 1068//1068 981//981 
f 1068//1068 1069//1069 981//981 
f 1063//1063 984//984 982//982 
f 1063//1063 982//982 1069//1069 
f 1069//1069 982//982 981//981 
f 976//976 982//982 984//984 
f 983//983 1070//1070 1077//1077 
f 987//987 983//983 1077//1077 
f 1064//1064 983//983 977//977 
f 1070//1070 983//983 1064//1064 
f 978//978 988//988 1065//1065 
f 1065//1065 988//988 1078//1078 
f 985//985 991//991 989//989 
f 986//986 989//989 991//991 
f 987//987 1077//1077 992//992 
f 1077//1077 1081//1081 992//992 
f 988//988 1079//1079 1078//1078 
f 990//990 1079//1079 988//988 
f 1079//1079 990//990 993//993 
f 1082//1082 1079//1079 993//993 
f 992//992 1081//1081 994//994 
f 1081//1081 1085//1085 994//994 
f 993//993 995//995 1082//1082 
f 1082//1082 995//995 1086//1086 
f 994//994 1085//1085 997//997 
f 1085//1085 1090//1090 997//997 
f 996//996 1091//1091 1087//1087 
f 998//998 1091//1091 996//996 
f 1086//1086 995//995 996//996 
f 1087//1087 1086//1086 996//996 
f 997//997 1090//1090 999//999 
f 1090//1090 1093//1093 999//999 
f 1003//1003 1094//1094 1092//1092 
f 1003//1003 1092//1092 1091//1091 
f 1003//1003 1091//1091 1000//1000 
f 1000//1000 1091//1091 998//998 
f 999//999 1093//1093 1095//1095 
f 1001//1001 999//999 1095//1095 
f 1095//1095 1004//1004 1001//1001 
f 1097//1097 1004//1004 1095//1095 
f 1002//1002 1094//1094 1003//1003 
f 1002//1002 1005//1005 1094//1094 
f 1005//1005 1098//1098 1094//1094 
f 1000//1000 1002//1002 1003//1003 
f 1004//1004 1097//1097 1099//1099 
f 1006//1006 1004//1004 1099//1099 
f 1007//1007 1006//1006 1100//1100 
f 1006//1006 1099//1099 1100//1100 
f 1010//1010 1101//1101 1013//1013 
f 1010//1010 1007//1007 1101//1101 
f 1007//1007 1100//1100 1101//1101 
f 1013//1013 1008//1008 1011//1011 
f 1013//1013 1101//1101 1008//1008 
f 1101//1101 1102//1102 1008//1008 
f 1009//1009 1008//1008 1103//1103 
f 1008//1008 1102//1102 1103//1103 
f 1098//1098 1005//1005 1009//1009 
f 1103//1103 1098//1098 1009//1009 
f 1010//1010 1013//1013 1012//1012 
f 1011//1011 1012//1012 1013//1013 
f 1014//1014 1021//1021 1015//1015 
f 1014//1014 1016//1016 1021//1021 
f 1017//1017 1026//1026 1022//1022 
f 1109//1109 1026//1026 1017//1017 
f 1109//1109 1017//1017 1106//1106 
f 1106//1106 1017//1017 1018//1018 
f 1021//1021 1018//1018 1015//1015 
f 1021//1021 1107//1107 1018//1018 
f 1107//1107 1106//1106 1018//1018 
f 1016//1016 1107//1107 1021//1021 
f 1016//1016 1019//1019 1107//1107 
f 1019//1019 1108//1108 1107//1107 
f 1027//1027 1110//1110 1108//1108 
f 1027//1027 1108//1108 1020//1020 
f 1020//1020 1108//1108 1019//1019 
f 1020//1020 1023//1023 1027//1027 
f 1024//1024 1030//1030 1028//1028 
f 1024//1024 1116//1116 1030//1030 
f 1022//1022 1116//1116 1024//1024 
f 1022//1022 1111//1111 1116//1116 
f 1022//1022 1026//1026 1111//1111 
f 1109//1109 1111//1111 1026//1026 
f 1027//1027 1112//1112 1110//1110 
f 1031//1031 1117//1117 1112//1112 
f 1025//1025 1031//1031 1112//1112 
f 1025//1025 1112//1112 1027//1027 
f 1025//1025 1027//1027 1023//1023 
f 1025//1025 1029//1029 1031//1031 
f 1030//1030 1034//1034 1032//1032 
f 1028//1028 1030//1030 1032//1032 
f 1121//1121 1030//1030 1116//1116 
f 1034//1034 1030//1030 1121//1121 
f 1035//1035 1117//1117 1031//1031 
f 1122//1122 1117//1117 1035//1035 
f 1029//1029 1033//1033 1035//1035 
f 1031//1031 1029//1029 1035//1035 
f 1034//1034 1038//1038 1036//1036 
f 1032//1032 1034//1034 1036//1036 
f 1125//1125 1034//1034 1121//1121 
f 1038//1038 1034//1034 1125//1125 
f 1039//1039 1122//1122 1035//1035 
f 1126//1126 1122//1122 1039//1039 
f 1033//1033 1037//1037 1039//1039 
f 1035//1035 1033//1033 1039//1039 
f 1038//1038 1047//1047 1040//1040 
f 1036//1036 1038//1038 1040//1040 
f 1128//1128 1038//1038 1125//1125 
f 1047//1047 1038//1038 1128//1128 
f 1048//1048 1126//1126 1039//1039 
f 1129//1129 1126//1126 1048//1048 
f 1037//1037 1041//1041 1048//1048 
f 1039//1039 1037//1037 1048//1048 
f 1040//1040 1047//1047 1042//1042 
f 1049//1049 1130//1130 1057//1057 
f 1042//1042 1130//1130 1049//1049 
f 1042//1042 1128//1128 1130//1130 
f 1042//1042 1047//1047 1128//1128 
f 1130//1130 1136//1136 1057//1057 
f 1058//1058 1137//1137 1131//1131 
f 1129//1129 1058//1058 1131//1131 
f 1048//1048 1058//1058 1129//1129 
f 1048//1048 1050//1050 1058//1058 
f 1048//1048 1043//1043 1050//1050 
f 1041//1041 1043//1043 1048//1048 
f 1044//1044 1059//1059 1051//1051 
f 1044//1044 1045//1045 1060//1060 
f 1059//1059 1044//1044 1060//1060 
f 1045//1045 1046//1046 1061//1061 
f 1060//1060 1045//1045 1061//1061 
f 1046//1046 1052//1052 1061//1061 
f 1057//1057 1071//1071 1062//1062 
f 1049//1049 1057//1057 1062//1062 
f 1138//1138 1057//1057 1136//1136 
f 1138//1138 1072//1072 1057//1057 
f 1072//1072 1071//1071 1057//1057 
f 1072//1072 1139//1139 1073//1073 
f 1138//1138 1139//1139 1072//1072 
f 1073//1073 1140//1140 1074//1074 
f 1139//1139 1140//1140 1073//1073 
f 1137//1137 1074//1074 1140//1140 
f 1058//1058 1074//1074 1137//1137 
f 1058//1058 1063//1063 1074//1074 
f 1058//1058 1053//1053 1063//1063 
f 1050//1050 1053//1053 1058//1058 
f 1054//1054 1075//1075 1064//1064 
f 1148//1148 1075//1075 1054//1054 
f 1148//1148 1054//1054 1141//1141 
f 1141//1141 1054//1054 1055//1055 
f 1059//1059 1055//1055 1051//1051 
f 1059//1059 1142//1142 1055//1055 
f 1142//1142 1141//1141 1055//1055 
f 1060//1060 1142//1142 1059//1059 
f 1143//1143 1142//1142 1060//1060 
f 1061//1061 1143//1143 1060//1060 
f 1144//1144 1143//1143 1061//1061 
f 1076//1076 1149//1149 1144//1144 
f 1056//1056 1076//1076 1144//1144 
f 1056//1056 1144//1144 1061//1061 
f 1056//1056 1061//1061 1052//1052 
f 1056//1056 1065//1065 1076//1076 
f 1062//1062 1071//1071 1066//1066 
f 1067//1067 1066//1066 1071//1071 
f 1072//1072 1067//1067 1071//1071 
f 1068//1068 1067//1067 1072//1072 
f 1073//1073 1068//1068 1072//1072 
f 1069//1069 1068//1068 1073//1073 
f 1074//1074 1069//1069 1073//1073 
f 1063//1063 1069//1069 1074//1074 
f 1070//1070 1080//1080 1077//1077 
f 1070//1070 1154//1154 1080//1080 
f 1064//1064 1154//1154 1070//1070 
f 1064//1064 1150//1150 1154//1154 
f 1064//1064 1075//1075 1150//1150 
f 1148//1148 1150//1150 1075//1075 
f 1076//1076 1151//1151 1149//1149 
f 1151//1151 1076//1076 1065//1065 
f 1151//1151 1065//1065 1155//1155 
f 1155//1155 1065//1065 1078//1078 
f 1080//1080 1083//1083 1081//1081 
f 1077//1077 1080//1080 1081//1081 
f 1158//1158 1080//1080 1154//1154 
f 1083//1083 1080//1080 1158//1158 
f 1084//1084 1078//1078 1079//1079 
f 1084//1084 1159//1159 1078//1078 
f 1159//1159 1155//1155 1078//1078 
f 1079//1079 1082//1082 1084//1084 
f 1083//1083 1088//1088 1085//1085 
f 1081//1081 1083//1083 1085//1085 
f 1162//1162 1083//1083 1158//1158 
f 1088//1088 1083//1083 1162//1162 
f 1089//1089 1159//1159 1084//1084 
f 1163//1163 1159//1159 1089//1089 
f 1082//1082 1086//1086 1089//1089 
f 1084//1084 1082//1082 1089//1089 
f 1088//1088 1164//1164 1166//1166 
f 1088//1088 1166//1166 1085//1085 
f 1085//1085 1166//1166 1090//1090 
f 1162//1162 1164//1164 1088//1088 
f 1087//1087 1163//1163 1089//1089 
f 1087//1087 1091//1091 1163//1163 
f 1091//1091 1167//1167 1163//1163 
f 1086//1086 1087//1087 1089//1089 
f 1168//1168 1096//1096 1093//1093 
f 1168//1168 1093//1093 1166//1166 
f 1166//1166 1093//1093 1090//1090 
f 1168//1168 1172//1172 1096//1096 
f 1092//1092 1173//1173 1169//1169 
f 1094//1094 1173//1173 1092//1092 
f 1167//1167 1091//1091 1092//1092 
f 1169//1169 1167//1167 1092//1092 
f 1093//1093 1096//1096 1095//1095 
f 1097//1097 1174//1174 1104//1104 
f 1095//1095 1174//1174 1097//1097 
f 1095//1095 1172//1172 1174//1174 
f 1095//1095 1096//1096 1172//1172 
f 1174//1174 1178//1178 1104//1104 
f 1105//1105 1179//1179 1175//1175 
f 1105//1105 1175//1175 1173//1173 
f 1105//1105 1173//1173 1098//1098 
f 1098//1098 1173//1173 1094//1094 
f 1097//1097 1104//1104 1099//1099 
f 1104//1104 1178//1178 1180//1180 
f 1104//1104 1180//1180 1099//1099 
f 1099//1099 1180//1180 1100//1100 
f 1101//1101 1100//1100 1181//1181 
f 1100//1100 1180//1180 1181//1181 
f 1102//1102 1101//1101 1182//1182 
f 1101//1101 1181//1181 1182//1182 
f 1179//1179 1105//1105 1103//1103 
f 1179//1179 1103//1103 1182//1182 
f 1182//1182 1103//1103 1102//1102 
f 1098//1098 1103//1103 1105//1105 
f 1106//1106 1113//1113 1109//1109 
f 1106//1106 1107//1107 1114//1114 
f 1113//1113 1106//1106 1114//1114 
f 1107//1107 1108//1108 1115//1115 
f 1114//1114 1107//1107 1115//1115 
f 1108//1108 1110//1110 1115//1115 
f 1111//1111 1118//1118 1116//1116 
f 1111//1111 1188//1188 1118//1118 
f 1109//1109 1188//1188 1111//1111 
f 1109//1109 1186//1186 1188//1188 
f 1109//1109 1113//1113 1186//1186 
f 1114//1114 1186//1186 1113//1113 
f 1187//1187 1186//1186 1114//1114 
f 1187//1187 1119//1119 1189//1189 
f 1187//1187 1114//1114 1119//1119 
f 1114//1114 1115//1115 1119//1119 
f 1110//1110 1112//1112 1120//1120 
f 1110//1110 1120//1120 1115//1115 
f 1115//1115 1120//1120 1119//1119 
f 1112//1112 1117//1117 1120//1120 
f 1118//1118 1123//1123 1121//1121 
f 1116//1116 1118//1118 1121//1121 
f 1193//1193 1118//1118 1188//1188 
f 1123//1123 1118//1118 1193//1193 
f 1119//1119 1190//1190 1189//1189 
f 1190//1190 1124//1124 1194//1194 
f 1190//1190 1119//1119 1124//1124 
f 1119//1119 1120//1120 1124//1124 
f 1117//1117 1122//1122 1124//1124 
f 1120//1120 1117//1117 1124//1124 
f 1123//1123 1195//1195 1199//1199 
f 1123//1123 1199//1199 1121//1121 
f 1121//1121 1199//1199 1125//1125 
f 1193//1193 1195//1195 1123//1123 
f 1127//1127 1194//1194 1124//1124 
f 1200//1200 1194//1194 1127//1127 
f 1122//1122 1126//1126 1127//1127 
f 1124//1124 1122//1122 1127//1127 
f 1201//1201 1132//1132 1128//1128 
f 1201//1201 1128//1128 1199//1199 
f 1199//1199 1128//1128 1125//1125 
f 1201//1201 1208//1208 1132//1132 
f 1133//1133 1209//1209 1202//1202 
f 1133//1133 1203//1203 1134//1134 
f 1202//1202 1203//1203 1133//1133 
f 1200//1200 1134//1134 1203//1203 
f 1200//1200 1127//1127 1134//1134 
f 1127//1127 1135//1135 1134//1134 
f 1126//1126 1129//1129 1135//1135 
f 1127//1127 1126//1126 1135//1135 
f 1128//1128 1132//1132 1130//1130 
f 1136//1136 1210//1210 1145//1145 
f 1130//1130 1210//1210 1136//1136 
f 1130//1130 1208//1208 1210//1210 
f 1130//1130 1132//1132 1208//1208 
f 1209//1209 1145//1145 1210//1210 
f 1209//1209 1133//1133 1145//1145 
f 1133//1133 1146//1146 1145//1145 
f 1134//1134 1147//1147 1133//1133 
f 1147//1147 1146//1146 1133//1133 
f 1131//1131 1137//1137 1147//1147 
f 1131//1131 1147//1147 1135//1135 
f 1135//1135 1147//1147 1134//1134 
f 1129//1129 1131//1131 1135//1135 
f 1136//1136 1145//1145 1138//1138 
f 1139//1139 1138//1138 1145//1145 
f 1146//1146 1139//1139 1145//1145 
f 1140//1140 1139//1139 1146//1146 
f 1147//1147 1140//1140 1146//1146 
f 1137//1137 1140//1140 1147//1147 
f 1141//1141 1152//1152 1148//1148 
f 1214//1214 1152//1152 1141//1141 
f 1214//1214 1141//1141 1212//1212 
f 1212//1212 1141//1141 1142//1142 
f 1143//1143 1213//1213 1142//1142 
f 1142//1142 1213//1213 1212//1212 
f 1153//1153 1215//1215 1213//1213 
f 1153//1153 1213//1213 1144//1144 
f 1144//1144 1213//1213 1143//1143 
f 1144//1144 1149//1149 1153//1153 
f 1150//1150 1156//1156 1154//1154 
f 1150//1150 1220//1220 1156//1156 
f 1148//1148 1220//1220 1150//1150 
f 1148//1148 1216//1216 1220//1220 
f 1148//1148 1152//1152 1216//1216 
f 1214//1214 1216//1216 1152//1152 
f 1153//1153 1217//1217 1215//1215 
f 1157//1157 1221//1221 1217//1217 
f 1151//1151 1157//1157 1217//1217 
f 1151//1151 1217//1217 1153//1153 
f 1151//1151 1153//1153 1149//1149 
f 1151//1151 1155//1155 1157//1157 
f 1156//1156 1160//1160 1158//1158 
f 1154//1154 1156//1156 1158//1158 
f 1226//1226 1156//1156 1220//1220 
f 1160//1160 1156//1156 1226//1226 
f 1161//1161 1221//1221 1157//1157 
f 1227//1227 1221//1221 1161//1161 
f 1155//1155 1159//1159 1161//1161 
f 1157//1157 1155//1155 1161//1161 
f 1160//1160 1228//1228 1232//1232 
f 1160//1160 1232//1232 1158//1158 
f 1158//1158 1232//1232 1162//1162 
f 1226//1226 1228//1228 1160//1160 
f 1165//1165 1227//1227 1161//1161 
f 1233//1233 1227//1227 1165//1165 
f 1159//1159 1163//1163 1165//1165 
f 1161//1161 1159//1159 1165//1165 
f 1164//1164 1170//1170 1166//1166 
f 1164//1164 1236//1236 1170//1170 
f 1164//1164 1162//1162 1236//1236 
f 1162//1162 1232//1232 1236//1236 
f 1171//1171 1233//1233 1165//1165 
f 1237//1237 1233//1233 1171//1171 
f 1163//1163 1167//1167 1171//1171 
f 1165//1165 1163//1163 1171//1171 
f 1166//1166 1170//1170 1168//1168 
f 1172//1172 1238//1238 1176//1176 
f 1168//1168 1238//1238 1172//1172 
f 1168//1168 1236//1236 1238//1238 
f 1168//1168 1170//1170 1236//1236 
f 1238//1238 1245//1245 1176//1176 
f 1177//1177 1246//1246 1239//1239 
f 1237//1237 1177//1177 1239//1239 
f 1171//1171 1177//1177 1237//1237 
f 1171//1171 1173//1173 1177//1177 
f 1171//1171 1169//1169 1173//1173 
f 1167//1167 1169//1169 1171//1171 
f 1172//1172 1176//1176 1174//1174 
f 1178//1178 1247//1247 1183//1183 
f 1174//1174 1247//1247 1178//1178 
f 1174//1174 1245//1245 1247//1247 
f 1174//1174 1176//1176 1245//1245 
f 1183//1183 1248//1248 1184//1184 
f 1247//1247 1248//1248 1183//1183 
f 1184//1184 1249//1249 1185//1185 
f 1248//1248 1249//1249 1184//1184 
f 1246//1246 1185//1185 1249//1249 
f 1177//1177 1185//1185 1246//1246 
f 1177//1177 1179//1179 1185//1185 
f 1177//1177 1175//1175 1179//1179 
f 1173//1173 1175//1175 1177//1177 
f 1178//1178 1183//1183 1180//1180 
f 1181//1181 1180//1180 1183//1183 
f 1184//1184 1181//1181 1183//1183 
f 1182//1182 1181//1181 1184//1184 
f 1185//1185 1182//1182 1184//1184 
f 1179//1179 1182//1182 1185//1185 
f 1186//1186 1191//1191 1188//1188 
f 1186//1186 1187//1187 1192//1192 
f 1191//1191 1186//1186 1192//1192 
f 1187//1187 1189//1189 1192//1192 
f 1191//1191 1196//1196 1193//1193 
f 1188//1188 1191//1191 1193//1193 
f 1192//1192 1197//1197 1191//1191 
f 1197//1197 1196//1196 1191//1191 
f 1189//1189 1190//1190 1198//1198 
f 1189//1189 1198//1198 1192//1192 
f 1192//1192 1198//1198 1197//1197 
f 1190//1190 1194//1194 1198//1198 
f 1195//1195 1204//1204 1199//1199 
f 1195//1195 1193//1193 1196//1196 
f 1195//1195 1196//1196 1204//1204 
f 1204//1204 1196//1196 1205//1205 
f 1197//1197 1206//1206 1196//1196 
f 1206//1206 1205//1205 1196//1196 
f 1198//1198 1207//1207 1197//1197 
f 1207//1207 1206//1206 1197//1197 
f 1194//1194 1200//1200 1207//1207 
f 1198//1198 1194//1194 1207//1207 
f 1199//1199 1204//1204 1201//1201 
f 1208//1208 1201//1201 1204//1204 
f 1208//1208 1204//1204 1211//1211 
f 1211//1211 1204//1204 1205//1205 
f 1202//1202 1209//1209 1211//1211 
f 1202//1202 1211//1211 1206//1206 
f 1206//1206 1211//1211 1205//1205 
f 1203//1203 1202//1202 1206//1206 
f 1207//1207 1203//1203 1206//1206 
f 1200//1200 1203//1203 1207//1207 
f 1208//1208 1211//1211 1210//1210 
f 1209//1209 1210//1210 1211//1211 
f 1212//1212 1218//1218 1214//1214 
f 1212//1212 1213//1213 1219//1219 
f 1218//1218 1212//1212 1219//1219 
f 1213//1213 1215//1215 1219//1219 
f 1216//1216 1222//1222 1220//1220 
f 1216//1216 1214//1214 1218//1218 
f 1216//1216 1218//1218 1222//1222 
f 1222//1222 1218//1218 1223//1223 
f 1219//1219 1224//1224 1218//1218 
f 1224//1224 1223//1223 1218//1218 
f 1215//1215 1217//1217 1225//1225 
f 1215//1215 1225//1225 1219//1219 
f 1219//1219 1225//1225 1224//1224 
f 1217//1217 1221//1221 1225//1225 
f 1222//1222 1229//1229 1226//1226 
f 1220//1220 1222//1222 1226//1226 
f 1254//1254 1223//1223 1253//1253 
f 1254//1254 1229//1229 1223//1223 
f 1229//1229 1222//1222 1223//1223 
f 1253//1253 1230//1230 1255//1255 
f 1253//1253 1223//1223 1230//1230 
f 1223//1223 1224//1224 1230//1230 
f 1225//1225 1231//1231 1224//1224 
f 1231//1231 1230//1230 1224//1224 
f 1221//1221 1227//1227 1231//1231 
f 1225//1225 1221//1221 1231//1231 
f 1228//1228 1234//1234 1232//1232 
f 1228//1228 1259//1259 1234//1234 
f 1226//1226 1259//1259 1228//1228 
f 1226//1226 1256//1256 1259//1259 
f 1226//1226 1229//1229 1256//1256 
f 1254//1254 1256//1256 1229//1229 
f 1230//1230 1257//1257 1255//1255 
f 1257//1257 1235//1235 1260//1260 
f 1257//1257 1230//1230 1235//1235 
f 1230//1230 1231//1231 1235//1235 
f 1227//1227 1233//1233 1235//1235 
f 1231//1231 1227//1227 1235//1235 
f 1234//1234 1240//1240 1236//1236 
f 1232//1232 1234//1234 1236//1236 
f 1261//1261 1234//1234 1259//1259 
f 1261//1261 1241//1241 1234//1234 
f 1241//1241 1240//1240 1234//1234 
f 1241//1241 1262//1262 1242//1242 
f 1261//1261 1262//1262 1241//1241 
f 1242//1242 1263//1263 1243//1243 
f 1262//1262 1263//1263 1242//1242 
f 1260//1260 1243//1243 1263//1263 
f 1260//1260 1235//1235 1243//1243 
f 1235//1235 1244//1244 1243//1243 
f 1233//1233 1237//1237 1244//1244 
f 1235//1235 1233//1233 1244//1244 
f 1236//1236 1240//1240 1238//1238 
f 1245//1245 1238//1238 1240//1240 
f 1245//1245 1240//1240 1250//1250 
f 1250//1250 1240//1240 1241//1241 
f 1242//1242 1251//1251 1241//1241 
f 1251//1251 1250//1250 1241//1241 
f 1243//1243 1252//1252 1242//1242 
f 1252//1252 1251//1251 1242//1242 
f 1239//1239 1246//1246 1252//1252 
f 1239//1239 1252//1252 1244//1244 
f 1244//1244 1252//1252 1243//1243 
f 1237//1237 1239//1239 1244//1244 
f 1245//1245 1250//1250 1247//1247 
f 1248//1248 1247//1247 1250//1250 
f 1251//1251 1248//1248 1250//1250 
f 1249//1249 1248//1248 1251//1251 
f 1252//1252 1249//1249 1251//1251 
f 1246//1246 1249//1249 1252//1252 
f 1253//1253 1258//1258 1254//1254 
f 1253//1253 1255//1255 1258//1258 
f 1256//1256 1264//1264 1259//1259 
f 1256//1256 1254//1254 1258//1258 
f 1256//1256 1258//1258 1264//1264 
f 1264//1264 1258//1258 1265//1265 
f 1255//1255 1257//1257 1266//1266 
f 1255//1255 1266//1266 1258//1258 
f 1258//1258 1266//1266 1265//1265 
f 1257//1257 1260//1260 1266//1266 
f 1259//1259 1264//1264 1261//1261 
f 1262//1262 1261//1261 1264//1264 
f 1265//1265 1262//1262 1264//1264 
f 1263//1263 1262//1262 1265//1265 
f 1266//1266 1263//1263 1265//1265 
f 1260//1260 1263//1263 1266//1266 
f 1267//1267 1281//1281 1289//1289 
f 1267//1267 1268//1268 1282//1282 
f 1281//1281 1267//1267 1282//1282 
f 1268//1268 1269//1269 1283//1283 
f 1282//1282 1268//1268 1283//1283 
f 1283//1283 1269//1269 1290//1290 
f 1270//1270 1291//1291 1295//1295 
f 1289//1289 1291//1291 1270//1270 
f 1289//1289 1270//1270 1267//1267 
f 1267//1267 1270//1270 1271//1271 
f 1268//1268 1267//1267 1272//1272 
f 1272//1272 1267//1267 1271//1271 
f 1269//1269 1268//1268 1273//1273 
f 1273//1273 1268//1268 1272//1272 
f 1296//1296 1290//1290 1269//1269 
f 1273//1273 1296//1296 1269//1269 
f 1274//1274 1270//1270 1295//1295 
f 1299//1299 1274//1274 1295//1295 
f 1271//1271 1270//1270 1275//1275 
f 1275//1275 1270//1270 1274//1274 
f 1272//1272 1271//1271 1276//1276 
f 1276//1276 1271//1271 1275//1275 
f 1273//1273 1272//1272 1277//1277 
f 1277//1277 1272//1272 1276//1276 
f 1300//1300 1296//1296 1273//1273 
f 1277//1277 1300//1300 1273//1273 
f 1274//1274 1299//1299 1301//1301 
f 1275//1275 1274//1274 1301//1301 
f 1302//1302 1275//1275 1301//1301 
f 1302//1302 1305//1305 1278//1278 
f 1302//1302 1278//1278 1275//1275 
f 1275//1275 1278//1278 1276//1276 
f 1306//1306 1303//1303 1277//1277 
f 1306//1306 1277//1277 1278//1278 
f 1278//1278 1277//1277 1276//1276 
f 1300//1300 1277//1277 1303//1303 
f 1278//1278 1305//1305 1307//1307 
f 1306//1306 1278//1278 1307//1307 
f 1279//1279 1312//1312 1314//1314 
f 1279//1279 1280//1280 1313//1313 
f 1312//1312 1279//1279 1313//1313 
f 1313//1313 1280//1280 1315//1315 
f 1284//1284 1316//1316 1321//1321 
f 1314//1314 1316//1316 1284//1284 
f 1314//1314 1284//1284 1279//1279 
f 1279//1279 1284//1284 1285//1285 
f 1280//1280 1279//1279 1286//1286 
f 1286//1286 1279//1279 1285//1285 
f 1317//1317 1315//1315 1280//1280 
f 1317//1317 1280//1280 1287//1287 
f 1287//1287 1280//1280 1286//1286 
f 1287//1287 1288//1288 1318//1318 
f 1317//1317 1287//1287 1318//1318 
f 1318//1318 1288//1288 1322//1322 
f 1292//1292 1323//1323 1325//1325 
f 1321//1321 1323//1323 1292//1292 
f 1321//1321 1292//1292 1284//1284 
f 1284//1284 1292//1292 1293//1293 
f 1281//1281 1293//1293 1289//1289 
f 1281//1281 1285//1285 1293//1293 
f 1285//1285 1284//1284 1293//1293 
f 1282//1282 1285//1285 1281//1281 
f 1286//1286 1285//1285 1282//1282 
f 1283//1283 1286//1286 1282//1282 
f 1287//1287 1286//1286 1283//1283 
f 1290//1290 1287//1287 1283//1283 
f 1290//1290 1294//1294 1287//1287 
f 1294//1294 1288//1288 1287//1287 
f 1326//1326 1322//1322 1288//1288 
f 1294//1294 1326//1326 1288//1288 
f 1297//1297 1292//1292 1325//1325 
f 1328//1328 1297//1297 1325//1325 
f 1291//1291 1297//1297 1295//1295 
f 1291//1291 1293//1293 1297//1297 
f 1293//1293 1292//1292 1297//1297 
f 1289//1289 1293//1293 1291//1291 
f 1294//1294 1296//1296 1298//1298 
f 1290//1290 1296//1296 1294//1294 
f 1329//1329 1326//1326 1294//1294 
f 1298//1298 1329//1329 1294//1294 
f 1297//1297 1328//1328 1330//1330 
f 1330//1330 1295//1295 1297//1297 
f 1330//1330 1332//1332 1295//1295 
f 1332//1332 1299//1299 1295//1295 
f 1298//1298 1300//1300 1304//1304 
f 1296//1296 1300//1300 1298//1298 
f 1333//1333 1329//1329 1298//1298 
f 1304//1304 1333//1333 1298//1298 
f 1308//1308 1301//1301 1299//1299 
f 1308//1308 1299//1299 1337//1337 
f 1337//1337 1299//1299 1332//1332 
f 1301//1301 1309//1309 1302//1302 
f 1308//1308 1309//1309 1301//1301 
f 1302//1302 1309//1309 1305//1305 
f 1303//1303 1306//1306 1310//1310 
f 1303//1303 1310//1310 1338//1338 
f 1300//1300 1303//1303 1338//1338 
f 1300//1300 1338//1338 1334//1334 
f 1300//1300 1334//1334 1304//1304 
f 1333//1333 1304//1304 1334//1334 
f 1308//1308 1337//1337 1339//1339 
f 1309//1309 1308//1308 1339//1339 
f 1340//1340 1309//1309 1339//1339 
f 1311//1311 1340//1340 1344//1344 
f 1307//1307 1340//1340 1311//1311 
f 1307//1307 1309//1309 1340//1340 
f 1307//1307 1305//1305 1309//1309 
f 1307//1307 1311//1311 1345//1345 
f 1306//1306 1307//1307 1345//1345 
f 1306//1306 1345//1345 1341//1341 
f 1306//1306 1341//1341 1310//1310 
f 1338//1338 1310//1310 1341//1341 
f 1311//1311 1344//1344 1346//1346 
f 1345//1345 1311//1311 1346//1346 
f 1312//1312 1351//1351 1357//1357 
f 1314//1314 1312//1312 1357//1357 
f 1313//1313 1352//1352 1312//1312 
f 1312//1312 1352//1352 1351//1351 
f 1315//1315 1319//1319 1353//1353 
f 1315//1315 1353//1353 1313//1313 
f 1313//1313 1353//1353 1352//1352 
f 1319//1319 1320//1320 1354//1354 
f 1353//1353 1319//1319 1354//1354 
f 1354//1354 1320//1320 1358//1358 
f 1316//1316 1359//1359 1361//1361 
f 1321//1321 1316//1316 1361//1361 
f 1357//1357 1316//1316 1314//1314 
f 1359//1359 1316//1316 1357//1357 
f 1315//1315 1317//1317 1319//1319 
f 1318//1318 1319//1319 1317//1317 
f 1320//1320 1319//1319 1318//1318 
f 1322//1322 1324//1324 1360//1360 
f 1318//1318 1322//1322 1360//1360 
f 1318//1318 1360//1360 1358//1358 
f 1318//1318 1358//1358 1320//1320 
f 1360//1360 1324//1324 1362//1362 
f 1323//1323 1363//1363 1365//1365 
f 1325//1325 1323//1323 1365//1365 
f 1361//1361 1323//1323 1321//1321 
f 1363//1363 1323//1323 1361//1361 
f 1324//1324 1326//1326 1327//1327 
f 1322//1322 1326//1326 1324//1324 
f 1366//1366 1362//1362 1324//1324 
f 1327//1327 1366//1366 1324//1324 
f 1325//1325 1365//1365 1328//1328 
f 1365//1365 1367//1367 1328//1328 
f 1327//1327 1329//1329 1331//1331 
f 1326//1326 1329//1329 1327//1327 
f 1368//1368 1366//1366 1327//1327 
f 1331//1331 1368//1368 1327//1327 
f 1335//1335 1330//1330 1328//1328 
f 1335//1335 1328//1328 1370//1370 
f 1370//1370 1328//1328 1367//1367 
f 1330//1330 1335//1335 1332//1332 
f 1331//1331 1333//1333 1336//1336 
f 1329//1329 1333//1333 1331//1331 
f 1371//1371 1368//1368 1331//1331 
f 1336//1336 1371//1371 1331//1331 
f 1342//1342 1335//1335 1370//1370 
f 1373//1373 1342//1342 1370//1370 
f 1332//1332 1342//1342 1337//1337 
f 1335//1335 1342//1342 1332//1332 
f 1334//1334 1338//1338 1343//1343 
f 1334//1334 1343//1343 1374//1374 
f 1333//1333 1334//1334 1374//1374 
f 1333//1333 1374//1374 1372//1372 
f 1333//1333 1372//1372 1336//1336 
f 1371//1371 1336//1336 1372//1372 
f 1342//1342 1373//1373 1375//1375 
f 1347//1347 1375//1375 1377//1377 
f 1339//1339 1375//1375 1347//1347 
f 1339//1339 1342//1342 1375//1375 
f 1339//1339 1337//1337 1342//1342 
f 1339//1339 1348//1348 1340//1340 
f 1347//1347 1348//1348 1339//1339 
f 1340//1340 1348//1348 1344//1344 
f 1341//1341 1345//1345 1349//1349 
f 1341//1341 1349//1349 1378//1378 
f 1338//1338 1341//1341 1378//1378 
f 1338//1338 1378//1378 1376//1376 
f 1338//1338 1376//1376 1343//1343 
f 1374//1374 1343//1343 1376//1376 
f 1347//1347 1377//1377 1379//1379 
f 1348//1348 1347//1347 1379//1379 
f 1380//1380 1348//1348 1379//1379 
f 1350//1350 1380//1380 1383//1383 
f 1346//1346 1380//1380 1350//1350 
f 1346//1346 1348//1348 1380//1380 
f 1346//1346 1344//1344 1348//1348 
f 1346//1346 1350//1350 1384//1384 
f 1345//1345 1346//1346 1384//1384 
f 1345//1345 1384//1384 1381//1381 
f 1345//1345 1381//1381 1349//1349 
f 1378//1378 1349//1349 1381//1381 
f 1350//1350 1383//1383 1385//1385 
f 1384//1384 1350//1350 1385//1385 
f 1355//1355 1387//1387 1389//1389 
f 1355//1355 1356//1356 1388//1388 
f 1387//1387 1355//1355 1388//1388 
f 1388//1388 1356//1356 1390//1390 
f 1351//1351 1391//1391 1393//1393 
f 1357//1357 1351//1351 1393//1393 
f 1389//1389 1352//1352 1355//1355 
f 1389//1389 1391//1391 1352//1352 
f 1391//1391 1351//1351 1352//1352 
f 1353//1353 1355//1355 1352//1352 
f 1356//1356 1355//1355 1353//1353 
f 1356//1356 1392//1392 1390//1390 
f 1356//1356 1353//1353 1392//1392 
f 1353//1353 1354//1354 1392//1392 
f 1392//1392 1354//1354 1358//1358 
f 1394//1394 1392//1392 1358//1358 
f 1364//1364 1395//1395 1398//1398 
f 1364//1364 1361//1361 1359//1359 
f 1364//1364 1359//1359 1395//1395 
f 1395//1395 1359//1359 1396//1396 
f 1393//1393 1359//1359 1357//1357 
f 1396//1396 1359//1359 1393//1393 
f 1358//1358 1397//1397 1394//1394 
f 1360//1360 1397//1397 1358//1358 
f 1397//1397 1360//1360 1362//1362 
f 1399//1399 1397//1397 1362//1362 
f 1363//1363 1364//1364 1398//1398 
f 1363//1363 1398//1398 1365//1365 
f 1365//1365 1398//1398 1400//1400 
f 1361//1361 1364//1364 1363//1363 
f 1362//1362 1366//1366 1399//1399 
f 1399//1399 1366//1366 1401//1401 
f 1369//1369 1402//1402 1403//1403 
f 1369//1369 1400//1400 1402//1402 
f 1369//1369 1367//1367 1400//1400 
f 1367//1367 1365//1365 1400//1400 
f 1366//1366 1368//1368 1401//1401 
f 1401//1401 1368//1368 1404//1404 
f 1369//1369 1403//1403 1405//1405 
f 1405//1405 1367//1367 1369//1369 
f 1405//1405 1406//1406 1367//1367 
f 1406//1406 1370//1370 1367//1367 
f 1368//1368 1371//1371 1404//1404 
f 1404//1404 1371//1371 1407//1407 
f 1370//1370 1406//1406 1373//1373 
f 1406//1406 1410//1410 1373//1373 
f 1372//1372 1411//1411 1408//1408 
f 1374//1374 1411//1411 1372//1372 
f 1407//1407 1371//1371 1372//1372 
f 1408//1408 1407//1407 1372//1372 
f 1373//1373 1410//1410 1412//1412 
f 1375//1375 1373//1373 1412//1412 
f 1412//1412 1377//1377 1375//1375 
f 1414//1414 1377//1377 1412//1412 
f 1376//1376 1378//1378 1382//1382 
f 1376//1376 1382//1382 1415//1415 
f 1376//1376 1415//1415 1374//1374 
f 1374//1374 1415//1415 1411//1411 
f 1377//1377 1414//1414 1416//1416 
f 1379//1379 1377//1377 1416//1416 
f 1380//1380 1379//1379 1417//1417 
f 1379//1379 1416//1416 1417//1417 
f 1417//1417 1383//1383 1380//1380 
f 1419//1419 1383//1383 1417//1417 
f 1381//1381 1384//1384 1386//1386 
f 1381//1381 1386//1386 1420//1420 
f 1378//1378 1381//1381 1420//1420 
f 1378//1378 1420//1420 1418//1418 
f 1378//1378 1418//1418 1382//1382 
f 1415//1415 1382//1382 1418//1418 
f 1383//1383 1419//1419 1421//1421 
f 1385//1385 1383//1383 1421//1421 
f 1386//1386 1384//1384 1385//1385 
f 1386//1386 1385//1385 1422//1422 
f 1422//1422 1385//1385 1421//1421 
f 1420//1420 1386//1386 1422//1422 
f 1387//1387 1423//1423 1425//1425 
f 1389//1389 1387//1387 1425//1425 
f 1388//1388 1424//1424 1387//1387 
f 1387//1387 1424//1424 1423//1423 
f 1424//1424 1388//1388 1390//1390 
f 1426//1426 1424//1424 1390//1390 
f 1391//1391 1427//1427 1431//1431 
f 1393//1393 1391//1391 1431//1431 
f 1425//1425 1391//1391 1389//1389 
f 1427//1427 1391//1391 1425//1425 
f 1390//1390 1428//1428 1426//1426 
f 1392//1392 1428//1428 1390//1390 
f 1428//1428 1392//1392 1394//1394 
f 1432//1432 1428//1428 1394//1394 
f 1395//1395 1433//1433 1436//1436 
f 1398//1398 1395//1395 1436//1436 
f 1396//1396 1434//1434 1395//1395 
f 1395//1395 1434//1434 1433//1433 
f 1431//1431 1396//1396 1393//1393 
f 1434//1434 1396//1396 1431//1431 
f 1394//1394 1435//1435 1432//1432 
f 1397//1397 1435//1435 1394//1394 
f 1435//1435 1397//1397 1399//1399 
f 1437//1437 1435//1435 1399//1399 
f 1398//1398 1436//1436 1400//1400 
f 1436//1436 1439//1439 1400//1400 
f 1399//1399 1401//1401 1437//1437 
f 1437//1437 1401//1401 1440//1440 
f 1402//1402 1441//1441 1442//1442 
f 1403//1403 1402//1402 1442//1442 
f 1439//1439 1402//1402 1400//1400 
f 1441//1441 1402//1402 1439//1439 
f 1401//1401 1404//1404 1440//1440 
f 1440//1440 1404//1404 1443//1443 
f 1409//1409 1405//1405 1403//1403 
f 1409//1409 1403//1403 1445//1445 
f 1445//1445 1403//1403 1442//1442 
f 1405//1405 1409//1409 1406//1406 
f 1404//1404 1407//1407 1443//1443 
f 1443//1443 1407//1407 1446//1446 
f 1409//1409 1445//1445 1447//1447 
f 1447//1447 1406//1406 1409//1409 
f 1447//1447 1449//1449 1406//1406 
f 1449//1449 1410//1410 1406//1406 
f 1408//1408 1411//1411 1413//1413 
f 1408//1408 1413//1413 1450//1450 
f 1408//1408 1450//1450 1407//1407 
f 1407//1407 1450//1450 1446//1446 
f 1410//1410 1449//1449 1451//1451 
f 1412//1412 1410//1410 1451//1451 
f 1451//1451 1414//1414 1412//1412 
f 1454//1454 1414//1414 1451//1451 
f 1413//1413 1455//1455 1452//1452 
f 1413//1413 1411//1411 1455//1455 
f 1411//1411 1415//1415 1455//1455 
f 1450//1450 1413//1413 1452//1452 
f 1414//1414 1454//1454 1456//1456 
f 1416//1416 1414//1414 1456//1456 
f 1417//1417 1416//1416 1457//1457 
f 1416//1416 1456//1456 1457//1457 
f 1457//1457 1419//1419 1417//1417 
f 1461//1461 1419//1419 1457//1457 
f 1418//1418 1462//1462 1458//1458 
f 1420//1420 1462//1462 1418//1418 
f 1455//1455 1415//1415 1418//1418 
f 1458//1458 1455//1455 1418//1418 
f 1419//1419 1461//1461 1463//1463 
f 1421//1421 1419//1419 1463//1463 
f 1422//1422 1421//1421 1464//1464 
f 1421//1421 1463//1463 1464//1464 
f 1462//1462 1420//1420 1422//1422 
f 1464//1464 1462//1462 1422//1422 
f 1423//1423 1429//1429 1425//1425 
f 1423//1423 1424//1424 1430//1430 
f 1429//1429 1423//1423 1430//1430 
f 1424//1424 1426//1426 1430//1430 
f 1427//1427 1467//1467 1471//1471 
f 1431//1431 1427//1427 1471//1471 
f 1429//1429 1427//1427 1425//1425 
f 1429//1429 1468//1468 1427//1427 
f 1468//1468 1467//1467 1427//1427 
f 1430//1430 1468//1468 1429//1429 
f 1469//1469 1468//1468 1430//1430 
f 1426//1426 1469//1469 1430//1430 
f 1426//1426 1428//1428 1469//1469 
f 1428//1428 1470//1470 1469//1469 
f 1470//1470 1428//1428 1432//1432 
f 1472//1472 1470//1470 1432//1432 
f 1433//1433 1438//1438 1436//1436 
f 1478//1478 1438//1438 1433//1433 
f 1478//1478 1433//1433 1473//1473 
f 1473//1473 1433//1433 1434//1434 
f 1471//1471 1434//1434 1431//1431 
f 1473//1473 1434//1434 1471//1471 
f 1432//1432 1474//1474 1472//1472 
f 1435//1435 1474//1474 1432//1432 
f 1474//1474 1435//1435 1437//1437 
f 1479//1479 1474//1474 1437//1437 
f 1438//1438 1480//1480 1482//1482 
f 1438//1438 1482//1482 1436//1436 
f 1436//1436 1482//1482 1439//1439 
f 1478//1478 1480//1480 1438//1438 
f 1437//1437 1440//1440 1479//1479 
f 1479//1479 1440//1440 1483//1483 
f 1441//1441 1444//1444 1442//1442 
f 1441//1441 1486//1486 1444//1444 
f 1441//1441 1439//1439 1486//1486 
f 1439//1439 1482//1482 1486//1486 
f 1440//1440 1443//1443 1483//1483 
f 1483//1483 1443//1443 1487//1487 
f 1444//1444 1448//1448 1445//1445 
f 1442//1442 1444//1444 1445//1445 
f 1490//1490 1444//1444 1486//1486 
f 1448//1448 1444//1444 1490//1490 
f 1443//1443 1446//1446 1487//1487 
f 1487//1487 1446//1446 1491//1491 
f 1445//1445 1448//1448 1447//1447 
f 1448//1448 1449//1449 1447//1447 
f 1448//1448 1490//1490 1449//1449 
f 1490//1490 1494//1494 1449//1449 
f 1453//1453 1495//1495 1492//1492 
f 1453//1453 1492//1492 1491//1491 
f 1453//1453 1491//1491 1450//1450 
f 1450//1450 1491//1491 1446//1446 
f 1449//1449 1494//1494 1496//1496 
f 1451//1451 1449//1449 1496//1496 
f 1454//1454 1497//1497 1459//1459 
f 1454//1454 1451//1451 1497//1497 
f 1451//1451 1496//1496 1497//1497 
f 1497//1497 1500//1500 1459//1459 
f 1460//1460 1501//1501 1498//1498 
f 1495//1495 1460//1460 1498//1498 
f 1453//1453 1460//1460 1495//1495 
f 1453//1453 1455//1455 1460//1460 
f 1453//1453 1452//1452 1455//1455 
f 1450//1450 1452//1452 1453//1453 
f 1454//1454 1459//1459 1456//1456 
f 1459//1459 1500//1500 1502//1502 
f 1459//1459 1502//1502 1456//1456 
f 1456//1456 1502//1502 1457//1457 
f 1461//1461 1503//1503 1465//1465 
f 1461//1461 1457//1457 1503//1503 
f 1457//1457 1502//1502 1503//1503 
f 1465//1465 1504//1504 1466//1466 
f 1503//1503 1504//1504 1465//1465 
f 1501//1501 1466//1466 1504//1504 
f 1460//1460 1466//1466 1501//1501 
f 1460//1460 1462//1462 1466//1466 
f 1460//1460 1458//1458 1462//1462 
f 1455//1455 1458//1458 1460//1460 
f 1461//1461 1465//1465 1463//1463 
f 1464//1464 1463//1463 1465//1465 
f 1466//1466 1464//1464 1465//1465 
f 1462//1462 1464//1464 1466//1466 
f 1467//1467 1475//1475 1471//1471 
f 1508//1508 1475//1475 1467//1467 
f 1508//1508 1467//1467 1507//1507 
f 1507//1507 1467//1467 1468//1468 
f 1476//1476 1509//1509 1507//1507 
f 1476//1476 1507//1507 1469//1469 
f 1469//1469 1507//1507 1468//1468 
f 1469//1469 1470//1470 1477//1477 
f 1476//1476 1469//1469 1477//1477 
f 1470//1470 1472//1472 1477//1477 
f 1473//1473 1510//1510 1515//1515 
f 1478//1478 1473//1473 1515//1515 
f 1475//1475 1473//1473 1471//1471 
f 1475//1475 1511//1511 1473//1473 
f 1511//1511 1510//1510 1473//1473 
f 1508//1508 1511//1511 1475//1475 
f 1476//1476 1512//1512 1509//1509 
f 1477//1477 1512//1512 1476//1476 
f 1513//1513 1512//1512 1477//1477 
f 1481//1481 1516//1516 1513//1513 
f 1474//1474 1481//1481 1513//1513 
f 1474//1474 1513//1513 1477//1477 
f 1474//1474 1477//1477 1472//1472 
f 1474//1474 1479//1479 1481//1481 
f 1480//1480 1484//1484 1482//1482 
f 1480//1480 1522//1522 1484//1484 
f 1480//1480 1478//1478 1522//1522 
f 1478//1478 1515//1515 1522//1522 
f 1485//1485 1516//1516 1481//1481 
f 1523//1523 1516//1516 1485//1485 
f 1479//1479 1483//1483 1485//1485 
f 1481//1481 1479//1479 1485//1485 
f 1484//1484 1488//1488 1486//1486 
f 1482//1482 1484//1484 1486//1486 
f 1526//1526 1484//1484 1522//1522 
f 1488//1488 1484//1484 1526//1526 
f 1489//1489 1523//1523 1485//1485 
f 1527//1527 1523//1523 1489//1489 
f 1483//1483 1487//1487 1489//1489 
f 1485//1485 1483//1483 1489//1489 
f 1488//1488 1528//1528 1531//1531 
f 1488//1488 1531//1531 1486//1486 
f 1486//1486 1531//1531 1490//1490 
f 1526//1526 1528//1528 1488//1488 
f 1493//1493 1527//1527 1489//1489 
f 1532//1532 1527//1527 1493//1493 
f 1487//1487 1491//1491 1493//1493 
f 1489//1489 1487//1487 1493//1493 
f 1533//1533 1499//1499 1494//1494 
f 1533//1533 1494//1494 1531//1531 
f 1531//1531 1494//1494 1490//1490 
f 1533//1533 1537//1537 1499//1499 
f 1492//1492 1532//1532 1493//1493 
f 1492//1492 1495//1495 1532//1532 
f 1495//1495 1538//1538 1532//1532 
f 1491//1491 1492//1492 1493//1493 
f 1494//1494 1499//1499 1496//1496 
f 1499//1499 1537//1537 1539//1539 
f 1499//1499 1539//1539 1496//1496 
f 1496//1496 1539//1539 1497//1497 
f 1539//1539 1500//1500 1497//1497 
f 1548//1548 1500//1500 1539//1539 
f 1505//1505 1549//1549 1540//1540 
f 1505//1505 1541//1541 1506//1506 
f 1540//1540 1541//1541 1505//1505 
f 1506//1506 1498//1498 1501//1501 
f 1506//1506 1541//1541 1498//1498 
f 1541//1541 1542//1542 1498//1498 
f 1538//1538 1495//1495 1498//1498 
f 1542//1542 1538//1538 1498//1498 
f 1500//1500 1548//1548 1550//1550 
f 1502//1502 1500//1500 1550//1550 
f 1549//1549 1505//1505 1503//1503 
f 1549//1549 1503//1503 1550//1550 
f 1550//1550 1503//1503 1502//1502 
f 1504//1504 1503//1503 1505//1505 
f 1506//1506 1504//1504 1505//1505 
f 1501//1501 1504//1504 1506//1506 
f 1507//1507 1514//1514 1508//1508 
f 1507//1507 1509//1509 1514//1514 
f 1510//1510 1517//1517 1515//1515 
f 1510//1510 1511//1511 1518//1518 
f 1517//1517 1510//1510 1518//1518 
f 1511//1511 1508//1508 1514//1514 
f 1511//1511 1514//1514 1518//1518 
f 1518//1518 1514//1514 1519//1519 
f 1509//1509 1512//1512 1520//1520 
f 1509//1509 1520//1520 1514//1514 
f 1514//1514 1520//1520 1519//1519 
f 1512//1512 1513//1513 1521//1521 
f 1520//1520 1512//1512 1521//1521 
f 1513//1513 1516//1516 1521//1521 
f 1517//1517 1524//1524 1522//1522 
f 1515//1515 1517//1517 1522//1522 
f 1555//1555 1518//1518 1552//1552 
f 1555//1555 1524//1524 1518//1518 
f 1524//1524 1517//1517 1518//1518 
f 1519//1519 1552//1552 1518//1518 
f 1553//1553 1552//1552 1519//1519 
f 1520//1520 1553//1553 1519//1519 
f 1554//1554 1553//1553 1520//1520 
f 1554//1554 1525//1525 1556//1556 
f 1554//1554 1520//1520 1525//1525 
f 1520//1520 1521//1521 1525//1525 
f 1516//1516 1523//1523 1525//1525 
f 1521//1521 1516//1516 1525//1525 
f 1524//1524 1529//1529 1526//1526 
f 1522//1522 1524//1524 1526//1526 
f 1560//1560 1524//1524 1555//1555 
f 1529//1529 1524//1524 1560//1560 
f 1530//1530 1556//1556 1525//1525 
f 1561//1561 1556//1556 1530//1530 
f 1523//1523 1527//1527 1530//1530 
f 1525//1525 1523//1523 1530//1530 
f 1528//1528 1534//1534 1531//1531 
f 1528//1528 1526//1526 1529//1529 
f 1528//1528 1529//1529 1534//1534 
f 1534//1534 1529//1529 1535//1535 
f 1565//1565 1529//1529 1560//1560 
f 1535//1535 1529//1529 1565//1565 
f 1536//1536 1561//1561 1530//1530 
f 1566//1566 1561//1561 1536//1536 
f 1527//1527 1532//1532 1536//1536 
f 1530//1530 1527//1527 1536//1536 
f 1531//1531 1534//1534 1533//1533 
f 1537//1537 1533//1533 1534//1534 
f 1537//1537 1534//1534 1543//1543 
f 1543//1543 1534//1534 1535//1535 
f 1567//1567 1535//1535 1565//1565 
f 1567//1567 1544//1544 1535//1535 
f 1544//1544 1543//1543 1535//1535 
f 1544//1544 1568//1568 1545//1545 
f 1567//1567 1568//1568 1544//1544 
f 1545//1545 1569//1569 1546//1546 
f 1568//1568 1569//1569 1545//1545 
f 1566//1566 1546//1546 1569//1569 
f 1566//1566 1536//1536 1546//1546 
f 1536//1536 1547//1547 1546//1546 
f 1532//1532 1538//1538 1547//1547 
f 1536//1536 1532//1532 1547//1547 
f 1537//1537 1543//1543 1539//1539 
f 1548//1548 1539//1539 1543//1543 
f 1548//1548 1543//1543 1551//1551 
f 1551//1551 1543//1543 1544//1544 
f 1540//1540 1549//1549 1551//1551 
f 1540//1540 1551//1551 1545//1545 
f 1545//1545 1551//1551 1544//1544 
f 1541//1541 1540//1540 1545//1545 
f 1546//1546 1541//1541 1545//1545 
f 1542//1542 1541//1541 1546//1546 
f 1547//1547 1542//1542 1546//1546 
f 1538//1538 1542//1542 1547//1547 
f 1548//1548 1551//1551 1550//1550 
f 1549//1549 1550//1550 1551//1551 
f 1552//1552 1557//1557 1555//1555 
f 1552//1552 1553//1553 1558//1558 
f 1557//1557 1552//1552 1558//1558 
f 1553//1553 1554//1554 1559//1559 
f 1558//1558 1553//1553 1559//1559 
f 1554//1554 1556//1556 1559//1559 
f 1557//1557 1562//1562 1560//1560 
f 1555//1555 1557//1557 1560//1560 
f 1558//1558 1563//1563 1557//1557 
f 1563//1563 1562//1562 1557//1557 
f 1559//1559 1564//1564 1558//1558 
f 1564//1564 1563//1563 1558//1558 
f 1556//1556 1561//1561 1564//1564 
f 1559//1559 1556//1556 1564//1564 
f 1562//1562 1570//1570 1565//1565 
f 1560//1560 1562//1562 1565//1565 
f 1563//1563 1571//1571 1562//1562 
f 1571//1571 1570//1570 1562//1562 
f 1564//1564 1572//1572 1563//1563 
f 1572//1572 1571//1571 1563//1563 
f 1561//1561 1566//1566 1572//1572 
f 1564//1564 1561//1561 1572//1572 
f 1565//1565 1570//1570 1567//1567 
f 1568//1568 1567//1567 1570//1570 
f 1571//1571 1568//1568 1570//1570 
f 1569//1569 1568//1568 1571//1571 
f 1572//1572 1569//1569 1571//1571 
f 1566//1566 1569//1569 1572//1572 
f 1573//1573 1588//1588 1591//1591 
f 1588//1588 1573//1573 1592//1592 
f 1574//1574 1593//1593 1599//1599 
f 1574//1574 1575//1575 1594//1594 
f 1593//1593 1574//1574 1594//1594 
f 1591//1591 1594//1594 1575//1575 
f 1591//1591 1575//1575 1573//1573 
f 1573//1573 1575//1575 1576//1576 
f 1595//1595 1592//1592 1573//1573 
f 1595//1595 1573//1573 1577//1577 
f 1577//1577 1573//1573 1576//1576 
f 1595//1595 1577//1577 1600//1600 
f 1578//1578 1574//1574 1599//1599 
f 1603//1603 1578//1578 1599//1599 
f 1575//1575 1574//1574 1579//1579 
f 1579//1579 1574//1574 1578//1578 
f 1576//1576 1575//1575 1580//1580 
f 1580//1580 1575//1575 1579//1579 
f 1577//1577 1576//1576 1581//1581 
f 1581//1581 1576//1576 1580//1580 
f 1604//1604 1600//1600 1577//1577 
f 1581//1581 1604//1604 1577//1577 
f 1582//1582 1578//1578 1603//1603 
f 1607//1607 1582//1582 1603//1603 
f 1579//1579 1578//1578 1583//1583 
f 1583//1583 1578//1578 1582//1582 
f 1580//1580 1579//1579 1584//1584 
f 1584//1584 1579//1579 1583//1583 
f 1581//1581 1580//1580 1585//1585 
f 1585//1585 1580//1580 1584//1584 
f 1608//1608 1604//1604 1581//1581 
f 1585//1585 1608//1608 1581//1581 
f 1582//1582 1607//1607 1609//1609 
f 1609//1609 1612//1612 1586//1586 
f 1609//1609 1586//1586 1582//1582 
f 1582//1582 1586//1586 1583//1583 
f 1584//1584 1583//1583 1587//1587 
f 1587//1587 1583//1583 1586//1586 
f 1613//1613 1610//1610 1585//1585 
f 1613//1613 1585//1585 1587//1587 
f 1587//1587 1585//1585 1584//1584 
f 1608//1608 1585//1585 1610//1610 
f 1586//1586 1612//1612 1614//1614 
f 1587//1587 1586//1586 1614//1614 
f 1615//1615 1587//1587 1614//1614 
f 1613//1613 1587//1587 1615//1615 
f 1589//1589 1629//1629 1631//1631 
f 1589//1589 1590//1590 1630//1630 
f 1629//1629 1589//1589 1630//1630 
f 1630//1630 1590//1590 1632//1632 
f 1596//1596 1633//1633 1637//1637 
f 1631//1631 1633//1633 1596//1596 
f 1631//1631 1596//1596 1589//1589 
f 1589//1589 1596//1596 1597//1597 
f 1588//1588 1597//1597 1591//1591 
f 1588//1588 1590//1590 1597//1597 
f 1590//1590 1589//1589 1597//1597 
f 1592//1592 1598//1598 1634//1634 
f 1588//1588 1592//1592 1634//1634 
f 1588//1588 1634//1634 1632//1632 
f 1588//1588 1632//1632 1590//1590 
f 1634//1634 1598//1598 1638//1638 
f 1601//1601 1639//1639 1643//1643 
f 1637//1637 1639//1639 1601//1601 
f 1596//1596 1637//1637 1601//1601 
f 1596//1596 1601//1601 1599//1599 
f 1596//1596 1599//1599 1593//1593 
f 1594//1594 1596//1596 1593//1593 
f 1597//1597 1596//1596 1594//1594 
f 1591//1591 1597//1597 1594//1594 
f 1592//1592 1595//1595 1598//1598 
f 1600//1600 1602//1602 1640//1640 
f 1595//1595 1600//1600 1640//1640 
f 1595//1595 1640//1640 1638//1638 
f 1595//1595 1638//1638 1598//1598 
f 1640//1640 1602//1602 1644//1644 
f 1605//1605 1601//1601 1643//1643 
f 1645//1645 1605//1605 1643//1643 
f 1599//1599 1605//1605 1603//1603 
f 1601//1601 1605//1605 1599//1599 
f 1602//1602 1604//1604 1606//1606 
f 1600//1600 1604//1604 1602//1602 
f 1646//1646 1644//1644 1602//1602 
f 1606//1606 1646//1646 1602//1602 
f 1605//1605 1645//1645 1647//1647 
f 1647//1647 1603//1603 1605//1605 
f 1647//1647 1649//1649 1603//1603 
f 1649//1649 1607//1607 1603//1603 
f 1606//1606 1608//1608 1611//1611 
f 1604//1604 1608//1608 1606//1606 
f 1650//1650 1646//1646 1606//1606 
f 1611//1611 1650//1650 1606//1606 
f 1616//1616 1609//1609 1607//1607 
f 1616//1616 1607//1607 1654//1654 
f 1654//1654 1607//1607 1649//1649 
f 1609//1609 1616//1616 1612//1612 
f 1610//1610 1613//1613 1617//1617 
f 1610//1610 1617//1617 1655//1655 
f 1608//1608 1610//1610 1655//1655 
f 1608//1608 1655//1655 1651//1651 
f 1608//1608 1651//1651 1611//1611 
f 1650//1650 1611//1611 1651//1651 
f 1616//1616 1654//1654 1656//1656 
f 1618//1618 1656//1656 1660//1660 
f 1614//1614 1656//1656 1618//1618 
f 1614//1614 1616//1616 1656//1656 
f 1614//1614 1612//1612 1616//1616 
f 1614//1614 1619//1619 1615//1615 
f 1618//1618 1619//1619 1614//1614 
f 1615//1615 1619//1619 1661//1661 
f 1613//1613 1615//1615 1661//1661 
f 1613//1613 1661//1661 1657//1657 
f 1613//1613 1657//1657 1617//1617 
f 1655//1655 1617//1617 1657//1657 
f 1618//1618 1660//1660 1662//1662 
f 1619//1619 1618//1618 1662//1662 
f 1663//1663 1619//1619 1662//1662 
f 1661//1661 1619//1619 1663//1663 
f 1620//1620 1670//1670 1676//1676 
f 1620//1620 1621//1621 1671//1671 
f 1670//1670 1620//1620 1671//1671 
f 1671//1671 1621//1621 1677//1677 
f 1622//1622 1620//1620 1676//1676 
f 1682//1682 1622//1622 1676//1676 
f 1621//1621 1620//1620 1623//1623 
f 1623//1623 1620//1620 1622//1622 
f 1678//1678 1677//1677 1621//1621 
f 1678//1678 1621//1621 1624//1624 
f 1624//1624 1621//1621 1623//1623 
f 1678//1678 1624//1624 1683//1683 
f 1625//1625 1684//1684 1688//1688 
f 1682//1682 1684//1684 1625//1625 
f 1682//1682 1625//1625 1622//1622 
f 1622//1622 1625//1625 1626//1626 
f 1623//1623 1622//1622 1627//1627 
f 1627//1627 1622//1622 1626//1626 
f 1624//1624 1623//1623 1628//1628 
f 1628//1628 1623//1623 1627//1627 
f 1689//1689 1683//1683 1624//1624 
f 1628//1628 1689//1689 1624//1624 
f 1625//1625 1688//1688 1690//1690 
f 1626//1626 1625//1625 1690//1690 
f 1691//1691 1626//1626 1690//1690 
f 1627//1627 1626//1626 1691//1691 
f 1692//1692 1627//1627 1691//1691 
f 1628//1628 1627//1627 1692//1692 
f 1693//1693 1628//1628 1692//1692 
f 1689//1689 1628//1628 1693//1693 
f 1635//1635 1700//1700 1704//1704 
f 1635//1635 1631//1631 1629//1629 
f 1635//1635 1629//1629 1700//1700 
f 1700//1700 1629//1629 1701//1701 
f 1630//1630 1702//1702 1629//1629 
f 1629//1629 1702//1702 1701//1701 
f 1632//1632 1636//1636 1703//1703 
f 1632//1632 1703//1703 1630//1630 
f 1630//1630 1703//1703 1702//1702 
f 1703//1703 1636//1636 1705//1705 
f 1641//1641 1706//1706 1708//1708 
f 1704//1704 1706//1706 1641//1641 
f 1635//1635 1704//1704 1641//1641 
f 1635//1635 1641//1641 1637//1637 
f 1635//1635 1637//1637 1633//1633 
f 1631//1631 1635//1635 1633//1633 
f 1632//1632 1634//1634 1636//1636 
f 1638//1638 1642//1642 1707//1707 
f 1634//1634 1638//1638 1707//1707 
f 1634//1634 1707//1707 1705//1705 
f 1634//1634 1705//1705 1636//1636 
f 1707//1707 1642//1642 1709//1709 
f 1639//1639 1641//1641 1708//1708 
f 1639//1639 1708//1708 1643//1643 
f 1643//1643 1708//1708 1710//1710 
f 1637//1637 1641//1641 1639//1639 
f 1638//1638 1640//1640 1642//1642 
f 1642//1642 1640//1640 1644//1644 
f 1642//1642 1644//1644 1709//1709 
f 1709//1709 1644//1644 1711//1711 
f 1643//1643 1710//1710 1645//1645 
f 1710//1710 1714//1714 1645//1645 
f 1712//1712 1646//1646 1648//1648 
f 1712//1712 1711//1711 1646//1646 
f 1711//1711 1644//1644 1646//1646 
f 1712//1712 1648//1648 1715//1715 
f 1652//1652 1647//1647 1645//1645 
f 1652//1652 1645//1645 1717//1717 
f 1717//1717 1645//1645 1714//1714 
f 1647//1647 1652//1652 1649//1649 
f 1648//1648 1650//1650 1653//1653 
f 1646//1646 1650//1650 1648//1648 
f 1718//1718 1715//1715 1648//1648 
f 1653//1653 1718//1718 1648//1648 
f 1658//1658 1652//1652 1717//1717 
f 1720//1720 1658//1658 1717//1717 
f 1649//1649 1658//1658 1654//1654 
f 1652//1652 1658//1658 1649//1649 
f 1651//1651 1655//1655 1659//1659 
f 1651//1651 1659//1659 1721//1721 
f 1650//1650 1651//1651 1721//1721 
f 1650//1650 1721//1721 1719//1719 
f 1650//1650 1719//1719 1653//1653 
f 1718//1718 1653//1653 1719//1719 
f 1658//1658 1720//1720 1722//1722 
f 1664//1664 1722//1722 1724//1724 
f 1656//1656 1722//1722 1664//1664 
f 1656//1656 1658//1658 1722//1722 
f 1656//1656 1654//1654 1658//1658 
f 1656//1656 1664//1664 1660//1660 
f 1657//1657 1661//1661 1665//1665 
f 1657//1657 1659//1659 1655//1655 
f 1657//1657 1665//1665 1659//1659 
f 1665//1665 1666//1666 1659//1659 
f 1725//1725 1721//1721 1659//1659 
f 1666//1666 1725//1725 1659//1659 
f 1664//1664 1724//1724 1726//1726 
f 1667//1667 1726//1726 1728//1728 
f 1662//1662 1726//1726 1667//1667 
f 1662//1662 1664//1664 1726//1726 
f 1662//1662 1660//1660 1664//1664 
f 1662//1662 1668//1668 1663//1663 
f 1667//1667 1668//1668 1662//1662 
f 1663//1663 1665//1665 1661//1661 
f 1663//1663 1668//1668 1665//1665 
f 1668//1668 1669//1669 1665//1665 
f 1729//1729 1727//1727 1666//1666 
f 1729//1729 1666//1666 1669//1669 
f 1669//1669 1666//1666 1665//1665 
f 1725//1725 1666//1666 1727//1727 
f 1667//1667 1728//1728 1730//1730 
f 1668//1668 1667//1667 1730//1730 
f 1731//1731 1668//1668 1730//1730 
f 1669//1669 1668//1668 1731//1731 
f 1732//1732 1669//1669 1731//1731 
f 1729//1729 1669//1669 1732//1732 
f 1672//1672 1733//1733 1740//1740 
f 1672//1672 1673//1673 1734//1734 
f 1733//1733 1672//1672 1734//1734 
f 1673//1673 1674//1674 1735//1735 
f 1734//1734 1673//1673 1735//1735 
f 1674//1674 1675//1675 1736//1736 
f 1735//1735 1674//1674 1736//1736 
f 1736//1736 1675//1675 1741//1741 
f 1679//1679 1672//1672 1740//1740 
f 1744//1744 1679//1679 1740//1740 
f 1670//1670 1679//1679 1676//1676 
f 1670//1670 1673//1673 1679//1679 
f 1673//1673 1672//1672 1679//1679 
f 1671//1671 1673//1673 1670//1670 
f 1674//1674 1673//1673 1671//1671 
f 1677//1677 1674//1674 1671//1671 
f 1677//1677 1680//1680 1674//1674 
f 1680//1680 1675//1675 1674//1674 
f 1742//1742 1741//1741 1675//1675 
f 1742//1742 1675//1675 1681//1681 
f 1681//1681 1675//1675 1680//1680 
f 1742//1742 1681//1681 1745//1745 
f 1685//1685 1746//1746 1748//1748 
f 1744//1744 1746//1746 1685//1685 
f 1744//1744 1685//1685 1679//1679 
f 1679//1679 1685//1685 1686//1686 
f 1676//1676 1686//1686 1682//1682 
f 1679//1679 1686//1686 1676//1676 
f 1677//1677 1678//1678 1680//1680 
f 1683//1683 1680//1680 1678//1678 
f 1683//1683 1687//1687 1680//1680 
f 1687//1687 1681//1681 1680//1680 
f 1749//1749 1745//1745 1681//1681 
f 1687//1687 1749//1749 1681//1681 
f 1694//1694 1685//1685 1748//1748 
f 1750//1750 1694//1694 1748//1748 
f 1684//1684 1694//1694 1688//1688 
f 1684//1684 1686//1686 1694//1694 
f 1686//1686 1685//1685 1694//1694 
f 1682//1682 1686//1686 1684//1684 
f 1687//1687 1689//1689 1695//1695 
f 1683//1683 1689//1689 1687//1687 
f 1751//1751 1749//1749 1687//1687 
f 1695//1695 1751//1751 1687//1687 
f 1694//1694 1750//1750 1752//1752 
f 1696//1696 1752//1752 1754//1754 
f 1690//1690 1752//1752 1696//1696 
f 1690//1690 1694//1694 1752//1752 
f 1690//1690 1688//1688 1694//1694 
f 1690//1690 1697//1697 1691//1691 
f 1696//1696 1697//1697 1690//1690 
f 1691//1691 1698//1698 1692//1692 
f 1697//1697 1698//1698 1691//1691 
f 1692//1692 1699//1699 1693//1693 
f 1698//1698 1699//1699 1692//1692 
f 1693//1693 1699//1699 1755//1755 
f 1689//1689 1693//1693 1755//1755 
f 1689//1689 1755//1755 1753//1753 
f 1689//1689 1753//1753 1695//1695 
f 1751//1751 1695//1695 1753//1753 
f 1696//1696 1754//1754 1756//1756 
f 1697//1697 1696//1696 1756//1756 
f 1757//1757 1697//1697 1756//1756 
f 1698//1698 1697//1697 1757//1757 
f 1758//1758 1698//1698 1757//1757 
f 1699//1699 1698//1698 1758//1758 
f 1759//1759 1699//1699 1758//1758 
f 1755//1755 1699//1699 1759//1759 
f 1700//1700 1766//1766 1770//1770 
f 1704//1704 1700//1700 1770//1770 
f 1701//1701 1767//1767 1700//1700 
f 1700//1700 1767//1767 1766//1766 
f 1702//1702 1768//1768 1701//1701 
f 1701//1701 1768//1768 1767//1767 
f 1703//1703 1769//1769 1702//1702 
f 1702//1702 1769//1769 1768//1768 
f 1769//1769 1703//1703 1705//1705 
f 1771//1771 1769//1769 1705//1705 
f 1706//1706 1772//1772 1774//1774 
f 1708//1708 1706//1706 1774//1774 
f 1770//1770 1706//1706 1704//1704 
f 1772//1772 1706//1706 1770//1770 
f 1705//1705 1773//1773 1771//1771 
f 1707//1707 1773//1773 1705//1705 
f 1773//1773 1707//1707 1709//1709 
f 1775//1775 1773//1773 1709//1709 
f 1708//1708 1774//1774 1710//1710 
f 1774//1774 1777//1777 1710//1710 
f 1776//1776 1711//1711 1713//1713 
f 1776//1776 1775//1775 1711//1711 
f 1775//1775 1709//1709 1711//1711 
f 1776//1776 1713//1713 1778//1778 
f 1716//1716 1779//1779 1780//1780 
f 1716//1716 1777//1777 1779//1779 
f 1716//1716 1714//1714 1777//1777 
f 1714//1714 1710//1710 1777//1777 
f 1711//1711 1712//1712 1713//1713 
f 1713//1713 1712//1712 1715//1715 
f 1713//1713 1715//1715 1778//1778 
f 1778//1778 1715//1715 1781//1781 
f 1716//1716 1780//1780 1782//1782 
f 1782//1782 1714//1714 1716//1716 
f 1782//1782 1783//1783 1714//1714 
f 1783//1783 1717//1717 1714//1714 
f 1715//1715 1718//1718 1781//1781 
f 1781//1781 1718//1718 1784//1784 
f 1717//1717 1783//1783 1720//1720 
f 1783//1783 1785//1785 1720//1720 
f 1719//1719 1721//1721 1723//1723 
f 1719//1719 1723//1723 1786//1786 
f 1719//1719 1786//1786 1718//1718 
f 1718//1718 1786//1786 1784//1784 
f 1720//1720 1785//1785 1787//1787 
f 1722//1722 1720//1720 1787//1787 
f 1787//1787 1724//1724 1722//1722 
f 1789//1789 1724//1724 1787//1787 
f 1723//1723 1790//1790 1788//1788 
f 1723//1723 1721//1721 1790//1790 
f 1721//1721 1725//1725 1790//1790 
f 1786//1786 1723//1723 1788//1788 
f 1724//1724 1789//1789 1791//1791 
f 1726//1726 1724//1724 1791//1791 
f 1791//1791 1728//1728 1726//1726 
f 1793//1793 1728//1728 1791//1791 
f 1727//1727 1794//1794 1792//1792 
f 1729//1729 1794//1794 1727//1727 
f 1790//1790 1725//1725 1727//1727 
f 1792//1792 1790//1790 1727//1727 
f 1728//1728 1793//1793 1795//1795 
f 1730//1730 1728//1728 1795//1795 
f 1731//1731 1730//1730 1796//1796 
f 1730//1730 1795//1795 1796//1796 
f 1732//1732 1731//1731 1797//1797 
f 1731//1731 1796//1796 1797//1797 
f 1794//1794 1729//1729 1732//1732 
f 1797//1797 1794//1794 1732//1732 
f 1737//1737 1799//1799 1802//1802 
f 1737//1737 1738//1738 1800//1800 
f 1799//1799 1737//1737 1800//1800 
f 1738//1738 1739//1739 1801//1801 
f 1800//1800 1738//1738 1801//1801 
f 1801//1801 1739//1739 1803//1803 
f 1733//1733 1804//1804 1807//1807 
f 1740//1740 1733//1733 1807//1807 
f 1802//1802 1734//1734 1737//1737 
f 1802//1802 1804//1804 1734//1734 
f 1804//1804 1733//1733 1734//1734 
f 1735//1735 1737//1737 1734//1734 
f 1738//1738 1737//1737 1735//1735 
f 1736//1736 1738//1738 1735//1735 
f 1739//1739 1738//1738 1736//1736 
f 1741//1741 1743//1743 1805//1805 
f 1736//1736 1741//1741 1805//1805 
f 1736//1736 1805//1805 1803//1803 
f 1736//1736 1803//1803 1739//1739 
f 1805//1805 1743//1743 1808//1808 
f 1747//1747 1809//1809 1810//1810 
f 1747//1747 1807//1807 1809//1809 
f 1747//1747 1744//1744 1807//1807 
f 1744//1744 1740//1740 1807//1807 
f 1741//1741 1742//1742 1743//1743 
f 1743//1743 1742//1742 1745//1745 
f 1743//1743 1745//1745 1808//1808 
f 1808//1808 1745//1745 1811//1811 
f 1746//1746 1747//1747 1810//1810 
f 1746//1746 1810//1810 1748//1748 
f 1748//1748 1810//1810 1812//1812 
f 1744//1744 1747//1747 1746//1746 
f 1745//1745 1749//1749 1811//1811 
f 1811//1811 1749//1749 1813//1813 
f 1748//1748 1812//1812 1750//1750 
f 1812//1812 1815//1815 1750//1750 
f 1749//1749 1751//1751 1813//1813 
f 1813//1813 1751//1751 1816//1816 
f 1760//1760 1752//1752 1750//1750 
f 1760//1760 1750//1750 1817//1817 
f 1817//1817 1750//1750 1815//1815 
f 1752//1752 1760//1760 1754//1754 
f 1753//1753 1755//1755 1761//1761 
f 1753//1753 1761//1761 1818//1818 
f 1753//1753 1818//1818 1751//1751 
f 1751//1751 1818//1818 1816//1816 
f 1760//1760 1817//1817 1819//1819 
f 1762//1762 1819//1819 1821//1821 
f 1756//1756 1819//1819 1762//1762 
f 1756//1756 1760//1760 1819//1819 
f 1756//1756 1754//1754 1760//1760 
f 1756//1756 1763//1763 1757//1757 
f 1762//1762 1763//1763 1756//1756 
f 1757//1757 1764//1764 1758//1758 
f 1763//1763 1764//1764 1757//1757 
f 1758//1758 1765//1765 1759//1759 
f 1764//1764 1765//1765 1758//1758 
f 1759//1759 1765//1765 1822//1822 
f 1755//1755 1759//1759 1822//1822 
f 1755//1755 1822//1822 1820//1820 
f 1755//1755 1820//1820 1761//1761 
f 1818//1818 1761//1761 1820//1820 
f 1762//1762 1821//1821 1823//1823 
f 1763//1763 1762//1762 1823//1823 
f 1824//1824 1763//1763 1823//1823 
f 1764//1764 1763//1763 1824//1824 
f 1825//1825 1764//1764 1824//1824 
f 1765//1765 1764//1764 1825//1825 
f 1826//1826 1765//1765 1825//1825 
f 1822//1822 1765//1765 1826//1826 
f 1766//1766 1832//1832 1836//1836 
f 1770//1770 1766//1766 1836//1836 
f 1767//1767 1833//1833 1766//1766 
f 1766//1766 1833//1833 1832//1832 
f 1768//1768 1834//1834 1767//1767 
f 1767//1767 1834//1834 1833//1833 
f 1769//1769 1835//1835 1768//1768 
f 1768//1768 1835//1835 1834//1834 
f 1835//1835 1769//1769 1771//1771 
f 1837//1837 1835//1835 1771//1771 
f 1772//1772 1838//1838 1842//1842 
f 1774//1774 1772//1772 1842//1842 
f 1836//1836 1772//1772 1770//1770 
f 1838//1838 1772//1772 1836//1836 
f 1771//1771 1839//1839 1837//1837 
f 1773//1773 1839//1839 1771//1771 
f 1839//1839 1773//1773 1775//1775 
f 1843//1843 1839//1839 1775//1775 
f 1774//1774 1842//1842 1777//1777 
f 1842//1842 1847//1847 1777//1777 
f 1775//1775 1844//1844 1843//1843 
f 1776//1776 1844//1844 1775//1775 
f 1844//1844 1776//1776 1778//1778 
f 1848//1848 1844//1844 1778//1778 
f 1779//1779 1849//1849 1851//1851 
f 1780//1780 1779//1779 1851//1851 
f 1847//1847 1779//1779 1777//1777 
f 1849//1849 1779//1779 1847//1847 
f 1778//1778 1781//1781 1848//1848 
f 1848//1848 1781//1781 1852//1852 
f 1780//1780 1851//1851 1853//1853 
f 1782//1782 1780//1780 1853//1853 
f 1853//1853 1783//1783 1782//1782 
f 1856//1856 1783//1783 1853//1853 
f 1781//1781 1784//1784 1852//1852 
f 1852//1852 1784//1784 1857//1857 
f 1783//1783 1856//1856 1785//1785 
f 1856//1856 1859//1859 1785//1785 
f 1784//1784 1786//1786 1857//1857 
f 1857//1857 1786//1786 1860//1860 
f 1785//1785 1859//1859 1861//1861 
f 1787//1787 1785//1785 1861//1861 
f 1861//1861 1789//1789 1787//1787 
f 1864//1864 1789//1789 1861//1861 
f 1788//1788 1865//1865 1862//1862 
f 1790//1790 1865//1865 1788//1788 
f 1860//1860 1786//1786 1788//1788 
f 1862//1862 1860//1860 1788//1788 
f 1798//1798 1791//1791 1789//1789 
f 1798//1798 1789//1789 1867//1867 
f 1867//1867 1789//1789 1864//1864 
f 1791//1791 1798//1798 1793//1793 
f 1792//1792 1868//1868 1866//1866 
f 1794//1794 1868//1868 1792//1792 
f 1865//1865 1790//1790 1792//1792 
f 1866//1866 1865//1865 1792//1792 
f 1798//1798 1867//1867 1869//1869 
f 1793//1793 1798//1798 1869//1869 
f 1793//1793 1869//1869 1795//1795 
f 1795//1795 1869//1869 1870//1870 
f 1796//1796 1795//1795 1871//1871 
f 1795//1795 1870//1870 1871//1871 
f 1797//1797 1796//1796 1872//1872 
f 1796//1796 1871//1871 1872//1872 
f 1868//1868 1794//1794 1797//1797 
f 1872//1872 1868//1868 1797//1797 
f 1806//1806 1877//1877 1881//1881 
f 1806//1806 1802//1802 1799//1799 
f 1806//1806 1799//1799 1877//1877 
f 1877//1877 1799//1799 1878//1878 
f 1800//1800 1879//1879 1799//1799 
f 1799//1799 1879//1879 1878//1878 
f 1801//1801 1880//1880 1800//1800 
f 1800//1800 1880//1880 1879//1879 
f 1880//1880 1801//1801 1803//1803 
f 1882//1882 1880//1880 1803//1803 
f 1804//1804 1806//1806 1881//1881 
f 1804//1804 1881//1881 1807//1807 
f 1807//1807 1881//1881 1884//1884 
f 1802//1802 1806//1806 1804//1804 
f 1803//1803 1883//1883 1882//1882 
f 1805//1805 1883//1883 1803//1803 
f 1883//1883 1805//1805 1808//1808 
f 1885//1885 1883//1883 1808//1808 
f 1809//1809 1886//1886 1887//1887 
f 1810//1810 1809//1809 1887//1887 
f 1884//1884 1809//1809 1807//1807 
f 1886//1886 1809//1809 1884//1884 
f 1808//1808 1811//1811 1885//1885 
f 1885//1885 1811//1811 1888//1888 
f 1810//1810 1887//1887 1812//1812 
f 1887//1887 1891//1891 1812//1812 
f 1889//1889 1813//1813 1814//1814 
f 1889//1889 1888//1888 1813//1813 
f 1888//1888 1811//1811 1813//1813 
f 1889//1889 1814//1814 1892//1892 
f 1812//1812 1891//1891 1815//1815 
f 1891//1891 1894//1894 1815//1815 
f 1814//1814 1895//1895 1893//1893 
f 1814//1814 1813//1813 1895//1895 
f 1813//1813 1816//1816 1895//1895 
f 1892//1892 1814//1814 1893//1893 
f 1815//1815 1894//1894 1817//1817 
f 1894//1894 1896//1896 1817//1817 
f 1816//1816 1818//1818 1895//1895 
f 1895//1895 1818//1818 1897//1897 
f 1827//1827 1819//1819 1817//1817 
f 1827//1827 1817//1817 1898//1898 
f 1898//1898 1817//1817 1896//1896 
f 1819//1819 1827//1827 1821//1821 
f 1820//1820 1822//1822 1828//1828 
f 1820//1820 1828//1828 1899//1899 
f 1820//1820 1899//1899 1818//1818 
f 1818//1818 1899//1899 1897//1897 
f 1827//1827 1898//1898 1900//1900 
f 1829//1829 1900//1900 1904//1904 
f 1823//1823 1900//1900 1829//1829 
f 1823//1823 1827//1827 1900//1900 
f 1823//1823 1821//1821 1827//1827 
f 1823//1823 1830//1830 1824//1824 
f 1829//1829 1830//1830 1823//1823 
f 1824//1824 1831//1831 1825//1825 
f 1830//1830 1831//1831 1824//1824 
f 1905//1905 1825//1825 1831//1831 
f 1905//1905 1901//1901 1825//1825 
f 1901//1901 1826//1826 1825//1825 
f 1828//1828 1822//1822 1826//1826 
f 1828//1828 1826//1826 1902//1902 
f 1902//1902 1826//1826 1901//1901 
f 1899//1899 1828//1828 1902//1902 
f 1829//1829 1904//1904 1906//1906 
f 1830//1830 1829//1829 1906//1906 
f 1907//1907 1830//1830 1906//1906 
f 1831//1831 1830//1830 1907//1907 
f 1908//1908 1831//1831 1907//1907 
f 1905//1905 1831//1831 1908//1908 
f 1832//1832 1840//1840 1836//1836 
f 1911//1911 1840//1840 1832//1832 
f 1911//1911 1832//1832 1909//1909 
f 1909//1909 1832//1832 1833//1833 
f 1834//1834 1910//1910 1833//1833 
f 1833//1833 1910//1910 1909//1909 
f 1841//1841 1912//1912 1910//1910 
f 1841//1841 1910//1910 1835//1835 
f 1835//1835 1910//1910 1834//1834 
f 1835//1835 1837//1837 1841//1841 
f 1838//1838 1845//1845 1842//1842 
f 1838//1838 1917//1917 1845//1845 
f 1836//1836 1917//1917 1838//1838 
f 1836//1836 1913//1913 1917//1917 
f 1836//1836 1840//1840 1913//1913 
f 1911//1911 1913//1913 1840//1840 
f 1841//1841 1914//1914 1912//1912 
f 1846//1846 1918//1918 1914//1914 
f 1839//1839 1846//1846 1914//1914 
f 1839//1839 1914//1914 1841//1841 
f 1839//1839 1841//1841 1837//1837 
f 1839//1839 1843//1843 1846//1846 
f 1845//1845 1919//1919 1923//1923 
f 1845//1845 1923//1923 1842//1842 
f 1842//1842 1923//1923 1847//1847 
f 1917//1917 1919//1919 1845//1845 
f 1846//1846 1920//1920 1918//1918 
f 1850//1850 1924//1924 1920//1920 
f 1844//1844 1850//1850 1920//1920 
f 1844//1844 1920//1920 1846//1846 
f 1844//1844 1846//1846 1843//1843 
f 1844//1844 1848//1848 1850//1850 
f 1849//1849 1854//1854 1851//1851 
f 1849//1849 1927//1927 1854//1854 
f 1849//1849 1847//1847 1927//1927 
f 1847//1847 1923//1923 1927//1927 
f 1855//1855 1924//1924 1850//1850 
f 1928//1928 1924//1924 1855//1855 
f 1848//1848 1852//1852 1855//1855 
f 1850//1850 1848//1848 1855//1855 
f 1851//1851 1854//1854 1853//1853 
f 1854//1854 1856//1856 1853//1853 
f 1854//1854 1927//1927 1856//1856 
f 1927//1927 1929//1929 1856//1856 
f 1858//1858 1928//1928 1855//1855 
f 1930//1930 1928//1928 1858//1858 
f 1852//1852 1857//1857 1858//1858 
f 1855//1855 1852//1852 1858//1858 
f 1856//1856 1929//1929 1859//1859 
f 1929//1929 1933//1933 1859//1859 
f 1863//1863 1930//1930 1858//1858 
f 1934//1934 1930//1930 1863//1863 
f 1857//1857 1860//1860 1863//1863 
f 1858//1858 1857//1857 1863//1863 
f 1859//1859 1933//1933 1935//1935 
f 1861//1861 1859//1859 1935//1935 
f 1935//1935 1864//1864 1861//1861 
f 1938//1938 1864//1864 1935//1935 
f 1862//1862 1934//1934 1863//1863 
f 1862//1862 1865//1865 1934//1934 
f 1865//1865 1939//1939 1934//1934 
f 1860//1860 1862//1862 1863//1863 
f 1940//1940 1873//1873 1867//1867 
f 1940//1940 1867//1867 1938//1938 
f 1938//1938 1867//1867 1864//1864 
f 1873//1873 1941//1941 1874//1874 
f 1940//1940 1941//1941 1873//1873 
f 1874//1874 1942//1942 1875//1875 
f 1941//1941 1942//1942 1874//1874 
f 1875//1875 1943//1943 1876//1876 
f 1942//1942 1943//1943 1875//1875 
f 1876//1876 1866//1866 1868//1868 
f 1876//1876 1943//1943 1866//1866 
f 1943//1943 1944//1944 1866//1866 
f 1939//1939 1865//1865 1866//1866 
f 1944//1944 1939//1939 1866//1866 
f 1867//1867 1873//1873 1869//1869 
f 1870//1870 1869//1869 1873//1873 
f 1874//1874 1870//1870 1873//1873 
f 1871//1871 1870//1870 1874//1874 
f 1875//1875 1871//1871 1874//1874 
f 1872//1872 1871//1871 1875//1875 
f 1876//1876 1872//1872 1875//1875 
f 1868//1868 1872//1872 1876//1876 
f 1877//1877 1949//1949 1953//1953 
f 1881//1881 1877//1877 1953//1953 
f 1878//1878 1950//1950 1877//1877 
f 1877//1877 1950//1950 1949//1949 
f 1879//1879 1951//1951 1878//1878 
f 1878//1878 1951//1951 1950//1950 
f 1880//1880 1952//1952 1879//1879 
f 1879//1879 1952//1952 1951//1951 
f 1952//1952 1880//1880 1882//1882 
f 1954//1954 1952//1952 1882//1882 
f 1881//1881 1953//1953 1884//1884 
f 1953//1953 1957//1957 1884//1884 
f 1882//1882 1955//1955 1954//1954 
f 1883//1883 1955//1955 1882//1882 
f 1955//1955 1883//1883 1885//1885 
f 1958//1958 1955//1955 1885//1885 
f 1886//1886 1959//1959 1961//1961 
f 1887//1887 1886//1886 1961//1961 
f 1957//1957 1886//1886 1884//1884 
f 1959//1959 1886//1886 1957//1957 
f 1960//1960 1888//1888 1890//1890 
f 1960//1960 1958//1958 1888//1888 
f 1958//1958 1885//1885 1888//1888 
f 1960//1960 1890//1890 1962//1962 
f 1887//1887 1961//1961 1891//1891 
f 1961//1961 1964//1964 1891//1891 
f 1888//1888 1889//1889 1890//1890 
f 1890//1890 1889//1889 1892//1892 
f 1890//1890 1892//1892 1962//1962 
f 1962//1962 1892//1892 1965//1965 
f 1891//1891 1964//1964 1894//1894 
f 1964//1964 1968//1968 1894//1894 
f 1893//1893 1969//1969 1966//1966 
f 1895//1895 1969//1969 1893//1893 
f 1965//1965 1892//1892 1893//1893 
f 1966//1966 1965//1965 1893//1893 
f 1894//1894 1968//1968 1896//1896 
f 1968//1968 1970//1970 1896//1896 
f 1895//1895 1897//1897 1969//1969 
f 1969//1969 1897//1897 1971//1971 
f 1972//1972 1903//1903 1898//1898 
f 1972//1972 1898//1898 1970//1970 
f 1970//1970 1898//1898 1896//1896 
f 1972//1972 1973//1973 1903//1903 
f 1897//1897 1899//1899 1971//1971 
f 1971//1971 1899//1899 1974//1974 
f 1898//1898 1903//1903 1900//1900 
f 1903//1903 1904//1904 1900//1900 
f 1903//1903 1973//1973 1904//1904 
f 1973//1973 1978//1978 1904//1904 
f 1901//1901 1979//1979 1975//1975 
f 1905//1905 1979//1979 1901//1901 
f 1902//1902 1901//1901 1976//1976 
f 1901//1901 1975//1975 1976//1976 
f 1974//1974 1899//1899 1902//1902 
f 1976//1976 1974//1974 1902//1902 
f 1904//1904 1978//1978 1980//1980 
f 1906//1906 1904//1904 1980//1980 
f 1907//1907 1906//1906 1981//1981 
f 1906//1906 1980//1980 1981//1981 
f 1908//1908 1907//1907 1982//1982 
f 1907//1907 1981//1981 1982//1982 
f 1979//1979 1905//1905 1908//1908 
f 1982//1982 1979//1979 1908//1908 
f 1909//1909 1915//1915 1911//1911 
f 1909//1909 1910//1910 1916//1916 
f 1915//1915 1909//1909 1916//1916 
f 1910//1910 1912//1912 1916//1916 
f 1913//1913 1921//1921 1917//1917 
f 1913//1913 1987//1987 1921//1921 
f 1911//1911 1987//1987 1913//1913 
f 1911//1911 1985//1985 1987//1987 
f 1911//1911 1915//1915 1985//1985 
f 1916//1916 1985//1985 1915//1915 
f 1986//1986 1985//1985 1916//1916 
f 1922//1922 1988//1988 1986//1986 
f 1914//1914 1922//1922 1986//1986 
f 1914//1914 1986//1986 1916//1916 
f 1914//1914 1916//1916 1912//1912 
f 1914//1914 1918//1918 1922//1922 
f 1919//1919 1925//1925 1923//1923 
f 1919//1919 1993//1993 1925//1925 
f 1917//1917 1993//1993 1919//1919 
f 1917//1917 1989//1989 1993//1993 
f 1917//1917 1921//1921 1989//1989 
f 1987//1987 1989//1989 1921//1921 
f 1922//1922 1990//1990 1988//1988 
f 1926//1926 1994//1994 1990//1990 
f 1920//1920 1926//1926 1990//1990 
f 1920//1920 1990//1990 1922//1922 
f 1920//1920 1922//1922 1918//1918 
f 1920//1920 1924//1924 1926//1926 
f 1925//1925 1995//1995 2001//2001 
f 1925//1925 2001//2001 1923//1923 
f 1923//1923 2001//2001 1927//1927 
f 1993//1993 1995//1995 1925//1925 
f 1926//1926 1996//1996 1994//1994 
f 1996//1996 1926//1926 1924//1924 
f 1996//1996 1924//1924 2002//2002 
f 2002//2002 1924//1924 1928//1928 
f 2003//2003 1931//1931 1929//1929 
f 2003//2003 1929//1929 2001//2001 
f 2001//2001 1929//1929 1927//1927 
f 2003//2003 2009//2009 1931//1931 
f 1932//1932 2010//2010 2004//2004 
f 1932//1932 2004//2004 2002//2002 
f 1932//1932 2002//2002 1930//1930 
f 1930//1930 2002//2002 1928//1928 
f 1931//1931 1936//1936 1933//1933 
f 1929//1929 1931//1931 1933//1933 
f 2013//2013 1931//1931 2009//2009 
f 1936//1936 1931//1931 2013//2013 
f 1937//1937 2010//2010 1932//1932 
f 2014//2014 2010//2010 1937//1937 
f 1930//1930 1934//1934 1937//1937 
f 1932//1932 1930//1930 1937//1937 
f 1933//1933 1936//1936 1935//1935 
f 1938//1938 2015//2015 1945//1945 
f 1935//1935 2015//2015 1938//1938 
f 1935//1935 2013//2013 2015//2015 
f 1935//1935 1936//1936 2013//2013 
f 1945//1945 2016//2016 1946//1946 
f 2015//2015 2016//2016 1945//1945 
f 2016//2016 2022//2022 1946//1946 
f 1947//1947 2023//2023 2017//2017 
f 2014//2014 1947//1947 2017//2017 
f 2014//2014 1937//1937 1947//1947 
f 1937//1937 1948//1948 1947//1947 
f 1934//1934 1939//1939 1948//1948 
f 1937//1937 1934//1934 1948//1948 
f 1938//1938 1945//1945 1940//1940 
f 1941//1941 1940//1940 1945//1945 
f 1946//1946 1941//1941 1945//1945 
f 1946//1946 2022//2022 2024//2024 
f 1946//1946 2024//2024 1941//1941 
f 1941//1941 2024//2024 1942//1942 
f 2023//2023 1947//1947 1943//1943 
f 2023//2023 1943//1943 2024//2024 
f 2024//2024 1943//1943 1942//1942 
f 1944//1944 1943//1943 1947//1947 
f 1948//1948 1944//1944 1947//1947 
f 1939//1939 1944//1944 1948//1948 
f 1949//1949 1956//1956 1953//1953 
f 2029//2029 1956//1956 1949//1949 
f 2029//2029 1949//1949 2026//2026 
f 2026//2026 1949//1949 1950//1950 
f 1951//1951 2027//2027 1950//1950 
f 1950//1950 2027//2027 2026//2026 
f 1952//1952 2028//2028 1951//1951 
f 1951//1951 2028//2028 2027//2027 
f 2028//2028 1952//1952 1954//1954 
f 2030//2030 2028//2028 1954//1954 
f 1956//1956 2031//2031 2036//2036 
f 1956//1956 2036//2036 1953//1953 
f 1953//1953 2036//2036 1957//1957 
f 2029//2029 2031//2031 1956//1956 
f 1954//1954 2032//2032 2030//2030 
f 1955//1955 2032//2032 1954//1954 
f 2032//2032 1955//1955 1958//1958 
f 2037//2037 2032//2032 1958//1958 
f 1959//1959 2038//2038 2041//2041 
f 1961//1961 1959//1959 2041//2041 
f 2036//2036 1959//1959 1957//1957 
f 2038//2038 1959//1959 2036//2036 
f 1963//1963 1958//1958 1960//1960 
f 1963//1963 2042//2042 1958//1958 
f 2042//2042 2037//2037 1958//1958 
f 1960//1960 1962//1962 1963//1963 
f 1961//1961 2041//2041 1964//1964 
f 2041//2041 2044//2044 1964//1964 
f 1967//1967 2042//2042 1963//1963 
f 2045//2045 2042//2042 1967//1967 
f 1962//1962 1965//1965 1967//1967 
f 1963//1963 1962//1962 1967//1967 
f 1964//1964 2044//2044 1968//1968 
f 2044//2044 2047//2047 1968//1968 
f 1966//1966 2045//2045 1967//1967 
f 1966//1966 1969//1969 2045//2045 
f 1969//1969 2048//2048 2045//2045 
f 1965//1965 1966//1966 1967//1967 
f 1968//1968 2047//2047 1970//1970 
f 2047//2047 2050//2050 1970//1970 
f 1969//1969 1971//1971 2048//2048 
f 2048//2048 1971//1971 2051//2051 
f 1970//1970 2050//2050 2052//2052 
f 1972//1972 1970//1970 2052//2052 
f 2052//2052 1973//1973 1972//1972 
f 2056//2056 1973//1973 2052//2052 
f 1977//1977 2057//2057 2053//2053 
f 1977//1977 2053//2053 2051//2051 
f 1977//1977 2051//2051 1974//1974 
f 1974//1974 2051//2051 1971//1971 
f 2058//2058 1983//1983 1978//1978 
f 2058//2058 1978//1978 2056//2056 
f 2056//2056 1978//1978 1973//1973 
f 2058//2058 2064//2064 1983//1983 
f 1984//1984 2065//2065 2059//2059 
f 1984//1984 1975//1975 1979//1979 
f 1984//1984 2059//2059 1975//1975 
f 2059//2059 2060//2060 1975//1975 
f 2057//2057 1977//1977 1976//1976 
f 2057//2057 1976//1976 2060//2060 
f 2060//2060 1976//1976 1975//1975 
f 1974//1974 1976//1976 1977//1977 
f 1978//1978 1983//1983 1980//1980 
f 1983//1983 2064//2064 2066//2066 
f 1983//1983 2066//2066 1980//1980 
f 1980//1980 2066//2066 1981//1981 
f 2065//2065 1984//1984 1982//1982 
f 2065//2065 1982//1982 2066//2066 
f 2066//2066 1982//1982 1981//1981 
f 1979//1979 1982//1982 1984//1984 
f 1985//1985 1991//1991 1987//1987 
f 1985//1985 1986//1986 1992//1992 
f 1991//1991 1985//1985 1992//1992 
f 1986//1986 1988//1988 1992//1992 
f 1989//1989 1997//1997 1993//1993 
f 1989//1989 1987//1987 1991//1991 
f 1989//1989 1991//1991 1997//1997 
f 1997//1997 1991//1991 1998//1998 
f 1992//1992 1999//1999 1991//1991 
f 1999//1999 1998//1998 1991//1991 
f 1988//1988 1990//1990 2000//2000 
f 1988//1988 2000//2000 1992//1992 
f 1992//1992 2000//2000 1999//1999 
f 1990//1990 1994//1994 2000//2000 
f 1995//1995 2005//2005 2001//2001 
f 1995//1995 1993//1993 1997//1997 
f 1995//1995 1997//1997 2005//2005 
f 2005//2005 1997//1997 2006//2006 
f 2070//2070 1998//1998 2068//2068 
f 2070//2070 2006//2006 1998//1998 
f 2006//2006 1997//1997 1998//1998 
f 1999//1999 2068//2068 1998//1998 
f 2069//2069 2068//2068 1999//1999 
f 2069//2069 2007//2007 2071//2071 
f 2069//2069 1999//1999 2007//2007 
f 1999//1999 2000//2000 2007//2007 
f 1994//1994 1996//1996 2008//2008 
f 1994//1994 2008//2008 2000//2000 
f 2000//2000 2008//2008 2007//2007 
f 1996//1996 2002//2002 2008//2008 
f 2001//2001 2005//2005 2003//2003 
f 2009//2009 2003//2003 2005//2005 
f 2009//2009 2005//2005 2011//2011 
f 2011//2011 2005//2005 2006//2006 
f 2074//2074 2006//2006 2070//2070 
f 2011//2011 2006//2006 2074//2074 
f 2012//2012 2071//2071 2007//2007 
f 2075//2075 2071//2071 2012//2012 
f 2004//2004 2010//2010 2012//2012 
f 2004//2004 2012//2012 2008//2008 
f 2008//2008 2012//2012 2007//2007 
f 2002//2002 2004//2004 2008//2008 
f 2011//2011 2018//2018 2013//2013 
f 2009//2009 2011//2011 2013//2013 
f 2076//2076 2011//2011 2074//2074 
f 2076//2076 2019//2019 2011//2011 
f 2019//2019 2018//2018 2011//2011 
f 2019//2019 2077//2077 2020//2020 
f 2076//2076 2077//2077 2019//2019 
f 2075//2075 2020//2020 2077//2077 
f 2075//2075 2012//2012 2020//2020 
f 2012//2012 2021//2021 2020//2020 
f 2010//2010 2014//2014 2021//2021 
f 2012//2012 2010//2010 2021//2021 
f 2013//2013 2018//2018 2015//2015 
f 2016//2016 2015//2015 2018//2018 
f 2019//2019 2016//2016 2018//2018 
f 2022//2022 2016//2016 2019//2019 
f 2022//2022 2019//2019 2025//2025 
f 2025//2025 2019//2019 2020//2020 
f 2017//2017 2023//2023 2025//2025 
f 2017//2017 2025//2025 2021//2021 
f 2021//2021 2025//2025 2020//2020 
f 2014//2014 2017//2017 2021//2021 
f 2022//2022 2025//2025 2024//2024 
f 2023//2023 2024//2024 2025//2025 
f 2026//2026 2033//2033 2029//2029 
f 2026//2026 2027//2027 2034//2034 
f 2033//2033 2026//2026 2034//2034 
f 2027//2027 2028//2028 2035//2035 
f 2034//2034 2027//2027 2035//2035 
f 2028//2028 2030//2030 2035//2035 
f 2031//2031 2039//2039 2036//2036 
f 2031//2031 2083//2083 2039//2039 
f 2029//2029 2083//2083 2031//2031 
f 2029//2029 2080//2080 2083//2083 
f 2029//2029 2033//2033 2080//2080 
f 2034//2034 2080//2080 2033//2033 
f 2081//2081 2080//2080 2034//2034 
f 2035//2035 2081//2081 2034//2034 
f 2082//2082 2081//2081 2035//2035 
f 2040//2040 2084//2084 2082//2082 
f 2032//2032 2040//2040 2082//2082 
f 2032//2032 2082//2082 2035//2035 
f 2032//2032 2035//2035 2030//2030 
f 2032//2032 2037//2037 2040//2040 
f 2038//2038 2043//2043 2041//2041 
f 2038//2038 2090//2090 2043//2043 
f 2036//2036 2090//2090 2038//2038 
f 2036//2036 2085//2085 2090//2090 
f 2036//2036 2039//2039 2085//2085 
f 2083//2083 2085//2085 2039//2039 
f 2040//2040 2086//2086 2084//2084 
f 2086//2086 2040//2040 2037//2037 
f 2086//2086 2037//2037 2091//2091 
f 2091//2091 2037//2037 2042//2042 
f 2043//2043 2046//2046 2044//2044 
f 2041//2041 2043//2043 2044//2044 
f 2096//2096 2043//2043 2090//2090 
f 2046//2046 2043//2043 2096//2096 
f 2042//2042 2045//2045 2091//2091 
f 2091//2091 2045//2045 2097//2097 
f 2046//2046 2049//2049 2047//2047 
f 2044//2044 2046//2046 2047//2047 
f 2100//2100 2046//2046 2096//2096 
f 2049//2049 2046//2046 2100//2100 
f 2045//2045 2048//2048 2097//2097 
f 2097//2097 2048//2048 2101//2101 
f 2049//2049 2054//2054 2050//2050 
f 2047//2047 2049//2049 2050//2050 
f 2105//2105 2049//2049 2100//2100 
f 2054//2054 2049//2049 2105//2105 
f 2055//2055 2106//2106 2102//2102 
f 2055//2055 2102//2102 2101//2101 
f 2055//2055 2101//2101 2051//2051 
f 2051//2051 2101//2101 2048//2048 
f 2050//2050 2054//2054 2052//2052 
f 2056//2056 2107//2107 2061//2061 
f 2052//2052 2107//2107 2056//2056 
f 2052//2052 2105//2105 2107//2107 
f 2052//2052 2054//2054 2105//2105 
f 2107//2107 2114//2114 2061//2061 
f 2062//2062 2115//2115 2108//2108 
f 2062//2062 2109//2109 2063//2063 
f 2108//2108 2109//2109 2062//2062 
f 2106//2106 2063//2063 2109//2109 
f 2055//2055 2063//2063 2106//2106 
f 2055//2055 2057//2057 2063//2063 
f 2055//2055 2053//2053 2057//2057 
f 2051//2051 2053//2053 2055//2055 
f 2056//2056 2061//2061 2058//2058 
f 2064//2064 2116//2116 2067//2067 
f 2058//2058 2116//2116 2064//2064 
f 2058//2058 2114//2114 2116//2116 
f 2058//2058 2061//2061 2114//2114 
f 2115//2115 2067//2067 2116//2116 
f 2062//2062 2067//2067 2115//2115 
f 2062//2062 2065//2065 2067//2067 
f 2062//2062 2059//2059 2065//2065 
f 2060//2060 2059//2059 2062//2062 
f 2063//2063 2060//2060 2062//2062 
f 2057//2057 2060//2060 2063//2063 
f 2064//2064 2067//2067 2066//2066 
f 2065//2065 2066//2066 2067//2067 
f 2068//2068 2072//2072 2070//2070 
f 2068//2068 2069//2069 2073//2073 
f 2072//2072 2068//2068 2073//2073 
f 2069//2069 2071//2071 2073//2073 
f 2072//2072 2078//2078 2074//2074 
f 2070//2070 2072//2072 2074//2074 
f 2073//2073 2079//2079 2072//2072 
f 2079//2079 2078//2078 2072//2072 
f 2071//2071 2075//2075 2079//2079 
f 2073//2073 2071//2071 2079//2079 
f 2074//2074 2078//2078 2076//2076 
f 2077//2077 2076//2076 2078//2078 
f 2079//2079 2077//2077 2078//2078 
f 2075//2075 2077//2077 2079//2079 
f 2080//2080 2087//2087 2083//2083 
f 2080//2080 2081//2081 2088//2088 
f 2087//2087 2080//2080 2088//2088 
f 2081//2081 2082//2082 2089//2089 
f 2088//2088 2081//2081 2089//2089 
f 2082//2082 2084//2084 2089//2089 
f 2085//2085 2092//2092 2090//2090 
f 2085//2085 2083//2083 2087//2087 
f 2085//2085 2087//2087 2092//2092 
f 2092//2092 2087//2087 2093//2093 
f 2119//2119 2088//2088 2118//2118 
f 2119//2119 2093//2093 2088//2088 
f 2093//2093 2087//2087 2088//2088 
f 2118//2118 2094//2094 2120//2120 
f 2118//2118 2088//2088 2094//2094 
f 2088//2088 2089//2089 2094//2094 
f 2084//2084 2086//2086 2095//2095 
f 2084//2084 2095//2095 2089//2089 
f 2089//2089 2095//2095 2094//2094 
f 2086//2086 2091//2091 2095//2095 
f 2092//2092 2098//2098 2096//2096 
f 2090//2090 2092//2092 2096//2096 
f 2124//2124 2093//2093 2121//2121 
f 2124//2124 2098//2098 2093//2093 
f 2098//2098 2092//2092 2093//2093 
f 2119//2119 2121//2121 2093//2093 
f 2094//2094 2122//2122 2120//2120 
f 2122//2122 2099//2099 2125//2125 
f 2122//2122 2094//2094 2099//2099 
f 2094//2094 2095//2095 2099//2099 
f 2091//2091 2097//2097 2099//2099 
f 2095//2095 2091//2091 2099//2099 
f 2098//2098 2103//2103 2100//2100 
f 2096//2096 2098//2098 2100//2100 
f 2129//2129 2098//2098 2124//2124 
f 2103//2103 2098//2098 2129//2129 
f 2104//2104 2125//2125 2099//2099 
f 2130//2130 2125//2125 2104//2104 
f 2097//2097 2101//2101 2104//2104 
f 2099//2099 2097//2097 2104//2104 
f 2103//2103 2110//2110 2105//2105 
f 2100//2100 2103//2103 2105//2105 
f 2131//2131 2103//2103 2129//2129 
f 2131//2131 2111//2111 2103//2103 
f 2111//2111 2110//2110 2103//2103 
f 2111//2111 2132//2132 2112//2112 
f 2131//2131 2132//2132 2111//2111 
f 2112//2112 2133//2133 2113//2113 
f 2132//2132 2133//2133 2112//2112 
f 2130//2130 2113//2113 2133//2133 
f 2104//2104 2113//2113 2130//2130 
f 2104//2104 2106//2106 2113//2113 
f 2104//2104 2102//2102 2106//2106 
f 2101//2101 2102//2102 2104//2104 
f 2105//2105 2110//2110 2107//2107 
f 2114//2114 2107//2107 2110//2110 
f 2114//2114 2110//2110 2117//2117 
f 2117//2117 2110//2110 2111//2111 
f 2108//2108 2115//2115 2117//2117 
f 2108//2108 2117//2117 2112//2112 
f 2112//2112 2117//2117 2111//2111 
f 2109//2109 2108//2108 2112//2112 
f 2113//2113 2109//2109 2112//2112 
f 2106//2106 2109//2109 2113//2113 
f 2114//2114 2117//2117 2116//2116 
f 2115//2115 2116//2116 2117//2117 
f 2118//2118 2123//2123 2119//2119 
f 2118//2118 2120//2120 2123//2123 
f 2121//2121 2126//2126 2124//2124 
f 2121//2121 2119//2119 2123//2123 
f 2121//2121 2123//2123 2126//2126 
f 2126//2126 2123//2123 2127//2127 
f 2120//2120 2122//2122 2128//2128 
f 2120//2120 2128//2128 2123//2123 
f 2123//2123 2128//2128 2127//2127 
f 2122//2122 2125//2125 2128//2128 
f 2126//2126 2134//2134 2129//2129 
f 2124//2124 2126//2126 2129//2129 
f 2127//2127 2135//2135 2126//2126 
f 2135//2135 2134//2134 2126//2126 
f 2128//2128 2136//2136 2127//2127 
f 2136//2136 2135//2135 2127//2127 
f 2125//2125 2130//2130 2136//2136 
f 2128//2128 2125//2125 2136//2136 
f 2129//2129 2134//2134 2131//2131 
f 2132//2132 2131//2131 2134//2134 
f 2135//2135 2132//2132 2134//2134 
f 2133//2133 2132//2132 2135//2135 
f 2136//2136 2133//2133 2135//2135 
f 2130//2130 2133//2133 2136//2136 
